<?xml version="1.0" encoding="UTF-8" standalone="no" ?>
<gpx xmlns="http://www.topografix.com/GPX/1/1" xmlns:xsi="http://www.w3.org/2001/XMLSchema-instance" xsi:schemaLocation="http://www.topografix.com/GPX/1/1 http://www.topografix.com/GPX/1/1/gpx.xsd" version="1.1" creator="VisuGPX - https://www.visugpx.com">
  <metadata>
    <name>Chemin du petit bonheur - Ecot / Modane-16823002</name>
  </metadata>
  <trk>
    <name><![CDATA[Chemin du petit bonheur - Ecot / Modane-16823002]]></name>
    <extensions>
      <line xmlns="http://www.topografix.com/GPX/gpx_style/0/2">
        <color>0000FF</color>
        <width>4</width>
      </line>
    </extensions>
    <trkseg>
      <trkpt lat="45.38116" lon="7.09061">
        <ele>2037</ele>
        <time>2023-05-22T15:24:49Z</time>
      </trkpt>
      <trkpt lat="45.3811" lon="7.09044">
        <ele>2039</ele>
        <time>2023-05-22T15:25:07Z</time>
      </trkpt>
      <trkpt lat="45.38094" lon="7.09025">
        <ele>2039</ele>
        <time>2023-05-22T15:25:35Z</time>
      </trkpt>
      <trkpt lat="45.3807" lon="7.09003">
        <ele>2037</ele>
        <time>2023-05-22T15:26:13Z</time>
      </trkpt>
      <trkpt lat="45.38056" lon="7.08962">
        <ele>2037</ele>
        <time>2023-05-22T15:26:55Z</time>
      </trkpt>
      <trkpt lat="45.38043" lon="7.08943">
        <ele>2035</ele>
        <time>2023-05-22T15:27:20Z</time>
      </trkpt>
      <trkpt lat="45.38041" lon="7.08918">
        <ele>2036</ele>
        <time>2023-05-22T15:27:44Z</time>
      </trkpt>
      <trkpt lat="45.38043" lon="7.089">
        <ele>2036</ele>
        <time>2023-05-22T15:28:01Z</time>
      </trkpt>
      <trkpt lat="45.38034" lon="7.08874">
        <ele>2033</ele>
        <time>2023-05-22T15:28:28Z</time>
      </trkpt>
      <trkpt lat="45.38036" lon="7.08864">
        <ele>2033</ele>
        <time>2023-05-22T15:28:38Z</time>
      </trkpt>
      <trkpt lat="45.38052" lon="7.08831">
        <ele>2037</ele>
        <time>2023-05-22T15:29:15Z</time>
      </trkpt>
      <trkpt lat="45.38052" lon="7.08827">
        <ele>2037</ele>
        <time>2023-05-22T15:29:19Z</time>
      </trkpt>
      <trkpt lat="45.38036" lon="7.08784">
        <ele>2036</ele>
        <time>2023-05-22T15:30:05Z</time>
      </trkpt>
      <trkpt lat="45.38033" lon="7.08754">
        <ele>2036</ele>
        <time>2023-05-22T15:30:33Z</time>
      </trkpt>
      <trkpt lat="45.37998" lon="7.08715">
        <ele>2026</ele>
        <time>2023-05-22T15:31:33Z</time>
      </trkpt>
      <trkpt lat="45.3799" lon="7.08713">
        <ele>2023</ele>
        <time>2023-05-22T15:31:43Z</time>
      </trkpt>
      <trkpt lat="45.37984" lon="7.08692">
        <ele>2022</ele>
        <time>2023-05-22T15:32:05Z</time>
      </trkpt>
      <trkpt lat="45.37962" lon="7.08663">
        <ele>2015</ele>
        <time>2023-05-22T15:32:45Z</time>
      </trkpt>
      <trkpt lat="45.37956" lon="7.0865">
        <ele>2013</ele>
        <time>2023-05-22T15:32:59Z</time>
      </trkpt>
      <trkpt lat="45.37951" lon="7.08626">
        <ele>2011</ele>
        <time>2023-05-22T15:33:23Z</time>
      </trkpt>
      <trkpt lat="45.37953" lon="7.08605">
        <ele>2011</ele>
        <time>2023-05-22T15:33:43Z</time>
      </trkpt>
      <trkpt lat="45.37951" lon="7.08582">
        <ele>2009</ele>
        <time>2023-05-22T15:34:04Z</time>
      </trkpt>
      <trkpt lat="45.37952" lon="7.08576">
        <ele>2009</ele>
        <time>2023-05-22T15:34:10Z</time>
      </trkpt>
      <trkpt lat="45.3796" lon="7.08566">
        <ele>2011</ele>
        <time>2023-05-22T15:34:24Z</time>
      </trkpt>
      <trkpt lat="45.3796" lon="7.0856">
        <ele>2010</ele>
        <time>2023-05-22T15:34:30Z</time>
      </trkpt>
      <trkpt lat="45.37957" lon="7.08555">
        <ele>2009</ele>
        <time>2023-05-22T15:34:36Z</time>
      </trkpt>
      <trkpt lat="45.37946" lon="7.08549">
        <ele>2006</ele>
        <time>2023-05-22T15:34:52Z</time>
      </trkpt>
      <trkpt lat="45.37931" lon="7.08535">
        <ele>2000</ele>
        <time>2023-05-22T15:35:16Z</time>
      </trkpt>
      <trkpt lat="45.3793" lon="7.08525">
        <ele>1999</ele>
        <time>2023-05-22T15:35:25Z</time>
      </trkpt>
      <trkpt lat="45.37938" lon="7.08515">
        <ele>2001</ele>
        <time>2023-05-22T15:35:39Z</time>
      </trkpt>
      <trkpt lat="45.37939" lon="7.08506">
        <ele>2001</ele>
        <time>2023-05-22T15:35:48Z</time>
      </trkpt>
      <trkpt lat="45.37927" lon="7.08498">
        <ele>1997</ele>
        <time>2023-05-22T15:36:06Z</time>
      </trkpt>
      <trkpt lat="45.37921" lon="7.08488">
        <ele>1995</ele>
        <time>2023-05-22T15:36:18Z</time>
      </trkpt>
      <trkpt lat="45.37919" lon="7.08476">
        <ele>1993</ele>
        <time>2023-05-22T15:36:30Z</time>
      </trkpt>
      <trkpt lat="45.37925" lon="7.08459">
        <ele>1994</ele>
        <time>2023-05-22T15:36:47Z</time>
      </trkpt>
      <trkpt lat="45.37925" lon="7.08453">
        <ele>1994</ele>
        <time>2023-05-22T15:36:53Z</time>
      </trkpt>
      <trkpt lat="45.37912" lon="7.08419">
        <ele>1989</ele>
        <time>2023-05-22T15:37:29Z</time>
      </trkpt>
      <trkpt lat="45.37892" lon="7.08378">
        <ele>1986</ele>
        <time>2023-05-22T15:38:16Z</time>
      </trkpt>
      <trkpt lat="45.37871" lon="7.08345">
        <ele>1983</ele>
        <time>2023-05-22T15:38:58Z</time>
      </trkpt>
      <trkpt lat="45.37861" lon="7.08337">
        <ele>1981</ele>
        <time>2023-05-22T15:39:13Z</time>
      </trkpt>
      <trkpt lat="45.37814" lon="7.08322">
        <ele>1973</ele>
        <time>2023-05-22T15:40:17Z</time>
      </trkpt>
      <trkpt lat="45.37812" lon="7.08315">
        <ele>1973</ele>
        <time>2023-05-22T15:40:24Z</time>
      </trkpt>
      <trkpt lat="45.37789" lon="7.08286">
        <ele>1970</ele>
        <time>2023-05-22T15:41:05Z</time>
      </trkpt>
      <trkpt lat="45.37787" lon="7.0828">
        <ele>1970</ele>
        <time>2023-05-22T15:41:12Z</time>
      </trkpt>
      <trkpt lat="45.37775" lon="7.0823">
        <ele>1968</ele>
        <time>2023-05-22T15:42:01Z</time>
      </trkpt>
      <trkpt lat="45.37769" lon="7.08194">
        <ele>1966</ele>
        <time>2023-05-22T15:42:36Z</time>
      </trkpt>
      <trkpt lat="45.37766" lon="7.08129">
        <ele>1961</ele>
        <time>2023-05-22T15:43:37Z</time>
      </trkpt>
      <trkpt lat="45.37762" lon="7.08107">
        <ele>1958</ele>
        <time>2023-05-22T15:43:58Z</time>
      </trkpt>
      <trkpt lat="45.37748" lon="7.0806">
        <ele>1951</ele>
        <time>2023-05-22T15:44:46Z</time>
      </trkpt>
      <trkpt lat="45.37742" lon="7.08049">
        <ele>1949</ele>
        <time>2023-05-22T15:44:59Z</time>
      </trkpt>
      <trkpt lat="45.37735" lon="7.08024">
        <ele>1947</ele>
        <time>2023-05-22T15:45:24Z</time>
      </trkpt>
      <trkpt lat="45.37725" lon="7.08">
        <ele>1943</ele>
        <time>2023-05-22T15:45:51Z</time>
      </trkpt>
      <trkpt lat="45.37725" lon="7.0798">
        <ele>1944</ele>
        <time>2023-05-22T15:46:09Z</time>
      </trkpt>
      <trkpt lat="45.37722" lon="7.07971">
        <ele>1944</ele>
        <time>2023-05-22T15:46:19Z</time>
      </trkpt>
      <trkpt lat="45.37704" lon="7.07944">
        <ele>1938</ele>
        <time>2023-05-22T15:46:54Z</time>
      </trkpt>
      <trkpt lat="45.377" lon="7.07916">
        <ele>1937</ele>
        <time>2023-05-22T15:47:20Z</time>
      </trkpt>
      <trkpt lat="45.37704" lon="7.07909">
        <ele>1938</ele>
        <time>2023-05-22T15:47:29Z</time>
      </trkpt>
      <trkpt lat="45.37705" lon="7.07894">
        <ele>1939</ele>
        <time>2023-05-22T15:47:43Z</time>
      </trkpt>
      <trkpt lat="45.37699" lon="7.07834">
        <ele>1935</ele>
        <time>2023-05-22T15:48:40Z</time>
      </trkpt>
      <trkpt lat="45.37696" lon="7.07823">
        <ele>1933</ele>
        <time>2023-05-22T15:48:51Z</time>
      </trkpt>
      <trkpt lat="45.37683" lon="7.07819">
        <ele>1927</ele>
        <time>2023-05-22T15:49:09Z</time>
      </trkpt>
      <trkpt lat="45.37676" lon="7.07809">
        <ele>1923</ele>
        <time>2023-05-22T15:49:22Z</time>
      </trkpt>
      <trkpt lat="45.37672" lon="7.07792">
        <ele>1921</ele>
        <time>2023-05-22T15:49:39Z</time>
      </trkpt>
      <trkpt lat="45.37668" lon="7.07744">
        <ele>1919</ele>
        <time>2023-05-22T15:50:24Z</time>
      </trkpt>
      <trkpt lat="45.37662" lon="7.07721">
        <ele>1916</ele>
        <time>2023-05-22T15:50:47Z</time>
      </trkpt>
      <trkpt lat="45.37659" lon="7.07697">
        <ele>1915</ele>
        <time>2023-05-22T15:51:10Z</time>
      </trkpt>
      <trkpt lat="45.3766" lon="7.07662">
        <ele>1915</ele>
        <time>2023-05-22T15:51:43Z</time>
      </trkpt>
      <trkpt lat="45.37656" lon="7.07643">
        <ele>1915</ele>
        <time>2023-05-22T15:52:01Z</time>
      </trkpt>
      <trkpt lat="45.37637" lon="7.07595">
        <ele>1908</ele>
        <time>2023-05-22T15:52:53Z</time>
      </trkpt>
      <trkpt lat="45.37638" lon="7.07578">
        <ele>1910</ele>
        <time>2023-05-22T15:53:09Z</time>
      </trkpt>
      <trkpt lat="45.37628" lon="7.07561">
        <ele>1906</ele>
        <time>2023-05-22T15:53:30Z</time>
      </trkpt>
      <trkpt lat="45.37614" lon="7.07556">
        <ele>1900</ele>
        <time>2023-05-22T15:53:49Z</time>
      </trkpt>
      <trkpt lat="45.37608" lon="7.07536">
        <ele>1898</ele>
        <time>2023-05-22T15:54:09Z</time>
      </trkpt>
      <trkpt lat="45.376" lon="7.07535">
        <ele>1894</ele>
        <time>2023-05-22T15:54:20Z</time>
      </trkpt>
      <trkpt lat="45.37592" lon="7.0753">
        <ele>1890</ele>
        <time>2023-05-22T15:54:32Z</time>
      </trkpt>
      <trkpt lat="45.37587" lon="7.0752">
        <ele>1887</ele>
        <time>2023-05-22T15:54:43Z</time>
      </trkpt>
      <trkpt lat="45.37582" lon="7.07517">
        <ele>1885</ele>
        <time>2023-05-22T15:54:50Z</time>
      </trkpt>
      <trkpt lat="45.37574" lon="7.07488">
        <ele>1885</ele>
        <time>2023-05-22T15:55:20Z</time>
      </trkpt>
      <trkpt lat="45.3757" lon="7.07484">
        <ele>1884</ele>
        <time>2023-05-22T15:55:26Z</time>
      </trkpt>
      <trkpt lat="45.37565" lon="7.07468">
        <ele>1884</ele>
        <time>2023-05-22T15:55:42Z</time>
      </trkpt>
      <trkpt lat="45.37551" lon="7.07441">
        <ele>1883</ele>
        <time>2023-05-22T15:56:14Z</time>
      </trkpt>
      <trkpt lat="45.37543" lon="7.07433">
        <ele>1881</ele>
        <time>2023-05-22T15:56:27Z</time>
      </trkpt>
      <trkpt lat="45.37534" lon="7.07413">
        <ele>1879</ele>
        <time>2023-05-22T15:56:49Z</time>
      </trkpt>
      <trkpt lat="45.37534" lon="7.07407">
        <ele>1880</ele>
        <time>2023-05-22T15:56:55Z</time>
      </trkpt>
      <trkpt lat="45.37502" lon="7.07345">
        <ele>1873</ele>
        <time>2023-05-22T15:58:07Z</time>
      </trkpt>
      <trkpt lat="45.37491" lon="7.07312">
        <ele>1872</ele>
        <time>2023-05-22T15:58:41Z</time>
      </trkpt>
      <trkpt lat="45.37482" lon="7.07301">
        <ele>1871</ele>
        <time>2023-05-22T15:58:57Z</time>
      </trkpt>
      <trkpt lat="45.37471" lon="7.07275">
        <ele>1870</ele>
        <time>2023-05-22T15:59:26Z</time>
      </trkpt>
      <trkpt lat="45.37467" lon="7.07252">
        <ele>1869</ele>
        <time>2023-05-22T15:59:48Z</time>
      </trkpt>
      <trkpt lat="45.37466" lon="7.07211">
        <ele>1869</ele>
        <time>2023-05-22T16:00:26Z</time>
      </trkpt>
      <trkpt lat="45.37461" lon="7.07162">
        <ele>1869</ele>
        <time>2023-05-22T16:01:13Z</time>
      </trkpt>
      <trkpt lat="45.37449" lon="7.07099">
        <ele>1869</ele>
        <time>2023-05-22T16:02:14Z</time>
      </trkpt>
      <trkpt lat="45.37447" lon="7.07063">
        <ele>1869</ele>
        <time>2023-05-22T16:02:48Z</time>
      </trkpt>
      <trkpt lat="45.37443" lon="7.07046">
        <ele>1868</ele>
        <time>2023-05-22T16:03:04Z</time>
      </trkpt>
      <trkpt lat="45.37444" lon="7.07034">
        <ele>1868</ele>
        <time>2023-05-22T16:03:16Z</time>
      </trkpt>
      <trkpt lat="45.3743" lon="7.06996">
        <ele>1865</ele>
        <time>2023-05-22T16:03:56Z</time>
      </trkpt>
      <trkpt lat="45.37423" lon="7.06959">
        <ele>1865</ele>
        <time>2023-05-22T16:04:32Z</time>
      </trkpt>
      <trkpt lat="45.37424" lon="7.06945">
        <ele>1866</ele>
        <time>2023-05-22T16:04:45Z</time>
      </trkpt>
      <trkpt lat="45.37419" lon="7.06917">
        <ele>1866</ele>
        <time>2023-05-22T16:05:12Z</time>
      </trkpt>
      <trkpt lat="45.37419" lon="7.06901">
        <ele>1867</ele>
        <time>2023-05-22T16:05:27Z</time>
      </trkpt>
      <trkpt lat="45.3741" lon="7.06873">
        <ele>1869</ele>
        <time>2023-05-22T16:05:56Z</time>
      </trkpt>
      <trkpt lat="45.37401" lon="7.06854">
        <ele>1870</ele>
        <time>2023-05-22T16:06:18Z</time>
      </trkpt>
      <trkpt lat="45.37388" lon="7.06835">
        <ele>1870</ele>
        <time>2023-05-22T16:06:42Z</time>
      </trkpt>
      <trkpt lat="45.37381" lon="7.06794">
        <ele>1869</ele>
        <time>2023-05-22T16:07:22Z</time>
      </trkpt>
      <trkpt lat="45.37377" lon="7.06792">
        <ele>1869</ele>
        <time>2023-05-22T16:07:28Z</time>
      </trkpt>
      <trkpt lat="45.37368" lon="7.06767">
        <ele>1867</ele>
        <time>2023-05-22T16:07:54Z</time>
      </trkpt>
      <trkpt lat="45.37364" lon="7.06742">
        <ele>1866</ele>
        <time>2023-05-22T16:08:18Z</time>
      </trkpt>
      <trkpt lat="45.37375" lon="7.06682">
        <ele>1864</ele>
        <time>2023-05-22T16:09:16Z</time>
      </trkpt>
      <trkpt lat="45.37376" lon="7.06662">
        <ele>1863</ele>
        <time>2023-05-22T16:09:35Z</time>
      </trkpt>
      <trkpt lat="45.37387" lon="7.06634">
        <ele>1861</ele>
        <time>2023-05-22T16:10:05Z</time>
      </trkpt>
      <trkpt lat="45.37385" lon="7.06607">
        <ele>1858</ele>
        <time>2023-05-22T16:10:30Z</time>
      </trkpt>
      <trkpt lat="45.37386" lon="7.06574">
        <ele>1855</ele>
        <time>2023-05-22T16:11:01Z</time>
      </trkpt>
      <trkpt lat="45.37369" lon="7.06516">
        <ele>1848</ele>
        <time>2023-05-22T16:12:00Z</time>
      </trkpt>
      <trkpt lat="45.37368" lon="7.06488">
        <ele>1846</ele>
        <time>2023-05-22T16:12:27Z</time>
      </trkpt>
      <trkpt lat="45.3738" lon="7.06467">
        <ele>1846</ele>
        <time>2023-05-22T16:12:52Z</time>
      </trkpt>
      <trkpt lat="45.37394" lon="7.06451">
        <ele>1846</ele>
        <time>2023-05-22T16:13:16Z</time>
      </trkpt>
      <trkpt lat="45.37401" lon="7.06431">
        <ele>1844</ele>
        <time>2023-05-22T16:13:37Z</time>
      </trkpt>
      <trkpt lat="45.374" lon="7.06396">
        <ele>1842</ele>
        <time>2023-05-22T16:14:10Z</time>
      </trkpt>
      <trkpt lat="45.37405" lon="7.06372">
        <ele>1840</ele>
        <time>2023-05-22T16:14:33Z</time>
      </trkpt>
      <trkpt lat="45.37402" lon="7.06343">
        <ele>1838</ele>
        <time>2023-05-22T16:15:01Z</time>
      </trkpt>
      <trkpt lat="45.37405" lon="7.06318">
        <ele>1837</ele>
        <time>2023-05-22T16:15:24Z</time>
      </trkpt>
      <trkpt lat="45.37413" lon="7.06291">
        <ele>1834</ele>
        <time>2023-05-22T16:15:52Z</time>
      </trkpt>
      <trkpt lat="45.37435" lon="7.06246">
        <ele>1834</ele>
        <time>2023-05-22T16:16:43Z</time>
      </trkpt>
      <trkpt lat="45.37461" lon="7.06167">
        <ele>1835</ele>
        <time>2023-05-22T16:18:05Z</time>
      </trkpt>
      <trkpt lat="45.37462" lon="7.06144">
        <ele>1834</ele>
        <time>2023-05-22T16:18:27Z</time>
      </trkpt>
      <trkpt lat="45.37468" lon="7.06114">
        <ele>1833</ele>
        <time>2023-05-22T16:18:56Z</time>
      </trkpt>
      <trkpt lat="45.37475" lon="7.06094">
        <ele>1833</ele>
        <time>2023-05-22T16:19:17Z</time>
      </trkpt>
      <trkpt lat="45.3748" lon="7.0605">
        <ele>1832</ele>
        <time>2023-05-22T16:19:59Z</time>
      </trkpt>
      <trkpt lat="45.37479" lon="7.06034">
        <ele>1831</ele>
        <time>2023-05-22T16:20:14Z</time>
      </trkpt>
      <trkpt lat="45.37492" lon="7.05988">
        <ele>1831</ele>
        <time>2023-05-22T16:21:00Z</time>
      </trkpt>
      <trkpt lat="45.37507" lon="7.05883">
        <ele>1834</ele>
        <time>2023-05-22T16:22:41Z</time>
      </trkpt>
      <trkpt lat="45.37508" lon="7.05825">
        <ele>1835</ele>
        <time>2023-05-22T16:23:35Z</time>
      </trkpt>
      <trkpt lat="45.37506" lon="7.0581">
        <ele>1834</ele>
        <time>2023-05-22T16:23:49Z</time>
      </trkpt>
      <trkpt lat="45.37504" lon="7.0569">
        <ele>1833</ele>
        <time>2023-05-22T16:25:42Z</time>
      </trkpt>
      <trkpt lat="45.37498" lon="7.05636">
        <ele>1832</ele>
        <time>2023-05-22T16:26:33Z</time>
      </trkpt>
      <trkpt lat="45.37409" lon="7.05399">
        <ele>1816</ele>
        <time>2023-05-22T16:30:45Z</time>
      </trkpt>
      <trkpt lat="45.37392" lon="7.05325">
        <ele>1815</ele>
        <time>2023-05-22T16:31:58Z</time>
      </trkpt>
      <trkpt lat="45.37386" lon="7.05272">
        <ele>1813</ele>
        <time>2023-05-22T16:32:48Z</time>
      </trkpt>
      <trkpt lat="45.3737" lon="7.05194">
        <ele>1809</ele>
        <time>2023-05-22T16:34:05Z</time>
      </trkpt>
      <trkpt lat="45.37256" lon="7.04953">
        <ele>1796</ele>
        <time>2023-05-22T16:38:37Z</time>
      </trkpt>
      <trkpt lat="45.37233" lon="7.04898">
        <ele>1795</ele>
        <time>2023-05-22T16:39:37Z</time>
      </trkpt>
      <trkpt lat="45.37212" lon="7.0482">
        <ele>1795</ele>
        <time>2023-05-22T16:40:55Z</time>
      </trkpt>
      <trkpt lat="45.37201" lon="7.048">
        <ele>1795</ele>
        <time>2023-05-22T16:41:19Z</time>
      </trkpt>
      <trkpt lat="45.37199" lon="7.04767">
        <ele>1796</ele>
        <time>2023-05-22T16:41:50Z</time>
      </trkpt>
      <trkpt lat="45.37195" lon="7.04745">
        <ele>1796</ele>
        <time>2023-05-22T16:42:11Z</time>
      </trkpt>
      <trkpt lat="45.37178" lon="7.04687">
        <ele>1794</ele>
        <time>2023-05-22T16:43:10Z</time>
      </trkpt>
      <trkpt lat="45.3717" lon="7.04673">
        <ele>1793</ele>
        <time>2023-05-22T16:43:27Z</time>
      </trkpt>
      <trkpt lat="45.37164" lon="7.04636">
        <ele>1792</ele>
        <time>2023-05-22T16:44:03Z</time>
      </trkpt>
      <trkpt lat="45.37163" lon="7.04602">
        <ele>1792</ele>
        <time>2023-05-22T16:44:35Z</time>
      </trkpt>
      <trkpt lat="45.37147" lon="7.04529">
        <ele>1790</ele>
        <time>2023-05-22T16:45:46Z</time>
      </trkpt>
      <trkpt lat="45.37136" lon="7.04496">
        <ele>1788</ele>
        <time>2023-05-22T16:46:21Z</time>
      </trkpt>
      <trkpt lat="45.37075" lon="7.04357">
        <ele>1782</ele>
        <time>2023-05-22T16:48:54Z</time>
      </trkpt>
      <trkpt lat="45.37053" lon="7.04315">
        <ele>1782</ele>
        <time>2023-05-22T16:49:43Z</time>
      </trkpt>
      <trkpt lat="45.37053" lon="7.04278">
        <ele>1783</ele>
        <time>2023-05-22T16:50:18Z</time>
      </trkpt>
      <trkpt lat="45.37031" lon="7.04185">
        <ele>1783</ele>
        <time>2023-05-22T16:51:50Z</time>
      </trkpt>
      <trkpt lat="45.36991" lon="7.04061">
        <ele>1782</ele>
        <time>2023-05-22T16:53:58Z</time>
      </trkpt>
      <trkpt lat="45.36975" lon="7.04021">
        <ele>1782</ele>
        <time>2023-05-22T16:54:41Z</time>
      </trkpt>
      <trkpt lat="45.36949" lon="7.04">
        <ele>1781</ele>
        <time>2023-05-22T16:55:21Z</time>
      </trkpt>
      <trkpt lat="45.36924" lon="7.03975">
        <ele>1781</ele>
        <time>2023-05-22T16:56:02Z</time>
      </trkpt>
      <trkpt lat="45.36894" lon="7.03932">
        <ele>1782</ele>
        <time>2023-05-22T16:56:59Z</time>
      </trkpt>
      <trkpt lat="45.36881" lon="7.03917">
        <ele>1781</ele>
        <time>2023-05-22T16:57:21Z</time>
      </trkpt>
      <trkpt lat="45.36858" lon="7.03898">
        <ele>1780</ele>
        <time>2023-05-22T16:57:56Z</time>
      </trkpt>
      <trkpt lat="45.36822" lon="7.03874">
        <ele>1779</ele>
        <time>2023-05-22T16:58:49Z</time>
      </trkpt>
      <trkpt lat="45.36777" lon="7.03849">
        <ele>1778</ele>
        <time>2023-05-22T16:59:54Z</time>
      </trkpt>
      <trkpt lat="45.36694" lon="7.03809">
        <ele>1778</ele>
        <time>2023-05-22T17:01:51Z</time>
      </trkpt>
      <trkpt lat="45.36665" lon="7.03786">
        <ele>1778</ele>
        <time>2023-05-22T17:02:35Z</time>
      </trkpt>
      <trkpt lat="45.36617" lon="7.03767">
        <ele>1778</ele>
        <time>2023-05-22T17:03:42Z</time>
      </trkpt>
      <trkpt lat="45.36587" lon="7.03744">
        <ele>1778</ele>
        <time>2023-05-22T17:04:27Z</time>
      </trkpt>
      <trkpt lat="45.36552" lon="7.0373">
        <ele>1777</ele>
        <time>2023-05-22T17:05:16Z</time>
      </trkpt>
      <trkpt lat="45.36541" lon="7.03712">
        <ele>1777</ele>
        <time>2023-05-22T17:05:38Z</time>
      </trkpt>
      <trkpt lat="45.36532" lon="7.03708">
        <ele>1776</ele>
        <time>2023-05-22T17:05:51Z</time>
      </trkpt>
      <trkpt lat="45.36514" lon="7.03671">
        <ele>1775</ele>
        <time>2023-05-22T17:06:33Z</time>
      </trkpt>
      <trkpt lat="45.36484" lon="7.03624">
        <ele>1774</ele>
        <time>2023-05-22T17:07:32Z</time>
      </trkpt>
      <trkpt lat="45.36419" lon="7.03501">
        <ele>1772</ele>
        <time>2023-05-22T17:09:57Z</time>
      </trkpt>
      <trkpt lat="45.36403" lon="7.03482">
        <ele>1773</ele>
        <time>2023-05-22T17:10:24Z</time>
      </trkpt>
      <trkpt lat="45.36359" lon="7.03462">
        <ele>1772</ele>
        <time>2023-05-22T17:11:26Z</time>
      </trkpt>
      <trkpt lat="45.36338" lon="7.03447">
        <ele>1771</ele>
        <time>2023-05-22T17:11:57Z</time>
      </trkpt>
      <trkpt lat="45.36319" lon="7.03418">
        <ele>1770</ele>
        <time>2023-05-22T17:12:35Z</time>
      </trkpt>
      <trkpt lat="45.36306" lon="7.03409">
        <ele>1770</ele>
        <time>2023-05-22T17:12:54Z</time>
      </trkpt>
      <trkpt lat="45.36288" lon="7.03405">
        <ele>1770</ele>
        <time>2023-05-22T17:13:18Z</time>
      </trkpt>
      <trkpt lat="45.36263" lon="7.03395">
        <ele>1769</ele>
        <time>2023-05-22T17:13:53Z</time>
      </trkpt>
      <trkpt lat="45.36254" lon="7.03381">
        <ele>1769</ele>
        <time>2023-05-22T17:14:11Z</time>
      </trkpt>
      <trkpt lat="45.36229" lon="7.03361">
        <ele>1769</ele>
        <time>2023-05-22T17:14:49Z</time>
      </trkpt>
      <trkpt lat="45.36228" lon="7.03351">
        <ele>1770</ele>
        <time>2023-05-22T17:14:58Z</time>
      </trkpt>
      <trkpt lat="45.36225" lon="7.03346">
        <ele>1770</ele>
        <time>2023-05-22T17:15:05Z</time>
      </trkpt>
      <trkpt lat="45.36176" lon="7.03296">
        <ele>1768</ele>
        <time>2023-05-22T17:16:25Z</time>
      </trkpt>
      <trkpt lat="45.36167" lon="7.03276">
        <ele>1768</ele>
        <time>2023-05-22T17:16:47Z</time>
      </trkpt>
      <trkpt lat="45.3615" lon="7.0326">
        <ele>1767</ele>
        <time>2023-05-22T17:17:15Z</time>
      </trkpt>
      <trkpt lat="45.36128" lon="7.03232">
        <ele>1769</ele>
        <time>2023-05-22T17:17:54Z</time>
      </trkpt>
      <trkpt lat="45.3611" lon="7.03217">
        <ele>1770</ele>
        <time>2023-05-22T17:18:22Z</time>
      </trkpt>
      <trkpt lat="45.36091" lon="7.03207">
        <ele>1769</ele>
        <time>2023-05-22T17:18:49Z</time>
      </trkpt>
      <trkpt lat="45.3603" lon="7.03148">
        <ele>1769</ele>
        <time>2023-05-22T17:20:27Z</time>
      </trkpt>
      <trkpt lat="45.35951" lon="7.03121">
        <ele>1766</ele>
        <time>2023-05-22T17:22:16Z</time>
      </trkpt>
      <trkpt lat="45.35929" lon="7.03092">
        <ele>1765</ele>
        <time>2023-05-22T17:22:56Z</time>
      </trkpt>
      <trkpt lat="45.35908" lon="7.03075">
        <ele>1765</ele>
        <time>2023-05-22T17:23:28Z</time>
      </trkpt>
      <trkpt lat="45.35877" lon="7.03059">
        <ele>1766</ele>
        <time>2023-05-22T17:24:12Z</time>
      </trkpt>
      <trkpt lat="45.35857" lon="7.03042">
        <ele>1766</ele>
        <time>2023-05-22T17:24:43Z</time>
      </trkpt>
      <trkpt lat="45.35821" lon="7.03023">
        <ele>1766</ele>
        <time>2023-05-22T17:25:34Z</time>
      </trkpt>
      <trkpt lat="45.358" lon="7.02995">
        <ele>1763</ele>
        <time>2023-05-22T17:26:13Z</time>
      </trkpt>
      <trkpt lat="45.3577" lon="7.02969">
        <ele>1763</ele>
        <time>2023-05-22T17:26:59Z</time>
      </trkpt>
      <trkpt lat="45.35759" lon="7.02967">
        <ele>1763</ele>
        <time>2023-05-22T17:27:14Z</time>
      </trkpt>
      <trkpt lat="45.35743" lon="7.02981">
        <ele>1763</ele>
        <time>2023-05-22T17:27:39Z</time>
      </trkpt>
      <trkpt lat="45.35748" lon="7.02946">
        <ele>1763</ele>
        <time>2023-05-22T17:28:13Z</time>
      </trkpt>
      <trkpt lat="45.35739" lon="7.02918">
        <ele>1763</ele>
        <time>2023-05-22T17:28:42Z</time>
      </trkpt>
      <trkpt lat="45.35728" lon="7.02901">
        <ele>1764</ele>
        <time>2023-05-22T17:29:03Z</time>
      </trkpt>
      <trkpt lat="45.35721" lon="7.02896">
        <ele>1765</ele>
        <time>2023-05-22T17:29:14Z</time>
      </trkpt>
      <trkpt lat="45.35671" lon="7.02874">
        <ele>1767</ele>
        <time>2023-05-22T17:30:24Z</time>
      </trkpt>
      <trkpt lat="45.35657" lon="7.02873">
        <ele>1767</ele>
        <time>2023-05-22T17:30:42Z</time>
      </trkpt>
      <trkpt lat="45.35653" lon="7.0287">
        <ele>1767</ele>
        <time>2023-05-22T17:30:48Z</time>
      </trkpt>
      <trkpt lat="45.35637" lon="7.02874">
        <ele>1767</ele>
        <time>2023-05-22T17:31:10Z</time>
      </trkpt>
      <trkpt lat="45.35615" lon="7.02871">
        <ele>1767</ele>
        <time>2023-05-22T17:31:40Z</time>
      </trkpt>
      <trkpt lat="45.35602" lon="7.02875">
        <ele>1767</ele>
        <time>2023-05-22T17:31:57Z</time>
      </trkpt>
      <trkpt lat="45.35589" lon="7.02883">
        <ele>1766</ele>
        <time>2023-05-22T17:32:16Z</time>
      </trkpt>
      <trkpt lat="45.35555" lon="7.02893">
        <ele>1765</ele>
        <time>2023-05-22T17:33:03Z</time>
      </trkpt>
      <trkpt lat="45.35519" lon="7.02893">
        <ele>1763</ele>
        <time>2023-05-22T17:33:51Z</time>
      </trkpt>
      <trkpt lat="45.3551" lon="7.02896">
        <ele>1763</ele>
        <time>2023-05-22T17:34:03Z</time>
      </trkpt>
      <trkpt lat="45.35473" lon="7.02884">
        <ele>1762</ele>
        <time>2023-05-22T17:34:54Z</time>
      </trkpt>
      <trkpt lat="45.35395" lon="7.02866">
        <ele>1760</ele>
        <time>2023-05-22T17:36:39Z</time>
      </trkpt>
      <trkpt lat="45.35377" lon="7.02857">
        <ele>1760</ele>
        <time>2023-05-22T17:37:04Z</time>
      </trkpt>
      <trkpt lat="45.3533" lon="7.02823">
        <ele>1765</ele>
        <time>2023-05-22T17:38:15Z</time>
      </trkpt>
      <trkpt lat="45.35315" lon="7.02822">
        <ele>1765</ele>
        <time>2023-05-22T17:38:35Z</time>
      </trkpt>
      <trkpt lat="45.35291" lon="7.02832">
        <ele>1762</ele>
        <time>2023-05-22T17:39:08Z</time>
      </trkpt>
      <trkpt lat="45.35265" lon="7.02825">
        <ele>1764</ele>
        <time>2023-05-22T17:39:44Z</time>
      </trkpt>
      <trkpt lat="45.35217" lon="7.0282">
        <ele>1764</ele>
        <time>2023-05-22T17:40:48Z</time>
      </trkpt>
      <trkpt lat="45.35098" lon="7.02776">
        <ele>1768</ele>
        <time>2023-05-22T17:43:32Z</time>
      </trkpt>
      <trkpt lat="45.35081" lon="7.02777">
        <ele>1768</ele>
        <time>2023-05-22T17:43:55Z</time>
      </trkpt>
      <trkpt lat="45.35067" lon="7.02771">
        <ele>1769</ele>
        <time>2023-05-22T17:44:14Z</time>
      </trkpt>
      <trkpt lat="45.35058" lon="7.02773">
        <ele>1770</ele>
        <time>2023-05-22T17:44:26Z</time>
      </trkpt>
      <trkpt lat="45.3503" lon="7.0279">
        <ele>1767</ele>
        <time>2023-05-22T17:45:07Z</time>
      </trkpt>
      <trkpt lat="45.35022" lon="7.02789">
        <ele>1767</ele>
        <time>2023-05-22T17:45:18Z</time>
      </trkpt>
      <trkpt lat="45.35003" lon="7.02796">
        <ele>1766</ele>
        <time>2023-05-22T17:45:44Z</time>
      </trkpt>
      <trkpt lat="45.34997" lon="7.02792">
        <ele>1767</ele>
        <time>2023-05-22T17:45:53Z</time>
      </trkpt>
      <trkpt lat="45.34987" lon="7.02795">
        <ele>1766</ele>
        <time>2023-05-22T17:46:06Z</time>
      </trkpt>
      <trkpt lat="45.34966" lon="7.02789">
        <ele>1768</ele>
        <time>2023-05-22T17:46:35Z</time>
      </trkpt>
      <trkpt lat="45.34962" lon="7.02792">
        <ele>1767</ele>
        <time>2023-05-22T17:46:41Z</time>
      </trkpt>
      <trkpt lat="45.34938" lon="7.02797">
        <ele>1765</ele>
        <time>2023-05-22T17:47:13Z</time>
      </trkpt>
      <trkpt lat="45.34927" lon="7.0279">
        <ele>1767</ele>
        <time>2023-05-22T17:47:29Z</time>
      </trkpt>
      <trkpt lat="45.34919" lon="7.02795">
        <ele>1765</ele>
        <time>2023-05-22T17:47:41Z</time>
      </trkpt>
      <trkpt lat="45.34907" lon="7.02795">
        <ele>1765</ele>
        <time>2023-05-22T17:47:57Z</time>
      </trkpt>
      <trkpt lat="45.34903" lon="7.02803">
        <ele>1763</ele>
        <time>2023-05-22T17:48:06Z</time>
      </trkpt>
      <trkpt lat="45.34882" lon="7.0281">
        <ele>1761</ele>
        <time>2023-05-22T17:48:35Z</time>
      </trkpt>
      <trkpt lat="45.34874" lon="7.0281">
        <ele>1761</ele>
        <time>2023-05-22T17:48:46Z</time>
      </trkpt>
      <trkpt lat="45.34867" lon="7.02804">
        <ele>1761</ele>
        <time>2023-05-22T17:48:57Z</time>
      </trkpt>
      <trkpt lat="45.34856" lon="7.0281">
        <ele>1760</ele>
        <time>2023-05-22T17:49:12Z</time>
      </trkpt>
      <trkpt lat="45.34848" lon="7.02809">
        <ele>1760</ele>
        <time>2023-05-22T17:49:23Z</time>
      </trkpt>
      <trkpt lat="45.34839" lon="7.02798">
        <ele>1761</ele>
        <time>2023-05-22T17:49:39Z</time>
      </trkpt>
      <trkpt lat="45.34815" lon="7.02803">
        <ele>1759</ele>
        <time>2023-05-22T17:50:11Z</time>
      </trkpt>
      <trkpt lat="45.34804" lon="7.02803">
        <ele>1758</ele>
        <time>2023-05-22T17:50:26Z</time>
      </trkpt>
      <trkpt lat="45.34763" lon="7.02776">
        <ele>1757</ele>
        <time>2023-05-22T17:51:26Z</time>
      </trkpt>
      <trkpt lat="45.34729" lon="7.02749">
        <ele>1757</ele>
        <time>2023-05-22T17:52:18Z</time>
      </trkpt>
      <trkpt lat="45.34713" lon="7.02741">
        <ele>1759</ele>
        <time>2023-05-22T17:52:41Z</time>
      </trkpt>
      <trkpt lat="45.34701" lon="7.02727">
        <ele>1762</ele>
        <time>2023-05-22T17:53:01Z</time>
      </trkpt>
      <trkpt lat="45.34668" lon="7.02716">
        <ele>1762</ele>
        <time>2023-05-22T17:53:47Z</time>
      </trkpt>
      <trkpt lat="45.34653" lon="7.02707">
        <ele>1763</ele>
        <time>2023-05-22T17:54:08Z</time>
      </trkpt>
      <trkpt lat="45.34642" lon="7.02689">
        <ele>1764</ele>
        <time>2023-05-22T17:54:31Z</time>
      </trkpt>
      <trkpt lat="45.34607" lon="7.02679">
        <ele>1760</ele>
        <time>2023-05-22T17:55:18Z</time>
      </trkpt>
      <trkpt lat="45.34584" lon="7.02637">
        <ele>1757</ele>
        <time>2023-05-22T17:56:08Z</time>
      </trkpt>
      <trkpt lat="45.34558" lon="7.026">
        <ele>1755</ele>
        <time>2023-05-22T17:56:57Z</time>
      </trkpt>
      <trkpt lat="45.34534" lon="7.02559">
        <ele>1752</ele>
        <time>2023-05-22T17:57:47Z</time>
      </trkpt>
      <trkpt lat="45.34502" lon="7.02514">
        <ele>1750</ele>
        <time>2023-05-22T17:58:48Z</time>
      </trkpt>
      <trkpt lat="45.3448" lon="7.02469">
        <ele>1750</ele>
        <time>2023-05-22T17:59:39Z</time>
      </trkpt>
      <trkpt lat="45.34457" lon="7.02432">
        <ele>1750</ele>
        <time>2023-05-22T18:00:25Z</time>
      </trkpt>
      <trkpt lat="45.34451" lon="7.02423">
        <ele>1750</ele>
        <time>2023-05-22T18:00:37Z</time>
      </trkpt>
      <trkpt lat="45.34439" lon="7.02412">
        <ele>1750</ele>
        <time>2023-05-22T18:00:56Z</time>
      </trkpt>
      <trkpt lat="45.34411" lon="7.02405">
        <ele>1749</ele>
        <time>2023-05-22T18:01:34Z</time>
      </trkpt>
      <trkpt lat="45.34388" lon="7.02405">
        <ele>1751</ele>
        <time>2023-05-22T18:02:05Z</time>
      </trkpt>
      <trkpt lat="45.34358" lon="7.02432">
        <ele>1752</ele>
        <time>2023-05-22T18:02:52Z</time>
      </trkpt>
      <trkpt lat="45.34349" lon="7.02434">
        <ele>1752</ele>
        <time>2023-05-22T18:03:04Z</time>
      </trkpt>
      <trkpt lat="45.34283" lon="7.02422">
        <ele>1754</ele>
        <time>2023-05-22T18:04:33Z</time>
      </trkpt>
      <trkpt lat="45.34261" lon="7.0241">
        <ele>1755</ele>
        <time>2023-05-22T18:05:04Z</time>
      </trkpt>
      <trkpt lat="45.34243" lon="7.02408">
        <ele>1754</ele>
        <time>2023-05-22T18:05:28Z</time>
      </trkpt>
      <trkpt lat="45.34214" lon="7.02411">
        <ele>1751</ele>
        <time>2023-05-22T18:06:07Z</time>
      </trkpt>
      <trkpt lat="45.34203" lon="7.02408">
        <ele>1750</ele>
        <time>2023-05-22T18:06:22Z</time>
      </trkpt>
      <trkpt lat="45.34191" lon="7.02395">
        <ele>1749</ele>
        <time>2023-05-22T18:06:42Z</time>
      </trkpt>
      <trkpt lat="45.34138" lon="7.02319">
        <ele>1748</ele>
        <time>2023-05-22T18:08:23Z</time>
      </trkpt>
      <trkpt lat="45.34114" lon="7.02277">
        <ele>1748</ele>
        <time>2023-05-22T18:09:13Z</time>
      </trkpt>
      <trkpt lat="45.34066" lon="7.02227">
        <ele>1746</ele>
        <time>2023-05-22T18:10:33Z</time>
      </trkpt>
      <trkpt lat="45.34022" lon="7.02169">
        <ele>1747</ele>
        <time>2023-05-22T18:11:53Z</time>
      </trkpt>
      <trkpt lat="45.33996" lon="7.02154">
        <ele>1747</ele>
        <time>2023-05-22T18:12:30Z</time>
      </trkpt>
      <trkpt lat="45.33953" lon="7.02108">
        <ele>1747</ele>
        <time>2023-05-22T18:13:42Z</time>
      </trkpt>
      <trkpt lat="45.33929" lon="7.0209">
        <ele>1744</ele>
        <time>2023-05-22T18:14:18Z</time>
      </trkpt>
      <trkpt lat="45.33909" lon="7.02069">
        <ele>1745</ele>
        <time>2023-05-22T18:14:52Z</time>
      </trkpt>
      <trkpt lat="45.33882" lon="7.02054">
        <ele>1745</ele>
        <time>2023-05-22T18:15:30Z</time>
      </trkpt>
      <trkpt lat="45.3386" lon="7.0203">
        <ele>1746</ele>
        <time>2023-05-22T18:16:07Z</time>
      </trkpt>
      <trkpt lat="45.33838" lon="7.02016">
        <ele>1743</ele>
        <time>2023-05-22T18:16:39Z</time>
      </trkpt>
      <trkpt lat="45.33823" lon="7.02002">
        <ele>1742</ele>
        <time>2023-05-22T18:17:03Z</time>
      </trkpt>
      <trkpt lat="45.33799" lon="7.01969">
        <ele>1745</ele>
        <time>2023-05-22T18:17:48Z</time>
      </trkpt>
      <trkpt lat="45.3378" lon="7.0195">
        <ele>1744</ele>
        <time>2023-05-22T18:18:19Z</time>
      </trkpt>
      <trkpt lat="45.3373" lon="7.01888">
        <ele>1742</ele>
        <time>2023-05-22T18:19:47Z</time>
      </trkpt>
      <trkpt lat="45.33674" lon="7.01831">
        <ele>1741</ele>
        <time>2023-05-22T18:21:19Z</time>
      </trkpt>
      <trkpt lat="45.3363" lon="7.01796">
        <ele>1742</ele>
        <time>2023-05-22T18:22:27Z</time>
      </trkpt>
      <trkpt lat="45.33584" lon="7.01719">
        <ele>1741</ele>
        <time>2023-05-22T18:24:01Z</time>
      </trkpt>
      <trkpt lat="45.33578" lon="7.01712">
        <ele>1741</ele>
        <time>2023-05-22T18:24:12Z</time>
      </trkpt>
      <trkpt lat="45.33561" lon="7.01701">
        <ele>1741</ele>
        <time>2023-05-22T18:24:37Z</time>
      </trkpt>
      <trkpt lat="45.33552" lon="7.01699">
        <ele>1740</ele>
        <time>2023-05-22T18:24:49Z</time>
      </trkpt>
      <trkpt lat="45.33522" lon="7.01644">
        <ele>1740</ele>
        <time>2023-05-22T18:25:54Z</time>
      </trkpt>
      <trkpt lat="45.3351" lon="7.01632">
        <ele>1738</ele>
        <time>2023-05-22T18:26:14Z</time>
      </trkpt>
      <trkpt lat="45.335" lon="7.01626">
        <ele>1737</ele>
        <time>2023-05-22T18:26:28Z</time>
      </trkpt>
      <trkpt lat="45.33481" lon="7.01622">
        <ele>1737</ele>
        <time>2023-05-22T18:26:54Z</time>
      </trkpt>
      <trkpt lat="45.33471" lon="7.01616">
        <ele>1736</ele>
        <time>2023-05-22T18:27:08Z</time>
      </trkpt>
      <trkpt lat="45.33464" lon="7.01608">
        <ele>1736</ele>
        <time>2023-05-22T18:27:20Z</time>
      </trkpt>
      <trkpt lat="45.33401" lon="7.01563">
        <ele>1736</ele>
        <time>2023-05-22T18:28:54Z</time>
      </trkpt>
      <trkpt lat="45.33363" lon="7.01549">
        <ele>1737</ele>
        <time>2023-05-22T18:29:47Z</time>
      </trkpt>
      <trkpt lat="45.33351" lon="7.01551">
        <ele>1737</ele>
        <time>2023-05-22T18:30:03Z</time>
      </trkpt>
      <trkpt lat="45.33337" lon="7.0155">
        <ele>1738</ele>
        <time>2023-05-22T18:30:21Z</time>
      </trkpt>
      <trkpt lat="45.33337" lon="7.01545">
        <ele>1738</ele>
        <time>2023-05-22T18:30:26Z</time>
      </trkpt>
      <trkpt lat="45.33316" lon="7.01505">
        <ele>1741</ele>
        <time>2023-05-22T18:31:13Z</time>
      </trkpt>
      <trkpt lat="45.33305" lon="7.01469">
        <ele>1744</ele>
        <time>2023-05-22T18:31:50Z</time>
      </trkpt>
      <trkpt lat="45.33308" lon="7.01452">
        <ele>1746</ele>
        <time>2023-05-22T18:32:06Z</time>
      </trkpt>
      <trkpt lat="45.33316" lon="7.0144">
        <ele>1748</ele>
        <time>2023-05-22T18:32:22Z</time>
      </trkpt>
      <trkpt lat="45.33311" lon="7.01397">
        <ele>1750</ele>
        <time>2023-05-22T18:33:03Z</time>
      </trkpt>
      <trkpt lat="45.33312" lon="7.01329">
        <ele>1750</ele>
        <time>2023-05-22T18:34:06Z</time>
      </trkpt>
      <trkpt lat="45.33295" lon="7.01276">
        <ele>1749</ele>
        <time>2023-05-22T18:35:01Z</time>
      </trkpt>
      <trkpt lat="45.33272" lon="7.01223">
        <ele>1745</ele>
        <time>2023-05-22T18:36:00Z</time>
      </trkpt>
      <trkpt lat="45.33271" lon="7.01214">
        <ele>1745</ele>
        <time>2023-05-22T18:36:08Z</time>
      </trkpt>
      <trkpt lat="45.3329" lon="7.01153">
        <ele>1745</ele>
        <time>2023-05-22T18:37:11Z</time>
      </trkpt>
      <trkpt lat="45.33301" lon="7.01095">
        <ele>1748</ele>
        <time>2023-05-22T18:38:07Z</time>
      </trkpt>
      <trkpt lat="45.333" lon="7.01075">
        <ele>1749</ele>
        <time>2023-05-22T18:38:26Z</time>
      </trkpt>
      <trkpt lat="45.33293" lon="7.01044">
        <ele>1752</ele>
        <time>2023-05-22T18:38:56Z</time>
      </trkpt>
      <trkpt lat="45.33285" lon="7.01023">
        <ele>1753</ele>
        <time>2023-05-22T18:39:19Z</time>
      </trkpt>
      <trkpt lat="45.33267" lon="7.01001">
        <ele>1751</ele>
        <time>2023-05-22T18:39:50Z</time>
      </trkpt>
      <trkpt lat="45.33247" lon="7.00958">
        <ele>1755</ele>
        <time>2023-05-22T18:40:39Z</time>
      </trkpt>
      <trkpt lat="45.33226" lon="7.00939">
        <ele>1754</ele>
        <time>2023-05-22T18:41:12Z</time>
      </trkpt>
      <trkpt lat="45.33192" lon="7.00902">
        <ele>1753</ele>
        <time>2023-05-22T18:42:09Z</time>
      </trkpt>
      <trkpt lat="45.33172" lon="7.00891">
        <ele>1750</ele>
        <time>2023-05-22T18:42:38Z</time>
      </trkpt>
      <trkpt lat="45.33154" lon="7.00887">
        <ele>1746</ele>
        <time>2023-05-22T18:43:02Z</time>
      </trkpt>
      <trkpt lat="45.33141" lon="7.0088">
        <ele>1745</ele>
        <time>2023-05-22T18:43:21Z</time>
      </trkpt>
      <trkpt lat="45.33115" lon="7.00877">
        <ele>1739</ele>
        <time>2023-05-22T18:43:55Z</time>
      </trkpt>
      <trkpt lat="45.33085" lon="7.00858">
        <ele>1733</ele>
        <time>2023-05-22T18:44:39Z</time>
      </trkpt>
      <trkpt lat="45.33082" lon="7.00852">
        <ele>1733</ele>
        <time>2023-05-22T18:44:46Z</time>
      </trkpt>
      <trkpt lat="45.33077" lon="7.00827">
        <ele>1735</ele>
        <time>2023-05-22T18:45:11Z</time>
      </trkpt>
      <trkpt lat="45.33056" lon="7.00775">
        <ele>1735</ele>
        <time>2023-05-22T18:46:07Z</time>
      </trkpt>
      <trkpt lat="45.33056" lon="7.00731">
        <ele>1736</ele>
        <time>2023-05-22T18:46:48Z</time>
      </trkpt>
      <trkpt lat="45.33044" lon="7.00701">
        <ele>1734</ele>
        <time>2023-05-22T18:47:21Z</time>
      </trkpt>
      <trkpt lat="45.33031" lon="7.00658">
        <ele>1732</ele>
        <time>2023-05-22T18:48:04Z</time>
      </trkpt>
      <trkpt lat="45.3303" lon="7.0065">
        <ele>1733</ele>
        <time>2023-05-22T18:48:12Z</time>
      </trkpt>
      <trkpt lat="45.33034" lon="7.00611">
        <ele>1735</ele>
        <time>2023-05-22T18:48:49Z</time>
      </trkpt>
      <trkpt lat="45.33032" lon="7.00533">
        <ele>1735</ele>
        <time>2023-05-22T18:50:02Z</time>
      </trkpt>
      <trkpt lat="45.33033" lon="7.00452">
        <ele>1735</ele>
        <time>2023-05-22T18:51:18Z</time>
      </trkpt>
      <trkpt lat="45.3303" lon="7.00414">
        <ele>1736</ele>
        <time>2023-05-22T18:51:54Z</time>
      </trkpt>
      <trkpt lat="45.33016" lon="7.00336">
        <ele>1737</ele>
        <time>2023-05-22T18:53:10Z</time>
      </trkpt>
      <trkpt lat="45.32991" lon="7.00285">
        <ele>1733</ele>
        <time>2023-05-22T18:54:08Z</time>
      </trkpt>
      <trkpt lat="45.32978" lon="7.00248">
        <ele>1733</ele>
        <time>2023-05-22T18:54:47Z</time>
      </trkpt>
      <trkpt lat="45.32945" lon="7.00192">
        <ele>1726</ele>
        <time>2023-05-22T18:55:55Z</time>
      </trkpt>
      <trkpt lat="45.32915" lon="7.00085">
        <ele>1721</ele>
        <time>2023-05-22T18:57:43Z</time>
      </trkpt>
      <trkpt lat="45.32913" lon="7.00075">
        <ele>1721</ele>
        <time>2023-05-22T18:57:53Z</time>
      </trkpt>
      <trkpt lat="45.32913" lon="7.00026">
        <ele>1720</ele>
        <time>2023-05-22T18:58:39Z</time>
      </trkpt>
      <trkpt lat="45.32898" lon="6.99943">
        <ele>1725</ele>
        <time>2023-05-22T19:00:00Z</time>
      </trkpt>
      <trkpt lat="45.32878" lon="6.9986">
        <ele>1738</ele>
        <time>2023-05-22T19:01:22Z</time>
      </trkpt>
      <trkpt lat="45.32862" lon="6.99826">
        <ele>1738</ele>
        <time>2023-05-22T19:02:00Z</time>
      </trkpt>
      <trkpt lat="45.32847" lon="6.99811">
        <ele>1735</ele>
        <time>2023-05-22T19:02:25Z</time>
      </trkpt>
      <trkpt lat="45.32808" lon="6.99786">
        <ele>1731</ele>
        <time>2023-05-22T19:03:22Z</time>
      </trkpt>
      <trkpt lat="45.32796" lon="6.99773">
        <ele>1731</ele>
        <time>2023-05-22T19:03:42Z</time>
      </trkpt>
      <trkpt lat="45.32773" lon="6.99755">
        <ele>1729</ele>
        <time>2023-05-22T19:04:17Z</time>
      </trkpt>
      <trkpt lat="45.32759" lon="6.99736">
        <ele>1727</ele>
        <time>2023-05-22T19:04:43Z</time>
      </trkpt>
      <trkpt lat="45.32719" lon="6.99712">
        <ele>1722</ele>
        <time>2023-05-22T19:05:41Z</time>
      </trkpt>
      <trkpt lat="45.32696" lon="6.99687">
        <ele>1720</ele>
        <time>2023-05-22T19:06:19Z</time>
      </trkpt>
      <trkpt lat="45.32683" lon="6.99663">
        <ele>1718</ele>
        <time>2023-05-22T19:06:48Z</time>
      </trkpt>
      <trkpt lat="45.32657" lon="6.99571">
        <ele>1718</ele>
        <time>2023-05-22T19:08:21Z</time>
      </trkpt>
      <trkpt lat="45.32636" lon="6.99531">
        <ele>1718</ele>
        <time>2023-05-22T19:09:08Z</time>
      </trkpt>
      <trkpt lat="45.32622" lon="6.99511">
        <ele>1716</ele>
        <time>2023-05-22T19:09:34Z</time>
      </trkpt>
      <trkpt lat="45.32616" lon="6.99497">
        <ele>1715</ele>
        <time>2023-05-22T19:09:49Z</time>
      </trkpt>
      <trkpt lat="45.32594" lon="6.99475">
        <ele>1712</ele>
        <time>2023-05-22T19:10:25Z</time>
      </trkpt>
      <trkpt lat="45.3258" lon="6.99436">
        <ele>1711</ele>
        <time>2023-05-22T19:11:06Z</time>
      </trkpt>
      <trkpt lat="45.3255" lon="6.99384">
        <ele>1713</ele>
        <time>2023-05-22T19:12:10Z</time>
      </trkpt>
      <trkpt lat="45.32543" lon="6.99376">
        <ele>1713</ele>
        <time>2023-05-22T19:12:22Z</time>
      </trkpt>
      <trkpt lat="45.32519" lon="6.99362">
        <ele>1712</ele>
        <time>2023-05-22T19:12:56Z</time>
      </trkpt>
      <trkpt lat="45.32478" lon="6.99321">
        <ele>1713</ele>
        <time>2023-05-22T19:14:03Z</time>
      </trkpt>
      <trkpt lat="45.32457" lon="6.99304">
        <ele>1715</ele>
        <time>2023-05-22T19:14:35Z</time>
      </trkpt>
      <trkpt lat="45.32435" lon="6.99295">
        <ele>1715</ele>
        <time>2023-05-22T19:15:06Z</time>
      </trkpt>
      <trkpt lat="45.32418" lon="6.99291">
        <ele>1715</ele>
        <time>2023-05-22T19:15:29Z</time>
      </trkpt>
      <trkpt lat="45.32377" lon="6.99294">
        <ele>1713</ele>
        <time>2023-05-22T19:16:24Z</time>
      </trkpt>
      <trkpt lat="45.32351" lon="6.99302">
        <ele>1711</ele>
        <time>2023-05-22T19:16:59Z</time>
      </trkpt>
      <trkpt lat="45.32327" lon="6.99313">
        <ele>1709</ele>
        <time>2023-05-22T19:17:33Z</time>
      </trkpt>
      <trkpt lat="45.32264" lon="6.99326">
        <ele>1707</ele>
        <time>2023-05-22T19:18:58Z</time>
      </trkpt>
      <trkpt lat="45.32236" lon="6.99325">
        <ele>1706</ele>
        <time>2023-05-22T19:19:35Z</time>
      </trkpt>
      <trkpt lat="45.32228" lon="6.9932">
        <ele>1706</ele>
        <time>2023-05-22T19:19:47Z</time>
      </trkpt>
      <trkpt lat="45.32216" lon="6.99318">
        <ele>1706</ele>
        <time>2023-05-22T19:20:03Z</time>
      </trkpt>
      <trkpt lat="45.32202" lon="6.99309">
        <ele>1705</ele>
        <time>2023-05-22T19:20:23Z</time>
      </trkpt>
      <trkpt lat="45.32188" lon="6.99293">
        <ele>1705</ele>
        <time>2023-05-22T19:20:47Z</time>
      </trkpt>
      <trkpt lat="45.32177" lon="6.99274">
        <ele>1705</ele>
        <time>2023-05-22T19:21:10Z</time>
      </trkpt>
      <trkpt lat="45.32164" lon="6.99234">
        <ele>1704</ele>
        <time>2023-05-22T19:21:52Z</time>
      </trkpt>
      <trkpt lat="45.32145" lon="6.99199">
        <ele>1705</ele>
        <time>2023-05-22T19:22:33Z</time>
      </trkpt>
      <trkpt lat="45.32097" lon="6.99236">
        <ele>1706</ele>
        <time>2023-05-22T19:23:46Z</time>
      </trkpt>
      <trkpt lat="45.32058" lon="6.99339">
        <ele>1711</ele>
        <time>2023-05-22T19:25:36Z</time>
      </trkpt>
      <trkpt lat="45.32055" lon="6.99358">
        <ele>1712</ele>
        <time>2023-05-22T19:25:54Z</time>
      </trkpt>
      <trkpt lat="45.32049" lon="6.99359">
        <ele>1712</ele>
        <time>2023-05-22T19:26:02Z</time>
      </trkpt>
      <trkpt lat="45.32023" lon="6.99377">
        <ele>1714</ele>
        <time>2023-05-22T19:26:41Z</time>
      </trkpt>
      <trkpt lat="45.32015" lon="6.9938">
        <ele>1714</ele>
        <time>2023-05-22T19:26:52Z</time>
      </trkpt>
      <trkpt lat="45.31953" lon="6.99358">
        <ele>1714</ele>
        <time>2023-05-22T19:28:17Z</time>
      </trkpt>
      <trkpt lat="45.31936" lon="6.99373">
        <ele>1715</ele>
        <time>2023-05-22T19:28:44Z</time>
      </trkpt>
      <trkpt lat="45.31925" lon="6.99393">
        <ele>1716</ele>
        <time>2023-05-22T19:29:08Z</time>
      </trkpt>
      <trkpt lat="45.31904" lon="6.99415">
        <ele>1717</ele>
        <time>2023-05-22T19:29:42Z</time>
      </trkpt>
      <trkpt lat="45.31859" lon="6.99444">
        <ele>1719</ele>
        <time>2023-05-22T19:30:48Z</time>
      </trkpt>
      <trkpt lat="45.31814" lon="6.99452">
        <ele>1721</ele>
        <time>2023-05-22T19:31:49Z</time>
      </trkpt>
      <trkpt lat="45.31794" lon="6.99445">
        <ele>1723</ele>
        <time>2023-05-22T19:32:16Z</time>
      </trkpt>
      <trkpt lat="45.31783" lon="6.99436">
        <ele>1725</ele>
        <time>2023-05-22T19:32:33Z</time>
      </trkpt>
      <trkpt lat="45.31768" lon="6.99433">
        <ele>1726</ele>
        <time>2023-05-22T19:32:54Z</time>
      </trkpt>
      <trkpt lat="45.31703" lon="6.99393">
        <ele>1731</ele>
        <time>2023-05-22T19:34:28Z</time>
      </trkpt>
      <trkpt lat="45.31604" lon="6.9931">
        <ele>1734</ele>
        <time>2023-05-22T19:37:01Z</time>
      </trkpt>
      <trkpt lat="45.31541" lon="6.99382">
        <ele>1737</ele>
        <time>2023-05-22T19:38:49Z</time>
      </trkpt>
      <trkpt lat="45.31503" lon="6.99461">
        <ele>1739</ele>
        <time>2023-05-22T19:40:19Z</time>
      </trkpt>
      <trkpt lat="45.31481" lon="6.99496">
        <ele>1744</ele>
        <time>2023-05-22T19:41:03Z</time>
      </trkpt>
      <trkpt lat="45.31473" lon="6.99514">
        <ele>1747</ele>
        <time>2023-05-22T19:41:23Z</time>
      </trkpt>
      <trkpt lat="45.31467" lon="6.99493">
        <ele>1747</ele>
        <time>2023-05-22T19:41:44Z</time>
      </trkpt>
      <trkpt lat="45.31437" lon="6.99447">
        <ele>1747</ele>
        <time>2023-05-22T19:42:43Z</time>
      </trkpt>
      <trkpt lat="45.31417" lon="6.99432">
        <ele>1747</ele>
        <time>2023-05-22T19:43:13Z</time>
      </trkpt>
      <trkpt lat="45.3141" lon="6.99429">
        <ele>1750</ele>
        <time>2023-05-22T19:43:23Z</time>
      </trkpt>
      <trkpt lat="45.31394" lon="6.9943">
        <ele>1757</ele>
        <time>2023-05-22T19:43:45Z</time>
      </trkpt>
      <trkpt lat="45.31388" lon="6.99428">
        <ele>1760</ele>
        <time>2023-05-22T19:43:53Z</time>
      </trkpt>
      <trkpt lat="45.31373" lon="6.99417">
        <ele>1763</ele>
        <time>2023-05-22T19:44:15Z</time>
      </trkpt>
      <trkpt lat="45.31365" lon="6.99401">
        <ele>1763</ele>
        <time>2023-05-22T19:44:34Z</time>
      </trkpt>
      <trkpt lat="45.31351" lon="6.99358">
        <ele>1758</ele>
        <time>2023-05-22T19:45:18Z</time>
      </trkpt>
      <trkpt lat="45.31333" lon="6.99327">
        <ele>1754</ele>
        <time>2023-05-22T19:45:56Z</time>
      </trkpt>
      <trkpt lat="45.3131" lon="6.99313">
        <ele>1760</ele>
        <time>2023-05-22T19:46:29Z</time>
      </trkpt>
      <trkpt lat="45.31241" lon="6.99257">
        <ele>1765</ele>
        <time>2023-05-22T19:48:15Z</time>
      </trkpt>
      <trkpt lat="45.31234" lon="6.99241">
        <ele>1765</ele>
        <time>2023-05-22T19:48:33Z</time>
      </trkpt>
      <trkpt lat="45.31234" lon="6.99228">
        <ele>1763</ele>
        <time>2023-05-22T19:48:45Z</time>
      </trkpt>
      <trkpt lat="45.31226" lon="6.99195">
        <ele>1761</ele>
        <time>2023-05-22T19:49:18Z</time>
      </trkpt>
      <trkpt lat="45.31215" lon="6.99186">
        <ele>1763</ele>
        <time>2023-05-22T19:49:35Z</time>
      </trkpt>
      <trkpt lat="45.3119" lon="6.99175">
        <ele>1769</ele>
        <time>2023-05-22T19:50:10Z</time>
      </trkpt>
      <trkpt lat="45.31171" lon="6.99149">
        <ele>1767</ele>
        <time>2023-05-22T19:50:45Z</time>
      </trkpt>
      <trkpt lat="45.31144" lon="6.9914">
        <ele>1768</ele>
        <time>2023-05-22T19:51:22Z</time>
      </trkpt>
      <trkpt lat="45.31119" lon="6.99137">
        <ele>1770</ele>
        <time>2023-05-22T19:51:56Z</time>
      </trkpt>
      <trkpt lat="45.31106" lon="6.99132">
        <ele>1770</ele>
        <time>2023-05-22T19:52:13Z</time>
      </trkpt>
      <trkpt lat="45.31097" lon="6.99124">
        <ele>1768</ele>
        <time>2023-05-22T19:52:28Z</time>
      </trkpt>
      <trkpt lat="45.31089" lon="6.99107">
        <ele>1764</ele>
        <time>2023-05-22T19:52:47Z</time>
      </trkpt>
      <trkpt lat="45.31088" lon="6.99091">
        <ele>1758</ele>
        <time>2023-05-22T19:53:02Z</time>
      </trkpt>
      <trkpt lat="45.31084" lon="6.99079">
        <ele>1756</ele>
        <time>2023-05-22T19:53:14Z</time>
      </trkpt>
      <trkpt lat="45.31073" lon="6.99067">
        <ele>1758</ele>
        <time>2023-05-22T19:53:33Z</time>
      </trkpt>
      <trkpt lat="45.31055" lon="6.99062">
        <ele>1761</ele>
        <time>2023-05-22T19:53:57Z</time>
      </trkpt>
      <trkpt lat="45.31048" lon="6.99053">
        <ele>1762</ele>
        <time>2023-05-22T19:54:10Z</time>
      </trkpt>
      <trkpt lat="45.3104" lon="6.99035">
        <ele>1765</ele>
        <time>2023-05-22T19:54:30Z</time>
      </trkpt>
      <trkpt lat="45.31038" lon="6.99025">
        <ele>1766</ele>
        <time>2023-05-22T19:54:40Z</time>
      </trkpt>
      <trkpt lat="45.31043" lon="6.98995">
        <ele>1772</ele>
        <time>2023-05-22T19:55:09Z</time>
      </trkpt>
      <trkpt lat="45.31047" lon="6.98993">
        <ele>1773</ele>
        <time>2023-05-22T19:55:14Z</time>
      </trkpt>
      <trkpt lat="45.31054" lon="6.98994">
        <ele>1771</ele>
        <time>2023-05-22T19:55:24Z</time>
      </trkpt>
      <trkpt lat="45.31083" lon="6.99006">
        <ele>1760</ele>
        <time>2023-05-22T19:56:04Z</time>
      </trkpt>
      <trkpt lat="45.31102" lon="6.98991">
        <ele>1761</ele>
        <time>2023-05-22T19:56:33Z</time>
      </trkpt>
      <trkpt lat="45.31115" lon="6.98986">
        <ele>1761</ele>
        <time>2023-05-22T19:56:51Z</time>
      </trkpt>
      <trkpt lat="45.31137" lon="6.98982">
        <ele>1757</ele>
        <time>2023-05-22T19:57:21Z</time>
      </trkpt>
      <trkpt lat="45.3116" lon="6.98968">
        <ele>1755</ele>
        <time>2023-05-22T19:57:54Z</time>
      </trkpt>
      <trkpt lat="45.31182" lon="6.98949">
        <ele>1754</ele>
        <time>2023-05-22T19:58:28Z</time>
      </trkpt>
      <trkpt lat="45.31212" lon="6.98934">
        <ele>1747</ele>
        <time>2023-05-22T19:59:11Z</time>
      </trkpt>
      <trkpt lat="45.31218" lon="6.98928">
        <ele>1746</ele>
        <time>2023-05-22T19:59:21Z</time>
      </trkpt>
      <trkpt lat="45.31215" lon="6.98915">
        <ele>1749</ele>
        <time>2023-05-22T19:59:33Z</time>
      </trkpt>
      <trkpt lat="45.31215" lon="6.98896">
        <ele>1752</ele>
        <time>2023-05-22T19:59:51Z</time>
      </trkpt>
      <trkpt lat="45.3123" lon="6.98757">
        <ele>1754</ele>
        <time>2023-05-22T20:02:03Z</time>
      </trkpt>
      <trkpt lat="45.3121" lon="6.98755">
        <ele>1767</ele>
        <time>2023-05-22T20:02:30Z</time>
      </trkpt>
      <trkpt lat="45.31199" lon="6.98681">
        <ele>1762</ele>
        <time>2023-05-22T20:03:41Z</time>
      </trkpt>
      <trkpt lat="45.31189" lon="6.98634">
        <ele>1758</ele>
        <time>2023-05-22T20:04:27Z</time>
      </trkpt>
      <trkpt lat="45.3116" lon="6.98546">
        <ele>1750</ele>
        <time>2023-05-22T20:05:58Z</time>
      </trkpt>
      <trkpt lat="45.31144" lon="6.9851">
        <ele>1754</ele>
        <time>2023-05-22T20:06:38Z</time>
      </trkpt>
      <trkpt lat="45.31123" lon="6.98485">
        <ele>1760</ele>
        <time>2023-05-22T20:07:15Z</time>
      </trkpt>
      <trkpt lat="45.31105" lon="6.98453">
        <ele>1758</ele>
        <time>2023-05-22T20:07:53Z</time>
      </trkpt>
      <trkpt lat="45.31066" lon="6.98341">
        <ele>1746</ele>
        <time>2023-05-22T20:09:50Z</time>
      </trkpt>
      <trkpt lat="45.31021" lon="6.98258">
        <ele>1748</ele>
        <time>2023-05-22T20:11:29Z</time>
      </trkpt>
      <trkpt lat="45.31009" lon="6.98233">
        <ele>1745</ele>
        <time>2023-05-22T20:11:57Z</time>
      </trkpt>
      <trkpt lat="45.31003" lon="6.98213">
        <ele>1742</ele>
        <time>2023-05-22T20:12:18Z</time>
      </trkpt>
      <trkpt lat="45.30984" lon="6.98178">
        <ele>1746</ele>
        <time>2023-05-22T20:12:59Z</time>
      </trkpt>
      <trkpt lat="45.3097" lon="6.98157">
        <ele>1749</ele>
        <time>2023-05-22T20:13:26Z</time>
      </trkpt>
      <trkpt lat="45.30929" lon="6.98082">
        <ele>1742</ele>
        <time>2023-05-22T20:14:55Z</time>
      </trkpt>
      <trkpt lat="45.30893" lon="6.98035">
        <ele>1743</ele>
        <time>2023-05-22T20:16:01Z</time>
      </trkpt>
      <trkpt lat="45.30889" lon="6.98024">
        <ele>1741</ele>
        <time>2023-05-22T20:16:12Z</time>
      </trkpt>
      <trkpt lat="45.30867" lon="6.97992">
        <ele>1739</ele>
        <time>2023-05-22T20:16:54Z</time>
      </trkpt>
      <trkpt lat="45.30858" lon="6.97959">
        <ele>1733</ele>
        <time>2023-05-22T20:17:27Z</time>
      </trkpt>
      <trkpt lat="45.30818" lon="6.97922">
        <ele>1737</ele>
        <time>2023-05-22T20:18:31Z</time>
      </trkpt>
      <trkpt lat="45.30809" lon="6.97906">
        <ele>1738</ele>
        <time>2023-05-22T20:18:50Z</time>
      </trkpt>
      <trkpt lat="45.30774" lon="6.9781">
        <ele>1724</ele>
        <time>2023-05-22T20:20:32Z</time>
      </trkpt>
      <trkpt lat="45.30752" lon="6.97725">
        <ele>1707</ele>
        <time>2023-05-22T20:21:57Z</time>
      </trkpt>
      <trkpt lat="45.30744" lon="6.97704">
        <ele>1706</ele>
        <time>2023-05-22T20:22:19Z</time>
      </trkpt>
      <trkpt lat="45.3072" lon="6.97665">
        <ele>1710</ele>
        <time>2023-05-22T20:23:08Z</time>
      </trkpt>
      <trkpt lat="45.30702" lon="6.97621">
        <ele>1709</ele>
        <time>2023-05-22T20:23:56Z</time>
      </trkpt>
      <trkpt lat="45.30698" lon="6.97584">
        <ele>1702</ele>
        <time>2023-05-22T20:24:31Z</time>
      </trkpt>
      <trkpt lat="45.30697" lon="6.97546">
        <ele>1698</ele>
        <time>2023-05-22T20:25:07Z</time>
      </trkpt>
      <trkpt lat="45.30701" lon="6.97526">
        <ele>1694</ele>
        <time>2023-05-22T20:25:26Z</time>
      </trkpt>
      <trkpt lat="45.30708" lon="6.97508">
        <ele>1690</ele>
        <time>2023-05-22T20:25:45Z</time>
      </trkpt>
      <trkpt lat="45.3072" lon="6.97486">
        <ele>1687</ele>
        <time>2023-05-22T20:26:11Z</time>
      </trkpt>
      <trkpt lat="45.30731" lon="6.97473">
        <ele>1685</ele>
        <time>2023-05-22T20:26:31Z</time>
      </trkpt>
      <trkpt lat="45.30774" lon="6.97449">
        <ele>1681</ele>
        <time>2023-05-22T20:27:32Z</time>
      </trkpt>
      <trkpt lat="45.30744" lon="6.97393">
        <ele>1682</ele>
        <time>2023-05-22T20:28:38Z</time>
      </trkpt>
      <trkpt lat="45.30717" lon="6.97374">
        <ele>1685</ele>
        <time>2023-05-22T20:29:18Z</time>
      </trkpt>
      <trkpt lat="45.307" lon="6.97353">
        <ele>1687</ele>
        <time>2023-05-22T20:29:49Z</time>
      </trkpt>
      <trkpt lat="45.30685" lon="6.97279">
        <ele>1686</ele>
        <time>2023-05-22T20:31:01Z</time>
      </trkpt>
      <trkpt lat="45.30676" lon="6.97253">
        <ele>1686</ele>
        <time>2023-05-22T20:31:28Z</time>
      </trkpt>
      <trkpt lat="45.30625" lon="6.97135">
        <ele>1683</ele>
        <time>2023-05-22T20:33:38Z</time>
      </trkpt>
      <trkpt lat="45.30603" lon="6.97102">
        <ele>1684</ele>
        <time>2023-05-22T20:34:21Z</time>
      </trkpt>
      <trkpt lat="45.30584" lon="6.97065">
        <ele>1684</ele>
        <time>2023-05-22T20:35:04Z</time>
      </trkpt>
      <trkpt lat="45.30573" lon="6.9702">
        <ele>1682</ele>
        <time>2023-05-22T20:35:48Z</time>
      </trkpt>
      <trkpt lat="45.30571" lon="6.96992">
        <ele>1680</ele>
        <time>2023-05-22T20:36:15Z</time>
      </trkpt>
      <trkpt lat="45.30562" lon="6.9697">
        <ele>1680</ele>
        <time>2023-05-22T20:36:39Z</time>
      </trkpt>
      <trkpt lat="45.3054" lon="6.96893">
        <ele>1679</ele>
        <time>2023-05-22T20:37:57Z</time>
      </trkpt>
      <trkpt lat="45.30514" lon="6.96827">
        <ele>1681</ele>
        <time>2023-05-22T20:39:08Z</time>
      </trkpt>
      <trkpt lat="45.30512" lon="6.96813">
        <ele>1681</ele>
        <time>2023-05-22T20:39:21Z</time>
      </trkpt>
      <trkpt lat="45.30515" lon="6.96766">
        <ele>1679</ele>
        <time>2023-05-22T20:40:05Z</time>
      </trkpt>
      <trkpt lat="45.30509" lon="6.96677">
        <ele>1677</ele>
        <time>2023-05-22T20:41:29Z</time>
      </trkpt>
      <trkpt lat="45.30505" lon="6.9666">
        <ele>1677</ele>
        <time>2023-05-22T20:41:46Z</time>
      </trkpt>
      <trkpt lat="45.30481" lon="6.96608">
        <ele>1678</ele>
        <time>2023-05-22T20:42:44Z</time>
      </trkpt>
      <trkpt lat="45.30455" lon="6.9652">
        <ele>1680</ele>
        <time>2023-05-22T20:44:14Z</time>
      </trkpt>
      <trkpt lat="45.30439" lon="6.96447">
        <ele>1684</ele>
        <time>2023-05-22T20:45:26Z</time>
      </trkpt>
      <trkpt lat="45.30433" lon="6.96395">
        <ele>1686</ele>
        <time>2023-05-22T20:46:15Z</time>
      </trkpt>
      <trkpt lat="45.30434" lon="6.96367">
        <ele>1687</ele>
        <time>2023-05-22T20:46:42Z</time>
      </trkpt>
      <trkpt lat="45.30444" lon="6.96314">
        <ele>1686</ele>
        <time>2023-05-22T20:47:33Z</time>
      </trkpt>
      <trkpt lat="45.30453" lon="6.9629">
        <ele>1684</ele>
        <time>2023-05-22T20:47:59Z</time>
      </trkpt>
      <trkpt lat="45.30474" lon="6.96253">
        <ele>1679</ele>
        <time>2023-05-22T20:48:43Z</time>
      </trkpt>
      <trkpt lat="45.30478" lon="6.96234">
        <ele>1678</ele>
        <time>2023-05-22T20:49:02Z</time>
      </trkpt>
      <trkpt lat="45.30477" lon="6.96181">
        <ele>1679</ele>
        <time>2023-05-22T20:49:52Z</time>
      </trkpt>
      <trkpt lat="45.30483" lon="6.9612">
        <ele>1677</ele>
        <time>2023-05-22T20:50:49Z</time>
      </trkpt>
      <trkpt lat="45.30483" lon="6.96105">
        <ele>1677</ele>
        <time>2023-05-22T20:51:04Z</time>
      </trkpt>
      <trkpt lat="45.30478" lon="6.96085">
        <ele>1679</ele>
        <time>2023-05-22T20:51:23Z</time>
      </trkpt>
      <trkpt lat="45.30466" lon="6.96056">
        <ele>1681</ele>
        <time>2023-05-22T20:51:55Z</time>
      </trkpt>
      <trkpt lat="45.30443" lon="6.96023">
        <ele>1685</ele>
        <time>2023-05-22T20:52:39Z</time>
      </trkpt>
      <trkpt lat="45.30411" lon="6.95998">
        <ele>1689</ele>
        <time>2023-05-22T20:53:27Z</time>
      </trkpt>
      <trkpt lat="45.30386" lon="6.95993">
        <ele>1692</ele>
        <time>2023-05-22T20:54:01Z</time>
      </trkpt>
      <trkpt lat="45.30356" lon="6.95965">
        <ele>1693</ele>
        <time>2023-05-22T20:54:49Z</time>
      </trkpt>
      <trkpt lat="45.30316" lon="6.9596">
        <ele>1698</ele>
        <time>2023-05-22T20:55:43Z</time>
      </trkpt>
      <trkpt lat="45.30285" lon="6.95934">
        <ele>1701</ele>
        <time>2023-05-22T20:56:31Z</time>
      </trkpt>
      <trkpt lat="45.30259" lon="6.95905">
        <ele>1703</ele>
        <time>2023-05-22T20:57:15Z</time>
      </trkpt>
      <trkpt lat="45.30231" lon="6.95883">
        <ele>1705</ele>
        <time>2023-05-22T20:57:57Z</time>
      </trkpt>
      <trkpt lat="45.30195" lon="6.95867">
        <ele>1707</ele>
        <time>2023-05-22T20:58:48Z</time>
      </trkpt>
      <trkpt lat="45.30183" lon="6.95865">
        <ele>1708</ele>
        <time>2023-05-22T20:59:04Z</time>
      </trkpt>
      <trkpt lat="45.30131" lon="6.95871">
        <ele>1715</ele>
        <time>2023-05-22T21:00:13Z</time>
      </trkpt>
      <trkpt lat="45.30116" lon="6.95881">
        <ele>1719</ele>
        <time>2023-05-22T21:00:36Z</time>
      </trkpt>
      <trkpt lat="45.30094" lon="6.95911">
        <ele>1731</ele>
        <time>2023-05-22T21:01:16Z</time>
      </trkpt>
      <trkpt lat="45.30083" lon="6.95905">
        <ele>1732</ele>
        <time>2023-05-22T21:01:32Z</time>
      </trkpt>
      <trkpt lat="45.3003" lon="6.95841">
        <ele>1732</ele>
        <time>2023-05-22T21:03:05Z</time>
      </trkpt>
      <trkpt lat="45.29995" lon="6.95814">
        <ele>1737</ele>
        <time>2023-05-22T21:03:58Z</time>
      </trkpt>
      <trkpt lat="45.29987" lon="6.95811">
        <ele>1738</ele>
        <time>2023-05-22T21:04:09Z</time>
      </trkpt>
      <trkpt lat="45.29938" lon="6.95778">
        <ele>1743</ele>
        <time>2023-05-22T21:05:21Z</time>
      </trkpt>
      <trkpt lat="45.2993" lon="6.9577">
        <ele>1743</ele>
        <time>2023-05-22T21:05:34Z</time>
      </trkpt>
      <trkpt lat="45.29904" lon="6.9572">
        <ele>1742</ele>
        <time>2023-05-22T21:06:33Z</time>
      </trkpt>
      <trkpt lat="45.2989" lon="6.95686">
        <ele>1742</ele>
        <time>2023-05-22T21:07:10Z</time>
      </trkpt>
      <trkpt lat="45.29876" lon="6.95632">
        <ele>1741</ele>
        <time>2023-05-22T21:08:04Z</time>
      </trkpt>
      <trkpt lat="45.29869" lon="6.95614">
        <ele>1742</ele>
        <time>2023-05-22T21:08:23Z</time>
      </trkpt>
      <trkpt lat="45.29833" lon="6.95538">
        <ele>1751</ele>
        <time>2023-05-22T21:09:49Z</time>
      </trkpt>
      <trkpt lat="45.29811" lon="6.955">
        <ele>1760</ele>
        <time>2023-05-22T21:10:35Z</time>
      </trkpt>
      <trkpt lat="45.29796" lon="6.95465">
        <ele>1765</ele>
        <time>2023-05-22T21:11:14Z</time>
      </trkpt>
      <trkpt lat="45.29766" lon="6.95343">
        <ele>1773</ele>
        <time>2023-05-22T21:13:15Z</time>
      </trkpt>
      <trkpt lat="45.2976" lon="6.95309">
        <ele>1772</ele>
        <time>2023-05-22T21:13:48Z</time>
      </trkpt>
      <trkpt lat="45.29754" lon="6.95286">
        <ele>1771</ele>
        <time>2023-05-22T21:14:11Z</time>
      </trkpt>
      <trkpt lat="45.29746" lon="6.95269">
        <ele>1772</ele>
        <time>2023-05-22T21:14:30Z</time>
      </trkpt>
      <trkpt lat="45.29702" lon="6.9522">
        <ele>1783</ele>
        <time>2023-05-22T21:15:45Z</time>
      </trkpt>
      <trkpt lat="45.29672" lon="6.95161">
        <ele>1783</ele>
        <time>2023-05-22T21:16:53Z</time>
      </trkpt>
      <trkpt lat="45.29642" lon="6.95119">
        <ele>1783</ele>
        <time>2023-05-22T21:17:49Z</time>
      </trkpt>
      <trkpt lat="45.29606" lon="6.95059">
        <ele>1782</ele>
        <time>2023-05-22T21:19:03Z</time>
      </trkpt>
      <trkpt lat="45.29595" lon="6.95046">
        <ele>1783</ele>
        <time>2023-05-22T21:19:22Z</time>
      </trkpt>
      <trkpt lat="45.29569" lon="6.95026">
        <ele>1787</ele>
        <time>2023-05-22T21:20:02Z</time>
      </trkpt>
      <trkpt lat="45.29536" lon="6.95032">
        <ele>1795</ele>
        <time>2023-05-22T21:20:46Z</time>
      </trkpt>
      <trkpt lat="45.29531" lon="6.95025">
        <ele>1795</ele>
        <time>2023-05-22T21:20:56Z</time>
      </trkpt>
      <trkpt lat="45.29511" lon="6.94946">
        <ele>1786</ele>
        <time>2023-05-22T21:22:14Z</time>
      </trkpt>
      <trkpt lat="45.29491" lon="6.94911">
        <ele>1781</ele>
        <time>2023-05-22T21:22:57Z</time>
      </trkpt>
      <trkpt lat="45.29485" lon="6.94894">
        <ele>1779</ele>
        <time>2023-05-22T21:23:15Z</time>
      </trkpt>
      <trkpt lat="45.29487" lon="6.94808">
        <ele>1766</ele>
        <time>2023-05-22T21:24:35Z</time>
      </trkpt>
      <trkpt lat="45.29481" lon="6.94734">
        <ele>1759</ele>
        <time>2023-05-22T21:25:45Z</time>
      </trkpt>
      <trkpt lat="45.29457" lon="6.94648">
        <ele>1751</ele>
        <time>2023-05-22T21:27:12Z</time>
      </trkpt>
      <trkpt lat="45.29444" lon="6.94625">
        <ele>1749</ele>
        <time>2023-05-22T21:27:40Z</time>
      </trkpt>
      <trkpt lat="45.29421" lon="6.94595">
        <ele>1746</ele>
        <time>2023-05-22T21:28:21Z</time>
      </trkpt>
      <trkpt lat="45.29418" lon="6.94587">
        <ele>1744</ele>
        <time>2023-05-22T21:28:30Z</time>
      </trkpt>
      <trkpt lat="45.29418" lon="6.94579">
        <ele>1744</ele>
        <time>2023-05-22T21:28:37Z</time>
      </trkpt>
      <trkpt lat="45.2944" lon="6.94552">
        <ele>1740</ele>
        <time>2023-05-22T21:29:16Z</time>
      </trkpt>
      <trkpt lat="45.29445" lon="6.94529">
        <ele>1737</ele>
        <time>2023-05-22T21:29:39Z</time>
      </trkpt>
      <trkpt lat="45.29447" lon="6.94504">
        <ele>1733</ele>
        <time>2023-05-22T21:30:02Z</time>
      </trkpt>
      <trkpt lat="45.2943" lon="6.94442">
        <ele>1724</ele>
        <time>2023-05-22T21:31:05Z</time>
      </trkpt>
      <trkpt lat="45.2943" lon="6.94397">
        <ele>1716</ele>
        <time>2023-05-22T21:31:47Z</time>
      </trkpt>
      <trkpt lat="45.29426" lon="6.94361">
        <ele>1709</ele>
        <time>2023-05-22T21:32:21Z</time>
      </trkpt>
      <trkpt lat="45.29413" lon="6.94298">
        <ele>1699</ele>
        <time>2023-05-22T21:33:23Z</time>
      </trkpt>
      <trkpt lat="45.29391" lon="6.94231">
        <ele>1699</ele>
        <time>2023-05-22T21:34:32Z</time>
      </trkpt>
      <trkpt lat="45.29391" lon="6.9417">
        <ele>1688</ele>
        <time>2023-05-22T21:35:30Z</time>
      </trkpt>
      <trkpt lat="45.29385" lon="6.94156">
        <ele>1687</ele>
        <time>2023-05-22T21:35:45Z</time>
      </trkpt>
      <trkpt lat="45.29367" lon="6.94131">
        <ele>1688</ele>
        <time>2023-05-22T21:36:19Z</time>
      </trkpt>
      <trkpt lat="45.29367" lon="6.94106">
        <ele>1681</ele>
        <time>2023-05-22T21:36:42Z</time>
      </trkpt>
      <trkpt lat="45.29351" lon="6.94068">
        <ele>1673</ele>
        <time>2023-05-22T21:37:24Z</time>
      </trkpt>
      <trkpt lat="45.29335" lon="6.94045">
        <ele>1668</ele>
        <time>2023-05-22T21:37:54Z</time>
      </trkpt>
      <trkpt lat="45.29332" lon="6.94033">
        <ele>1664</ele>
        <time>2023-05-22T21:38:06Z</time>
      </trkpt>
      <trkpt lat="45.29336" lon="6.94029">
        <ele>1662</ele>
        <time>2023-05-22T21:38:13Z</time>
      </trkpt>
      <trkpt lat="45.29358" lon="6.94037">
        <ele>1662</ele>
        <time>2023-05-22T21:38:43Z</time>
      </trkpt>
      <trkpt lat="45.29373" lon="6.94049">
        <ele>1664</ele>
        <time>2023-05-22T21:39:06Z</time>
      </trkpt>
      <trkpt lat="45.29394" lon="6.94082">
        <ele>1668</ele>
        <time>2023-05-22T21:39:48Z</time>
      </trkpt>
      <trkpt lat="45.29399" lon="6.94084">
        <ele>1667</ele>
        <time>2023-05-22T21:39:55Z</time>
      </trkpt>
      <trkpt lat="45.29401" lon="6.94058">
        <ele>1662</ele>
        <time>2023-05-22T21:40:19Z</time>
      </trkpt>
      <trkpt lat="45.2939" lon="6.9403">
        <ele>1658</ele>
        <time>2023-05-22T21:40:49Z</time>
      </trkpt>
      <trkpt lat="45.29367" lon="6.93993">
        <ele>1650</ele>
        <time>2023-05-22T21:41:36Z</time>
      </trkpt>
      <trkpt lat="45.29342" lon="6.93969">
        <ele>1644</ele>
        <time>2023-05-22T21:42:16Z</time>
      </trkpt>
      <trkpt lat="45.29315" lon="6.93936">
        <ele>1642</ele>
        <time>2023-05-22T21:43:03Z</time>
      </trkpt>
      <trkpt lat="45.29292" lon="6.93901">
        <ele>1639</ele>
        <time>2023-05-22T21:43:48Z</time>
      </trkpt>
      <trkpt lat="45.29276" lon="6.93867">
        <ele>1635</ele>
        <time>2023-05-22T21:44:27Z</time>
      </trkpt>
      <trkpt lat="45.2926" lon="6.93808">
        <ele>1628</ele>
        <time>2023-05-22T21:45:26Z</time>
      </trkpt>
      <trkpt lat="45.29233" lon="6.93758">
        <ele>1630</ele>
        <time>2023-05-22T21:46:25Z</time>
      </trkpt>
      <trkpt lat="45.29181" lon="6.93704">
        <ele>1631</ele>
        <time>2023-05-22T21:47:51Z</time>
      </trkpt>
      <trkpt lat="45.29175" lon="6.93692">
        <ele>1629</ele>
        <time>2023-05-22T21:48:05Z</time>
      </trkpt>
      <trkpt lat="45.29176" lon="6.93673">
        <ele>1624</ele>
        <time>2023-05-22T21:48:23Z</time>
      </trkpt>
      <trkpt lat="45.29198" lon="6.93581">
        <ele>1606</ele>
        <time>2023-05-22T21:49:54Z</time>
      </trkpt>
      <trkpt lat="45.29198" lon="6.9354">
        <ele>1601</ele>
        <time>2023-05-22T21:50:33Z</time>
      </trkpt>
      <trkpt lat="45.29186" lon="6.93499">
        <ele>1598</ele>
        <time>2023-05-22T21:51:14Z</time>
      </trkpt>
      <trkpt lat="45.29184" lon="6.93479">
        <ele>1596</ele>
        <time>2023-05-22T21:51:33Z</time>
      </trkpt>
      <trkpt lat="45.29186" lon="6.93461">
        <ele>1594</ele>
        <time>2023-05-22T21:51:50Z</time>
      </trkpt>
      <trkpt lat="45.29203" lon="6.93404">
        <ele>1584</ele>
        <time>2023-05-22T21:52:48Z</time>
      </trkpt>
      <trkpt lat="45.29203" lon="6.93387">
        <ele>1581</ele>
        <time>2023-05-22T21:53:04Z</time>
      </trkpt>
      <trkpt lat="45.29199" lon="6.93364">
        <ele>1578</ele>
        <time>2023-05-22T21:53:27Z</time>
      </trkpt>
      <trkpt lat="45.29196" lon="6.93351">
        <ele>1577</ele>
        <time>2023-05-22T21:53:40Z</time>
      </trkpt>
      <trkpt lat="45.29188" lon="6.93333">
        <ele>1577</ele>
        <time>2023-05-22T21:54:00Z</time>
      </trkpt>
      <trkpt lat="45.29151" lon="6.93269">
        <ele>1579</ele>
        <time>2023-05-22T21:55:17Z</time>
      </trkpt>
      <trkpt lat="45.29132" lon="6.93207">
        <ele>1570</ele>
        <time>2023-05-22T21:56:21Z</time>
      </trkpt>
      <trkpt lat="45.29097" lon="6.9315">
        <ele>1567</ele>
        <time>2023-05-22T21:57:32Z</time>
      </trkpt>
      <trkpt lat="45.29088" lon="6.93127">
        <ele>1567</ele>
        <time>2023-05-22T21:57:57Z</time>
      </trkpt>
      <trkpt lat="45.29073" lon="6.93068">
        <ele>1563</ele>
        <time>2023-05-22T21:58:55Z</time>
      </trkpt>
      <trkpt lat="45.2907" lon="6.93048">
        <ele>1561</ele>
        <time>2023-05-22T21:59:15Z</time>
      </trkpt>
      <trkpt lat="45.29068" lon="6.92964">
        <ele>1550</ele>
        <time>2023-05-22T22:00:34Z</time>
      </trkpt>
      <trkpt lat="45.29062" lon="6.92956">
        <ele>1549</ele>
        <time>2023-05-22T22:00:44Z</time>
      </trkpt>
      <trkpt lat="45.29055" lon="6.92958">
        <ele>1548</ele>
        <time>2023-05-22T22:00:54Z</time>
      </trkpt>
      <trkpt lat="45.29048" lon="6.92964">
        <ele>1549</ele>
        <time>2023-05-22T22:01:05Z</time>
      </trkpt>
      <trkpt lat="45.29042" lon="6.92976">
        <ele>1550</ele>
        <time>2023-05-22T22:01:19Z</time>
      </trkpt>
      <trkpt lat="45.29031" lon="6.93012">
        <ele>1553</ele>
        <time>2023-05-22T22:01:56Z</time>
      </trkpt>
      <trkpt lat="45.29026" lon="6.93015">
        <ele>1553</ele>
        <time>2023-05-22T22:02:03Z</time>
      </trkpt>
      <trkpt lat="45.29019" lon="6.93015">
        <ele>1553</ele>
        <time>2023-05-22T22:02:12Z</time>
      </trkpt>
      <trkpt lat="45.29015" lon="6.93008">
        <ele>1552</ele>
        <time>2023-05-22T22:02:21Z</time>
      </trkpt>
      <trkpt lat="45.29011" lon="6.92989">
        <ele>1550</ele>
        <time>2023-05-22T22:02:39Z</time>
      </trkpt>
      <trkpt lat="45.29011" lon="6.92929">
        <ele>1543</ele>
        <time>2023-05-22T22:03:36Z</time>
      </trkpt>
      <trkpt lat="45.29014" lon="6.92912">
        <ele>1541</ele>
        <time>2023-05-22T22:03:52Z</time>
      </trkpt>
      <trkpt lat="45.29031" lon="6.92887">
        <ele>1538</ele>
        <time>2023-05-22T22:04:25Z</time>
      </trkpt>
      <trkpt lat="45.29033" lon="6.92878">
        <ele>1537</ele>
        <time>2023-05-22T22:04:34Z</time>
      </trkpt>
      <trkpt lat="45.29031" lon="6.92872">
        <ele>1536</ele>
        <time>2023-05-22T22:04:40Z</time>
      </trkpt>
      <trkpt lat="45.29025" lon="6.92866">
        <ele>1535</ele>
        <time>2023-05-22T22:04:50Z</time>
      </trkpt>
      <trkpt lat="45.29002" lon="6.92862">
        <ele>1535</ele>
        <time>2023-05-22T22:05:21Z</time>
      </trkpt>
      <trkpt lat="45.28991" lon="6.92855">
        <ele>1535</ele>
        <time>2023-05-22T22:05:37Z</time>
      </trkpt>
      <trkpt lat="45.28982" lon="6.92845">
        <ele>1535</ele>
        <time>2023-05-22T22:05:52Z</time>
      </trkpt>
      <trkpt lat="45.28979" lon="6.92831">
        <ele>1534</ele>
        <time>2023-05-22T22:06:06Z</time>
      </trkpt>
      <trkpt lat="45.2898" lon="6.9276">
        <ele>1526</ele>
        <time>2023-05-22T22:07:12Z</time>
      </trkpt>
      <trkpt lat="45.28975" lon="6.92722">
        <ele>1523</ele>
        <time>2023-05-22T22:07:49Z</time>
      </trkpt>
      <trkpt lat="45.28955" lon="6.92655">
        <ele>1519</ele>
        <time>2023-05-22T22:08:57Z</time>
      </trkpt>
      <trkpt lat="45.28935" lon="6.92568">
        <ele>1514</ele>
        <time>2023-05-22T22:10:23Z</time>
      </trkpt>
      <trkpt lat="45.28912" lon="6.92375">
        <ele>1511</ele>
        <time>2023-05-22T22:13:27Z</time>
      </trkpt>
      <trkpt lat="45.28866" lon="6.92173">
        <ele>1514</ele>
        <time>2023-05-22T22:16:46Z</time>
      </trkpt>
      <trkpt lat="45.28862" lon="6.92136">
        <ele>1515</ele>
        <time>2023-05-22T22:17:21Z</time>
      </trkpt>
      <trkpt lat="45.28864" lon="6.92119">
        <ele>1515</ele>
        <time>2023-05-22T22:17:37Z</time>
      </trkpt>
      <trkpt lat="45.28882" lon="6.92079">
        <ele>1512</ele>
        <time>2023-05-22T22:18:22Z</time>
      </trkpt>
      <trkpt lat="45.28891" lon="6.91916">
        <ele>1516</ele>
        <time>2023-05-22T22:20:55Z</time>
      </trkpt>
      <trkpt lat="45.28912" lon="6.91776">
        <ele>1510</ele>
        <time>2023-05-22T22:23:10Z</time>
      </trkpt>
      <trkpt lat="45.28913" lon="6.91738">
        <ele>1508</ele>
        <time>2023-05-22T22:23:45Z</time>
      </trkpt>
      <trkpt lat="45.2888" lon="6.91541">
        <ele>1512</ele>
        <time>2023-05-22T22:26:56Z</time>
      </trkpt>
      <trkpt lat="45.28852" lon="6.91425">
        <ele>1508</ele>
        <time>2023-05-22T22:28:51Z</time>
      </trkpt>
      <trkpt lat="45.28858" lon="6.91311">
        <ele>1498</ele>
        <time>2023-05-22T22:30:38Z</time>
      </trkpt>
      <trkpt lat="45.28855" lon="6.91298">
        <ele>1498</ele>
        <time>2023-05-22T22:30:51Z</time>
      </trkpt>
      <trkpt lat="45.28833" lon="6.9125">
        <ele>1500</ele>
        <time>2023-05-22T22:31:45Z</time>
      </trkpt>
      <trkpt lat="45.28847" lon="6.91238">
        <ele>1497</ele>
        <time>2023-05-22T22:32:06Z</time>
      </trkpt>
      <trkpt lat="45.28851" lon="6.91204">
        <ele>1495</ele>
        <time>2023-05-22T22:32:39Z</time>
      </trkpt>
      <trkpt lat="45.28856" lon="6.912">
        <ele>1494</ele>
        <time>2023-05-22T22:32:46Z</time>
      </trkpt>
      <trkpt lat="45.28884" lon="6.91189">
        <ele>1489</ele>
        <time>2023-05-22T22:33:25Z</time>
      </trkpt>
      <trkpt lat="45.28904" lon="6.91175">
        <ele>1486</ele>
        <time>2023-05-22T22:33:55Z</time>
      </trkpt>
      <trkpt lat="45.28962" lon="6.91112">
        <ele>1479</ele>
        <time>2023-05-22T22:35:32Z</time>
      </trkpt>
      <trkpt lat="45.28941" lon="6.91087">
        <ele>1482</ele>
        <time>2023-05-22T22:36:09Z</time>
      </trkpt>
      <trkpt lat="45.2892" lon="6.91089">
        <ele>1484</ele>
        <time>2023-05-22T22:36:37Z</time>
      </trkpt>
      <trkpt lat="45.28905" lon="6.91053">
        <ele>1484</ele>
        <time>2023-05-22T22:37:16Z</time>
      </trkpt>
      <trkpt lat="45.28876" lon="6.90956">
        <ele>1481</ele>
        <time>2023-05-22T22:38:55Z</time>
      </trkpt>
      <trkpt lat="45.28906" lon="6.90866">
        <ele>1475</ele>
        <time>2023-05-22T22:40:29Z</time>
      </trkpt>
      <trkpt lat="45.28908" lon="6.90742">
        <ele>1470</ele>
        <time>2023-05-22T22:42:25Z</time>
      </trkpt>
      <trkpt lat="45.28858" lon="6.90555">
        <ele>1461</ele>
        <time>2023-05-22T22:45:33Z</time>
      </trkpt>
      <trkpt lat="45.28838" lon="6.90514">
        <ele>1458</ele>
        <time>2023-05-22T22:46:20Z</time>
      </trkpt>
      <trkpt lat="45.28879" lon="6.90358">
        <ele>1443</ele>
        <time>2023-05-22T22:48:56Z</time>
      </trkpt>
      <trkpt lat="45.28873" lon="6.90351">
        <ele>1443</ele>
        <time>2023-05-22T22:49:07Z</time>
      </trkpt>
      <trkpt lat="45.28865" lon="6.90354">
        <ele>1444</ele>
        <time>2023-05-22T22:49:18Z</time>
      </trkpt>
      <trkpt lat="45.28858" lon="6.90353">
        <ele>1445</ele>
        <time>2023-05-22T22:49:27Z</time>
      </trkpt>
      <trkpt lat="45.2885" lon="6.90344">
        <ele>1445</ele>
        <time>2023-05-22T22:49:41Z</time>
      </trkpt>
      <trkpt lat="45.28818" lon="6.90268">
        <ele>1441</ele>
        <time>2023-05-22T22:51:04Z</time>
      </trkpt>
      <trkpt lat="45.28818" lon="6.90248">
        <ele>1439</ele>
        <time>2023-05-22T22:51:23Z</time>
      </trkpt>
      <trkpt lat="45.28812" lon="6.90238">
        <ele>1439</ele>
        <time>2023-05-22T22:51:35Z</time>
      </trkpt>
      <trkpt lat="45.28812" lon="6.9023">
        <ele>1438</ele>
        <time>2023-05-22T22:51:42Z</time>
      </trkpt>
      <trkpt lat="45.28805" lon="6.90212">
        <ele>1437</ele>
        <time>2023-05-22T22:52:02Z</time>
      </trkpt>
      <trkpt lat="45.28788" lon="6.90202">
        <ele>1437</ele>
        <time>2023-05-22T22:52:26Z</time>
      </trkpt>
      <trkpt lat="45.28779" lon="6.90193">
        <ele>1437</ele>
        <time>2023-05-22T22:52:41Z</time>
      </trkpt>
      <trkpt lat="45.28764" lon="6.90171">
        <ele>1436</ele>
        <time>2023-05-22T22:53:10Z</time>
      </trkpt>
      <trkpt lat="45.28754" lon="6.90148">
        <ele>1434</ele>
        <time>2023-05-22T22:53:35Z</time>
      </trkpt>
      <trkpt lat="45.28744" lon="6.9015">
        <ele>1435</ele>
        <time>2023-05-22T22:53:49Z</time>
      </trkpt>
      <trkpt lat="45.2874" lon="6.90148">
        <ele>1435</ele>
        <time>2023-05-22T22:53:54Z</time>
      </trkpt>
      <trkpt lat="45.28664" lon="6.90034">
        <ele>1435</ele>
        <time>2023-05-22T22:56:22Z</time>
      </trkpt>
      <trkpt lat="45.28647" lon="6.90002">
        <ele>1434</ele>
        <time>2023-05-22T22:56:59Z</time>
      </trkpt>
      <trkpt lat="45.2863" lon="6.89961">
        <ele>1433</ele>
        <time>2023-05-22T22:57:44Z</time>
      </trkpt>
      <trkpt lat="45.28621" lon="6.89929">
        <ele>1432</ele>
        <time>2023-05-22T22:58:16Z</time>
      </trkpt>
      <trkpt lat="45.28617" lon="6.89896">
        <ele>1431</ele>
        <time>2023-05-22T22:58:48Z</time>
      </trkpt>
      <trkpt lat="45.28616" lon="6.89795">
        <ele>1429</ele>
        <time>2023-05-22T23:00:23Z</time>
      </trkpt>
      <trkpt lat="45.28614" lon="6.89773">
        <ele>1428</ele>
        <time>2023-05-22T23:00:43Z</time>
      </trkpt>
      <trkpt lat="45.28608" lon="6.89745">
        <ele>1428</ele>
        <time>2023-05-22T23:01:11Z</time>
      </trkpt>
      <trkpt lat="45.28601" lon="6.89727">
        <ele>1429</ele>
        <time>2023-05-22T23:01:30Z</time>
      </trkpt>
      <trkpt lat="45.2859" lon="6.89721">
        <ele>1430</ele>
        <time>2023-05-22T23:01:46Z</time>
      </trkpt>
      <trkpt lat="45.2853" lon="6.89637">
        <ele>1432</ele>
        <time>2023-05-22T23:03:38Z</time>
      </trkpt>
      <trkpt lat="45.28514" lon="6.89624">
        <ele>1433</ele>
        <time>2023-05-22T23:04:03Z</time>
      </trkpt>
      <trkpt lat="45.28521" lon="6.89596">
        <ele>1432</ele>
        <time>2023-05-22T23:04:31Z</time>
      </trkpt>
      <trkpt lat="45.2852" lon="6.89579">
        <ele>1431</ele>
        <time>2023-05-22T23:04:47Z</time>
      </trkpt>
      <trkpt lat="45.28517" lon="6.89569">
        <ele>1430</ele>
        <time>2023-05-22T23:04:57Z</time>
      </trkpt>
      <trkpt lat="45.28488" lon="6.89524">
        <ele>1432</ele>
        <time>2023-05-22T23:05:54Z</time>
      </trkpt>
      <trkpt lat="45.28477" lon="6.89488">
        <ele>1434</ele>
        <time>2023-05-22T23:06:31Z</time>
      </trkpt>
      <trkpt lat="45.28474" lon="6.89434">
        <ele>1432</ele>
        <time>2023-05-22T23:07:22Z</time>
      </trkpt>
      <trkpt lat="45.2848" lon="6.89378">
        <ele>1429</ele>
        <time>2023-05-22T23:08:15Z</time>
      </trkpt>
      <trkpt lat="45.28473" lon="6.89339">
        <ele>1431</ele>
        <time>2023-05-22T23:08:53Z</time>
      </trkpt>
      <trkpt lat="45.28474" lon="6.89323">
        <ele>1430</ele>
        <time>2023-05-22T23:09:08Z</time>
      </trkpt>
      <trkpt lat="45.28498" lon="6.89202">
        <ele>1417</ele>
        <time>2023-05-22T23:11:06Z</time>
      </trkpt>
      <trkpt lat="45.28519" lon="6.89116">
        <ele>1411</ele>
        <time>2023-05-22T23:12:32Z</time>
      </trkpt>
      <trkpt lat="45.28528" lon="6.89112">
        <ele>1410</ele>
        <time>2023-05-22T23:12:44Z</time>
      </trkpt>
      <trkpt lat="45.28534" lon="6.89102">
        <ele>1409</ele>
        <time>2023-05-22T23:12:57Z</time>
      </trkpt>
      <trkpt lat="45.28548" lon="6.88984">
        <ele>1409</ele>
        <time>2023-05-22T23:14:49Z</time>
      </trkpt>
      <trkpt lat="45.28545" lon="6.8888">
        <ele>1409</ele>
        <time>2023-05-22T23:16:27Z</time>
      </trkpt>
      <trkpt lat="45.28529" lon="6.88748">
        <ele>1408</ele>
        <time>2023-05-22T23:18:32Z</time>
      </trkpt>
      <trkpt lat="45.28513" lon="6.88556">
        <ele>1402</ele>
        <time>2023-05-22T23:21:34Z</time>
      </trkpt>
      <trkpt lat="45.2849" lon="6.88365">
        <ele>1401</ele>
        <time>2023-05-22T23:24:36Z</time>
      </trkpt>
      <trkpt lat="45.28482" lon="6.88332">
        <ele>1403</ele>
        <time>2023-05-22T23:25:09Z</time>
      </trkpt>
      <trkpt lat="45.28476" lon="6.88317">
        <ele>1405</ele>
        <time>2023-05-22T23:25:25Z</time>
      </trkpt>
      <trkpt lat="45.28467" lon="6.8831">
        <ele>1408</ele>
        <time>2023-05-22T23:25:39Z</time>
      </trkpt>
      <trkpt lat="45.2846" lon="6.88299">
        <ele>1411</ele>
        <time>2023-05-22T23:25:52Z</time>
      </trkpt>
      <trkpt lat="45.28451" lon="6.88276">
        <ele>1414</ele>
        <time>2023-05-22T23:26:17Z</time>
      </trkpt>
      <trkpt lat="45.28449" lon="6.88264">
        <ele>1414</ele>
        <time>2023-05-22T23:26:29Z</time>
      </trkpt>
      <trkpt lat="45.28449" lon="6.8819">
        <ele>1411</ele>
        <time>2023-05-22T23:27:38Z</time>
      </trkpt>
      <trkpt lat="45.28443" lon="6.88164">
        <ele>1412</ele>
        <time>2023-05-22T23:28:04Z</time>
      </trkpt>
      <trkpt lat="45.2843" lon="6.88135">
        <ele>1414</ele>
        <time>2023-05-22T23:28:36Z</time>
      </trkpt>
      <trkpt lat="45.28421" lon="6.88007">
        <ele>1412</ele>
        <time>2023-05-22T23:30:37Z</time>
      </trkpt>
      <trkpt lat="45.28404" lon="6.87904">
        <ele>1412</ele>
        <time>2023-05-22T23:32:16Z</time>
      </trkpt>
      <trkpt lat="45.28403" lon="6.87877">
        <ele>1412</ele>
        <time>2023-05-22T23:32:42Z</time>
      </trkpt>
      <trkpt lat="45.28397" lon="6.87861">
        <ele>1416</ele>
        <time>2023-05-22T23:32:59Z</time>
      </trkpt>
      <trkpt lat="45.28395" lon="6.87823">
        <ele>1417</ele>
        <time>2023-05-22T23:33:35Z</time>
      </trkpt>
      <trkpt lat="45.28398" lon="6.87792">
        <ele>1415</ele>
        <time>2023-05-22T23:34:04Z</time>
      </trkpt>
      <trkpt lat="45.28389" lon="6.87763">
        <ele>1420</ele>
        <time>2023-05-22T23:34:34Z</time>
      </trkpt>
      <trkpt lat="45.28388" lon="6.8766">
        <ele>1422</ele>
        <time>2023-05-22T23:36:10Z</time>
      </trkpt>
      <trkpt lat="45.28378" lon="6.87536">
        <ele>1425</ele>
        <time>2023-05-22T23:38:08Z</time>
      </trkpt>
      <trkpt lat="45.28382" lon="6.87505">
        <ele>1420</ele>
        <time>2023-05-22T23:38:37Z</time>
      </trkpt>
      <trkpt lat="45.28381" lon="6.8748">
        <ele>1419</ele>
        <time>2023-05-22T23:39:01Z</time>
      </trkpt>
      <trkpt lat="45.28354" lon="6.87388">
        <ele>1430</ele>
        <time>2023-05-22T23:40:34Z</time>
      </trkpt>
      <trkpt lat="45.28351" lon="6.87362">
        <ele>1430</ele>
        <time>2023-05-22T23:40:59Z</time>
      </trkpt>
      <trkpt lat="45.28353" lon="6.87306">
        <ele>1424</ele>
        <time>2023-05-22T23:41:52Z</time>
      </trkpt>
      <trkpt lat="45.28346" lon="6.87254">
        <ele>1422</ele>
        <time>2023-05-22T23:42:41Z</time>
      </trkpt>
      <trkpt lat="45.28332" lon="6.87232">
        <ele>1428</ele>
        <time>2023-05-22T23:43:09Z</time>
      </trkpt>
      <trkpt lat="45.28327" lon="6.87229">
        <ele>1431</ele>
        <time>2023-05-22T23:43:16Z</time>
      </trkpt>
      <trkpt lat="45.28321" lon="6.87229">
        <ele>1435</ele>
        <time>2023-05-22T23:43:24Z</time>
      </trkpt>
      <trkpt lat="45.28315" lon="6.87235">
        <ele>1439</ele>
        <time>2023-05-22T23:43:34Z</time>
      </trkpt>
      <trkpt lat="45.28313" lon="6.87245">
        <ele>1441</ele>
        <time>2023-05-22T23:43:44Z</time>
      </trkpt>
      <trkpt lat="45.28315" lon="6.87254">
        <ele>1440</ele>
        <time>2023-05-22T23:43:53Z</time>
      </trkpt>
      <trkpt lat="45.28327" lon="6.87273">
        <ele>1435</ele>
        <time>2023-05-22T23:44:17Z</time>
      </trkpt>
      <trkpt lat="45.28328" lon="6.8728">
        <ele>1435</ele>
        <time>2023-05-22T23:44:24Z</time>
      </trkpt>
      <trkpt lat="45.28327" lon="6.87287">
        <ele>1436</ele>
        <time>2023-05-22T23:44:30Z</time>
      </trkpt>
      <trkpt lat="45.28319" lon="6.87295">
        <ele>1442</ele>
        <time>2023-05-22T23:44:43Z</time>
      </trkpt>
      <trkpt lat="45.28303" lon="6.87268">
        <ele>1449</ele>
        <time>2023-05-22T23:45:16Z</time>
      </trkpt>
      <trkpt lat="45.28294" lon="6.87247">
        <ele>1453</ele>
        <time>2023-05-22T23:45:40Z</time>
      </trkpt>
      <trkpt lat="45.28282" lon="6.87175">
        <ele>1459</ele>
        <time>2023-05-22T23:46:49Z</time>
      </trkpt>
      <trkpt lat="45.28283" lon="6.87109">
        <ele>1456</ele>
        <time>2023-05-22T23:47:51Z</time>
      </trkpt>
      <trkpt lat="45.28277" lon="6.87011">
        <ele>1459</ele>
        <time>2023-05-22T23:49:23Z</time>
      </trkpt>
      <trkpt lat="45.28266" lon="6.86967">
        <ele>1464</ele>
        <time>2023-05-22T23:50:07Z</time>
      </trkpt>
      <trkpt lat="45.2826" lon="6.86928">
        <ele>1467</ele>
        <time>2023-05-22T23:50:45Z</time>
      </trkpt>
      <trkpt lat="45.28237" lon="6.86864">
        <ele>1483</ele>
        <time>2023-05-22T23:51:52Z</time>
      </trkpt>
      <trkpt lat="45.28253" lon="6.86802">
        <ele>1473</ele>
        <time>2023-05-22T23:52:54Z</time>
      </trkpt>
      <trkpt lat="45.28258" lon="6.86741">
        <ele>1469</ele>
        <time>2023-05-22T23:53:52Z</time>
      </trkpt>
      <trkpt lat="45.28257" lon="6.86729">
        <ele>1470</ele>
        <time>2023-05-22T23:54:03Z</time>
      </trkpt>
      <trkpt lat="45.28244" lon="6.86687">
        <ele>1482</ele>
        <time>2023-05-22T23:54:46Z</time>
      </trkpt>
      <trkpt lat="45.28242" lon="6.86625">
        <ele>1486</ele>
        <time>2023-05-22T23:55:45Z</time>
      </trkpt>
      <trkpt lat="45.2823" lon="6.8657">
        <ele>1496</ele>
        <time>2023-05-22T23:56:39Z</time>
      </trkpt>
      <trkpt lat="45.28225" lon="6.86526">
        <ele>1500</ele>
        <time>2023-05-22T23:57:20Z</time>
      </trkpt>
      <trkpt lat="45.28224" lon="6.86456">
        <ele>1500</ele>
        <time>2023-05-22T23:58:26Z</time>
      </trkpt>
      <trkpt lat="45.28218" lon="6.86422">
        <ele>1502</ele>
        <time>2023-05-22T23:58:59Z</time>
      </trkpt>
      <trkpt lat="45.28218" lon="6.86381">
        <ele>1501</ele>
        <time>2023-05-22T23:59:38Z</time>
      </trkpt>
      <trkpt lat="45.28214" lon="6.86358">
        <ele>1503</ele>
        <time>2023-05-23T00:00:00Z</time>
      </trkpt>
      <trkpt lat="45.28229" lon="6.86244">
        <ele>1498</ele>
        <time>2023-05-23T00:01:49Z</time>
      </trkpt>
      <trkpt lat="45.28219" lon="6.86209">
        <ele>1507</ele>
        <time>2023-05-23T00:02:24Z</time>
      </trkpt>
      <trkpt lat="45.28215" lon="6.86182">
        <ele>1511</ele>
        <time>2023-05-23T00:02:50Z</time>
      </trkpt>
      <trkpt lat="45.28217" lon="6.86159">
        <ele>1512</ele>
        <time>2023-05-23T00:03:12Z</time>
      </trkpt>
      <trkpt lat="45.28225" lon="6.86138">
        <ele>1511</ele>
        <time>2023-05-23T00:03:34Z</time>
      </trkpt>
      <trkpt lat="45.28246" lon="6.86121">
        <ele>1502</ele>
        <time>2023-05-23T00:04:07Z</time>
      </trkpt>
      <trkpt lat="45.28253" lon="6.86104">
        <ele>1501</ele>
        <time>2023-05-23T00:04:25Z</time>
      </trkpt>
      <trkpt lat="45.28254" lon="6.86075">
        <ele>1503</ele>
        <time>2023-05-23T00:04:52Z</time>
      </trkpt>
      <trkpt lat="45.28249" lon="6.86051">
        <ele>1505</ele>
        <time>2023-05-23T00:05:16Z</time>
      </trkpt>
      <trkpt lat="45.28244" lon="6.86035">
        <ele>1507</ele>
        <time>2023-05-23T00:05:32Z</time>
      </trkpt>
      <trkpt lat="45.28227" lon="6.86002">
        <ele>1516</ele>
        <time>2023-05-23T00:06:11Z</time>
      </trkpt>
      <trkpt lat="45.28227" lon="6.85996">
        <ele>1516</ele>
        <time>2023-05-23T00:06:16Z</time>
      </trkpt>
      <trkpt lat="45.28234" lon="6.85983">
        <ele>1513</ele>
        <time>2023-05-23T00:06:32Z</time>
      </trkpt>
      <trkpt lat="45.28247" lon="6.8597">
        <ele>1506</ele>
        <time>2023-05-23T00:06:53Z</time>
      </trkpt>
      <trkpt lat="45.28253" lon="6.85958">
        <ele>1503</ele>
        <time>2023-05-23T00:07:07Z</time>
      </trkpt>
      <trkpt lat="45.28261" lon="6.85852">
        <ele>1501</ele>
        <time>2023-05-23T00:08:47Z</time>
      </trkpt>
      <trkpt lat="45.28255" lon="6.85804">
        <ele>1505</ele>
        <time>2023-05-23T00:09:33Z</time>
      </trkpt>
      <trkpt lat="45.28256" lon="6.85777">
        <ele>1504</ele>
        <time>2023-05-23T00:09:58Z</time>
      </trkpt>
      <trkpt lat="45.28251" lon="6.85763">
        <ele>1506</ele>
        <time>2023-05-23T00:10:13Z</time>
      </trkpt>
      <trkpt lat="45.28239" lon="6.85744">
        <ele>1512</ele>
        <time>2023-05-23T00:10:37Z</time>
      </trkpt>
      <trkpt lat="45.28237" lon="6.85728">
        <ele>1512</ele>
        <time>2023-05-23T00:10:52Z</time>
      </trkpt>
      <trkpt lat="45.28225" lon="6.85686">
        <ele>1516</ele>
        <time>2023-05-23T00:11:34Z</time>
      </trkpt>
      <trkpt lat="45.28243" lon="6.85653">
        <ele>1506</ele>
        <time>2023-05-23T00:12:14Z</time>
      </trkpt>
      <trkpt lat="45.28247" lon="6.85636">
        <ele>1503</ele>
        <time>2023-05-23T00:12:31Z</time>
      </trkpt>
      <trkpt lat="45.28245" lon="6.85611">
        <ele>1504</ele>
        <time>2023-05-23T00:12:54Z</time>
      </trkpt>
      <trkpt lat="45.28231" lon="6.85556">
        <ele>1514</ele>
        <time>2023-05-23T00:13:49Z</time>
      </trkpt>
      <trkpt lat="45.28232" lon="6.85542">
        <ele>1514</ele>
        <time>2023-05-23T00:14:02Z</time>
      </trkpt>
      <trkpt lat="45.28241" lon="6.85517">
        <ele>1511</ele>
        <time>2023-05-23T00:14:29Z</time>
      </trkpt>
      <trkpt lat="45.28241" lon="6.85479">
        <ele>1512</ele>
        <time>2023-05-23T00:15:04Z</time>
      </trkpt>
      <trkpt lat="45.28248" lon="6.85451">
        <ele>1509</ele>
        <time>2023-05-23T00:15:32Z</time>
      </trkpt>
      <trkpt lat="45.2825" lon="6.85407">
        <ele>1508</ele>
        <time>2023-05-23T00:16:14Z</time>
      </trkpt>
      <trkpt lat="45.28246" lon="6.85385">
        <ele>1509</ele>
        <time>2023-05-23T00:16:35Z</time>
      </trkpt>
      <trkpt lat="45.28216" lon="6.85345">
        <ele>1523</ele>
        <time>2023-05-23T00:17:30Z</time>
      </trkpt>
      <trkpt lat="45.28214" lon="6.85326">
        <ele>1523</ele>
        <time>2023-05-23T00:17:48Z</time>
      </trkpt>
      <trkpt lat="45.28223" lon="6.85298">
        <ele>1516</ele>
        <time>2023-05-23T00:18:17Z</time>
      </trkpt>
      <trkpt lat="45.28216" lon="6.85221">
        <ele>1519</ele>
        <time>2023-05-23T00:19:30Z</time>
      </trkpt>
      <trkpt lat="45.28224" lon="6.85191">
        <ele>1517</ele>
        <time>2023-05-23T00:20:00Z</time>
      </trkpt>
      <trkpt lat="45.28228" lon="6.85183">
        <ele>1516</ele>
        <time>2023-05-23T00:20:09Z</time>
      </trkpt>
      <trkpt lat="45.28246" lon="6.85161">
        <ele>1508</ele>
        <time>2023-05-23T00:20:41Z</time>
      </trkpt>
      <trkpt lat="45.28254" lon="6.85138">
        <ele>1507</ele>
        <time>2023-05-23T00:21:05Z</time>
      </trkpt>
      <trkpt lat="45.28257" lon="6.85116">
        <ele>1509</ele>
        <time>2023-05-23T00:21:26Z</time>
      </trkpt>
      <trkpt lat="45.28256" lon="6.85087">
        <ele>1513</ele>
        <time>2023-05-23T00:21:53Z</time>
      </trkpt>
      <trkpt lat="45.28273" lon="6.85033">
        <ele>1511</ele>
        <time>2023-05-23T00:22:49Z</time>
      </trkpt>
      <trkpt lat="45.28273" lon="6.84996">
        <ele>1515</ele>
        <time>2023-05-23T00:23:23Z</time>
      </trkpt>
      <trkpt lat="45.28284" lon="6.84931">
        <ele>1515</ele>
        <time>2023-05-23T00:24:26Z</time>
      </trkpt>
      <trkpt lat="45.28284" lon="6.84887">
        <ele>1517</ele>
        <time>2023-05-23T00:25:07Z</time>
      </trkpt>
      <trkpt lat="45.28269" lon="6.84847">
        <ele>1525</ele>
        <time>2023-05-23T00:25:50Z</time>
      </trkpt>
      <trkpt lat="45.28267" lon="6.84817">
        <ele>1528</ele>
        <time>2023-05-23T00:26:18Z</time>
      </trkpt>
      <trkpt lat="45.2827" lon="6.84796">
        <ele>1529</ele>
        <time>2023-05-23T00:26:38Z</time>
      </trkpt>
      <trkpt lat="45.28278" lon="6.84768">
        <ele>1529</ele>
        <time>2023-05-23T00:27:07Z</time>
      </trkpt>
      <trkpt lat="45.28285" lon="6.84707">
        <ele>1532</ele>
        <time>2023-05-23T00:28:05Z</time>
      </trkpt>
      <trkpt lat="45.28305" lon="6.84587">
        <ele>1527</ele>
        <time>2023-05-23T00:30:01Z</time>
      </trkpt>
      <trkpt lat="45.28305" lon="6.84536">
        <ele>1522</ele>
        <time>2023-05-23T00:30:49Z</time>
      </trkpt>
      <trkpt lat="45.28301" lon="6.84456">
        <ele>1517</ele>
        <time>2023-05-23T00:32:04Z</time>
      </trkpt>
      <trkpt lat="45.28308" lon="6.84427">
        <ele>1511</ele>
        <time>2023-05-23T00:32:33Z</time>
      </trkpt>
      <trkpt lat="45.28311" lon="6.84355">
        <ele>1506</ele>
        <time>2023-05-23T00:33:40Z</time>
      </trkpt>
      <trkpt lat="45.28305" lon="6.84344">
        <ele>1508</ele>
        <time>2023-05-23T00:33:53Z</time>
      </trkpt>
      <trkpt lat="45.28285" lon="6.84325">
        <ele>1517</ele>
        <time>2023-05-23T00:34:26Z</time>
      </trkpt>
      <trkpt lat="45.28282" lon="6.84301">
        <ele>1515</ele>
        <time>2023-05-23T00:34:48Z</time>
      </trkpt>
      <trkpt lat="45.2827" lon="6.84271">
        <ele>1517</ele>
        <time>2023-05-23T00:35:21Z</time>
      </trkpt>
      <trkpt lat="45.28267" lon="6.84252">
        <ele>1516</ele>
        <time>2023-05-23T00:35:39Z</time>
      </trkpt>
      <trkpt lat="45.28268" lon="6.84215">
        <ele>1510</ele>
        <time>2023-05-23T00:36:14Z</time>
      </trkpt>
      <trkpt lat="45.28259" lon="6.84173">
        <ele>1509</ele>
        <time>2023-05-23T00:36:55Z</time>
      </trkpt>
      <trkpt lat="45.28253" lon="6.84124">
        <ele>1507</ele>
        <time>2023-05-23T00:37:42Z</time>
      </trkpt>
      <trkpt lat="45.28259" lon="6.84108">
        <ele>1502</ele>
        <time>2023-05-23T00:37:59Z</time>
      </trkpt>
      <trkpt lat="45.28266" lon="6.84071">
        <ele>1495</ele>
        <time>2023-05-23T00:38:35Z</time>
      </trkpt>
      <trkpt lat="45.28263" lon="6.84031">
        <ele>1495</ele>
        <time>2023-05-23T00:39:13Z</time>
      </trkpt>
      <trkpt lat="45.28274" lon="6.83985">
        <ele>1487</ele>
        <time>2023-05-23T00:39:58Z</time>
      </trkpt>
      <trkpt lat="45.28271" lon="6.83942">
        <ele>1487</ele>
        <time>2023-05-23T00:40:39Z</time>
      </trkpt>
      <trkpt lat="45.28276" lon="6.83931">
        <ele>1484</ele>
        <time>2023-05-23T00:40:51Z</time>
      </trkpt>
      <trkpt lat="45.28283" lon="6.83925">
        <ele>1479</ele>
        <time>2023-05-23T00:41:02Z</time>
      </trkpt>
      <trkpt lat="45.28292" lon="6.83928">
        <ele>1474</ele>
        <time>2023-05-23T00:41:14Z</time>
      </trkpt>
      <trkpt lat="45.283" lon="6.83948">
        <ele>1470</ele>
        <time>2023-05-23T00:41:36Z</time>
      </trkpt>
      <trkpt lat="45.28301" lon="6.83982">
        <ele>1471</ele>
        <time>2023-05-23T00:42:08Z</time>
      </trkpt>
      <trkpt lat="45.28296" lon="6.84018">
        <ele>1475</ele>
        <time>2023-05-23T00:42:42Z</time>
      </trkpt>
      <trkpt lat="45.28299" lon="6.84041">
        <ele>1475</ele>
        <time>2023-05-23T00:43:04Z</time>
      </trkpt>
      <trkpt lat="45.2831" lon="6.84068">
        <ele>1470</ele>
        <time>2023-05-23T00:43:34Z</time>
      </trkpt>
      <trkpt lat="45.28312" lon="6.8408">
        <ele>1470</ele>
        <time>2023-05-23T00:43:45Z</time>
      </trkpt>
      <trkpt lat="45.2831" lon="6.84136">
        <ele>1477</ele>
        <time>2023-05-23T00:44:38Z</time>
      </trkpt>
      <trkpt lat="45.28313" lon="6.8414">
        <ele>1476</ele>
        <time>2023-05-23T00:44:43Z</time>
      </trkpt>
      <trkpt lat="45.28318" lon="6.8414">
        <ele>1473</ele>
        <time>2023-05-23T00:44:50Z</time>
      </trkpt>
      <trkpt lat="45.28322" lon="6.84134">
        <ele>1470</ele>
        <time>2023-05-23T00:44:58Z</time>
      </trkpt>
      <trkpt lat="45.28327" lon="6.84107">
        <ele>1464</ele>
        <time>2023-05-23T00:45:24Z</time>
      </trkpt>
      <trkpt lat="45.28338" lon="6.84088">
        <ele>1455</ele>
        <time>2023-05-23T00:45:47Z</time>
      </trkpt>
      <trkpt lat="45.28338" lon="6.84071">
        <ele>1454</ele>
        <time>2023-05-23T00:46:03Z</time>
      </trkpt>
      <trkpt lat="45.28318" lon="6.84016">
        <ele>1463</ele>
        <time>2023-05-23T00:47:01Z</time>
      </trkpt>
      <trkpt lat="45.28319" lon="6.84003">
        <ele>1461</ele>
        <time>2023-05-23T00:47:13Z</time>
      </trkpt>
      <trkpt lat="45.28324" lon="6.83993">
        <ele>1458</ele>
        <time>2023-05-23T00:47:25Z</time>
      </trkpt>
      <trkpt lat="45.28328" lon="6.83975">
        <ele>1455</ele>
        <time>2023-05-23T00:47:43Z</time>
      </trkpt>
      <trkpt lat="45.28333" lon="6.83875">
        <ele>1448</ele>
        <time>2023-05-23T00:49:17Z</time>
      </trkpt>
      <trkpt lat="45.28329" lon="6.83812">
        <ele>1447</ele>
        <time>2023-05-23T00:50:16Z</time>
      </trkpt>
      <trkpt lat="45.28329" lon="6.8373">
        <ele>1445</ele>
        <time>2023-05-23T00:51:33Z</time>
      </trkpt>
      <trkpt lat="45.28333" lon="6.83696">
        <ele>1441</ele>
        <time>2023-05-23T00:52:06Z</time>
      </trkpt>
      <trkpt lat="45.2833" lon="6.83568">
        <ele>1436</ele>
        <time>2023-05-23T00:54:06Z</time>
      </trkpt>
      <trkpt lat="45.28331" lon="6.83555">
        <ele>1435</ele>
        <time>2023-05-23T00:54:18Z</time>
      </trkpt>
      <trkpt lat="45.2834" lon="6.83527">
        <ele>1429</ele>
        <time>2023-05-23T00:54:47Z</time>
      </trkpt>
      <trkpt lat="45.28351" lon="6.83464">
        <ele>1417</ele>
        <time>2023-05-23T00:55:48Z</time>
      </trkpt>
      <trkpt lat="45.2835" lon="6.83397">
        <ele>1406</ele>
        <time>2023-05-23T00:56:51Z</time>
      </trkpt>
      <trkpt lat="45.28333" lon="6.83355">
        <ele>1402</ele>
        <time>2023-05-23T00:57:36Z</time>
      </trkpt>
      <trkpt lat="45.283" lon="6.83302">
        <ele>1402</ele>
        <time>2023-05-23T00:58:43Z</time>
      </trkpt>
      <trkpt lat="45.28212" lon="6.83217">
        <ele>1418</ele>
        <time>2023-05-23T01:01:05Z</time>
      </trkpt>
      <trkpt lat="45.2819" lon="6.83191">
        <ele>1419</ele>
        <time>2023-05-23T01:01:43Z</time>
      </trkpt>
      <trkpt lat="45.28177" lon="6.83172">
        <ele>1418</ele>
        <time>2023-05-23T01:02:08Z</time>
      </trkpt>
      <trkpt lat="45.28158" lon="6.83136">
        <ele>1414</ele>
        <time>2023-05-23T01:02:50Z</time>
      </trkpt>
      <trkpt lat="45.28072" lon="6.83021">
        <ele>1410</ele>
        <time>2023-05-23T01:05:28Z</time>
      </trkpt>
      <trkpt lat="45.28042" lon="6.82958">
        <ele>1407</ele>
        <time>2023-05-23T01:06:39Z</time>
      </trkpt>
      <trkpt lat="45.28016" lon="6.82896">
        <ele>1404</ele>
        <time>2023-05-23T01:07:47Z</time>
      </trkpt>
      <trkpt lat="45.27992" lon="6.8285">
        <ele>1404</ele>
        <time>2023-05-23T01:08:41Z</time>
      </trkpt>
      <trkpt lat="45.27969" lon="6.82813">
        <ele>1403</ele>
        <time>2023-05-23T01:09:27Z</time>
      </trkpt>
      <trkpt lat="45.27946" lon="6.82784">
        <ele>1400</ele>
        <time>2023-05-23T01:10:08Z</time>
      </trkpt>
      <trkpt lat="45.27906" lon="6.82749">
        <ele>1398</ele>
        <time>2023-05-23T01:11:11Z</time>
      </trkpt>
      <trkpt lat="45.27888" lon="6.82725">
        <ele>1397</ele>
        <time>2023-05-23T01:11:44Z</time>
      </trkpt>
      <trkpt lat="45.27844" lon="6.82692">
        <ele>1396</ele>
        <time>2023-05-23T01:12:50Z</time>
      </trkpt>
      <trkpt lat="45.27807" lon="6.8266">
        <ele>1395</ele>
        <time>2023-05-23T01:13:48Z</time>
      </trkpt>
      <trkpt lat="45.27799" lon="6.82656">
        <ele>1396</ele>
        <time>2023-05-23T01:13:59Z</time>
      </trkpt>
      <trkpt lat="45.27792" lon="6.82655">
        <ele>1397</ele>
        <time>2023-05-23T01:14:09Z</time>
      </trkpt>
      <trkpt lat="45.27784" lon="6.82658">
        <ele>1398</ele>
        <time>2023-05-23T01:14:20Z</time>
      </trkpt>
      <trkpt lat="45.2778" lon="6.82656">
        <ele>1398</ele>
        <time>2023-05-23T01:14:25Z</time>
      </trkpt>
      <trkpt lat="45.27745" lon="6.82632">
        <ele>1399</ele>
        <time>2023-05-23T01:15:17Z</time>
      </trkpt>
      <trkpt lat="45.2773" lon="6.82618">
        <ele>1398</ele>
        <time>2023-05-23T01:15:41Z</time>
      </trkpt>
      <trkpt lat="45.27677" lon="6.82554">
        <ele>1389</ele>
        <time>2023-05-23T01:17:14Z</time>
      </trkpt>
      <trkpt lat="45.27663" lon="6.82531">
        <ele>1385</ele>
        <time>2023-05-23T01:17:42Z</time>
      </trkpt>
      <trkpt lat="45.27623" lon="6.82483">
        <ele>1375</ele>
        <time>2023-05-23T01:18:52Z</time>
      </trkpt>
      <trkpt lat="45.27602" lon="6.82454">
        <ele>1370</ele>
        <time>2023-05-23T01:19:31Z</time>
      </trkpt>
      <trkpt lat="45.27562" lon="6.82412">
        <ele>1364</ele>
        <time>2023-05-23T01:20:38Z</time>
      </trkpt>
      <trkpt lat="45.27552" lon="6.82398">
        <ele>1361</ele>
        <time>2023-05-23T01:20:56Z</time>
      </trkpt>
      <trkpt lat="45.27528" lon="6.82335">
        <ele>1352</ele>
        <time>2023-05-23T01:22:04Z</time>
      </trkpt>
      <trkpt lat="45.27521" lon="6.82306">
        <ele>1349</ele>
        <time>2023-05-23T01:22:33Z</time>
      </trkpt>
      <trkpt lat="45.27523" lon="6.82245">
        <ele>1343</ele>
        <time>2023-05-23T01:23:30Z</time>
      </trkpt>
      <trkpt lat="45.27503" lon="6.82118">
        <ele>1333</ele>
        <time>2023-05-23T01:25:32Z</time>
      </trkpt>
      <trkpt lat="45.275" lon="6.8207">
        <ele>1329</ele>
        <time>2023-05-23T01:26:17Z</time>
      </trkpt>
      <trkpt lat="45.27492" lon="6.8201">
        <ele>1322</ele>
        <time>2023-05-23T01:27:15Z</time>
      </trkpt>
      <trkpt lat="45.27476" lon="6.81935">
        <ele>1315</ele>
        <time>2023-05-23T01:28:28Z</time>
      </trkpt>
      <trkpt lat="45.27473" lon="6.81884">
        <ele>1310</ele>
        <time>2023-05-23T01:29:16Z</time>
      </trkpt>
      <trkpt lat="45.27458" lon="6.81879">
        <ele>1311</ele>
        <time>2023-05-23T01:29:37Z</time>
      </trkpt>
      <trkpt lat="45.27434" lon="6.81861">
        <ele>1312</ele>
        <time>2023-05-23T01:30:13Z</time>
      </trkpt>
      <trkpt lat="45.27409" lon="6.81837">
        <ele>1312</ele>
        <time>2023-05-23T01:30:53Z</time>
      </trkpt>
      <trkpt lat="45.2738" lon="6.81803">
        <ele>1312</ele>
        <time>2023-05-23T01:31:44Z</time>
      </trkpt>
      <trkpt lat="45.27317" lon="6.81771">
        <ele>1309</ele>
        <time>2023-05-23T01:33:13Z</time>
      </trkpt>
      <trkpt lat="45.27213" lon="6.81741">
        <ele>1303</ele>
        <time>2023-05-23T01:35:34Z</time>
      </trkpt>
      <trkpt lat="45.2719" lon="6.81728">
        <ele>1302</ele>
        <time>2023-05-23T01:36:07Z</time>
      </trkpt>
      <trkpt lat="45.27176" lon="6.81714">
        <ele>1300</ele>
        <time>2023-05-23T01:36:30Z</time>
      </trkpt>
      <trkpt lat="45.27152" lon="6.81703">
        <ele>1299</ele>
        <time>2023-05-23T01:37:04Z</time>
      </trkpt>
      <trkpt lat="45.27138" lon="6.81704">
        <ele>1300</ele>
        <time>2023-05-23T01:37:23Z</time>
      </trkpt>
      <trkpt lat="45.27118" lon="6.81733">
        <ele>1303</ele>
        <time>2023-05-23T01:38:01Z</time>
      </trkpt>
      <trkpt lat="45.27074" lon="6.81703">
        <ele>1300</ele>
        <time>2023-05-23T01:39:06Z</time>
      </trkpt>
      <trkpt lat="45.27056" lon="6.81688">
        <ele>1299</ele>
        <time>2023-05-23T01:39:34Z</time>
      </trkpt>
      <trkpt lat="45.2699" lon="6.81658">
        <ele>1294</ele>
        <time>2023-05-23T01:41:06Z</time>
      </trkpt>
      <trkpt lat="45.26952" lon="6.8165">
        <ele>1291</ele>
        <time>2023-05-23T01:41:57Z</time>
      </trkpt>
      <trkpt lat="45.26929" lon="6.81656">
        <ele>1290</ele>
        <time>2023-05-23T01:42:29Z</time>
      </trkpt>
      <trkpt lat="45.2692" lon="6.81669">
        <ele>1291</ele>
        <time>2023-05-23T01:42:46Z</time>
      </trkpt>
      <trkpt lat="45.26905" lon="6.81683">
        <ele>1292</ele>
        <time>2023-05-23T01:43:10Z</time>
      </trkpt>
      <trkpt lat="45.26873" lon="6.81699">
        <ele>1291</ele>
        <time>2023-05-23T01:43:55Z</time>
      </trkpt>
      <trkpt lat="45.26859" lon="6.8171">
        <ele>1292</ele>
        <time>2023-05-23T01:44:16Z</time>
      </trkpt>
      <trkpt lat="45.26848" lon="6.81723">
        <ele>1294</ele>
        <time>2023-05-23T01:44:35Z</time>
      </trkpt>
      <trkpt lat="45.26827" lon="6.81736">
        <ele>1296</ele>
        <time>2023-05-23T01:45:06Z</time>
      </trkpt>
      <trkpt lat="45.26815" lon="6.81737">
        <ele>1298</ele>
        <time>2023-05-23T01:45:22Z</time>
      </trkpt>
      <trkpt lat="45.26794" lon="6.81732">
        <ele>1300</ele>
        <time>2023-05-23T01:45:51Z</time>
      </trkpt>
      <trkpt lat="45.26759" lon="6.81704">
        <ele>1298</ele>
        <time>2023-05-23T01:46:44Z</time>
      </trkpt>
      <trkpt lat="45.26742" lon="6.81694">
        <ele>1298</ele>
        <time>2023-05-23T01:47:09Z</time>
      </trkpt>
      <trkpt lat="45.26738" lon="6.81693">
        <ele>1299</ele>
        <time>2023-05-23T01:47:14Z</time>
      </trkpt>
      <trkpt lat="45.26725" lon="6.81699">
        <ele>1304</ele>
        <time>2023-05-23T01:47:32Z</time>
      </trkpt>
      <trkpt lat="45.26714" lon="6.81701">
        <ele>1307</ele>
        <time>2023-05-23T01:47:47Z</time>
      </trkpt>
      <trkpt lat="45.26708" lon="6.81695">
        <ele>1307</ele>
        <time>2023-05-23T01:47:57Z</time>
      </trkpt>
      <trkpt lat="45.26695" lon="6.8167">
        <ele>1304</ele>
        <time>2023-05-23T01:48:26Z</time>
      </trkpt>
      <trkpt lat="45.26668" lon="6.81637">
        <ele>1304</ele>
        <time>2023-05-23T01:49:14Z</time>
      </trkpt>
      <trkpt lat="45.26637" lon="6.81545">
        <ele>1296</ele>
        <time>2023-05-23T01:50:49Z</time>
      </trkpt>
      <trkpt lat="45.26608" lon="6.815">
        <ele>1292</ele>
        <time>2023-05-23T01:51:47Z</time>
      </trkpt>
      <trkpt lat="45.26581" lon="6.81465">
        <ele>1292</ele>
        <time>2023-05-23T01:52:36Z</time>
      </trkpt>
      <trkpt lat="45.26552" lon="6.8144">
        <ele>1292</ele>
        <time>2023-05-23T01:53:21Z</time>
      </trkpt>
      <trkpt lat="45.26525" lon="6.81426">
        <ele>1291</ele>
        <time>2023-05-23T01:53:59Z</time>
      </trkpt>
      <trkpt lat="45.26487" lon="6.81398">
        <ele>1288</ele>
        <time>2023-05-23T01:54:56Z</time>
      </trkpt>
      <trkpt lat="45.26471" lon="6.81378">
        <ele>1286</ele>
        <time>2023-05-23T01:55:25Z</time>
      </trkpt>
      <trkpt lat="45.26382" lon="6.81318">
        <ele>1278</ele>
        <time>2023-05-23T01:57:36Z</time>
      </trkpt>
      <trkpt lat="45.26374" lon="6.81314">
        <ele>1279</ele>
        <time>2023-05-23T01:57:47Z</time>
      </trkpt>
      <trkpt lat="45.26347" lon="6.81318">
        <ele>1281</ele>
        <time>2023-05-23T01:58:24Z</time>
      </trkpt>
      <trkpt lat="45.26331" lon="6.81315">
        <ele>1283</ele>
        <time>2023-05-23T01:58:45Z</time>
      </trkpt>
      <trkpt lat="45.26292" lon="6.81294">
        <ele>1288</ele>
        <time>2023-05-23T01:59:41Z</time>
      </trkpt>
      <trkpt lat="45.26273" lon="6.81278">
        <ele>1288</ele>
        <time>2023-05-23T02:00:10Z</time>
      </trkpt>
      <trkpt lat="45.26261" lon="6.81245">
        <ele>1281</ele>
        <time>2023-05-23T02:00:45Z</time>
      </trkpt>
      <trkpt lat="45.26256" lon="6.81238">
        <ele>1281</ele>
        <time>2023-05-23T02:00:55Z</time>
      </trkpt>
      <trkpt lat="45.26237" lon="6.81232">
        <ele>1288</ele>
        <time>2023-05-23T02:01:21Z</time>
      </trkpt>
      <trkpt lat="45.26217" lon="6.81216">
        <ele>1295</ele>
        <time>2023-05-23T02:01:51Z</time>
      </trkpt>
      <trkpt lat="45.26189" lon="6.81183">
        <ele>1299</ele>
        <time>2023-05-23T02:02:40Z</time>
      </trkpt>
      <trkpt lat="45.26176" lon="6.81121">
        <ele>1289</ele>
        <time>2023-05-23T02:03:41Z</time>
      </trkpt>
      <trkpt lat="45.26169" lon="6.81098">
        <ele>1285</ele>
        <time>2023-05-23T02:04:04Z</time>
      </trkpt>
      <trkpt lat="45.26151" lon="6.81058">
        <ele>1285</ele>
        <time>2023-05-23T02:04:49Z</time>
      </trkpt>
      <trkpt lat="45.26148" lon="6.81044">
        <ele>1284</ele>
        <time>2023-05-23T02:05:02Z</time>
      </trkpt>
      <trkpt lat="45.26136" lon="6.80849">
        <ele>1279</ele>
        <time>2023-05-23T02:08:06Z</time>
      </trkpt>
      <trkpt lat="45.26139" lon="6.8082">
        <ele>1279</ele>
        <time>2023-05-23T02:08:34Z</time>
      </trkpt>
      <trkpt lat="45.26136" lon="6.80809">
        <ele>1279</ele>
        <time>2023-05-23T02:08:45Z</time>
      </trkpt>
      <trkpt lat="45.26117" lon="6.80818">
        <ele>1281</ele>
        <time>2023-05-23T02:09:12Z</time>
      </trkpt>
      <trkpt lat="45.26094" lon="6.80824">
        <ele>1282</ele>
        <time>2023-05-23T02:09:43Z</time>
      </trkpt>
      <trkpt lat="45.26088" lon="6.80823">
        <ele>1283</ele>
        <time>2023-05-23T02:09:51Z</time>
      </trkpt>
      <trkpt lat="45.2608" lon="6.80814">
        <ele>1283</ele>
        <time>2023-05-23T02:10:05Z</time>
      </trkpt>
      <trkpt lat="45.26077" lon="6.80808">
        <ele>1284</ele>
        <time>2023-05-23T02:10:11Z</time>
      </trkpt>
      <trkpt lat="45.26066" lon="6.80742">
        <ele>1284</ele>
        <time>2023-05-23T02:11:15Z</time>
      </trkpt>
      <trkpt lat="45.26034" lon="6.80714">
        <ele>1289</ele>
        <time>2023-05-23T02:12:05Z</time>
      </trkpt>
      <trkpt lat="45.26026" lon="6.80699">
        <ele>1290</ele>
        <time>2023-05-23T02:12:23Z</time>
      </trkpt>
      <trkpt lat="45.26015" lon="6.80632">
        <ele>1291</ele>
        <time>2023-05-23T02:13:28Z</time>
      </trkpt>
      <trkpt lat="45.26006" lon="6.80598">
        <ele>1290</ele>
        <time>2023-05-23T02:14:02Z</time>
      </trkpt>
      <trkpt lat="45.25981" lon="6.80565">
        <ele>1291</ele>
        <time>2023-05-23T02:14:47Z</time>
      </trkpt>
      <trkpt lat="45.25958" lon="6.80518">
        <ele>1292</ele>
        <time>2023-05-23T02:15:41Z</time>
      </trkpt>
      <trkpt lat="45.25934" lon="6.80492">
        <ele>1293</ele>
        <time>2023-05-23T02:16:21Z</time>
      </trkpt>
      <trkpt lat="45.25924" lon="6.80477">
        <ele>1292</ele>
        <time>2023-05-23T02:16:41Z</time>
      </trkpt>
      <trkpt lat="45.25894" lon="6.80414">
        <ele>1290</ele>
        <time>2023-05-23T02:17:52Z</time>
      </trkpt>
      <trkpt lat="45.25862" lon="6.80354">
        <ele>1286</ele>
        <time>2023-05-23T02:19:03Z</time>
      </trkpt>
      <trkpt lat="45.2584" lon="6.80319">
        <ele>1284</ele>
        <time>2023-05-23T02:19:47Z</time>
      </trkpt>
      <trkpt lat="45.25823" lon="6.80302">
        <ele>1285</ele>
        <time>2023-05-23T02:20:15Z</time>
      </trkpt>
      <trkpt lat="45.25784" lon="6.80278">
        <ele>1289</ele>
        <time>2023-05-23T02:21:11Z</time>
      </trkpt>
      <trkpt lat="45.25785" lon="6.80287">
        <ele>1290</ele>
        <time>2023-05-23T02:21:20Z</time>
      </trkpt>
      <trkpt lat="45.25792" lon="6.80301">
        <ele>1290</ele>
        <time>2023-05-23T02:21:36Z</time>
      </trkpt>
      <trkpt lat="45.25829" lon="6.80354">
        <ele>1291</ele>
        <time>2023-05-23T02:22:46Z</time>
      </trkpt>
      <trkpt lat="45.25835" lon="6.80376">
        <ele>1293</ele>
        <time>2023-05-23T02:23:08Z</time>
      </trkpt>
      <trkpt lat="45.25832" lon="6.80381">
        <ele>1294</ele>
        <time>2023-05-23T02:23:15Z</time>
      </trkpt>
      <trkpt lat="45.25827" lon="6.80383">
        <ele>1295</ele>
        <time>2023-05-23T02:23:21Z</time>
      </trkpt>
      <trkpt lat="45.25746" lon="6.80356">
        <ele>1301</ele>
        <time>2023-05-23T02:25:12Z</time>
      </trkpt>
      <trkpt lat="45.25666" lon="6.80349">
        <ele>1306</ele>
        <time>2023-05-23T02:26:59Z</time>
      </trkpt>
      <trkpt lat="45.25567" lon="6.80298">
        <ele>1302</ele>
        <time>2023-05-23T02:29:20Z</time>
      </trkpt>
      <trkpt lat="45.25554" lon="6.80296">
        <ele>1302</ele>
        <time>2023-05-23T02:29:37Z</time>
      </trkpt>
      <trkpt lat="45.25545" lon="6.80288">
        <ele>1301</ele>
        <time>2023-05-23T02:29:52Z</time>
      </trkpt>
      <trkpt lat="45.25489" lon="6.80262">
        <ele>1299</ele>
        <time>2023-05-23T02:31:10Z</time>
      </trkpt>
      <trkpt lat="45.25431" lon="6.80256">
        <ele>1300</ele>
        <time>2023-05-23T02:32:28Z</time>
      </trkpt>
      <trkpt lat="45.25362" lon="6.80262">
        <ele>1299</ele>
        <time>2023-05-23T02:34:00Z</time>
      </trkpt>
      <trkpt lat="45.25329" lon="6.80261">
        <ele>1298</ele>
        <time>2023-05-23T02:34:44Z</time>
      </trkpt>
      <trkpt lat="45.25283" lon="6.80247">
        <ele>1297</ele>
        <time>2023-05-23T02:35:47Z</time>
      </trkpt>
      <trkpt lat="45.25231" lon="6.80224">
        <ele>1298</ele>
        <time>2023-05-23T02:37:00Z</time>
      </trkpt>
      <trkpt lat="45.25145" lon="6.8017">
        <ele>1298</ele>
        <time>2023-05-23T02:39:05Z</time>
      </trkpt>
      <trkpt lat="45.25113" lon="6.80144">
        <ele>1297</ele>
        <time>2023-05-23T02:39:54Z</time>
      </trkpt>
      <trkpt lat="45.25097" lon="6.80134">
        <ele>1297</ele>
        <time>2023-05-23T02:40:18Z</time>
      </trkpt>
      <trkpt lat="45.25073" lon="6.80111">
        <ele>1294</ele>
        <time>2023-05-23T02:40:56Z</time>
      </trkpt>
      <trkpt lat="45.25057" lon="6.80085">
        <ele>1291</ele>
        <time>2023-05-23T02:41:29Z</time>
      </trkpt>
      <trkpt lat="45.25051" lon="6.8008">
        <ele>1290</ele>
        <time>2023-05-23T02:41:38Z</time>
      </trkpt>
      <trkpt lat="45.25017" lon="6.80058">
        <ele>1286</ele>
        <time>2023-05-23T02:42:28Z</time>
      </trkpt>
      <trkpt lat="45.25006" lon="6.80057">
        <ele>1285</ele>
        <time>2023-05-23T02:42:42Z</time>
      </trkpt>
      <trkpt lat="45.25001" lon="6.80063">
        <ele>1286</ele>
        <time>2023-05-23T02:42:51Z</time>
      </trkpt>
      <trkpt lat="45.24998" lon="6.80072">
        <ele>1287</ele>
        <time>2023-05-23T02:43:01Z</time>
      </trkpt>
      <trkpt lat="45.24998" lon="6.80082">
        <ele>1288</ele>
        <time>2023-05-23T02:43:10Z</time>
      </trkpt>
      <trkpt lat="45.25006" lon="6.80118">
        <ele>1292</ele>
        <time>2023-05-23T02:43:45Z</time>
      </trkpt>
      <trkpt lat="45.25019" lon="6.80159">
        <ele>1296</ele>
        <time>2023-05-23T02:44:28Z</time>
      </trkpt>
      <trkpt lat="45.25018" lon="6.80166">
        <ele>1297</ele>
        <time>2023-05-23T02:44:34Z</time>
      </trkpt>
      <trkpt lat="45.25013" lon="6.80165">
        <ele>1297</ele>
        <time>2023-05-23T02:44:41Z</time>
      </trkpt>
      <trkpt lat="45.24996" lon="6.80152">
        <ele>1295</ele>
        <time>2023-05-23T02:45:07Z</time>
      </trkpt>
      <trkpt lat="45.24984" lon="6.80138">
        <ele>1294</ele>
        <time>2023-05-23T02:45:28Z</time>
      </trkpt>
      <trkpt lat="45.24975" lon="6.80123">
        <ele>1293</ele>
        <time>2023-05-23T02:45:46Z</time>
      </trkpt>
      <trkpt lat="45.24964" lon="6.80093">
        <ele>1290</ele>
        <time>2023-05-23T02:46:18Z</time>
      </trkpt>
      <trkpt lat="45.24951" lon="6.80045">
        <ele>1283</ele>
        <time>2023-05-23T02:47:06Z</time>
      </trkpt>
      <trkpt lat="45.24922" lon="6.7999">
        <ele>1272</ele>
        <time>2023-05-23T02:48:11Z</time>
      </trkpt>
      <trkpt lat="45.24909" lon="6.7999">
        <ele>1271</ele>
        <time>2023-05-23T02:48:28Z</time>
      </trkpt>
      <trkpt lat="45.24904" lon="6.79996">
        <ele>1273</ele>
        <time>2023-05-23T02:48:37Z</time>
      </trkpt>
      <trkpt lat="45.2489" lon="6.80002">
        <ele>1273</ele>
        <time>2023-05-23T02:48:56Z</time>
      </trkpt>
      <trkpt lat="45.24875" lon="6.79999">
        <ele>1272</ele>
        <time>2023-05-23T02:49:17Z</time>
      </trkpt>
      <trkpt lat="45.24862" lon="6.80002">
        <ele>1272</ele>
        <time>2023-05-23T02:49:34Z</time>
      </trkpt>
      <trkpt lat="45.24808" lon="6.80039">
        <ele>1280</ele>
        <time>2023-05-23T02:50:54Z</time>
      </trkpt>
      <trkpt lat="45.24802" lon="6.80046">
        <ele>1282</ele>
        <time>2023-05-23T02:51:05Z</time>
      </trkpt>
      <trkpt lat="45.24795" lon="6.80061">
        <ele>1286</ele>
        <time>2023-05-23T02:51:21Z</time>
      </trkpt>
      <trkpt lat="45.24785" lon="6.8007">
        <ele>1289</ele>
        <time>2023-05-23T02:51:37Z</time>
      </trkpt>
      <trkpt lat="45.24778" lon="6.80072">
        <ele>1290</ele>
        <time>2023-05-23T02:51:47Z</time>
      </trkpt>
      <trkpt lat="45.24745" lon="6.80066">
        <ele>1291</ele>
        <time>2023-05-23T02:52:31Z</time>
      </trkpt>
      <trkpt lat="45.24726" lon="6.80057">
        <ele>1292</ele>
        <time>2023-05-23T02:52:58Z</time>
      </trkpt>
      <trkpt lat="45.24689" lon="6.80017">
        <ele>1282</ele>
        <time>2023-05-23T02:54:00Z</time>
      </trkpt>
      <trkpt lat="45.24658" lon="6.7995">
        <ele>1269</ele>
        <time>2023-05-23T02:55:15Z</time>
      </trkpt>
      <trkpt lat="45.24644" lon="6.79931">
        <ele>1270</ele>
        <time>2023-05-23T02:55:41Z</time>
      </trkpt>
      <trkpt lat="45.2462" lon="6.79905">
        <ele>1272</ele>
        <time>2023-05-23T02:56:21Z</time>
      </trkpt>
      <trkpt lat="45.24612" lon="6.79887">
        <ele>1269</ele>
        <time>2023-05-23T02:56:41Z</time>
      </trkpt>
      <trkpt lat="45.24611" lon="6.79879">
        <ele>1267</ele>
        <time>2023-05-23T02:56:49Z</time>
      </trkpt>
      <trkpt lat="45.24598" lon="6.79867">
        <ele>1266</ele>
        <time>2023-05-23T02:57:10Z</time>
      </trkpt>
      <trkpt lat="45.2447" lon="6.79774">
        <ele>1269</ele>
        <time>2023-05-23T03:00:22Z</time>
      </trkpt>
      <trkpt lat="45.24433" lon="6.7974">
        <ele>1266</ele>
        <time>2023-05-23T03:01:20Z</time>
      </trkpt>
      <trkpt lat="45.24424" lon="6.79728">
        <ele>1266</ele>
        <time>2023-05-23T03:01:37Z</time>
      </trkpt>
      <trkpt lat="45.24403" lon="6.7968">
        <ele>1261</ele>
        <time>2023-05-23T03:02:30Z</time>
      </trkpt>
      <trkpt lat="45.24393" lon="6.79667">
        <ele>1261</ele>
        <time>2023-05-23T03:02:48Z</time>
      </trkpt>
      <trkpt lat="45.24343" lon="6.79618">
        <ele>1263</ele>
        <time>2023-05-23T03:04:09Z</time>
      </trkpt>
      <trkpt lat="45.24315" lon="6.79595">
        <ele>1261</ele>
        <time>2023-05-23T03:04:52Z</time>
      </trkpt>
      <trkpt lat="45.24297" lon="6.79574">
        <ele>1259</ele>
        <time>2023-05-23T03:05:23Z</time>
      </trkpt>
      <trkpt lat="45.24273" lon="6.79537">
        <ele>1254</ele>
        <time>2023-05-23T03:06:11Z</time>
      </trkpt>
      <trkpt lat="45.24268" lon="6.79533">
        <ele>1254</ele>
        <time>2023-05-23T03:06:18Z</time>
      </trkpt>
      <trkpt lat="45.24255" lon="6.79536">
        <ele>1254</ele>
        <time>2023-05-23T03:06:36Z</time>
      </trkpt>
      <trkpt lat="45.2422" lon="6.79572">
        <ele>1256</ele>
        <time>2023-05-23T03:07:34Z</time>
      </trkpt>
      <trkpt lat="45.24209" lon="6.79567">
        <ele>1255</ele>
        <time>2023-05-23T03:07:49Z</time>
      </trkpt>
      <trkpt lat="45.24163" lon="6.79571">
        <ele>1252</ele>
        <time>2023-05-23T03:08:50Z</time>
      </trkpt>
      <trkpt lat="45.24141" lon="6.79566">
        <ele>1251</ele>
        <time>2023-05-23T03:09:20Z</time>
      </trkpt>
      <trkpt lat="45.24021" lon="6.79512">
        <ele>1241</ele>
        <time>2023-05-23T03:12:08Z</time>
      </trkpt>
      <trkpt lat="45.23974" lon="6.79498">
        <ele>1242</ele>
        <time>2023-05-23T03:13:12Z</time>
      </trkpt>
      <trkpt lat="45.23897" lon="6.79468">
        <ele>1254</ele>
        <time>2023-05-23T03:14:59Z</time>
      </trkpt>
      <trkpt lat="45.23858" lon="6.79434">
        <ele>1258</ele>
        <time>2023-05-23T03:16:00Z</time>
      </trkpt>
      <trkpt lat="45.23804" lon="6.79401">
        <ele>1263</ele>
        <time>2023-05-23T03:17:18Z</time>
      </trkpt>
      <trkpt lat="45.23715" lon="6.79309">
        <ele>1252</ele>
        <time>2023-05-23T03:19:45Z</time>
      </trkpt>
      <trkpt lat="45.23706" lon="6.79307">
        <ele>1253</ele>
        <time>2023-05-23T03:19:57Z</time>
      </trkpt>
      <trkpt lat="45.2368" lon="6.7931">
        <ele>1257</ele>
        <time>2023-05-23T03:20:32Z</time>
      </trkpt>
      <trkpt lat="45.23633" lon="6.79308">
        <ele>1266</ele>
        <time>2023-05-23T03:21:35Z</time>
      </trkpt>
      <trkpt lat="45.23611" lon="6.79303">
        <ele>1268</ele>
        <time>2023-05-23T03:22:05Z</time>
      </trkpt>
      <trkpt lat="45.23579" lon="6.79288">
        <ele>1270</ele>
        <time>2023-05-23T03:22:50Z</time>
      </trkpt>
      <trkpt lat="45.23562" lon="6.79265">
        <ele>1265</ele>
        <time>2023-05-23T03:23:21Z</time>
      </trkpt>
      <trkpt lat="45.23509" lon="6.79239">
        <ele>1270</ele>
        <time>2023-05-23T03:24:36Z</time>
      </trkpt>
      <trkpt lat="45.23474" lon="6.79207">
        <ele>1268</ele>
        <time>2023-05-23T03:25:31Z</time>
      </trkpt>
      <trkpt lat="45.23469" lon="6.79193">
        <ele>1265</ele>
        <time>2023-05-23T03:25:46Z</time>
      </trkpt>
      <trkpt lat="45.23461" lon="6.79153">
        <ele>1258</ele>
        <time>2023-05-23T03:26:25Z</time>
      </trkpt>
      <trkpt lat="45.23435" lon="6.79085">
        <ele>1252</ele>
        <time>2023-05-23T03:27:38Z</time>
      </trkpt>
      <trkpt lat="45.23417" lon="6.79046">
        <ele>1250</ele>
        <time>2023-05-23T03:28:22Z</time>
      </trkpt>
      <trkpt lat="45.23407" lon="6.79025">
        <ele>1249</ele>
        <time>2023-05-23T03:28:46Z</time>
      </trkpt>
      <trkpt lat="45.2336" lon="6.78965">
        <ele>1245</ele>
        <time>2023-05-23T03:30:10Z</time>
      </trkpt>
      <trkpt lat="45.23335" lon="6.789">
        <ele>1240</ele>
        <time>2023-05-23T03:31:19Z</time>
      </trkpt>
      <trkpt lat="45.23321" lon="6.78833">
        <ele>1233</ele>
        <time>2023-05-23T03:32:25Z</time>
      </trkpt>
      <trkpt lat="45.23317" lon="6.78827">
        <ele>1233</ele>
        <time>2023-05-23T03:32:33Z</time>
      </trkpt>
      <trkpt lat="45.23287" lon="6.7881">
        <ele>1233</ele>
        <time>2023-05-23T03:33:16Z</time>
      </trkpt>
      <trkpt lat="45.23258" lon="6.78788">
        <ele>1232</ele>
        <time>2023-05-23T03:34:00Z</time>
      </trkpt>
      <trkpt lat="45.23232" lon="6.78762">
        <ele>1234</ele>
        <time>2023-05-23T03:34:42Z</time>
      </trkpt>
      <trkpt lat="45.2322" lon="6.78746">
        <ele>1235</ele>
        <time>2023-05-23T03:35:04Z</time>
      </trkpt>
      <trkpt lat="45.2321" lon="6.78727">
        <ele>1236</ele>
        <time>2023-05-23T03:35:27Z</time>
      </trkpt>
      <trkpt lat="45.23207" lon="6.78718">
        <ele>1236</ele>
        <time>2023-05-23T03:35:36Z</time>
      </trkpt>
      <trkpt lat="45.23208" lon="6.78706">
        <ele>1234</ele>
        <time>2023-05-23T03:35:47Z</time>
      </trkpt>
      <trkpt lat="45.23224" lon="6.78669">
        <ele>1229</ele>
        <time>2023-05-23T03:36:28Z</time>
      </trkpt>
      <trkpt lat="45.2324" lon="6.78608">
        <ele>1226</ele>
        <time>2023-05-23T03:37:29Z</time>
      </trkpt>
      <trkpt lat="45.23221" lon="6.78576">
        <ele>1226</ele>
        <time>2023-05-23T03:38:09Z</time>
      </trkpt>
      <trkpt lat="45.23195" lon="6.78541">
        <ele>1226</ele>
        <time>2023-05-23T03:38:56Z</time>
      </trkpt>
      <trkpt lat="45.23183" lon="6.78518">
        <ele>1226</ele>
        <time>2023-05-23T03:39:23Z</time>
      </trkpt>
      <trkpt lat="45.23166" lon="6.78464">
        <ele>1225</ele>
        <time>2023-05-23T03:40:19Z</time>
      </trkpt>
      <trkpt lat="45.23142" lon="6.78364">
        <ele>1222</ele>
        <time>2023-05-23T03:41:58Z</time>
      </trkpt>
      <trkpt lat="45.23114" lon="6.783">
        <ele>1221</ele>
        <time>2023-05-23T03:43:09Z</time>
      </trkpt>
      <trkpt lat="45.23084" lon="6.78219">
        <ele>1221</ele>
        <time>2023-05-23T03:44:35Z</time>
      </trkpt>
      <trkpt lat="45.23071" lon="6.78192">
        <ele>1221</ele>
        <time>2023-05-23T03:45:06Z</time>
      </trkpt>
      <trkpt lat="45.23052" lon="6.78171">
        <ele>1221</ele>
        <time>2023-05-23T03:45:38Z</time>
      </trkpt>
      <trkpt lat="45.23009" lon="6.78139">
        <ele>1222</ele>
        <time>2023-05-23T03:46:43Z</time>
      </trkpt>
      <trkpt lat="45.22984" lon="6.78126">
        <ele>1223</ele>
        <time>2023-05-23T03:47:18Z</time>
      </trkpt>
      <trkpt lat="45.22971" lon="6.78126">
        <ele>1224</ele>
        <time>2023-05-23T03:47:36Z</time>
      </trkpt>
      <trkpt lat="45.22962" lon="6.78131">
        <ele>1225</ele>
        <time>2023-05-23T03:47:48Z</time>
      </trkpt>
      <trkpt lat="45.22953" lon="6.78143">
        <ele>1226</ele>
        <time>2023-05-23T03:48:05Z</time>
      </trkpt>
      <trkpt lat="45.22938" lon="6.78185">
        <ele>1227</ele>
        <time>2023-05-23T03:48:49Z</time>
      </trkpt>
      <trkpt lat="45.22927" lon="6.78197">
        <ele>1227</ele>
        <time>2023-05-23T03:49:08Z</time>
      </trkpt>
      <trkpt lat="45.22919" lon="6.782">
        <ele>1227</ele>
        <time>2023-05-23T03:49:19Z</time>
      </trkpt>
      <trkpt lat="45.22911" lon="6.78196">
        <ele>1228</ele>
        <time>2023-05-23T03:49:30Z</time>
      </trkpt>
      <trkpt lat="45.22906" lon="6.78188">
        <ele>1229</ele>
        <time>2023-05-23T03:49:40Z</time>
      </trkpt>
      <trkpt lat="45.22896" lon="6.78128">
        <ele>1231</ele>
        <time>2023-05-23T03:50:38Z</time>
      </trkpt>
      <trkpt lat="45.22867" lon="6.7805">
        <ele>1232</ele>
        <time>2023-05-23T03:52:01Z</time>
      </trkpt>
      <trkpt lat="45.22863" lon="6.78044">
        <ele>1232</ele>
        <time>2023-05-23T03:52:09Z</time>
      </trkpt>
      <trkpt lat="45.22853" lon="6.78038">
        <ele>1233</ele>
        <time>2023-05-23T03:52:23Z</time>
      </trkpt>
      <trkpt lat="45.22839" lon="6.78034">
        <ele>1233</ele>
        <time>2023-05-23T03:52:42Z</time>
      </trkpt>
      <trkpt lat="45.22831" lon="6.78026">
        <ele>1233</ele>
        <time>2023-05-23T03:52:55Z</time>
      </trkpt>
      <trkpt lat="45.22807" lon="6.7799">
        <ele>1231</ele>
        <time>2023-05-23T03:53:42Z</time>
      </trkpt>
      <trkpt lat="45.22794" lon="6.77965">
        <ele>1231</ele>
        <time>2023-05-23T03:54:11Z</time>
      </trkpt>
      <trkpt lat="45.22788" lon="6.7796">
        <ele>1231</ele>
        <time>2023-05-23T03:54:20Z</time>
      </trkpt>
      <trkpt lat="45.22746" lon="6.77952">
        <ele>1231</ele>
        <time>2023-05-23T03:55:17Z</time>
      </trkpt>
      <trkpt lat="45.22733" lon="6.77946">
        <ele>1232</ele>
        <time>2023-05-23T03:55:35Z</time>
      </trkpt>
      <trkpt lat="45.22708" lon="6.77932">
        <ele>1233</ele>
        <time>2023-05-23T03:56:11Z</time>
      </trkpt>
      <trkpt lat="45.22629" lon="6.77878">
        <ele>1236</ele>
        <time>2023-05-23T03:58:08Z</time>
      </trkpt>
      <trkpt lat="45.22608" lon="6.77861">
        <ele>1237</ele>
        <time>2023-05-23T03:58:40Z</time>
      </trkpt>
      <trkpt lat="45.226" lon="6.77858">
        <ele>1237</ele>
        <time>2023-05-23T03:58:51Z</time>
      </trkpt>
      <trkpt lat="45.22567" lon="6.77882">
        <ele>1238</ele>
        <time>2023-05-23T03:59:41Z</time>
      </trkpt>
      <trkpt lat="45.22557" lon="6.77882">
        <ele>1238</ele>
        <time>2023-05-23T03:59:54Z</time>
      </trkpt>
      <trkpt lat="45.22531" lon="6.77848">
        <ele>1237</ele>
        <time>2023-05-23T04:00:41Z</time>
      </trkpt>
      <trkpt lat="45.22461" lon="6.77732">
        <ele>1241</ele>
        <time>2023-05-23T04:03:05Z</time>
      </trkpt>
      <trkpt lat="45.22456" lon="6.77721">
        <ele>1242</ele>
        <time>2023-05-23T04:03:17Z</time>
      </trkpt>
      <trkpt lat="45.2245" lon="6.77683">
        <ele>1245</ele>
        <time>2023-05-23T04:03:54Z</time>
      </trkpt>
      <trkpt lat="45.22442" lon="6.77665">
        <ele>1247</ele>
        <time>2023-05-23T04:04:14Z</time>
      </trkpt>
      <trkpt lat="45.22403" lon="6.77597">
        <ele>1253</ele>
        <time>2023-05-23T04:05:36Z</time>
      </trkpt>
      <trkpt lat="45.22382" lon="6.77568">
        <ele>1255</ele>
        <time>2023-05-23T04:06:15Z</time>
      </trkpt>
      <trkpt lat="45.2237" lon="6.77543">
        <ele>1256</ele>
        <time>2023-05-23T04:06:44Z</time>
      </trkpt>
      <trkpt lat="45.22339" lon="6.77464">
        <ele>1259</ele>
        <time>2023-05-23T04:08:09Z</time>
      </trkpt>
      <trkpt lat="45.22322" lon="6.77378">
        <ele>1265</ele>
        <time>2023-05-23T04:09:33Z</time>
      </trkpt>
      <trkpt lat="45.22309" lon="6.77346">
        <ele>1267</ele>
        <time>2023-05-23T04:10:07Z</time>
      </trkpt>
      <trkpt lat="45.223" lon="6.77344">
        <ele>1267</ele>
        <time>2023-05-23T04:10:20Z</time>
      </trkpt>
      <trkpt lat="45.22248" lon="6.77268">
        <ele>1273</ele>
        <time>2023-05-23T04:11:59Z</time>
      </trkpt>
      <trkpt lat="45.22228" lon="6.77244">
        <ele>1275</ele>
        <time>2023-05-23T04:12:34Z</time>
      </trkpt>
      <trkpt lat="45.22211" lon="6.77228">
        <ele>1276</ele>
        <time>2023-05-23T04:13:01Z</time>
      </trkpt>
      <trkpt lat="45.22164" lon="6.77139">
        <ele>1284</ele>
        <time>2023-05-23T04:14:46Z</time>
      </trkpt>
      <trkpt lat="45.2216" lon="6.77118">
        <ele>1288</ele>
        <time>2023-05-23T04:15:06Z</time>
      </trkpt>
      <trkpt lat="45.22156" lon="6.77065">
        <ele>1294</ele>
        <time>2023-05-23T04:15:56Z</time>
      </trkpt>
      <trkpt lat="45.22134" lon="6.77027">
        <ele>1299</ele>
        <time>2023-05-23T04:16:43Z</time>
      </trkpt>
      <trkpt lat="45.22127" lon="6.77008">
        <ele>1302</ele>
        <time>2023-05-23T04:17:03Z</time>
      </trkpt>
      <trkpt lat="45.22123" lon="6.76966">
        <ele>1305</ele>
        <time>2023-05-23T04:17:43Z</time>
      </trkpt>
      <trkpt lat="45.2211" lon="6.7693">
        <ele>1308</ele>
        <time>2023-05-23T04:18:21Z</time>
      </trkpt>
      <trkpt lat="45.22099" lon="6.7687">
        <ele>1312</ele>
        <time>2023-05-23T04:19:19Z</time>
      </trkpt>
      <trkpt lat="45.22086" lon="6.76823">
        <ele>1315</ele>
        <time>2023-05-23T04:20:06Z</time>
      </trkpt>
      <trkpt lat="45.22076" lon="6.768">
        <ele>1318</ele>
        <time>2023-05-23T04:20:32Z</time>
      </trkpt>
      <trkpt lat="45.22064" lon="6.76788">
        <ele>1319</ele>
        <time>2023-05-23T04:20:51Z</time>
      </trkpt>
      <trkpt lat="45.22049" lon="6.76783">
        <ele>1320</ele>
        <time>2023-05-23T04:21:12Z</time>
      </trkpt>
      <trkpt lat="45.22025" lon="6.7678">
        <ele>1320</ele>
        <time>2023-05-23T04:21:44Z</time>
      </trkpt>
      <trkpt lat="45.22008" lon="6.76781">
        <ele>1320</ele>
        <time>2023-05-23T04:22:07Z</time>
      </trkpt>
      <trkpt lat="45.21992" lon="6.76777">
        <ele>1324</ele>
        <time>2023-05-23T04:22:29Z</time>
      </trkpt>
      <trkpt lat="45.21984" lon="6.76762">
        <ele>1327</ele>
        <time>2023-05-23T04:22:46Z</time>
      </trkpt>
      <trkpt lat="45.21984" lon="6.76745">
        <ele>1325</ele>
        <time>2023-05-23T04:23:02Z</time>
      </trkpt>
      <trkpt lat="45.21998" lon="6.76714">
        <ele>1317</ele>
        <time>2023-05-23T04:23:37Z</time>
      </trkpt>
      <trkpt lat="45.22001" lon="6.76702">
        <ele>1316</ele>
        <time>2023-05-23T04:23:49Z</time>
      </trkpt>
      <trkpt lat="45.22002" lon="6.76656">
        <ele>1312</ele>
        <time>2023-05-23T04:24:32Z</time>
      </trkpt>
      <trkpt lat="45.22012" lon="6.76554">
        <ele>1309</ele>
        <time>2023-05-23T04:26:09Z</time>
      </trkpt>
      <trkpt lat="45.22011" lon="6.76526">
        <ele>1308</ele>
        <time>2023-05-23T04:26:35Z</time>
      </trkpt>
      <trkpt lat="45.22007" lon="6.76508">
        <ele>1308</ele>
        <time>2023-05-23T04:26:53Z</time>
      </trkpt>
      <trkpt lat="45.22009" lon="6.7648">
        <ele>1305</ele>
        <time>2023-05-23T04:27:19Z</time>
      </trkpt>
      <trkpt lat="45.22014" lon="6.76467">
        <ele>1304</ele>
        <time>2023-05-23T04:27:33Z</time>
      </trkpt>
      <trkpt lat="45.22037" lon="6.76431">
        <ele>1301</ele>
        <time>2023-05-23T04:28:19Z</time>
      </trkpt>
      <trkpt lat="45.2204" lon="6.76421">
        <ele>1300</ele>
        <time>2023-05-23T04:28:29Z</time>
      </trkpt>
      <trkpt lat="45.22039" lon="6.76412">
        <ele>1298</ele>
        <time>2023-05-23T04:28:38Z</time>
      </trkpt>
      <trkpt lat="45.22029" lon="6.76383">
        <ele>1293</ele>
        <time>2023-05-23T04:29:08Z</time>
      </trkpt>
      <trkpt lat="45.22015" lon="6.76356">
        <ele>1288</ele>
        <time>2023-05-23T04:29:40Z</time>
      </trkpt>
      <trkpt lat="45.22001" lon="6.76346">
        <ele>1286</ele>
        <time>2023-05-23T04:30:01Z</time>
      </trkpt>
      <trkpt lat="45.21971" lon="6.7634">
        <ele>1289</ele>
        <time>2023-05-23T04:30:41Z</time>
      </trkpt>
      <trkpt lat="45.2195" lon="6.76331">
        <ele>1290</ele>
        <time>2023-05-23T04:31:10Z</time>
      </trkpt>
      <trkpt lat="45.21929" lon="6.76332">
        <ele>1293</ele>
        <time>2023-05-23T04:31:38Z</time>
      </trkpt>
      <trkpt lat="45.21914" lon="6.76319">
        <ele>1294</ele>
        <time>2023-05-23T04:32:02Z</time>
      </trkpt>
      <trkpt lat="45.21905" lon="6.76292">
        <ele>1294</ele>
        <time>2023-05-23T04:32:30Z</time>
      </trkpt>
      <trkpt lat="45.21887" lon="6.76217">
        <ele>1289</ele>
        <time>2023-05-23T04:33:44Z</time>
      </trkpt>
      <trkpt lat="45.21862" lon="6.76166">
        <ele>1294</ele>
        <time>2023-05-23T04:34:43Z</time>
      </trkpt>
      <trkpt lat="45.21853" lon="6.76142">
        <ele>1296</ele>
        <time>2023-05-23T04:35:08Z</time>
      </trkpt>
      <trkpt lat="45.21808" lon="6.75886">
        <ele>1276</ele>
        <time>2023-05-23T04:39:16Z</time>
      </trkpt>
      <trkpt lat="45.21783" lon="6.75864">
        <ele>1280</ele>
        <time>2023-05-23T04:39:56Z</time>
      </trkpt>
      <trkpt lat="45.21744" lon="6.75796">
        <ele>1279</ele>
        <time>2023-05-23T04:41:18Z</time>
      </trkpt>
      <trkpt lat="45.21727" lon="6.75774">
        <ele>1281</ele>
        <time>2023-05-23T04:41:49Z</time>
      </trkpt>
      <trkpt lat="45.21562" lon="6.75515">
        <ele>1300</ele>
        <time>2023-05-23T04:47:17Z</time>
      </trkpt>
      <trkpt lat="45.2156" lon="6.75515">
        <ele>1301</ele>
        <time>2023-05-23T04:47:20Z</time>
      </trkpt>
      <trkpt lat="45.21558" lon="6.75506">
        <ele>1301</ele>
        <time>2023-05-23T04:47:29Z</time>
      </trkpt>
      <trkpt lat="45.21561" lon="6.75499">
        <ele>1298</ele>
        <time>2023-05-23T04:47:36Z</time>
      </trkpt>
      <trkpt lat="45.2156" lon="6.75477">
        <ele>1294</ele>
        <time>2023-05-23T04:47:57Z</time>
      </trkpt>
      <trkpt lat="45.21564" lon="6.7546">
        <ele>1288</ele>
        <time>2023-05-23T04:48:14Z</time>
      </trkpt>
      <trkpt lat="45.21559" lon="6.7544">
        <ele>1286</ele>
        <time>2023-05-23T04:48:34Z</time>
      </trkpt>
      <trkpt lat="45.21558" lon="6.75419">
        <ele>1281</ele>
        <time>2023-05-23T04:48:54Z</time>
      </trkpt>
      <trkpt lat="45.21539" lon="6.75396">
        <ele>1280</ele>
        <time>2023-05-23T04:49:27Z</time>
      </trkpt>
      <trkpt lat="45.21523" lon="6.75397">
        <ele>1287</ele>
        <time>2023-05-23T04:49:48Z</time>
      </trkpt>
      <trkpt lat="45.21484" lon="6.75388">
        <ele>1299</ele>
        <time>2023-05-23T04:50:41Z</time>
      </trkpt>
      <trkpt lat="45.21474" lon="6.75381">
        <ele>1301</ele>
        <time>2023-05-23T04:50:56Z</time>
      </trkpt>
      <trkpt lat="45.21466" lon="6.75364">
        <ele>1299</ele>
        <time>2023-05-23T04:51:15Z</time>
      </trkpt>
      <trkpt lat="45.21461" lon="6.75345">
        <ele>1295</ele>
        <time>2023-05-23T04:51:34Z</time>
      </trkpt>
      <trkpt lat="45.21456" lon="6.75339">
        <ele>1296</ele>
        <time>2023-05-23T04:51:43Z</time>
      </trkpt>
      <trkpt lat="45.21455" lon="6.75328">
        <ele>1293</ele>
        <time>2023-05-23T04:51:53Z</time>
      </trkpt>
      <trkpt lat="45.21424" lon="6.75276">
        <ele>1294</ele>
        <time>2023-05-23T04:52:57Z</time>
      </trkpt>
      <trkpt lat="45.2142" lon="6.75265">
        <ele>1293</ele>
        <time>2023-05-23T04:53:09Z</time>
      </trkpt>
      <trkpt lat="45.21408" lon="6.75252">
        <ele>1297</ele>
        <time>2023-05-23T04:53:29Z</time>
      </trkpt>
      <trkpt lat="45.21404" lon="6.75252">
        <ele>1299</ele>
        <time>2023-05-23T04:53:34Z</time>
      </trkpt>
      <trkpt lat="45.21369" lon="6.75205">
        <ele>1313</ele>
        <time>2023-05-23T04:54:39Z</time>
      </trkpt>
      <trkpt lat="45.21369" lon="6.75192">
        <ele>1311</ele>
        <time>2023-05-23T04:54:51Z</time>
      </trkpt>
      <trkpt lat="45.21384" lon="6.75146">
        <ele>1299</ele>
        <time>2023-05-23T04:55:39Z</time>
      </trkpt>
      <trkpt lat="45.21385" lon="6.75123">
        <ele>1297</ele>
        <time>2023-05-23T04:56:00Z</time>
      </trkpt>
      <trkpt lat="45.21379" lon="6.75106">
        <ele>1299</ele>
        <time>2023-05-23T04:56:18Z</time>
      </trkpt>
      <trkpt lat="45.21375" lon="6.75081">
        <ele>1299</ele>
        <time>2023-05-23T04:56:42Z</time>
      </trkpt>
      <trkpt lat="45.21365" lon="6.75064">
        <ele>1301</ele>
        <time>2023-05-23T04:57:03Z</time>
      </trkpt>
      <trkpt lat="45.21356" lon="6.75056">
        <ele>1304</ele>
        <time>2023-05-23T04:57:17Z</time>
      </trkpt>
      <trkpt lat="45.21354" lon="6.75051">
        <ele>1304</ele>
        <time>2023-05-23T04:57:23Z</time>
      </trkpt>
      <trkpt lat="45.21335" lon="6.75041">
        <ele>1311</ele>
        <time>2023-05-23T04:57:50Z</time>
      </trkpt>
      <trkpt lat="45.21325" lon="6.75032">
        <ele>1314</ele>
        <time>2023-05-23T04:58:05Z</time>
      </trkpt>
      <trkpt lat="45.21322" lon="6.75023">
        <ele>1314</ele>
        <time>2023-05-23T04:58:15Z</time>
      </trkpt>
      <trkpt lat="45.21305" lon="6.74994">
        <ele>1317</ele>
        <time>2023-05-23T04:58:50Z</time>
      </trkpt>
      <trkpt lat="45.21293" lon="6.74978">
        <ele>1320</ele>
        <time>2023-05-23T04:59:12Z</time>
      </trkpt>
      <trkpt lat="45.21277" lon="6.74928">
        <ele>1317</ele>
        <time>2023-05-23T05:00:04Z</time>
      </trkpt>
      <trkpt lat="45.21277" lon="6.74915">
        <ele>1314</ele>
        <time>2023-05-23T05:00:16Z</time>
      </trkpt>
      <trkpt lat="45.21263" lon="6.74868">
        <ele>1308</ele>
        <time>2023-05-23T05:01:04Z</time>
      </trkpt>
      <trkpt lat="45.21254" lon="6.74852">
        <ele>1310</ele>
        <time>2023-05-23T05:01:23Z</time>
      </trkpt>
      <trkpt lat="45.21245" lon="6.74844">
        <ele>1312</ele>
        <time>2023-05-23T05:01:38Z</time>
      </trkpt>
      <trkpt lat="45.21241" lon="6.74827">
        <ele>1309</ele>
        <time>2023-05-23T05:01:54Z</time>
      </trkpt>
      <trkpt lat="45.21229" lon="6.74818">
        <ele>1311</ele>
        <time>2023-05-23T05:02:12Z</time>
      </trkpt>
      <trkpt lat="45.21222" lon="6.74799">
        <ele>1308</ele>
        <time>2023-05-23T05:02:33Z</time>
      </trkpt>
      <trkpt lat="45.21204" lon="6.74776">
        <ele>1308</ele>
        <time>2023-05-23T05:03:05Z</time>
      </trkpt>
      <trkpt lat="45.21192" lon="6.74755">
        <ele>1306</ele>
        <time>2023-05-23T05:03:30Z</time>
      </trkpt>
      <trkpt lat="45.21185" lon="6.7475">
        <ele>1308</ele>
        <time>2023-05-23T05:03:41Z</time>
      </trkpt>
      <trkpt lat="45.21166" lon="6.74745">
        <ele>1313</ele>
        <time>2023-05-23T05:04:07Z</time>
      </trkpt>
      <trkpt lat="45.21161" lon="6.7474">
        <ele>1313</ele>
        <time>2023-05-23T05:04:15Z</time>
      </trkpt>
      <trkpt lat="45.21154" lon="6.74742">
        <ele>1316</ele>
        <time>2023-05-23T05:04:24Z</time>
      </trkpt>
      <trkpt lat="45.21147" lon="6.74749">
        <ele>1322</ele>
        <time>2023-05-23T05:04:36Z</time>
      </trkpt>
      <trkpt lat="45.2114" lon="6.7475">
        <ele>1325</ele>
        <time>2023-05-23T05:04:45Z</time>
      </trkpt>
      <trkpt lat="45.2111" lon="6.74749">
        <ele>1335</ele>
        <time>2023-05-23T05:05:25Z</time>
      </trkpt>
      <trkpt lat="45.21103" lon="6.74744">
        <ele>1336</ele>
        <time>2023-05-23T05:05:36Z</time>
      </trkpt>
      <trkpt lat="45.2109" lon="6.74726">
        <ele>1337</ele>
        <time>2023-05-23T05:06:00Z</time>
      </trkpt>
      <trkpt lat="45.21076" lon="6.74689">
        <ele>1337</ele>
        <time>2023-05-23T05:06:39Z</time>
      </trkpt>
      <trkpt lat="45.21051" lon="6.74652">
        <ele>1350</ele>
        <time>2023-05-23T05:07:28Z</time>
      </trkpt>
      <trkpt lat="45.21047" lon="6.7464">
        <ele>1351</ele>
        <time>2023-05-23T05:07:40Z</time>
      </trkpt>
      <trkpt lat="45.21046" lon="6.74627">
        <ele>1349</ele>
        <time>2023-05-23T05:07:52Z</time>
      </trkpt>
      <trkpt lat="45.21052" lon="6.74588">
        <ele>1336</ele>
        <time>2023-05-23T05:08:30Z</time>
      </trkpt>
      <trkpt lat="45.21041" lon="6.74558">
        <ele>1339</ele>
        <time>2023-05-23T05:09:02Z</time>
      </trkpt>
      <trkpt lat="45.21042" lon="6.74541">
        <ele>1335</ele>
        <time>2023-05-23T05:09:18Z</time>
      </trkpt>
      <trkpt lat="45.21026" lon="6.74519">
        <ele>1344</ele>
        <time>2023-05-23T05:09:47Z</time>
      </trkpt>
      <trkpt lat="45.21019" lon="6.74498">
        <ele>1346</ele>
        <time>2023-05-23T05:10:09Z</time>
      </trkpt>
      <trkpt lat="45.2102" lon="6.74451">
        <ele>1332</ele>
        <time>2023-05-23T05:10:53Z</time>
      </trkpt>
      <trkpt lat="45.21018" lon="6.74443">
        <ele>1332</ele>
        <time>2023-05-23T05:11:01Z</time>
      </trkpt>
      <trkpt lat="45.21006" lon="6.74419">
        <ele>1337</ele>
        <time>2023-05-23T05:11:29Z</time>
      </trkpt>
      <trkpt lat="45.20989" lon="6.74409">
        <ele>1347</ele>
        <time>2023-05-23T05:11:54Z</time>
      </trkpt>
      <trkpt lat="45.2098" lon="6.74401">
        <ele>1350</ele>
        <time>2023-05-23T05:12:08Z</time>
      </trkpt>
      <trkpt lat="45.20977" lon="6.74395">
        <ele>1350</ele>
        <time>2023-05-23T05:12:15Z</time>
      </trkpt>
      <trkpt lat="45.20972" lon="6.74338">
        <ele>1338</ele>
        <time>2023-05-23T05:13:09Z</time>
      </trkpt>
      <trkpt lat="45.20975" lon="6.74326">
        <ele>1334</ele>
        <time>2023-05-23T05:13:21Z</time>
      </trkpt>
      <trkpt lat="45.20974" lon="6.74314">
        <ele>1332</ele>
        <time>2023-05-23T05:13:32Z</time>
      </trkpt>
      <trkpt lat="45.20964" lon="6.74279">
        <ele>1329</ele>
        <time>2023-05-23T05:14:08Z</time>
      </trkpt>
      <trkpt lat="45.20961" lon="6.74238">
        <ele>1319</ele>
        <time>2023-05-23T05:14:46Z</time>
      </trkpt>
      <trkpt lat="45.20953" lon="6.74222">
        <ele>1316</ele>
        <time>2023-05-23T05:15:05Z</time>
      </trkpt>
      <trkpt lat="45.20949" lon="6.74204">
        <ele>1311</ele>
        <time>2023-05-23T05:15:23Z</time>
      </trkpt>
      <trkpt lat="45.20936" lon="6.74193">
        <ele>1313</ele>
        <time>2023-05-23T05:15:43Z</time>
      </trkpt>
      <trkpt lat="45.20931" lon="6.74187">
        <ele>1313</ele>
        <time>2023-05-23T05:15:51Z</time>
      </trkpt>
      <trkpt lat="45.2093" lon="6.74182">
        <ele>1311</ele>
        <time>2023-05-23T05:15:56Z</time>
      </trkpt>
      <trkpt lat="45.20922" lon="6.74173">
        <ele>1311</ele>
        <time>2023-05-23T05:16:10Z</time>
      </trkpt>
      <trkpt lat="45.20914" lon="6.74169">
        <ele>1313</ele>
        <time>2023-05-23T05:16:21Z</time>
      </trkpt>
      <trkpt lat="45.20908" lon="6.7416">
        <ele>1311</ele>
        <time>2023-05-23T05:16:33Z</time>
      </trkpt>
      <trkpt lat="45.20892" lon="6.74153">
        <ele>1313</ele>
        <time>2023-05-23T05:16:55Z</time>
      </trkpt>
      <trkpt lat="45.20883" lon="6.74128">
        <ele>1306</ele>
        <time>2023-05-23T05:17:22Z</time>
      </trkpt>
      <trkpt lat="45.20875" lon="6.74119">
        <ele>1306</ele>
        <time>2023-05-23T05:17:35Z</time>
      </trkpt>
      <trkpt lat="45.20839" lon="6.7411">
        <ele>1315</ele>
        <time>2023-05-23T05:18:24Z</time>
      </trkpt>
      <trkpt lat="45.20825" lon="6.74086">
        <ele>1314</ele>
        <time>2023-05-23T05:18:53Z</time>
      </trkpt>
      <trkpt lat="45.20823" lon="6.74078">
        <ele>1314</ele>
        <time>2023-05-23T05:19:01Z</time>
      </trkpt>
      <trkpt lat="45.20828" lon="6.74056">
        <ele>1307</ele>
        <time>2023-05-23T05:19:23Z</time>
      </trkpt>
      <trkpt lat="45.20831" lon="6.7402">
        <ele>1299</ele>
        <time>2023-05-23T05:19:57Z</time>
      </trkpt>
      <trkpt lat="45.2083" lon="6.74015">
        <ele>1298</ele>
        <time>2023-05-23T05:20:02Z</time>
      </trkpt>
      <trkpt lat="45.20824" lon="6.74008">
        <ele>1300</ele>
        <time>2023-05-23T05:20:12Z</time>
      </trkpt>
      <trkpt lat="45.2081" lon="6.73954">
        <ele>1298</ele>
        <time>2023-05-23T05:21:07Z</time>
      </trkpt>
      <trkpt lat="45.20812" lon="6.73935">
        <ele>1293</ele>
        <time>2023-05-23T05:21:25Z</time>
      </trkpt>
      <trkpt lat="45.20803" lon="6.73908">
        <ele>1293</ele>
        <time>2023-05-23T05:21:53Z</time>
      </trkpt>
      <trkpt lat="45.2079" lon="6.73832">
        <ele>1287</ele>
        <time>2023-05-23T05:23:06Z</time>
      </trkpt>
      <trkpt lat="45.20782" lon="6.73814">
        <ele>1287</ele>
        <time>2023-05-23T05:23:26Z</time>
      </trkpt>
      <trkpt lat="45.20767" lon="6.7376">
        <ele>1282</ele>
        <time>2023-05-23T05:24:21Z</time>
      </trkpt>
      <trkpt lat="45.20762" lon="6.73757">
        <ele>1283</ele>
        <time>2023-05-23T05:24:28Z</time>
      </trkpt>
      <trkpt lat="45.2076" lon="6.73751">
        <ele>1283</ele>
        <time>2023-05-23T05:24:34Z</time>
      </trkpt>
      <trkpt lat="45.20753" lon="6.73717">
        <ele>1279</ele>
        <time>2023-05-23T05:25:08Z</time>
      </trkpt>
      <trkpt lat="45.20748" lon="6.73712">
        <ele>1279</ele>
        <time>2023-05-23T05:25:16Z</time>
      </trkpt>
      <trkpt lat="45.20719" lon="6.73647">
        <ele>1276</ele>
        <time>2023-05-23T05:26:28Z</time>
      </trkpt>
      <trkpt lat="45.20695" lon="6.73624">
        <ele>1278</ele>
        <time>2023-05-23T05:27:07Z</time>
      </trkpt>
      <trkpt lat="45.20676" lon="6.73592">
        <ele>1275</ele>
        <time>2023-05-23T05:27:46Z</time>
      </trkpt>
      <trkpt lat="45.20655" lon="6.73572">
        <ele>1276</ele>
        <time>2023-05-23T05:28:20Z</time>
      </trkpt>
      <trkpt lat="45.20638" lon="6.73536">
        <ele>1273</ele>
        <time>2023-05-23T05:29:01Z</time>
      </trkpt>
      <trkpt lat="45.20632" lon="6.73509">
        <ele>1267</ele>
        <time>2023-05-23T05:29:27Z</time>
      </trkpt>
      <trkpt lat="45.20635" lon="6.73469">
        <ele>1272</ele>
        <time>2023-05-23T05:30:05Z</time>
      </trkpt>
      <trkpt lat="45.20641" lon="6.73456">
        <ele>1274</ele>
        <time>2023-05-23T05:30:20Z</time>
      </trkpt>
      <trkpt lat="45.20644" lon="6.73439">
        <ele>1277</ele>
        <time>2023-05-23T05:30:36Z</time>
      </trkpt>
      <trkpt lat="45.20653" lon="6.73432">
        <ele>1276</ele>
        <time>2023-05-23T05:30:50Z</time>
      </trkpt>
      <trkpt lat="45.20668" lon="6.73426">
        <ele>1271</ele>
        <time>2023-05-23T05:31:11Z</time>
      </trkpt>
      <trkpt lat="45.2067" lon="6.73422">
        <ele>1272</ele>
        <time>2023-05-23T05:31:15Z</time>
      </trkpt>
      <trkpt lat="45.20663" lon="6.73419">
        <ele>1275</ele>
        <time>2023-05-23T05:31:25Z</time>
      </trkpt>
      <trkpt lat="45.20639" lon="6.73423">
        <ele>1283</ele>
        <time>2023-05-23T05:31:57Z</time>
      </trkpt>
      <trkpt lat="45.20619" lon="6.73435">
        <ele>1288</ele>
        <time>2023-05-23T05:32:26Z</time>
      </trkpt>
      <trkpt lat="45.20601" lon="6.7345">
        <ele>1290</ele>
        <time>2023-05-23T05:32:54Z</time>
      </trkpt>
      <trkpt lat="45.20595" lon="6.73449">
        <ele>1292</ele>
        <time>2023-05-23T05:33:02Z</time>
      </trkpt>
      <trkpt lat="45.20582" lon="6.73455">
        <ele>1295</ele>
        <time>2023-05-23T05:33:20Z</time>
      </trkpt>
      <trkpt lat="45.20578" lon="6.73452">
        <ele>1298</ele>
        <time>2023-05-23T05:33:26Z</time>
      </trkpt>
      <trkpt lat="45.20594" lon="6.73429">
        <ele>1299</ele>
        <time>2023-05-23T05:33:57Z</time>
      </trkpt>
      <trkpt lat="45.20634" lon="6.73383">
        <ele>1302</ele>
        <time>2023-05-23T05:35:05Z</time>
      </trkpt>
      <trkpt lat="45.20646" lon="6.73378">
        <ele>1300</ele>
        <time>2023-05-23T05:35:22Z</time>
      </trkpt>
      <trkpt lat="45.20679" lon="6.73356">
        <ele>1297</ele>
        <time>2023-05-23T05:36:11Z</time>
      </trkpt>
      <trkpt lat="45.20704" lon="6.73348">
        <ele>1291</ele>
        <time>2023-05-23T05:36:45Z</time>
      </trkpt>
      <trkpt lat="45.20724" lon="6.73326">
        <ele>1293</ele>
        <time>2023-05-23T05:37:19Z</time>
      </trkpt>
      <trkpt lat="45.20731" lon="6.73315">
        <ele>1294</ele>
        <time>2023-05-23T05:37:33Z</time>
      </trkpt>
      <trkpt lat="45.2076" lon="6.73289">
        <ele>1291</ele>
        <time>2023-05-23T05:38:18Z</time>
      </trkpt>
      <trkpt lat="45.2077" lon="6.73276">
        <ele>1291</ele>
        <time>2023-05-23T05:38:37Z</time>
      </trkpt>
      <trkpt lat="45.20792" lon="6.73258">
        <ele>1288</ele>
        <time>2023-05-23T05:39:10Z</time>
      </trkpt>
      <trkpt lat="45.20821" lon="6.73218">
        <ele>1282</ele>
        <time>2023-05-23T05:40:04Z</time>
      </trkpt>
      <trkpt lat="45.20825" lon="6.73202">
        <ele>1282</ele>
        <time>2023-05-23T05:40:20Z</time>
      </trkpt>
      <trkpt lat="45.20822" lon="6.73182">
        <ele>1287</ele>
        <time>2023-05-23T05:40:40Z</time>
      </trkpt>
      <trkpt lat="45.20803" lon="6.73166">
        <ele>1298</ele>
        <time>2023-05-23T05:41:09Z</time>
      </trkpt>
      <trkpt lat="45.20797" lon="6.73158">
        <ele>1301</ele>
        <time>2023-05-23T05:41:20Z</time>
      </trkpt>
      <trkpt lat="45.20795" lon="6.73144">
        <ele>1304</ele>
        <time>2023-05-23T05:41:33Z</time>
      </trkpt>
      <trkpt lat="45.20817" lon="6.73067">
        <ele>1300</ele>
        <time>2023-05-23T05:42:52Z</time>
      </trkpt>
      <trkpt lat="45.20848" lon="6.73025">
        <ele>1285</ele>
        <time>2023-05-23T05:43:49Z</time>
      </trkpt>
      <trkpt lat="45.2085" lon="6.73018">
        <ele>1285</ele>
        <time>2023-05-23T05:43:56Z</time>
      </trkpt>
      <trkpt lat="45.20849" lon="6.73002">
        <ele>1286</ele>
        <time>2023-05-23T05:44:11Z</time>
      </trkpt>
      <trkpt lat="45.20856" lon="6.72962">
        <ele>1285</ele>
        <time>2023-05-23T05:44:50Z</time>
      </trkpt>
      <trkpt lat="45.20856" lon="6.72928">
        <ele>1287</ele>
        <time>2023-05-23T05:45:22Z</time>
      </trkpt>
      <trkpt lat="45.20854" lon="6.72886">
        <ele>1288</ele>
        <time>2023-05-23T05:46:01Z</time>
      </trkpt>
      <trkpt lat="45.20847" lon="6.72857">
        <ele>1292</ele>
        <time>2023-05-23T05:46:30Z</time>
      </trkpt>
      <trkpt lat="45.20846" lon="6.72822">
        <ele>1292</ele>
        <time>2023-05-23T05:47:03Z</time>
      </trkpt>
      <trkpt lat="45.20848" lon="6.72795">
        <ele>1291</ele>
        <time>2023-05-23T05:47:29Z</time>
      </trkpt>
      <trkpt lat="45.20845" lon="6.72757">
        <ele>1292</ele>
        <time>2023-05-23T05:48:05Z</time>
      </trkpt>
      <trkpt lat="45.20837" lon="6.7271">
        <ele>1295</ele>
        <time>2023-05-23T05:48:50Z</time>
      </trkpt>
      <trkpt lat="45.20845" lon="6.7268">
        <ele>1291</ele>
        <time>2023-05-23T05:49:20Z</time>
      </trkpt>
      <trkpt lat="45.20845" lon="6.72671">
        <ele>1291</ele>
        <time>2023-05-23T05:49:29Z</time>
      </trkpt>
      <trkpt lat="45.20839" lon="6.72655">
        <ele>1294</ele>
        <time>2023-05-23T05:49:46Z</time>
      </trkpt>
      <trkpt lat="45.20839" lon="6.72648">
        <ele>1294</ele>
        <time>2023-05-23T05:49:52Z</time>
      </trkpt>
      <trkpt lat="45.20842" lon="6.72638">
        <ele>1294</ele>
        <time>2023-05-23T05:50:02Z</time>
      </trkpt>
      <trkpt lat="45.20857" lon="6.72619">
        <ele>1289</ele>
        <time>2023-05-23T05:50:29Z</time>
      </trkpt>
      <trkpt lat="45.20857" lon="6.72611">
        <ele>1290</ele>
        <time>2023-05-23T05:50:37Z</time>
      </trkpt>
      <trkpt lat="45.2085" lon="6.72555">
        <ele>1294</ele>
        <time>2023-05-23T05:51:30Z</time>
      </trkpt>
      <trkpt lat="45.20839" lon="6.72521">
        <ele>1295</ele>
        <time>2023-05-23T05:52:05Z</time>
      </trkpt>
      <trkpt lat="45.20835" lon="6.72485">
        <ele>1295</ele>
        <time>2023-05-23T05:52:40Z</time>
      </trkpt>
      <trkpt lat="45.20825" lon="6.72463">
        <ele>1300</ele>
        <time>2023-05-23T05:53:04Z</time>
      </trkpt>
      <trkpt lat="45.20822" lon="6.7243">
        <ele>1300</ele>
        <time>2023-05-23T05:53:36Z</time>
      </trkpt>
      <trkpt lat="45.20825" lon="6.72396">
        <ele>1295</ele>
        <time>2023-05-23T05:54:08Z</time>
      </trkpt>
      <trkpt lat="45.20822" lon="6.72353">
        <ele>1294</ele>
        <time>2023-05-23T05:54:48Z</time>
      </trkpt>
      <trkpt lat="45.20811" lon="6.7232">
        <ele>1299</ele>
        <time>2023-05-23T05:55:23Z</time>
      </trkpt>
      <trkpt lat="45.20821" lon="6.72241">
        <ele>1291</ele>
        <time>2023-05-23T05:56:38Z</time>
      </trkpt>
      <trkpt lat="45.20822" lon="6.72191">
        <ele>1290</ele>
        <time>2023-05-23T05:57:25Z</time>
      </trkpt>
      <trkpt lat="45.20826" lon="6.72165">
        <ele>1288</ele>
        <time>2023-05-23T05:57:50Z</time>
      </trkpt>
      <trkpt lat="45.20825" lon="6.72143">
        <ele>1289</ele>
        <time>2023-05-23T05:58:11Z</time>
      </trkpt>
      <trkpt lat="45.20827" lon="6.72128">
        <ele>1288</ele>
        <time>2023-05-23T05:58:25Z</time>
      </trkpt>
      <trkpt lat="45.20819" lon="6.72056">
        <ele>1291</ele>
        <time>2023-05-23T05:59:34Z</time>
      </trkpt>
      <trkpt lat="45.20819" lon="6.72013">
        <ele>1291</ele>
        <time>2023-05-23T06:00:14Z</time>
      </trkpt>
      <trkpt lat="45.208" lon="6.71975">
        <ele>1294</ele>
        <time>2023-05-23T06:00:58Z</time>
      </trkpt>
      <trkpt lat="45.20787" lon="6.71968">
        <ele>1297</ele>
        <time>2023-05-23T06:01:17Z</time>
      </trkpt>
      <trkpt lat="45.2078" lon="6.71961">
        <ele>1298</ele>
        <time>2023-05-23T06:01:28Z</time>
      </trkpt>
      <trkpt lat="45.20779" lon="6.71929">
        <ele>1295</ele>
        <time>2023-05-23T06:01:58Z</time>
      </trkpt>
      <trkpt lat="45.20773" lon="6.71912">
        <ele>1294</ele>
        <time>2023-05-23T06:02:16Z</time>
      </trkpt>
      <trkpt lat="45.20757" lon="6.71888">
        <ele>1293</ele>
        <time>2023-05-23T06:02:47Z</time>
      </trkpt>
      <trkpt lat="45.20741" lon="6.71871">
        <ele>1296</ele>
        <time>2023-05-23T06:03:14Z</time>
      </trkpt>
      <trkpt lat="45.2073" lon="6.71867">
        <ele>1300</ele>
        <time>2023-05-23T06:03:29Z</time>
      </trkpt>
      <trkpt lat="45.20718" lon="6.71856">
        <ele>1302</ele>
        <time>2023-05-23T06:03:48Z</time>
      </trkpt>
      <trkpt lat="45.20709" lon="6.71826">
        <ele>1299</ele>
        <time>2023-05-23T06:04:19Z</time>
      </trkpt>
      <trkpt lat="45.20692" lon="6.71791">
        <ele>1296</ele>
        <time>2023-05-23T06:04:59Z</time>
      </trkpt>
      <trkpt lat="45.20683" lon="6.71778">
        <ele>1296</ele>
        <time>2023-05-23T06:05:16Z</time>
      </trkpt>
      <trkpt lat="45.20663" lon="6.71762">
        <ele>1299</ele>
        <time>2023-05-23T06:05:46Z</time>
      </trkpt>
      <trkpt lat="45.20645" lon="6.71759">
        <ele>1305</ele>
        <time>2023-05-23T06:06:11Z</time>
      </trkpt>
      <trkpt lat="45.20637" lon="6.71754">
        <ele>1307</ele>
        <time>2023-05-23T06:06:22Z</time>
      </trkpt>
      <trkpt lat="45.20623" lon="6.71761">
        <ele>1315</ele>
        <time>2023-05-23T06:06:42Z</time>
      </trkpt>
      <trkpt lat="45.20607" lon="6.71763">
        <ele>1322</ele>
        <time>2023-05-23T06:07:04Z</time>
      </trkpt>
      <trkpt lat="45.20601" lon="6.7176">
        <ele>1324</ele>
        <time>2023-05-23T06:07:12Z</time>
      </trkpt>
      <trkpt lat="45.20582" lon="6.71738">
        <ele>1327</ele>
        <time>2023-05-23T06:07:45Z</time>
      </trkpt>
      <trkpt lat="45.20575" lon="6.71711">
        <ele>1329</ele>
        <time>2023-05-23T06:08:12Z</time>
      </trkpt>
      <trkpt lat="45.20577" lon="6.71689">
        <ele>1326</ele>
        <time>2023-05-23T06:08:33Z</time>
      </trkpt>
      <trkpt lat="45.20576" lon="6.71649">
        <ele>1324</ele>
        <time>2023-05-23T06:09:10Z</time>
      </trkpt>
      <trkpt lat="45.20567" lon="6.71613">
        <ele>1331</ele>
        <time>2023-05-23T06:09:46Z</time>
      </trkpt>
      <trkpt lat="45.20566" lon="6.71575">
        <ele>1332</ele>
        <time>2023-05-23T06:10:22Z</time>
      </trkpt>
      <trkpt lat="45.2056" lon="6.71534">
        <ele>1337</ele>
        <time>2023-05-23T06:11:01Z</time>
      </trkpt>
      <trkpt lat="45.20558" lon="6.7143">
        <ele>1338</ele>
        <time>2023-05-23T06:12:39Z</time>
      </trkpt>
      <trkpt lat="45.20556" lon="6.71417">
        <ele>1339</ele>
        <time>2023-05-23T06:12:52Z</time>
      </trkpt>
      <trkpt lat="45.20544" lon="6.71388">
        <ele>1346</ele>
        <time>2023-05-23T06:13:23Z</time>
      </trkpt>
      <trkpt lat="45.20539" lon="6.71367">
        <ele>1349</ele>
        <time>2023-05-23T06:13:44Z</time>
      </trkpt>
      <trkpt lat="45.20548" lon="6.71326">
        <ele>1343</ele>
        <time>2023-05-23T06:14:25Z</time>
      </trkpt>
      <trkpt lat="45.20544" lon="6.71299">
        <ele>1346</ele>
        <time>2023-05-23T06:14:50Z</time>
      </trkpt>
      <trkpt lat="45.20543" lon="6.71252">
        <ele>1349</ele>
        <time>2023-05-23T06:15:35Z</time>
      </trkpt>
      <trkpt lat="45.20549" lon="6.71218">
        <ele>1347</ele>
        <time>2023-05-23T06:16:08Z</time>
      </trkpt>
      <trkpt lat="45.20549" lon="6.71196">
        <ele>1348</ele>
        <time>2023-05-23T06:16:28Z</time>
      </trkpt>
      <trkpt lat="45.2054" lon="6.71142">
        <ele>1351</ele>
        <time>2023-05-23T06:17:20Z</time>
      </trkpt>
      <trkpt lat="45.20526" lon="6.71108">
        <ele>1355</ele>
        <time>2023-05-23T06:17:57Z</time>
      </trkpt>
      <trkpt lat="45.2052" lon="6.71076">
        <ele>1355</ele>
        <time>2023-05-23T06:18:29Z</time>
      </trkpt>
      <trkpt lat="45.20511" lon="6.71054">
        <ele>1355</ele>
        <time>2023-05-23T06:18:53Z</time>
      </trkpt>
      <trkpt lat="45.2047" lon="6.70997">
        <ele>1361</ele>
        <time>2023-05-23T06:20:09Z</time>
      </trkpt>
      <trkpt lat="45.20461" lon="6.70989">
        <ele>1362</ele>
        <time>2023-05-23T06:20:23Z</time>
      </trkpt>
      <trkpt lat="45.20443" lon="6.70981">
        <ele>1367</ele>
        <time>2023-05-23T06:20:48Z</time>
      </trkpt>
      <trkpt lat="45.20438" lon="6.70974">
        <ele>1367</ele>
        <time>2023-05-23T06:20:58Z</time>
      </trkpt>
      <trkpt lat="45.20433" lon="6.70964">
        <ele>1367</ele>
        <time>2023-05-23T06:21:09Z</time>
      </trkpt>
      <trkpt lat="45.20425" lon="6.70932">
        <ele>1364</ele>
        <time>2023-05-23T06:21:41Z</time>
      </trkpt>
      <trkpt lat="45.20418" lon="6.70917">
        <ele>1364</ele>
        <time>2023-05-23T06:21:58Z</time>
      </trkpt>
      <trkpt lat="45.2041" lon="6.70903">
        <ele>1365</ele>
        <time>2023-05-23T06:22:15Z</time>
      </trkpt>
      <trkpt lat="45.20387" lon="6.70873">
        <ele>1370</ele>
        <time>2023-05-23T06:22:57Z</time>
      </trkpt>
      <trkpt lat="45.20374" lon="6.70829">
        <ele>1368</ele>
        <time>2023-05-23T06:23:42Z</time>
      </trkpt>
      <trkpt lat="45.20364" lon="6.70818">
        <ele>1370</ele>
        <time>2023-05-23T06:23:59Z</time>
      </trkpt>
      <trkpt lat="45.20348" lon="6.7081">
        <ele>1375</ele>
        <time>2023-05-23T06:24:21Z</time>
      </trkpt>
      <trkpt lat="45.2034" lon="6.70798">
        <ele>1376</ele>
        <time>2023-05-23T06:24:37Z</time>
      </trkpt>
      <trkpt lat="45.20306" lon="6.7073">
        <ele>1381</ele>
        <time>2023-05-23T06:25:55Z</time>
      </trkpt>
      <trkpt lat="45.20294" lon="6.70695">
        <ele>1381</ele>
        <time>2023-05-23T06:26:32Z</time>
      </trkpt>
      <trkpt lat="45.20273" lon="6.70648">
        <ele>1384</ele>
        <time>2023-05-23T06:27:24Z</time>
      </trkpt>
      <trkpt lat="45.20264" lon="6.70646">
        <ele>1389</ele>
        <time>2023-05-23T06:27:36Z</time>
      </trkpt>
      <trkpt lat="45.20252" lon="6.70648">
        <ele>1396</ele>
        <time>2023-05-23T06:27:52Z</time>
      </trkpt>
      <trkpt lat="45.20241" lon="6.70644">
        <ele>1401</ele>
        <time>2023-05-23T06:28:08Z</time>
      </trkpt>
      <trkpt lat="45.20232" lon="6.70635">
        <ele>1403</ele>
        <time>2023-05-23T06:28:22Z</time>
      </trkpt>
      <trkpt lat="45.20226" lon="6.70621">
        <ele>1403</ele>
        <time>2023-05-23T06:28:38Z</time>
      </trkpt>
      <trkpt lat="45.20223" lon="6.70604">
        <ele>1401</ele>
        <time>2023-05-23T06:28:54Z</time>
      </trkpt>
      <trkpt lat="45.20222" lon="6.70573">
        <ele>1397</ele>
        <time>2023-05-23T06:29:23Z</time>
      </trkpt>
      <trkpt lat="45.20214" lon="6.70519">
        <ele>1396</ele>
        <time>2023-05-23T06:30:15Z</time>
      </trkpt>
      <trkpt lat="45.20213" lon="6.70474">
        <ele>1392</ele>
        <time>2023-05-23T06:30:58Z</time>
      </trkpt>
      <trkpt lat="45.20216" lon="6.7043">
        <ele>1388</ele>
        <time>2023-05-23T06:31:39Z</time>
      </trkpt>
      <trkpt lat="45.20204" lon="6.704">
        <ele>1389</ele>
        <time>2023-05-23T06:32:12Z</time>
      </trkpt>
      <trkpt lat="45.20174" lon="6.70349">
        <ele>1395</ele>
        <time>2023-05-23T06:33:14Z</time>
      </trkpt>
      <trkpt lat="45.20165" lon="6.70324">
        <ele>1396</ele>
        <time>2023-05-23T06:33:40Z</time>
      </trkpt>
      <trkpt lat="45.20158" lon="6.70238">
        <ele>1392</ele>
        <time>2023-05-23T06:35:02Z</time>
      </trkpt>
      <trkpt lat="45.20148" lon="6.70192">
        <ele>1390</ele>
        <time>2023-05-23T06:35:47Z</time>
      </trkpt>
      <trkpt lat="45.20139" lon="6.70167">
        <ele>1389</ele>
        <time>2023-05-23T06:36:13Z</time>
      </trkpt>
      <trkpt lat="45.20131" lon="6.70134">
        <ele>1388</ele>
        <time>2023-05-23T06:36:46Z</time>
      </trkpt>
      <trkpt lat="45.2012" lon="6.70023">
        <ele>1382</ele>
        <time>2023-05-23T06:38:32Z</time>
      </trkpt>
      <trkpt lat="45.20116" lon="6.69952">
        <ele>1378</ele>
        <time>2023-05-23T06:39:39Z</time>
      </trkpt>
      <trkpt lat="45.20137" lon="6.69927">
        <ele>1372</ele>
        <time>2023-05-23T06:40:15Z</time>
      </trkpt>
      <trkpt lat="45.20157" lon="6.69984">
        <ele>1372</ele>
        <time>2023-05-23T06:41:15Z</time>
      </trkpt>
      <trkpt lat="45.2017" lon="6.70044">
        <ele>1373</ele>
        <time>2023-05-23T06:42:14Z</time>
      </trkpt>
      <trkpt lat="45.20194" lon="6.70034">
        <ele>1365</ele>
        <time>2023-05-23T06:42:47Z</time>
      </trkpt>
      <trkpt lat="45.20176" lon="6.69884">
        <ele>1362</ele>
        <time>2023-05-23T06:45:11Z</time>
      </trkpt>
      <trkpt lat="45.20181" lon="6.69854">
        <ele>1360</ele>
        <time>2023-05-23T06:45:40Z</time>
      </trkpt>
      <trkpt lat="45.20165" lon="6.69822">
        <ele>1361</ele>
        <time>2023-05-23T06:46:16Z</time>
      </trkpt>
      <trkpt lat="45.2016" lon="6.698">
        <ele>1361</ele>
        <time>2023-05-23T06:46:38Z</time>
      </trkpt>
      <trkpt lat="45.20157" lon="6.69738">
        <ele>1361</ele>
        <time>2023-05-23T06:47:37Z</time>
      </trkpt>
      <trkpt lat="45.20117" lon="6.69676">
        <ele>1362</ele>
        <time>2023-05-23T06:48:56Z</time>
      </trkpt>
      <trkpt lat="45.2008" lon="6.69634">
        <ele>1360</ele>
        <time>2023-05-23T06:49:59Z</time>
      </trkpt>
      <trkpt lat="45.20091" lon="6.69597">
        <ele>1363</ele>
        <time>2023-05-23T06:50:37Z</time>
      </trkpt>
      <trkpt lat="45.20076" lon="6.69549">
        <ele>1363</ele>
        <time>2023-05-23T06:51:26Z</time>
      </trkpt>
      <trkpt lat="45.20019" lon="6.69482">
        <ele>1359</ele>
        <time>2023-05-23T06:53:05Z</time>
      </trkpt>
      <trkpt lat="45.19998" lon="6.6947">
        <ele>1357</ele>
        <time>2023-05-23T06:53:35Z</time>
      </trkpt>
      <trkpt lat="45.19976" lon="6.69452">
        <ele>1359</ele>
        <time>2023-05-23T06:54:09Z</time>
      </trkpt>
      <trkpt lat="45.19928" lon="6.69464">
        <ele>1361</ele>
        <time>2023-05-23T06:55:14Z</time>
      </trkpt>
      <trkpt lat="45.19896" lon="6.69457">
        <ele>1368</ele>
        <time>2023-05-23T06:55:57Z</time>
      </trkpt>
      <trkpt lat="45.19882" lon="6.69367">
        <ele>1363</ele>
        <time>2023-05-23T06:57:24Z</time>
      </trkpt>
      <trkpt lat="45.19839" lon="6.69283">
        <ele>1363</ele>
        <time>2023-05-23T06:59:01Z</time>
      </trkpt>
      <trkpt lat="45.19832" lon="6.69261">
        <ele>1363</ele>
        <time>2023-05-23T06:59:24Z</time>
      </trkpt>
      <trkpt lat="45.19829" lon="6.69237">
        <ele>1361</ele>
        <time>2023-05-23T06:59:47Z</time>
      </trkpt>
      <trkpt lat="45.19808" lon="6.6919">
        <ele>1363</ele>
        <time>2023-05-23T07:00:39Z</time>
      </trkpt>
      <trkpt lat="45.19802" lon="6.69144">
        <ele>1364</ele>
        <time>2023-05-23T07:01:23Z</time>
      </trkpt>
      <trkpt lat="45.19809" lon="6.69123">
        <ele>1363</ele>
        <time>2023-05-23T07:01:45Z</time>
      </trkpt>
      <trkpt lat="45.19844" lon="6.69075">
        <ele>1359</ele>
        <time>2023-05-23T07:02:50Z</time>
      </trkpt>
      <trkpt lat="45.19861" lon="6.69064">
        <ele>1358</ele>
        <time>2023-05-23T07:03:15Z</time>
      </trkpt>
      <trkpt lat="45.19879" lon="6.69057">
        <ele>1357</ele>
        <time>2023-05-23T07:03:40Z</time>
      </trkpt>
      <trkpt lat="45.19888" lon="6.69049">
        <ele>1356</ele>
        <time>2023-05-23T07:03:54Z</time>
      </trkpt>
      <trkpt lat="45.19894" lon="6.6904">
        <ele>1357</ele>
        <time>2023-05-23T07:04:06Z</time>
      </trkpt>
      <trkpt lat="45.19914" lon="6.68988">
        <ele>1355</ele>
        <time>2023-05-23T07:05:02Z</time>
      </trkpt>
      <trkpt lat="45.1993" lon="6.68962">
        <ele>1349</ele>
        <time>2023-05-23T07:05:34Z</time>
      </trkpt>
      <trkpt lat="45.19937" lon="6.68956">
        <ele>1348</ele>
        <time>2023-05-23T07:05:45Z</time>
      </trkpt>
      <trkpt lat="45.1994" lon="6.68947">
        <ele>1346</ele>
        <time>2023-05-23T07:05:54Z</time>
      </trkpt>
      <trkpt lat="45.19944" lon="6.68944">
        <ele>1346</ele>
        <time>2023-05-23T07:06:00Z</time>
      </trkpt>
      <trkpt lat="45.19944" lon="6.68936">
        <ele>1343</ele>
        <time>2023-05-23T07:06:08Z</time>
      </trkpt>
      <trkpt lat="45.19973" lon="6.68915">
        <ele>1339</ele>
        <time>2023-05-23T07:06:51Z</time>
      </trkpt>
      <trkpt lat="45.19995" lon="6.68908">
        <ele>1337</ele>
        <time>2023-05-23T07:07:21Z</time>
      </trkpt>
      <trkpt lat="45.20019" lon="6.6892">
        <ele>1343</ele>
        <time>2023-05-23T07:07:55Z</time>
      </trkpt>
      <trkpt lat="45.20039" lon="6.68941">
        <ele>1348</ele>
        <time>2023-05-23T07:08:29Z</time>
      </trkpt>
      <trkpt lat="45.20045" lon="6.68944">
        <ele>1348</ele>
        <time>2023-05-23T07:08:37Z</time>
      </trkpt>
      <trkpt lat="45.20053" lon="6.68936">
        <ele>1345</ele>
        <time>2023-05-23T07:08:50Z</time>
      </trkpt>
      <trkpt lat="45.20066" lon="6.68941">
        <ele>1346</ele>
        <time>2023-05-23T07:09:08Z</time>
      </trkpt>
      <trkpt lat="45.20076" lon="6.68936">
        <ele>1344</ele>
        <time>2023-05-23T07:09:22Z</time>
      </trkpt>
      <trkpt lat="45.20087" lon="6.68921">
        <ele>1338</ele>
        <time>2023-05-23T07:09:43Z</time>
      </trkpt>
      <trkpt lat="45.20096" lon="6.68915">
        <ele>1334</ele>
        <time>2023-05-23T07:09:56Z</time>
      </trkpt>
      <trkpt lat="45.20121" lon="6.68911">
        <ele>1327</ele>
        <time>2023-05-23T07:10:29Z</time>
      </trkpt>
      <trkpt lat="45.2013" lon="6.68907">
        <ele>1324</ele>
        <time>2023-05-23T07:10:42Z</time>
      </trkpt>
      <trkpt lat="45.2014" lon="6.68915">
        <ele>1323</ele>
        <time>2023-05-23T07:10:57Z</time>
      </trkpt>
      <trkpt lat="45.20154" lon="6.68936">
        <ele>1325</ele>
        <time>2023-05-23T07:11:24Z</time>
      </trkpt>
      <trkpt lat="45.20205" lon="6.68982">
        <ele>1317</ele>
        <time>2023-05-23T07:12:45Z</time>
      </trkpt>
      <trkpt lat="45.20217" lon="6.68984">
        <ele>1313</ele>
        <time>2023-05-23T07:13:01Z</time>
      </trkpt>
      <trkpt lat="45.20252" lon="6.69004">
        <ele>1305</ele>
        <time>2023-05-23T07:13:52Z</time>
      </trkpt>
      <trkpt lat="45.20274" lon="6.69004">
        <ele>1298</ele>
        <time>2023-05-23T07:14:21Z</time>
      </trkpt>
      <trkpt lat="45.20297" lon="6.69017">
        <ele>1296</ele>
        <time>2023-05-23T07:14:54Z</time>
      </trkpt>
      <trkpt lat="45.20312" lon="6.69019">
        <ele>1292</ele>
        <time>2023-05-23T07:15:14Z</time>
      </trkpt>
      <trkpt lat="45.2033" lon="6.69029">
        <ele>1290</ele>
        <time>2023-05-23T07:15:40Z</time>
      </trkpt>
      <trkpt lat="45.20344" lon="6.69029">
        <ele>1285</ele>
        <time>2023-05-23T07:15:59Z</time>
      </trkpt>
      <trkpt lat="45.20349" lon="6.69034">
        <ele>1284</ele>
        <time>2023-05-23T07:16:07Z</time>
      </trkpt>
      <trkpt lat="45.2037" lon="6.69042">
        <ele>1278</ele>
        <time>2023-05-23T07:16:36Z</time>
      </trkpt>
      <trkpt lat="45.20394" lon="6.6906">
        <ele>1273</ele>
        <time>2023-05-23T07:17:12Z</time>
      </trkpt>
      <trkpt lat="45.20409" lon="6.69062">
        <ele>1268</ele>
        <time>2023-05-23T07:17:32Z</time>
      </trkpt>
      <trkpt lat="45.20422" lon="6.69078">
        <ele>1267</ele>
        <time>2023-05-23T07:17:55Z</time>
      </trkpt>
      <trkpt lat="45.20443" lon="6.69088">
        <ele>1262</ele>
        <time>2023-05-23T07:18:25Z</time>
      </trkpt>
      <trkpt lat="45.20454" lon="6.691">
        <ele>1261</ele>
        <time>2023-05-23T07:18:43Z</time>
      </trkpt>
      <trkpt lat="45.20488" lon="6.69127">
        <ele>1254</ele>
        <time>2023-05-23T07:19:35Z</time>
      </trkpt>
      <trkpt lat="45.20507" lon="6.69154">
        <ele>1252</ele>
        <time>2023-05-23T07:20:11Z</time>
      </trkpt>
      <trkpt lat="45.20513" lon="6.69154">
        <ele>1250</ele>
        <time>2023-05-23T07:20:19Z</time>
      </trkpt>
      <trkpt lat="45.20522" lon="6.69148">
        <ele>1246</ele>
        <time>2023-05-23T07:20:32Z</time>
      </trkpt>
      <trkpt lat="45.20526" lon="6.69137">
        <ele>1244</ele>
        <time>2023-05-23T07:20:44Z</time>
      </trkpt>
      <trkpt lat="45.20537" lon="6.69121">
        <ele>1239</ele>
        <time>2023-05-23T07:21:05Z</time>
      </trkpt>
      <trkpt lat="45.20539" lon="6.69109">
        <ele>1237</ele>
        <time>2023-05-23T07:21:16Z</time>
      </trkpt>
      <trkpt lat="45.20514" lon="6.69048">
        <ele>1235</ele>
        <time>2023-05-23T07:22:23Z</time>
      </trkpt>
      <trkpt lat="45.20481" lon="6.68997">
        <ele>1237</ele>
        <time>2023-05-23T07:23:28Z</time>
      </trkpt>
      <trkpt lat="45.20472" lon="6.68975">
        <ele>1237</ele>
        <time>2023-05-23T07:23:52Z</time>
      </trkpt>
      <trkpt lat="45.20459" lon="6.68909">
        <ele>1232</ele>
        <time>2023-05-23T07:24:56Z</time>
      </trkpt>
      <trkpt lat="45.20443" lon="6.68873">
        <ele>1228</ele>
        <time>2023-05-23T07:25:36Z</time>
      </trkpt>
      <trkpt lat="45.20428" lon="6.68814">
        <ele>1220</ele>
        <time>2023-05-23T07:26:35Z</time>
      </trkpt>
      <trkpt lat="45.20409" lon="6.6878">
        <ele>1216</ele>
        <time>2023-05-23T07:27:16Z</time>
      </trkpt>
      <trkpt lat="45.20389" lon="6.68753">
        <ele>1215</ele>
        <time>2023-05-23T07:27:53Z</time>
      </trkpt>
      <trkpt lat="45.20362" lon="6.68693">
        <ele>1208</ele>
        <time>2023-05-23T07:29:00Z</time>
      </trkpt>
      <trkpt lat="45.20347" lon="6.68642">
        <ele>1202</ele>
        <time>2023-05-23T07:29:52Z</time>
      </trkpt>
      <trkpt lat="45.20333" lon="6.68616">
        <ele>1201</ele>
        <time>2023-05-23T07:30:23Z</time>
      </trkpt>
      <trkpt lat="45.20327" lon="6.68594">
        <ele>1200</ele>
        <time>2023-05-23T07:30:45Z</time>
      </trkpt>
      <trkpt lat="45.20332" lon="6.68552">
        <ele>1192</ele>
        <time>2023-05-23T07:31:25Z</time>
      </trkpt>
      <trkpt lat="45.20331" lon="6.68543">
        <ele>1191</ele>
        <time>2023-05-23T07:31:33Z</time>
      </trkpt>
      <trkpt lat="45.20326" lon="6.68536">
        <ele>1191</ele>
        <time>2023-05-23T07:31:43Z</time>
      </trkpt>
      <trkpt lat="45.20291" lon="6.68518">
        <ele>1193</ele>
        <time>2023-05-23T07:32:32Z</time>
      </trkpt>
      <trkpt lat="45.2027" lon="6.685">
        <ele>1191</ele>
        <time>2023-05-23T07:33:05Z</time>
      </trkpt>
      <trkpt lat="45.20258" lon="6.68488">
        <ele>1188</ele>
        <time>2023-05-23T07:33:25Z</time>
      </trkpt>
      <trkpt lat="45.20242" lon="6.68466">
        <ele>1180</ele>
        <time>2023-05-23T07:33:55Z</time>
      </trkpt>
      <trkpt lat="45.20228" lon="6.68442">
        <ele>1170</ele>
        <time>2023-05-23T07:34:24Z</time>
      </trkpt>
      <trkpt lat="45.20225" lon="6.6844">
        <ele>1169</ele>
        <time>2023-05-23T07:34:28Z</time>
      </trkpt>
      <trkpt lat="45.20215" lon="6.6844">
        <ele>1169</ele>
        <time>2023-05-23T07:34:42Z</time>
      </trkpt>
      <trkpt lat="45.20191" lon="6.68448">
        <ele>1171</ele>
        <time>2023-05-23T07:35:14Z</time>
      </trkpt>
      <trkpt lat="45.20187" lon="6.68447">
        <ele>1170</ele>
        <time>2023-05-23T07:35:20Z</time>
      </trkpt>
      <trkpt lat="45.20187" lon="6.68405">
        <ele>1157</ele>
        <time>2023-05-23T07:35:59Z</time>
      </trkpt>
      <trkpt lat="45.20189" lon="6.68403">
        <ele>1157</ele>
        <time>2023-05-23T07:36:03Z</time>
      </trkpt>
      <trkpt lat="45.20188" lon="6.68397">
        <ele>1156</ele>
        <time>2023-05-23T07:36:08Z</time>
      </trkpt>
      <trkpt lat="45.202" lon="6.68384">
        <ele>1155</ele>
        <time>2023-05-23T07:36:29Z</time>
      </trkpt>
      <trkpt lat="45.20199" lon="6.6838">
        <ele>1154</ele>
        <time>2023-05-23T07:36:33Z</time>
      </trkpt>
      <trkpt lat="45.20195" lon="6.68377">
        <ele>1154</ele>
        <time>2023-05-23T07:36:39Z</time>
      </trkpt>
      <trkpt lat="45.20198" lon="6.68375">
        <ele>1153</ele>
        <time>2023-05-23T07:36:43Z</time>
      </trkpt>
      <trkpt lat="45.20197" lon="6.68367">
        <ele>1152</ele>
        <time>2023-05-23T07:36:51Z</time>
      </trkpt>
      <trkpt lat="45.20211" lon="6.68346">
        <ele>1148</ele>
        <time>2023-05-23T07:37:18Z</time>
      </trkpt>
      <trkpt lat="45.20223" lon="6.68339">
        <ele>1147</ele>
        <time>2023-05-23T07:37:35Z</time>
      </trkpt>
      <trkpt lat="45.20241" lon="6.68305">
        <ele>1142</ele>
        <time>2023-05-23T07:38:15Z</time>
      </trkpt>
      <trkpt lat="45.20267" lon="6.68272">
        <ele>1137</ele>
        <time>2023-05-23T07:39:02Z</time>
      </trkpt>
      <trkpt lat="45.2028" lon="6.68249">
        <ele>1134</ele>
        <time>2023-05-23T07:39:29Z</time>
      </trkpt>
      <trkpt lat="45.20284" lon="6.68239">
        <ele>1132</ele>
        <time>2023-05-23T07:39:40Z</time>
      </trkpt>
      <trkpt lat="45.20289" lon="6.68201">
        <ele>1129</ele>
        <time>2023-05-23T07:40:17Z</time>
      </trkpt>
      <trkpt lat="45.20299" lon="6.68182">
        <ele>1127</ele>
        <time>2023-05-23T07:40:39Z</time>
      </trkpt>
      <trkpt lat="45.20307" lon="6.68158">
        <ele>1124</ele>
        <time>2023-05-23T07:41:04Z</time>
      </trkpt>
      <trkpt lat="45.20321" lon="6.68135">
        <ele>1122</ele>
        <time>2023-05-23T07:41:32Z</time>
      </trkpt>
      <trkpt lat="45.20338" lon="6.6808">
        <ele>1118</ele>
        <time>2023-05-23T07:42:29Z</time>
      </trkpt>
      <trkpt lat="45.20355" lon="6.68064">
        <ele>1116</ele>
        <time>2023-05-23T07:42:56Z</time>
      </trkpt>
      <trkpt lat="45.20363" lon="6.68047">
        <ele>1114</ele>
        <time>2023-05-23T07:43:15Z</time>
      </trkpt>
      <trkpt lat="45.20366" lon="6.68034">
        <ele>1113</ele>
        <time>2023-05-23T07:43:28Z</time>
      </trkpt>
      <trkpt lat="45.20371" lon="6.68027">
        <ele>1112</ele>
        <time>2023-05-23T07:43:38Z</time>
      </trkpt>
      <trkpt lat="45.20382" lon="6.68019">
        <ele>1111</ele>
        <time>2023-05-23T07:43:54Z</time>
      </trkpt>
      <trkpt lat="45.20393" lon="6.68016">
        <ele>1110</ele>
        <time>2023-05-23T07:44:09Z</time>
      </trkpt>
      <trkpt lat="45.20404" lon="6.68001">
        <ele>1108</ele>
        <time>2023-05-23T07:44:29Z</time>
      </trkpt>
      <trkpt lat="45.20439" lon="6.67923">
        <ele>1100</ele>
        <time>2023-05-23T07:45:56Z</time>
      </trkpt>
      <trkpt lat="45.20442" lon="6.67911">
        <ele>1099</ele>
        <time>2023-05-23T07:46:08Z</time>
      </trkpt>
      <trkpt lat="45.20478" lon="6.67841">
        <ele>1093</ele>
        <time>2023-05-23T07:47:30Z</time>
      </trkpt>
      <trkpt lat="45.20478" lon="6.67821">
        <ele>1092</ele>
        <time>2023-05-23T07:47:49Z</time>
      </trkpt>
      <trkpt lat="45.20475" lon="6.67812">
        <ele>1092</ele>
        <time>2023-05-23T07:47:58Z</time>
      </trkpt>
      <trkpt lat="45.20466" lon="6.67804">
        <ele>1092</ele>
        <time>2023-05-23T07:48:12Z</time>
      </trkpt>
      <trkpt lat="45.20437" lon="6.67801">
        <ele>1094</ele>
        <time>2023-05-23T07:48:51Z</time>
      </trkpt>
      <trkpt lat="45.20321" lon="6.67814">
        <ele>1098</ele>
        <time>2023-05-23T07:51:26Z</time>
      </trkpt>
      <trkpt lat="45.201" lon="6.67861">
        <ele>1104</ele>
        <time>2023-05-23T07:56:24Z</time>
      </trkpt>
      <trkpt lat="45.20093" lon="6.67856">
        <ele>1104</ele>
        <time>2023-05-23T07:56:35Z</time>
      </trkpt>
      <trkpt lat="45.2009" lon="6.67841">
        <ele>1103</ele>
        <time>2023-05-23T07:56:50Z</time>
      </trkpt>
      <trkpt lat="45.2009" lon="6.67767">
        <ele>1099</ele>
        <time>2023-05-23T07:57:59Z</time>
      </trkpt>
      <trkpt lat="45.20088" lon="6.67758">
        <ele>1098</ele>
        <time>2023-05-23T07:58:08Z</time>
      </trkpt>
      <trkpt lat="45.20077" lon="6.67737">
        <ele>1098</ele>
        <time>2023-05-23T07:58:33Z</time>
      </trkpt>
      <trkpt lat="45.20083" lon="6.67698">
        <ele>1095</ele>
        <time>2023-05-23T07:59:10Z</time>
      </trkpt>
      <trkpt lat="45.20082" lon="6.67646">
        <ele>1092</ele>
        <time>2023-05-23T07:59:59Z</time>
      </trkpt>
      <trkpt lat="45.20098" lon="6.67618">
        <ele>1089</ele>
        <time>2023-05-23T08:00:33Z</time>
      </trkpt>
      <trkpt lat="45.20129" lon="6.67539">
        <ele>1084</ele>
        <time>2023-05-23T08:01:58Z</time>
      </trkpt>
      <trkpt lat="45.20153" lon="6.67502">
        <ele>1081</ele>
        <time>2023-05-23T08:02:45Z</time>
      </trkpt>
      <trkpt lat="45.20163" lon="6.6748">
        <ele>1080</ele>
        <time>2023-05-23T08:03:10Z</time>
      </trkpt>
      <trkpt lat="45.20173" lon="6.67454">
        <ele>1079</ele>
        <time>2023-05-23T08:03:38Z</time>
      </trkpt>
      <trkpt lat="45.20177" lon="6.67435">
        <ele>1078</ele>
        <time>2023-05-23T08:03:56Z</time>
      </trkpt>
      <trkpt lat="45.20173" lon="6.67422">
        <ele>1078</ele>
        <time>2023-05-23T08:04:10Z</time>
      </trkpt>
      <trkpt lat="45.20164" lon="6.67365">
        <ele>1075</ele>
        <time>2023-05-23T08:05:05Z</time>
      </trkpt>
      <trkpt lat="45.20146" lon="6.67319">
        <ele>1074</ele>
        <time>2023-05-23T08:05:54Z</time>
      </trkpt>
      <trkpt lat="45.20132" lon="6.67298">
        <ele>1073</ele>
        <time>2023-05-23T08:06:21Z</time>
      </trkpt>
      <trkpt lat="45.20132" lon="6.67291">
        <ele>1073</ele>
        <time>2023-05-23T08:06:28Z</time>
      </trkpt>
      <trkpt lat="45.20141" lon="6.67268">
        <ele>1072</ele>
        <time>2023-05-23T08:06:53Z</time>
      </trkpt>
      <trkpt lat="45.20143" lon="6.67265">
        <ele>1072</ele>
        <time>2023-05-23T08:06:56Z</time>
      </trkpt>
      <trkpt lat="45.20148" lon="6.67264">
        <ele>1072</ele>
        <time>2023-05-23T08:07:03Z</time>
      </trkpt>
      <trkpt lat="45.2001" lon="6.67104">
        <ele>1070</ele>
        <time>2023-05-23T08:11:01Z</time>
      </trkpt>
      <trkpt lat="45.19901" lon="6.66794">
        <ele>1072</ele>
        <time>2023-05-23T08:16:27Z</time>
      </trkpt>
      <trkpt lat="45.19913" lon="6.66762">
        <ele>1065</ele>
        <time>2023-05-23T08:17:01Z</time>
      </trkpt>
      <trkpt lat="45.19872" lon="6.66709">
        <ele>1068</ele>
        <time>2023-05-23T08:18:15Z</time>
      </trkpt>
      <trkpt lat="45.19839" lon="6.66617">
        <ele>1063</ele>
        <time>2023-05-23T08:19:52Z</time>
      </trkpt>
      <trkpt lat="45.19817" lon="6.66539">
        <ele>1062</ele>
        <time>2023-05-23T08:21:11Z</time>
      </trkpt>
      <trkpt lat="45.1977" lon="6.66445">
        <ele>1060</ele>
        <time>2023-05-23T08:22:59Z</time>
      </trkpt>
      <trkpt lat="45.19531" lon="6.66123">
        <ele>1059</ele>
        <time>2023-05-23T08:30:19Z</time>
      </trkpt>
      <trkpt lat="45.19475" lon="6.66043">
        <ele>1059</ele>
        <time>2023-05-23T08:32:05Z</time>
      </trkpt>
      <trkpt lat="45.19407" lon="6.65935">
        <ele>1059</ele>
        <time>2023-05-23T08:34:21Z</time>
      </trkpt>
    </trkseg>
  </trk>
</gpx>