<?xml version="1.0" encoding="UTF-8" standalone="no" ?>
<gpx xmlns="http://www.topografix.com/GPX/1/1" xmlns:xsi="http://www.w3.org/2001/XMLSchema-instance" xsi:schemaLocation="http://www.topografix.com/GPX/1/1 http://www.topografix.com/GPX/1/1/gpx.xsd" version="1.1" creator="VisuGPX - https://www.visugpx.com">
  <metadata>
    <name>2013-08-05 07:55</name>
    <desc><![CDATA[GR5 : étape Névache - Briançon via GR5C]]></desc>
  </metadata>
  <trk>
    <name><![CDATA[2013-08-05 07:55]]></name>
    <desc><![CDATA[<h1>OruxMaps</h1><br /><hr align="center" width="480" style="height: 2px; width: 517px"/><h2>Nom: 2013-08-05 07:55</h2><br /><p>Temps de départ: 08/05/2013 07:55</p><p>Temps d'arrivée: 08/05/2013 16:12</p><p>Distance: 21,9 km (08:17)</p><p>Temps déplacement: 06:15</p><p>Vitesse moyenne: 2,6 km/h</p><p>Vitesse moyenne: 3,5 km/h</p><p>Vitess Max.: 8,1 km/h</p><p>Altitude minimale: 1257 m</p><p>Altitude maximale: 2616 m</p><p>Vitesse d'élévation: 364,1 m/h</p><p>Vitesse de descente: -447,8 m/h</p><p>Gain Altitude: 1381 m</p><p>Perte Altitude: -1744 m</p><p>Temps d'élévation: 03:47</p><p>Temps de descente: 03:53</p><hr align="center" width="480" style="height: 2px; width: 517px"/>]]></desc>
    <trkseg>
      <trkpt lat="45.01808" lon="6.61996">
        <ele>1627.39</ele>
        <time>2013-08-05T05:55:44Z</time>
      </trkpt>
      <trkpt lat="45.0179" lon="6.61992">
        <ele>1597.04</ele>
        <time>2013-08-05T05:56:21Z</time>
      </trkpt>
      <trkpt lat="45.01794" lon="6.61965">
        <ele>1591.55</ele>
        <time>2013-08-05T05:56:37Z</time>
      </trkpt>
      <trkpt lat="45.01799" lon="6.61939">
        <ele>1586.36</ele>
        <time>2013-08-05T05:56:58Z</time>
      </trkpt>
      <trkpt lat="45.01801" lon="6.61913">
        <ele>1586.17</ele>
        <time>2013-08-05T05:57:13Z</time>
      </trkpt>
      <trkpt lat="45.01804" lon="6.61887">
        <ele>1590.48</ele>
        <time>2013-08-05T05:57:30Z</time>
      </trkpt>
      <trkpt lat="45.01808" lon="6.61862">
        <ele>1585.14</ele>
        <time>2013-08-05T05:57:44Z</time>
      </trkpt>
      <trkpt lat="45.01812" lon="6.61837">
        <ele>1579.28</ele>
        <time>2013-08-05T05:57:59Z</time>
      </trkpt>
      <trkpt lat="45.01814" lon="6.61811">
        <ele>1583.45</ele>
        <time>2013-08-05T05:58:12Z</time>
      </trkpt>
      <trkpt lat="45.01818" lon="6.61785">
        <ele>1582.78</ele>
        <time>2013-08-05T05:58:25Z</time>
      </trkpt>
      <trkpt lat="45.0182" lon="6.6176">
        <ele>1588.29</ele>
        <time>2013-08-05T05:58:40Z</time>
      </trkpt>
      <trkpt lat="45.01804" lon="6.61747">
        <ele>1587.61</ele>
        <time>2013-08-05T05:58:59Z</time>
      </trkpt>
      <trkpt lat="45.01785" lon="6.61743">
        <ele>1589.38</ele>
        <time>2013-08-05T05:59:33Z</time>
      </trkpt>
      <trkpt lat="45.01767" lon="6.61747">
        <ele>1586.35</ele>
        <time>2013-08-05T05:59:49Z</time>
      </trkpt>
      <trkpt lat="45.01749" lon="6.61754">
        <ele>1584.41</ele>
        <time>2013-08-05T06:00:02Z</time>
      </trkpt>
      <trkpt lat="45.01732" lon="6.61761">
        <ele>1585.59</ele>
        <time>2013-08-05T06:00:16Z</time>
      </trkpt>
      <trkpt lat="45.01714" lon="6.61769">
        <ele>1583.61</ele>
        <time>2013-08-05T06:00:32Z</time>
      </trkpt>
      <trkpt lat="45.01696" lon="6.61777">
        <ele>1582.73</ele>
        <time>2013-08-05T06:00:47Z</time>
      </trkpt>
      <trkpt lat="45.01677" lon="6.61779">
        <ele>1582.9</ele>
        <time>2013-08-05T06:01:01Z</time>
      </trkpt>
      <trkpt lat="45.01658" lon="6.61778">
        <ele>1581.13</ele>
        <time>2013-08-05T06:01:16Z</time>
      </trkpt>
      <trkpt lat="45.01639" lon="6.61774">
        <ele>1580.08</ele>
        <time>2013-08-05T06:01:31Z</time>
      </trkpt>
      <trkpt lat="45.0162" lon="6.61769">
        <ele>1583.24</ele>
        <time>2013-08-05T06:01:47Z</time>
      </trkpt>
      <trkpt lat="45.01602" lon="6.61764">
        <ele>1588.64</ele>
        <time>2013-08-05T06:02:05Z</time>
      </trkpt>
      <trkpt lat="45.01584" lon="6.61759">
        <ele>1588.17</ele>
        <time>2013-08-05T06:02:22Z</time>
      </trkpt>
      <trkpt lat="45.01567" lon="6.61748">
        <ele>1586.3</ele>
        <time>2013-08-05T06:02:39Z</time>
      </trkpt>
      <trkpt lat="45.0155" lon="6.61738">
        <ele>1585.48</ele>
        <time>2013-08-05T06:02:57Z</time>
      </trkpt>
      <trkpt lat="45.01537" lon="6.6172">
        <ele>1589.05</ele>
        <time>2013-08-05T06:03:18Z</time>
      </trkpt>
      <trkpt lat="45.0152" lon="6.61709">
        <ele>1595.69</ele>
        <time>2013-08-05T06:03:37Z</time>
      </trkpt>
      <trkpt lat="45.01503" lon="6.61701">
        <ele>1597.65</ele>
        <time>2013-08-05T06:03:58Z</time>
      </trkpt>
      <trkpt lat="45.01486" lon="6.61691">
        <ele>1601.09</ele>
        <time>2013-08-05T06:04:24Z</time>
      </trkpt>
      <trkpt lat="45.01468" lon="6.61695">
        <ele>1604.12</ele>
        <time>2013-08-05T06:04:47Z</time>
      </trkpt>
      <trkpt lat="45.01449" lon="6.61695">
        <ele>1602.87</ele>
        <time>2013-08-05T06:05:12Z</time>
      </trkpt>
      <trkpt lat="45.01431" lon="6.61696">
        <ele>1603.94</ele>
        <time>2013-08-05T06:05:37Z</time>
      </trkpt>
      <trkpt lat="45.01413" lon="6.61704">
        <ele>1603.55</ele>
        <time>2013-08-05T06:06:10Z</time>
      </trkpt>
      <trkpt lat="45.01399" lon="6.61721">
        <ele>1617.45</ele>
        <time>2013-08-05T06:06:39Z</time>
      </trkpt>
      <trkpt lat="45.01381" lon="6.61725">
        <ele>1617.22</ele>
        <time>2013-08-05T06:07:02Z</time>
      </trkpt>
      <trkpt lat="45.01362" lon="6.61721">
        <ele>1624.24</ele>
        <time>2013-08-05T06:07:39Z</time>
      </trkpt>
      <trkpt lat="45.01344" lon="6.61715">
        <ele>1629.79</ele>
        <time>2013-08-05T06:07:57Z</time>
      </trkpt>
      <trkpt lat="45.01327" lon="6.61723">
        <ele>1635.77</ele>
        <time>2013-08-05T06:08:30Z</time>
      </trkpt>
      <trkpt lat="45.01311" lon="6.61736">
        <ele>1640.43</ele>
        <time>2013-08-05T06:09:19Z</time>
      </trkpt>
      <trkpt lat="45.01293" lon="6.61738">
        <ele>1641.75</ele>
        <time>2013-08-05T06:09:40Z</time>
      </trkpt>
      <trkpt lat="45.01275" lon="6.61741">
        <ele>1657.33</ele>
        <time>2013-08-05T06:11:15Z</time>
      </trkpt>
      <trkpt lat="45.01256" lon="6.61746">
        <ele>1666.21</ele>
        <time>2013-08-05T06:11:49Z</time>
      </trkpt>
      <trkpt lat="45.01238" lon="6.61744">
        <ele>1671.56</ele>
        <time>2013-08-05T06:12:21Z</time>
      </trkpt>
      <trkpt lat="45.01234" lon="6.6172">
        <ele>1674.23</ele>
        <time>2013-08-05T06:13:09Z</time>
      </trkpt>
      <trkpt lat="45.01246" lon="6.61701">
        <ele>1682.15</ele>
        <time>2013-08-05T06:13:39Z</time>
      </trkpt>
      <trkpt lat="45.01231" lon="6.61688">
        <ele>1688.81</ele>
        <time>2013-08-05T06:14:27Z</time>
      </trkpt>
      <trkpt lat="45.01236" lon="6.61663">
        <ele>1691.96</ele>
        <time>2013-08-05T06:15:02Z</time>
      </trkpt>
      <trkpt lat="45.01219" lon="6.61656">
        <ele>1691.02</ele>
        <time>2013-08-05T06:15:35Z</time>
      </trkpt>
      <trkpt lat="45.01204" lon="6.61641">
        <ele>1697.46</ele>
        <time>2013-08-05T06:16:42Z</time>
      </trkpt>
      <trkpt lat="45.01203" lon="6.61615">
        <ele>1702.22</ele>
        <time>2013-08-05T06:17:11Z</time>
      </trkpt>
      <trkpt lat="45.01186" lon="6.61625">
        <ele>1706.53</ele>
        <time>2013-08-05T06:18:00Z</time>
      </trkpt>
      <trkpt lat="45.01178" lon="6.61601">
        <ele>1710.77</ele>
        <time>2013-08-05T06:18:35Z</time>
      </trkpt>
      <trkpt lat="45.01161" lon="6.61593">
        <ele>1720.78</ele>
        <time>2013-08-05T06:19:52Z</time>
      </trkpt>
      <trkpt lat="45.01157" lon="6.61567">
        <ele>1727.47</ele>
        <time>2013-08-05T06:20:24Z</time>
      </trkpt>
      <trkpt lat="45.01145" lon="6.61547">
        <ele>1734.52</ele>
        <time>2013-08-05T06:21:15Z</time>
      </trkpt>
      <trkpt lat="45.01135" lon="6.61526">
        <ele>1736.39</ele>
        <time>2013-08-05T06:21:54Z</time>
      </trkpt>
      <trkpt lat="45.01129" lon="6.61501">
        <ele>1743.1</ele>
        <time>2013-08-05T06:22:45Z</time>
      </trkpt>
      <trkpt lat="45.01127" lon="6.61475">
        <ele>1752.93</ele>
        <time>2013-08-05T06:23:20Z</time>
      </trkpt>
      <trkpt lat="45.01121" lon="6.6145">
        <ele>1755.95</ele>
        <time>2013-08-05T06:23:58Z</time>
      </trkpt>
      <trkpt lat="45.01117" lon="6.61424">
        <ele>1760.94</ele>
        <time>2013-08-05T06:24:27Z</time>
      </trkpt>
      <trkpt lat="45.01111" lon="6.61399">
        <ele>1762.59</ele>
        <time>2013-08-05T06:24:53Z</time>
      </trkpt>
      <trkpt lat="45.01111" lon="6.61373">
        <ele>1767.39</ele>
        <time>2013-08-05T06:25:15Z</time>
      </trkpt>
      <trkpt lat="45.01105" lon="6.61349">
        <ele>1765.32</ele>
        <time>2013-08-05T06:25:41Z</time>
      </trkpt>
      <trkpt lat="45.01108" lon="6.61323">
        <ele>1766.17</ele>
        <time>2013-08-05T06:26:26Z</time>
      </trkpt>
      <trkpt lat="45.01107" lon="6.61298">
        <ele>1768.43</ele>
        <time>2013-08-05T06:26:40Z</time>
      </trkpt>
      <trkpt lat="45.01113" lon="6.61273">
        <ele>1768.55</ele>
        <time>2013-08-05T06:26:59Z</time>
      </trkpt>
      <trkpt lat="45.01113" lon="6.61247">
        <ele>1772.25</ele>
        <time>2013-08-05T06:27:31Z</time>
      </trkpt>
      <trkpt lat="45.01114" lon="6.61221">
        <ele>1776.79</ele>
        <time>2013-08-05T06:28:09Z</time>
      </trkpt>
      <trkpt lat="45.01114" lon="6.61195">
        <ele>1785.29</ele>
        <time>2013-08-05T06:28:45Z</time>
      </trkpt>
      <trkpt lat="45.01109" lon="6.6117">
        <ele>1785.92</ele>
        <time>2013-08-05T06:29:12Z</time>
      </trkpt>
      <trkpt lat="45.01105" lon="6.61145">
        <ele>1786.86</ele>
        <time>2013-08-05T06:29:35Z</time>
      </trkpt>
      <trkpt lat="45.011" lon="6.6112">
        <ele>1788.96</ele>
        <time>2013-08-05T06:30:03Z</time>
      </trkpt>
      <trkpt lat="45.01101" lon="6.61094">
        <ele>1788.71</ele>
        <time>2013-08-05T06:30:29Z</time>
      </trkpt>
      <trkpt lat="45.01106" lon="6.6107">
        <ele>1792.75</ele>
        <time>2013-08-05T06:30:49Z</time>
      </trkpt>
      <trkpt lat="45.0111" lon="6.61045">
        <ele>1801.97</ele>
        <time>2013-08-05T06:31:17Z</time>
      </trkpt>
      <trkpt lat="45.01115" lon="6.6102">
        <ele>1806.47</ele>
        <time>2013-08-05T06:31:39Z</time>
      </trkpt>
      <trkpt lat="45.01118" lon="6.60994">
        <ele>1807.05</ele>
        <time>2013-08-05T06:32:02Z</time>
      </trkpt>
      <trkpt lat="45.01121" lon="6.60968">
        <ele>1812.93</ele>
        <time>2013-08-05T06:32:30Z</time>
      </trkpt>
      <trkpt lat="45.01122" lon="6.60943">
        <ele>1818.5</ele>
        <time>2013-08-05T06:33:25Z</time>
      </trkpt>
      <trkpt lat="45.01124" lon="6.60917">
        <ele>1823.24</ele>
        <time>2013-08-05T06:34:11Z</time>
      </trkpt>
      <trkpt lat="45.01135" lon="6.60895">
        <ele>1833</ele>
        <time>2013-08-05T06:35:17Z</time>
      </trkpt>
      <trkpt lat="45.01148" lon="6.60877">
        <ele>1835.57</ele>
        <time>2013-08-05T06:35:44Z</time>
      </trkpt>
      <trkpt lat="45.01157" lon="6.60855">
        <ele>1840.75</ele>
        <time>2013-08-05T06:36:19Z</time>
      </trkpt>
      <trkpt lat="45.01164" lon="6.60832">
        <ele>1848.98</ele>
        <time>2013-08-05T06:36:59Z</time>
      </trkpt>
      <trkpt lat="45.01173" lon="6.6081">
        <ele>1852.35</ele>
        <time>2013-08-05T06:37:24Z</time>
      </trkpt>
      <trkpt lat="45.01172" lon="6.60784">
        <ele>1855.92</ele>
        <time>2013-08-05T06:37:57Z</time>
      </trkpt>
      <trkpt lat="45.01177" lon="6.60759">
        <ele>1861.63</ele>
        <time>2013-08-05T06:38:22Z</time>
      </trkpt>
      <trkpt lat="45.01173" lon="6.60734">
        <ele>1864.94</ele>
        <time>2013-08-05T06:38:47Z</time>
      </trkpt>
      <trkpt lat="45.01162" lon="6.60713">
        <ele>1868.45</ele>
        <time>2013-08-05T06:39:17Z</time>
      </trkpt>
      <trkpt lat="45.01148" lon="6.60696">
        <ele>1879.97</ele>
        <time>2013-08-05T06:40:18Z</time>
      </trkpt>
      <trkpt lat="45.01144" lon="6.60671">
        <ele>1878.61</ele>
        <time>2013-08-05T06:40:44Z</time>
      </trkpt>
      <trkpt lat="45.01131" lon="6.60655">
        <ele>1891.03</ele>
        <time>2013-08-05T06:41:53Z</time>
      </trkpt>
      <trkpt lat="45.01113" lon="6.60663">
        <ele>1896.21</ele>
        <time>2013-08-05T06:42:34Z</time>
      </trkpt>
      <trkpt lat="45.01099" lon="6.60679">
        <ele>1901.89</ele>
        <time>2013-08-05T06:43:15Z</time>
      </trkpt>
      <trkpt lat="45.01083" lon="6.60692">
        <ele>1903.44</ele>
        <time>2013-08-05T06:43:46Z</time>
      </trkpt>
      <trkpt lat="45.01072" lon="6.60712">
        <ele>1907.3</ele>
        <time>2013-08-05T06:44:15Z</time>
      </trkpt>
      <trkpt lat="45.01061" lon="6.60733">
        <ele>1910.34</ele>
        <time>2013-08-05T06:44:50Z</time>
      </trkpt>
      <trkpt lat="45.01053" lon="6.60756">
        <ele>1917.59</ele>
        <time>2013-08-05T06:45:28Z</time>
      </trkpt>
      <trkpt lat="45.01043" lon="6.60778">
        <ele>1921.8</ele>
        <time>2013-08-05T06:46:05Z</time>
      </trkpt>
      <trkpt lat="45.01037" lon="6.60802">
        <ele>1925.29</ele>
        <time>2013-08-05T06:46:44Z</time>
      </trkpt>
      <trkpt lat="45.01025" lon="6.60821">
        <ele>1935.83</ele>
        <time>2013-08-05T06:47:39Z</time>
      </trkpt>
      <trkpt lat="45.01008" lon="6.60831">
        <ele>1947.78</ele>
        <time>2013-08-05T06:48:52Z</time>
      </trkpt>
      <trkpt lat="45.00993" lon="6.60846">
        <ele>1956.1</ele>
        <time>2013-08-05T06:49:38Z</time>
      </trkpt>
      <trkpt lat="45.00985" lon="6.60868">
        <ele>1965.89</ele>
        <time>2013-08-05T06:50:32Z</time>
      </trkpt>
      <trkpt lat="45.00975" lon="6.60889">
        <ele>1963.05</ele>
        <time>2013-08-05T06:51:12Z</time>
      </trkpt>
      <trkpt lat="45.00957" lon="6.60882">
        <ele>1969.44</ele>
        <time>2013-08-05T06:52:00Z</time>
      </trkpt>
      <trkpt lat="45.00949" lon="6.60905">
        <ele>1978.82</ele>
        <time>2013-08-05T06:52:41Z</time>
      </trkpt>
      <trkpt lat="45.00931" lon="6.60908">
        <ele>1985.26</ele>
        <time>2013-08-05T06:53:27Z</time>
      </trkpt>
      <trkpt lat="45.00913" lon="6.60915">
        <ele>1992.53</ele>
        <time>2013-08-05T06:54:11Z</time>
      </trkpt>
      <trkpt lat="45.00897" lon="6.60927">
        <ele>1998.18</ele>
        <time>2013-08-05T06:55:00Z</time>
      </trkpt>
      <trkpt lat="45.00885" lon="6.60909">
        <ele>1996.71</ele>
        <time>2013-08-05T06:55:34Z</time>
      </trkpt>
      <trkpt lat="45.00869" lon="6.60896">
        <ele>2007.15</ele>
        <time>2013-08-05T06:56:36Z</time>
      </trkpt>
      <trkpt lat="45.00859" lon="6.60874">
        <ele>2015.23</ele>
        <time>2013-08-05T06:57:36Z</time>
      </trkpt>
      <trkpt lat="45.00843" lon="6.60862">
        <ele>2028.56</ele>
        <time>2013-08-05T06:58:57Z</time>
      </trkpt>
      <trkpt lat="45.00835" lon="6.60839">
        <ele>2032.68</ele>
        <time>2013-08-05T06:59:31Z</time>
      </trkpt>
      <trkpt lat="45.00833" lon="6.60814">
        <ele>2041.4</ele>
        <time>2013-08-05T07:00:24Z</time>
      </trkpt>
      <trkpt lat="45.00827" lon="6.60789">
        <ele>2046.43</ele>
        <time>2013-08-05T07:02:00Z</time>
      </trkpt>
      <trkpt lat="45.00824" lon="6.60764">
        <ele>2055.13</ele>
        <time>2013-08-05T07:03:00Z</time>
      </trkpt>
      <trkpt lat="45.00814" lon="6.60743">
        <ele>2078.95</ele>
        <time>2013-08-05T07:04:52Z</time>
      </trkpt>
      <trkpt lat="45.00812" lon="6.60717">
        <ele>2082.37</ele>
        <time>2013-08-05T07:05:56Z</time>
      </trkpt>
      <trkpt lat="45.00801" lon="6.60697">
        <ele>2095.7</ele>
        <time>2013-08-05T07:07:22Z</time>
      </trkpt>
      <trkpt lat="45.0079" lon="6.60719">
        <ele>2096.84</ele>
        <time>2013-08-05T07:11:14Z</time>
      </trkpt>
      <trkpt lat="45.00782" lon="6.60742">
        <ele>2092.23</ele>
        <time>2013-08-05T07:11:44Z</time>
      </trkpt>
      <trkpt lat="45.00773" lon="6.60765">
        <ele>2091.44</ele>
        <time>2013-08-05T07:12:08Z</time>
      </trkpt>
      <trkpt lat="45.00768" lon="6.60791">
        <ele>2090.03</ele>
        <time>2013-08-05T07:12:29Z</time>
      </trkpt>
      <trkpt lat="45.00764" lon="6.60815">
        <ele>2086.57</ele>
        <time>2013-08-05T07:12:50Z</time>
      </trkpt>
      <trkpt lat="45.00755" lon="6.60838">
        <ele>2086.8</ele>
        <time>2013-08-05T07:13:13Z</time>
      </trkpt>
      <trkpt lat="45.00751" lon="6.60863">
        <ele>2087.02</ele>
        <time>2013-08-05T07:13:42Z</time>
      </trkpt>
      <trkpt lat="45.00743" lon="6.60887">
        <ele>2092.99</ele>
        <time>2013-08-05T07:14:12Z</time>
      </trkpt>
      <trkpt lat="45.00734" lon="6.6091">
        <ele>2095.15</ele>
        <time>2013-08-05T07:14:48Z</time>
      </trkpt>
      <trkpt lat="45.00728" lon="6.60935">
        <ele>2093.6</ele>
        <time>2013-08-05T07:15:09Z</time>
      </trkpt>
      <trkpt lat="45.00719" lon="6.60957">
        <ele>2094.31</ele>
        <time>2013-08-05T07:15:29Z</time>
      </trkpt>
      <trkpt lat="45.00714" lon="6.60981">
        <ele>2095.63</ele>
        <time>2013-08-05T07:15:51Z</time>
      </trkpt>
      <trkpt lat="45.00707" lon="6.61006">
        <ele>2097.34</ele>
        <time>2013-08-05T07:16:12Z</time>
      </trkpt>
      <trkpt lat="45.00696" lon="6.61027">
        <ele>2105.64</ele>
        <time>2013-08-05T07:16:32Z</time>
      </trkpt>
      <trkpt lat="45.00687" lon="6.6105">
        <ele>2109.62</ele>
        <time>2013-08-05T07:16:55Z</time>
      </trkpt>
      <trkpt lat="45.00675" lon="6.6107">
        <ele>2113.42</ele>
        <time>2013-08-05T07:17:31Z</time>
      </trkpt>
      <trkpt lat="45.00663" lon="6.61088">
        <ele>2122.34</ele>
        <time>2013-08-05T07:18:30Z</time>
      </trkpt>
      <trkpt lat="45.00659" lon="6.61113">
        <ele>2126.94</ele>
        <time>2013-08-05T07:19:25Z</time>
      </trkpt>
      <trkpt lat="45.00644" lon="6.61127">
        <ele>2136.92</ele>
        <time>2013-08-05T07:20:07Z</time>
      </trkpt>
      <trkpt lat="45.00627" lon="6.61138">
        <ele>2139.57</ele>
        <time>2013-08-05T07:20:29Z</time>
      </trkpt>
      <trkpt lat="45.00609" lon="6.61144">
        <ele>2142.72</ele>
        <time>2013-08-05T07:20:52Z</time>
      </trkpt>
      <trkpt lat="45.00592" lon="6.61153">
        <ele>2146.77</ele>
        <time>2013-08-05T07:21:21Z</time>
      </trkpt>
      <trkpt lat="45.00575" lon="6.61162">
        <ele>2151.77</ele>
        <time>2013-08-05T07:21:49Z</time>
      </trkpt>
      <trkpt lat="45.00557" lon="6.61165">
        <ele>2154.74</ele>
        <time>2013-08-05T07:22:09Z</time>
      </trkpt>
      <trkpt lat="45.00538" lon="6.61167">
        <ele>2154.11</ele>
        <time>2013-08-05T07:22:27Z</time>
      </trkpt>
      <trkpt lat="45.0052" lon="6.6116">
        <ele>2155.33</ele>
        <time>2013-08-05T07:22:45Z</time>
      </trkpt>
      <trkpt lat="45.00503" lon="6.61155">
        <ele>2158.52</ele>
        <time>2013-08-05T07:23:06Z</time>
      </trkpt>
      <trkpt lat="45.00485" lon="6.61147">
        <ele>2162.63</ele>
        <time>2013-08-05T07:23:27Z</time>
      </trkpt>
      <trkpt lat="45.00467" lon="6.61139">
        <ele>2162.69</ele>
        <time>2013-08-05T07:23:45Z</time>
      </trkpt>
      <trkpt lat="45.00449" lon="6.61131">
        <ele>2162.98</ele>
        <time>2013-08-05T07:24:03Z</time>
      </trkpt>
      <trkpt lat="45.0043" lon="6.61129">
        <ele>2160.8</ele>
        <time>2013-08-05T07:24:38Z</time>
      </trkpt>
      <trkpt lat="45.00413" lon="6.61119">
        <ele>2159.82</ele>
        <time>2013-08-05T07:24:53Z</time>
      </trkpt>
      <trkpt lat="45.00394" lon="6.61112">
        <ele>2158.18</ele>
        <time>2013-08-05T07:25:09Z</time>
      </trkpt>
      <trkpt lat="45.00376" lon="6.61106">
        <ele>2158.45</ele>
        <time>2013-08-05T07:25:26Z</time>
      </trkpt>
      <trkpt lat="45.00359" lon="6.61097">
        <ele>2160.12</ele>
        <time>2013-08-05T07:25:40Z</time>
      </trkpt>
      <trkpt lat="45.00341" lon="6.61086">
        <ele>2160.59</ele>
        <time>2013-08-05T07:25:55Z</time>
      </trkpt>
      <trkpt lat="45.00324" lon="6.61074">
        <ele>2160.83</ele>
        <time>2013-08-05T07:26:09Z</time>
      </trkpt>
      <trkpt lat="45.00306" lon="6.61069">
        <ele>2160.48</ele>
        <time>2013-08-05T07:26:23Z</time>
      </trkpt>
      <trkpt lat="45.00287" lon="6.61071">
        <ele>2153.51</ele>
        <time>2013-08-05T07:26:52Z</time>
      </trkpt>
      <trkpt lat="45.00269" lon="6.6107">
        <ele>2153.19</ele>
        <time>2013-08-05T07:27:06Z</time>
      </trkpt>
      <trkpt lat="45.00251" lon="6.61076">
        <ele>2152.8</ele>
        <time>2013-08-05T07:27:20Z</time>
      </trkpt>
      <trkpt lat="45.00233" lon="6.6108">
        <ele>2152.17</ele>
        <time>2013-08-05T07:27:35Z</time>
      </trkpt>
      <trkpt lat="45.00215" lon="6.61083">
        <ele>2152.79</ele>
        <time>2013-08-05T07:27:51Z</time>
      </trkpt>
      <trkpt lat="45.00202" lon="6.611">
        <ele>2151.86</ele>
        <time>2013-08-05T07:28:15Z</time>
      </trkpt>
      <trkpt lat="45.00184" lon="6.61107">
        <ele>2150.32</ele>
        <time>2013-08-05T07:28:32Z</time>
      </trkpt>
      <trkpt lat="45.00166" lon="6.61108">
        <ele>2149.86</ele>
        <time>2013-08-05T07:28:47Z</time>
      </trkpt>
      <trkpt lat="45.00147" lon="6.6111">
        <ele>2150</ele>
        <time>2013-08-05T07:29:03Z</time>
      </trkpt>
      <trkpt lat="45.00129" lon="6.6111">
        <ele>2148.35</ele>
        <time>2013-08-05T07:29:49Z</time>
      </trkpt>
      <trkpt lat="45.0011" lon="6.61109">
        <ele>2151.59</ele>
        <time>2013-08-05T07:30:04Z</time>
      </trkpt>
      <trkpt lat="45.00092" lon="6.61112">
        <ele>2151.2</ele>
        <time>2013-08-05T07:30:20Z</time>
      </trkpt>
      <trkpt lat="45.00074" lon="6.61117">
        <ele>2148.79</ele>
        <time>2013-08-05T07:30:35Z</time>
      </trkpt>
      <trkpt lat="45.00058" lon="6.61131">
        <ele>2149.48</ele>
        <time>2013-08-05T07:30:55Z</time>
      </trkpt>
      <trkpt lat="45.00041" lon="6.6114">
        <ele>2152.35</ele>
        <time>2013-08-05T07:31:13Z</time>
      </trkpt>
      <trkpt lat="45.00024" lon="6.61152">
        <ele>2154.49</ele>
        <time>2013-08-05T07:31:33Z</time>
      </trkpt>
      <trkpt lat="45.00006" lon="6.6116">
        <ele>2157.24</ele>
        <time>2013-08-05T07:31:51Z</time>
      </trkpt>
      <trkpt lat="44.99989" lon="6.6117">
        <ele>2156.99</ele>
        <time>2013-08-05T07:32:10Z</time>
      </trkpt>
      <trkpt lat="44.99971" lon="6.61172">
        <ele>2160.2</ele>
        <time>2013-08-05T07:32:34Z</time>
      </trkpt>
      <trkpt lat="44.99954" lon="6.61183">
        <ele>2162.01</ele>
        <time>2013-08-05T07:32:52Z</time>
      </trkpt>
      <trkpt lat="44.99936" lon="6.61187">
        <ele>2164.41</ele>
        <time>2013-08-05T07:33:12Z</time>
      </trkpt>
      <trkpt lat="44.99921" lon="6.61202">
        <ele>2167.27</ele>
        <time>2013-08-05T07:33:44Z</time>
      </trkpt>
      <trkpt lat="44.99903" lon="6.61209">
        <ele>2171.61</ele>
        <time>2013-08-05T07:34:11Z</time>
      </trkpt>
      <trkpt lat="44.999" lon="6.61234">
        <ele>2174.8</ele>
        <time>2013-08-05T07:34:53Z</time>
      </trkpt>
      <trkpt lat="44.99902" lon="6.61259">
        <ele>2179.26</ele>
        <time>2013-08-05T07:35:26Z</time>
      </trkpt>
      <trkpt lat="44.99885" lon="6.61269">
        <ele>2187.51</ele>
        <time>2013-08-05T07:36:04Z</time>
      </trkpt>
      <trkpt lat="44.99867" lon="6.61273">
        <ele>2192.54</ele>
        <time>2013-08-05T07:36:42Z</time>
      </trkpt>
      <trkpt lat="44.99849" lon="6.61277">
        <ele>2196.75</ele>
        <time>2013-08-05T07:37:11Z</time>
      </trkpt>
      <trkpt lat="44.9983" lon="6.61279">
        <ele>2203.98</ele>
        <time>2013-08-05T07:37:34Z</time>
      </trkpt>
      <trkpt lat="44.99812" lon="6.6128">
        <ele>2204.9</ele>
        <time>2013-08-05T07:37:59Z</time>
      </trkpt>
      <trkpt lat="44.99795" lon="6.6129">
        <ele>2208.11</ele>
        <time>2013-08-05T07:38:28Z</time>
      </trkpt>
      <trkpt lat="44.99776" lon="6.61292">
        <ele>2212.43</ele>
        <time>2013-08-05T07:38:49Z</time>
      </trkpt>
      <trkpt lat="44.99758" lon="6.61289">
        <ele>2214.15</ele>
        <time>2013-08-05T07:39:15Z</time>
      </trkpt>
      <trkpt lat="44.9974" lon="6.61287">
        <ele>2215.42</ele>
        <time>2013-08-05T07:39:35Z</time>
      </trkpt>
      <trkpt lat="44.99722" lon="6.6129">
        <ele>2214.36</ele>
        <time>2013-08-05T07:40:04Z</time>
      </trkpt>
      <trkpt lat="44.99704" lon="6.61289">
        <ele>2215.71</ele>
        <time>2013-08-05T07:40:23Z</time>
      </trkpt>
      <trkpt lat="44.99685" lon="6.6129">
        <ele>2214.11</ele>
        <time>2013-08-05T07:40:46Z</time>
      </trkpt>
      <trkpt lat="44.99667" lon="6.61294">
        <ele>2216.89</ele>
        <time>2013-08-05T07:41:05Z</time>
      </trkpt>
      <trkpt lat="44.9965" lon="6.61303">
        <ele>2219.13</ele>
        <time>2013-08-05T07:41:26Z</time>
      </trkpt>
      <trkpt lat="44.99633" lon="6.61311">
        <ele>2220.93</ele>
        <time>2013-08-05T07:41:44Z</time>
      </trkpt>
      <trkpt lat="44.99616" lon="6.6132">
        <ele>2220.97</ele>
        <time>2013-08-05T07:47:02Z</time>
      </trkpt>
      <trkpt lat="44.99597" lon="6.61325">
        <ele>2221.64</ele>
        <time>2013-08-05T07:47:14Z</time>
      </trkpt>
      <trkpt lat="44.9958" lon="6.61333">
        <ele>2222.08</ele>
        <time>2013-08-05T07:47:30Z</time>
      </trkpt>
      <trkpt lat="44.99563" lon="6.61343">
        <ele>2226.49</ele>
        <time>2013-08-05T07:47:49Z</time>
      </trkpt>
      <trkpt lat="44.99548" lon="6.61359">
        <ele>2228.51</ele>
        <time>2013-08-05T07:48:16Z</time>
      </trkpt>
      <trkpt lat="44.99532" lon="6.61371">
        <ele>2229.71</ele>
        <time>2013-08-05T07:48:42Z</time>
      </trkpt>
      <trkpt lat="44.99519" lon="6.6139">
        <ele>2232.8</ele>
        <time>2013-08-05T07:49:05Z</time>
      </trkpt>
      <trkpt lat="44.99509" lon="6.61411">
        <ele>2238.09</ele>
        <time>2013-08-05T07:49:30Z</time>
      </trkpt>
      <trkpt lat="44.99493" lon="6.61424">
        <ele>2247.88</ele>
        <time>2013-08-05T07:50:01Z</time>
      </trkpt>
      <trkpt lat="44.99481" lon="6.61444">
        <ele>2252.8</ele>
        <time>2013-08-05T07:51:01Z</time>
      </trkpt>
      <trkpt lat="44.99471" lon="6.61465">
        <ele>2256.39</ele>
        <time>2013-08-05T07:51:57Z</time>
      </trkpt>
      <trkpt lat="44.99453" lon="6.61457">
        <ele>2262.62</ele>
        <time>2013-08-05T07:52:58Z</time>
      </trkpt>
      <trkpt lat="44.99435" lon="6.61455">
        <ele>2274.02</ele>
        <time>2013-08-05T07:53:35Z</time>
      </trkpt>
      <trkpt lat="44.99417" lon="6.61447">
        <ele>2269.19</ele>
        <time>2013-08-05T07:53:53Z</time>
      </trkpt>
      <trkpt lat="44.994" lon="6.61436">
        <ele>2267.48</ele>
        <time>2013-08-05T07:54:15Z</time>
      </trkpt>
      <trkpt lat="44.99382" lon="6.61439">
        <ele>2268.45</ele>
        <time>2013-08-05T07:54:39Z</time>
      </trkpt>
      <trkpt lat="44.99365" lon="6.61432">
        <ele>2266.72</ele>
        <time>2013-08-05T07:55:06Z</time>
      </trkpt>
      <trkpt lat="44.99347" lon="6.61427">
        <ele>2268.98</ele>
        <time>2013-08-05T07:55:39Z</time>
      </trkpt>
      <trkpt lat="44.9933" lon="6.61417">
        <ele>2271.51</ele>
        <time>2013-08-05T07:55:55Z</time>
      </trkpt>
      <trkpt lat="44.99311" lon="6.61418">
        <ele>2274.11</ele>
        <time>2013-08-05T07:56:26Z</time>
      </trkpt>
      <trkpt lat="44.99293" lon="6.61421">
        <ele>2277.19</ele>
        <time>2013-08-05T07:56:46Z</time>
      </trkpt>
      <trkpt lat="44.99274" lon="6.6142">
        <ele>2277.72</ele>
        <time>2013-08-05T07:57:04Z</time>
      </trkpt>
      <trkpt lat="44.99256" lon="6.6142">
        <ele>2283.22</ele>
        <time>2013-08-05T07:57:28Z</time>
      </trkpt>
      <trkpt lat="44.99237" lon="6.61416">
        <ele>2285.71</ele>
        <time>2013-08-05T07:58:01Z</time>
      </trkpt>
      <trkpt lat="44.99219" lon="6.61412">
        <ele>2287.73</ele>
        <time>2013-08-05T07:58:25Z</time>
      </trkpt>
      <trkpt lat="44.99201" lon="6.61411">
        <ele>2292.65</ele>
        <time>2013-08-05T07:58:45Z</time>
      </trkpt>
      <trkpt lat="44.99183" lon="6.61412">
        <ele>2293.19</ele>
        <time>2013-08-05T07:59:21Z</time>
      </trkpt>
      <trkpt lat="44.99164" lon="6.61414">
        <ele>2293.9</ele>
        <time>2013-08-05T07:59:46Z</time>
      </trkpt>
      <trkpt lat="44.99146" lon="6.61415">
        <ele>2298.43</ele>
        <time>2013-08-05T08:00:09Z</time>
      </trkpt>
      <trkpt lat="44.99127" lon="6.61415">
        <ele>2297.31</ele>
        <time>2013-08-05T08:00:34Z</time>
      </trkpt>
      <trkpt lat="44.99109" lon="6.61412">
        <ele>2299.8</ele>
        <time>2013-08-05T08:00:50Z</time>
      </trkpt>
      <trkpt lat="44.9909" lon="6.6141">
        <ele>2297.01</ele>
        <time>2013-08-05T08:01:12Z</time>
      </trkpt>
      <trkpt lat="44.99072" lon="6.6141">
        <ele>2298.86</ele>
        <time>2013-08-05T08:01:30Z</time>
      </trkpt>
      <trkpt lat="44.99054" lon="6.61415">
        <ele>2299.21</ele>
        <time>2013-08-05T08:02:06Z</time>
      </trkpt>
      <trkpt lat="44.99035" lon="6.61411">
        <ele>2300.22</ele>
        <time>2013-08-05T08:02:29Z</time>
      </trkpt>
      <trkpt lat="44.99017" lon="6.6141">
        <ele>2306.21</ele>
        <time>2013-08-05T08:02:54Z</time>
      </trkpt>
      <trkpt lat="44.99" lon="6.61402">
        <ele>2312.11</ele>
        <time>2013-08-05T08:03:20Z</time>
      </trkpt>
      <trkpt lat="44.98987" lon="6.61383">
        <ele>2318.85</ele>
        <time>2013-08-05T08:03:54Z</time>
      </trkpt>
      <trkpt lat="44.98972" lon="6.61368">
        <ele>2322.05</ele>
        <time>2013-08-05T08:04:17Z</time>
      </trkpt>
      <trkpt lat="44.98955" lon="6.61359">
        <ele>2322.62</ele>
        <time>2013-08-05T08:04:38Z</time>
      </trkpt>
      <trkpt lat="44.98938" lon="6.61349">
        <ele>2325.39</ele>
        <time>2013-08-05T08:05:00Z</time>
      </trkpt>
      <trkpt lat="44.98923" lon="6.61335">
        <ele>2328.08</ele>
        <time>2013-08-05T08:05:24Z</time>
      </trkpt>
      <trkpt lat="44.98907" lon="6.61321">
        <ele>2330.64</ele>
        <time>2013-08-05T08:05:49Z</time>
      </trkpt>
      <trkpt lat="44.9889" lon="6.61311">
        <ele>2335.67</ele>
        <time>2013-08-05T08:06:18Z</time>
      </trkpt>
      <trkpt lat="44.98876" lon="6.61294">
        <ele>2340.4</ele>
        <time>2013-08-05T08:06:51Z</time>
      </trkpt>
      <trkpt lat="44.98859" lon="6.61284">
        <ele>2341.91</ele>
        <time>2013-08-05T08:07:12Z</time>
      </trkpt>
      <trkpt lat="44.98841" lon="6.61282">
        <ele>2343.77</ele>
        <time>2013-08-05T08:07:41Z</time>
      </trkpt>
      <trkpt lat="44.98823" lon="6.61278">
        <ele>2350.3</ele>
        <time>2013-08-05T08:08:17Z</time>
      </trkpt>
      <trkpt lat="44.98806" lon="6.61266">
        <ele>2356.61</ele>
        <time>2013-08-05T08:09:05Z</time>
      </trkpt>
      <trkpt lat="44.98789" lon="6.61261">
        <ele>2363.24</ele>
        <time>2013-08-05T08:09:51Z</time>
      </trkpt>
      <trkpt lat="44.98774" lon="6.61245">
        <ele>2371.13</ele>
        <time>2013-08-05T08:10:57Z</time>
      </trkpt>
      <trkpt lat="44.98759" lon="6.61232">
        <ele>2381.52</ele>
        <time>2013-08-05T08:12:01Z</time>
      </trkpt>
      <trkpt lat="44.98741" lon="6.61238">
        <ele>2389.17</ele>
        <time>2013-08-05T08:12:38Z</time>
      </trkpt>
      <trkpt lat="44.98724" lon="6.61248">
        <ele>2393.75</ele>
        <time>2013-08-05T08:13:18Z</time>
      </trkpt>
      <trkpt lat="44.98707" lon="6.61256">
        <ele>2398.99</ele>
        <time>2013-08-05T08:13:51Z</time>
      </trkpt>
      <trkpt lat="44.98689" lon="6.61253">
        <ele>2404.3</ele>
        <time>2013-08-05T08:14:28Z</time>
      </trkpt>
      <trkpt lat="44.98671" lon="6.61248">
        <ele>2406.46</ele>
        <time>2013-08-05T08:14:51Z</time>
      </trkpt>
      <trkpt lat="44.98655" lon="6.61235">
        <ele>2406.86</ele>
        <time>2013-08-05T08:15:11Z</time>
      </trkpt>
      <trkpt lat="44.9864" lon="6.61249">
        <ele>2407.2</ele>
        <time>2013-08-05T08:16:18Z</time>
      </trkpt>
      <trkpt lat="44.98638" lon="6.61224">
        <ele>2405.44</ele>
        <time>2013-08-05T08:18:53Z</time>
      </trkpt>
      <trkpt lat="44.98628" lon="6.61202">
        <ele>2408.78</ele>
        <time>2013-08-05T08:19:19Z</time>
      </trkpt>
      <trkpt lat="44.98618" lon="6.61181">
        <ele>2413.28</ele>
        <time>2013-08-05T08:19:44Z</time>
      </trkpt>
      <trkpt lat="44.98609" lon="6.61158">
        <ele>2416.4</ele>
        <time>2013-08-05T08:20:07Z</time>
      </trkpt>
      <trkpt lat="44.98606" lon="6.61132">
        <ele>2418.88</ele>
        <time>2013-08-05T08:20:54Z</time>
      </trkpt>
      <trkpt lat="44.98603" lon="6.61107">
        <ele>2424.64</ele>
        <time>2013-08-05T08:21:21Z</time>
      </trkpt>
      <trkpt lat="44.98595" lon="6.61083">
        <ele>2430.84</ele>
        <time>2013-08-05T08:21:49Z</time>
      </trkpt>
      <trkpt lat="44.98585" lon="6.61062">
        <ele>2427.01</ele>
        <time>2013-08-05T08:22:34Z</time>
      </trkpt>
      <trkpt lat="44.98572" lon="6.61044">
        <ele>2429.43</ele>
        <time>2013-08-05T08:23:03Z</time>
      </trkpt>
      <trkpt lat="44.98557" lon="6.61027">
        <ele>2425.21</ele>
        <time>2013-08-05T08:23:37Z</time>
      </trkpt>
      <trkpt lat="44.9854" lon="6.61017">
        <ele>2426.78</ele>
        <time>2013-08-05T08:23:49Z</time>
      </trkpt>
      <trkpt lat="44.98526" lon="6.61">
        <ele>2428.74</ele>
        <time>2013-08-05T08:25:39Z</time>
      </trkpt>
      <trkpt lat="44.98511" lon="6.60985">
        <ele>2423.98</ele>
        <time>2013-08-05T08:25:58Z</time>
      </trkpt>
      <trkpt lat="44.98498" lon="6.60967">
        <ele>2427.68</ele>
        <time>2013-08-05T08:26:17Z</time>
      </trkpt>
      <trkpt lat="44.98483" lon="6.60951">
        <ele>2433.99</ele>
        <time>2013-08-05T08:26:42Z</time>
      </trkpt>
      <trkpt lat="44.98471" lon="6.6093">
        <ele>2432.43</ele>
        <time>2013-08-05T08:28:22Z</time>
      </trkpt>
      <trkpt lat="44.98461" lon="6.60908">
        <ele>2437.93</ele>
        <time>2013-08-05T08:28:45Z</time>
      </trkpt>
      <trkpt lat="44.9845" lon="6.60888">
        <ele>2444.7</ele>
        <time>2013-08-05T08:29:18Z</time>
      </trkpt>
      <trkpt lat="44.98436" lon="6.60871">
        <ele>2450.79</ele>
        <time>2013-08-05T08:30:00Z</time>
      </trkpt>
      <trkpt lat="44.9842" lon="6.60861">
        <ele>2456.49</ele>
        <time>2013-08-05T08:30:41Z</time>
      </trkpt>
      <trkpt lat="44.98404" lon="6.60847">
        <ele>2463.34</ele>
        <time>2013-08-05T08:31:19Z</time>
      </trkpt>
      <trkpt lat="44.98386" lon="6.60845">
        <ele>2465.03</ele>
        <time>2013-08-05T08:31:55Z</time>
      </trkpt>
      <trkpt lat="44.9837" lon="6.60831">
        <ele>2467.98</ele>
        <time>2013-08-05T08:32:18Z</time>
      </trkpt>
      <trkpt lat="44.98353" lon="6.6082">
        <ele>2470.05</ele>
        <time>2013-08-05T08:32:45Z</time>
      </trkpt>
      <trkpt lat="44.98336" lon="6.60811">
        <ele>2472.09</ele>
        <time>2013-08-05T08:33:07Z</time>
      </trkpt>
      <trkpt lat="44.98319" lon="6.60821">
        <ele>2476.02</ele>
        <time>2013-08-05T08:33:28Z</time>
      </trkpt>
      <trkpt lat="44.9831" lon="6.60798">
        <ele>2477.04</ele>
        <time>2013-08-05T08:33:55Z</time>
      </trkpt>
      <trkpt lat="44.98299" lon="6.60777">
        <ele>2480.94</ele>
        <time>2013-08-05T08:34:21Z</time>
      </trkpt>
      <trkpt lat="44.98285" lon="6.6076">
        <ele>2482.52</ele>
        <time>2013-08-05T08:34:42Z</time>
      </trkpt>
      <trkpt lat="44.98275" lon="6.60739">
        <ele>2486.17</ele>
        <time>2013-08-05T08:35:07Z</time>
      </trkpt>
      <trkpt lat="44.98271" lon="6.60714">
        <ele>2491.6</ele>
        <time>2013-08-05T08:35:45Z</time>
      </trkpt>
      <trkpt lat="44.98259" lon="6.60694">
        <ele>2499.17</ele>
        <time>2013-08-05T08:36:42Z</time>
      </trkpt>
      <trkpt lat="44.98241" lon="6.60694">
        <ele>2505.22</ele>
        <time>2013-08-05T08:37:22Z</time>
      </trkpt>
      <trkpt lat="44.98223" lon="6.6069">
        <ele>2505.73</ele>
        <time>2013-08-05T08:37:46Z</time>
      </trkpt>
      <trkpt lat="44.98207" lon="6.60677">
        <ele>2506.42</ele>
        <time>2013-08-05T08:38:10Z</time>
      </trkpt>
      <trkpt lat="44.9819" lon="6.6067">
        <ele>2511.66</ele>
        <time>2013-08-05T08:38:45Z</time>
      </trkpt>
      <trkpt lat="44.98174" lon="6.60657">
        <ele>2519.02</ele>
        <time>2013-08-05T08:39:31Z</time>
      </trkpt>
      <trkpt lat="44.9817" lon="6.60631">
        <ele>2529.82</ele>
        <time>2013-08-05T08:40:43Z</time>
      </trkpt>
      <trkpt lat="44.98166" lon="6.60606">
        <ele>2534.06</ele>
        <time>2013-08-05T08:41:22Z</time>
      </trkpt>
      <trkpt lat="44.98155" lon="6.60585">
        <ele>2537.67</ele>
        <time>2013-08-05T08:41:47Z</time>
      </trkpt>
      <trkpt lat="44.98138" lon="6.60576">
        <ele>2541.46</ele>
        <time>2013-08-05T08:42:15Z</time>
      </trkpt>
      <trkpt lat="44.98133" lon="6.60551">
        <ele>2548.08</ele>
        <time>2013-08-05T08:42:50Z</time>
      </trkpt>
      <trkpt lat="44.98118" lon="6.60536">
        <ele>2548.29</ele>
        <time>2013-08-05T08:44:14Z</time>
      </trkpt>
      <trkpt lat="44.98102" lon="6.60522">
        <ele>2549.58</ele>
        <time>2013-08-05T08:44:32Z</time>
      </trkpt>
      <trkpt lat="44.98085" lon="6.60511">
        <ele>2544.42</ele>
        <time>2013-08-05T08:45:17Z</time>
      </trkpt>
      <trkpt lat="44.9807" lon="6.60497">
        <ele>2541.3</ele>
        <time>2013-08-05T08:45:33Z</time>
      </trkpt>
      <trkpt lat="44.9806" lon="6.60476">
        <ele>2541.4</ele>
        <time>2013-08-05T08:45:52Z</time>
      </trkpt>
      <trkpt lat="44.98049" lon="6.60455">
        <ele>2539.91</ele>
        <time>2013-08-05T08:46:08Z</time>
      </trkpt>
      <trkpt lat="44.98043" lon="6.6043">
        <ele>2538.94</ele>
        <time>2013-08-05T08:46:24Z</time>
      </trkpt>
      <trkpt lat="44.98036" lon="6.60406">
        <ele>2539.21</ele>
        <time>2013-08-05T08:46:40Z</time>
      </trkpt>
      <trkpt lat="44.98028" lon="6.60382">
        <ele>2539.89</ele>
        <time>2013-08-05T08:46:57Z</time>
      </trkpt>
      <trkpt lat="44.9802" lon="6.60358">
        <ele>2541.28</ele>
        <time>2013-08-05T08:47:15Z</time>
      </trkpt>
      <trkpt lat="44.98016" lon="6.60333">
        <ele>2541.78</ele>
        <time>2013-08-05T08:47:31Z</time>
      </trkpt>
      <trkpt lat="44.98006" lon="6.60311">
        <ele>2541</ele>
        <time>2013-08-05T08:47:48Z</time>
      </trkpt>
      <trkpt lat="44.97995" lon="6.6029">
        <ele>2538.84</ele>
        <time>2013-08-05T08:48:07Z</time>
      </trkpt>
      <trkpt lat="44.97983" lon="6.6027">
        <ele>2540.27</ele>
        <time>2013-08-05T08:48:25Z</time>
      </trkpt>
      <trkpt lat="44.97971" lon="6.60251">
        <ele>2538.72</ele>
        <time>2013-08-05T08:48:42Z</time>
      </trkpt>
      <trkpt lat="44.97958" lon="6.60232">
        <ele>2537.17</ele>
        <time>2013-08-05T08:48:59Z</time>
      </trkpt>
      <trkpt lat="44.9794" lon="6.60225">
        <ele>2536.08</ele>
        <time>2013-08-05T08:49:13Z</time>
      </trkpt>
      <trkpt lat="44.97923" lon="6.60215">
        <ele>2535.72</ele>
        <time>2013-08-05T08:49:32Z</time>
      </trkpt>
      <trkpt lat="44.97905" lon="6.60205">
        <ele>2534.42</ele>
        <time>2013-08-05T08:49:57Z</time>
      </trkpt>
      <trkpt lat="44.97888" lon="6.60195">
        <ele>2534.62</ele>
        <time>2013-08-05T08:50:13Z</time>
      </trkpt>
      <trkpt lat="44.9787" lon="6.60186">
        <ele>2534.02</ele>
        <time>2013-08-05T08:50:31Z</time>
      </trkpt>
      <trkpt lat="44.97852" lon="6.60179">
        <ele>2537.84</ele>
        <time>2013-08-05T08:50:54Z</time>
      </trkpt>
      <trkpt lat="44.97834" lon="6.60175">
        <ele>2538.24</ele>
        <time>2013-08-05T08:51:11Z</time>
      </trkpt>
      <trkpt lat="44.97818" lon="6.60165">
        <ele>2540.97</ele>
        <time>2013-08-05T08:51:30Z</time>
      </trkpt>
      <trkpt lat="44.978" lon="6.60161">
        <ele>2543.18</ele>
        <time>2013-08-05T08:51:52Z</time>
      </trkpt>
      <trkpt lat="44.97782" lon="6.60155">
        <ele>2552.91</ele>
        <time>2013-08-05T08:52:20Z</time>
      </trkpt>
      <trkpt lat="44.97768" lon="6.60138">
        <ele>2558.8</ele>
        <time>2013-08-05T08:52:55Z</time>
      </trkpt>
      <trkpt lat="44.9775" lon="6.60131">
        <ele>2557.02</ele>
        <time>2013-08-05T08:53:12Z</time>
      </trkpt>
      <trkpt lat="44.97733" lon="6.60122">
        <ele>2556.62</ele>
        <time>2013-08-05T08:53:29Z</time>
      </trkpt>
      <trkpt lat="44.97717" lon="6.6011">
        <ele>2556.42</ele>
        <time>2013-08-05T08:53:46Z</time>
      </trkpt>
      <trkpt lat="44.97699" lon="6.60099">
        <ele>2556.62</ele>
        <time>2013-08-05T08:54:04Z</time>
      </trkpt>
      <trkpt lat="44.97681" lon="6.60095">
        <ele>2556.08</ele>
        <time>2013-08-05T08:54:21Z</time>
      </trkpt>
      <trkpt lat="44.97663" lon="6.60088">
        <ele>2552.92</ele>
        <time>2013-08-05T08:54:38Z</time>
      </trkpt>
      <trkpt lat="44.97647" lon="6.60073">
        <ele>2551.65</ele>
        <time>2013-08-05T08:54:54Z</time>
      </trkpt>
      <trkpt lat="44.97631" lon="6.6006">
        <ele>2551.75</ele>
        <time>2013-08-05T08:55:10Z</time>
      </trkpt>
      <trkpt lat="44.97613" lon="6.60053">
        <ele>2549.85</ele>
        <time>2013-08-05T08:55:26Z</time>
      </trkpt>
      <trkpt lat="44.97598" lon="6.6004">
        <ele>2547.17</ele>
        <time>2013-08-05T08:55:44Z</time>
      </trkpt>
      <trkpt lat="44.97589" lon="6.60018">
        <ele>2541.85</ele>
        <time>2013-08-05T08:56:01Z</time>
      </trkpt>
      <trkpt lat="44.97575" lon="6.6">
        <ele>2540.15</ele>
        <time>2013-08-05T08:56:15Z</time>
      </trkpt>
      <trkpt lat="44.97557" lon="6.5999">
        <ele>2536.57</ele>
        <time>2013-08-05T08:56:30Z</time>
      </trkpt>
      <trkpt lat="44.97539" lon="6.59995">
        <ele>2536.24</ele>
        <time>2013-08-05T08:56:45Z</time>
      </trkpt>
      <trkpt lat="44.97521" lon="6.59991">
        <ele>2533.59</ele>
        <time>2013-08-05T08:57:01Z</time>
      </trkpt>
      <trkpt lat="44.97501" lon="6.59988">
        <ele>2533.55</ele>
        <time>2013-08-05T08:57:17Z</time>
      </trkpt>
      <trkpt lat="44.97483" lon="6.59986">
        <ele>2531.94</ele>
        <time>2013-08-05T08:57:36Z</time>
      </trkpt>
      <trkpt lat="44.97464" lon="6.59983">
        <ele>2529.1</ele>
        <time>2013-08-05T08:57:52Z</time>
      </trkpt>
      <trkpt lat="44.97446" lon="6.5998">
        <ele>2526.41</ele>
        <time>2013-08-05T08:58:07Z</time>
      </trkpt>
      <trkpt lat="44.97427" lon="6.59978">
        <ele>2525.02</ele>
        <time>2013-08-05T08:58:22Z</time>
      </trkpt>
      <trkpt lat="44.97409" lon="6.59981">
        <ele>2525.14</ele>
        <time>2013-08-05T08:58:37Z</time>
      </trkpt>
      <trkpt lat="44.9739" lon="6.59981">
        <ele>2525.49</ele>
        <time>2013-08-05T08:58:52Z</time>
      </trkpt>
      <trkpt lat="44.97372" lon="6.59978">
        <ele>2526.27</ele>
        <time>2013-08-05T08:59:32Z</time>
      </trkpt>
      <trkpt lat="44.97355" lon="6.59967">
        <ele>2524.62</ele>
        <time>2013-08-05T08:59:49Z</time>
      </trkpt>
      <trkpt lat="44.97336" lon="6.59965">
        <ele>2521.49</ele>
        <time>2013-08-05T09:03:54Z</time>
      </trkpt>
      <trkpt lat="44.97318" lon="6.59969">
        <ele>2520.6</ele>
        <time>2013-08-05T09:04:10Z</time>
      </trkpt>
      <trkpt lat="44.973" lon="6.59968">
        <ele>2519.96</ele>
        <time>2013-08-05T09:04:24Z</time>
      </trkpt>
      <trkpt lat="44.97282" lon="6.59962">
        <ele>2518.96</ele>
        <time>2013-08-05T09:04:38Z</time>
      </trkpt>
      <trkpt lat="44.97264" lon="6.59955">
        <ele>2518.71</ele>
        <time>2013-08-05T09:04:52Z</time>
      </trkpt>
      <trkpt lat="44.97246" lon="6.59955">
        <ele>2518.31</ele>
        <time>2013-08-05T09:05:06Z</time>
      </trkpt>
      <trkpt lat="44.97227" lon="6.59954">
        <ele>2518.72</ele>
        <time>2013-08-05T09:05:21Z</time>
      </trkpt>
      <trkpt lat="44.97208" lon="6.59955">
        <ele>2517.93</ele>
        <time>2013-08-05T09:05:36Z</time>
      </trkpt>
      <trkpt lat="44.97189" lon="6.59952">
        <ele>2517.7</ele>
        <time>2013-08-05T09:05:50Z</time>
      </trkpt>
      <trkpt lat="44.97171" lon="6.59955">
        <ele>2515.07</ele>
        <time>2013-08-05T09:06:13Z</time>
      </trkpt>
      <trkpt lat="44.97153" lon="6.59957">
        <ele>2514.14</ele>
        <time>2013-08-05T09:06:26Z</time>
      </trkpt>
      <trkpt lat="44.97135" lon="6.59952">
        <ele>2513.59</ele>
        <time>2013-08-05T09:06:39Z</time>
      </trkpt>
      <trkpt lat="44.97117" lon="6.59952">
        <ele>2514.38</ele>
        <time>2013-08-05T09:06:53Z</time>
      </trkpt>
      <trkpt lat="44.97098" lon="6.59953">
        <ele>2513.49</ele>
        <time>2013-08-05T09:07:07Z</time>
      </trkpt>
      <trkpt lat="44.9708" lon="6.59958">
        <ele>2513.61</ele>
        <time>2013-08-05T09:07:21Z</time>
      </trkpt>
      <trkpt lat="44.97064" lon="6.5997">
        <ele>2511.23</ele>
        <time>2013-08-05T09:07:47Z</time>
      </trkpt>
      <trkpt lat="44.97062" lon="6.59997">
        <ele>2508.54</ele>
        <time>2013-08-05T09:08:03Z</time>
      </trkpt>
      <trkpt lat="44.97051" lon="6.60019">
        <ele>2507.24</ele>
        <time>2013-08-05T09:08:48Z</time>
      </trkpt>
      <trkpt lat="44.97033" lon="6.60024">
        <ele>2505.02</ele>
        <time>2013-08-05T09:09:02Z</time>
      </trkpt>
      <trkpt lat="44.97018" lon="6.60039">
        <ele>2503.17</ele>
        <time>2013-08-05T09:09:16Z</time>
      </trkpt>
      <trkpt lat="44.97019" lon="6.60065">
        <ele>2500.47</ele>
        <time>2013-08-05T09:09:33Z</time>
      </trkpt>
      <trkpt lat="44.97008" lon="6.60086">
        <ele>2498.12</ele>
        <time>2013-08-05T09:09:49Z</time>
      </trkpt>
      <trkpt lat="44.96995" lon="6.60103">
        <ele>2498.15</ele>
        <time>2013-08-05T09:10:02Z</time>
      </trkpt>
      <trkpt lat="44.96983" lon="6.60122">
        <ele>2496.08</ele>
        <time>2013-08-05T09:10:16Z</time>
      </trkpt>
      <trkpt lat="44.9697" lon="6.60141">
        <ele>2494.96</ele>
        <time>2013-08-05T09:10:31Z</time>
      </trkpt>
      <trkpt lat="44.96951" lon="6.60141">
        <ele>2494.6</ele>
        <time>2013-08-05T09:10:45Z</time>
      </trkpt>
      <trkpt lat="44.96932" lon="6.60144">
        <ele>2494.06</ele>
        <time>2013-08-05T09:11:01Z</time>
      </trkpt>
      <trkpt lat="44.96915" lon="6.60153">
        <ele>2493.66</ele>
        <time>2013-08-05T09:11:15Z</time>
      </trkpt>
      <trkpt lat="44.96901" lon="6.6017">
        <ele>2491.88</ele>
        <time>2013-08-05T09:11:29Z</time>
      </trkpt>
      <trkpt lat="44.96894" lon="6.60194">
        <ele>2489.69</ele>
        <time>2013-08-05T09:11:44Z</time>
      </trkpt>
      <trkpt lat="44.9689" lon="6.60219">
        <ele>2487.64</ele>
        <time>2013-08-05T09:11:58Z</time>
      </trkpt>
      <trkpt lat="44.96884" lon="6.60243">
        <ele>2484.76</ele>
        <time>2013-08-05T09:12:12Z</time>
      </trkpt>
      <trkpt lat="44.96875" lon="6.60265">
        <ele>2484.21</ele>
        <time>2013-08-05T09:12:26Z</time>
      </trkpt>
      <trkpt lat="44.96862" lon="6.60284">
        <ele>2483.69</ele>
        <time>2013-08-05T09:12:41Z</time>
      </trkpt>
      <trkpt lat="44.96859" lon="6.60309">
        <ele>2483.34</ele>
        <time>2013-08-05T09:12:57Z</time>
      </trkpt>
      <trkpt lat="44.96846" lon="6.60329">
        <ele>2481.6</ele>
        <time>2013-08-05T09:13:13Z</time>
      </trkpt>
      <trkpt lat="44.96838" lon="6.60353">
        <ele>2480.34</ele>
        <time>2013-08-05T09:13:28Z</time>
      </trkpt>
      <trkpt lat="44.96825" lon="6.60373">
        <ele>2477.48</ele>
        <time>2013-08-05T09:13:43Z</time>
      </trkpt>
      <trkpt lat="44.96811" lon="6.60388">
        <ele>2475.51</ele>
        <time>2013-08-05T09:13:57Z</time>
      </trkpt>
      <trkpt lat="44.968" lon="6.60409">
        <ele>2472.94</ele>
        <time>2013-08-05T09:14:11Z</time>
      </trkpt>
      <trkpt lat="44.96786" lon="6.60427">
        <ele>2471.15</ele>
        <time>2013-08-05T09:14:25Z</time>
      </trkpt>
      <trkpt lat="44.96774" lon="6.60447">
        <ele>2468.29</ele>
        <time>2013-08-05T09:14:39Z</time>
      </trkpt>
      <trkpt lat="44.96769" lon="6.60472">
        <ele>2466.05</ele>
        <time>2013-08-05T09:14:59Z</time>
      </trkpt>
      <trkpt lat="44.96762" lon="6.60497">
        <ele>2463.5</ele>
        <time>2013-08-05T09:15:14Z</time>
      </trkpt>
      <trkpt lat="44.96751" lon="6.60518">
        <ele>2459.93</ele>
        <time>2013-08-05T09:15:30Z</time>
      </trkpt>
      <trkpt lat="44.96737" lon="6.60538">
        <ele>2458.32</ele>
        <time>2013-08-05T09:15:44Z</time>
      </trkpt>
      <trkpt lat="44.96723" lon="6.60555">
        <ele>2457.54</ele>
        <time>2013-08-05T09:15:58Z</time>
      </trkpt>
      <trkpt lat="44.96708" lon="6.60571">
        <ele>2456.14</ele>
        <time>2013-08-05T09:16:13Z</time>
      </trkpt>
      <trkpt lat="44.96693" lon="6.60585">
        <ele>2455.36</ele>
        <time>2013-08-05T09:16:27Z</time>
      </trkpt>
      <trkpt lat="44.96675" lon="6.60591">
        <ele>2454.06</ele>
        <time>2013-08-05T09:16:43Z</time>
      </trkpt>
      <trkpt lat="44.96658" lon="6.60602">
        <ele>2454.02</ele>
        <time>2013-08-05T09:16:57Z</time>
      </trkpt>
      <trkpt lat="44.96653" lon="6.60628">
        <ele>2451.79</ele>
        <time>2013-08-05T09:17:11Z</time>
      </trkpt>
      <trkpt lat="44.96646" lon="6.60651">
        <ele>2449.68</ele>
        <time>2013-08-05T09:17:26Z</time>
      </trkpt>
      <trkpt lat="44.96633" lon="6.60669">
        <ele>2449.35</ele>
        <time>2013-08-05T09:17:42Z</time>
      </trkpt>
      <trkpt lat="44.96619" lon="6.60686">
        <ele>2449.03</ele>
        <time>2013-08-05T09:17:56Z</time>
      </trkpt>
      <trkpt lat="44.96604" lon="6.60704">
        <ele>2447.11</ele>
        <time>2013-08-05T09:18:10Z</time>
      </trkpt>
      <trkpt lat="44.96587" lon="6.60711">
        <ele>2445.28</ele>
        <time>2013-08-05T09:18:24Z</time>
      </trkpt>
      <trkpt lat="44.96568" lon="6.60715">
        <ele>2445.4</ele>
        <time>2013-08-05T09:18:38Z</time>
      </trkpt>
      <trkpt lat="44.9655" lon="6.60724">
        <ele>2442.89</ele>
        <time>2013-08-05T09:18:53Z</time>
      </trkpt>
      <trkpt lat="44.96532" lon="6.60732">
        <ele>2441.85</ele>
        <time>2013-08-05T09:19:07Z</time>
      </trkpt>
      <trkpt lat="44.96515" lon="6.60742">
        <ele>2441.45</ele>
        <time>2013-08-05T09:19:21Z</time>
      </trkpt>
      <trkpt lat="44.96497" lon="6.60749">
        <ele>2436.3</ele>
        <time>2013-08-05T09:20:08Z</time>
      </trkpt>
      <trkpt lat="44.96482" lon="6.60762">
        <ele>2429.33</ele>
        <time>2013-08-05T09:20:31Z</time>
      </trkpt>
      <trkpt lat="44.96468" lon="6.60779">
        <ele>2426.34</ele>
        <time>2013-08-05T09:20:48Z</time>
      </trkpt>
      <trkpt lat="44.9645" lon="6.60787">
        <ele>2424.54</ele>
        <time>2013-08-05T09:21:04Z</time>
      </trkpt>
      <trkpt lat="44.96432" lon="6.60794">
        <ele>2420.47</ele>
        <time>2013-08-05T09:21:19Z</time>
      </trkpt>
      <trkpt lat="44.96418" lon="6.60813">
        <ele>2418.05</ele>
        <time>2013-08-05T09:21:33Z</time>
      </trkpt>
      <trkpt lat="44.96412" lon="6.60837">
        <ele>2416.78</ele>
        <time>2013-08-05T09:21:48Z</time>
      </trkpt>
      <trkpt lat="44.96415" lon="6.60862">
        <ele>2414.86</ele>
        <time>2013-08-05T09:22:02Z</time>
      </trkpt>
      <trkpt lat="44.96415" lon="6.60888">
        <ele>2410.87</ele>
        <time>2013-08-05T09:22:17Z</time>
      </trkpt>
      <trkpt lat="44.96407" lon="6.60912">
        <ele>2409.93</ele>
        <time>2013-08-05T09:22:33Z</time>
      </trkpt>
      <trkpt lat="44.964" lon="6.60936">
        <ele>2409.96</ele>
        <time>2013-08-05T09:22:48Z</time>
      </trkpt>
      <trkpt lat="44.96389" lon="6.60959">
        <ele>2409.39</ele>
        <time>2013-08-05T09:23:02Z</time>
      </trkpt>
      <trkpt lat="44.96374" lon="6.60974">
        <ele>2409.62</ele>
        <time>2013-08-05T09:23:16Z</time>
      </trkpt>
      <trkpt lat="44.9636" lon="6.60991">
        <ele>2410.79</ele>
        <time>2013-08-05T09:23:30Z</time>
      </trkpt>
      <trkpt lat="44.96347" lon="6.61007">
        <ele>2409.97</ele>
        <time>2013-08-05T09:23:44Z</time>
      </trkpt>
      <trkpt lat="44.96331" lon="6.61023">
        <ele>2412.59</ele>
        <time>2013-08-05T09:23:59Z</time>
      </trkpt>
      <trkpt lat="44.96316" lon="6.61039">
        <ele>2414.13</ele>
        <time>2013-08-05T09:24:13Z</time>
      </trkpt>
      <trkpt lat="44.96302" lon="6.61055">
        <ele>2413.52</ele>
        <time>2013-08-05T09:24:27Z</time>
      </trkpt>
      <trkpt lat="44.96292" lon="6.61076">
        <ele>2408.54</ele>
        <time>2013-08-05T09:25:02Z</time>
      </trkpt>
      <trkpt lat="44.96279" lon="6.61095">
        <ele>2404.72</ele>
        <time>2013-08-05T09:25:24Z</time>
      </trkpt>
      <trkpt lat="44.96264" lon="6.6111">
        <ele>2407.67</ele>
        <time>2013-08-05T09:25:49Z</time>
      </trkpt>
      <trkpt lat="44.96246" lon="6.61115">
        <ele>2413.94</ele>
        <time>2013-08-05T09:26:10Z</time>
      </trkpt>
      <trkpt lat="44.9623" lon="6.61128">
        <ele>2416.55</ele>
        <time>2013-08-05T09:26:30Z</time>
      </trkpt>
      <trkpt lat="44.96218" lon="6.61148">
        <ele>2414.85</ele>
        <time>2013-08-05T09:28:15Z</time>
      </trkpt>
      <trkpt lat="44.96209" lon="6.61171">
        <ele>2411.62</ele>
        <time>2013-08-05T09:28:29Z</time>
      </trkpt>
      <trkpt lat="44.962" lon="6.61195">
        <ele>2410.83</ele>
        <time>2013-08-05T09:28:43Z</time>
      </trkpt>
      <trkpt lat="44.96191" lon="6.61217">
        <ele>2410.08</ele>
        <time>2013-08-05T09:28:58Z</time>
      </trkpt>
      <trkpt lat="44.96179" lon="6.61238">
        <ele>2411.09</ele>
        <time>2013-08-05T09:29:14Z</time>
      </trkpt>
      <trkpt lat="44.96163" lon="6.61251">
        <ele>2407.71</ele>
        <time>2013-08-05T09:29:29Z</time>
      </trkpt>
      <trkpt lat="44.96145" lon="6.6125">
        <ele>2405.89</ele>
        <time>2013-08-05T09:29:50Z</time>
      </trkpt>
      <trkpt lat="44.96127" lon="6.61243">
        <ele>2403.79</ele>
        <time>2013-08-05T09:30:07Z</time>
      </trkpt>
      <trkpt lat="44.96114" lon="6.61262">
        <ele>2399.47</ele>
        <time>2013-08-05T09:30:27Z</time>
      </trkpt>
      <trkpt lat="44.96104" lon="6.61283">
        <ele>2402.72</ele>
        <time>2013-08-05T09:30:50Z</time>
      </trkpt>
      <trkpt lat="44.96095" lon="6.61306">
        <ele>2404.46</ele>
        <time>2013-08-05T09:31:36Z</time>
      </trkpt>
      <trkpt lat="44.96088" lon="6.61331">
        <ele>2405.67</ele>
        <time>2013-08-05T09:31:54Z</time>
      </trkpt>
      <trkpt lat="44.96073" lon="6.61348">
        <ele>2406.36</ele>
        <time>2013-08-05T09:32:10Z</time>
      </trkpt>
      <trkpt lat="44.96061" lon="6.61368">
        <ele>2411.73</ele>
        <time>2013-08-05T09:32:29Z</time>
      </trkpt>
      <trkpt lat="44.96047" lon="6.61383">
        <ele>2414.23</ele>
        <time>2013-08-05T09:32:55Z</time>
      </trkpt>
      <trkpt lat="44.96029" lon="6.61392">
        <ele>2417.96</ele>
        <time>2013-08-05T09:33:20Z</time>
      </trkpt>
      <trkpt lat="44.96011" lon="6.61395">
        <ele>2420.36</ele>
        <time>2013-08-05T09:33:43Z</time>
      </trkpt>
      <trkpt lat="44.95996" lon="6.6141">
        <ele>2422.72</ele>
        <time>2013-08-05T09:34:04Z</time>
      </trkpt>
      <trkpt lat="44.95983" lon="6.61428">
        <ele>2424.2</ele>
        <time>2013-08-05T09:34:23Z</time>
      </trkpt>
      <trkpt lat="44.95977" lon="6.61452">
        <ele>2422.8</ele>
        <time>2013-08-05T09:35:44Z</time>
      </trkpt>
      <trkpt lat="44.95979" lon="6.61478">
        <ele>2422.88</ele>
        <time>2013-08-05T09:36:00Z</time>
      </trkpt>
      <trkpt lat="44.95981" lon="6.61503">
        <ele>2421.19</ele>
        <time>2013-08-05T09:36:14Z</time>
      </trkpt>
      <trkpt lat="44.95981" lon="6.61529">
        <ele>2420.92</ele>
        <time>2013-08-05T09:36:28Z</time>
      </trkpt>
      <trkpt lat="44.95982" lon="6.61554">
        <ele>2421.36</ele>
        <time>2013-08-05T09:36:43Z</time>
      </trkpt>
      <trkpt lat="44.95988" lon="6.61579">
        <ele>2415.62</ele>
        <time>2013-08-05T09:37:00Z</time>
      </trkpt>
      <trkpt lat="44.95981" lon="6.61604">
        <ele>2409.41</ele>
        <time>2013-08-05T09:37:20Z</time>
      </trkpt>
      <trkpt lat="44.95965" lon="6.61619">
        <ele>2409.09</ele>
        <time>2013-08-05T09:37:45Z</time>
      </trkpt>
      <trkpt lat="44.95969" lon="6.61645">
        <ele>2406.34</ele>
        <time>2013-08-05T09:38:06Z</time>
      </trkpt>
      <trkpt lat="44.95973" lon="6.6167">
        <ele>2397.64</ele>
        <time>2013-08-05T09:38:30Z</time>
      </trkpt>
      <trkpt lat="44.95972" lon="6.61696">
        <ele>2394.46</ele>
        <time>2013-08-05T09:38:45Z</time>
      </trkpt>
      <trkpt lat="44.95974" lon="6.61722">
        <ele>2391.07</ele>
        <time>2013-08-05T09:39:02Z</time>
      </trkpt>
      <trkpt lat="44.95972" lon="6.61748">
        <ele>2389.54</ele>
        <time>2013-08-05T09:39:17Z</time>
      </trkpt>
      <trkpt lat="44.95967" lon="6.61774">
        <ele>2386.61</ele>
        <time>2013-08-05T09:39:34Z</time>
      </trkpt>
      <trkpt lat="44.95974" lon="6.61798">
        <ele>2383.34</ele>
        <time>2013-08-05T09:40:06Z</time>
      </trkpt>
      <trkpt lat="44.95979" lon="6.61823">
        <ele>2380.68</ele>
        <time>2013-08-05T09:40:21Z</time>
      </trkpt>
      <trkpt lat="44.95987" lon="6.61846">
        <ele>2379.55</ele>
        <time>2013-08-05T09:40:37Z</time>
      </trkpt>
      <trkpt lat="44.95993" lon="6.61869">
        <ele>2379.94</ele>
        <time>2013-08-05T09:40:57Z</time>
      </trkpt>
      <trkpt lat="44.95995" lon="6.61895">
        <ele>2384.88</ele>
        <time>2013-08-05T09:41:13Z</time>
      </trkpt>
      <trkpt lat="44.96" lon="6.6192">
        <ele>2384.78</ele>
        <time>2013-08-05T09:41:31Z</time>
      </trkpt>
      <trkpt lat="44.95994" lon="6.61945">
        <ele>2386.74</ele>
        <time>2013-08-05T09:41:55Z</time>
      </trkpt>
      <trkpt lat="44.95987" lon="6.61969">
        <ele>2389.32</ele>
        <time>2013-08-05T09:42:17Z</time>
      </trkpt>
      <trkpt lat="44.95981" lon="6.61994">
        <ele>2392.54</ele>
        <time>2013-08-05T09:42:35Z</time>
      </trkpt>
      <trkpt lat="44.95986" lon="6.6202">
        <ele>2392.14</ele>
        <time>2013-08-05T09:42:51Z</time>
      </trkpt>
      <trkpt lat="44.95995" lon="6.62043">
        <ele>2388.38</ele>
        <time>2013-08-05T09:43:07Z</time>
      </trkpt>
      <trkpt lat="44.96009" lon="6.62059">
        <ele>2384.99</ele>
        <time>2013-08-05T09:43:21Z</time>
      </trkpt>
      <trkpt lat="44.96007" lon="6.62085">
        <ele>2382.52</ele>
        <time>2013-08-05T09:43:38Z</time>
      </trkpt>
      <trkpt lat="44.96002" lon="6.6211">
        <ele>2381.5</ele>
        <time>2013-08-05T09:44:06Z</time>
      </trkpt>
      <trkpt lat="44.95993" lon="6.62133">
        <ele>2386.32</ele>
        <time>2013-08-05T09:44:23Z</time>
      </trkpt>
      <trkpt lat="44.95986" lon="6.62158">
        <ele>2386.29</ele>
        <time>2013-08-05T09:44:41Z</time>
      </trkpt>
      <trkpt lat="44.95983" lon="6.62184">
        <ele>2389.83</ele>
        <time>2013-08-05T09:45:00Z</time>
      </trkpt>
      <trkpt lat="44.95979" lon="6.62208">
        <ele>2391.67</ele>
        <time>2013-08-05T09:45:18Z</time>
      </trkpt>
      <trkpt lat="44.95974" lon="6.62234">
        <ele>2392.81</ele>
        <time>2013-08-05T09:45:38Z</time>
      </trkpt>
      <trkpt lat="44.95974" lon="6.6226">
        <ele>2395.85</ele>
        <time>2013-08-05T09:45:58Z</time>
      </trkpt>
      <trkpt lat="44.95982" lon="6.62285">
        <ele>2393</ele>
        <time>2013-08-05T09:46:18Z</time>
      </trkpt>
      <trkpt lat="44.95978" lon="6.62311">
        <ele>2391.41</ele>
        <time>2013-08-05T09:46:35Z</time>
      </trkpt>
      <trkpt lat="44.95963" lon="6.62326">
        <ele>2392.18</ele>
        <time>2013-08-05T09:47:00Z</time>
      </trkpt>
      <trkpt lat="44.95947" lon="6.62339">
        <ele>2385.54</ele>
        <time>2013-08-05T09:47:17Z</time>
      </trkpt>
      <trkpt lat="44.95934" lon="6.62358">
        <ele>2387.14</ele>
        <time>2013-08-05T09:47:33Z</time>
      </trkpt>
      <trkpt lat="44.95921" lon="6.62376">
        <ele>2391.26</ele>
        <time>2013-08-05T09:47:51Z</time>
      </trkpt>
      <trkpt lat="44.95907" lon="6.62392">
        <ele>2392.35</ele>
        <time>2013-08-05T09:48:24Z</time>
      </trkpt>
      <trkpt lat="44.95891" lon="6.62404">
        <ele>2390.72</ele>
        <time>2013-08-05T09:48:47Z</time>
      </trkpt>
      <trkpt lat="44.95884" lon="6.62428">
        <ele>2386.36</ele>
        <time>2013-08-05T09:49:06Z</time>
      </trkpt>
      <trkpt lat="44.95868" lon="6.62441">
        <ele>2384.74</ele>
        <time>2013-08-05T09:49:20Z</time>
      </trkpt>
      <trkpt lat="44.95859" lon="6.62465">
        <ele>2384</ele>
        <time>2013-08-05T09:49:35Z</time>
      </trkpt>
      <trkpt lat="44.95857" lon="6.6249">
        <ele>2382.56</ele>
        <time>2013-08-05T09:49:49Z</time>
      </trkpt>
      <trkpt lat="44.95856" lon="6.62517">
        <ele>2381.24</ele>
        <time>2013-08-05T09:50:03Z</time>
      </trkpt>
      <trkpt lat="44.95855" lon="6.62543">
        <ele>2383.15</ele>
        <time>2013-08-05T09:50:30Z</time>
      </trkpt>
      <trkpt lat="44.9586" lon="6.62569">
        <ele>2385.56</ele>
        <time>2013-08-05T09:50:49Z</time>
      </trkpt>
      <trkpt lat="44.95851" lon="6.62593">
        <ele>2386.18</ele>
        <time>2013-08-05T09:51:04Z</time>
      </trkpt>
      <trkpt lat="44.95836" lon="6.62608">
        <ele>2388.25</ele>
        <time>2013-08-05T09:51:18Z</time>
      </trkpt>
      <trkpt lat="44.9582" lon="6.62622">
        <ele>2387.39</ele>
        <time>2013-08-05T09:51:32Z</time>
      </trkpt>
      <trkpt lat="44.95802" lon="6.62622">
        <ele>2393.48</ele>
        <time>2013-08-05T09:52:02Z</time>
      </trkpt>
      <trkpt lat="44.95785" lon="6.62633">
        <ele>2399.36</ele>
        <time>2013-08-05T09:52:33Z</time>
      </trkpt>
      <trkpt lat="44.95776" lon="6.62656">
        <ele>2397.49</ele>
        <time>2013-08-05T09:52:51Z</time>
      </trkpt>
      <trkpt lat="44.95761" lon="6.6267">
        <ele>2401.55</ele>
        <time>2013-08-05T09:53:10Z</time>
      </trkpt>
      <trkpt lat="44.95747" lon="6.62686">
        <ele>2407.08</ele>
        <time>2013-08-05T09:53:27Z</time>
      </trkpt>
      <trkpt lat="44.95734" lon="6.62704">
        <ele>2408.08</ele>
        <time>2013-08-05T09:53:45Z</time>
      </trkpt>
      <trkpt lat="44.95717" lon="6.62716">
        <ele>2405.81</ele>
        <time>2013-08-05T09:54:01Z</time>
      </trkpt>
      <trkpt lat="44.957" lon="6.62724">
        <ele>2406.79</ele>
        <time>2013-08-05T09:54:25Z</time>
      </trkpt>
      <trkpt lat="44.95687" lon="6.62742">
        <ele>2399.99</ele>
        <time>2013-08-05T09:54:51Z</time>
      </trkpt>
      <trkpt lat="44.95681" lon="6.62767">
        <ele>2399.48</ele>
        <time>2013-08-05T09:55:07Z</time>
      </trkpt>
      <trkpt lat="44.95671" lon="6.6279">
        <ele>2399.93</ele>
        <time>2013-08-05T09:55:22Z</time>
      </trkpt>
      <trkpt lat="44.95661" lon="6.62812">
        <ele>2399.91</ele>
        <time>2013-08-05T09:55:38Z</time>
      </trkpt>
      <trkpt lat="44.95644" lon="6.62822">
        <ele>2399.36</ele>
        <time>2013-08-05T09:56:15Z</time>
      </trkpt>
      <trkpt lat="44.95632" lon="6.62842">
        <ele>2403.25</ele>
        <time>2013-08-05T09:56:40Z</time>
      </trkpt>
      <trkpt lat="44.95631" lon="6.62868">
        <ele>2406.98</ele>
        <time>2013-08-05T09:57:07Z</time>
      </trkpt>
      <trkpt lat="44.95612" lon="6.62872">
        <ele>2413.16</ele>
        <time>2013-08-05T09:58:04Z</time>
      </trkpt>
      <trkpt lat="44.95596" lon="6.62884">
        <ele>2419.15</ele>
        <time>2013-08-05T09:58:30Z</time>
      </trkpt>
      <trkpt lat="44.95583" lon="6.62903">
        <ele>2430.54</ele>
        <time>2013-08-05T09:59:01Z</time>
      </trkpt>
      <trkpt lat="44.95571" lon="6.62921">
        <ele>2441.58</ele>
        <time>2013-08-05T09:59:47Z</time>
      </trkpt>
      <trkpt lat="44.95557" lon="6.62938">
        <ele>2445.5</ele>
        <time>2013-08-05T10:00:35Z</time>
      </trkpt>
      <trkpt lat="44.95545" lon="6.62956">
        <ele>2451.28</ele>
        <time>2013-08-05T10:01:19Z</time>
      </trkpt>
      <trkpt lat="44.95535" lon="6.62978">
        <ele>2458.94</ele>
        <time>2013-08-05T10:02:07Z</time>
      </trkpt>
      <trkpt lat="44.95521" lon="6.62994">
        <ele>2469.04</ele>
        <time>2013-08-05T10:02:51Z</time>
      </trkpt>
      <trkpt lat="44.9551" lon="6.63016">
        <ele>2473.45</ele>
        <time>2013-08-05T10:03:43Z</time>
      </trkpt>
      <trkpt lat="44.95508" lon="6.63042">
        <ele>2476.62</ele>
        <time>2013-08-05T10:04:39Z</time>
      </trkpt>
      <trkpt lat="44.95496" lon="6.6306">
        <ele>2482.92</ele>
        <time>2013-08-05T10:05:24Z</time>
      </trkpt>
      <trkpt lat="44.95487" lon="6.63083">
        <ele>2485.47</ele>
        <time>2013-08-05T10:05:49Z</time>
      </trkpt>
      <trkpt lat="44.9548" lon="6.63107">
        <ele>2488.61</ele>
        <time>2013-08-05T10:06:19Z</time>
      </trkpt>
      <trkpt lat="44.95469" lon="6.63128">
        <ele>2497.78</ele>
        <time>2013-08-05T10:07:06Z</time>
      </trkpt>
      <trkpt lat="44.95459" lon="6.63149">
        <ele>2505.69</ele>
        <time>2013-08-05T10:07:48Z</time>
      </trkpt>
      <trkpt lat="44.95448" lon="6.6317">
        <ele>2509.97</ele>
        <time>2013-08-05T10:08:39Z</time>
      </trkpt>
      <trkpt lat="44.95435" lon="6.63188">
        <ele>2517.14</ele>
        <time>2013-08-05T10:09:33Z</time>
      </trkpt>
      <trkpt lat="44.95431" lon="6.63214">
        <ele>2527.15</ele>
        <time>2013-08-05T10:10:34Z</time>
      </trkpt>
      <trkpt lat="44.95413" lon="6.6322">
        <ele>2536.6</ele>
        <time>2013-08-05T10:11:53Z</time>
      </trkpt>
      <trkpt lat="44.95395" lon="6.63227">
        <ele>2544.36</ele>
        <time>2013-08-05T10:13:05Z</time>
      </trkpt>
      <trkpt lat="44.95378" lon="6.63235">
        <ele>2550.3</ele>
        <time>2013-08-05T10:13:43Z</time>
      </trkpt>
      <trkpt lat="44.95371" lon="6.63269">
        <ele>2567.36</ele>
        <time>2013-08-05T10:16:20Z</time>
      </trkpt>
      <trkpt lat="44.95344" lon="6.63283">
        <ele>2562.24</ele>
        <time>2013-08-05T10:16:52Z</time>
      </trkpt>
      <trkpt lat="44.95322" lon="6.63285">
        <ele>2560.75</ele>
        <time>2013-08-05T10:17:03Z</time>
      </trkpt>
      <trkpt lat="44.95281" lon="6.6329">
        <ele>2555.6</ele>
        <time>2013-08-05T10:17:51Z</time>
      </trkpt>
      <trkpt lat="44.95252" lon="6.63294">
        <ele>2564.77</ele>
        <time>2013-08-05T10:18:23Z</time>
      </trkpt>
      <trkpt lat="44.95231" lon="6.63325">
        <ele>2568.34</ele>
        <time>2013-08-05T10:18:52Z</time>
      </trkpt>
      <trkpt lat="44.95202" lon="6.63295">
        <ele>2569.99</ele>
        <time>2013-08-05T10:19:24Z</time>
      </trkpt>
      <trkpt lat="44.95185" lon="6.63302">
        <ele>2569.19</ele>
        <time>2013-08-05T10:19:53Z</time>
      </trkpt>
      <trkpt lat="44.95167" lon="6.63302">
        <ele>2570.17</ele>
        <time>2013-08-05T10:20:26Z</time>
      </trkpt>
      <trkpt lat="44.95149" lon="6.63297">
        <ele>2569.33</ele>
        <time>2013-08-05T10:20:59Z</time>
      </trkpt>
      <trkpt lat="44.95129" lon="6.63293">
        <ele>2569.98</ele>
        <time>2013-08-05T10:21:21Z</time>
      </trkpt>
      <trkpt lat="44.9511" lon="6.63292">
        <ele>2570.94</ele>
        <time>2013-08-05T10:21:53Z</time>
      </trkpt>
      <trkpt lat="44.95091" lon="6.63305">
        <ele>2578.12</ele>
        <time>2013-08-05T10:22:22Z</time>
      </trkpt>
      <trkpt lat="44.95047" lon="6.63314">
        <ele>2587.4</ele>
        <time>2013-08-05T10:23:53Z</time>
      </trkpt>
      <trkpt lat="44.95027" lon="6.63318">
        <ele>2589.19</ele>
        <time>2013-08-05T10:24:22Z</time>
      </trkpt>
      <trkpt lat="44.95009" lon="6.63317">
        <ele>2593.62</ele>
        <time>2013-08-05T10:24:59Z</time>
      </trkpt>
      <trkpt lat="44.94991" lon="6.6331">
        <ele>2597.14</ele>
        <time>2013-08-05T10:25:28Z</time>
      </trkpt>
      <trkpt lat="44.94973" lon="6.63316">
        <ele>2598.31</ele>
        <time>2013-08-05T10:25:53Z</time>
      </trkpt>
      <trkpt lat="44.94954" lon="6.63316">
        <ele>2595.82</ele>
        <time>2013-08-05T10:26:09Z</time>
      </trkpt>
      <trkpt lat="44.94937" lon="6.63323">
        <ele>2597.1</ele>
        <time>2013-08-05T10:26:28Z</time>
      </trkpt>
      <trkpt lat="44.94918" lon="6.63335">
        <ele>2603.3</ele>
        <time>2013-08-05T10:27:53Z</time>
      </trkpt>
      <trkpt lat="44.94905" lon="6.63352">
        <ele>2603.1</ele>
        <time>2013-08-05T10:29:58Z</time>
      </trkpt>
      <trkpt lat="44.94893" lon="6.63373">
        <ele>2593.11</ele>
        <time>2013-08-05T10:31:08Z</time>
      </trkpt>
      <trkpt lat="44.94878" lon="6.63387">
        <ele>2587.48</ele>
        <time>2013-08-05T10:32:13Z</time>
      </trkpt>
      <trkpt lat="44.94862" lon="6.63398">
        <ele>2576.39</ele>
        <time>2013-08-05T10:32:44Z</time>
      </trkpt>
      <trkpt lat="44.94846" lon="6.63411">
        <ele>2570.12</ele>
        <time>2013-08-05T10:33:03Z</time>
      </trkpt>
      <trkpt lat="44.94831" lon="6.63427">
        <ele>2565.68</ele>
        <time>2013-08-05T10:33:16Z</time>
      </trkpt>
      <trkpt lat="44.94813" lon="6.63436">
        <ele>2565.05</ele>
        <time>2013-08-05T10:33:31Z</time>
      </trkpt>
      <trkpt lat="44.94797" lon="6.63447">
        <ele>2567.19</ele>
        <time>2013-08-05T10:33:48Z</time>
      </trkpt>
      <trkpt lat="44.94784" lon="6.63467">
        <ele>2580.52</ele>
        <time>2013-08-05T10:34:07Z</time>
      </trkpt>
      <trkpt lat="44.94778" lon="6.63492">
        <ele>2583.01</ele>
        <time>2013-08-05T10:34:22Z</time>
      </trkpt>
      <trkpt lat="44.94774" lon="6.63518">
        <ele>2569.46</ele>
        <time>2013-08-05T10:34:39Z</time>
      </trkpt>
      <trkpt lat="44.9477" lon="6.63543">
        <ele>2563.72</ele>
        <time>2013-08-05T10:34:56Z</time>
      </trkpt>
      <trkpt lat="44.94757" lon="6.63563">
        <ele>2563.25</ele>
        <time>2013-08-05T10:35:27Z</time>
      </trkpt>
      <trkpt lat="44.94743" lon="6.6358">
        <ele>2559.88</ele>
        <time>2013-08-05T10:35:42Z</time>
      </trkpt>
      <trkpt lat="44.94727" lon="6.63594">
        <ele>2559.54</ele>
        <time>2013-08-05T10:35:57Z</time>
      </trkpt>
      <trkpt lat="44.94712" lon="6.63611">
        <ele>2557.87</ele>
        <time>2013-08-05T10:36:13Z</time>
      </trkpt>
      <trkpt lat="44.94695" lon="6.63621">
        <ele>2559.11</ele>
        <time>2013-08-05T10:36:29Z</time>
      </trkpt>
      <trkpt lat="44.94679" lon="6.63634">
        <ele>2560.31</ele>
        <time>2013-08-05T10:36:46Z</time>
      </trkpt>
      <trkpt lat="44.94661" lon="6.63641">
        <ele>2558.94</ele>
        <time>2013-08-05T10:37:04Z</time>
      </trkpt>
      <trkpt lat="44.94646" lon="6.63655">
        <ele>2557.05</ele>
        <time>2013-08-05T10:37:52Z</time>
      </trkpt>
      <trkpt lat="44.94629" lon="6.63666">
        <ele>2557.82</ele>
        <time>2013-08-05T10:38:09Z</time>
      </trkpt>
      <trkpt lat="44.94612" lon="6.63677">
        <ele>2560.59</ele>
        <time>2013-08-05T10:38:30Z</time>
      </trkpt>
      <trkpt lat="44.94596" lon="6.63689">
        <ele>2561.78</ele>
        <time>2013-08-05T10:38:50Z</time>
      </trkpt>
      <trkpt lat="44.94582" lon="6.63705">
        <ele>2566.26</ele>
        <time>2013-08-05T10:39:16Z</time>
      </trkpt>
      <trkpt lat="44.94567" lon="6.63721">
        <ele>2567.64</ele>
        <time>2013-08-05T10:39:38Z</time>
      </trkpt>
      <trkpt lat="44.9456" lon="6.63745">
        <ele>2571.66</ele>
        <time>2013-08-05T10:40:22Z</time>
      </trkpt>
      <trkpt lat="44.94547" lon="6.63764">
        <ele>2570.69</ele>
        <time>2013-08-05T10:40:55Z</time>
      </trkpt>
      <trkpt lat="44.94536" lon="6.63785">
        <ele>2574.02</ele>
        <time>2013-08-05T10:41:15Z</time>
      </trkpt>
      <trkpt lat="44.94529" lon="6.63809">
        <ele>2582.92</ele>
        <time>2013-08-05T10:41:45Z</time>
      </trkpt>
      <trkpt lat="44.94519" lon="6.6383">
        <ele>2586.76</ele>
        <time>2013-08-05T10:42:12Z</time>
      </trkpt>
      <trkpt lat="44.94505" lon="6.63847">
        <ele>2589.23</ele>
        <time>2013-08-05T10:42:30Z</time>
      </trkpt>
      <trkpt lat="44.94491" lon="6.63866">
        <ele>2588.13</ele>
        <time>2013-08-05T10:42:47Z</time>
      </trkpt>
      <trkpt lat="44.94481" lon="6.63887">
        <ele>2592.75</ele>
        <time>2013-08-05T10:43:45Z</time>
      </trkpt>
      <trkpt lat="44.94471" lon="6.63909">
        <ele>2595.02</ele>
        <time>2013-08-05T10:44:18Z</time>
      </trkpt>
      <trkpt lat="44.94457" lon="6.63927">
        <ele>2599.59</ele>
        <time>2013-08-05T10:45:07Z</time>
      </trkpt>
      <trkpt lat="44.9444" lon="6.63936">
        <ele>2602.82</ele>
        <time>2013-08-05T10:45:28Z</time>
      </trkpt>
      <trkpt lat="44.94429" lon="6.63955">
        <ele>2609.22</ele>
        <time>2013-08-05T10:46:09Z</time>
      </trkpt>
      <trkpt lat="44.94413" lon="6.6397">
        <ele>2611.19</ele>
        <time>2013-08-05T10:47:15Z</time>
      </trkpt>
      <trkpt lat="44.94397" lon="6.63981">
        <ele>2615.44</ele>
        <time>2013-08-05T10:47:39Z</time>
      </trkpt>
      <trkpt lat="44.94385" lon="6.64">
        <ele>2616.12</ele>
        <time>2013-08-05T10:48:29Z</time>
      </trkpt>
      <trkpt lat="44.94376" lon="6.64023">
        <ele>2612.09</ele>
        <time>2013-08-05T10:48:49Z</time>
      </trkpt>
      <trkpt lat="44.94369" lon="6.64047">
        <ele>2611.82</ele>
        <time>2013-08-05T10:49:11Z</time>
      </trkpt>
      <trkpt lat="44.94357" lon="6.64066">
        <ele>2608.34</ele>
        <time>2013-08-05T10:49:24Z</time>
      </trkpt>
      <trkpt lat="44.94343" lon="6.64082">
        <ele>2607.79</ele>
        <time>2013-08-05T10:49:43Z</time>
      </trkpt>
      <trkpt lat="44.94327" lon="6.64095">
        <ele>2608.65</ele>
        <time>2013-08-05T10:50:00Z</time>
      </trkpt>
      <trkpt lat="44.94313" lon="6.64113">
        <ele>2610</ele>
        <time>2013-08-05T10:50:17Z</time>
      </trkpt>
      <trkpt lat="44.94296" lon="6.64126">
        <ele>2610.43</ele>
        <time>2013-08-05T10:50:32Z</time>
      </trkpt>
      <trkpt lat="44.9428" lon="6.64139">
        <ele>2607.37</ele>
        <time>2013-08-05T10:50:49Z</time>
      </trkpt>
      <trkpt lat="44.94274" lon="6.64164">
        <ele>2608.86</ele>
        <time>2013-08-05T10:51:04Z</time>
      </trkpt>
      <trkpt lat="44.94274" lon="6.64191">
        <ele>2607.81</ele>
        <time>2013-08-05T10:51:18Z</time>
      </trkpt>
      <trkpt lat="44.94271" lon="6.64216">
        <ele>2581.38</ele>
        <time>2013-08-05T10:51:33Z</time>
      </trkpt>
      <trkpt lat="44.94263" lon="6.6424">
        <ele>2582.9</ele>
        <time>2013-08-05T10:51:49Z</time>
      </trkpt>
      <trkpt lat="44.94253" lon="6.64261">
        <ele>2592.13</ele>
        <time>2013-08-05T10:52:04Z</time>
      </trkpt>
      <trkpt lat="44.94236" lon="6.64272">
        <ele>2599.82</ele>
        <time>2013-08-05T10:52:18Z</time>
      </trkpt>
      <trkpt lat="44.9422" lon="6.64284">
        <ele>2600.82</ele>
        <time>2013-08-05T10:52:32Z</time>
      </trkpt>
      <trkpt lat="44.94202" lon="6.64292">
        <ele>2599.9</ele>
        <time>2013-08-05T10:52:47Z</time>
      </trkpt>
      <trkpt lat="44.94183" lon="6.643">
        <ele>2601.07</ele>
        <time>2013-08-05T10:53:01Z</time>
      </trkpt>
      <trkpt lat="44.94166" lon="6.64309">
        <ele>2596.66</ele>
        <time>2013-08-05T10:53:15Z</time>
      </trkpt>
      <trkpt lat="44.94148" lon="6.6431">
        <ele>2595.07</ele>
        <time>2013-08-05T10:53:30Z</time>
      </trkpt>
      <trkpt lat="44.94134" lon="6.64328">
        <ele>2595.91</ele>
        <time>2013-08-05T10:53:53Z</time>
      </trkpt>
      <trkpt lat="44.94125" lon="6.6435">
        <ele>2595.3</ele>
        <time>2013-08-05T10:54:15Z</time>
      </trkpt>
      <trkpt lat="44.94133" lon="6.64374">
        <ele>2605.08</ele>
        <time>2013-08-05T10:54:32Z</time>
      </trkpt>
      <trkpt lat="44.94139" lon="6.644">
        <ele>2597.37</ele>
        <time>2013-08-05T11:22:40Z</time>
      </trkpt>
      <trkpt lat="44.94147" lon="6.64424">
        <ele>2592.28</ele>
        <time>2013-08-05T11:22:54Z</time>
      </trkpt>
      <trkpt lat="44.94153" lon="6.64449">
        <ele>2590.53</ele>
        <time>2013-08-05T11:23:06Z</time>
      </trkpt>
      <trkpt lat="44.94159" lon="6.64475">
        <ele>2592.69</ele>
        <time>2013-08-05T11:23:19Z</time>
      </trkpt>
      <trkpt lat="44.94158" lon="6.645">
        <ele>2587.59</ele>
        <time>2013-08-05T11:23:32Z</time>
      </trkpt>
      <trkpt lat="44.94157" lon="6.64527">
        <ele>2588.36</ele>
        <time>2013-08-05T11:23:45Z</time>
      </trkpt>
      <trkpt lat="44.9415" lon="6.64552">
        <ele>2587.83</ele>
        <time>2013-08-05T11:23:58Z</time>
      </trkpt>
      <trkpt lat="44.94142" lon="6.64574">
        <ele>2586.93</ele>
        <time>2013-08-05T11:24:11Z</time>
      </trkpt>
      <trkpt lat="44.94132" lon="6.64596">
        <ele>2587.22</ele>
        <time>2013-08-05T11:24:23Z</time>
      </trkpt>
      <trkpt lat="44.94118" lon="6.64612">
        <ele>2573.04</ele>
        <time>2013-08-05T11:24:38Z</time>
      </trkpt>
      <trkpt lat="44.94104" lon="6.64629">
        <ele>2567.85</ele>
        <time>2013-08-05T11:24:51Z</time>
      </trkpt>
      <trkpt lat="44.94086" lon="6.64641">
        <ele>2563.59</ele>
        <time>2013-08-05T11:25:05Z</time>
      </trkpt>
      <trkpt lat="44.9407" lon="6.64652">
        <ele>2558.85</ele>
        <time>2013-08-05T11:25:19Z</time>
      </trkpt>
      <trkpt lat="44.94052" lon="6.64659">
        <ele>2557.32</ele>
        <time>2013-08-05T11:25:32Z</time>
      </trkpt>
      <trkpt lat="44.94033" lon="6.6466">
        <ele>2554.01</ele>
        <time>2013-08-05T11:25:45Z</time>
      </trkpt>
      <trkpt lat="44.94014" lon="6.64658">
        <ele>2547.92</ele>
        <time>2013-08-05T11:25:58Z</time>
      </trkpt>
      <trkpt lat="44.93997" lon="6.64663">
        <ele>2548.27</ele>
        <time>2013-08-05T11:26:12Z</time>
      </trkpt>
      <trkpt lat="44.93981" lon="6.64675">
        <ele>2549.56</ele>
        <time>2013-08-05T11:26:27Z</time>
      </trkpt>
      <trkpt lat="44.93964" lon="6.64688">
        <ele>2551.91</ele>
        <time>2013-08-05T11:26:43Z</time>
      </trkpt>
      <trkpt lat="44.93947" lon="6.64695">
        <ele>2554.93</ele>
        <time>2013-08-05T11:27:02Z</time>
      </trkpt>
      <trkpt lat="44.93928" lon="6.64699">
        <ele>2555.63</ele>
        <time>2013-08-05T11:27:20Z</time>
      </trkpt>
      <trkpt lat="44.93911" lon="6.64706">
        <ele>2555.64</ele>
        <time>2013-08-05T11:27:38Z</time>
      </trkpt>
      <trkpt lat="44.93893" lon="6.64715">
        <ele>2559.86</ele>
        <time>2013-08-05T11:27:59Z</time>
      </trkpt>
      <trkpt lat="44.93875" lon="6.64722">
        <ele>2561.59</ele>
        <time>2013-08-05T11:28:17Z</time>
      </trkpt>
      <trkpt lat="44.93856" lon="6.64723">
        <ele>2563.04</ele>
        <time>2013-08-05T11:28:33Z</time>
      </trkpt>
      <trkpt lat="44.93838" lon="6.64724">
        <ele>2564.82</ele>
        <time>2013-08-05T11:28:48Z</time>
      </trkpt>
      <trkpt lat="44.93819" lon="6.64724">
        <ele>2563.96</ele>
        <time>2013-08-05T11:29:04Z</time>
      </trkpt>
      <trkpt lat="44.93801" lon="6.64723">
        <ele>2563.42</ele>
        <time>2013-08-05T11:29:23Z</time>
      </trkpt>
      <trkpt lat="44.93783" lon="6.64716">
        <ele>2564.44</ele>
        <time>2013-08-05T11:29:42Z</time>
      </trkpt>
      <trkpt lat="44.93765" lon="6.64711">
        <ele>2565.24</ele>
        <time>2013-08-05T11:29:58Z</time>
      </trkpt>
      <trkpt lat="44.93748" lon="6.64702">
        <ele>2569.62</ele>
        <time>2013-08-05T11:30:17Z</time>
      </trkpt>
      <trkpt lat="44.93733" lon="6.64687">
        <ele>2570.98</ele>
        <time>2013-08-05T11:30:47Z</time>
      </trkpt>
      <trkpt lat="44.93715" lon="6.64678">
        <ele>2572.45</ele>
        <time>2013-08-05T11:31:03Z</time>
      </trkpt>
      <trkpt lat="44.93697" lon="6.64676">
        <ele>2570.23</ele>
        <time>2013-08-05T11:31:21Z</time>
      </trkpt>
      <trkpt lat="44.93678" lon="6.64671">
        <ele>2568.26</ele>
        <time>2013-08-05T11:31:36Z</time>
      </trkpt>
      <trkpt lat="44.93661" lon="6.64665">
        <ele>2564.84</ele>
        <time>2013-08-05T11:31:49Z</time>
      </trkpt>
      <trkpt lat="44.93642" lon="6.64657">
        <ele>2565.45</ele>
        <time>2013-08-05T11:32:04Z</time>
      </trkpt>
      <trkpt lat="44.93626" lon="6.64645">
        <ele>2564.87</ele>
        <time>2013-08-05T11:32:18Z</time>
      </trkpt>
      <trkpt lat="44.93609" lon="6.64634">
        <ele>2563.9</ele>
        <time>2013-08-05T11:32:32Z</time>
      </trkpt>
      <trkpt lat="44.93592" lon="6.64623">
        <ele>2561.47</ele>
        <time>2013-08-05T11:32:47Z</time>
      </trkpt>
      <trkpt lat="44.93575" lon="6.6461">
        <ele>2562.4</ele>
        <time>2013-08-05T11:33:22Z</time>
      </trkpt>
      <trkpt lat="44.93557" lon="6.64604">
        <ele>2557.02</ele>
        <time>2013-08-05T11:33:37Z</time>
      </trkpt>
      <trkpt lat="44.93538" lon="6.64604">
        <ele>2554.09</ele>
        <time>2013-08-05T11:33:53Z</time>
      </trkpt>
      <trkpt lat="44.9352" lon="6.64603">
        <ele>2550.64</ele>
        <time>2013-08-05T11:34:10Z</time>
      </trkpt>
      <trkpt lat="44.93501" lon="6.64607">
        <ele>2546.67</ele>
        <time>2013-08-05T11:34:23Z</time>
      </trkpt>
      <trkpt lat="44.93482" lon="6.64607">
        <ele>2542.39</ele>
        <time>2013-08-05T11:34:36Z</time>
      </trkpt>
      <trkpt lat="44.93463" lon="6.64612">
        <ele>2542.52</ele>
        <time>2013-08-05T11:34:49Z</time>
      </trkpt>
      <trkpt lat="44.93445" lon="6.64617">
        <ele>2543.49</ele>
        <time>2013-08-05T11:35:02Z</time>
      </trkpt>
      <trkpt lat="44.93428" lon="6.64625">
        <ele>2543.17</ele>
        <time>2013-08-05T11:35:15Z</time>
      </trkpt>
      <trkpt lat="44.9341" lon="6.64632">
        <ele>2540.11</ele>
        <time>2013-08-05T11:35:30Z</time>
      </trkpt>
      <trkpt lat="44.93392" lon="6.6464">
        <ele>2540.28</ele>
        <time>2013-08-05T11:35:46Z</time>
      </trkpt>
      <trkpt lat="44.93374" lon="6.64642">
        <ele>2542.62</ele>
        <time>2013-08-05T11:36:03Z</time>
      </trkpt>
      <trkpt lat="44.93356" lon="6.64643">
        <ele>2542.22</ele>
        <time>2013-08-05T11:36:25Z</time>
      </trkpt>
      <trkpt lat="44.93338" lon="6.64637">
        <ele>2542.94</ele>
        <time>2013-08-05T11:36:50Z</time>
      </trkpt>
      <trkpt lat="44.9332" lon="6.64636">
        <ele>2551.37</ele>
        <time>2013-08-05T11:37:28Z</time>
      </trkpt>
      <trkpt lat="44.93301" lon="6.64638">
        <ele>2552</ele>
        <time>2013-08-05T11:37:50Z</time>
      </trkpt>
      <trkpt lat="44.93283" lon="6.64641">
        <ele>2555.62</ele>
        <time>2013-08-05T11:38:28Z</time>
      </trkpt>
      <trkpt lat="44.93264" lon="6.64641">
        <ele>2560.66</ele>
        <time>2013-08-05T11:38:59Z</time>
      </trkpt>
      <trkpt lat="44.93249" lon="6.64655">
        <ele>2558.57</ele>
        <time>2013-08-05T11:39:18Z</time>
      </trkpt>
      <trkpt lat="44.93232" lon="6.64664">
        <ele>2563.79</ele>
        <time>2013-08-05T11:39:42Z</time>
      </trkpt>
      <trkpt lat="44.93216" lon="6.64676">
        <ele>2557.31</ele>
        <time>2013-08-05T11:40:53Z</time>
      </trkpt>
      <trkpt lat="44.93198" lon="6.64681">
        <ele>2556.3</ele>
        <time>2013-08-05T11:41:11Z</time>
      </trkpt>
      <trkpt lat="44.93179" lon="6.64682">
        <ele>2554.79</ele>
        <time>2013-08-05T11:41:27Z</time>
      </trkpt>
      <trkpt lat="44.93161" lon="6.64686">
        <ele>2552.55</ele>
        <time>2013-08-05T11:41:49Z</time>
      </trkpt>
      <trkpt lat="44.93143" lon="6.64686">
        <ele>2550.41</ele>
        <time>2013-08-05T11:42:08Z</time>
      </trkpt>
      <trkpt lat="44.93126" lon="6.64697">
        <ele>2551.38</ele>
        <time>2013-08-05T11:42:30Z</time>
      </trkpt>
      <trkpt lat="44.93109" lon="6.64707">
        <ele>2553.69</ele>
        <time>2013-08-05T11:42:49Z</time>
      </trkpt>
      <trkpt lat="44.93091" lon="6.6471">
        <ele>2556.1</ele>
        <time>2013-08-05T11:43:09Z</time>
      </trkpt>
      <trkpt lat="44.93073" lon="6.64716">
        <ele>2560.85</ele>
        <time>2013-08-05T11:43:54Z</time>
      </trkpt>
      <trkpt lat="44.93055" lon="6.64714">
        <ele>2564.94</ele>
        <time>2013-08-05T11:44:28Z</time>
      </trkpt>
      <trkpt lat="44.93037" lon="6.64714">
        <ele>2566.08</ele>
        <time>2013-08-05T11:45:05Z</time>
      </trkpt>
      <trkpt lat="44.9302" lon="6.64722">
        <ele>2565.66</ele>
        <time>2013-08-05T11:45:35Z</time>
      </trkpt>
      <trkpt lat="44.93002" lon="6.64729">
        <ele>2567.21</ele>
        <time>2013-08-05T11:45:52Z</time>
      </trkpt>
      <trkpt lat="44.92984" lon="6.64732">
        <ele>2569.51</ele>
        <time>2013-08-05T11:46:16Z</time>
      </trkpt>
      <trkpt lat="44.92966" lon="6.64739">
        <ele>2568.43</ele>
        <time>2013-08-05T11:46:37Z</time>
      </trkpt>
      <trkpt lat="44.92948" lon="6.64747">
        <ele>2567.03</ele>
        <time>2013-08-05T11:46:55Z</time>
      </trkpt>
      <trkpt lat="44.92929" lon="6.64752">
        <ele>2567.34</ele>
        <time>2013-08-05T11:47:11Z</time>
      </trkpt>
      <trkpt lat="44.92912" lon="6.64761">
        <ele>2565.52</ele>
        <time>2013-08-05T11:48:08Z</time>
      </trkpt>
      <trkpt lat="44.92894" lon="6.64762">
        <ele>2567.7</ele>
        <time>2013-08-05T11:48:34Z</time>
      </trkpt>
      <trkpt lat="44.92876" lon="6.64764">
        <ele>2566.37</ele>
        <time>2013-08-05T11:48:51Z</time>
      </trkpt>
      <trkpt lat="44.92858" lon="6.64769">
        <ele>2562.28</ele>
        <time>2013-08-05T11:49:17Z</time>
      </trkpt>
      <trkpt lat="44.92839" lon="6.64772">
        <ele>2551.39</ele>
        <time>2013-08-05T11:53:00Z</time>
      </trkpt>
      <trkpt lat="44.92822" lon="6.64764">
        <ele>2540.38</ele>
        <time>2013-08-05T11:53:50Z</time>
      </trkpt>
      <trkpt lat="44.92814" lon="6.64787">
        <ele>2529.2</ele>
        <time>2013-08-05T11:57:09Z</time>
      </trkpt>
      <trkpt lat="44.92796" lon="6.64795">
        <ele>2521.51</ele>
        <time>2013-08-05T11:57:34Z</time>
      </trkpt>
      <trkpt lat="44.92797" lon="6.64769">
        <ele>2514.36</ele>
        <time>2013-08-05T11:58:23Z</time>
      </trkpt>
      <trkpt lat="44.92779" lon="6.64773">
        <ele>2504.75</ele>
        <time>2013-08-05T11:58:59Z</time>
      </trkpt>
      <trkpt lat="44.92761" lon="6.64769">
        <ele>2497.06</ele>
        <time>2013-08-05T11:59:24Z</time>
      </trkpt>
      <trkpt lat="44.92744" lon="6.6478">
        <ele>2492.34</ele>
        <time>2013-08-05T11:59:42Z</time>
      </trkpt>
      <trkpt lat="44.92727" lon="6.64789">
        <ele>2484.26</ele>
        <time>2013-08-05T12:00:20Z</time>
      </trkpt>
      <trkpt lat="44.92711" lon="6.64799">
        <ele>2469.76</ele>
        <time>2013-08-05T12:02:50Z</time>
      </trkpt>
      <trkpt lat="44.92693" lon="6.64794">
        <ele>2454.38</ele>
        <time>2013-08-05T12:04:05Z</time>
      </trkpt>
      <trkpt lat="44.92674" lon="6.64798">
        <ele>2445.36</ele>
        <time>2013-08-05T12:04:32Z</time>
      </trkpt>
      <trkpt lat="44.92656" lon="6.64801">
        <ele>2437.84</ele>
        <time>2013-08-05T12:05:01Z</time>
      </trkpt>
      <trkpt lat="44.92638" lon="6.64797">
        <ele>2430.14</ele>
        <time>2013-08-05T12:05:26Z</time>
      </trkpt>
      <trkpt lat="44.9262" lon="6.64792">
        <ele>2423.85</ele>
        <time>2013-08-05T12:05:51Z</time>
      </trkpt>
      <trkpt lat="44.92628" lon="6.64767">
        <ele>2411.68</ele>
        <time>2013-08-05T12:06:36Z</time>
      </trkpt>
      <trkpt lat="44.92611" lon="6.64757">
        <ele>2402.98</ele>
        <time>2013-08-05T12:07:17Z</time>
      </trkpt>
      <trkpt lat="44.92593" lon="6.64757">
        <ele>2396.58</ele>
        <time>2013-08-05T12:07:37Z</time>
      </trkpt>
      <trkpt lat="44.92575" lon="6.6476">
        <ele>2390.74</ele>
        <time>2013-08-05T12:08:05Z</time>
      </trkpt>
      <trkpt lat="44.92558" lon="6.64772">
        <ele>2383.51</ele>
        <time>2013-08-05T12:08:37Z</time>
      </trkpt>
      <trkpt lat="44.92543" lon="6.64787">
        <ele>2380.97</ele>
        <time>2013-08-05T12:08:54Z</time>
      </trkpt>
      <trkpt lat="44.92527" lon="6.648">
        <ele>2380.82</ele>
        <time>2013-08-05T12:09:11Z</time>
      </trkpt>
      <trkpt lat="44.92511" lon="6.64813">
        <ele>2375.72</ele>
        <time>2013-08-05T12:09:25Z</time>
      </trkpt>
      <trkpt lat="44.92493" lon="6.64819">
        <ele>2363.96</ele>
        <time>2013-08-05T12:10:17Z</time>
      </trkpt>
      <trkpt lat="44.92475" lon="6.64818">
        <ele>2356.88</ele>
        <time>2013-08-05T12:14:03Z</time>
      </trkpt>
      <trkpt lat="44.92467" lon="6.64795">
        <ele>2349.2</ele>
        <time>2013-08-05T12:14:58Z</time>
      </trkpt>
      <trkpt lat="44.9245" lon="6.64785">
        <ele>2345.63</ele>
        <time>2013-08-05T12:15:14Z</time>
      </trkpt>
      <trkpt lat="44.92431" lon="6.6478">
        <ele>2337.1</ele>
        <time>2013-08-05T12:15:38Z</time>
      </trkpt>
      <trkpt lat="44.92413" lon="6.64781">
        <ele>2332.27</ele>
        <time>2013-08-05T12:15:56Z</time>
      </trkpt>
      <trkpt lat="44.92395" lon="6.64785">
        <ele>2319.01</ele>
        <time>2013-08-05T12:16:19Z</time>
      </trkpt>
      <trkpt lat="44.92376" lon="6.64789">
        <ele>2315.09</ele>
        <time>2013-08-05T12:16:38Z</time>
      </trkpt>
      <trkpt lat="44.92359" lon="6.64779">
        <ele>2311.61</ele>
        <time>2013-08-05T12:17:01Z</time>
      </trkpt>
      <trkpt lat="44.92342" lon="6.64772">
        <ele>2304.33</ele>
        <time>2013-08-05T12:17:27Z</time>
      </trkpt>
      <trkpt lat="44.92323" lon="6.6477">
        <ele>2298.8</ele>
        <time>2013-08-05T12:18:00Z</time>
      </trkpt>
      <trkpt lat="44.92304" lon="6.64769">
        <ele>2293.26</ele>
        <time>2013-08-05T12:19:01Z</time>
      </trkpt>
      <trkpt lat="44.92286" lon="6.64771">
        <ele>2287.28</ele>
        <time>2013-08-05T12:19:16Z</time>
      </trkpt>
      <trkpt lat="44.92267" lon="6.64774">
        <ele>2286.11</ele>
        <time>2013-08-05T12:19:30Z</time>
      </trkpt>
      <trkpt lat="44.9225" lon="6.64783">
        <ele>2288.04</ele>
        <time>2013-08-05T12:20:21Z</time>
      </trkpt>
      <trkpt lat="44.92231" lon="6.64783">
        <ele>2284.2</ele>
        <time>2013-08-05T12:21:55Z</time>
      </trkpt>
      <trkpt lat="44.92215" lon="6.64795">
        <ele>2277.61</ele>
        <time>2013-08-05T12:22:12Z</time>
      </trkpt>
      <trkpt lat="44.92197" lon="6.64804">
        <ele>2273.1</ele>
        <time>2013-08-05T12:22:27Z</time>
      </trkpt>
      <trkpt lat="44.92179" lon="6.64806">
        <ele>2267.44</ele>
        <time>2013-08-05T12:22:48Z</time>
      </trkpt>
      <trkpt lat="44.92161" lon="6.64814">
        <ele>2259.67</ele>
        <time>2013-08-05T12:23:09Z</time>
      </trkpt>
      <trkpt lat="44.92142" lon="6.6482">
        <ele>2258.23</ele>
        <time>2013-08-05T12:23:23Z</time>
      </trkpt>
      <trkpt lat="44.92123" lon="6.6482">
        <ele>2258.49</ele>
        <time>2013-08-05T12:23:36Z</time>
      </trkpt>
      <trkpt lat="44.92104" lon="6.64812">
        <ele>2260.55</ele>
        <time>2013-08-05T12:23:49Z</time>
      </trkpt>
      <trkpt lat="44.92087" lon="6.64803">
        <ele>2260.69</ele>
        <time>2013-08-05T12:24:04Z</time>
      </trkpt>
      <trkpt lat="44.92068" lon="6.64797">
        <ele>2257.92</ele>
        <time>2013-08-05T12:24:19Z</time>
      </trkpt>
      <trkpt lat="44.92049" lon="6.64798">
        <ele>2250.25</ele>
        <time>2013-08-05T12:24:37Z</time>
      </trkpt>
      <trkpt lat="44.92031" lon="6.64805">
        <ele>2248.22</ele>
        <time>2013-08-05T12:24:49Z</time>
      </trkpt>
      <trkpt lat="44.92013" lon="6.64813">
        <ele>2249.1</ele>
        <time>2013-08-05T12:25:02Z</time>
      </trkpt>
      <trkpt lat="44.91999" lon="6.64831">
        <ele>2246</ele>
        <time>2013-08-05T12:25:16Z</time>
      </trkpt>
      <trkpt lat="44.91981" lon="6.6484">
        <ele>2244.93</ele>
        <time>2013-08-05T12:25:32Z</time>
      </trkpt>
      <trkpt lat="44.91962" lon="6.64835">
        <ele>2245.43</ele>
        <time>2013-08-05T12:25:46Z</time>
      </trkpt>
      <trkpt lat="44.91944" lon="6.64842">
        <ele>2243.3</ele>
        <time>2013-08-05T12:26:02Z</time>
      </trkpt>
      <trkpt lat="44.91926" lon="6.64833">
        <ele>2239.35</ele>
        <time>2013-08-05T12:26:19Z</time>
      </trkpt>
      <trkpt lat="44.91909" lon="6.64842">
        <ele>2235.85</ele>
        <time>2013-08-05T12:26:35Z</time>
      </trkpt>
      <trkpt lat="44.91891" lon="6.64844">
        <ele>2231.07</ele>
        <time>2013-08-05T12:26:52Z</time>
      </trkpt>
      <trkpt lat="44.91873" lon="6.64839">
        <ele>2228.9</ele>
        <time>2013-08-05T12:27:09Z</time>
      </trkpt>
      <trkpt lat="44.91855" lon="6.64835">
        <ele>2228.67</ele>
        <time>2013-08-05T12:27:23Z</time>
      </trkpt>
      <trkpt lat="44.91836" lon="6.64829">
        <ele>2226.08</ele>
        <time>2013-08-05T12:27:36Z</time>
      </trkpt>
      <trkpt lat="44.91818" lon="6.64822">
        <ele>2224.1</ele>
        <time>2013-08-05T12:27:49Z</time>
      </trkpt>
      <trkpt lat="44.918" lon="6.64819">
        <ele>2217.8</ele>
        <time>2013-08-05T12:28:08Z</time>
      </trkpt>
      <trkpt lat="44.91782" lon="6.64826">
        <ele>2215.32</ele>
        <time>2013-08-05T12:28:22Z</time>
      </trkpt>
      <trkpt lat="44.91764" lon="6.64833">
        <ele>2210.41</ele>
        <time>2013-08-05T12:28:37Z</time>
      </trkpt>
      <trkpt lat="44.91748" lon="6.64841">
        <ele>2207.41</ele>
        <time>2013-08-05T12:28:53Z</time>
      </trkpt>
      <trkpt lat="44.9173" lon="6.64834">
        <ele>2203.59</ele>
        <time>2013-08-05T12:29:31Z</time>
      </trkpt>
      <trkpt lat="44.91711" lon="6.64835">
        <ele>2199.38</ele>
        <time>2013-08-05T12:29:44Z</time>
      </trkpt>
      <trkpt lat="44.91692" lon="6.64839">
        <ele>2197.49</ele>
        <time>2013-08-05T12:29:57Z</time>
      </trkpt>
      <trkpt lat="44.91701" lon="6.64817">
        <ele>2184.14</ele>
        <time>2013-08-05T12:30:38Z</time>
      </trkpt>
      <trkpt lat="44.91719" lon="6.64807">
        <ele>2186.06</ele>
        <time>2013-08-05T12:30:55Z</time>
      </trkpt>
      <trkpt lat="44.91731" lon="6.64787">
        <ele>2185.43</ele>
        <time>2013-08-05T12:31:10Z</time>
      </trkpt>
      <trkpt lat="44.91746" lon="6.64771">
        <ele>2181.21</ele>
        <time>2013-08-05T12:31:24Z</time>
      </trkpt>
      <trkpt lat="44.91762" lon="6.64757">
        <ele>2179.21</ele>
        <time>2013-08-05T12:31:59Z</time>
      </trkpt>
      <trkpt lat="44.91779" lon="6.64747">
        <ele>2177.11</ele>
        <time>2013-08-05T12:32:18Z</time>
      </trkpt>
      <trkpt lat="44.91793" lon="6.64731">
        <ele>2177.63</ele>
        <time>2013-08-05T12:32:36Z</time>
      </trkpt>
      <trkpt lat="44.91812" lon="6.64728">
        <ele>2168.4</ele>
        <time>2013-08-05T12:33:12Z</time>
      </trkpt>
      <trkpt lat="44.91831" lon="6.64727">
        <ele>2155.3</ele>
        <time>2013-08-05T12:33:31Z</time>
      </trkpt>
      <trkpt lat="44.91817" lon="6.64709">
        <ele>2160.6</ele>
        <time>2013-08-05T12:34:07Z</time>
      </trkpt>
      <trkpt lat="44.918" lon="6.647">
        <ele>2157.78</ele>
        <time>2013-08-05T12:34:24Z</time>
      </trkpt>
      <trkpt lat="44.91781" lon="6.64703">
        <ele>2156.44</ele>
        <time>2013-08-05T12:34:40Z</time>
      </trkpt>
      <trkpt lat="44.91764" lon="6.64709">
        <ele>2148</ele>
        <time>2013-08-05T12:34:57Z</time>
      </trkpt>
      <trkpt lat="44.91746" lon="6.64708">
        <ele>2143.7</ele>
        <time>2013-08-05T12:35:13Z</time>
      </trkpt>
      <trkpt lat="44.91727" lon="6.64714">
        <ele>2140.52</ele>
        <time>2013-08-05T12:35:27Z</time>
      </trkpt>
      <trkpt lat="44.91709" lon="6.64721">
        <ele>2138.06</ele>
        <time>2013-08-05T12:35:41Z</time>
      </trkpt>
      <trkpt lat="44.9169" lon="6.64723">
        <ele>2137.49</ele>
        <time>2013-08-05T12:35:55Z</time>
      </trkpt>
      <trkpt lat="44.91671" lon="6.64719">
        <ele>2135.68</ele>
        <time>2013-08-05T12:36:10Z</time>
      </trkpt>
      <trkpt lat="44.91652" lon="6.64718">
        <ele>2130.66</ele>
        <time>2013-08-05T12:36:26Z</time>
      </trkpt>
      <trkpt lat="44.91633" lon="6.64725">
        <ele>2128.03</ele>
        <time>2013-08-05T12:36:39Z</time>
      </trkpt>
      <trkpt lat="44.91615" lon="6.64717">
        <ele>2124.86</ele>
        <time>2013-08-05T12:37:07Z</time>
      </trkpt>
      <trkpt lat="44.91596" lon="6.64717">
        <ele>2127.95</ele>
        <time>2013-08-05T12:37:20Z</time>
      </trkpt>
      <trkpt lat="44.91578" lon="6.64719">
        <ele>2126.4</ele>
        <time>2013-08-05T12:37:39Z</time>
      </trkpt>
      <trkpt lat="44.9156" lon="6.64724">
        <ele>2121.09</ele>
        <time>2013-08-05T12:38:13Z</time>
      </trkpt>
      <trkpt lat="44.91543" lon="6.64729">
        <ele>2113.55</ele>
        <time>2013-08-05T12:38:29Z</time>
      </trkpt>
      <trkpt lat="44.91524" lon="6.64732">
        <ele>2104.77</ele>
        <time>2013-08-05T12:38:50Z</time>
      </trkpt>
      <trkpt lat="44.91506" lon="6.64738">
        <ele>2102.41</ele>
        <time>2013-08-05T12:39:06Z</time>
      </trkpt>
      <trkpt lat="44.91487" lon="6.64742">
        <ele>2103.93</ele>
        <time>2013-08-05T12:39:18Z</time>
      </trkpt>
      <trkpt lat="44.91469" lon="6.64748">
        <ele>2095.84</ele>
        <time>2013-08-05T12:39:39Z</time>
      </trkpt>
      <trkpt lat="44.9145" lon="6.64752">
        <ele>2094.3</ele>
        <time>2013-08-05T12:39:55Z</time>
      </trkpt>
      <trkpt lat="44.91432" lon="6.64758">
        <ele>2083.7</ele>
        <time>2013-08-05T12:40:21Z</time>
      </trkpt>
      <trkpt lat="44.91413" lon="6.64761">
        <ele>2087.23</ele>
        <time>2013-08-05T12:40:54Z</time>
      </trkpt>
      <trkpt lat="44.91395" lon="6.64769">
        <ele>2084.26</ele>
        <time>2013-08-05T12:41:09Z</time>
      </trkpt>
      <trkpt lat="44.91378" lon="6.64779">
        <ele>2078.83</ele>
        <time>2013-08-05T12:41:25Z</time>
      </trkpt>
      <trkpt lat="44.91383" lon="6.64753">
        <ele>2067.26</ele>
        <time>2013-08-05T12:42:25Z</time>
      </trkpt>
      <trkpt lat="44.91398" lon="6.64738">
        <ele>2062.09</ele>
        <time>2013-08-05T12:42:38Z</time>
      </trkpt>
      <trkpt lat="44.91413" lon="6.64722">
        <ele>2059.88</ele>
        <time>2013-08-05T12:42:54Z</time>
      </trkpt>
      <trkpt lat="44.91428" lon="6.64707">
        <ele>2060.23</ele>
        <time>2013-08-05T12:43:04Z</time>
      </trkpt>
      <trkpt lat="44.91441" lon="6.64689">
        <ele>2071.13</ele>
        <time>2013-08-05T12:43:21Z</time>
      </trkpt>
      <trkpt lat="44.91455" lon="6.64673">
        <ele>2068.26</ele>
        <time>2013-08-05T12:43:35Z</time>
      </trkpt>
      <trkpt lat="44.9147" lon="6.64657">
        <ele>2062.25</ele>
        <time>2013-08-05T12:43:47Z</time>
      </trkpt>
      <trkpt lat="44.91481" lon="6.64637">
        <ele>2060.4</ele>
        <time>2013-08-05T12:44:07Z</time>
      </trkpt>
      <trkpt lat="44.91463" lon="6.64635">
        <ele>2058.3</ele>
        <time>2013-08-05T12:44:39Z</time>
      </trkpt>
      <trkpt lat="44.91444" lon="6.64637">
        <ele>2052.21</ele>
        <time>2013-08-05T12:44:58Z</time>
      </trkpt>
      <trkpt lat="44.91426" lon="6.64642">
        <ele>2046.42</ele>
        <time>2013-08-05T12:45:13Z</time>
      </trkpt>
      <trkpt lat="44.91407" lon="6.64647">
        <ele>2045.36</ele>
        <time>2013-08-05T12:45:27Z</time>
      </trkpt>
      <trkpt lat="44.91388" lon="6.64651">
        <ele>2042.72</ele>
        <time>2013-08-05T12:45:42Z</time>
      </trkpt>
      <trkpt lat="44.9137" lon="6.64657">
        <ele>2037.7</ele>
        <time>2013-08-05T12:45:57Z</time>
      </trkpt>
      <trkpt lat="44.91352" lon="6.64661">
        <ele>2034.65</ele>
        <time>2013-08-05T12:46:10Z</time>
      </trkpt>
      <trkpt lat="44.91334" lon="6.64665">
        <ele>2029.07</ele>
        <time>2013-08-05T12:46:26Z</time>
      </trkpt>
      <trkpt lat="44.91316" lon="6.64668">
        <ele>2028.58</ele>
        <time>2013-08-05T12:46:39Z</time>
      </trkpt>
      <trkpt lat="44.91297" lon="6.64673">
        <ele>2024.63</ele>
        <time>2013-08-05T12:46:53Z</time>
      </trkpt>
      <trkpt lat="44.91278" lon="6.64676">
        <ele>2019.39</ele>
        <time>2013-08-05T12:47:07Z</time>
      </trkpt>
      <trkpt lat="44.9126" lon="6.64681">
        <ele>2016.44</ele>
        <time>2013-08-05T12:47:22Z</time>
      </trkpt>
      <trkpt lat="44.91242" lon="6.64687">
        <ele>2016.38</ele>
        <time>2013-08-05T12:47:42Z</time>
      </trkpt>
      <trkpt lat="44.91225" lon="6.64695">
        <ele>2014.83</ele>
        <time>2013-08-05T12:47:54Z</time>
      </trkpt>
      <trkpt lat="44.91207" lon="6.647">
        <ele>2012.31</ele>
        <time>2013-08-05T12:48:07Z</time>
      </trkpt>
      <trkpt lat="44.9122" lon="6.64681">
        <ele>1991.1</ele>
        <time>2013-08-05T12:48:57Z</time>
      </trkpt>
      <trkpt lat="44.91235" lon="6.64667">
        <ele>1985.52</ele>
        <time>2013-08-05T12:49:09Z</time>
      </trkpt>
      <trkpt lat="44.91253" lon="6.64656">
        <ele>1981.24</ele>
        <time>2013-08-05T12:49:25Z</time>
      </trkpt>
      <trkpt lat="44.9127" lon="6.64646">
        <ele>1976.71</ele>
        <time>2013-08-05T12:49:34Z</time>
      </trkpt>
      <trkpt lat="44.91287" lon="6.64635">
        <ele>1977.95</ele>
        <time>2013-08-05T12:49:46Z</time>
      </trkpt>
      <trkpt lat="44.91269" lon="6.6463">
        <ele>1984.72</ele>
        <time>2013-08-05T12:50:15Z</time>
      </trkpt>
      <trkpt lat="44.91251" lon="6.64632">
        <ele>1988.28</ele>
        <time>2013-08-05T12:50:27Z</time>
      </trkpt>
      <trkpt lat="44.91232" lon="6.64639">
        <ele>1990.43</ele>
        <time>2013-08-05T12:50:44Z</time>
      </trkpt>
      <trkpt lat="44.91213" lon="6.64642">
        <ele>1987.3</ele>
        <time>2013-08-05T12:51:00Z</time>
      </trkpt>
      <trkpt lat="44.91195" lon="6.64633">
        <ele>1986.64</ele>
        <time>2013-08-05T12:51:13Z</time>
      </trkpt>
      <trkpt lat="44.91176" lon="6.64631">
        <ele>1986.35</ele>
        <time>2013-08-05T12:51:29Z</time>
      </trkpt>
      <trkpt lat="44.91157" lon="6.64632">
        <ele>1986.78</ele>
        <time>2013-08-05T12:51:41Z</time>
      </trkpt>
      <trkpt lat="44.91139" lon="6.64636">
        <ele>1986.5</ele>
        <time>2013-08-05T12:51:55Z</time>
      </trkpt>
      <trkpt lat="44.91121" lon="6.64639">
        <ele>1983.89</ele>
        <time>2013-08-05T12:52:11Z</time>
      </trkpt>
      <trkpt lat="44.91104" lon="6.64651">
        <ele>1957.74</ele>
        <time>2013-08-05T12:53:20Z</time>
      </trkpt>
      <trkpt lat="44.91086" lon="6.64656">
        <ele>1956.34</ele>
        <time>2013-08-05T12:53:37Z</time>
      </trkpt>
      <trkpt lat="44.91068" lon="6.64658">
        <ele>1973.26</ele>
        <time>2013-08-05T12:53:51Z</time>
      </trkpt>
      <trkpt lat="44.91054" lon="6.64642">
        <ele>1973.83</ele>
        <time>2013-08-05T12:55:19Z</time>
      </trkpt>
      <trkpt lat="44.91036" lon="6.64642">
        <ele>1968.08</ele>
        <time>2013-08-05T12:58:45Z</time>
      </trkpt>
      <trkpt lat="44.91054" lon="6.64642">
        <ele>1972.23</ele>
        <time>2013-08-05T13:00:30Z</time>
      </trkpt>
      <trkpt lat="44.91066" lon="6.6466">
        <ele>1971.9</ele>
        <time>2013-08-05T13:01:17Z</time>
      </trkpt>
      <trkpt lat="44.9107" lon="6.64685">
        <ele>1972.49</ele>
        <time>2013-08-05T13:01:31Z</time>
      </trkpt>
      <trkpt lat="44.9107" lon="6.64711">
        <ele>1972.3</ele>
        <time>2013-08-05T13:01:45Z</time>
      </trkpt>
      <trkpt lat="44.9108" lon="6.64732">
        <ele>1962.93</ele>
        <time>2013-08-05T13:02:03Z</time>
      </trkpt>
      <trkpt lat="44.91085" lon="6.64757">
        <ele>1963.1</ele>
        <time>2013-08-05T13:02:15Z</time>
      </trkpt>
      <trkpt lat="44.91094" lon="6.6478">
        <ele>1958.5</ele>
        <time>2013-08-05T13:02:31Z</time>
      </trkpt>
      <trkpt lat="44.91106" lon="6.648">
        <ele>1954.37</ele>
        <time>2013-08-05T13:02:45Z</time>
      </trkpt>
      <trkpt lat="44.91117" lon="6.64821">
        <ele>1951.09</ele>
        <time>2013-08-05T13:03:01Z</time>
      </trkpt>
      <trkpt lat="44.91122" lon="6.64847">
        <ele>1953.37</ele>
        <time>2013-08-05T13:03:15Z</time>
      </trkpt>
      <trkpt lat="44.91124" lon="6.64872">
        <ele>1948.73</ele>
        <time>2013-08-05T13:03:29Z</time>
      </trkpt>
      <trkpt lat="44.91126" lon="6.64898">
        <ele>1945.69</ele>
        <time>2013-08-05T13:03:43Z</time>
      </trkpt>
      <trkpt lat="44.91132" lon="6.64923">
        <ele>1939.33</ele>
        <time>2013-08-05T13:03:58Z</time>
      </trkpt>
      <trkpt lat="44.91137" lon="6.64948">
        <ele>1933.52</ele>
        <time>2013-08-05T13:04:13Z</time>
      </trkpt>
      <trkpt lat="44.91146" lon="6.64972">
        <ele>1930.94</ele>
        <time>2013-08-05T13:04:28Z</time>
      </trkpt>
      <trkpt lat="44.91154" lon="6.64996">
        <ele>1926.12</ele>
        <time>2013-08-05T13:04:44Z</time>
      </trkpt>
      <trkpt lat="44.9117" lon="6.65008">
        <ele>1920.59</ele>
        <time>2013-08-05T13:05:02Z</time>
      </trkpt>
      <trkpt lat="44.9119" lon="6.65011">
        <ele>1917</ele>
        <time>2013-08-05T13:05:18Z</time>
      </trkpt>
      <trkpt lat="44.91204" lon="6.65028">
        <ele>1913.18</ele>
        <time>2013-08-05T13:05:32Z</time>
      </trkpt>
      <trkpt lat="44.91221" lon="6.65038">
        <ele>1906.7</ele>
        <time>2013-08-05T13:05:50Z</time>
      </trkpt>
      <trkpt lat="44.91236" lon="6.65056">
        <ele>1902.87</ele>
        <time>2013-08-05T13:06:09Z</time>
      </trkpt>
      <trkpt lat="44.9125" lon="6.65073">
        <ele>1902.25</ele>
        <time>2013-08-05T13:06:24Z</time>
      </trkpt>
      <trkpt lat="44.91262" lon="6.65092">
        <ele>1902.7</ele>
        <time>2013-08-05T13:06:48Z</time>
      </trkpt>
      <trkpt lat="44.91272" lon="6.65113">
        <ele>1897.01</ele>
        <time>2013-08-05T13:07:03Z</time>
      </trkpt>
      <trkpt lat="44.91282" lon="6.65135">
        <ele>1895.05</ele>
        <time>2013-08-05T13:07:21Z</time>
      </trkpt>
      <trkpt lat="44.91295" lon="6.65154">
        <ele>1889.42</ele>
        <time>2013-08-05T13:07:34Z</time>
      </trkpt>
      <trkpt lat="44.9131" lon="6.6517">
        <ele>1881.13</ele>
        <time>2013-08-05T13:08:02Z</time>
      </trkpt>
      <trkpt lat="44.91319" lon="6.65192">
        <ele>1878.37</ele>
        <time>2013-08-05T13:08:15Z</time>
      </trkpt>
      <trkpt lat="44.91328" lon="6.65216">
        <ele>1877.06</ele>
        <time>2013-08-05T13:08:29Z</time>
      </trkpt>
      <trkpt lat="44.91338" lon="6.65238">
        <ele>1872.41</ele>
        <time>2013-08-05T13:08:46Z</time>
      </trkpt>
      <trkpt lat="44.91344" lon="6.65263">
        <ele>1869.32</ele>
        <time>2013-08-05T13:09:03Z</time>
      </trkpt>
      <trkpt lat="44.91345" lon="6.65289">
        <ele>1867.94</ele>
        <time>2013-08-05T13:09:20Z</time>
      </trkpt>
      <trkpt lat="44.91347" lon="6.65315">
        <ele>1865</ele>
        <time>2013-08-05T13:09:37Z</time>
      </trkpt>
      <trkpt lat="44.91329" lon="6.65314">
        <ele>1858.52</ele>
        <time>2013-08-05T13:10:15Z</time>
      </trkpt>
      <trkpt lat="44.91313" lon="6.653">
        <ele>1849.11</ele>
        <time>2013-08-05T13:10:35Z</time>
      </trkpt>
      <trkpt lat="44.91296" lon="6.65292">
        <ele>1839.88</ele>
        <time>2013-08-05T13:10:51Z</time>
      </trkpt>
      <trkpt lat="44.91278" lon="6.65284">
        <ele>1832.22</ele>
        <time>2013-08-05T13:11:10Z</time>
      </trkpt>
      <trkpt lat="44.91262" lon="6.65272">
        <ele>1826.05</ele>
        <time>2013-08-05T13:11:26Z</time>
      </trkpt>
      <trkpt lat="44.91245" lon="6.65263">
        <ele>1818.19</ele>
        <time>2013-08-05T13:11:43Z</time>
      </trkpt>
      <trkpt lat="44.91226" lon="6.65263">
        <ele>1818.39</ele>
        <time>2013-08-05T13:12:00Z</time>
      </trkpt>
      <trkpt lat="44.91208" lon="6.65261">
        <ele>1813.69</ele>
        <time>2013-08-05T13:12:15Z</time>
      </trkpt>
      <trkpt lat="44.9119" lon="6.65264">
        <ele>1817.05</ele>
        <time>2013-08-05T13:12:29Z</time>
      </trkpt>
      <trkpt lat="44.91172" lon="6.65266">
        <ele>1807.79</ele>
        <time>2013-08-05T13:12:46Z</time>
      </trkpt>
      <trkpt lat="44.91153" lon="6.6527">
        <ele>1802.68</ele>
        <time>2013-08-05T13:13:04Z</time>
      </trkpt>
      <trkpt lat="44.91135" lon="6.65277">
        <ele>1799.84</ele>
        <time>2013-08-05T13:13:20Z</time>
      </trkpt>
      <trkpt lat="44.91116" lon="6.65272">
        <ele>1789.21</ele>
        <time>2013-08-05T13:13:39Z</time>
      </trkpt>
      <trkpt lat="44.911" lon="6.6526">
        <ele>1780.28</ele>
        <time>2013-08-05T13:13:58Z</time>
      </trkpt>
      <trkpt lat="44.91083" lon="6.6525">
        <ele>1776.27</ele>
        <time>2013-08-05T13:14:26Z</time>
      </trkpt>
      <trkpt lat="44.91066" lon="6.65238">
        <ele>1774.79</ele>
        <time>2013-08-05T13:14:43Z</time>
      </trkpt>
      <trkpt lat="44.91052" lon="6.6522">
        <ele>1772.95</ele>
        <time>2013-08-05T13:14:59Z</time>
      </trkpt>
      <trkpt lat="44.91038" lon="6.65203">
        <ele>1772.99</ele>
        <time>2013-08-05T13:15:15Z</time>
      </trkpt>
      <trkpt lat="44.91024" lon="6.65221">
        <ele>1774.18</ele>
        <time>2013-08-05T13:15:54Z</time>
      </trkpt>
      <trkpt lat="44.91019" lon="6.65246">
        <ele>1770.06</ele>
        <time>2013-08-05T13:16:45Z</time>
      </trkpt>
      <trkpt lat="44.91023" lon="6.65272">
        <ele>1764.29</ele>
        <time>2013-08-05T13:16:59Z</time>
      </trkpt>
      <trkpt lat="44.91032" lon="6.65294">
        <ele>1749.96</ele>
        <time>2013-08-05T13:17:19Z</time>
      </trkpt>
      <trkpt lat="44.9104" lon="6.65318">
        <ele>1746.58</ele>
        <time>2013-08-05T13:17:32Z</time>
      </trkpt>
      <trkpt lat="44.91042" lon="6.65344">
        <ele>1747.99</ele>
        <time>2013-08-05T13:17:46Z</time>
      </trkpt>
      <trkpt lat="44.91047" lon="6.6537">
        <ele>1744.66</ele>
        <time>2013-08-05T13:18:00Z</time>
      </trkpt>
      <trkpt lat="44.91054" lon="6.65394">
        <ele>1738.01</ele>
        <time>2013-08-05T13:18:14Z</time>
      </trkpt>
      <trkpt lat="44.91059" lon="6.65418">
        <ele>1735.19</ele>
        <time>2013-08-05T13:18:29Z</time>
      </trkpt>
      <trkpt lat="44.91064" lon="6.65444">
        <ele>1732.68</ele>
        <time>2013-08-05T13:18:44Z</time>
      </trkpt>
      <trkpt lat="44.91059" lon="6.65469">
        <ele>1726.87</ele>
        <time>2013-08-05T13:19:01Z</time>
      </trkpt>
      <trkpt lat="44.91041" lon="6.65467">
        <ele>1709.63</ele>
        <time>2013-08-05T13:19:47Z</time>
      </trkpt>
      <trkpt lat="44.91028" lon="6.65449">
        <ele>1708.94</ele>
        <time>2013-08-05T13:20:19Z</time>
      </trkpt>
      <trkpt lat="44.91013" lon="6.65432">
        <ele>1700.73</ele>
        <time>2013-08-05T13:20:34Z</time>
      </trkpt>
      <trkpt lat="44.90998" lon="6.65418">
        <ele>1695.31</ele>
        <time>2013-08-05T13:20:57Z</time>
      </trkpt>
      <trkpt lat="44.90984" lon="6.654">
        <ele>1695.64</ele>
        <time>2013-08-05T13:21:11Z</time>
      </trkpt>
      <trkpt lat="44.90972" lon="6.65381">
        <ele>1692.56</ele>
        <time>2013-08-05T13:21:27Z</time>
      </trkpt>
      <trkpt lat="44.90959" lon="6.65364">
        <ele>1689.1</ele>
        <time>2013-08-05T13:21:43Z</time>
      </trkpt>
      <trkpt lat="44.90945" lon="6.65346">
        <ele>1686.23</ele>
        <time>2013-08-05T13:22:01Z</time>
      </trkpt>
      <trkpt lat="44.90933" lon="6.65326">
        <ele>1680.21</ele>
        <time>2013-08-05T13:22:17Z</time>
      </trkpt>
      <trkpt lat="44.90931" lon="6.65352">
        <ele>1676.24</ele>
        <time>2013-08-05T13:22:44Z</time>
      </trkpt>
      <trkpt lat="44.90932" lon="6.65378">
        <ele>1667.81</ele>
        <time>2013-08-05T13:23:00Z</time>
      </trkpt>
      <trkpt lat="44.90917" lon="6.65364">
        <ele>1664.45</ele>
        <time>2013-08-05T13:23:18Z</time>
      </trkpt>
      <trkpt lat="44.90905" lon="6.65344">
        <ele>1658.7</ele>
        <time>2013-08-05T13:23:35Z</time>
      </trkpt>
      <trkpt lat="44.90894" lon="6.65323">
        <ele>1657.17</ele>
        <time>2013-08-05T13:23:52Z</time>
      </trkpt>
      <trkpt lat="44.90883" lon="6.65302">
        <ele>1651.67</ele>
        <time>2013-08-05T13:24:07Z</time>
      </trkpt>
      <trkpt lat="44.90879" lon="6.65327">
        <ele>1636.52</ele>
        <time>2013-08-05T13:25:02Z</time>
      </trkpt>
      <trkpt lat="44.90861" lon="6.65319">
        <ele>1626.24</ele>
        <time>2013-08-05T13:25:44Z</time>
      </trkpt>
      <trkpt lat="44.90846" lon="6.65302">
        <ele>1625.85</ele>
        <time>2013-08-05T13:25:58Z</time>
      </trkpt>
      <trkpt lat="44.90843" lon="6.65328">
        <ele>1612.73</ele>
        <time>2013-08-05T13:26:36Z</time>
      </trkpt>
      <trkpt lat="44.90846" lon="6.65354">
        <ele>1597.99</ele>
        <time>2013-08-05T13:27:03Z</time>
      </trkpt>
      <trkpt lat="44.90853" lon="6.65379">
        <ele>1598.16</ele>
        <time>2013-08-05T13:27:17Z</time>
      </trkpt>
      <trkpt lat="44.90853" lon="6.65405">
        <ele>1597.07</ele>
        <time>2013-08-05T13:27:31Z</time>
      </trkpt>
      <trkpt lat="44.90855" lon="6.65431">
        <ele>1586.82</ele>
        <time>2013-08-05T13:27:51Z</time>
      </trkpt>
      <trkpt lat="44.90855" lon="6.65458">
        <ele>1584.53</ele>
        <time>2013-08-05T13:28:06Z</time>
      </trkpt>
      <trkpt lat="44.90859" lon="6.65483">
        <ele>1584.58</ele>
        <time>2013-08-05T13:28:20Z</time>
      </trkpt>
      <trkpt lat="44.90841" lon="6.65481">
        <ele>1574.89</ele>
        <time>2013-08-05T13:28:57Z</time>
      </trkpt>
      <trkpt lat="44.90825" lon="6.65465">
        <ele>1575.14</ele>
        <time>2013-08-05T13:29:13Z</time>
      </trkpt>
      <trkpt lat="44.90817" lon="6.65442">
        <ele>1573.63</ele>
        <time>2013-08-05T13:29:27Z</time>
      </trkpt>
      <trkpt lat="44.90805" lon="6.65421">
        <ele>1569.19</ele>
        <time>2013-08-05T13:29:46Z</time>
      </trkpt>
      <trkpt lat="44.90787" lon="6.65412">
        <ele>1563.75</ele>
        <time>2013-08-05T13:30:03Z</time>
      </trkpt>
      <trkpt lat="44.90776" lon="6.65392">
        <ele>1563.21</ele>
        <time>2013-08-05T13:30:18Z</time>
      </trkpt>
      <trkpt lat="44.90771" lon="6.65367">
        <ele>1560.91</ele>
        <time>2013-08-05T13:30:34Z</time>
      </trkpt>
      <trkpt lat="44.90767" lon="6.65341">
        <ele>1560.89</ele>
        <time>2013-08-05T13:30:54Z</time>
      </trkpt>
      <trkpt lat="44.90758" lon="6.65318">
        <ele>1555.44</ele>
        <time>2013-08-05T13:31:10Z</time>
      </trkpt>
      <trkpt lat="44.90755" lon="6.65292">
        <ele>1554.79</ele>
        <time>2013-08-05T13:31:27Z</time>
      </trkpt>
      <trkpt lat="44.90746" lon="6.6527">
        <ele>1551.31</ele>
        <time>2013-08-05T13:31:45Z</time>
      </trkpt>
      <trkpt lat="44.90727" lon="6.65269">
        <ele>1547.8</ele>
        <time>2013-08-05T13:32:03Z</time>
      </trkpt>
      <trkpt lat="44.90708" lon="6.65267">
        <ele>1534.89</ele>
        <time>2013-08-05T13:32:22Z</time>
      </trkpt>
      <trkpt lat="44.90695" lon="6.6525">
        <ele>1527.88</ele>
        <time>2013-08-05T13:32:36Z</time>
      </trkpt>
      <trkpt lat="44.90676" lon="6.65244">
        <ele>1529.62</ele>
        <time>2013-08-05T13:32:51Z</time>
      </trkpt>
      <trkpt lat="44.90658" lon="6.65239">
        <ele>1525.51</ele>
        <time>2013-08-05T13:33:10Z</time>
      </trkpt>
      <trkpt lat="44.90641" lon="6.65229">
        <ele>1517.43</ele>
        <time>2013-08-05T13:33:28Z</time>
      </trkpt>
      <trkpt lat="44.90624" lon="6.65218">
        <ele>1512.6</ele>
        <time>2013-08-05T13:33:44Z</time>
      </trkpt>
      <trkpt lat="44.90607" lon="6.65209">
        <ele>1588.33</ele>
        <time>2013-08-05T13:33:58Z</time>
      </trkpt>
      <trkpt lat="44.90591" lon="6.65194">
        <ele>1592.58</ele>
        <time>2013-08-05T13:34:17Z</time>
      </trkpt>
      <trkpt lat="44.90578" lon="6.65176">
        <ele>1511.02</ele>
        <time>2013-08-05T13:34:37Z</time>
      </trkpt>
      <trkpt lat="44.90566" lon="6.65156">
        <ele>1499.75</ele>
        <time>2013-08-05T13:34:54Z</time>
      </trkpt>
      <trkpt lat="44.90555" lon="6.65134">
        <ele>1490.66</ele>
        <time>2013-08-05T13:35:09Z</time>
      </trkpt>
      <trkpt lat="44.9055" lon="6.65108">
        <ele>1485.82</ele>
        <time>2013-08-05T13:35:27Z</time>
      </trkpt>
      <trkpt lat="44.90549" lon="6.65082">
        <ele>1480.43</ele>
        <time>2013-08-05T13:35:42Z</time>
      </trkpt>
      <trkpt lat="44.90546" lon="6.65056">
        <ele>1477.6</ele>
        <time>2013-08-05T13:36:01Z</time>
      </trkpt>
      <trkpt lat="44.90531" lon="6.65071">
        <ele>1472.88</ele>
        <time>2013-08-05T13:36:52Z</time>
      </trkpt>
      <trkpt lat="44.90517" lon="6.65087">
        <ele>1467.42</ele>
        <time>2013-08-05T13:37:10Z</time>
      </trkpt>
      <trkpt lat="44.90499" lon="6.65096">
        <ele>1463.14</ele>
        <time>2013-08-05T13:37:29Z</time>
      </trkpt>
      <trkpt lat="44.90504" lon="6.65072">
        <ele>1465.7</ele>
        <time>2013-08-05T13:38:09Z</time>
      </trkpt>
      <trkpt lat="44.90514" lon="6.6505">
        <ele>1454.59</ele>
        <time>2013-08-05T13:38:23Z</time>
      </trkpt>
      <trkpt lat="44.90519" lon="6.65025">
        <ele>1453.42</ele>
        <time>2013-08-05T13:38:38Z</time>
      </trkpt>
      <trkpt lat="44.90528" lon="6.65002">
        <ele>1450.43</ele>
        <time>2013-08-05T13:38:52Z</time>
      </trkpt>
      <trkpt lat="44.90532" lon="6.64977">
        <ele>1447.52</ele>
        <time>2013-08-05T13:39:05Z</time>
      </trkpt>
      <trkpt lat="44.90523" lon="6.64953">
        <ele>1445.28</ele>
        <time>2013-08-05T13:39:22Z</time>
      </trkpt>
      <trkpt lat="44.90512" lon="6.64932">
        <ele>1442.35</ele>
        <time>2013-08-05T13:39:37Z</time>
      </trkpt>
      <trkpt lat="44.90506" lon="6.64907">
        <ele>1435.92</ele>
        <time>2013-08-05T13:39:51Z</time>
      </trkpt>
      <trkpt lat="44.90499" lon="6.64883">
        <ele>1433.73</ele>
        <time>2013-08-05T13:40:05Z</time>
      </trkpt>
      <trkpt lat="44.90491" lon="6.64859">
        <ele>1429.07</ele>
        <time>2013-08-05T13:40:29Z</time>
      </trkpt>
      <trkpt lat="44.90484" lon="6.64835">
        <ele>1423.56</ele>
        <time>2013-08-05T13:40:43Z</time>
      </trkpt>
      <trkpt lat="44.90477" lon="6.6481">
        <ele>1421.43</ele>
        <time>2013-08-05T13:40:58Z</time>
      </trkpt>
      <trkpt lat="44.90472" lon="6.64785">
        <ele>1421.57</ele>
        <time>2013-08-05T13:41:13Z</time>
      </trkpt>
      <trkpt lat="44.90471" lon="6.64758">
        <ele>1421.3</ele>
        <time>2013-08-05T13:41:28Z</time>
      </trkpt>
      <trkpt lat="44.90459" lon="6.64777">
        <ele>1408.04</ele>
        <time>2013-08-05T13:42:01Z</time>
      </trkpt>
      <trkpt lat="44.90444" lon="6.64761">
        <ele>1398.39</ele>
        <time>2013-08-05T13:42:33Z</time>
      </trkpt>
      <trkpt lat="44.90432" lon="6.6478">
        <ele>1396.15</ele>
        <time>2013-08-05T13:43:07Z</time>
      </trkpt>
      <trkpt lat="44.90426" lon="6.64805">
        <ele>1396.45</ele>
        <time>2013-08-05T13:43:23Z</time>
      </trkpt>
      <trkpt lat="44.90412" lon="6.64788">
        <ele>1382.72</ele>
        <time>2013-08-05T13:43:52Z</time>
      </trkpt>
      <trkpt lat="44.90408" lon="6.64763">
        <ele>1379.71</ele>
        <time>2013-08-05T13:44:06Z</time>
      </trkpt>
      <trkpt lat="44.90407" lon="6.64737">
        <ele>1379.21</ele>
        <time>2013-08-05T13:44:23Z</time>
      </trkpt>
      <trkpt lat="44.90404" lon="6.64711">
        <ele>1379.99</ele>
        <time>2013-08-05T13:44:37Z</time>
      </trkpt>
      <trkpt lat="44.90393" lon="6.64691">
        <ele>1379.09</ele>
        <time>2013-08-05T13:44:52Z</time>
      </trkpt>
      <trkpt lat="44.90383" lon="6.64669">
        <ele>1373.66</ele>
        <time>2013-08-05T13:45:10Z</time>
      </trkpt>
      <trkpt lat="44.90369" lon="6.64651">
        <ele>1369.16</ele>
        <time>2013-08-05T13:45:25Z</time>
      </trkpt>
      <trkpt lat="44.90354" lon="6.64637">
        <ele>1360.38</ele>
        <time>2013-08-05T13:45:40Z</time>
      </trkpt>
      <trkpt lat="44.90338" lon="6.64622">
        <ele>1357.3</ele>
        <time>2013-08-05T13:45:54Z</time>
      </trkpt>
      <trkpt lat="44.9032" lon="6.6461">
        <ele>1352.18</ele>
        <time>2013-08-05T13:46:09Z</time>
      </trkpt>
      <trkpt lat="44.90303" lon="6.646">
        <ele>1351.91</ele>
        <time>2013-08-05T13:46:23Z</time>
      </trkpt>
      <trkpt lat="44.90286" lon="6.64589">
        <ele>1348.52</ele>
        <time>2013-08-05T13:46:39Z</time>
      </trkpt>
      <trkpt lat="44.90268" lon="6.64578">
        <ele>1348.64</ele>
        <time>2013-08-05T13:46:52Z</time>
      </trkpt>
      <trkpt lat="44.90251" lon="6.64569">
        <ele>1349.62</ele>
        <time>2013-08-05T13:47:04Z</time>
      </trkpt>
      <trkpt lat="44.90235" lon="6.64557">
        <ele>1349.78</ele>
        <time>2013-08-05T13:47:19Z</time>
      </trkpt>
      <trkpt lat="44.90218" lon="6.64546">
        <ele>1349.44</ele>
        <time>2013-08-05T13:47:32Z</time>
      </trkpt>
      <trkpt lat="44.90203" lon="6.64532">
        <ele>1346.76</ele>
        <time>2013-08-05T13:47:47Z</time>
      </trkpt>
      <trkpt lat="44.90188" lon="6.64516">
        <ele>1343.12</ele>
        <time>2013-08-05T13:47:59Z</time>
      </trkpt>
      <trkpt lat="44.90175" lon="6.64499">
        <ele>1341.84</ele>
        <time>2013-08-05T13:48:16Z</time>
      </trkpt>
      <trkpt lat="44.90159" lon="6.64486">
        <ele>1343.27</ele>
        <time>2013-08-05T13:48:48Z</time>
      </trkpt>
      <trkpt lat="44.90145" lon="6.64469">
        <ele>1337.16</ele>
        <time>2013-08-05T13:49:07Z</time>
      </trkpt>
      <trkpt lat="44.90132" lon="6.64449">
        <ele>1333.28</ele>
        <time>2013-08-05T13:49:22Z</time>
      </trkpt>
      <trkpt lat="44.90132" lon="6.64423">
        <ele>1330.2</ele>
        <time>2013-08-05T13:49:40Z</time>
      </trkpt>
      <trkpt lat="44.90121" lon="6.64402">
        <ele>1325.67</ele>
        <time>2013-08-05T13:50:00Z</time>
      </trkpt>
      <trkpt lat="44.90103" lon="6.64412">
        <ele>1323.67</ele>
        <time>2013-08-05T13:51:49Z</time>
      </trkpt>
      <trkpt lat="44.90087" lon="6.64424">
        <ele>1324</ele>
        <time>2013-08-05T13:51:59Z</time>
      </trkpt>
      <trkpt lat="44.90069" lon="6.64412">
        <ele>1326.49</ele>
        <time>2013-08-05T13:52:23Z</time>
      </trkpt>
      <trkpt lat="44.90057" lon="6.64394">
        <ele>1324.05</ele>
        <time>2013-08-05T13:52:37Z</time>
      </trkpt>
      <trkpt lat="44.90041" lon="6.64381">
        <ele>1326</ele>
        <time>2013-08-05T13:52:53Z</time>
      </trkpt>
      <trkpt lat="44.90028" lon="6.64362">
        <ele>1324.99</ele>
        <time>2013-08-05T13:53:10Z</time>
      </trkpt>
      <trkpt lat="44.90014" lon="6.64347">
        <ele>1324.96</ele>
        <time>2013-08-05T13:53:36Z</time>
      </trkpt>
      <trkpt lat="44.89996" lon="6.64342">
        <ele>1324.58</ele>
        <time>2013-08-05T13:53:49Z</time>
      </trkpt>
      <trkpt lat="44.90015" lon="6.64278">
        <ele>1327.69</ele>
        <time>2013-08-05T13:55:58Z</time>
      </trkpt>
      <trkpt lat="44.90002" lon="6.64296">
        <ele>1316.94</ele>
        <time>2013-08-05T13:56:12Z</time>
      </trkpt>
      <trkpt lat="44.89987" lon="6.64314">
        <ele>1317.22</ele>
        <time>2013-08-05T13:56:47Z</time>
      </trkpt>
      <trkpt lat="44.89971" lon="6.64326">
        <ele>1328.06</ele>
        <time>2013-08-05T13:57:00Z</time>
      </trkpt>
      <trkpt lat="44.89953" lon="6.64333">
        <ele>1336.66</ele>
        <time>2013-08-05T13:57:28Z</time>
      </trkpt>
      <trkpt lat="44.89933" lon="6.64336">
        <ele>1332.47</ele>
        <time>2013-08-05T13:57:50Z</time>
      </trkpt>
      <trkpt lat="44.89914" lon="6.64341">
        <ele>1330.25</ele>
        <time>2013-08-05T13:57:59Z</time>
      </trkpt>
      <trkpt lat="44.89897" lon="6.64329">
        <ele>1321.4</ele>
        <time>2013-08-05T13:58:10Z</time>
      </trkpt>
      <trkpt lat="44.89879" lon="6.64326">
        <ele>1318.79</ele>
        <time>2013-08-05T13:58:28Z</time>
      </trkpt>
      <trkpt lat="44.89864" lon="6.6431">
        <ele>1315.78</ele>
        <time>2013-08-05T13:58:41Z</time>
      </trkpt>
      <trkpt lat="44.8985" lon="6.64295">
        <ele>1313.19</ele>
        <time>2013-08-05T13:58:53Z</time>
      </trkpt>
      <trkpt lat="44.8983" lon="6.64295">
        <ele>1312.11</ele>
        <time>2013-08-05T13:59:05Z</time>
      </trkpt>
      <trkpt lat="44.89814" lon="6.64284">
        <ele>1302.1</ele>
        <time>2013-08-05T13:59:19Z</time>
      </trkpt>
      <trkpt lat="44.8982" lon="6.6426">
        <ele>1293.53</ele>
        <time>2013-08-05T13:59:36Z</time>
      </trkpt>
      <trkpt lat="44.89835" lon="6.64246">
        <ele>1290.43</ele>
        <time>2013-08-05T13:59:52Z</time>
      </trkpt>
      <trkpt lat="44.89855" lon="6.64252">
        <ele>1290.74</ele>
        <time>2013-08-05T14:00:07Z</time>
      </trkpt>
      <trkpt lat="44.89873" lon="6.64246">
        <ele>1291.7</ele>
        <time>2013-08-05T14:00:18Z</time>
      </trkpt>
      <trkpt lat="44.89883" lon="6.64225">
        <ele>1297.03</ele>
        <time>2013-08-05T14:00:46Z</time>
      </trkpt>
      <trkpt lat="44.89881" lon="6.64199">
        <ele>1296.34</ele>
        <time>2013-08-05T14:01:00Z</time>
      </trkpt>
      <trkpt lat="44.89885" lon="6.64173">
        <ele>1288.23</ele>
        <time>2013-08-05T14:01:14Z</time>
      </trkpt>
      <trkpt lat="44.89892" lon="6.64149">
        <ele>1282.37</ele>
        <time>2013-08-05T14:01:45Z</time>
      </trkpt>
      <trkpt lat="44.89894" lon="6.64123">
        <ele>1280.43</ele>
        <time>2013-08-05T14:02:02Z</time>
      </trkpt>
      <trkpt lat="44.89891" lon="6.64096">
        <ele>1282.69</ele>
        <time>2013-08-05T14:02:18Z</time>
      </trkpt>
      <trkpt lat="44.89881" lon="6.64074">
        <ele>1281.25</ele>
        <time>2013-08-05T14:02:33Z</time>
      </trkpt>
      <trkpt lat="44.89871" lon="6.64052">
        <ele>1278.3</ele>
        <time>2013-08-05T14:02:51Z</time>
      </trkpt>
      <trkpt lat="44.89877" lon="6.64027">
        <ele>1274.34</ele>
        <time>2013-08-05T14:03:06Z</time>
      </trkpt>
      <trkpt lat="44.89865" lon="6.64007">
        <ele>1274.48</ele>
        <time>2013-08-05T14:03:17Z</time>
      </trkpt>
      <trkpt lat="44.89853" lon="6.63987">
        <ele>1271.93</ele>
        <time>2013-08-05T14:03:30Z</time>
      </trkpt>
      <trkpt lat="44.89844" lon="6.63964">
        <ele>1270.53</ele>
        <time>2013-08-05T14:03:45Z</time>
      </trkpt>
      <trkpt lat="44.89836" lon="6.6394">
        <ele>1266.97</ele>
        <time>2013-08-05T14:04:01Z</time>
      </trkpt>
      <trkpt lat="44.89827" lon="6.63917">
        <ele>1263.56</ele>
        <time>2013-08-05T14:04:16Z</time>
      </trkpt>
      <trkpt lat="44.89818" lon="6.63894">
        <ele>1263.53</ele>
        <time>2013-08-05T14:04:30Z</time>
      </trkpt>
      <trkpt lat="44.89809" lon="6.63871">
        <ele>1257.47</ele>
        <time>2013-08-05T14:04:46Z</time>
      </trkpt>
      <trkpt lat="44.89792" lon="6.63874">
        <ele>1257.59</ele>
        <time>2013-08-05T14:05:06Z</time>
      </trkpt>
      <trkpt lat="44.89794" lon="6.638">
        <ele>1390.77</ele>
        <time>2013-08-05T14:12:50Z</time>
      </trkpt>
      <trkpt lat="44.89797" lon="6.63837">
        <ele>1372.41</ele>
        <time>2013-08-05T14:12:56Z</time>
      </trkpt>
      <trkpt lat="44.89798" lon="6.63868">
        <ele>1348.25</ele>
        <time>2013-08-05T14:12:57Z</time>
      </trkpt>
    </trkseg>
  </trk>
</gpx>