<?xml version="1.0" encoding="UTF-8"?>
<gpx version="1.1" creator="gr5-app" xmlns="http://www.topografix.com/GPX/1/1">
  <trk>
    <name>GR55 J11 — Refuge d'Entre-le-Lac → Refuge d'Entre Deux Eaux</name>
    <trkseg>
      <trkpt lat="45.482808268" lon="6.847187513"><ele>2269.0</ele></trkpt>
      <trkpt lat="45.482401075" lon="6.847410891"><ele>2274.0</ele></trkpt>
      <trkpt lat="45.482222373" lon="6.847593784"><ele>2279.0</ele></trkpt>
      <trkpt lat="45.481827501" lon="6.847717417"><ele>2286.0</ele></trkpt>
      <trkpt lat="45.481549222" lon="6.847668886"><ele>2288.0</ele></trkpt>
      <trkpt lat="45.481027113" lon="6.847930737"><ele>2300.0</ele></trkpt>
      <trkpt lat="45.480883364" lon="6.84797734"><ele>2301.0</ele></trkpt>
      <trkpt lat="45.480735758" lon="6.848148834"><ele>2306.0</ele></trkpt>
      <trkpt lat="45.480602989" lon="6.848380007"><ele>2310.0</ele></trkpt>
      <trkpt lat="45.480315993" lon="6.848985013"><ele>2316.0</ele></trkpt>
      <trkpt lat="45.480085993" lon="6.849275529"><ele>2318.0</ele></trkpt>
      <trkpt lat="45.479841828" lon="6.849445682"><ele>2319.0</ele></trkpt>
      <trkpt lat="45.479602693" lon="6.849672496"><ele>2322.0</ele></trkpt>
      <trkpt lat="45.479361294" lon="6.849849187"><ele>2327.0</ele></trkpt>
      <trkpt lat="45.478840526" lon="6.850026799"><ele>2329.0</ele></trkpt>
      <trkpt lat="45.478199394" lon="6.850053538"><ele>2329.0</ele></trkpt>
      <trkpt lat="45.477587432" lon="6.850471962"><ele>2330.0</ele></trkpt>
      <trkpt lat="45.47740127" lon="6.8504583"><ele>2330.0</ele></trkpt>
      <trkpt lat="45.476860302" lon="6.850519823"><ele>2330.0</ele></trkpt>
      <trkpt lat="45.476743123" lon="6.850506663"><ele>2330.0</ele></trkpt>
      <trkpt lat="45.476587219" lon="6.850547567"><ele>2330.0</ele></trkpt>
      <trkpt lat="45.476469034" lon="6.850550501"><ele>2330.0</ele></trkpt>
      <trkpt lat="45.476333499" lon="6.850568941"><ele>2330.0</ele></trkpt>
      <trkpt lat="45.476243813" lon="6.850558799"><ele>2330.0</ele></trkpt>
      <trkpt lat="45.475956816" lon="6.850483865"><ele>2331.0</ele></trkpt>
      <trkpt lat="45.475678286" lon="6.850516973"><ele>2331.0</ele></trkpt>
      <trkpt lat="45.475121308" lon="6.850649072"><ele>2330.0</ele></trkpt>
      <trkpt lat="45.474040797" lon="6.850913269"><ele>2335.0</ele></trkpt>
      <trkpt lat="45.47328894" lon="6.851241589"><ele>2336.0</ele></trkpt>
      <trkpt lat="45.473050727" lon="6.851403192"><ele>2337.0</ele></trkpt>
      <trkpt lat="45.47262962" lon="6.851888588"><ele>2338.0</ele></trkpt>
      <trkpt lat="45.472372295" lon="6.852199808"><ele>2339.0</ele></trkpt>
      <trkpt lat="45.472038193" lon="6.85235898"><ele>2340.0</ele></trkpt>
      <trkpt lat="45.47181624" lon="6.852702722"><ele>2342.0</ele></trkpt>
      <trkpt lat="45.471647261" lon="6.853008494"><ele>2345.0</ele></trkpt>
      <trkpt lat="45.471249288" lon="6.853277301"><ele>2350.0</ele></trkpt>
      <trkpt lat="45.471044015" lon="6.853400767"><ele>2352.0</ele></trkpt>
      <trkpt lat="45.470852489" lon="6.853572261"><ele>2354.0</ele></trkpt>
      <trkpt lat="45.470526684" lon="6.853859425"><ele>2359.0</ele></trkpt>
      <trkpt lat="45.470443117" lon="6.854027063"><ele>2360.0</ele></trkpt>
      <trkpt lat="45.470358375" lon="6.854106188"><ele>2360.0</ele></trkpt>
      <trkpt lat="45.470258715" lon="6.85427919"><ele>2360.0</ele></trkpt>
      <trkpt lat="45.470171459" lon="6.854504161"><ele>2361.0</ele></trkpt>
      <trkpt lat="45.46997943" lon="6.854634583"><ele>2363.0</ele></trkpt>
      <trkpt lat="45.469857138" lon="6.854664087"><ele>2365.0</ele></trkpt>
      <trkpt lat="45.469765691" lon="6.854702896"><ele>2367.0</ele></trkpt>
      <trkpt lat="45.4694968" lon="6.854822589"><ele>2370.0</ele></trkpt>
      <trkpt lat="45.469408538" lon="6.854894841"><ele>2372.0</ele></trkpt>
      <trkpt lat="45.469186585" lon="6.854857206"><ele>2377.0</ele></trkpt>
      <trkpt lat="45.469093211" lon="6.854883274"><ele>2380.0</ele></trkpt>
      <trkpt lat="45.468876036" lon="6.855332963"><ele>2388.0</ele></trkpt>
      <trkpt lat="45.468723821" lon="6.855377471"><ele>2392.0</ele></trkpt>
      <trkpt lat="45.468607228" lon="6.855259538"><ele>2396.0</ele></trkpt>
      <trkpt lat="45.468534809" lon="6.855078992"><ele>2398.0</ele></trkpt>
      <trkpt lat="45.468382426" lon="6.854932979"><ele>2399.0</ele></trkpt>
      <trkpt lat="45.468148235" lon="6.854841113"><ele>2402.0</ele></trkpt>
      <trkpt lat="45.46798504" lon="6.854881262"><ele>2404.0</ele></trkpt>
      <trkpt lat="45.466929339" lon="6.855731606"><ele>2410.0</ele></trkpt>
      <trkpt lat="45.466446038" lon="6.855890024"><ele>2418.0</ele></trkpt>
      <trkpt lat="45.465531824" lon="6.855716687"><ele>2437.0</ele></trkpt>
      <trkpt lat="45.464999238" lon="6.85587829"><ele>2452.0</ele></trkpt>
      <trkpt lat="45.464454163" lon="6.855940567"><ele>2468.0</ele></trkpt>
      <trkpt lat="45.463920822" lon="6.855822215"><ele>2478.0</ele></trkpt>
      <trkpt lat="45.463722087" lon="6.855593976"><ele>2482.0</ele></trkpt>
      <trkpt lat="45.46340852" lon="6.855427092"><ele>2489.0</ele></trkpt>
      <trkpt lat="45.462443093" lon="6.855445616"><ele>2506.0</ele></trkpt>
      <trkpt lat="45.462318622" lon="6.855388284"><ele>2506.0</ele></trkpt>
      <trkpt lat="45.461866166" lon="6.855582241"><ele>2509.0</ele></trkpt>
      <trkpt lat="45.4616303" lon="6.855856413"><ele>2512.0</ele></trkpt>
      <trkpt lat="45.461552432" lon="6.855947021"><ele>2512.0</ele></trkpt>
      <trkpt lat="45.461488981" lon="6.856140979"><ele>2514.0</ele></trkpt>
      <trkpt lat="45.461410275" lon="6.856301576"><ele>2514.0</ele></trkpt>
      <trkpt lat="45.461372305" lon="6.856379192"><ele>2515.0</ele></trkpt>
      <trkpt lat="45.461311871" lon="6.856575832"><ele>2515.0</ele></trkpt>
      <trkpt lat="45.46120299" lon="6.856678426"><ele>2515.0</ele></trkpt>
      <trkpt lat="45.461020432" lon="6.856675576"><ele>2515.0</ele></trkpt>
      <trkpt lat="45.460650036" lon="6.85676828"><ele>2515.0</ele></trkpt>
      <trkpt lat="45.460387766" lon="6.856852183"><ele>2516.0</ele></trkpt>
      <trkpt lat="45.460100099" lon="6.856956622"><ele>2517.0</ele></trkpt>
      <trkpt lat="45.459823161" lon="6.857008506"><ele>2518.0</ele></trkpt>
      <trkpt lat="45.459579499" lon="6.857106742"><ele>2521.0</ele></trkpt>
      <trkpt lat="45.459474139" lon="6.857448388"><ele>2526.0</ele></trkpt>
      <trkpt lat="45.459379004" lon="6.857834291"><ele>2529.0</ele></trkpt>
      <trkpt lat="45.459174737" lon="6.858311808"><ele>2538.0</ele></trkpt>
      <trkpt lat="45.458962172" lon="6.858618669"><ele>2543.0</ele></trkpt>
      <trkpt lat="45.459093014" lon="6.85871481"><ele>2543.0</ele></trkpt>
      <trkpt lat="45.458738627" lon="6.859022006"><ele>2552.0</ele></trkpt>
      <trkpt lat="45.4585326" lon="6.859434983"><ele>2561.0</ele></trkpt>
      <trkpt lat="45.458484991" lon="6.859603962"><ele>2564.0</ele></trkpt>
      <trkpt lat="45.458447021" lon="6.859905962"><ele>2570.0</ele></trkpt>
      <trkpt lat="45.458333027" lon="6.860124981"><ele>2575.0</ele></trkpt>
      <trkpt lat="45.458202017" lon="6.860241992"><ele>2575.0</ele></trkpt>
      <trkpt lat="45.458150972" lon="6.860403009"><ele>2576.0</ele></trkpt>
      <trkpt lat="45.458246693" lon="6.861067358"><ele>2584.0</ele></trkpt>
      <trkpt lat="45.458124401" lon="6.861426271"><ele>2587.0</ele></trkpt>
      <trkpt lat="45.457957098" lon="6.861665659"><ele>2593.0</ele></trkpt>
      <trkpt lat="45.457806559" lon="6.861810498"><ele>2600.0</ele></trkpt>
      <trkpt lat="45.457708826" lon="6.861826591"><ele>2602.0</ele></trkpt>
      <trkpt lat="45.45741898" lon="6.861831872"><ele>2608.0</ele></trkpt>
      <trkpt lat="45.457204487" lon="6.861906974"><ele>2615.0</ele></trkpt>
      <trkpt lat="45.457039028" lon="6.861987524"><ele>2621.0</ele></trkpt>
      <trkpt lat="45.456907265" lon="6.862266473"><ele>2629.0</ele></trkpt>
      <trkpt lat="45.456704088" lon="6.862180559"><ele>2632.0</ele></trkpt>
      <trkpt lat="45.45655732" lon="6.862169914"><ele>2634.0</ele></trkpt>
      <trkpt lat="45.456478279" lon="6.86234694"><ele>2637.0</ele></trkpt>
      <trkpt lat="45.456424467" lon="6.862549782"><ele>2640.0</ele></trkpt>
      <trkpt lat="45.456406614" lon="6.862828983"><ele>2645.0</ele></trkpt>
      <trkpt lat="45.45640192" lon="6.863059402"><ele>2648.0</ele></trkpt>
      <trkpt lat="45.456200922" lon="6.863624007"><ele>2652.0</ele></trkpt>
      <trkpt lat="45.456201676" lon="6.863725176"><ele>2652.0</ele></trkpt>
      <trkpt lat="45.456252219" lon="6.864047796"><ele>2652.0</ele></trkpt>
      <trkpt lat="45.456253141" lon="6.864299923"><ele>2651.0</ele></trkpt>
      <trkpt lat="45.456192875" lon="6.864402182"><ele>2650.0</ele></trkpt>
      <trkpt lat="45.456151972" lon="6.864478122"><ele>2650.0</ele></trkpt>
      <trkpt lat="45.456118863" lon="6.864560517"><ele>2650.0</ele></trkpt>
      <trkpt lat="45.456004534" lon="6.864970895"><ele>2650.0</ele></trkpt>
      <trkpt lat="45.45593773" lon="6.865260238"><ele>2650.0</ele></trkpt>
      <trkpt lat="45.455918033" lon="6.865536002"><ele>2648.0</ele></trkpt>
      <trkpt lat="45.455864388" lon="6.865785783"><ele>2645.0</ele></trkpt>
      <trkpt lat="45.455950806" lon="6.866256678"><ele>2641.0</ele></trkpt>
      <trkpt lat="45.455924403" lon="6.866463292"><ele>2639.0</ele></trkpt>
      <trkpt lat="45.455749892" lon="6.866996465"><ele>2630.0</ele></trkpt>
      <trkpt lat="45.455707479" lon="6.86710149"><ele>2629.0</ele></trkpt>
      <trkpt lat="45.455725919" lon="6.86719629"><ele>2628.0</ele></trkpt>
      <trkpt lat="45.455792136" lon="6.867636926"><ele>2623.0</ele></trkpt>
      <trkpt lat="45.455825999" lon="6.868273616"><ele>2616.0</ele></trkpt>
      <trkpt lat="45.455792975" lon="6.868511997"><ele>2612.0</ele></trkpt>
      <trkpt lat="45.455875117" lon="6.868868312"><ele>2608.0</ele></trkpt>
      <trkpt lat="45.455871178" lon="6.86896286"><ele>2606.0</ele></trkpt>
      <trkpt lat="45.455899928" lon="6.869089007"><ele>2604.0</ele></trkpt>
      <trkpt lat="45.455816612" lon="6.869266033"><ele>2600.0</ele></trkpt>
      <trkpt lat="45.455794819" lon="6.869382039"><ele>2597.0</ele></trkpt>
      <trkpt lat="45.455788281" lon="6.869577589"><ele>2592.0</ele></trkpt>
      <trkpt lat="45.455825999" lon="6.869679093"><ele>2591.0</ele></trkpt>
      <trkpt lat="45.455957679" lon="6.869781017"><ele>2592.0</ele></trkpt>
      <trkpt lat="45.455974694" lon="6.869944297"><ele>2588.0</ele></trkpt>
      <trkpt lat="45.456009228" lon="6.870148815"><ele>2584.0</ele></trkpt>
      <trkpt lat="45.455970922" lon="6.870352328"><ele>2578.0</ele></trkpt>
      <trkpt lat="45.455977712" lon="6.870491216"><ele>2577.0</ele></trkpt>
      <trkpt lat="45.456007468" lon="6.870852308"><ele>2575.0</ele></trkpt>
      <trkpt lat="45.455940831" lon="6.871076524"><ele>2571.0</ele></trkpt>
      <trkpt lat="45.455961535" lon="6.871291101"><ele>2574.0</ele></trkpt>
      <trkpt lat="45.455925995" lon="6.871392103"><ele>2573.0</ele></trkpt>
      <trkpt lat="45.455750059" lon="6.871749926"><ele>2571.0</ele></trkpt>
      <trkpt lat="45.45552182" lon="6.87200658"><ele>2567.0</ele></trkpt>
      <trkpt lat="45.455385027" lon="6.872220403"><ele>2564.0</ele></trkpt>
      <trkpt lat="45.455288971" lon="6.872451995"><ele>2561.0</ele></trkpt>
      <trkpt lat="45.455114627" lon="6.872893889"><ele>2554.0</ele></trkpt>
      <trkpt lat="45.455120495" lon="6.873308122"><ele>2550.0</ele></trkpt>
      <trkpt lat="45.454976661" lon="6.87379444"><ele>2543.0</ele></trkpt>
      <trkpt lat="45.454943301" lon="6.874025529"><ele>2542.0</ele></trkpt>
      <trkpt lat="45.454889406" lon="6.874108678"><ele>2541.0</ele></trkpt>
      <trkpt lat="45.454806089" lon="6.874152096"><ele>2540.0</ele></trkpt>
      <trkpt lat="45.45472906" lon="6.874401206"><ele>2539.0</ele></trkpt>
      <trkpt lat="45.454673488" lon="6.874684263"><ele>2539.0</ele></trkpt>
      <trkpt lat="45.454646079" lon="6.874976372"><ele>2538.0</ele></trkpt>
      <trkpt lat="45.454654042" lon="6.875574002"><ele>2533.0</ele></trkpt>
      <trkpt lat="45.454671979" lon="6.875770222"><ele>2531.0</ele></trkpt>
      <trkpt lat="45.454667537" lon="6.875893772"><ele>2530.0</ele></trkpt>
      <trkpt lat="45.454693437" lon="6.876170039"><ele>2527.0</ele></trkpt>
      <trkpt lat="45.454685474" lon="6.876329882"><ele>2525.0</ele></trkpt>
      <trkpt lat="45.454736771" lon="6.87639853"><ele>2525.0</ele></trkpt>
      <trkpt lat="45.454770299" lon="6.87648193"><ele>2526.0</ele></trkpt>
      <trkpt lat="45.454799132" lon="6.876630876"><ele>2527.0</ele></trkpt>
      <trkpt lat="45.454851435" lon="6.876873365"><ele>2529.0</ele></trkpt>
      <trkpt lat="45.454892507" lon="6.876946371"><ele>2530.0</ele></trkpt>
      <trkpt lat="45.454925699" lon="6.877041841"><ele>2530.0</ele></trkpt>
      <trkpt lat="45.454931399" lon="6.877136976"><ele>2530.0</ele></trkpt>
      <trkpt lat="45.45500692" lon="6.877351217"><ele>2529.0</ele></trkpt>
      <trkpt lat="45.455307495" lon="6.878251769"><ele>2519.0</ele></trkpt>
      <trkpt lat="45.455350075" lon="6.878440864"><ele>2517.0</ele></trkpt>
      <trkpt lat="45.455392739" lon="6.878797095"><ele>2511.0</ele></trkpt>
      <trkpt lat="45.455492986" lon="6.879028017"><ele>2510.0</ele></trkpt>
      <trkpt lat="45.455478067" lon="6.879224991"><ele>2508.0</ele></trkpt>
      <trkpt lat="45.455410592" lon="6.879653558"><ele>2502.0</ele></trkpt>
      <trkpt lat="45.455259718" lon="6.880204082"><ele>2494.0</ele></trkpt>
      <trkpt lat="45.455114795" lon="6.88061446"><ele>2486.0</ele></trkpt>
      <trkpt lat="45.455045979" lon="6.881017964"><ele>2480.0</ele></trkpt>
      <trkpt lat="45.45505696" lon="6.881171018"><ele>2478.0</ele></trkpt>
      <trkpt lat="45.455137426" lon="6.881606374"><ele>2474.0</ele></trkpt>
      <trkpt lat="45.45519107" lon="6.881839475"><ele>2473.0</ele></trkpt>
      <trkpt lat="45.455263825" lon="6.882237531"><ele>2471.0</ele></trkpt>
      <trkpt lat="45.455397097" lon="6.882430315"><ele>2471.0</ele></trkpt>
      <trkpt lat="45.455418639" lon="6.882582614"><ele>2469.0</ele></trkpt>
      <trkpt lat="45.455359798" lon="6.882837759"><ele>2466.0</ele></trkpt>
      <trkpt lat="45.455376394" lon="6.883143783"><ele>2463.0</ele></trkpt>
      <trkpt lat="45.455489382" lon="6.883625239"><ele>2459.0</ele></trkpt>
      <trkpt lat="45.455515618" lon="6.883950206"><ele>2455.0</ele></trkpt>
      <trkpt lat="45.455546714" lon="6.884235106"><ele>2452.0</ele></trkpt>
      <trkpt lat="45.455508409" lon="6.884341305"><ele>2450.0</ele></trkpt>
      <trkpt lat="45.455519306" lon="6.884455383"><ele>2449.0</ele></trkpt>
      <trkpt lat="45.455492064" lon="6.884491593"><ele>2448.0</ele></trkpt>
      <trkpt lat="45.455485778" lon="6.884648167"><ele>2446.0</ele></trkpt>
      <trkpt lat="45.455532717" lon="6.885019233"><ele>2443.0</ele></trkpt>
      <trkpt lat="45.455550738" lon="6.885307236"><ele>2441.0</ele></trkpt>
      <trkpt lat="45.455578566" lon="6.885581911"><ele>2439.0</ele></trkpt>
      <trkpt lat="45.455567837" lon="6.885677213"><ele>2437.0</ele></trkpt>
      <trkpt lat="45.455564484" lon="6.885769665"><ele>2436.0</ele></trkpt>
      <trkpt lat="45.455503464" lon="6.885900423"><ele>2434.0</ele></trkpt>
      <trkpt lat="45.455548475" lon="6.886170739"><ele>2430.0</ele></trkpt>
      <trkpt lat="45.455529112" lon="6.886250535"><ele>2429.0</ele></trkpt>
      <trkpt lat="45.455591809" lon="6.886449605"><ele>2426.0</ele></trkpt>
      <trkpt lat="45.455581415" lon="6.886611879"><ele>2425.0</ele></trkpt>
      <trkpt lat="45.45563749" lon="6.886812709"><ele>2422.0</ele></trkpt>
      <trkpt lat="45.455631288" lon="6.886896193"><ele>2421.0</ele></trkpt>
      <trkpt lat="45.455664815" lon="6.887084786"><ele>2418.0</ele></trkpt>
      <trkpt lat="45.455729188" lon="6.887319395"><ele>2414.0</ele></trkpt>
      <trkpt lat="45.45581812" lon="6.887506479"><ele>2411.0</ele></trkpt>
      <trkpt lat="45.455974778" lon="6.8876079"><ele>2409.0</ele></trkpt>
      <trkpt lat="45.455944603" lon="6.887667328"><ele>2407.0</ele></trkpt>
      <trkpt lat="45.455935132" lon="6.887732958"><ele>2405.0</ele></trkpt>
      <trkpt lat="45.456039235" lon="6.887832284"><ele>2404.0</ele></trkpt>
      <trkpt lat="45.456152139" lon="6.888086926"><ele>2398.0</ele></trkpt>
      <trkpt lat="45.456253141" lon="6.888195723"><ele>2396.0</ele></trkpt>
      <trkpt lat="45.45630008" lon="6.888297563"><ele>2393.0</ele></trkpt>
      <trkpt lat="45.456368895" lon="6.888353806"><ele>2392.0</ele></trkpt>
      <trkpt lat="45.45658607" lon="6.888728142"><ele>2385.0</ele></trkpt>
      <trkpt lat="45.456636865" lon="6.888783127"><ele>2384.0</ele></trkpt>
      <trkpt lat="45.456685815" lon="6.888905168"><ele>2381.0</ele></trkpt>
      <trkpt lat="45.456787404" lon="6.888997704"><ele>2380.0</ele></trkpt>
      <trkpt lat="45.456953868" lon="6.889378577"><ele>2372.0</ele></trkpt>
      <trkpt lat="45.45710776" lon="6.889570775"><ele>2367.0</ele></trkpt>
      <trkpt lat="45.457293503" lon="6.889711171"><ele>2365.0</ele></trkpt>
      <trkpt lat="45.457341531" lon="6.88976624"><ele>2363.0</ele></trkpt>
      <trkpt lat="45.457398025" lon="6.889783591"><ele>2363.0</ele></trkpt>
      <trkpt lat="45.457418477" lon="6.889813934"><ele>2362.0</ele></trkpt>
      <trkpt lat="45.457414873" lon="6.88991393"><ele>2359.0</ele></trkpt>
      <trkpt lat="45.457507074" lon="6.889998168"><ele>2357.0</ele></trkpt>
      <trkpt lat="45.457615536" lon="6.890114509"><ele>2354.0</ele></trkpt>
      <trkpt lat="45.45775149" lon="6.890385663"><ele>2347.0</ele></trkpt>
      <trkpt lat="45.457844781" lon="6.890435368"><ele>2346.0</ele></trkpt>
      <trkpt lat="45.457866406" lon="6.890531927"><ele>2343.0</ele></trkpt>
      <trkpt lat="45.457866406" lon="6.890625805"><ele>2341.0</ele></trkpt>
      <trkpt lat="45.457828939" lon="6.890717838"><ele>2339.0</ele></trkpt>
      <trkpt lat="45.457822485" lon="6.890810709"><ele>2337.0</ele></trkpt>
      <trkpt lat="45.457974616" lon="6.891032159"><ele>2333.0</ele></trkpt>
      <trkpt lat="45.458059274" lon="6.891242713"><ele>2328.0</ele></trkpt>
      <trkpt lat="45.458124736" lon="6.891322341"><ele>2327.0</ele></trkpt>
      <trkpt lat="45.458197575" lon="6.891451925"><ele>2324.0</ele></trkpt>
      <trkpt lat="45.45827846" lon="6.891501462"><ele>2324.0</ele></trkpt>
      <trkpt lat="45.458379965" lon="6.891690642"><ele>2320.0</ele></trkpt>
      <trkpt lat="45.458503095" lon="6.891751997"><ele>2318.0</ele></trkpt>
      <trkpt lat="45.45900601" lon="6.891983002"><ele>2310.0</ele></trkpt>
      <trkpt lat="45.459717968" lon="6.892521624"><ele>2291.0</ele></trkpt>
      <trkpt lat="45.460378211" lon="6.89268088"><ele>2285.0</ele></trkpt>
      <trkpt lat="45.460634194" lon="6.892748522"><ele>2280.0</ele></trkpt>
      <trkpt lat="45.460852627" lon="6.892832424"><ele>2276.0</ele></trkpt>
      <trkpt lat="45.461072065" lon="6.893026885"><ele>2271.0</ele></trkpt>
      <trkpt lat="45.461249594" lon="6.893229978"><ele>2265.0</ele></trkpt>
      <trkpt lat="45.461462997" lon="6.893308097"><ele>2262.0</ele></trkpt>
      <trkpt lat="45.461605573" lon="6.893375739"><ele>2259.0</ele></trkpt>
      <trkpt lat="45.461647063" lon="6.893340787"><ele>2261.0</ele></trkpt>
      <trkpt lat="45.461972868" lon="6.893270882"><ele>2259.0</ele></trkpt>
      <trkpt lat="45.462228935" lon="6.893261997"><ele>2254.0</ele></trkpt>
      <trkpt lat="45.462367069" lon="6.893318407"><ele>2253.0</ele></trkpt>
      <trkpt lat="45.462514171" lon="6.893402059"><ele>2251.0</ele></trkpt>
      <trkpt lat="45.462636128" lon="6.893492667"><ele>2247.0</ele></trkpt>
      <trkpt lat="45.462769065" lon="6.893497864"><ele>2245.0</ele></trkpt>
      <trkpt lat="45.462858081" lon="6.893568859"><ele>2242.0</ele></trkpt>
      <trkpt lat="45.463023959" lon="6.893483279"><ele>2242.0</ele></trkpt>
      <trkpt lat="45.463114819" lon="6.893416476"><ele>2242.0</ele></trkpt>
      <trkpt lat="45.463188412" lon="6.893373476"><ele>2242.0</ele></trkpt>
      <trkpt lat="45.463257395" lon="6.893429887"><ele>2238.0</ele></trkpt>
      <trkpt lat="45.463279607" lon="6.893617474"><ele>2233.0</ele></trkpt>
      <trkpt lat="45.463274829" lon="6.893774718"><ele>2230.0</ele></trkpt>
      <trkpt lat="45.46325027" lon="6.894021397"><ele>2225.0</ele></trkpt>
      <trkpt lat="45.46323644" lon="6.894080406"><ele>2223.0</ele></trkpt>
      <trkpt lat="45.46320769" lon="6.894133883"><ele>2221.0</ele></trkpt>
      <trkpt lat="45.463169469" lon="6.894185515"><ele>2218.0</ele></trkpt>
      <trkpt lat="45.46313812" lon="6.894237986"><ele>2217.0</ele></trkpt>
      <trkpt lat="45.463120267" lon="6.894279895"><ele>2215.0</ele></trkpt>
      <trkpt lat="45.463059582" lon="6.894303281"><ele>2213.0</ele></trkpt>
      <trkpt lat="45.463001495" lon="6.894346112"><ele>2213.0</ele></trkpt>
      <trkpt lat="45.462961262" lon="6.89444242"><ele>2210.0</ele></trkpt>
      <trkpt lat="45.462899823" lon="6.894526239"><ele>2209.0</ele></trkpt>
      <trkpt lat="45.462869816" lon="6.894611819"><ele>2207.0</ele></trkpt>
      <trkpt lat="45.462814495" lon="6.894665295"><ele>2206.0</ele></trkpt>
      <trkpt lat="45.462718774" lon="6.894711563"><ele>2204.0</ele></trkpt>
      <trkpt lat="45.462665884" lon="6.894769398"><ele>2203.0</ele></trkpt>
      <trkpt lat="45.462605199" lon="6.894798232"><ele>2202.0</ele></trkpt>
      <trkpt lat="45.462556835" lon="6.89486403"><ele>2200.0</ele></trkpt>
      <trkpt lat="45.46250294" lon="6.894881632"><ele>2199.0</ele></trkpt>
      <trkpt lat="45.462454492" lon="6.894947262"><ele>2198.0</ele></trkpt>
      <trkpt lat="45.462401686" lon="6.895016329"><ele>2196.0</ele></trkpt>
      <trkpt lat="45.462338738" lon="6.895085229"><ele>2194.0</ele></trkpt>
      <trkpt lat="45.462285765" lon="6.895133341"><ele>2193.0</ele></trkpt>
      <trkpt lat="45.46227227" lon="6.895173406"><ele>2192.0</ele></trkpt>
      <trkpt lat="45.462291464" lon="6.895276001"><ele>2190.0</ele></trkpt>
      <trkpt lat="45.462311665" lon="6.895327298"><ele>2188.0</ele></trkpt>
      <trkpt lat="45.462366818" lon="6.89533853"><ele>2188.0</ele></trkpt>
      <trkpt lat="45.462447787" lon="6.895330483"><ele>2188.0</ele></trkpt>
      <trkpt lat="45.462525403" lon="6.895348169"><ele>2187.0</ele></trkpt>
      <trkpt lat="45.462562535" lon="6.89543467"><ele>2186.0</ele></trkpt>
      <trkpt lat="45.462582735" lon="6.895494098"><ele>2184.0</ele></trkpt>
      <trkpt lat="45.462577119" lon="6.895638434"><ele>2180.0</ele></trkpt>
      <trkpt lat="45.462593967" lon="6.895821076"><ele>2176.0</ele></trkpt>
      <trkpt lat="45.462645683" lon="6.895925431"><ele>2174.0</ele></trkpt>
      <trkpt lat="45.462711984" lon="6.896023164"><ele>2173.0</ele></trkpt>
      <trkpt lat="45.462814411" lon="6.896087285"><ele>2174.0</ele></trkpt>
      <trkpt lat="45.462925723" lon="6.896146629"><ele>2173.0</ele></trkpt>
      <trkpt lat="45.463022366" lon="6.896223575"><ele>2171.0</ele></trkpt>
      <trkpt lat="45.463080872" lon="6.896255594"><ele>2170.0</ele></trkpt>
      <trkpt lat="45.463155136" lon="6.896350225"><ele>2168.0</ele></trkpt>
      <trkpt lat="45.463293437" lon="6.89639993"><ele>2168.0</ele></trkpt>
      <trkpt lat="45.463494686" lon="6.896526581"><ele>2167.0</ele></trkpt>
      <trkpt lat="45.463587977" lon="6.89659548"><ele>2167.0</ele></trkpt>
      <trkpt lat="45.463693673" lon="6.8966565"><ele>2166.0</ele></trkpt>
      <trkpt lat="45.463783694" lon="6.896770326"><ele>2164.0</ele></trkpt>
      <trkpt lat="45.463913027" lon="6.896860097"><ele>2163.0</ele></trkpt>
      <trkpt lat="45.464013107" lon="6.896983478"><ele>2161.0</ele></trkpt>
      <trkpt lat="45.464073792" lon="6.89705573"><ele>2160.0</ele></trkpt>
      <trkpt lat="45.464128861" lon="6.897094203"><ele>2159.0</ele></trkpt>
      <trkpt lat="45.464245873" lon="6.897131084"><ele>2159.0</ele></trkpt>
      <trkpt lat="45.464313263" lon="6.897179196"><ele>2157.0</ele></trkpt>
      <trkpt lat="45.464386437" lon="6.897233678"><ele>2156.0</ele></trkpt>
      <trkpt lat="45.464518033" lon="6.8972978"><ele>2154.0</ele></trkpt>
      <trkpt lat="45.464619203" lon="6.897355467"><ele>2153.0</ele></trkpt>
      <trkpt lat="45.464729425" lon="6.897446914"><ele>2150.0</ele></trkpt>
      <trkpt lat="45.464805868" lon="6.89754473"><ele>2146.0</ele></trkpt>
      <trkpt lat="45.464925058" lon="6.897596028"><ele>2144.0</ele></trkpt>
      <trkpt lat="45.465013906" lon="6.897629723"><ele>2143.0</ele></trkpt>
      <trkpt lat="45.465058917" lon="6.89768102"><ele>2141.0</ele></trkpt>
      <trkpt lat="45.465078028" lon="6.897721086"><ele>2140.0</ele></trkpt>
      <trkpt lat="45.465116166" lon="6.897749919"><ele>2140.0</ele></trkpt>
      <trkpt lat="45.465041986" lon="6.897809263"><ele>2137.0</ele></trkpt>
      <trkpt lat="45.465207277" lon="6.897945469"><ele>2132.0</ele></trkpt>
      <trkpt lat="45.465252288" lon="6.897990396"><ele>2131.0</ele></trkpt>
      <trkpt lat="45.46535681" lon="6.898017721"><ele>2131.0</ele></trkpt>
      <trkpt lat="45.465452364" lon="6.898102714"><ele>2128.0</ele></trkpt>
      <trkpt lat="45.465572728" lon="6.898182761"><ele>2126.0</ele></trkpt>
      <trkpt lat="45.465676161" lon="6.898232466"><ele>2124.0</ele></trkpt>
      <trkpt lat="45.465800967" lon="6.898242189"><ele>2124.0</ele></trkpt>
      <trkpt lat="45.465865089" lon="6.898278985"><ele>2123.0</ele></trkpt>
      <trkpt lat="45.465910099" lon="6.898391303"><ele>2120.0</ele></trkpt>
      <trkpt lat="45.465952763" lon="6.898434637"><ele>2119.0</ele></trkpt>
      <trkpt lat="45.466011269" lon="6.898477804"><ele>2118.0</ele></trkpt>
      <trkpt lat="45.466012359" lon="6.898535639"><ele>2116.0</ele></trkpt>
      <trkpt lat="45.466044964" lon="6.898627002"><ele>2113.0</ele></trkpt>
      <trkpt lat="45.466023674" lon="6.89870554"><ele>2110.0</ele></trkpt>
      <trkpt lat="45.465958379" lon="6.898742421"><ele>2108.0</ele></trkpt>
      <trkpt lat="45.46603038" lon="6.898825821"><ele>2106.0</ele></trkpt>
      <trkpt lat="45.466122078" lon="6.898946688"><ele>2105.0</ele></trkpt>
      <trkpt lat="45.466096764" lon="6.899016425"><ele>2102.0</ele></trkpt>
      <trkpt lat="45.466071619" lon="6.899080379"><ele>2100.0</ele></trkpt>
      <trkpt lat="45.466146301" lon="6.899314318"><ele>2097.0</ele></trkpt>
      <trkpt lat="45.466178823" lon="6.899537109"><ele>2094.0</ele></trkpt>
      <trkpt lat="45.466151666" lon="6.89973224"><ele>2091.0</ele></trkpt>
      <trkpt lat="45.466207908" lon="6.899759984"><ele>2092.0</ele></trkpt>
      <trkpt lat="45.466174968" lon="6.899829805"><ele>2091.0</ele></trkpt>
      <trkpt lat="45.466258703" lon="6.900041699"><ele>2090.0</ele></trkpt>
      <trkpt lat="45.46621738" lon="6.900075981"><ele>2090.0</ele></trkpt>
      <trkpt lat="45.466091987" lon="6.89979611"><ele>2090.0</ele></trkpt>
      <trkpt lat="45.46604027" lon="6.899681697"><ele>2090.0</ele></trkpt>
      <trkpt lat="45.465930803" lon="6.899743304"><ele>2089.0</ele></trkpt>
      <trkpt lat="45.465980675" lon="6.899844892"><ele>2089.0</ele></trkpt>
      <trkpt lat="45.466046473" lon="6.899980092"><ele>2089.0</ele></trkpt>
      <trkpt lat="45.466131214" lon="6.900136163"><ele>2089.0</ele></trkpt>
      <trkpt lat="45.466279322" lon="6.900443025"><ele>2089.0</ele></trkpt>
      <trkpt lat="45.46602" lon="6.90054"><ele>2086.0098232796</ele></trkpt>
      <trkpt lat="45.46596" lon="6.90044"><ele>2085.9834870411</ele></trkpt>
      <trkpt lat="45.46589" lon="6.90038"><ele>2085.8344001886</ele></trkpt>
      <trkpt lat="45.46584" lon="6.90033"><ele>2085.6682761556</ele></trkpt>
      <trkpt lat="45.4658" lon="6.90027"><ele>2085.5353770353</ele></trkpt>
      <trkpt lat="45.46579" lon="6.90014"><ele>2085.50215227</ele></trkpt>
      <trkpt lat="45.46579" lon="6.89994"><ele>2085.6914056079</ele></trkpt>
      <trkpt lat="45.46579" lon="6.89994"><ele>2085.6914056079</ele></trkpt>
      <trkpt lat="45.46582" lon="6.8998"><ele>2086.204710231</ele></trkpt>
      <trkpt lat="45.46583" lon="6.89976"><ele>2086.4274214116</ele></trkpt>
      <trkpt lat="45.46582" lon="6.89971"><ele>2086.6316139872</ele></trkpt>
      <trkpt lat="45.46573" lon="6.89951"><ele>2086.2915401761</ele></trkpt>
      <trkpt lat="45.46563" lon="6.89927"><ele>2088.8089578884</ele></trkpt>
      <trkpt lat="45.46554" lon="6.89913"><ele>2089.5456226316</ele></trkpt>
      <trkpt lat="45.46544" lon="6.89905"><ele>2090.2542126446</ele></trkpt>
      <trkpt lat="45.46522" lon="6.89894"><ele>2090.7850056302</ele></trkpt>
      <trkpt lat="45.46496" lon="6.89885"><ele>2090.7755274724</ele></trkpt>
      <trkpt lat="45.46481" lon="6.89884"><ele>2089.549252482</ele></trkpt>
      <trkpt lat="45.46468" lon="6.89889"><ele>2089.1036139489</ele></trkpt>
      <trkpt lat="45.46458" lon="6.89897"><ele>2089.0408540559</ele></trkpt>
      <trkpt lat="45.4645" lon="6.89911"><ele>2088.9769300498</ele></trkpt>
      <trkpt lat="45.4644" lon="6.89924"><ele>2089.721700155</ele></trkpt>
      <trkpt lat="45.46417" lon="6.89932"><ele>2090.4361440217</ele></trkpt>
      <trkpt lat="45.46402" lon="6.89939"><ele>2090.2607308248</ele></trkpt>
      <trkpt lat="45.46395" lon="6.89946"><ele>2089.169800413</ele></trkpt>
      <trkpt lat="45.46385" lon="6.89952"><ele>2088.6695962561</ele></trkpt>
      <trkpt lat="45.46384" lon="6.89952"><ele>2088.6773792647</ele></trkpt>
      <trkpt lat="45.46374" lon="6.89962"><ele>2088.4109968907</ele></trkpt>
      <trkpt lat="45.46359" lon="6.89981"><ele>2089.5118667717</ele></trkpt>
      <trkpt lat="45.46346" lon="6.89996"><ele>2090.1087872828</ele></trkpt>
      <trkpt lat="45.46331" lon="6.90021"><ele>2089.300735561</ele></trkpt>
      <trkpt lat="45.46318" lon="6.90052"><ele>2088.0152676621</ele></trkpt>
      <trkpt lat="45.46306" lon="6.90076"><ele>2087.3425601893</ele></trkpt>
      <trkpt lat="45.46301" lon="6.90079"><ele>2087.4620411104</ele></trkpt>
      <trkpt lat="45.46296" lon="6.90079"><ele>2087.7941624635</ele></trkpt>
      <trkpt lat="45.46292" lon="6.90079"><ele>2087.99350096</ele></trkpt>
      <trkpt lat="45.4629" lon="6.90079"><ele>2088.0931701553</ele></trkpt>
      <trkpt lat="45.46288" lon="6.9008"><ele>2088.1413981942</ele></trkpt>
      <trkpt lat="45.46284" lon="6.90089"><ele>2088.1787524621</ele></trkpt>
      <trkpt lat="45.46282" lon="6.90094"><ele>2088.1221539556</ele></trkpt>
      <trkpt lat="45.46267" lon="6.90083"><ele>2088.2503132444</ele></trkpt>
      <trkpt lat="45.46258" lon="6.90077"><ele>2088.4717830309</ele></trkpt>
      <trkpt lat="45.46252" lon="6.90072"><ele>2088.6946367709</ele></trkpt>
      <trkpt lat="45.46246" lon="6.9007"><ele>2088.8377803091</ele></trkpt>
      <trkpt lat="45.46239" lon="6.90067"><ele>2089.0938701699</ele></trkpt>
      <trkpt lat="45.4623" lon="6.9006"><ele>2089.5513134422</ele></trkpt>
      <trkpt lat="45.46224" lon="6.90055"><ele>2089.752166578</ele></trkpt>
      <trkpt lat="45.46216" lon="6.90048"><ele>2089.9283487846</ele></trkpt>
      <trkpt lat="45.46208" lon="6.90043"><ele>2090.0389198911</ele></trkpt>
      <trkpt lat="45.46198" lon="6.90039"><ele>2090.0629504</ele></trkpt>
      <trkpt lat="45.46184" lon="6.90037"><ele>2090.0862520889</ele></trkpt>
      <trkpt lat="45.46174" lon="6.9004"><ele>2090.0916913616</ele></trkpt>
      <trkpt lat="45.46166" lon="6.9005"><ele>2090.1595859876</ele></trkpt>
      <trkpt lat="45.46153" lon="6.90061"><ele>2090.4510617475</ele></trkpt>
      <trkpt lat="45.4614" lon="6.90068"><ele>2091.3344380547</ele></trkpt>
      <trkpt lat="45.46128" lon="6.9007"><ele>2092.2522662853</ele></trkpt>
      <trkpt lat="45.46116" lon="6.9007"><ele>2093.4372946562</ele></trkpt>
      <trkpt lat="45.4609" lon="6.90066"><ele>2095.6166194053</ele></trkpt>
      <trkpt lat="45.46077" lon="6.90062"><ele>2096.333979898</ele></trkpt>
      <trkpt lat="45.46068" lon="6.90053"><ele>2096.5503480077</ele></trkpt>
      <trkpt lat="45.46056" lon="6.90046"><ele>2096.8294089918</ele></trkpt>
      <trkpt lat="45.46044" lon="6.90042"><ele>2097.1162564647</ele></trkpt>
      <trkpt lat="45.46038" lon="6.90036"><ele>2097.2615667576</ele></trkpt>
      <trkpt lat="45.4603" lon="6.90027"><ele>2097.3318330884</ele></trkpt>
      <trkpt lat="45.46024" lon="6.90019"><ele>2097.3271466921</ele></trkpt>
      <trkpt lat="45.46016" lon="6.90012"><ele>2097.1674304001</ele></trkpt>
      <trkpt lat="45.46005" lon="6.90003"><ele>2097.7370741375</ele></trkpt>
      <trkpt lat="45.45994" lon="6.89996"><ele>2098.1915031495</ele></trkpt>
      <trkpt lat="45.45985" lon="6.89989"><ele>2098.6642171911</ele></trkpt>
      <trkpt lat="45.45982" lon="6.89987"><ele>2098.7937739872</ele></trkpt>
      <trkpt lat="45.45974" lon="6.89982"><ele>2099.1850571707</ele></trkpt>
      <trkpt lat="45.45966" lon="6.89975"><ele>2099.749644965</ele></trkpt>
      <trkpt lat="45.45959" lon="6.8997"><ele>2100.2876271877</ele></trkpt>
      <trkpt lat="45.45937" lon="6.89953"><ele>2101.4927116302</ele></trkpt>
      <trkpt lat="45.45926" lon="6.89945"><ele>2101.8535672342</ele></trkpt>
      <trkpt lat="45.45891" lon="6.8993"><ele>2103.2024415327</ele></trkpt>
      <trkpt lat="45.45885" lon="6.89928"><ele>2103.5384644075</ele></trkpt>
      <trkpt lat="45.45875" lon="6.8994"><ele>2104.8531702807</ele></trkpt>
      <trkpt lat="45.45872" lon="6.89942"><ele>2105.7533948123</ele></trkpt>
      <trkpt lat="45.45862" lon="6.89956"><ele>2108.9428804796</ele></trkpt>
      <trkpt lat="45.45856" lon="6.89969"><ele>2112.1829287064</ele></trkpt>
      <trkpt lat="45.45851" lon="6.89982"><ele>2115.505643448</ele></trkpt>
      <trkpt lat="45.45869" lon="6.89995"><ele>2115.8370671966</ele></trkpt>
      <trkpt lat="45.45887" lon="6.90007"><ele>2115.7390197982</ele></trkpt>
      <trkpt lat="45.45901" lon="6.90022"><ele>2116.2638327359</ele></trkpt>
      <trkpt lat="45.45911" lon="6.90039"><ele>2117.3841680016</ele></trkpt>
      <trkpt lat="45.45919" lon="6.90057"><ele>2118.3465046652</ele></trkpt>
      <trkpt lat="45.45924" lon="6.90072"><ele>2119.200727461</ele></trkpt>
      <trkpt lat="45.45927" lon="6.90085"><ele>2119.6370082252</ele></trkpt>
      <trkpt lat="45.45929" lon="6.90104"><ele>2120.7601204551</ele></trkpt>
      <trkpt lat="45.45928" lon="6.90114"><ele>2121.3369505143</ele></trkpt>
      <trkpt lat="45.45928" lon="6.90122"><ele>2121.3374779311</ele></trkpt>
      <trkpt lat="45.45925" lon="6.90136"><ele>2122.4938127666</ele></trkpt>
      <trkpt lat="45.45919" lon="6.90152"><ele>2123.051257688</ele></trkpt>
      <trkpt lat="45.45912" lon="6.90163"><ele>2123.8374280992</ele></trkpt>
      <trkpt lat="45.45908" lon="6.9017"><ele>2123.9432585714</ele></trkpt>
      <trkpt lat="45.45903" lon="6.90173"><ele>2124.9627344543</ele></trkpt>
      <trkpt lat="45.45895" lon="6.90178"><ele>2126.4610542308</ele></trkpt>
      <trkpt lat="45.45886" lon="6.90183"><ele>2127.9676979984</ele></trkpt>
      <trkpt lat="45.4588" lon="6.90184"><ele>2129.1518581847</ele></trkpt>
      <trkpt lat="45.45871" lon="6.90183"><ele>2131.5646905951</ele></trkpt>
      <trkpt lat="45.45862" lon="6.90182"><ele>2133.3845059586</ele></trkpt>
      <trkpt lat="45.45846" lon="6.90173"><ele>2135.5665189593</ele></trkpt>
      <trkpt lat="45.45837" lon="6.90166"><ele>2135.4540352665</ele></trkpt>
      <trkpt lat="45.45831" lon="6.90159"><ele>2135.105161256</ele></trkpt>
      <trkpt lat="45.45822" lon="6.90151"><ele>2134.0690538591</ele></trkpt>
      <trkpt lat="45.45817" lon="6.90147"><ele>2133.7344977613</ele></trkpt>
      <trkpt lat="45.4581" lon="6.90152"><ele>2132.9259979189</ele></trkpt>
      <trkpt lat="45.45785" lon="6.90186"><ele>2133.5074412625</ele></trkpt>
      <trkpt lat="45.45778" lon="6.90196"><ele>2134.4829125277</ele></trkpt>
      <trkpt lat="45.45768" lon="6.9021"><ele>2135.6790443793</ele></trkpt>
      <trkpt lat="45.45763" lon="6.90214"><ele>2136.1295226405</ele></trkpt>
      <trkpt lat="45.45758" lon="6.90216"><ele>2136.507359194</ele></trkpt>
      <trkpt lat="45.45753" lon="6.90216"><ele>2136.6977471999</ele></trkpt>
      <trkpt lat="45.45749" lon="6.90214"><ele>2136.6278421334</ele></trkpt>
      <trkpt lat="45.45744" lon="6.90212"><ele>2136.5579370666</ele></trkpt>
      <trkpt lat="45.45739" lon="6.90209"><ele>2136.4530794666</ele></trkpt>
      <trkpt lat="45.45733" lon="6.90205"><ele>2136.3513201407</ele></trkpt>
      <trkpt lat="45.45726" lon="6.90203"><ele>2136.5836188371</ele></trkpt>
      <trkpt lat="45.45717" lon="6.902"><ele>2137.0942060572</ele></trkpt>
      <trkpt lat="45.4568" lon="6.902"><ele>2138.7773633278</ele></trkpt>
      <trkpt lat="45.45664" lon="6.902"><ele>2139.4086197716</ele></trkpt>
      <trkpt lat="45.45642" lon="6.902"><ele>2140.3774592304</ele></trkpt>
      <trkpt lat="45.45598" lon="6.90198"><ele>2141.9634552383</ele></trkpt>
      <trkpt lat="45.45596" lon="6.90198"><ele>2141.9686016</ele></trkpt>
      <trkpt lat="45.45558" lon="6.90196"><ele>2142.5159552007</ele></trkpt>
      <trkpt lat="45.45523" lon="6.90195"><ele>2145.905197021</ele></trkpt>
      <trkpt lat="45.45513" lon="6.90196"><ele>2147.3268949294</ele></trkpt>
      <trkpt lat="45.45507" lon="6.90197"><ele>2147.8242006093</ele></trkpt>
      <trkpt lat="45.45501" lon="6.90198"><ele>2148.0846780604</ele></trkpt>
      <trkpt lat="45.45499" lon="6.90199"><ele>2148.2216552299</ele></trkpt>
      <trkpt lat="45.45496" lon="6.902"><ele>2148.4293922073</ele></trkpt>
      <trkpt lat="45.45491" lon="6.90202"><ele>2148.7950383997</ele></trkpt>
      <trkpt lat="45.45485" lon="6.90202"><ele>2148.6930646892</ele></trkpt>
      <trkpt lat="45.45411" lon="6.90179"><ele>2144.9459245071</ele></trkpt>
      <trkpt lat="45.45405" lon="6.90177"><ele>2145.1134555017</ele></trkpt>
      <trkpt lat="45.4539" lon="6.90172"><ele>2145.6021332338</ele></trkpt>
      <trkpt lat="45.45382" lon="6.90168"><ele>2145.8073933206</ele></trkpt>
      <trkpt lat="45.45376" lon="6.90163"><ele>2145.5622703678</ele></trkpt>
      <trkpt lat="45.45374" lon="6.90157"><ele>2144.8597499712</ele></trkpt>
      <trkpt lat="45.45366" lon="6.90133"><ele>2142.1174391719</ele></trkpt>
      <trkpt lat="45.45361" lon="6.90109"><ele>2139.4712164059</ele></trkpt>
      <trkpt lat="45.45351" lon="6.90113"><ele>2140.3797347247</ele></trkpt>
      <trkpt lat="45.45346" lon="6.90112"><ele>2140.6070522477</ele></trkpt>
      <trkpt lat="45.45333" lon="6.90105"><ele>2140.7306976564</ele></trkpt>
      <trkpt lat="45.45328" lon="6.90104"><ele>2141.0608653333</ele></trkpt>
      <trkpt lat="45.4532" lon="6.90104"><ele>2141.6240106098</ele></trkpt>
      <trkpt lat="45.45311" lon="6.90108"><ele>2142.3457471999</ele></trkpt>
      <trkpt lat="45.4531" lon="6.90112"><ele>2142.6253674665</ele></trkpt>
      <trkpt lat="45.45309" lon="6.90119"><ele>2143.1147029335</ele></trkpt>
      <trkpt lat="45.45298" lon="6.9013"><ele>2143.5297250435</ele></trkpt>
      <trkpt lat="45.45264" lon="6.90145"><ele>2141.3819166254</ele></trkpt>
      <trkpt lat="45.45241" lon="6.90162"><ele>2141.8010617136</ele></trkpt>
      <trkpt lat="45.4523" lon="6.9017"><ele>2142.9801545381</ele></trkpt>
      <trkpt lat="45.45198" lon="6.90187"><ele>2145.6381201158</ele></trkpt>
      <trkpt lat="45.45189" lon="6.90188"><ele>2145.4556791655</ele></trkpt>
      <trkpt lat="45.45178" lon="6.90186"><ele>2144.9624414098</ele></trkpt>
      <trkpt lat="45.45169" lon="6.90183"><ele>2144.7171042834</ele></trkpt>
      <trkpt lat="45.45165" lon="6.90187"><ele>2145.010083806</ele></trkpt>
      <trkpt lat="45.4515" lon="6.90192"><ele>2145.6570400403</ele></trkpt>
      <trkpt lat="45.45143" lon="6.90197"><ele>2146.1095628127</ele></trkpt>
      <trkpt lat="45.45139" lon="6.902"><ele>2146.455778954</ele></trkpt>
      <trkpt lat="45.45129" lon="6.90212"><ele>2148.0595312309</ele></trkpt>
      <trkpt lat="45.45123" lon="6.90224"><ele>2149.1432066922</ele></trkpt>
      <trkpt lat="45.45121" lon="6.90236"><ele>2150.1172891456</ele></trkpt>
      <trkpt lat="45.45118" lon="6.90253"><ele>2152.0065043563</ele></trkpt>
      <trkpt lat="45.45116" lon="6.90264"><ele>2153.4193542877</ele></trkpt>
      <trkpt lat="45.45112" lon="6.90271"><ele>2154.6282255123</ele></trkpt>
      <trkpt lat="45.45107" lon="6.90274"><ele>2155.101233003</ele></trkpt>
      <trkpt lat="45.45085" lon="6.90301"><ele>2158.7014781953</ele></trkpt>
      <trkpt lat="45.45051" lon="6.90349"><ele>2162.7142218813</ele></trkpt>
      <trkpt lat="45.45045" lon="6.90378"><ele>2164.8096169732</ele></trkpt>
      <trkpt lat="45.45038" lon="6.9039"><ele>2165.8083701341</ele></trkpt>
      <trkpt lat="45.45045" lon="6.9039"><ele>2165.7596137536</ele></trkpt>
      <trkpt lat="45.45052" lon="6.90388"><ele>2165.816967942</ele></trkpt>
      <trkpt lat="45.45055" lon="6.90387"><ele>2165.9769468927</ele></trkpt>
      <trkpt lat="45.45056" lon="6.90392"><ele>2166.6171589814</ele></trkpt>
      <trkpt lat="45.45049" lon="6.90425"><ele>2170.0178848028</ele></trkpt>
      <trkpt lat="45.45048" lon="6.90436"><ele>2172.2895978759</ele></trkpt>
      <trkpt lat="45.45043" lon="6.90455"><ele>2175.7278634022</ele></trkpt>
      <trkpt lat="45.45043" lon="6.90456"><ele>2175.9347670283</ele></trkpt>
      <trkpt lat="45.45042" lon="6.90467"><ele>2178.0533936538</ele></trkpt>
      <trkpt lat="45.45043" lon="6.9048"><ele>2180.9004540602</ele></trkpt>
      <trkpt lat="45.45047" lon="6.905"><ele>2185.0199957429</ele></trkpt>
      <trkpt lat="45.4505" lon="6.9051"><ele>2187.2773823632</ele></trkpt>
      <trkpt lat="45.45057" lon="6.90532"><ele>2191.7558511146</ele></trkpt>
      <trkpt lat="45.4506" lon="6.90542"><ele>2193.6561859994</ele></trkpt>
      <trkpt lat="45.45061" lon="6.90547"><ele>2194.5360346623</ele></trkpt>
      <trkpt lat="45.45064" lon="6.90553"><ele>2195.9491267012</ele></trkpt>
      <trkpt lat="45.45066" lon="6.9055"><ele>2196.0058439014</ele></trkpt>
      <trkpt lat="45.45069" lon="6.90542"><ele>2195.6698246386</ele></trkpt>
      <trkpt lat="45.45071" lon="6.90541"><ele>2196.0445290272</ele></trkpt>
      <trkpt lat="45.45073" lon="6.90543"><ele>2196.7845728402</ele></trkpt>
      <trkpt lat="45.45078" lon="6.90555"><ele>2199.4270155859</ele></trkpt>
      <trkpt lat="45.45079" lon="6.90558"><ele>2200.0256603352</ele></trkpt>
      <trkpt lat="45.45082" lon="6.90558"><ele>2200.7431367867</ele></trkpt>
      <trkpt lat="45.45088" lon="6.90556"><ele>2201.9741839991</ele></trkpt>
      <trkpt lat="45.45088" lon="6.90557"><ele>2202.079041599</ele></trkpt>
      <trkpt lat="45.45089" lon="6.9056"><ele>2202.6427342567</ele></trkpt>
      <trkpt lat="45.45089" lon="6.90571"><ele>2203.7948275239</ele></trkpt>
      <trkpt lat="45.45096" lon="6.90589"><ele>2207.2824308525</ele></trkpt>
      <trkpt lat="45.45095" lon="6.90593"><ele>2207.4061377075</ele></trkpt>
      <trkpt lat="45.45095" lon="6.90598"><ele>2207.8963360148</ele></trkpt>
      <trkpt lat="45.45092" lon="6.90614"><ele>2209.3386156334</ele></trkpt>
      <trkpt lat="45.45086" lon="6.90631"><ele>2211.7362498789</ele></trkpt>
      <trkpt lat="45.45079" lon="6.90642"><ele>2213.1850538014</ele></trkpt>
      <trkpt lat="45.45071" lon="6.90657"><ele>2216.0711117467</ele></trkpt>
      <trkpt lat="45.45063" lon="6.90672"><ele>2218.7376236976</ele></trkpt>
      <trkpt lat="45.45055" lon="6.90688"><ele>2220.7425922372</ele></trkpt>
      <trkpt lat="45.4505" lon="6.90702"><ele>2223.1663124677</ele></trkpt>
      <trkpt lat="45.45046" lon="6.90713"><ele>2224.9208804944</ele></trkpt>
      <trkpt lat="45.45043" lon="6.90724"><ele>2226.969444212</ele></trkpt>
      <trkpt lat="45.45044" lon="6.90729"><ele>2228.174848471</ele></trkpt>
      <trkpt lat="45.45044" lon="6.90737"><ele>2229.7335264086</ele></trkpt>
      <trkpt lat="45.4504" lon="6.90751"><ele>2231.88872693</ele></trkpt>
      <trkpt lat="45.45036" lon="6.90765"><ele>2234.2994250855</ele></trkpt>
      <trkpt lat="45.45031" lon="6.9078"><ele>2236.8548800002</ele></trkpt>
      <trkpt lat="45.45031" lon="6.90791"><ele>2238.6899725952</ele></trkpt>
      <trkpt lat="45.45033" lon="6.90806"><ele>2241.2827006869</ele></trkpt>
      <trkpt lat="45.45012" lon="6.90843"><ele>2248.9994685135</ele></trkpt>
      <trkpt lat="45.45001" lon="6.90865"><ele>2253.3075991288</ele></trkpt>
      <trkpt lat="45.44998" lon="6.90873"><ele>2254.5650794548</ele></trkpt>
      <trkpt lat="45.44983" lon="6.90896"><ele>2258.4552093852</ele></trkpt>
      <trkpt lat="45.44975" lon="6.90916"><ele>2261.3942291245</ele></trkpt>
      <trkpt lat="45.44969" lon="6.90945"><ele>2266.2727985722</ele></trkpt>
      <trkpt lat="45.44961" lon="6.90971"><ele>2270.4508640161</ele></trkpt>
      <trkpt lat="45.4495" lon="6.90997"><ele>2273.2969006458</ele></trkpt>
      <trkpt lat="45.44936" lon="6.91021"><ele>2276.3968832213</ele></trkpt>
      <trkpt lat="45.44918" lon="6.91049"><ele>2280.0259121973</ele></trkpt>
      <trkpt lat="45.44902" lon="6.91072"><ele>2281.2757620971</ele></trkpt>
      <trkpt lat="45.44895" lon="6.9108"><ele>2281.3481400174</ele></trkpt>
      <trkpt lat="45.4489" lon="6.91086"><ele>2281.448886948</ele></trkpt>
      <trkpt lat="45.44884" lon="6.91095"><ele>2281.9256627332</ele></trkpt>
      <trkpt lat="45.44877" lon="6.91115"><ele>2284.4622226229</ele></trkpt>
      <trkpt lat="45.44871" lon="6.91126"><ele>2285.90794232</ele></trkpt>
      <trkpt lat="45.44866" lon="6.91136"><ele>2287.04347464</ele></trkpt>
      <trkpt lat="45.44859" lon="6.91145"><ele>2287.2040218317</ele></trkpt>
      <trkpt lat="45.44856" lon="6.91151"><ele>2287.7564255722</ele></trkpt>
      <trkpt lat="45.44853" lon="6.91165"><ele>2290.1145139612</ele></trkpt>
      <trkpt lat="45.44852" lon="6.91179"><ele>2293.2453881576</ele></trkpt>
      <trkpt lat="45.44848" lon="6.91197"><ele>2297.0269930503</ele></trkpt>
      <trkpt lat="45.44845" lon="6.91211"><ele>2299.7031779434</ele></trkpt>
      <trkpt lat="45.44829" lon="6.91251"><ele>2303.3218788783</ele></trkpt>
      <trkpt lat="45.44819" lon="6.9128"><ele>2304.3723629352</ele></trkpt>
      <trkpt lat="45.44813" lon="6.91291"><ele>2303.6001353429</ele></trkpt>
      <trkpt lat="45.44811" lon="6.91299"><ele>2304.1468018079</ele></trkpt>
      <trkpt lat="45.44806" lon="6.91303"><ele>2302.8763868645</ele></trkpt>
      <trkpt lat="45.44802" lon="6.91311"><ele>2303.1075796818</ele></trkpt>
      <trkpt lat="45.44801" lon="6.91325"><ele>2306.1369640959</ele></trkpt>
      <trkpt lat="45.44802" lon="6.91333"><ele>2308.4464208525</ele></trkpt>
      <trkpt lat="45.44801" lon="6.91344"><ele>2310.6727829875</ele></trkpt>
      <trkpt lat="45.44799" lon="6.91355"><ele>2312.5124256932</ele></trkpt>
      <trkpt lat="45.44788" lon="6.91371"><ele>2311.4002996236</ele></trkpt>
      <trkpt lat="45.44787" lon="6.91382"><ele>2312.6984407329</ele></trkpt>
      <trkpt lat="45.44785" lon="6.91396"><ele>2313.9958320627</ele></trkpt>
      <trkpt lat="45.44779" lon="6.91405"><ele>2313.2540095216</ele></trkpt>
      <trkpt lat="45.44777" lon="6.91416"><ele>2314.2800301587</ele></trkpt>
      <trkpt lat="45.44776" lon="6.91429"><ele>2316.1091539467</ele></trkpt>
      <trkpt lat="45.44773" lon="6.9144"><ele>2317.5760552629</ele></trkpt>
      <trkpt lat="45.44763" lon="6.91463"><ele>2319.8752450518</ele></trkpt>
      <trkpt lat="45.4476" lon="6.91478"><ele>2323.8762285131</ele></trkpt>
      <trkpt lat="45.44752" lon="6.91486"><ele>2323.1623136363</ele></trkpt>
      <trkpt lat="45.44741" lon="6.91491"><ele>2320.2670229434</ele></trkpt>
      <trkpt lat="45.44732" lon="6.91496"><ele>2317.8102099068</ele></trkpt>
      <trkpt lat="45.44725" lon="6.91506"><ele>2318.3772570703</ele></trkpt>
      <trkpt lat="45.44721" lon="6.91514"><ele>2319.6550782711</ele></trkpt>
      <trkpt lat="45.4472" lon="6.91522"><ele>2322.5409494329</ele></trkpt>
      <trkpt lat="45.4472" lon="6.91531"><ele>2326.5006345858</ele></trkpt>
      <trkpt lat="45.44715" lon="6.91537"><ele>2327.1451703379</ele></trkpt>
      <trkpt lat="45.44709" lon="6.91538"><ele>2325.3106391209</ele></trkpt>
      <trkpt lat="45.44702" lon="6.91541"><ele>2324.0632467262</ele></trkpt>
      <trkpt lat="45.44697" lon="6.9155"><ele>2326.5781281163</ele></trkpt>
      <trkpt lat="45.44696" lon="6.91559"><ele>2330.3778776425</ele></trkpt>
      <trkpt lat="45.44696" lon="6.91572"><ele>2336.0220846248</ele></trkpt>
      <trkpt lat="45.44694" lon="6.91576"><ele>2337.1702412221</ele></trkpt>
      <trkpt lat="45.44685" lon="6.91581"><ele>2337.2399415356</ele></trkpt>
      <trkpt lat="45.44679" lon="6.91583"><ele>2336.7123539096</ele></trkpt>
      <trkpt lat="45.44672" lon="6.91589"><ele>2337.7378095041</ele></trkpt>
      <trkpt lat="45.44665" lon="6.91597"><ele>2339.5395384289</ele></trkpt>
      <trkpt lat="45.44661" lon="6.91603"><ele>2341.3180274594</ele></trkpt>
      <trkpt lat="45.44659" lon="6.91608"><ele>2343.1635211809</ele></trkpt>
      <trkpt lat="45.44654" lon="6.91611"><ele>2343.4647920702</ele></trkpt>
      <trkpt lat="45.44648" lon="6.91611"><ele>2341.7245844541</ele></trkpt>
      <trkpt lat="45.44638" lon="6.91623"><ele>2343.1914754899</ele></trkpt>
      <trkpt lat="45.44631" lon="6.91634"><ele>2344.8302654915</ele></trkpt>
      <trkpt lat="45.44621" lon="6.91641"><ele>2343.8064427315</ele></trkpt>
      <trkpt lat="45.44614" lon="6.91651"><ele>2345.1167816098</ele></trkpt>
      <trkpt lat="45.44607" lon="6.91661"><ele>2346.7679846175</ele></trkpt>
      <trkpt lat="45.44605" lon="6.91676"><ele>2352.0842716328</ele></trkpt>
      <trkpt lat="45.44604" lon="6.9169"><ele>2357.8394235798</ele></trkpt>
      <trkpt lat="45.44602" lon="6.91698"><ele>2361.1072948303</ele></trkpt>
      <trkpt lat="45.44603" lon="6.91699"><ele>2361.6459361562</ele></trkpt>
      <trkpt lat="45.4461" lon="6.91693"><ele>2359.9479583599</ele></trkpt>
      <trkpt lat="45.44614" lon="6.91688"><ele>2358.4775922359</ele></trkpt>
      <trkpt lat="45.44615" lon="6.91692"><ele>2360.2758921826</ele></trkpt>
      <trkpt lat="45.44603" lon="6.91712"><ele>2367.4121549101</ele></trkpt>
      <trkpt lat="45.44587" lon="6.91736"><ele>2376.9474307683</ele></trkpt>
      <trkpt lat="45.44578" lon="6.91745"><ele>2379.9299194708</ele></trkpt>
      <trkpt lat="45.44568" lon="6.91749"><ele>2380.2745705334</ele></trkpt>
      <trkpt lat="45.4456" lon="6.9175"><ele>2379.7578279048</ele></trkpt>
      <trkpt lat="45.44558" lon="6.9175"><ele>2379.7766632885</ele></trkpt>
      <trkpt lat="45.44549" lon="6.91749"><ele>2379.3525107124</ele></trkpt>
      <trkpt lat="45.44541" lon="6.91756"><ele>2382.8320765634</ele></trkpt>
      <trkpt lat="45.44522" lon="6.91781"><ele>2392.6981692793</ele></trkpt>
      <trkpt lat="45.44514" lon="6.91789"><ele>2394.6775706201</ele></trkpt>
      <trkpt lat="45.44507" lon="6.91802"><ele>2397.5915827249</ele></trkpt>
      <trkpt lat="45.44499" lon="6.91813"><ele>2399.3762014012</ele></trkpt>
      <trkpt lat="45.44493" lon="6.91826"><ele>2401.893601977</ele></trkpt>
      <trkpt lat="45.44488" lon="6.9184"><ele>2404.5657597711</ele></trkpt>
      <trkpt lat="45.44473" lon="6.91869"><ele>2408.2041375637</ele></trkpt>
      <trkpt lat="45.44465" lon="6.91885"><ele>2411.5303061925</ele></trkpt>
      <trkpt lat="45.44458" lon="6.91899"><ele>2413.8731585335</ele></trkpt>
      <trkpt lat="45.44454" lon="6.91908"><ele>2415.4321762239</ele></trkpt>
      <trkpt lat="45.4445" lon="6.91922"><ele>2418.3036237168</ele></trkpt>
      <trkpt lat="45.44444" lon="6.91935"><ele>2420.6060850539</ele></trkpt>
      <trkpt lat="45.44437" lon="6.91945"><ele>2421.8048256368</ele></trkpt>
      <trkpt lat="45.44432" lon="6.91956"><ele>2422.6970088077</ele></trkpt>
      <trkpt lat="45.44426" lon="6.91968"><ele>2423.5336752433</ele></trkpt>
      <trkpt lat="45.44418" lon="6.91976"><ele>2424.0503445237</ele></trkpt>
      <trkpt lat="45.44401" lon="6.92004"><ele>2426.2413010468</ele></trkpt>
      <trkpt lat="45.44395" lon="6.9202"><ele>2427.3575316484</ele></trkpt>
      <trkpt lat="45.44388" lon="6.92032"><ele>2428.5333116201</ele></trkpt>
      <trkpt lat="45.44383" lon="6.92035"><ele>2429.2803316485</ele></trkpt>
      <trkpt lat="45.44372" lon="6.92039"><ele>2430.8138370563</ele></trkpt>
      <trkpt lat="45.44359" lon="6.9205"><ele>2434.1277376148</ele></trkpt>
      <trkpt lat="45.44355" lon="6.92056"><ele>2436.0240336727</ele></trkpt>
      <trkpt lat="45.44354" lon="6.92063"><ele>2437.5989796657</ele></trkpt>
      <trkpt lat="45.44346" lon="6.92064"><ele>2439.475414487</ele></trkpt>
      <trkpt lat="45.44343" lon="6.9206"><ele>2439.3300680221</ele></trkpt>
      <trkpt lat="45.44337" lon="6.92063"><ele>2441.1863249102</ele></trkpt>
      <trkpt lat="45.44333" lon="6.92087"><ele>2446.6976242118</ele></trkpt>
      <trkpt lat="45.44329" lon="6.92096"><ele>2448.5224869382</ele></trkpt>
      <trkpt lat="45.44325" lon="6.92096"><ele>2449.1848327138</ele></trkpt>
      <trkpt lat="45.44316" lon="6.92097"><ele>2451.0256389719</ele></trkpt>
      <trkpt lat="45.44313" lon="6.92104"><ele>2452.3235648218</ele></trkpt>
      <trkpt lat="45.44309" lon="6.9211"><ele>2453.7453524674</ele></trkpt>
      <trkpt lat="45.44306" lon="6.92114"><ele>2454.7029423588</ele></trkpt>
      <trkpt lat="45.44303" lon="6.92118"><ele>2455.6274091123</ele></trkpt>
      <trkpt lat="45.44299" lon="6.9212"><ele>2456.5989956155</ele></trkpt>
      <trkpt lat="45.44295" lon="6.92122"><ele>2457.6580266479</ele></trkpt>
      <trkpt lat="45.44289" lon="6.92125"><ele>2459.3182683675</ele></trkpt>
      <trkpt lat="45.44281" lon="6.92129"><ele>2461.4790201494</ele></trkpt>
      <trkpt lat="45.44274" lon="6.92133"><ele>2463.527274872</ele></trkpt>
      <trkpt lat="45.44268" lon="6.92136"><ele>2465.5655035681</ele></trkpt>
      <trkpt lat="45.4426" lon="6.9214"><ele>2468.2844895995</ele></trkpt>
      <trkpt lat="45.44254" lon="6.92143"><ele>2470.275167896</ele></trkpt>
      <trkpt lat="45.44251" lon="6.92145"><ele>2471.4836304141</ele></trkpt>
      <trkpt lat="45.44249" lon="6.92148"><ele>2472.2185514624</ele></trkpt>
      <trkpt lat="45.44247" lon="6.92151"><ele>2472.9612430525</ele></trkpt>
      <trkpt lat="45.44246" lon="6.92154"><ele>2473.2642484623</ele></trkpt>
      <trkpt lat="45.44244" lon="6.92157"><ele>2473.9794745679</ele></trkpt>
      <trkpt lat="45.44241" lon="6.9216"><ele>2475.10518159</ele></trkpt>
      <trkpt lat="45.44237" lon="6.92164"><ele>2476.5484871092</ele></trkpt>
      <trkpt lat="45.44232" lon="6.92167"><ele>2478.2673051657</ele></trkpt>
      <trkpt lat="45.44227" lon="6.92169"><ele>2479.3959422974</ele></trkpt>
      <trkpt lat="45.44223" lon="6.9217"><ele>2480.1253740917</ele></trkpt>
      <trkpt lat="45.44219" lon="6.92172"><ele>2480.6713847997</ele></trkpt>
      <trkpt lat="45.44215" lon="6.92173"><ele>2481.2865252771</ele></trkpt>
      <trkpt lat="45.4421" lon="6.92178"><ele>2481.4933595262</ele></trkpt>
      <trkpt lat="45.44205" lon="6.92184"><ele>2481.5598825333</ele></trkpt>
      <trkpt lat="45.44196" lon="6.92189"><ele>2482.8379686398</ele></trkpt>
      <trkpt lat="45.44185" lon="6.92195"><ele>2484.5706962383</ele></trkpt>
      <trkpt lat="45.44173" lon="6.92202"><ele>2486.694849416</ele></trkpt>
      <trkpt lat="45.44165" lon="6.92208"><ele>2488.1575831694</ele></trkpt>
      <trkpt lat="45.44153" lon="6.92214"><ele>2490.0431841275</ele></trkpt>
      <trkpt lat="45.4413" lon="6.92218"><ele>2493.0701526237</ele></trkpt>
      <trkpt lat="45.4412" lon="6.92215"><ele>2494.4242012479</ele></trkpt>
      <trkpt lat="45.44114" lon="6.92208"><ele>2496.2515756526</ele></trkpt>
      <trkpt lat="45.44106" lon="6.92207"><ele>2498.1518882595</ele></trkpt>
      <trkpt lat="45.44097" lon="6.922"><ele>2500.9565245159</ele></trkpt>
      <trkpt lat="45.44095" lon="6.92197"><ele>2501.7945834157</ele></trkpt>
      <trkpt lat="45.44094" lon="6.92193"><ele>2502.5396914725</ele></trkpt>
      <trkpt lat="45.44093" lon="6.92189"><ele>2503.2831907331</ele></trkpt>
      <trkpt lat="45.44091" lon="6.92187"><ele>2504.0139682406</ele></trkpt>
      <trkpt lat="45.44089" lon="6.92187"><ele>2504.4911763311</ele></trkpt>
      <trkpt lat="45.44087" lon="6.92187"><ele>2504.9683842526</ele></trkpt>
      <trkpt lat="45.44086" lon="6.92188"><ele>2505.0699758298</ele></trkpt>
      <trkpt lat="45.44084" lon="6.92188"><ele>2505.5681269201</ele></trkpt>
      <trkpt lat="45.44082" lon="6.92189"><ele>2505.9264677009</ele></trkpt>
      <trkpt lat="45.4408" lon="6.92189"><ele>2506.4164850642</ele></trkpt>
      <trkpt lat="45.44075" lon="6.92188"><ele>2507.6356211261</ele></trkpt>
      <trkpt lat="45.44071" lon="6.92188"><ele>2508.3920576549</ele></trkpt>
      <trkpt lat="45.44066" lon="6.92188"><ele>2509.3053319835</ele></trkpt>
      <trkpt lat="45.44059" lon="6.92191"><ele>2510.2172557767</ele></trkpt>
      <trkpt lat="45.44051" lon="6.92196"><ele>2510.8279837728</ele></trkpt>
      <trkpt lat="45.44045" lon="6.92199"><ele>2511.3384297762</ele></trkpt>
      <trkpt lat="45.44043" lon="6.922"><ele>2511.5234896429</ele></trkpt>
      <trkpt lat="45.44042" lon="6.92199"><ele>2511.7877698115</ele></trkpt>
      <trkpt lat="45.44042" lon="6.92197"><ele>2512.0126182035</ele></trkpt>
      <trkpt lat="45.44043" lon="6.92195"><ele>2512.0952836852</ele></trkpt>
      <trkpt lat="45.44043" lon="6.92192"><ele>2512.4383601108</ele></trkpt>
      <trkpt lat="45.44043" lon="6.9219"><ele>2512.6667116707</ele></trkpt>
      <trkpt lat="45.44041" lon="6.92188"><ele>2513.1400139091</ele></trkpt>
      <trkpt lat="45.4404" lon="6.92186"><ele>2513.4656588238</ele></trkpt>
      <trkpt lat="45.4404" lon="6.92183"><ele>2513.7674633249</ele></trkpt>
      <trkpt lat="45.44039" lon="6.92179"><ele>2514.190080337</ele></trkpt>
      <trkpt lat="45.44038" lon="6.92177"><ele>2514.4309948673</ele></trkpt>
      <trkpt lat="45.44036" lon="6.92175"><ele>2514.8032735321</ele></trkpt>
      <trkpt lat="45.44032" lon="6.92173"><ele>2515.4091248162</ele></trkpt>
      <trkpt lat="45.44007" lon="6.92158"><ele>2519.8060875953</ele></trkpt>
      <trkpt lat="45.43995" lon="6.92146"><ele>2522.5396674916</ele></trkpt>
      <trkpt lat="45.43982" lon="6.9213"><ele>2524.140652762</ele></trkpt>
      <trkpt lat="45.43972" lon="6.92107"><ele>2524.7280897437</ele></trkpt>
      <trkpt lat="45.43964" lon="6.92101"><ele>2525.5083802399</ele></trkpt>
      <trkpt lat="45.43955" lon="6.9209"><ele>2525.8552891319</ele></trkpt>
      <trkpt lat="45.43947" lon="6.92077"><ele>2526.3319714837</ele></trkpt>
      <trkpt lat="45.43933" lon="6.92071"><ele>2527.749508027</ele></trkpt>
      <trkpt lat="45.43921" lon="6.92065"><ele>2528.9230326758</ele></trkpt>
      <trkpt lat="45.43902" lon="6.9204"><ele>2531.1179040243</ele></trkpt>
      <trkpt lat="45.43891" lon="6.92027"><ele>2532.6199632239</ele></trkpt>
      <trkpt lat="45.43882" lon="6.92019"><ele>2533.7356666204</ele></trkpt>
      <trkpt lat="45.43876" lon="6.9201"><ele>2534.3169646898</ele></trkpt>
      <trkpt lat="45.43863" lon="6.91994"><ele>2536.1090589948</ele></trkpt>
      <trkpt lat="45.43851" lon="6.91986"><ele>2538.0523158159</ele></trkpt>
      <trkpt lat="45.43837" lon="6.91981"><ele>2540.0264345649</ele></trkpt>
      <trkpt lat="45.43826" lon="6.91979"><ele>2541.0513657851</ele></trkpt>
      <trkpt lat="45.43821" lon="6.91974"><ele>2541.5566739253</ele></trkpt>
      <trkpt lat="45.43816" lon="6.91967"><ele>2542.138816157</ele></trkpt>
      <trkpt lat="45.4381" lon="6.91954"><ele>2543.194492745</ele></trkpt>
      <trkpt lat="45.43796" lon="6.91933"><ele>2545.3831335139</ele></trkpt>
      <trkpt lat="45.43789" lon="6.9192"><ele>2546.8662888985</ele></trkpt>
      <trkpt lat="45.43784" lon="6.91907"><ele>2548.289331691</ele></trkpt>
      <trkpt lat="45.43781" lon="6.91901"><ele>2548.9586513054</ele></trkpt>
      <trkpt lat="45.43776" lon="6.91898"><ele>2549.6232354112</ele></trkpt>
      <trkpt lat="45.43755" lon="6.9189"><ele>2552.6026853248</ele></trkpt>
      <trkpt lat="45.43749" lon="6.91885"><ele>2553.601583342</ele></trkpt>
      <trkpt lat="45.4374" lon="6.91876"><ele>2554.9661038935</ele></trkpt>
      <trkpt lat="45.43733" lon="6.91865"><ele>2555.7269628564</ele></trkpt>
      <trkpt lat="45.43726" lon="6.91852"><ele>2556.2786618831</ele></trkpt>
      <trkpt lat="45.43721" lon="6.91838"><ele>2556.4599924038</ele></trkpt>
      <trkpt lat="45.43715" lon="6.91829"><ele>2556.5080802491</ele></trkpt>
      <trkpt lat="45.43699" lon="6.91813"><ele>2557.6431968809</ele></trkpt>
      <trkpt lat="45.4368" lon="6.91796"><ele>2558.5906852876</ele></trkpt>
      <trkpt lat="45.43664" lon="6.91776"><ele>2558.0176360857</ele></trkpt>
      <trkpt lat="45.43655" lon="6.91766"><ele>2558.2872357039</ele></trkpt>
      <trkpt lat="45.43637" lon="6.91749"><ele>2560.4600765058</ele></trkpt>
      <trkpt lat="45.43632" lon="6.91743"><ele>2561.146326117</ele></trkpt>
      <trkpt lat="45.43623" lon="6.91706"><ele>2557.3711875051</ele></trkpt>
      <trkpt lat="45.43622" lon="6.91698"><ele>2556.3953370634</ele></trkpt>
      <trkpt lat="45.43613" lon="6.91681"><ele>2556.3069878674</ele></trkpt>
      <trkpt lat="45.4361" lon="6.91669"><ele>2554.9741833618</ele></trkpt>
      <trkpt lat="45.43606" lon="6.9166"><ele>2554.4186833627</ele></trkpt>
      <trkpt lat="45.43595" lon="6.91648"><ele>2555.2726988954</ele></trkpt>
      <trkpt lat="45.43583" lon="6.91625"><ele>2555.2176621254</ele></trkpt>
      <trkpt lat="45.43575" lon="6.91618"><ele>2557.2632732171</ele></trkpt>
      <trkpt lat="45.43567" lon="6.91616"><ele>2560.2858028096</ele></trkpt>
      <trkpt lat="45.43556" lon="6.91614"><ele>2564.3582115853</ele></trkpt>
      <trkpt lat="45.43551" lon="6.91614"><ele>2566.3506282656</ele></trkpt>
      <trkpt lat="45.43543" lon="6.91617"><ele>2569.7978478006</ele></trkpt>
      <trkpt lat="45.43538" lon="6.91618"><ele>2571.6096521865</ele></trkpt>
      <trkpt lat="45.43534" lon="6.91615"><ele>2572.4826895997</ele></trkpt>
      <trkpt lat="45.43528" lon="6.9161"><ele>2573.6177850129</ele></trkpt>
      <trkpt lat="45.43516" lon="6.91606"><ele>2576.0622144496</ele></trkpt>
      <trkpt lat="45.43479" lon="6.916"><ele>2581.8175173961</ele></trkpt>
      <trkpt lat="45.43438" lon="6.91591"><ele>2585.7523240649</ele></trkpt>
      <trkpt lat="45.43434" lon="6.91591"><ele>2586.4398259083</ele></trkpt>
      <trkpt lat="45.43427" lon="6.91588"><ele>2587.2137482995</ele></trkpt>
      <trkpt lat="45.43418" lon="6.91586"><ele>2588.6822258362</ele></trkpt>
      <trkpt lat="45.43409" lon="6.91583"><ele>2590.0299725405</ele></trkpt>
      <trkpt lat="45.43402" lon="6.91576"><ele>2591.0065808817</ele></trkpt>
      <trkpt lat="45.43391" lon="6.91573"><ele>2593.2001315699</ele></trkpt>
      <trkpt lat="45.4338" lon="6.9157"><ele>2595.0597269541</ele></trkpt>
      <trkpt lat="45.43371" lon="6.91568"><ele>2596.4206446769</ele></trkpt>
      <trkpt lat="45.43363" lon="6.91567"><ele>2597.6733957717</ele></trkpt>
      <trkpt lat="45.43355" lon="6.91565"><ele>2598.9235786733</ele></trkpt>
      <trkpt lat="45.4334" lon="6.91567"><ele>2601.4045953321</ele></trkpt>
      <trkpt lat="45.43314" lon="6.91566"><ele>2604.8485339923</ele></trkpt>
      <trkpt lat="45.43305" lon="6.91566"><ele>2605.9919585468</ele></trkpt>
      <trkpt lat="45.43293" lon="6.91564"><ele>2607.5817369632</ele></trkpt>
      <trkpt lat="45.43281" lon="6.91559"><ele>2608.8856012083</ele></trkpt>
      <trkpt lat="45.43272" lon="6.91558"><ele>2610.9286814653</ele></trkpt>
      <trkpt lat="45.43267" lon="6.91559"><ele>2612.3556956787</ele></trkpt>
      <trkpt lat="45.4326" lon="6.91558"><ele>2613.9081388942</ele></trkpt>
      <trkpt lat="45.43247" lon="6.91557"><ele>2615.6107384361</ele></trkpt>
      <trkpt lat="45.43231" lon="6.91552"><ele>2616.9631261918</ele></trkpt>
      <trkpt lat="45.43214" lon="6.91547"><ele>2618.3300871755</ele></trkpt>
      <trkpt lat="45.432" lon="6.9154"><ele>2619.4266659813</ele></trkpt>
      <trkpt lat="45.43184" lon="6.91535"><ele>2620.7256647144</ele></trkpt>
      <trkpt lat="45.43175" lon="6.91528"><ele>2621.482437447</ele></trkpt>
      <trkpt lat="45.43166" lon="6.91516"><ele>2622.4894509653</ele></trkpt>
      <trkpt lat="45.43157" lon="6.91499"><ele>2623.7481686204</ele></trkpt>
      <trkpt lat="45.43153" lon="6.91483"><ele>2624.8060372485</ele></trkpt>
      <trkpt lat="45.43143" lon="6.91462"><ele>2626.9271038741</ele></trkpt>
      <trkpt lat="45.43134" lon="6.91445"><ele>2629.7793474874</ele></trkpt>
      <trkpt lat="45.43134" lon="6.91445"><ele>2629.7793474874</ele></trkpt>
      <trkpt lat="45.43131" lon="6.91426"><ele>2632.4887925207</ele></trkpt>
      <trkpt lat="45.43128" lon="6.91408"><ele>2635.7249200612</ele></trkpt>
      <trkpt lat="45.43119" lon="6.91393"><ele>2638.6156917007</ele></trkpt>
      <trkpt lat="45.43111" lon="6.91378"><ele>2641.1328931828</ele></trkpt>
      <trkpt lat="45.43107" lon="6.91366"><ele>2642.844724245</ele></trkpt>
      <trkpt lat="45.43107" lon="6.91348"><ele>2645.2416948373</ele></trkpt>
      <trkpt lat="45.43109" lon="6.91337"><ele>2646.8190381358</ele></trkpt>
      <trkpt lat="45.43113" lon="6.9133"><ele>2648.0464128341</ele></trkpt>
      <trkpt lat="45.43113" lon="6.91322"><ele>2649.4534265896</ele></trkpt>
      <trkpt lat="45.43104" lon="6.91308"><ele>2651.6959169589</ele></trkpt>
      <trkpt lat="45.431" lon="6.91303"><ele>2652.670983073</ele></trkpt>
      <trkpt lat="45.43092" lon="6.91304"><ele>2652.8370020898</ele></trkpt>
      <trkpt lat="45.43085" lon="6.91305"><ele>2652.9671838128</ele></trkpt>
      <trkpt lat="45.43076" lon="6.91297"><ele>2654.8258195359</ele></trkpt>
      <trkpt lat="45.43073" lon="6.91295"><ele>2655.2845656837</ele></trkpt>
      <trkpt lat="45.43063" lon="6.91292"><ele>2656.4292406865</ele></trkpt>
      <trkpt lat="45.43055" lon="6.91295"><ele>2656.9945950476</ele></trkpt>
      <trkpt lat="45.43045" lon="6.91299"><ele>2657.8383682312</ele></trkpt>
      <trkpt lat="45.43035" lon="6.91304"><ele>2658.327044499</ele></trkpt>
      <trkpt lat="45.43026" lon="6.91304"><ele>2658.8601682155</ele></trkpt>
      <trkpt lat="45.43016" lon="6.91301"><ele>2659.4843502619</ele></trkpt>
      <trkpt lat="45.43003" lon="6.91296"><ele>2659.9038073767</ele></trkpt>
      <trkpt lat="45.42999" lon="6.91286"><ele>2660.0343473778</ele></trkpt>
      <trkpt lat="45.42992" lon="6.91275"><ele>2660.3682726073</ele></trkpt>
      <trkpt lat="45.42982" lon="6.91269"><ele>2661.103250286</ele></trkpt>
      <trkpt lat="45.42982" lon="6.91269"><ele>2661.103250286</ele></trkpt>
      <trkpt lat="45.42976" lon="6.91262"><ele>2661.699022281</ele></trkpt>
      <trkpt lat="45.42966" lon="6.91255"><ele>2663.1931619833</ele></trkpt>
      <trkpt lat="45.42953" lon="6.91249"><ele>2665.4247451436</ele></trkpt>
      <trkpt lat="45.42941" lon="6.9124"><ele>2667.0917865755</ele></trkpt>
      <trkpt lat="45.4293" lon="6.91234"><ele>2667.7607651556</ele></trkpt>
      <trkpt lat="45.4292" lon="6.91231"><ele>2669.2154814031</ele></trkpt>
      <trkpt lat="45.42913" lon="6.91229"><ele>2669.8111662195</ele></trkpt>
      <trkpt lat="45.42906" lon="6.9122"><ele>2670.8051559993</ele></trkpt>
      <trkpt lat="45.42899" lon="6.91218"><ele>2671.6049577695</ele></trkpt>
      <trkpt lat="45.42891" lon="6.91214"><ele>2672.5196202889</ele></trkpt>
      <trkpt lat="45.42883" lon="6.91206"><ele>2673.8719301776</ele></trkpt>
      <trkpt lat="45.42875" lon="6.91186"><ele>2676.9168194095</ele></trkpt>
      <trkpt lat="45.42869" lon="6.91165"><ele>2679.9468987483</ele></trkpt>
      <trkpt lat="45.42861" lon="6.9115"><ele>2683.2264544372</ele></trkpt>
      <trkpt lat="45.4285" lon="6.91136"><ele>2687.8648492462</ele></trkpt>
      <trkpt lat="45.42845" lon="6.91119"><ele>2690.2482977742</ele></trkpt>
      <trkpt lat="45.4284" lon="6.911"><ele>2692.50354215</ele></trkpt>
      <trkpt lat="45.42838" lon="6.91097"><ele>2693.1098285345</ele></trkpt>
      <trkpt lat="45.42839" lon="6.91091"><ele>2693.2497981148</ele></trkpt>
      <trkpt lat="45.42841" lon="6.91087"><ele>2693.1223526616</ele></trkpt>
      <trkpt lat="45.42846" lon="6.91081"><ele>2692.5188032391</ele></trkpt>
      <trkpt lat="45.42842" lon="6.9108"><ele>2693.3780502608</ele></trkpt>
      <trkpt lat="45.42844" lon="6.91074"><ele>2693.3312514649</ele></trkpt>
      <trkpt lat="45.42839" lon="6.91073"><ele>2694.3675020685</ele></trkpt>
      <trkpt lat="45.42841" lon="6.91069"><ele>2694.1862347214</ele></trkpt>
      <trkpt lat="45.42844" lon="6.91055"><ele>2694.5782035696</ele></trkpt>
      <trkpt lat="45.4284" lon="6.91047"><ele>2695.6511522894</ele></trkpt>
      <trkpt lat="45.42834" lon="6.91044"><ele>2696.7901566339</ele></trkpt>
      <trkpt lat="45.42827" lon="6.91047"><ele>2697.8400697153</ele></trkpt>
      <trkpt lat="45.42817" lon="6.91042"><ele>2699.6157753882</ele></trkpt>
      <trkpt lat="45.42807" lon="6.91042"><ele>2701.1770961617</ele></trkpt>
      <trkpt lat="45.42799" lon="6.91039"><ele>2702.4059470466</ele></trkpt>
      <trkpt lat="45.4279" lon="6.91036"><ele>2703.5134991991</ele></trkpt>
      <trkpt lat="45.42776" lon="6.9103"><ele>2704.9307021665</ele></trkpt>
      <trkpt lat="45.42764" lon="6.91022"><ele>2706.0891369361</ele></trkpt>
      <trkpt lat="45.42754" lon="6.91027"><ele>2707.6699832659</ele></trkpt>
      <trkpt lat="45.42746" lon="6.91028"><ele>2709.0169614616</ele></trkpt>
      <trkpt lat="45.42735" lon="6.91024"><ele>2710.9261473491</ele></trkpt>
      <trkpt lat="45.42727" lon="6.91029"><ele>2712.4258670549</ele></trkpt>
      <trkpt lat="45.4272" lon="6.91029"><ele>2713.3634707963</ele></trkpt>
      <trkpt lat="45.42712" lon="6.91027"><ele>2714.2712995095</ele></trkpt>
      <trkpt lat="45.42704" lon="6.91027"><ele>2715.0417085644</ele></trkpt>
      <trkpt lat="45.42699" lon="6.91026"><ele>2715.2232723914</ele></trkpt>
      <trkpt lat="45.42688" lon="6.91024"><ele>2715.598492276</ele></trkpt>
      <trkpt lat="45.42682" lon="6.91026"><ele>2715.9636334328</ele></trkpt>
      <trkpt lat="45.42679" lon="6.91024"><ele>2715.9732314386</ele></trkpt>
      <trkpt lat="45.42674" lon="6.91024"><ele>2716.2222448274</ele></trkpt>
      <trkpt lat="45.42667" lon="6.91013"><ele>2716.4768361065</ele></trkpt>
      <trkpt lat="45.42661" lon="6.91002"><ele>2717.7566110133</ele></trkpt>
      <trkpt lat="45.42657" lon="6.90995"><ele>2718.6608338587</ele></trkpt>
      <trkpt lat="45.4265" lon="6.90992"><ele>2719.6550006671</ele></trkpt>
      <trkpt lat="45.42646" lon="6.90985"><ele>2720.8370492972</ele></trkpt>
      <trkpt lat="45.4264" lon="6.90982"><ele>2721.7865353915</ele></trkpt>
      <trkpt lat="45.42635" lon="6.90978"><ele>2722.4196600426</ele></trkpt>
      <trkpt lat="45.42632" lon="6.90968"><ele>2723.6382125501</ele></trkpt>
      <trkpt lat="45.42628" lon="6.90963"><ele>2724.2759797102</ele></trkpt>
      <trkpt lat="45.42619" lon="6.90953"><ele>2725.3790016351</ele></trkpt>
      <trkpt lat="45.42616" lon="6.90949"><ele>2725.7854556445</ele></trkpt>
      <trkpt lat="45.42613" lon="6.90943"><ele>2726.3382928578</ele></trkpt>
      <trkpt lat="45.42607" lon="6.90934"><ele>2726.9066770914</ele></trkpt>
      <trkpt lat="45.42601" lon="6.90926"><ele>2727.175783457</ele></trkpt>
      <trkpt lat="45.42594" lon="6.90917"><ele>2727.5756271669</ele></trkpt>
      <trkpt lat="45.42589" lon="6.90912"><ele>2727.863666114</ele></trkpt>
      <trkpt lat="45.42585" lon="6.90908"><ele>2728.1074175106</ele></trkpt>
      <trkpt lat="45.4258" lon="6.909"><ele>2728.5635386022</ele></trkpt>
      <trkpt lat="45.42574" lon="6.90894"><ele>2728.9346441723</ele></trkpt>
      <trkpt lat="45.4257" lon="6.90886"><ele>2729.4568967109</ele></trkpt>
      <trkpt lat="45.4257" lon="6.90872"><ele>2729.8557142789</ele></trkpt>
      <trkpt lat="45.42567" lon="6.90866"><ele>2730.2584663288</ele></trkpt>
      <trkpt lat="45.42561" lon="6.90857"><ele>2731.0498819838</ele></trkpt>
      <trkpt lat="45.42555" lon="6.90855"><ele>2731.5632655695</ele></trkpt>
      <trkpt lat="45.4255" lon="6.90855"><ele>2732.0801994439</ele></trkpt>
      <trkpt lat="45.42546" lon="6.90857"><ele>2732.5846112167</ele></trkpt>
      <trkpt lat="45.42541" lon="6.90857"><ele>2733.3316337821</ele></trkpt>
      <trkpt lat="45.42537" lon="6.90853"><ele>2734.1156648695</ele></trkpt>
      <trkpt lat="45.42532" lon="6.9085"><ele>2735.0280709072</ele></trkpt>
      <trkpt lat="45.42529" lon="6.9085"><ele>2735.7252903624</ele></trkpt>
      <trkpt lat="45.42523" lon="6.90843"><ele>2737.5526299247</ele></trkpt>
      <trkpt lat="45.4252" lon="6.90836"><ele>2738.6770505596</ele></trkpt>
      <trkpt lat="45.42517" lon="6.90827"><ele>2739.7677746744</ele></trkpt>
      <trkpt lat="45.42514" lon="6.90824"><ele>2740.558174351</ele></trkpt>
      <trkpt lat="45.42507" lon="6.90826"><ele>2742.1472163602</ele></trkpt>
      <trkpt lat="45.42498" lon="6.90831"><ele>2743.0931485417</ele></trkpt>
      <trkpt lat="45.4249" lon="6.90834"><ele>2743.9132469651</ele></trkpt>
      <trkpt lat="45.42483" lon="6.90835"><ele>2744.3464524537</ele></trkpt>
      <trkpt lat="45.42473" lon="6.90831"><ele>2744.5064448</ele></trkpt>
      <trkpt lat="45.42464" lon="6.90824"><ele>2744.6491576982</ele></trkpt>
      <trkpt lat="45.42458" lon="6.90816"><ele>2744.509619888</ele></trkpt>
      <trkpt lat="45.42453" lon="6.90811"><ele>2744.3023277971</ele></trkpt>
      <trkpt lat="45.42446" lon="6.90805"><ele>2743.9074265629</ele></trkpt>
      <trkpt lat="45.42442" lon="6.90799"><ele>2743.686802421</ele></trkpt>
      <trkpt lat="45.42439" lon="6.90788"><ele>2743.1698580129</ele></trkpt>
      <trkpt lat="45.42435" lon="6.9078"><ele>2742.6828007414</ele></trkpt>
      <trkpt lat="45.42429" lon="6.9077"><ele>2742.0710352539</ele></trkpt>
      <trkpt lat="45.42425" lon="6.90765"><ele>2741.6791198065</ele></trkpt>
      <trkpt lat="45.42419" lon="6.90755"><ele>2740.8284274091</ele></trkpt>
      <trkpt lat="45.42412" lon="6.90748"><ele>2740.106397223</ele></trkpt>
      <trkpt lat="45.42406" lon="6.9074"><ele>2739.5174290684</ele></trkpt>
      <trkpt lat="45.42403" lon="6.90734"><ele>2739.2131135138</ele></trkpt>
      <trkpt lat="45.424" lon="6.90727"><ele>2738.8677174825</ele></trkpt>
      <trkpt lat="45.42395" lon="6.9072"><ele>2738.6366179473</ele></trkpt>
      <trkpt lat="45.42385" lon="6.90705"><ele>2738.5872157533</ele></trkpt>
      <trkpt lat="45.42373" lon="6.90689"><ele>2739.2179583783</ele></trkpt>
      <trkpt lat="45.42361" lon="6.90677"><ele>2740.0609672809</ele></trkpt>
      <trkpt lat="45.42342" lon="6.90656"><ele>2740.3120081856</ele></trkpt>
      <trkpt lat="45.42337" lon="6.90649"><ele>2740.0783376949</ele></trkpt>
      <trkpt lat="45.42333" lon="6.90644"><ele>2739.8276591082</ele></trkpt>
      <trkpt lat="45.42317" lon="6.90628"><ele>2737.4781083985</ele></trkpt>
      <trkpt lat="45.42306" lon="6.9062"><ele>2735.8004564562</ele></trkpt>
      <trkpt lat="45.42294" lon="6.90605"><ele>2734.4460173002</ele></trkpt>
      <trkpt lat="45.42289" lon="6.906"><ele>2734.3</ele></trkpt>
      <trkpt lat="45.4228" lon="6.90592"><ele>2734.8500697139</ele></trkpt>
      <trkpt lat="45.4227" lon="6.90584"><ele>2735.9260190077</ele></trkpt>
      <trkpt lat="45.42254" lon="6.90561"><ele>2736.884933696</ele></trkpt>
      <trkpt lat="45.42241" lon="6.90533"><ele>2736.3899111186</ele></trkpt>
      <trkpt lat="45.42225" lon="6.90509"><ele>2735.6834355731</ele></trkpt>
      <trkpt lat="45.42217" lon="6.90497"><ele>2735.3543698115</ele></trkpt>
      <trkpt lat="45.42209" lon="6.90489"><ele>2734.6251483324</ele></trkpt>
      <trkpt lat="45.42199" lon="6.9048"><ele>2733.617202402</ele></trkpt>
      <trkpt lat="45.42189" lon="6.90472"><ele>2733.756997722</ele></trkpt>
      <trkpt lat="45.42182" lon="6.90471"><ele>2733.505692785</ele></trkpt>
      <trkpt lat="45.42175" lon="6.90469"><ele>2733.5180661492</ele></trkpt>
      <trkpt lat="45.4217" lon="6.9047"><ele>2734.0112458765</ele></trkpt>
      <trkpt lat="45.42164" lon="6.9047"><ele>2734.6671512483</ele></trkpt>
      <trkpt lat="45.42157" lon="6.9047"><ele>2735.4147553234</ele></trkpt>
      <trkpt lat="45.42151" lon="6.90467"><ele>2735.8428423585</ele></trkpt>
      <trkpt lat="45.4214" lon="6.90465"><ele>2736.762598818</ele></trkpt>
      <trkpt lat="45.42134" lon="6.90459"><ele>2736.980957737</ele></trkpt>
      <trkpt lat="45.42126" lon="6.90455"><ele>2737.4300523425</ele></trkpt>
      <trkpt lat="45.42119" lon="6.90452"><ele>2737.8508313861</ele></trkpt>
      <trkpt lat="45.42111" lon="6.90451"><ele>2738.3861973173</ele></trkpt>
      <trkpt lat="45.42104" lon="6.90449"><ele>2738.5698565179</ele></trkpt>
      <trkpt lat="45.42099" lon="6.9045"><ele>2738.8314472537</ele></trkpt>
      <trkpt lat="45.42093" lon="6.90447"><ele>2738.9559447311</ele></trkpt>
      <trkpt lat="45.42084" lon="6.90439"><ele>2738.9758207886</ele></trkpt>
      <trkpt lat="45.42073" lon="6.90431"><ele>2739.0889610008</ele></trkpt>
      <trkpt lat="45.42067" lon="6.90427"><ele>2739.1543234368</ele></trkpt>
      <trkpt lat="45.42063" lon="6.90423"><ele>2739.0343063038</ele></trkpt>
      <trkpt lat="45.42053" lon="6.90418"><ele>2739.0297347106</ele></trkpt>
      <trkpt lat="45.42047" lon="6.90415"><ele>2739.0177671111</ele></trkpt>
      <trkpt lat="45.42041" lon="6.90415"><ele>2738.972053786</ele></trkpt>
      <trkpt lat="45.42036" lon="6.90412"><ele>2738.8867379552</ele></trkpt>
      <trkpt lat="45.42029" lon="6.9041"><ele>2738.7642476264</ele></trkpt>
      <trkpt lat="45.42018" lon="6.90409"><ele>2738.3120032755</ele></trkpt>
      <trkpt lat="45.4201" lon="6.90407"><ele>2737.7348389538</ele></trkpt>
      <trkpt lat="45.42005" lon="6.90409"><ele>2737.552138219</ele></trkpt>
      <trkpt lat="45.42" lon="6.90412"><ele>2737.4161495331</ele></trkpt>
      <trkpt lat="45.41992" lon="6.90414"><ele>2736.827281756</ele></trkpt>
      <trkpt lat="45.41987" lon="6.90415"><ele>2736.4127712813</ele></trkpt>
      <trkpt lat="45.41979" lon="6.90414"><ele>2735.5396523454</ele></trkpt>
      <trkpt lat="45.41971" lon="6.90413"><ele>2735.1142488843</ele></trkpt>
      <trkpt lat="45.41963" lon="6.9041"><ele>2734.5564673314</ele></trkpt>
      <trkpt lat="45.41958" lon="6.90407"><ele>2734.2140631958</ele></trkpt>
      <trkpt lat="45.41948" lon="6.90404"><ele>2734.0266154844</ele></trkpt>
      <trkpt lat="45.41945" lon="6.90402"><ele>2733.8641429333</ele></trkpt>
      <trkpt lat="45.41941" lon="6.90396"><ele>2733.3742504319</ele></trkpt>
      <trkpt lat="45.41938" lon="6.90396"><ele>2733.3724583007</ele></trkpt>
      <trkpt lat="45.41934" lon="6.90397"><ele>2733.4960840982</ele></trkpt>
      <trkpt lat="45.41929" lon="6.90394"><ele>2733.2618386554</ele></trkpt>
      <trkpt lat="45.41921" lon="6.90387"><ele>2732.6492608001</ele></trkpt>
      <trkpt lat="45.41914" lon="6.90385"><ele>2732.5094506667</ele></trkpt>
      <trkpt lat="45.41906" lon="6.90387"><ele>2732.6574155638</ele></trkpt>
      <trkpt lat="45.41899" lon="6.90388"><ele>2732.7287488001</ele></trkpt>
      <trkpt lat="45.41888" lon="6.90384"><ele>2732.4829546668</ele></trkpt>
      <trkpt lat="45.4187" lon="6.90371"><ele>2731.2476404953</ele></trkpt>
      <trkpt lat="45.41856" lon="6.90362"><ele>2730.1494604454</ele></trkpt>
      <trkpt lat="45.41853" lon="6.90354"><ele>2729.1405073017</ele></trkpt>
      <trkpt lat="45.41848" lon="6.90346"><ele>2728.0202945519</ele></trkpt>
      <trkpt lat="45.41838" lon="6.90343"><ele>2727.0885376507</ele></trkpt>
      <trkpt lat="45.41832" lon="6.9034"><ele>2726.3653721519</ele></trkpt>
      <trkpt lat="45.41828" lon="6.90338"><ele>2725.9331744192</ele></trkpt>
      <trkpt lat="45.4182" lon="6.90334"><ele>2724.9324707443</ele></trkpt>
      <trkpt lat="45.41815" lon="6.90327"><ele>2723.5974455589</ele></trkpt>
      <trkpt lat="45.41807" lon="6.90325"><ele>2722.6538239393</ele></trkpt>
      <trkpt lat="45.41802" lon="6.90322"><ele>2721.7687659244</ele></trkpt>
      <trkpt lat="45.41794" lon="6.90319"><ele>2720.2933306486</ele></trkpt>
      <trkpt lat="45.41788" lon="6.90318"><ele>2719.2617390469</ele></trkpt>
      <trkpt lat="45.41782" lon="6.90322"><ele>2719.0062994917</ele></trkpt>
      <trkpt lat="45.41773" lon="6.90316"><ele>2716.3521125055</ele></trkpt>
      <trkpt lat="45.41766" lon="6.9032"><ele>2715.7587587636</ele></trkpt>
      <trkpt lat="45.41762" lon="6.90318"><ele>2714.5398499703</ele></trkpt>
      <trkpt lat="45.41754" lon="6.90321"><ele>2713.6222869884</ele></trkpt>
      <trkpt lat="45.41747" lon="6.90321"><ele>2712.08431328</ele></trkpt>
      <trkpt lat="45.41742" lon="6.90313"><ele>2709.0331390598</ele></trkpt>
      <trkpt lat="45.41734" lon="6.9031"><ele>2706.3073046587</ele></trkpt>
      <trkpt lat="45.41724" lon="6.90312"><ele>2704.0984757198</ele></trkpt>
      <trkpt lat="45.41709" lon="6.90317"><ele>2701.3212333027</ele></trkpt>
      <trkpt lat="45.41703" lon="6.90315"><ele>2699.1316122349</ele></trkpt>
      <trkpt lat="45.41695" lon="6.90317"><ele>2697.5730731146</ele></trkpt>
      <trkpt lat="45.41688" lon="6.90322"><ele>2697.4654693262</ele></trkpt>
      <trkpt lat="45.41679" lon="6.90328"><ele>2697.4793667516</ele></trkpt>
      <trkpt lat="45.41673" lon="6.90331"><ele>2697.2287109404</ele></trkpt>
      <trkpt lat="45.41667" lon="6.90333"><ele>2696.6226875905</ele></trkpt>
      <trkpt lat="45.41663" lon="6.90333"><ele>2695.770805434</ele></trkpt>
      <trkpt lat="45.4166" lon="6.90336"><ele>2696.0930575366</ele></trkpt>
      <trkpt lat="45.41652" lon="6.90337"><ele>2694.6921477692</ele></trkpt>
      <trkpt lat="45.41649" lon="6.90336"><ele>2693.7849311746</ele></trkpt>
      <trkpt lat="45.41644" lon="6.90333"><ele>2692.0327914522</ele></trkpt>
      <trkpt lat="45.4164" lon="6.90332"><ele>2691.1761769338</ele></trkpt>
      <trkpt lat="45.41638" lon="6.90333"><ele>2691.2018825687</ele></trkpt>
      <trkpt lat="45.41635" lon="6.90331"><ele>2690.2209923098</ele></trkpt>
      <trkpt lat="45.41632" lon="6.90329"><ele>2689.2330981961</ele></trkpt>
      <trkpt lat="45.41627" lon="6.9033"><ele>2688.8598476071</ele></trkpt>
      <trkpt lat="45.41623" lon="6.90333"><ele>2689.1829893331</ele></trkpt>
      <trkpt lat="45.41619" lon="6.90334"><ele>2689.0424217861</ele></trkpt>
      <trkpt lat="45.41613" lon="6.90328"><ele>2686.8346114824</ele></trkpt>
      <trkpt lat="45.41609" lon="6.90327"><ele>2686.146634527</ele></trkpt>
      <trkpt lat="45.41607" lon="6.90327"><ele>2685.916758064</ele></trkpt>
      <trkpt lat="45.41603" lon="6.90325"><ele>2684.993801508</ele></trkpt>
      <trkpt lat="45.41599" lon="6.90324"><ele>2684.4055283196</ele></trkpt>
      <trkpt lat="45.41596" lon="6.90321"><ele>2683.3781505022</ele></trkpt>
      <trkpt lat="45.4159" lon="6.90322"><ele>2683.0975633682</ele></trkpt>
      <trkpt lat="45.41586" lon="6.90319"><ele>2682.0472264354</ele></trkpt>
      <trkpt lat="45.4158" lon="6.90319"><ele>2681.5419213895</ele></trkpt>
      <trkpt lat="45.41577" lon="6.90315"><ele>2680.3847215503</ele></trkpt>
      <trkpt lat="45.41573" lon="6.90315"><ele>2680.0177921206</ele></trkpt>
      <trkpt lat="45.4157" lon="6.90315"><ele>2679.7425952189</ele></trkpt>
      <trkpt lat="45.41566" lon="6.90313"><ele>2679.0005025066</ele></trkpt>
      <trkpt lat="45.41562" lon="6.90313"><ele>2678.6605474558</ele></trkpt>
      <trkpt lat="45.41554" lon="6.90315"><ele>2678.1517219221</ele></trkpt>
      <trkpt lat="45.41552" lon="6.90316"><ele>2678.0984695103</ele></trkpt>
      <trkpt lat="45.41549" lon="6.90314"><ele>2677.334854342</ele></trkpt>
      <trkpt lat="45.41545" lon="6.90315"><ele>2677.0306526781</ele></trkpt>
      <trkpt lat="45.4154" lon="6.90311"><ele>2675.6979435786</ele></trkpt>
      <trkpt lat="45.41536" lon="6.90309"><ele>2674.8776076854</ele></trkpt>
      <trkpt lat="45.41531" lon="6.9031"><ele>2674.4921667187</ele></trkpt>
      <trkpt lat="45.41525" lon="6.9031"><ele>2673.875491808</ele></trkpt>
      <trkpt lat="45.41516" lon="6.90316"><ele>2673.7681386393</ele></trkpt>
      <trkpt lat="45.41503" lon="6.90313"><ele>2671.6293920267</ele></trkpt>
      <trkpt lat="45.415" lon="6.90316"><ele>2671.6031479531</ele></trkpt>
      <trkpt lat="45.41493" lon="6.90322"><ele>2671.2282476591</ele></trkpt>
      <trkpt lat="45.41487" lon="6.90325"><ele>2670.5466424872</ele></trkpt>
      <trkpt lat="45.41483" lon="6.90326"><ele>2669.9363118433</ele></trkpt>
      <trkpt lat="45.41478" lon="6.90326"><ele>2669.0235279233</ele></trkpt>
      <trkpt lat="45.41472" lon="6.90329"><ele>2668.2899866346</ele></trkpt>
      <trkpt lat="45.41468" lon="6.90331"><ele>2667.8133840802</ele></trkpt>
      <trkpt lat="45.41462" lon="6.90334"><ele>2667.0721712958</ele></trkpt>
      <trkpt lat="45.41458" lon="6.90338"><ele>2666.8922888881</ele></trkpt>
      <trkpt lat="45.41452" lon="6.9034"><ele>2666.0445819803</ele></trkpt>
      <trkpt lat="45.41448" lon="6.90342"><ele>2665.5275324834</ele></trkpt>
      <trkpt lat="45.41442" lon="6.90342"><ele>2664.5603347272</ele></trkpt>
      <trkpt lat="45.41436" lon="6.90342"><ele>2663.5651942824</ele></trkpt>
      <trkpt lat="45.41429" lon="6.90347"><ele>2663.0833361768</ele></trkpt>
      <trkpt lat="45.41421" lon="6.90351"><ele>2662.5533623288</ele></trkpt>
      <trkpt lat="45.41417" lon="6.90354"><ele>2662.5211610618</ele></trkpt>
      <trkpt lat="45.41413" lon="6.90353"><ele>2661.9707461756</ele></trkpt>
      <trkpt lat="45.41409" lon="6.90354"><ele>2661.6727497861</ele></trkpt>
      <trkpt lat="45.41405" lon="6.90354"><ele>2661.2311327781</ele></trkpt>
      <trkpt lat="45.41398" lon="6.90359"><ele>2661.343063888</ele></trkpt>
      <trkpt lat="45.41392" lon="6.90359"><ele>2660.845150135</ele></trkpt>
      <trkpt lat="45.41384" lon="6.90357"><ele>2659.9016456877</ele></trkpt>
      <trkpt lat="45.41379" lon="6.9036"><ele>2660.0366483805</ele></trkpt>
      <trkpt lat="45.41374" lon="6.9036"><ele>2659.8706776733</ele></trkpt>
      <trkpt lat="45.41368" lon="6.9036"><ele>2659.6715130185</ele></trkpt>
      <trkpt lat="45.41361" lon="6.90352"><ele>2658.3953923722</ele></trkpt>
      <trkpt lat="45.41352" lon="6.90342"><ele>2657.1725546666</ele></trkpt>
      <trkpt lat="45.41346" lon="6.90338"><ele>2656.706520889</ele></trkpt>
      <trkpt lat="45.41339" lon="6.90338"><ele>2656.6991403074</ele></trkpt>
      <trkpt lat="45.4133" lon="6.90337"><ele>2656.4332593374</ele></trkpt>
      <trkpt lat="45.41323" lon="6.90333"><ele>2655.7130895582</ele></trkpt>
      <trkpt lat="45.41308" lon="6.90327"><ele>2655.0033176358</ele></trkpt>
      <trkpt lat="45.41297" lon="6.90322"><ele>2654.855525904</ele></trkpt>
      <trkpt lat="45.41285" lon="6.90313"><ele>2653.7160071429</ele></trkpt>
      <trkpt lat="45.41275" lon="6.90311"><ele>2653.5607693697</ele></trkpt>
      <trkpt lat="45.41265" lon="6.9031"><ele>2653.6875218944</ele></trkpt>
      <trkpt lat="45.41258" lon="6.9031"><ele>2653.9227580259</ele></trkpt>
      <trkpt lat="45.41249" lon="6.90303"><ele>2653.1728185648</ele></trkpt>
      <trkpt lat="45.41235" lon="6.90299"><ele>2653.7737552702</ele></trkpt>
      <trkpt lat="45.41229" lon="6.90295"><ele>2653.8079990079</ele></trkpt>
      <trkpt lat="45.41223" lon="6.90289"><ele>2653.7937350685</ele></trkpt>
      <trkpt lat="45.41219" lon="6.90287"><ele>2654.0056402876</ele></trkpt>
      <trkpt lat="45.4121" lon="6.90278"><ele>2654.0250788816</ele></trkpt>
      <trkpt lat="45.41194" lon="6.90257"><ele>2652.8464957229</ele></trkpt>
      <trkpt lat="45.41186" lon="6.90245"><ele>2652.1532271782</ele></trkpt>
      <trkpt lat="45.41181" lon="6.90232"><ele>2651.2446279471</ele></trkpt>
      <trkpt lat="45.41175" lon="6.90212"><ele>2649.5658030591</ele></trkpt>
      <trkpt lat="45.4117" lon="6.90195"><ele>2648.3225077404</ele></trkpt>
      <trkpt lat="45.41162" lon="6.90183"><ele>2647.9959566919</ele></trkpt>
      <trkpt lat="45.41152" lon="6.90168"><ele>2647.4110034834</ele></trkpt>
      <trkpt lat="45.41147" lon="6.90164"><ele>2647.2613680734</ele></trkpt>
      <trkpt lat="45.41145" lon="6.90158"><ele>2646.8967417179</ele></trkpt>
      <trkpt lat="45.41148" lon="6.90148"><ele>2646.3560279284</ele></trkpt>
      <trkpt lat="45.41152" lon="6.9014"><ele>2646.0347288585</ele></trkpt>
      <trkpt lat="45.41152" lon="6.90118"><ele>2644.5072533766</ele></trkpt>
      <trkpt lat="45.41152" lon="6.90096"><ele>2642.8640650654</ele></trkpt>
      <trkpt lat="45.41151" lon="6.90094"><ele>2642.6568473615</ele></trkpt>
      <trkpt lat="45.41151" lon="6.90073"><ele>2641.2556626504</ele></trkpt>
      <trkpt lat="45.41143" lon="6.90061"><ele>2640.2427918186</ele></trkpt>
      <trkpt lat="45.41134" lon="6.90047"><ele>2639.4314254955</ele></trkpt>
      <trkpt lat="45.41127" lon="6.90037"><ele>2639.1345117425</ele></trkpt>
      <trkpt lat="45.41124" lon="6.90034"><ele>2639.0750476576</ele></trkpt>
      <trkpt lat="45.41121" lon="6.90026"><ele>2639.0779264646</ele></trkpt>
      <trkpt lat="45.41112" lon="6.90024"><ele>2639.1532709396</ele></trkpt>
      <trkpt lat="45.41103" lon="6.9002"><ele>2639.7217011083</ele></trkpt>
      <trkpt lat="45.41095" lon="6.90016"><ele>2640.3121429905</ele></trkpt>
      <trkpt lat="45.41084" lon="6.90019"><ele>2640.8346896792</ele></trkpt>
      <trkpt lat="45.41073" lon="6.90025"><ele>2640.7981572013</ele></trkpt>
      <trkpt lat="45.41065" lon="6.90035"><ele>2639.0873290096</ele></trkpt>
      <trkpt lat="45.41057" lon="6.90043"><ele>2637.5848359278</ele></trkpt>
      <trkpt lat="45.41048" lon="6.9005"><ele>2636.1130593485</ele></trkpt>
      <trkpt lat="45.41041" lon="6.90056"><ele>2634.5762179022</ele></trkpt>
      <trkpt lat="45.4103" lon="6.90057"><ele>2632.363645093</ele></trkpt>
      <trkpt lat="45.41025" lon="6.90061"><ele>2631.3040388065</ele></trkpt>
      <trkpt lat="45.41024" lon="6.90057"><ele>2630.926809392</ele></trkpt>
      <trkpt lat="45.41021" lon="6.90059"><ele>2630.2132251885</ele></trkpt>
      <trkpt lat="45.41013" lon="6.90061"><ele>2628.203603974</ele></trkpt>
      <trkpt lat="45.41005" lon="6.90062"><ele>2626.3192140415</ele></trkpt>
      <trkpt lat="45.40997" lon="6.90062"><ele>2624.6254991513</ele></trkpt>
      <trkpt lat="45.4099" lon="6.9006"><ele>2623.0144718179</ele></trkpt>
      <trkpt lat="45.40981" lon="6.9006"><ele>2621.4662577265</ele></trkpt>
      <trkpt lat="45.40975" lon="6.90064"><ele>2620.9739261166</ele></trkpt>
      <trkpt lat="45.40971" lon="6.90064"><ele>2620.4985875914</ele></trkpt>
      <trkpt lat="45.40968" lon="6.90065"><ele>2620.168522537</ele></trkpt>
      <trkpt lat="45.40964" lon="6.90068"><ele>2619.8651634593</ele></trkpt>
      <trkpt lat="45.40954" lon="6.90075"><ele>2619.2021430228</ele></trkpt>
      <trkpt lat="45.40942" lon="6.90082"><ele>2618.2791473197</ele></trkpt>
      <trkpt lat="45.40934" lon="6.90087"><ele>2617.5560367572</ele></trkpt>
      <trkpt lat="45.40929" lon="6.90087"><ele>2616.9093684318</ele></trkpt>
      <trkpt lat="45.40923" lon="6.90089"><ele>2616.2762966691</ele></trkpt>
      <trkpt lat="45.40916" lon="6.9009"><ele>2615.4776944327</ele></trkpt>
      <trkpt lat="45.40912" lon="6.90088"><ele>2614.9652438571</ele></trkpt>
      <trkpt lat="45.409" lon="6.90092"><ele>2613.7205801774</ele></trkpt>
      <trkpt lat="45.40899" lon="6.90095"><ele>2613.7683894329</ele></trkpt>
      <trkpt lat="45.40896" lon="6.90099"><ele>2613.6617318178</ele></trkpt>
      <trkpt lat="45.40893" lon="6.90101"><ele>2613.4186977178</ele></trkpt>
      <trkpt lat="45.4089" lon="6.90096"><ele>2612.4583965841</ele></trkpt>
      <trkpt lat="45.40885" lon="6.90088"><ele>2610.7195992295</ele></trkpt>
      <trkpt lat="45.4088" lon="6.9008"><ele>2608.6999742412</ele></trkpt>
      <trkpt lat="45.40876" lon="6.90075"><ele>2607.1010606826</ele></trkpt>
      <trkpt lat="45.40873" lon="6.90067"><ele>2605.089176762</ele></trkpt>
      <trkpt lat="45.4087" lon="6.90062"><ele>2603.418775263</ele></trkpt>
      <trkpt lat="45.40869" lon="6.90056"><ele>2602.1096191258</ele></trkpt>
      <trkpt lat="45.40869" lon="6.90049"><ele>2600.8889587622</ele></trkpt>
      <trkpt lat="45.40876" lon="6.90035"><ele>2600.2925439657</ele></trkpt>
      <trkpt lat="45.40883" lon="6.90027"><ele>2600.5983419377</ele></trkpt>
      <trkpt lat="45.40888" lon="6.90021"><ele>2600.488491681</ele></trkpt>
      <trkpt lat="45.40889" lon="6.90016"><ele>2599.5964311814</ele></trkpt>
      <trkpt lat="45.40885" lon="6.90005"><ele>2596.6756084031</ele></trkpt>
      <trkpt lat="45.40883" lon="6.89998"><ele>2595.1581364955</ele></trkpt>
      <trkpt lat="45.40879" lon="6.89992"><ele>2593.5756394266</ele></trkpt>
      <trkpt lat="45.40876" lon="6.89985"><ele>2592.0638939416</ele></trkpt>
      <trkpt lat="45.40877" lon="6.89975"><ele>2590.6727075518</ele></trkpt>
      <trkpt lat="45.40875" lon="6.89972"><ele>2590.0209387516</ele></trkpt>
      <trkpt lat="45.40872" lon="6.8997"><ele>2589.3928110386</ele></trkpt>
      <trkpt lat="45.40872" lon="6.89968"><ele>2589.1131907718</ele></trkpt>
      <trkpt lat="45.40874" lon="6.89962"><ele>2588.521474091</ele></trkpt>
      <trkpt lat="45.40879" lon="6.8996"><ele>2588.8565208035</ele></trkpt>
      <trkpt lat="45.40882" lon="6.89957"><ele>2588.863406477</ele></trkpt>
      <trkpt lat="45.40881" lon="6.89952"><ele>2588.0833514133</ele></trkpt>
      <trkpt lat="45.40883" lon="6.89948"><ele>2587.8830970196</ele></trkpt>
      <trkpt lat="45.4089" lon="6.89945"><ele>2588.7085420788</ele></trkpt>
      <trkpt lat="45.40894" lon="6.89941"><ele>2588.9016812155</ele></trkpt>
      <trkpt lat="45.40895" lon="6.89933"><ele>2589.1340203768</ele></trkpt>
      <trkpt lat="45.40893" lon="6.89923"><ele>2588.3084019943</ele></trkpt>
      <trkpt lat="45.4089" lon="6.89915"><ele>2587.0793315623</ele></trkpt>
      <trkpt lat="45.40885" lon="6.89907"><ele>2584.9111375514</ele></trkpt>
      <trkpt lat="45.40881" lon="6.89897"><ele>2582.9176919294</ele></trkpt>
      <trkpt lat="45.40879" lon="6.89887"><ele>2581.555504324</ele></trkpt>
      <trkpt lat="45.40876" lon="6.89877"><ele>2579.9231351162</ele></trkpt>
      <trkpt lat="45.40869" lon="6.89866"><ele>2577.9522389753</ele></trkpt>
      <trkpt lat="45.40865" lon="6.89859"><ele>2577.1415221178</ele></trkpt>
      <trkpt lat="45.40864" lon="6.8985"><ele>2576.7358427542</ele></trkpt>
      <trkpt lat="45.40861" lon="6.89845"><ele>2576.2940417646</ele></trkpt>
      <trkpt lat="45.40861" lon="6.8984"><ele>2576.2357875424</ele></trkpt>
      <trkpt lat="45.40858" lon="6.89835"><ele>2575.8329280375</ele></trkpt>
      <trkpt lat="45.40853" lon="6.89826"><ele>2575.1433252456</ele></trkpt>
      <trkpt lat="45.40847" lon="6.89814"><ele>2574.344558028</ele></trkpt>
      <trkpt lat="45.40844" lon="6.8981"><ele>2573.994438525</ele></trkpt>
      <trkpt lat="45.40841" lon="6.89806"><ele>2573.6056958679</ele></trkpt>
      <trkpt lat="45.40838" lon="6.89802"><ele>2573.216953343</ele></trkpt>
      <trkpt lat="45.40834" lon="6.89798"><ele>2572.7452335599</ele></trkpt>
      <trkpt lat="45.40829" lon="6.89794"><ele>2572.1016811182</ele></trkpt>
      <trkpt lat="45.40826" lon="6.8979"><ele>2571.602956924</ele></trkpt>
      <trkpt lat="45.40824" lon="6.89785"><ele>2571.0854317426</ele></trkpt>
      <trkpt lat="45.40821" lon="6.89781"><ele>2570.4573071766</ele></trkpt>
      <trkpt lat="45.40818" lon="6.89776"><ele>2569.7592777288</ele></trkpt>
      <trkpt lat="45.40816" lon="6.89772"><ele>2569.247321489</ele></trkpt>
      <trkpt lat="45.40811" lon="6.89766"><ele>2568.2470515154</ele></trkpt>
      <trkpt lat="45.40804" lon="6.89755"><ele>2566.9277275256</ele></trkpt>
      <trkpt lat="45.40797" lon="6.89745"><ele>2566.2587936618</ele></trkpt>
      <trkpt lat="45.40785" lon="6.89731"><ele>2565.6023504188</ele></trkpt>
      <trkpt lat="45.40774" lon="6.89718"><ele>2566.4790033839</ele></trkpt>
      <trkpt lat="45.40765" lon="6.89706"><ele>2567.4118400393</ele></trkpt>
      <trkpt lat="45.40756" lon="6.89696"><ele>2567.8418836363</ele></trkpt>
      <trkpt lat="45.40751" lon="6.89691"><ele>2567.9585683451</ele></trkpt>
      <trkpt lat="45.40744" lon="6.89682"><ele>2568.2462044296</ele></trkpt>
      <trkpt lat="45.40733" lon="6.89672"><ele>2568.5771572219</ele></trkpt>
      <trkpt lat="45.40727" lon="6.89662"><ele>2569.1749002839</ele></trkpt>
      <trkpt lat="45.4072" lon="6.89655"><ele>2569.4098631473</ele></trkpt>
      <trkpt lat="45.40712" lon="6.89651"><ele>2569.4416299079</ele></trkpt>
      <trkpt lat="45.40706" lon="6.89648"><ele>2569.5244436256</ele></trkpt>
      <trkpt lat="45.40702" lon="6.89639"><ele>2570.3256660626</ele></trkpt>
      <trkpt lat="45.40696" lon="6.89634"><ele>2570.7407517289</ele></trkpt>
      <trkpt lat="45.40687" lon="6.89626"><ele>2570.9107335202</ele></trkpt>
      <trkpt lat="45.40674" lon="6.89616"><ele>2571.0366573117</ele></trkpt>
      <trkpt lat="45.40666" lon="6.89611"><ele>2570.2826338495</ele></trkpt>
      <trkpt lat="45.4065" lon="6.89595"><ele>2568.1298758573</ele></trkpt>
      <trkpt lat="45.40641" lon="6.8959"><ele>2567.0464764048</ele></trkpt>
      <trkpt lat="45.40635" lon="6.89583"><ele>2566.553581426</ele></trkpt>
      <trkpt lat="45.40628" lon="6.89577"><ele>2566.1998955199</ele></trkpt>
      <trkpt lat="45.40622" lon="6.89568"><ele>2566.4202571218</ele></trkpt>
      <trkpt lat="45.40616" lon="6.89563"><ele>2566.3301913282</ele></trkpt>
      <trkpt lat="45.40612" lon="6.8956"><ele>2566.2429624559</ele></trkpt>
      <trkpt lat="45.40609" lon="6.89557"><ele>2566.2658629181</ele></trkpt>
      <trkpt lat="45.40595" lon="6.89551"><ele>2565.9553964782</ele></trkpt>
      <trkpt lat="45.40588" lon="6.89541"><ele>2566.1418774949</ele></trkpt>
      <trkpt lat="45.40581" lon="6.89536"><ele>2566.2825117143</ele></trkpt>
      <trkpt lat="45.4057" lon="6.89519"><ele>2568.0812542265</ele></trkpt>
      <trkpt lat="45.40562" lon="6.89509"><ele>2568.9711001078</ele></trkpt>
      <trkpt lat="45.40558" lon="6.89503"><ele>2569.390023345</ele></trkpt>
      <trkpt lat="45.40551" lon="6.89496"><ele>2569.5753787603</ele></trkpt>
      <trkpt lat="45.40544" lon="6.89489"><ele>2569.5904913966</ele></trkpt>
      <trkpt lat="45.40539" lon="6.89483"><ele>2569.5473948525</ele></trkpt>
      <trkpt lat="45.40531" lon="6.89479"><ele>2568.8197863048</ele></trkpt>
      <trkpt lat="45.40524" lon="6.89475"><ele>2567.9699215622</ele></trkpt>
      <trkpt lat="45.4052" lon="6.89474"><ele>2567.4144559377</ele></trkpt>
      <trkpt lat="45.40517" lon="6.89475"><ele>2566.9410525087</ele></trkpt>
      <trkpt lat="45.40515" lon="6.89474"><ele>2566.5858599723</ele></trkpt>
      <trkpt lat="45.40509" lon="6.8947"><ele>2565.5032991371</ele></trkpt>
      <trkpt lat="45.40505" lon="6.89466"><ele>2564.7399939838</ele></trkpt>
      <trkpt lat="45.405" lon="6.89464"><ele>2563.8754620378</ele></trkpt>
      <trkpt lat="45.40491" lon="6.89464"><ele>2562.6997045964</ele></trkpt>
      <trkpt lat="45.40481" lon="6.89454"><ele>2561.3537591174</ele></trkpt>
      <trkpt lat="45.40472" lon="6.89447"><ele>2560.6522267444</ele></trkpt>
      <trkpt lat="45.40462" lon="6.89434"><ele>2560.2764300679</ele></trkpt>
      <trkpt lat="45.40459" lon="6.89424"><ele>2560.1652956876</ele></trkpt>
      <trkpt lat="45.40455" lon="6.89416"><ele>2559.9708887463</ele></trkpt>
      <trkpt lat="45.4045" lon="6.89405"><ele>2559.7781652804</ele></trkpt>
      <trkpt lat="45.40447" lon="6.89396"><ele>2559.6785992157</ele></trkpt>
      <trkpt lat="45.40442" lon="6.89382"><ele>2559.5313219756</ele></trkpt>
      <trkpt lat="45.40435" lon="6.8936"><ele>2559.5371135465</ele></trkpt>
      <trkpt lat="45.40432" lon="6.89349"><ele>2559.4635724374</ele></trkpt>
      <trkpt lat="45.40431" lon="6.89342"><ele>2559.4787511718</ele></trkpt>
      <trkpt lat="45.40433" lon="6.89331"><ele>2559.7536231055</ele></trkpt>
      <trkpt lat="45.40435" lon="6.89326"><ele>2560.0110089459</ele></trkpt>
      <trkpt lat="45.40435" lon="6.8932"><ele>2560.041006457</ele></trkpt>
      <trkpt lat="45.40436" lon="6.89311"><ele>2560.1093312344</ele></trkpt>
      <trkpt lat="45.40434" lon="6.89304"><ele>2559.7623719456</ele></trkpt>
      <trkpt lat="45.40432" lon="6.89292"><ele>2559.2504314988</ele></trkpt>
      <trkpt lat="45.40429" lon="6.89275"><ele>2558.8624078758</ele></trkpt>
      <trkpt lat="45.40426" lon="6.89265"><ele>2558.6632764867</ele></trkpt>
      <trkpt lat="45.40422" lon="6.8925"><ele>2558.7604768322</ele></trkpt>
      <trkpt lat="45.40418" lon="6.89235"><ele>2559.5402689334</ele></trkpt>
      <trkpt lat="45.40417" lon="6.8922"><ele>2560.5798053885</ele></trkpt>
      <trkpt lat="45.40413" lon="6.89215"><ele>2560.5342506971</ele></trkpt>
      <trkpt lat="45.40407" lon="6.89199"><ele>2561.1020116265</ele></trkpt>
      <trkpt lat="45.40404" lon="6.89183"><ele>2561.6688333363</ele></trkpt>
      <trkpt lat="45.40405" lon="6.89172"><ele>2562.3754091858</ele></trkpt>
      <trkpt lat="45.40403" lon="6.89162"><ele>2562.4076675062</ele></trkpt>
      <trkpt lat="45.40397" lon="6.89151"><ele>2561.3395114583</ele></trkpt>
      <trkpt lat="45.4039" lon="6.8914"><ele>2559.6304395483</ele></trkpt>
      <trkpt lat="45.40383" lon="6.89126"><ele>2558.2004608389</ele></trkpt>
      <trkpt lat="45.40374" lon="6.89109"><ele>2557.0319086356</ele></trkpt>
      <trkpt lat="45.4037" lon="6.89092"><ele>2557.0389916251</ele></trkpt>
      <trkpt lat="45.40364" lon="6.89078"><ele>2556.9787345343</ele></trkpt>
      <trkpt lat="45.40361" lon="6.89065"><ele>2557.4509857037</ele></trkpt>
      <trkpt lat="45.4036" lon="6.89048"><ele>2559.0685584142</ele></trkpt>
      <trkpt lat="45.40358" lon="6.89033"><ele>2559.9949308455</ele></trkpt>
      <trkpt lat="45.40354" lon="6.89015"><ele>2559.59798809</ele></trkpt>
      <trkpt lat="45.4035" lon="6.89008"><ele>2558.4876680682</ele></trkpt>
      <trkpt lat="45.40349" lon="6.89"><ele>2558.5535732975</ele></trkpt>
      <trkpt lat="45.40351" lon="6.88995"><ele>2559.6054216849</ele></trkpt>
      <trkpt lat="45.40351" lon="6.88989"><ele>2560.0921402774</ele></trkpt>
      <trkpt lat="45.40348" lon="6.88984"><ele>2559.4045751937</ele></trkpt>
      <trkpt lat="45.40342" lon="6.88974"><ele>2558.5606197034</ele></trkpt>
      <trkpt lat="45.40338" lon="6.88955"><ele>2560.5088620127</ele></trkpt>
      <trkpt lat="45.4033" lon="6.88938"><ele>2561.5030022813</ele></trkpt>
      <trkpt lat="45.4032" lon="6.88921"><ele>2561.7493816977</ele></trkpt>
      <trkpt lat="45.40312" lon="6.88903"><ele>2562.2677460775</ele></trkpt>
      <trkpt lat="45.40308" lon="6.88896"><ele>2562.0778282026</ele></trkpt>
      <trkpt lat="45.40298" lon="6.88876"><ele>2561.0588364906</ele></trkpt>
      <trkpt lat="45.40289" lon="6.88863"><ele>2560.9695596031</ele></trkpt>
      <trkpt lat="45.40281" lon="6.88849"><ele>2560.4316902917</ele></trkpt>
      <trkpt lat="45.40276" lon="6.88831"><ele>2562.2348897215</ele></trkpt>
      <trkpt lat="45.40271" lon="6.88814"><ele>2563.7857470853</ele></trkpt>
      <trkpt lat="45.40267" lon="6.88806"><ele>2564.180134245</ele></trkpt>
      <trkpt lat="45.40257" lon="6.88783"><ele>2566.258888382</ele></trkpt>
      <trkpt lat="45.40253" lon="6.88778"><ele>2565.7899641286</ele></trkpt>
      <trkpt lat="45.40251" lon="6.88774"><ele>2565.8470085817</ele></trkpt>
      <trkpt lat="45.40247" lon="6.88769"><ele>2565.3822268</ele></trkpt>
      <trkpt lat="45.40238" lon="6.88755"><ele>2564.9149462798</ele></trkpt>
      <trkpt lat="45.40228" lon="6.88736"><ele>2564.5217822397</ele></trkpt>
      <trkpt lat="45.40221" lon="6.88718"><ele>2564.7464444268</ele></trkpt>
      <trkpt lat="45.40215" lon="6.88703"><ele>2564.0794173444</ele></trkpt>
      <trkpt lat="45.40206" lon="6.88688"><ele>2562.280640975</ele></trkpt>
      <trkpt lat="45.40198" lon="6.88675"><ele>2561.556920535</ele></trkpt>
      <trkpt lat="45.40184" lon="6.88656"><ele>2559.7318246957</ele></trkpt>
      <trkpt lat="45.40172" lon="6.88641"><ele>2560.3280989742</ele></trkpt>
      <trkpt lat="45.40159" lon="6.88629"><ele>2560.5295250179</ele></trkpt>
      <trkpt lat="45.40145" lon="6.88621"><ele>2560.9289756694</ele></trkpt>
      <trkpt lat="45.40132" lon="6.88618"><ele>2562.007019503</ele></trkpt>
      <trkpt lat="45.4012" lon="6.88616"><ele>2562.6783968637</ele></trkpt>
      <trkpt lat="45.40111" lon="6.8862"><ele>2561.3881687862</ele></trkpt>
      <trkpt lat="45.40101" lon="6.88627"><ele>2559.5459736342</ele></trkpt>
      <trkpt lat="45.40084" lon="6.88633"><ele>2558.7627044534</ele></trkpt>
      <trkpt lat="45.40069" lon="6.88636"><ele>2559.0416257029</ele></trkpt>
      <trkpt lat="45.40051" lon="6.88643"><ele>2559.4251336983</ele></trkpt>
      <trkpt lat="45.40041" lon="6.88642"><ele>2560.2220219092</ele></trkpt>
      <trkpt lat="45.40033" lon="6.88644"><ele>2560.6576943007</ele></trkpt>
      <trkpt lat="45.40028" lon="6.88647"><ele>2560.87887759</ele></trkpt>
      <trkpt lat="45.40016" lon="6.88654"><ele>2561.3921190578</ele></trkpt>
      <trkpt lat="45.40006" lon="6.88659"><ele>2562.2538917123</ele></trkpt>
      <trkpt lat="45.40001" lon="6.88659"><ele>2563.2300106048</ele></trkpt>
      <trkpt lat="45.39995" lon="6.88666"><ele>2562.9001142188</ele></trkpt>
      <trkpt lat="45.39988" lon="6.88675"><ele>2561.7975905827</ele></trkpt>
      <trkpt lat="45.39982" lon="6.88681"><ele>2560.1308935313</ele></trkpt>
      <trkpt lat="45.39978" lon="6.88687"><ele>2558.6035816474</ele></trkpt>
      <trkpt lat="45.39975" lon="6.88694"><ele>2557.5046571159</ele></trkpt>
      <trkpt lat="45.3997" lon="6.88695"><ele>2557.0616556271</ele></trkpt>
      <trkpt lat="45.39966" lon="6.88694"><ele>2556.7799336834</ele></trkpt>
      <trkpt lat="45.3996" lon="6.88689"><ele>2556.1302818147</ele></trkpt>
      <trkpt lat="45.39954" lon="6.88686"><ele>2555.4572899171</ele></trkpt>
      <trkpt lat="45.39947" lon="6.88681"><ele>2554.929201819</ele></trkpt>
      <trkpt lat="45.39946" lon="6.88675"><ele>2555.7656040998</ele></trkpt>
      <trkpt lat="45.39941" lon="6.88674"><ele>2554.5275038898</ele></trkpt>
      <trkpt lat="45.39931" lon="6.88669"><ele>2552.2093361085</ele></trkpt>
      <trkpt lat="45.39926" lon="6.88664"><ele>2551.4798205026</ele></trkpt>
      <trkpt lat="45.3992" lon="6.88654"><ele>2551.0696195497</ele></trkpt>
      <trkpt lat="45.39913" lon="6.88649"><ele>2549.3715329488</ele></trkpt>
      <trkpt lat="45.39907" lon="6.88644"><ele>2548.1539563785</ele></trkpt>
      <trkpt lat="45.39901" lon="6.88639"><ele>2546.8583644468</ele></trkpt>
      <trkpt lat="45.39891" lon="6.88631"><ele>2543.3843992095</ele></trkpt>
      <trkpt lat="45.39884" lon="6.88625"><ele>2540.6713960879</ele></trkpt>
      <trkpt lat="45.39875" lon="6.88618"><ele>2537.1474739371</ele></trkpt>
      <trkpt lat="45.3987" lon="6.88616"><ele>2535.1283467186</ele></trkpt>
      <trkpt lat="45.39867" lon="6.88611"><ele>2534.3609872555</ele></trkpt>
      <trkpt lat="45.39863" lon="6.88612"><ele>2532.4406777429</ele></trkpt>
      <trkpt lat="45.39857" lon="6.88608"><ele>2530.2677061442</ele></trkpt>
      <trkpt lat="45.39853" lon="6.88601"><ele>2529.5050114416</ele></trkpt>
      <trkpt lat="45.39849" lon="6.88593"><ele>2529.7007146668</ele></trkpt>
      <trkpt lat="45.39844" lon="6.88591"><ele>2526.9199002413</ele></trkpt>
      <trkpt lat="45.39837" lon="6.88585"><ele>2524.7174593877</ele></trkpt>
      <trkpt lat="45.39831" lon="6.88575"><ele>2523.2883050658</ele></trkpt>
      <trkpt lat="45.39825" lon="6.88561"><ele>2521.7313838327</ele></trkpt>
      <trkpt lat="45.39824" lon="6.88554"><ele>2521.5100434821</ele></trkpt>
      <trkpt lat="45.3982" lon="6.88547"><ele>2519.6272272997</ele></trkpt>
      <trkpt lat="45.39818" lon="6.88529"><ele>2518.9541180164</ele></trkpt>
      <trkpt lat="45.39818" lon="6.88525"><ele>2519.0249742363</ele></trkpt>
      <trkpt lat="45.39814" lon="6.88519"><ele>2516.8423641804</ele></trkpt>
      <trkpt lat="45.39811" lon="6.88511"><ele>2515.4657370906</ele></trkpt>
      <trkpt lat="45.39806" lon="6.88504"><ele>2513.082003062</ele></trkpt>
      <trkpt lat="45.39802" lon="6.885"><ele>2511.2038820943</ele></trkpt>
      <trkpt lat="45.39799" lon="6.88492"><ele>2510.4063181266</ele></trkpt>
      <trkpt lat="45.39798" lon="6.88487"><ele>2510.2852152458</ele></trkpt>
      <trkpt lat="45.39796" lon="6.88481"><ele>2509.6850634984</ele></trkpt>
      <trkpt lat="45.39793" lon="6.88478"><ele>2508.3222937799</ele></trkpt>
      <trkpt lat="45.39792" lon="6.88473"><ele>2508.1111120581</ele></trkpt>
      <trkpt lat="45.39791" lon="6.88469"><ele>2507.8603039754</ele></trkpt>
      <trkpt lat="45.39788" lon="6.88462"><ele>2507.3791077373</ele></trkpt>
      <trkpt lat="45.39789" lon="6.88458"><ele>2508.1152824544</ele></trkpt>
      <trkpt lat="45.39786" lon="6.88452"><ele>2507.5865436953</ele></trkpt>
      <trkpt lat="45.39783" lon="6.88446"><ele>2507.0441594939</ele></trkpt>
      <trkpt lat="45.39781" lon="6.88443"><ele>2506.564538305</ele></trkpt>
      <trkpt lat="45.39781" lon="6.88439"><ele>2506.8982847143</ele></trkpt>
      <trkpt lat="45.39778" lon="6.88432"><ele>2506.1528307341</ele></trkpt>
      <trkpt lat="45.39777" lon="6.88425"><ele>2506.0242696318</ele></trkpt>
      <trkpt lat="45.39774" lon="6.88417"><ele>2505.0619400835</ele></trkpt>
      <trkpt lat="45.39771" lon="6.88412"><ele>2503.9096244562</ele></trkpt>
      <trkpt lat="45.39766" lon="6.88403"><ele>2501.822320889</ele></trkpt>
      <trkpt lat="45.39762" lon="6.88394"><ele>2500.0467848667</ele></trkpt>
      <trkpt lat="45.39758" lon="6.88386"><ele>2498.1289221242</ele></trkpt>
      <trkpt lat="45.39757" lon="6.8838"><ele>2497.6021186113</ele></trkpt>
      <trkpt lat="45.39755" lon="6.88379"><ele>2496.5982406806</ele></trkpt>
      <trkpt lat="45.39753" lon="6.88379"><ele>2495.601815266</ele></trkpt>
      <trkpt lat="45.39752" lon="6.88376"><ele>2495.0534879647</ele></trkpt>
      <trkpt lat="45.39746" lon="6.88371"><ele>2492.0578544955</ele></trkpt>
      <trkpt lat="45.39737" lon="6.88359"><ele>2487.5196222914</ele></trkpt>
      <trkpt lat="45.3973" lon="6.88341"><ele>2483.5335109188</ele></trkpt>
      <trkpt lat="45.39723" lon="6.88321"><ele>2478.8080689446</ele></trkpt>
      <trkpt lat="45.39719" lon="6.88309"><ele>2476.8767380118</ele></trkpt>
      <trkpt lat="45.39714" lon="6.88296"><ele>2475.3072424813</ele></trkpt>
      <trkpt lat="45.39714" lon="6.88305"><ele>2475.7152021442</ele></trkpt>
      <trkpt lat="45.39715" lon="6.88311"><ele>2476.2078391415</ele></trkpt>
      <trkpt lat="45.39715" lon="6.88319"><ele>2476.9404998216</ele></trkpt>
      <trkpt lat="45.39715" lon="6.88326"><ele>2477.5926121455</ele></trkpt>
      <trkpt lat="45.39718" lon="6.88338"><ele>2479.4306678524</ele></trkpt>
      <trkpt lat="45.39722" lon="6.88351"><ele>2481.328500193</ele></trkpt>
      <trkpt lat="45.3972" lon="6.88364"><ele>2481.3977053357</ele></trkpt>
      <trkpt lat="45.39718" lon="6.88374"><ele>2481.3000831879</ele></trkpt>
      <trkpt lat="45.39711" lon="6.88372"><ele>2479.3718530152</ele></trkpt>
      <trkpt lat="45.39702" lon="6.88373"><ele>2477.2161054744</ele></trkpt>
      <trkpt lat="45.39698" lon="6.8838"><ele>2476.706120997</ele></trkpt>
      <trkpt lat="45.39697" lon="6.88367"><ele>2476.2063285603</ele></trkpt>
      <trkpt lat="45.39696" lon="6.88353"><ele>2475.5034075032</ele></trkpt>
      <trkpt lat="45.39691" lon="6.8834"><ele>2474.1802748361</ele></trkpt>
      <trkpt lat="45.39684" lon="6.88331"><ele>2472.4465924502</ele></trkpt>
      <trkpt lat="45.39678" lon="6.88327"><ele>2471.2528795694</ele></trkpt>
      <trkpt lat="45.39675" lon="6.88318"><ele>2469.9053704995</ele></trkpt>
      <trkpt lat="45.39669" lon="6.88309"><ele>2468.0415814897</ele></trkpt>
      <trkpt lat="45.39664" lon="6.88304"><ele>2466.6430567673</ele></trkpt>
      <trkpt lat="45.39657" lon="6.88288"><ele>2463.3155359311</ele></trkpt>
      <trkpt lat="45.39655" lon="6.88274"><ele>2462.0818811049</ele></trkpt>
      <trkpt lat="45.39648" lon="6.88259"><ele>2461.5866185219</ele></trkpt>
      <trkpt lat="45.39644" lon="6.88237"><ele>2460.4939231402</ele></trkpt>
      <trkpt lat="45.39642" lon="6.88237"><ele>2460.1237414396</ele></trkpt>
      <trkpt lat="45.39641" lon="6.88243"><ele>2460.1969976724</ele></trkpt>
      <trkpt lat="45.39639" lon="6.8824"><ele>2459.7567761812</ele></trkpt>
      <trkpt lat="45.39638" lon="6.8823"><ele>2459.0305753798</ele></trkpt>
      <trkpt lat="45.39635" lon="6.88218"><ele>2457.6379318545</ele></trkpt>
      <trkpt lat="45.39633" lon="6.88211"><ele>2456.4290132489</ele></trkpt>
      <trkpt lat="45.39631" lon="6.88212"><ele>2456.1779164937</ele></trkpt>
      <trkpt lat="45.3963" lon="6.88215"><ele>2456.3952673393</ele></trkpt>
      <trkpt lat="45.39627" lon="6.88211"><ele>2455.280233396</ele></trkpt>
      <trkpt lat="45.39629" lon="6.88198"><ele>2453.853403614</ele></trkpt>
      <trkpt lat="45.39626" lon="6.88188"><ele>2451.5891104869</ele></trkpt>
      <trkpt lat="45.39623" lon="6.88179"><ele>2449.0444691561</ele></trkpt>
      <trkpt lat="45.39625" lon="6.88164"><ele>2445.9307499543</ele></trkpt>
      <trkpt lat="45.39622" lon="6.88157"><ele>2443.6027430566</ele></trkpt>
      <trkpt lat="45.39621" lon="6.8815"><ele>2441.6632155116</ele></trkpt>
      <trkpt lat="45.3962" lon="6.88143"><ele>2439.7405973563</ele></trkpt>
      <trkpt lat="45.39619" lon="6.88134"><ele>2437.3382968154</ele></trkpt>
      <trkpt lat="45.39619" lon="6.88125"><ele>2435.1673365771</ele></trkpt>
      <trkpt lat="45.39618" lon="6.88125"><ele>2434.9952231998</ele></trkpt>
      <trkpt lat="45.39616" lon="6.88132"><ele>2436.2825340202</ele></trkpt>
      <trkpt lat="45.39613" lon="6.88138"><ele>2437.3359091927</ele></trkpt>
      <trkpt lat="45.39612" lon="6.88135"><ele>2436.5456257947</ele></trkpt>
      <trkpt lat="45.39612" lon="6.88125"><ele>2434.2922944225</ele></trkpt>
      <trkpt lat="45.3961" lon="6.88112"><ele>2431.3649040585</ele></trkpt>
      <trkpt lat="45.39609" lon="6.88096"><ele>2428.0273559247</ele></trkpt>
      <trkpt lat="45.3961" lon="6.88079"><ele>2424.6297687404</ele></trkpt>
      <trkpt lat="45.39608" lon="6.88062"><ele>2420.9002231432</ele></trkpt>
      <trkpt lat="45.39604" lon="6.88045"><ele>2417.0025279959</ele></trkpt>
      <trkpt lat="45.39598" lon="6.88036"><ele>2414.324568757</ele></trkpt>
      <trkpt lat="45.39594" lon="6.88022"><ele>2411.5999362368</ele></trkpt>
      <trkpt lat="45.39589" lon="6.88014"><ele>2410.5218491846</ele></trkpt>
      <trkpt lat="45.39585" lon="6.88003"><ele>2409.5537916824</ele></trkpt>
      <trkpt lat="45.39583" lon="6.87988"><ele>2409.3191566513</ele></trkpt>
      <trkpt lat="45.3958" lon="6.87972"><ele>2409.7041675755</ele></trkpt>
      <trkpt lat="45.39576" lon="6.87965"><ele>2409.393950269</ele></trkpt>
      <trkpt lat="45.39571" lon="6.87956"><ele>2408.6986199136</ele></trkpt>
      <trkpt lat="45.39563" lon="6.87938"><ele>2407.3067086615</ele></trkpt>
      <trkpt lat="45.39562" lon="6.87936"><ele>2407.1107796043</ele></trkpt>
      <trkpt lat="45.39558" lon="6.87922"><ele>2405.8316773291</ele></trkpt>
      <trkpt lat="45.39555" lon="6.87911"><ele>2404.8151162336</ele></trkpt>
      <trkpt lat="45.39553" lon="6.879"><ele>2403.8292978639</ele></trkpt>
      <trkpt lat="45.39547" lon="6.87883"><ele>2402.1923925466</ele></trkpt>
      <trkpt lat="45.39544" lon="6.87866"><ele>2401.2604418492</ele></trkpt>
      <trkpt lat="45.39544" lon="6.87855"><ele>2400.9827230818</ele></trkpt>
      <trkpt lat="45.39541" lon="6.87848"><ele>2400.9519991857</ele></trkpt>
      <trkpt lat="45.3954" lon="6.87849"><ele>2401.0250759072</ele></trkpt>
      <trkpt lat="45.39539" lon="6.87855"><ele>2401.2146610645</ele></trkpt>
      <trkpt lat="45.39535" lon="6.87859"><ele>2401.4252423145</ele></trkpt>
      <trkpt lat="45.39529" lon="6.87857"><ele>2401.6376872089</ele></trkpt>
      <trkpt lat="45.39527" lon="6.87854"><ele>2401.7087044858</ele></trkpt>
      <trkpt lat="45.39524" lon="6.87855"><ele>2401.9737796298</ele></trkpt>
      <trkpt lat="45.39519" lon="6.87857"><ele>2402.5628810585</ele></trkpt>
      <trkpt lat="45.39516" lon="6.87862"><ele>2402.9113048689</ele></trkpt>
      <trkpt lat="45.39511" lon="6.87859"><ele>2403.4920108087</ele></trkpt>
      <trkpt lat="45.39506" lon="6.87855"><ele>2404.0953187036</ele></trkpt>
      <trkpt lat="45.39504" lon="6.87847"><ele>2404.3033968391</ele></trkpt>
      <trkpt lat="45.39502" lon="6.87836"><ele>2404.1721003565</ele></trkpt>
      <trkpt lat="45.39498" lon="6.87818"><ele>2402.45168021</ele></trkpt>
      <trkpt lat="45.39495" lon="6.87807"><ele>2401.4804611273</ele></trkpt>
      <trkpt lat="45.39489" lon="6.87792"><ele>2400.9534523206</ele></trkpt>
      <trkpt lat="45.39486" lon="6.87779"><ele>2400.5505833655</ele></trkpt>
      <trkpt lat="45.39483" lon="6.87772"><ele>2400.5946688283</ele></trkpt>
      <trkpt lat="45.3948" lon="6.87767"><ele>2400.8250382119</ele></trkpt>
      <trkpt lat="45.39476" lon="6.87761"><ele>2401.1938280503</ele></trkpt>
      <trkpt lat="45.39473" lon="6.87758"><ele>2401.5448803948</ele></trkpt>
      <trkpt lat="45.39471" lon="6.87753"><ele>2401.6578785674</ele></trkpt>
      <trkpt lat="45.3947" lon="6.87748"><ele>2401.6876472714</ele></trkpt>
      <trkpt lat="45.39471" lon="6.8774"><ele>2401.4001522898</ele></trkpt>
      <trkpt lat="45.3947" lon="6.87731"><ele>2401.4977173159</ele></trkpt>
      <trkpt lat="45.39468" lon="6.87712"><ele>2401.6218983111</ele></trkpt>
      <trkpt lat="45.39465" lon="6.87703"><ele>2401.9621212895</ele></trkpt>
      <trkpt lat="45.39458" lon="6.87688"><ele>2402.4527453844</ele></trkpt>
      <trkpt lat="45.39451" lon="6.87671"><ele>2402.1880737837</ele></trkpt>
      <trkpt lat="45.39444" lon="6.87655"><ele>2401.4547382826</ele></trkpt>
      <trkpt lat="45.39437" lon="6.87645"><ele>2400.6043519998</ele></trkpt>
      <trkpt lat="45.39431" lon="6.87639"><ele>2399.8889300945</ele></trkpt>
      <trkpt lat="45.39425" lon="6.87629"><ele>2398.6295970991</ele></trkpt>
      <trkpt lat="45.39421" lon="6.87624"><ele>2397.9327993747</ele></trkpt>
      <trkpt lat="45.39419" lon="6.87619"><ele>2397.3417948575</ele></trkpt>
      <trkpt lat="45.39416" lon="6.87614"><ele>2396.8158500827</ele></trkpt>
      <trkpt lat="45.39412" lon="6.8761"><ele>2396.5327778793</ele></trkpt>
      <trkpt lat="45.39408" lon="6.87605"><ele>2396.2451052339</ele></trkpt>
      <trkpt lat="45.39405" lon="6.876"><ele>2396.0032842061</ele></trkpt>
      <trkpt lat="45.39401" lon="6.87596"><ele>2395.761556278</ele></trkpt>
      <trkpt lat="45.39399" lon="6.87592"><ele>2395.5371340033</ele></trkpt>
      <trkpt lat="45.39397" lon="6.87587"><ele>2395.4023171415</ele></trkpt>
      <trkpt lat="45.39392" lon="6.87582"><ele>2395.4770605321</ele></trkpt>
      <trkpt lat="45.39388" lon="6.87576"><ele>2395.7401827739</ele></trkpt>
      <trkpt lat="45.39384" lon="6.8757"><ele>2395.8687630714</ele></trkpt>
      <trkpt lat="45.39381" lon="6.87567"><ele>2395.9333578201</ele></trkpt>
      <trkpt lat="45.39374" lon="6.8756"><ele>2395.8866018051</ele></trkpt>
      <trkpt lat="45.3937" lon="6.87554"><ele>2395.6740090566</ele></trkpt>
      <trkpt lat="45.39368" lon="6.87552"><ele>2395.5583628986</ele></trkpt>
      <trkpt lat="45.39366" lon="6.87551"><ele>2395.5431716599</ele></trkpt>
      <trkpt lat="45.39358" lon="6.87545"><ele>2395.3394510938</ele></trkpt>
      <trkpt lat="45.39355" lon="6.8754"><ele>2395.0959425389</ele></trkpt>
      <trkpt lat="45.39354" lon="6.87532"><ele>2394.5251415509</ele></trkpt>
      <trkpt lat="45.3935" lon="6.87527"><ele>2394.3425941698</ele></trkpt>
      <trkpt lat="45.3935" lon="6.87521"><ele>2393.8532587031</ele></trkpt>
      <trkpt lat="45.3935" lon="6.87518"><ele>2393.5783501051</ele></trkpt>
      <trkpt lat="45.3935" lon="6.87516"><ele>2393.3949480859</ele></trkpt>
      <trkpt lat="45.39347" lon="6.8751"><ele>2393.1075134162</ele></trkpt>
      <trkpt lat="45.39343" lon="6.87499"><ele>2392.6959216759</ele></trkpt>
      <trkpt lat="45.39344" lon="6.87488"><ele>2391.8047441813</ele></trkpt>
      <trkpt lat="45.39343" lon="6.8748"><ele>2391.4967599804</ele></trkpt>
      <trkpt lat="45.39342" lon="6.87471"><ele>2391.1449330574</ele></trkpt>
      <trkpt lat="45.39339" lon="6.87467"><ele>2391.437248297</ele></trkpt>
      <trkpt lat="45.39338" lon="6.87462"><ele>2391.3834822751</ele></trkpt>
      <trkpt lat="45.39338" lon="6.87454"><ele>2391.2518051195</ele></trkpt>
      <trkpt lat="45.39338" lon="6.87444"><ele>2391.135296675</ele></trkpt>
      <trkpt lat="45.39338" lon="6.87435"><ele>2391.1168828333</ele></trkpt>
      <trkpt lat="45.39338" lon="6.87425"><ele>2390.8956728528</ele></trkpt>
      <trkpt lat="45.39339" lon="6.87419"><ele>2390.5779347465</ele></trkpt>
      <trkpt lat="45.39342" lon="6.87416"><ele>2390.0228595356</ele></trkpt>
      <trkpt lat="45.39343" lon="6.87413"><ele>2389.815673342</ele></trkpt>
      <trkpt lat="45.39344" lon="6.8741"><ele>2389.6200851392</ele></trkpt>
      <trkpt lat="45.39346" lon="6.87405"><ele>2389.2216658143</ele></trkpt>
      <trkpt lat="45.39346" lon="6.87394"><ele>2388.8960050919</ele></trkpt>
      <trkpt lat="45.39346" lon="6.87385"><ele>2388.5814322919</ele></trkpt>
      <trkpt lat="45.39347" lon="6.87377"><ele>2388.1401741691</ele></trkpt>
      <trkpt lat="45.39346" lon="6.87362"><ele>2387.5099169914</ele></trkpt>
      <trkpt lat="45.39347" lon="6.87347"><ele>2386.3547501921</ele></trkpt>
      <trkpt lat="45.39346" lon="6.87337"><ele>2385.81999574</ele></trkpt>
      <trkpt lat="45.39346" lon="6.87327"><ele>2385.1926810313</ele></trkpt>
      <trkpt lat="45.39346" lon="6.87315"><ele>2384.414460399</ele></trkpt>
      <trkpt lat="45.39346" lon="6.87308"><ele>2384.0234230688</ele></trkpt>
      <trkpt lat="45.39347" lon="6.87299"><ele>2383.3702572057</ele></trkpt>
      <trkpt lat="45.39346" lon="6.87289"><ele>2382.981218954</ele></trkpt>
      <trkpt lat="45.39343" lon="6.87282"><ele>2383.1778099133</ele></trkpt>
      <trkpt lat="45.39339" lon="6.87276"><ele>2383.7362580364</ele></trkpt>
      <trkpt lat="45.39339" lon="6.87271"><ele>2383.6399673785</ele></trkpt>
      <trkpt lat="45.3934" lon="6.87266"><ele>2383.4098818444</ele></trkpt>
      <trkpt lat="45.39342" lon="6.87246"><ele>2382.904671294</ele></trkpt>
      <trkpt lat="45.39342" lon="6.87237"><ele>2382.3773036564</ele></trkpt>
      <trkpt lat="45.39343" lon="6.87229"><ele>2381.1038175249</ele></trkpt>
      <trkpt lat="45.39342" lon="6.87222"><ele>2380.5118280706</ele></trkpt>
      <trkpt lat="45.39341" lon="6.87213"><ele>2379.6252970511</ele></trkpt>
      <trkpt lat="45.39338" lon="6.87204"><ele>2379.3381256474</ele></trkpt>
      <trkpt lat="45.39335" lon="6.87195"><ele>2378.9855450953</ele></trkpt>
      <trkpt lat="45.39335" lon="6.87191"><ele>2378.5195113176</ele></trkpt>
      <trkpt lat="45.39333" lon="6.87188"><ele>2378.6345359804</ele></trkpt>
      <trkpt lat="45.39332" lon="6.87178"><ele>2377.6906235503</ele></trkpt>
      <trkpt lat="45.39332" lon="6.87172"><ele>2377.6427035822</ele></trkpt>
      <trkpt lat="45.3933" lon="6.8716"><ele>2377.9343837561</ele></trkpt>
      <trkpt lat="45.39328" lon="6.87156"><ele>2378.294350271</ele></trkpt>
      <trkpt lat="45.39329" lon="6.87151"><ele>2378.0535260099</ele></trkpt>
      <trkpt lat="45.3933" lon="6.87146"><ele>2377.7545159267</ele></trkpt>
      <trkpt lat="45.3933" lon="6.87139"><ele>2377.4959017879</ele></trkpt>
      <trkpt lat="45.39329" lon="6.87135"><ele>2377.4646997421</ele></trkpt>
      <trkpt lat="45.39326" lon="6.87128"><ele>2377.5627458944</ele></trkpt>
      <trkpt lat="45.39325" lon="6.87126"><ele>2377.679341742</ele></trkpt>
      <trkpt lat="45.39325" lon="6.87121"><ele>2377.414050896</ele></trkpt>
      <trkpt lat="45.39325" lon="6.87111"><ele>2377.0449932884</ele></trkpt>
      <trkpt lat="45.39325" lon="6.87101"><ele>2376.8273489616</ele></trkpt>
      <trkpt lat="45.39326" lon="6.87085"><ele>2376.2474534808</ele></trkpt>
      <trkpt lat="45.39328" lon="6.87069"><ele>2375.7091221958</ele></trkpt>
      <trkpt lat="45.39329" lon="6.87057"><ele>2375.4142819973</ele></trkpt>
      <trkpt lat="45.39328" lon="6.87047"><ele>2375.1958189198</ele></trkpt>
      <trkpt lat="45.39328" lon="6.87042"><ele>2375.0081982714</ele></trkpt>
      <trkpt lat="45.39327" lon="6.8704"><ele>2375.0465105771</ele></trkpt>
      <trkpt lat="45.39327" lon="6.87025"><ele>2374.4270185868</ele></trkpt>
      <trkpt lat="45.39328" lon="6.87014"><ele>2373.5982107701</ele></trkpt>
      <trkpt lat="45.3933" lon="6.87006"><ele>2372.7134886888</ele></trkpt>
      <trkpt lat="45.3933" lon="6.86994"><ele>2371.7348177553</ele></trkpt>
      <trkpt lat="45.39331" lon="6.86984"><ele>2371.1970824617</ele></trkpt>
      <trkpt lat="45.39331" lon="6.86976"><ele>2371.161528395</ele></trkpt>
      <trkpt lat="45.39333" lon="6.86966"><ele>2370.8614896325</ele></trkpt>
      <trkpt lat="45.39335" lon="6.86947"><ele>2369.8623449551</ele></trkpt>
      <trkpt lat="45.39339" lon="6.86936"><ele>2368.6709939923</ele></trkpt>
      <trkpt lat="45.3934" lon="6.86925"><ele>2367.7897646928</ele></trkpt>
      <trkpt lat="45.3934" lon="6.86913"><ele>2366.9509038927</ele></trkpt>
      <trkpt lat="45.39339" lon="6.86904"><ele>2366.5262436381</ele></trkpt>
      <trkpt lat="45.39338" lon="6.869"><ele>2366.3665962213</ele></trkpt>
      <trkpt lat="45.39337" lon="6.86897"><ele>2366.272225572</ele></trkpt>
      <trkpt lat="45.39339" lon="6.86887"><ele>2365.4359218603</ele></trkpt>
      <trkpt lat="45.39346" lon="6.86857"><ele>2362.6413217425</ele></trkpt>
      <trkpt lat="45.39348" lon="6.86847"><ele>2361.5181212125</ele></trkpt>
      <trkpt lat="45.39349" lon="6.86834"><ele>2360.3279856398</ele></trkpt>
      <trkpt lat="45.39347" lon="6.86817"><ele>2359.4644638423</ele></trkpt>
      <trkpt lat="45.39346" lon="6.86806"><ele>2358.8577004948</ele></trkpt>
      <trkpt lat="45.39349" lon="6.8679"><ele>2356.4019176247</ele></trkpt>
      <trkpt lat="45.39348" lon="6.86773"><ele>2354.6095566461</ele></trkpt>
      <trkpt lat="45.39346" lon="6.86758"><ele>2352.6694718442</ele></trkpt>
      <trkpt lat="45.39344" lon="6.86748"><ele>2351.3179283422</ele></trkpt>
      <trkpt lat="45.39343" lon="6.86732"><ele>2349.8171695611</ele></trkpt>
      <trkpt lat="45.39344" lon="6.86723"><ele>2349.6941857267</ele></trkpt>
      <trkpt lat="45.39345" lon="6.86706"><ele>2349.9409835651</ele></trkpt>
      <trkpt lat="45.39345" lon="6.86693"><ele>2350.052476991</ele></trkpt>
      <trkpt lat="45.39343" lon="6.86682"><ele>2350.4727652741</ele></trkpt>
      <trkpt lat="45.39343" lon="6.86672"><ele>2349.577180317</ele></trkpt>
      <trkpt lat="45.39344" lon="6.86666"><ele>2347.6709905695</ele></trkpt>
      <trkpt lat="45.39349" lon="6.86657"><ele>2343.9202837057</ele></trkpt>
      <trkpt lat="45.39352" lon="6.8665"><ele>2341.1619273676</ele></trkpt>
      <trkpt lat="45.39352" lon="6.86644"><ele>2339.352320872</ele></trkpt>
      <trkpt lat="45.39353" lon="6.86633"><ele>2336.711002604</ele></trkpt>
      <trkpt lat="45.39351" lon="6.86626"><ele>2335.5769109073</ele></trkpt>
      <trkpt lat="45.39347" lon="6.86617"><ele>2334.3686019742</ele></trkpt>
      <trkpt lat="45.39345" lon="6.8661"><ele>2333.4462349179</ele></trkpt>
      <trkpt lat="45.39343" lon="6.86607"><ele>2333.530490171</ele></trkpt>
      <trkpt lat="45.39341" lon="6.86604"><ele>2333.6158739896</ele></trkpt>
      <trkpt lat="45.3934" lon="6.86594"><ele>2332.9663316063</ele></trkpt>
      <trkpt lat="45.39338" lon="6.86586"><ele>2332.5736411469</ele></trkpt>
      <trkpt lat="45.39334" lon="6.86575"><ele>2332.28586501</ele></trkpt>
      <trkpt lat="45.39332" lon="6.86565"><ele>2331.8822403984</ele></trkpt>
      <trkpt lat="45.39332" lon="6.86556"><ele>2331.295814247</ele></trkpt>
      <trkpt lat="45.39332" lon="6.86548"><ele>2330.7937239153</ele></trkpt>
      <trkpt lat="45.3933" lon="6.86537"><ele>2330.3681383045</ele></trkpt>
      <trkpt lat="45.39329" lon="6.8653"><ele>2330.0959762092</ele></trkpt>
      <trkpt lat="45.3933" lon="6.86521"><ele>2329.6748645882</ele></trkpt>
      <trkpt lat="45.39328" lon="6.86506"><ele>2329.176907309</ele></trkpt>
      <trkpt lat="45.39326" lon="6.86489"><ele>2328.7086532099</ele></trkpt>
      <trkpt lat="45.39325" lon="6.86476"><ele>2328.4137773305</ele></trkpt>
      <trkpt lat="45.39321" lon="6.86462"><ele>2328.2562626437</ele></trkpt>
      <trkpt lat="45.39318" lon="6.86447"><ele>2328.3391541771</ele></trkpt>
      <trkpt lat="45.39317" lon="6.86438"><ele>2328.5663389196</ele></trkpt>
      <trkpt lat="45.39317" lon="6.86418"><ele>2329.1643780245</ele></trkpt>
      <trkpt lat="45.39317" lon="6.864"><ele>2330.4861301962</ele></trkpt>
      <trkpt lat="45.39316" lon="6.86389"><ele>2330.8115123778</ele></trkpt>
      <trkpt lat="45.39314" lon="6.86384"><ele>2330.4202762917</ele></trkpt>
      <trkpt lat="45.39312" lon="6.86379"><ele>2329.9640455292</ele></trkpt>
      <trkpt lat="45.39313" lon="6.86372"><ele>2329.3536285307</ele></trkpt>
      <trkpt lat="45.39313" lon="6.86365"><ele>2328.7765163507</ele></trkpt>
      <trkpt lat="45.39312" lon="6.8636"><ele>2328.3226974783</ele></trkpt>
      <trkpt lat="45.39309" lon="6.86354"><ele>2327.7231928254</ele></trkpt>
      <trkpt lat="45.39306" lon="6.86348"><ele>2327.2524789658</ele></trkpt>
      <trkpt lat="45.39305" lon="6.86339"><ele>2326.2580877098</ele></trkpt>
      <trkpt lat="45.39304" lon="6.86332"><ele>2325.5303659712</ele></trkpt>
      <trkpt lat="45.39303" lon="6.86322"><ele>2325.0921251412</ele></trkpt>
      <trkpt lat="45.39302" lon="6.86313"><ele>2325.0983130848</ele></trkpt>
      <trkpt lat="45.39301" lon="6.86298"><ele>2325.0041829923</ele></trkpt>
      <trkpt lat="45.39298" lon="6.86284"><ele>2325.2901617934</ele></trkpt>
      <trkpt lat="45.39297" lon="6.86274"><ele>2325.5136054025</ele></trkpt>
      <trkpt lat="45.39296" lon="6.86261"><ele>2325.7671560371</ele></trkpt>
      <trkpt lat="45.39295" lon="6.86251"><ele>2325.927950415</ele></trkpt>
      <trkpt lat="45.39293" lon="6.86232"><ele>2326.4447418149</ele></trkpt>
      <trkpt lat="45.39292" lon="6.86221"><ele>2326.6158671483</ele></trkpt>
      <trkpt lat="45.39288" lon="6.86197"><ele>2327.1968323002</ele></trkpt>
      <trkpt lat="45.39286" lon="6.86182"><ele>2326.9212145563</ele></trkpt>
      <trkpt lat="45.39283" lon="6.86169"><ele>2327.2115305504</ele></trkpt>
      <trkpt lat="45.39285" lon="6.8615"><ele>2326.2403196128</ele></trkpt>
      <trkpt lat="45.39285" lon="6.86137"><ele>2326.2115857462</ele></trkpt>
      <trkpt lat="45.39284" lon="6.86117"><ele>2327.3063199887</ele></trkpt>
      <trkpt lat="45.39284" lon="6.86101"><ele>2327.2911595332</ele></trkpt>
      <trkpt lat="45.39286" lon="6.86088"><ele>2326.2701606292</ele></trkpt>
      <trkpt lat="45.39288" lon="6.86076"><ele>2325.39376662</ele></trkpt>
      <trkpt lat="45.39288" lon="6.8607"><ele>2325.0850884877</ele></trkpt>
      <trkpt lat="45.39288" lon="6.86058"><ele>2324.4601494585</ele></trkpt>
      <trkpt lat="45.39286" lon="6.86032"><ele>2323.2701200456</ele></trkpt>
      <trkpt lat="45.39285" lon="6.86013"><ele>2322.6256356594</ele></trkpt>
      <trkpt lat="45.39284" lon="6.86004"><ele>2322.7327790379</ele></trkpt>
      <trkpt lat="45.39284" lon="6.85989"><ele>2322.6545713764</ele></trkpt>
      <trkpt lat="45.39285" lon="6.85978"><ele>2322.0793065189</ele></trkpt>
      <trkpt lat="45.39287" lon="6.85965"><ele>2320.8717662964</ele></trkpt>
      <trkpt lat="45.39287" lon="6.85947"><ele>2319.7872517277</ele></trkpt>
      <trkpt lat="45.39287" lon="6.85924"><ele>2318.460027597</ele></trkpt>
      <trkpt lat="45.39287" lon="6.85901"><ele>2318.6490829462</ele></trkpt>
      <trkpt lat="45.39286" lon="6.85883"><ele>2318.9222347371</ele></trkpt>
      <trkpt lat="45.39286" lon="6.85862"><ele>2317.2700455023</ele></trkpt>
      <trkpt lat="45.39288" lon="6.85856"><ele>2316.0838908366</ele></trkpt>
      <trkpt lat="45.39289" lon="6.85842"><ele>2314.7552429216</ele></trkpt>
      <trkpt lat="45.39289" lon="6.85828"><ele>2313.7334176144</ele></trkpt>
      <trkpt lat="45.39288" lon="6.85819"><ele>2313.2193478691</ele></trkpt>
      <trkpt lat="45.39287" lon="6.85808"><ele>2312.3268868698</ele></trkpt>
      <trkpt lat="45.39289" lon="6.85788"><ele>2309.2495700325</ele></trkpt>
      <trkpt lat="45.3929" lon="6.85761"><ele>2305.4007205024</ele></trkpt>
      <trkpt lat="45.39291" lon="6.85755"><ele>2303.9147598226</ele></trkpt>
      <trkpt lat="45.3929" lon="6.85746"><ele>2302.6924878324</ele></trkpt>
      <trkpt lat="45.39289" lon="6.85729"><ele>2300.122618406</ele></trkpt>
      <trkpt lat="45.39287" lon="6.85709"><ele>2297.5519790823</ele></trkpt>
      <trkpt lat="45.39288" lon="6.85696"><ele>2295.3112309725</ele></trkpt>
      <trkpt lat="45.39284" lon="6.85684"><ele>2296.4057406985</ele></trkpt>
      <trkpt lat="45.39282" lon="6.8567"><ele>2297.0800792352</ele></trkpt>
      <trkpt lat="45.39283" lon="6.85664"><ele>2296.1948218511</ele></trkpt>
      <trkpt lat="45.39282" lon="6.85658"><ele>2296.9068007315</ele></trkpt>
      <trkpt lat="45.39281" lon="6.8565"><ele>2297.5821376726</ele></trkpt>
      <trkpt lat="45.39281" lon="6.85642"><ele>2297.5283535606</ele></trkpt>
      <trkpt lat="45.39281" lon="6.8563"><ele>2297.6871047888</ele></trkpt>
      <trkpt lat="45.39279" lon="6.85623"><ele>2299.2968686516</ele></trkpt>
      <trkpt lat="45.3928" lon="6.85612"><ele>2299.1424223504</ele></trkpt>
      <trkpt lat="45.39279" lon="6.85602"><ele>2299.7948004773</ele></trkpt>
      <trkpt lat="45.39277" lon="6.85593"><ele>2300.4462050808</ele></trkpt>
      <trkpt lat="45.39277" lon="6.85587"><ele>2299.9232204868</ele></trkpt>
      <trkpt lat="45.39278" lon="6.85582"><ele>2298.9202445651</ele></trkpt>
      <trkpt lat="45.39277" lon="6.85576"><ele>2299.0104828642</ele></trkpt>
      <trkpt lat="45.39274" lon="6.85561"><ele>2299.2857243295</ele></trkpt>
      <trkpt lat="45.39271" lon="6.85546"><ele>2298.4958751476</ele></trkpt>
      <trkpt lat="45.39271" lon="6.85534"><ele>2298.2458520366</ele></trkpt>
      <trkpt lat="45.39273" lon="6.85524"><ele>2297.039369951</ele></trkpt>
      <trkpt lat="45.39273" lon="6.85515"><ele>2296.6231438072</ele></trkpt>
      <trkpt lat="45.39273" lon="6.8551"><ele>2296.479001585</ele></trkpt>
      <trkpt lat="45.39274" lon="6.85507"><ele>2296.1122311779</ele></trkpt>
      <trkpt lat="45.39277" lon="6.85503"><ele>2295.0813546268</ele></trkpt>
      <trkpt lat="45.39277" lon="6.85497"><ele>2295.0813546268</ele></trkpt>
      <trkpt lat="45.39277" lon="6.85489"><ele>2295.0813546268</ele></trkpt>
      <trkpt lat="45.39275" lon="6.85475"><ele>2295.6007189126</ele></trkpt>
      <trkpt lat="45.39276" lon="6.85468"><ele>2294.8812545775</ele></trkpt>
      <trkpt lat="45.39275" lon="6.85463"><ele>2294.8904728526</ele></trkpt>
      <trkpt lat="45.39274" lon="6.85459"><ele>2294.9186102515</ele></trkpt>
      <trkpt lat="45.39273" lon="6.85454"><ele>2294.8527526573</ele></trkpt>
      <trkpt lat="45.39274" lon="6.85446"><ele>2294.1050522134</ele></trkpt>
      <trkpt lat="45.39273" lon="6.85439"><ele>2293.8436189256</ele></trkpt>
      <trkpt lat="45.39271" lon="6.85433"><ele>2293.9472973943</ele></trkpt>
      <trkpt lat="45.39271" lon="6.85428"><ele>2293.6115276902</ele></trkpt>
      <trkpt lat="45.39269" lon="6.85422"><ele>2293.800373101</ele></trkpt>
      <trkpt lat="45.39267" lon="6.85416"><ele>2294.2020187082</ele></trkpt>
      <trkpt lat="45.39263" lon="6.85409"><ele>2295.4795989076</ele></trkpt>
      <trkpt lat="45.39259" lon="6.85404"><ele>2297.1459659099</ele></trkpt>
      <trkpt lat="45.39259" lon="6.85398"><ele>2297.1257049834</ele></trkpt>
      <trkpt lat="45.39262" lon="6.85394"><ele>2295.9566756382</ele></trkpt>
      <trkpt lat="45.39267" lon="6.85388"><ele>2294.7519112475</ele></trkpt>
      <trkpt lat="45.39268" lon="6.85381"><ele>2295.0097343992</ele></trkpt>
      <trkpt lat="45.3927" lon="6.85376"><ele>2295.198594825</ele></trkpt>
      <trkpt lat="45.39273" lon="6.85372"><ele>2294.9647428515</ele></trkpt>
      <trkpt lat="45.39277" lon="6.85363"><ele>2295.018254339</ele></trkpt>
      <trkpt lat="45.3928" lon="6.85348"><ele>2295.1563873745</ele></trkpt>
      <trkpt lat="45.39281" lon="6.85338"><ele>2294.3131188982</ele></trkpt>
      <trkpt lat="45.3928" lon="6.85328"><ele>2294.025494913</ele></trkpt>
      <trkpt lat="45.39277" lon="6.85314"><ele>2293.2731757402</ele></trkpt>
      <trkpt lat="45.39275" lon="6.85297"><ele>2290.8802340616</ele></trkpt>
      <trkpt lat="45.39272" lon="6.85286"><ele>2289.6297022127</ele></trkpt>
      <trkpt lat="45.39272" lon="6.85279"><ele>2288.4626950253</ele></trkpt>
      <trkpt lat="45.39263" lon="6.85266"><ele>2287.7361293315</ele></trkpt>
      <trkpt lat="45.39256" lon="6.85267"><ele>2289.3421835181</ele></trkpt>
      <trkpt lat="45.39254" lon="6.85268"><ele>2289.9902623939</ele></trkpt>
      <trkpt lat="45.3925" lon="6.85267"><ele>2290.7075669339</ele></trkpt>
      <trkpt lat="45.39249" lon="6.85262"><ele>2290.0719184764</ele></trkpt>
      <trkpt lat="45.3925" lon="6.8525"><ele>2287.8729578481</ele></trkpt>
      <trkpt lat="45.39248" lon="6.85241"><ele>2286.8810093421</ele></trkpt>
      <trkpt lat="45.39245" lon="6.85232"><ele>2286.1406860211</ele></trkpt>
      <trkpt lat="45.39244" lon="6.85223"><ele>2285.2278513543</ele></trkpt>
      <trkpt lat="45.39246" lon="6.85214"><ele>2283.8313821235</ele></trkpt>
      <trkpt lat="45.39247" lon="6.85205"><ele>2282.7235479327</ele></trkpt>
      <trkpt lat="45.39247" lon="6.85198"><ele>2282.0382840751</ele></trkpt>
      <trkpt lat="45.39244" lon="6.85189"><ele>2282.1354021822</ele></trkpt>
      <trkpt lat="45.39242" lon="6.85182"><ele>2282.1980577452</ele></trkpt>
      <trkpt lat="45.3924" lon="6.85175"><ele>2282.3234954752</ele></trkpt>
      <trkpt lat="45.3924" lon="6.85167"><ele>2281.5873294449</ele></trkpt>
      <trkpt lat="45.39239" lon="6.85155"><ele>2280.6047719201</ele></trkpt>
      <trkpt lat="45.39236" lon="6.85146"><ele>2280.6198410973</ele></trkpt>
      <trkpt lat="45.39234" lon="6.8513"><ele>2278.7567219342</ele></trkpt>
      <trkpt lat="45.39232" lon="6.85124"><ele>2278.0034185851</ele></trkpt>
      <trkpt lat="45.3923" lon="6.85117"><ele>2276.7911457486</ele></trkpt>
      <trkpt lat="45.3923" lon="6.85104"><ele>2273.3898105742</ele></trkpt>
      <trkpt lat="45.39227" lon="6.85091"><ele>2270.0251053425</ele></trkpt>
      <trkpt lat="45.39226" lon="6.85082"><ele>2267.1893737392</ele></trkpt>
      <trkpt lat="45.39225" lon="6.85076"><ele>2265.4542118642</ele></trkpt>
      <trkpt lat="45.39219" lon="6.8507"><ele>2265.4844616872</ele></trkpt>
      <trkpt lat="45.39216" lon="6.85066"><ele>2265.378474013</ele></trkpt>
      <trkpt lat="45.39213" lon="6.85059"><ele>2264.8921155038</ele></trkpt>
      <trkpt lat="45.39209" lon="6.85052"><ele>2264.9783992111</ele></trkpt>
      <trkpt lat="45.39208" lon="6.85046"><ele>2264.0461599193</ele></trkpt>
      <trkpt lat="45.3921" lon="6.85038"><ele>2261.4776149827</ele></trkpt>
      <trkpt lat="45.39207" lon="6.85029"><ele>2261.4217558374</ele></trkpt>
      <trkpt lat="45.39203" lon="6.85017"><ele>2261.3884396857</ele></trkpt>
      <trkpt lat="45.392" lon="6.85009"><ele>2261.3708528426</ele></trkpt>
      <trkpt lat="45.39195" lon="6.84997"><ele>2261.4756665223</ele></trkpt>
      <trkpt lat="45.39192" lon="6.84989"><ele>2261.3580519726</ele></trkpt>
      <trkpt lat="45.39189" lon="6.84979"><ele>2260.811054067</ele></trkpt>
      <trkpt lat="45.39186" lon="6.84974"><ele>2261.0018556129</ele></trkpt>
      <trkpt lat="45.39186" lon="6.84967"><ele>2259.806961768</ele></trkpt>
      <trkpt lat="45.39183" lon="6.84958"><ele>2259.2077246166</ele></trkpt>
      <trkpt lat="45.39181" lon="6.84948"><ele>2257.9674588422</ele></trkpt>
      <trkpt lat="45.39176" lon="6.84941"><ele>2258.4467038941</ele></trkpt>
      <trkpt lat="45.39173" lon="6.84927"><ele>2257.7541375883</ele></trkpt>
      <trkpt lat="45.3917" lon="6.84912"><ele>2257.0169736046</ele></trkpt>
      <trkpt lat="45.39169" lon="6.84902"><ele>2256.4220241259</ele></trkpt>
      <trkpt lat="45.3917" lon="6.84894"><ele>2255.6498943544</ele></trkpt>
      <trkpt lat="45.39168" lon="6.84885"><ele>2255.3296657362</ele></trkpt>
      <trkpt lat="45.39162" lon="6.84876"><ele>2255.3522164298</ele></trkpt>
      <trkpt lat="45.39155" lon="6.84866"><ele>2255.220905856</ele></trkpt>
      <trkpt lat="45.39152" lon="6.84856"><ele>2254.4380601905</ele></trkpt>
      <trkpt lat="45.3915" lon="6.84845"><ele>2253.0094376918</ele></trkpt>
      <trkpt lat="45.39146" lon="6.84835"><ele>2251.3960924597</ele></trkpt>
      <trkpt lat="45.39145" lon="6.84829"><ele>2250.2757926737</ele></trkpt>
      <trkpt lat="45.39141" lon="6.84823"><ele>2249.3477787087</ele></trkpt>
      <trkpt lat="45.39137" lon="6.84814"><ele>2247.9850979799</ele></trkpt>
      <trkpt lat="45.39131" lon="6.84805"><ele>2247.1098994445</ele></trkpt>
      <trkpt lat="45.39123" lon="6.84791"><ele>2246.2113367796</ele></trkpt>
      <trkpt lat="45.39113" lon="6.8478"><ele>2246.3031440713</ele></trkpt>
      <trkpt lat="45.39111" lon="6.84777"><ele>2246.2211726804</ele></trkpt>
      <trkpt lat="45.39108" lon="6.84773"><ele>2246.2275046841</ele></trkpt>
      <trkpt lat="45.391" lon="6.84759"><ele>2245.9538412464</ele></trkpt>
      <trkpt lat="45.39093" lon="6.84745"><ele>2245.1405981822</ele></trkpt>
      <trkpt lat="45.39089" lon="6.84736"><ele>2244.3065922528</ele></trkpt>
      <trkpt lat="45.39086" lon="6.84726"><ele>2243.1516673355</ele></trkpt>
      <trkpt lat="45.39078" lon="6.84712"><ele>2241.8482150863</ele></trkpt>
      <trkpt lat="45.39073" lon="6.84702"><ele>2240.814652347</ele></trkpt>
      <trkpt lat="45.39068" lon="6.84695"><ele>2240.3970207674</ele></trkpt>
      <trkpt lat="45.39061" lon="6.84685"><ele>2239.8914704409</ele></trkpt>
      <trkpt lat="45.39054" lon="6.84677"><ele>2239.3181768167</ele></trkpt>
      <trkpt lat="45.39051" lon="6.84671"><ele>2238.6180458045</ele></trkpt>
      <trkpt lat="45.39046" lon="6.84661"><ele>2237.5856330486</ele></trkpt>
      <trkpt lat="45.39041" lon="6.8465"><ele>2236.6926278945</ele></trkpt>
      <trkpt lat="45.39037" lon="6.84641"><ele>2235.9532881443</ele></trkpt>
      <trkpt lat="45.39032" lon="6.84632"><ele>2235.4787152607</ele></trkpt>
      <trkpt lat="45.39027" lon="6.84628"><ele>2235.6618769554</ele></trkpt>
      <trkpt lat="45.39021" lon="6.84621"><ele>2235.3328025893</ele></trkpt>
      <trkpt lat="45.39019" lon="6.84613"><ele>2234.1705846067</ele></trkpt>
      <trkpt lat="45.39016" lon="6.84601"><ele>2232.6466868281</ele></trkpt>
      <trkpt lat="45.39011" lon="6.84591"><ele>2232.0426519203</ele></trkpt>
      <trkpt lat="45.39007" lon="6.8458"><ele>2231.2438289121</ele></trkpt>
      <trkpt lat="45.39003" lon="6.84567"><ele>2230.2333799551</ele></trkpt>
      <trkpt lat="45.39001" lon="6.84557"><ele>2229.9812830345</ele></trkpt>
      <trkpt lat="45.38999" lon="6.84546"><ele>2229.8771165292</ele></trkpt>
      <trkpt lat="45.38994" lon="6.84532"><ele>2230.0935792184</ele></trkpt>
      <trkpt lat="45.38993" lon="6.84519"><ele>2228.9614895931</ele></trkpt>
      <trkpt lat="45.38992" lon="6.84507"><ele>2227.801564747</ele></trkpt>
      <trkpt lat="45.38991" lon="6.84499"><ele>2226.8997151624</ele></trkpt>
      <trkpt lat="45.38985" lon="6.8449"><ele>2226.3275717658</ele></trkpt>
      <trkpt lat="45.38985" lon="6.84486"><ele>2225.675124477</ele></trkpt>
      <trkpt lat="45.38982" lon="6.84482"><ele>2225.4943360657</ele></trkpt>
      <trkpt lat="45.3898" lon="6.84475"><ele>2224.721739487</ele></trkpt>
      <trkpt lat="45.38972" lon="6.84459"><ele>2222.9628137231</ele></trkpt>
      <trkpt lat="45.38968" lon="6.84451"><ele>2222.1023294871</ele></trkpt>
      <trkpt lat="45.38964" lon="6.8444"><ele>2220.7114652347</ele></trkpt>
      <trkpt lat="45.38962" lon="6.84433"><ele>2219.4376607492</ele></trkpt>
      <trkpt lat="45.3896" lon="6.84426"><ele>2218.1594764225</ele></trkpt>
      <trkpt lat="45.38956" lon="6.84418"><ele>2216.8994295448</ele></trkpt>
      <trkpt lat="45.38952" lon="6.84409"><ele>2215.4956695007</ele></trkpt>
      <trkpt lat="45.38948" lon="6.84404"><ele>2214.9288723444</ele></trkpt>
      <trkpt lat="45.38942" lon="6.84395"><ele>2213.8291252976</ele></trkpt>
      <trkpt lat="45.38937" lon="6.84388"><ele>2212.8539166605</ele></trkpt>
      <trkpt lat="45.38932" lon="6.84379"><ele>2211.3102601372</ele></trkpt>
      <trkpt lat="45.38927" lon="6.84373"><ele>2211.1481185992</ele></trkpt>
      <trkpt lat="45.38923" lon="6.84367"><ele>2211.3905561619</ele></trkpt>
      <trkpt lat="45.38919" lon="6.84358"><ele>2211.2225507723</ele></trkpt>
      <trkpt lat="45.38916" lon="6.84351"><ele>2211.0222093954</ele></trkpt>
      <trkpt lat="45.38912" lon="6.84346"><ele>2211.3104439024</ele></trkpt>
      <trkpt lat="45.38909" lon="6.84341"><ele>2211.139565914</ele></trkpt>
      <trkpt lat="45.38905" lon="6.84333"><ele>2210.4264869612</ele></trkpt>
      <trkpt lat="45.38902" lon="6.84326"><ele>2209.7156784476</ele></trkpt>
      <trkpt lat="45.38897" lon="6.84323"><ele>2210.1280172977</ele></trkpt>
      <trkpt lat="45.38892" lon="6.84315"><ele>2209.3235895923</ele></trkpt>
      <trkpt lat="45.38886" lon="6.84304"><ele>2207.8806636579</ele></trkpt>
      <trkpt lat="45.38879" lon="6.84294"><ele>2206.7561305017</ele></trkpt>
      <trkpt lat="45.3887" lon="6.84286"><ele>2206.389167848</ele></trkpt>
      <trkpt lat="45.38866" lon="6.84278"><ele>2205.7061410583</ele></trkpt>
      <trkpt lat="45.3886" lon="6.84262"><ele>2204.3945234551</ele></trkpt>
      <trkpt lat="45.3885" lon="6.84249"><ele>2203.8566390982</ele></trkpt>
      <trkpt lat="45.38844" lon="6.84244"><ele>2203.9387940415</ele></trkpt>
      <trkpt lat="45.38839" lon="6.84238"><ele>2203.8438763155</ele></trkpt>
      <trkpt lat="45.38837" lon="6.84232"><ele>2203.3915951694</ele></trkpt>
      <trkpt lat="45.3883" lon="6.84229"><ele>2203.8996525491</ele></trkpt>
      <trkpt lat="45.38828" lon="6.84224"><ele>2203.4670716316</ele></trkpt>
      <trkpt lat="45.38822" lon="6.84214"><ele>2202.7816488458</ele></trkpt>
      <trkpt lat="45.38817" lon="6.84206"><ele>2202.6423882258</ele></trkpt>
      <trkpt lat="45.38813" lon="6.84195"><ele>2202.1198781775</ele></trkpt>
      <trkpt lat="45.38809" lon="6.84187"><ele>2202.2470332225</ele></trkpt>
      <trkpt lat="45.38805" lon="6.84179"><ele>2202.4142117189</ele></trkpt>
      <trkpt lat="45.38799" lon="6.84173"><ele>2202.9942174147</ele></trkpt>
      <trkpt lat="45.38795" lon="6.84166"><ele>2203.1098394768</ele></trkpt>
      <trkpt lat="45.38793" lon="6.84159"><ele>2202.8316098839</ele></trkpt>
      <trkpt lat="45.3879" lon="6.84151"><ele>2202.5689991772</ele></trkpt>
      <trkpt lat="45.38785" lon="6.84144"><ele>2202.7547632874</ele></trkpt>
      <trkpt lat="45.3878" lon="6.8414"><ele>2203.1723086669</ele></trkpt>
      <trkpt lat="45.38772" lon="6.84133"><ele>2203.8654601391</ele></trkpt>
      <trkpt lat="45.38768" lon="6.84124"><ele>2203.6630136592</ele></trkpt>
      <trkpt lat="45.3876" lon="6.84111"><ele>2203.5186504365</ele></trkpt>
      <trkpt lat="45.3875" lon="6.84092"><ele>2202.3962258438</ele></trkpt>
      <trkpt lat="45.38741" lon="6.8407"><ele>2199.8225104339</ele></trkpt>
      <trkpt lat="45.38736" lon="6.84064"><ele>2198.9033506023</ele></trkpt>
      <trkpt lat="45.38727" lon="6.84056"><ele>2197.5846573667</ele></trkpt>
      <trkpt lat="45.38722" lon="6.8405"><ele>2196.5227130074</ele></trkpt>
      <trkpt lat="45.38714" lon="6.84046"><ele>2195.3584647965</ele></trkpt>
      <trkpt lat="45.38709" lon="6.8404"><ele>2194.193390981</ele></trkpt>
      <trkpt lat="45.387" lon="6.84027"><ele>2192.5965542321</ele></trkpt>
      <trkpt lat="45.38694" lon="6.84022"><ele>2192.4225363093</ele></trkpt>
      <trkpt lat="45.38692" lon="6.84012"><ele>2191.1309901686</ele></trkpt>
      <trkpt lat="45.38688" lon="6.84002"><ele>2189.8037463123</ele></trkpt>
      <trkpt lat="45.38683" lon="6.83995"><ele>2189.0939660743</ele></trkpt>
      <trkpt lat="45.3868" lon="6.83988"><ele>2188.1135379513</ele></trkpt>
      <trkpt lat="45.38676" lon="6.83981"><ele>2187.2647718578</ele></trkpt>
      <trkpt lat="45.38673" lon="6.83976"><ele>2186.6334077394</ele></trkpt>
      <trkpt lat="45.38672" lon="6.83966"><ele>2184.8642638856</ele></trkpt>
      <trkpt lat="45.38669" lon="6.8396"><ele>2184.2055834257</ele></trkpt>
      <trkpt lat="45.38664" lon="6.83955"><ele>2183.8150697874</ele></trkpt>
      <trkpt lat="45.38661" lon="6.83951"><ele>2183.5884084013</ele></trkpt>
      <trkpt lat="45.38657" lon="6.83946"><ele>2183.3057281488</ele></trkpt>
      <trkpt lat="45.38645" lon="6.83939"><ele>2183.6147127688</ele></trkpt>
      <trkpt lat="45.38638" lon="6.83936"><ele>2184.0005319917</ele></trkpt>
      <trkpt lat="45.38633" lon="6.83928"><ele>2182.9418931444</ele></trkpt>
      <trkpt lat="45.38631" lon="6.83925"><ele>2182.5067263716</ele></trkpt>
      <trkpt lat="45.38628" lon="6.8392"><ele>2181.738218691</ele></trkpt>
      <trkpt lat="45.38625" lon="6.83916"><ele>2181.1625028649</ele></trkpt>
      <trkpt lat="45.38621" lon="6.83913"><ele>2180.8763063822</ele></trkpt>
      <trkpt lat="45.38617" lon="6.83904"><ele>2178.9760788159</ele></trkpt>
      <trkpt lat="45.38614" lon="6.83898"><ele>2177.7223765605</ele></trkpt>
      <trkpt lat="45.3861" lon="6.83893"><ele>2176.6910720724</ele></trkpt>
      <trkpt lat="45.38601" lon="6.83881"><ele>2174.3041247317</ele></trkpt>
      <trkpt lat="45.38594" lon="6.83877"><ele>2173.8761995154</ele></trkpt>
      <trkpt lat="45.38583" lon="6.83874"><ele>2174.4276370176</ele></trkpt>
      <trkpt lat="45.38577" lon="6.83872"><ele>2174.8262843819</ele></trkpt>
      <trkpt lat="45.38572" lon="6.83869"><ele>2175.0672013791</ele></trkpt>
      <trkpt lat="45.38566" lon="6.83865"><ele>2175.3470882952</ele></trkpt>
      <trkpt lat="45.38561" lon="6.8386"><ele>2175.21756403</ele></trkpt>
      <trkpt lat="45.38554" lon="6.83855"><ele>2175.2436999264</ele></trkpt>
      <trkpt lat="45.38546" lon="6.83849"><ele>2174.9161546582</ele></trkpt>
      <trkpt lat="45.38541" lon="6.83844"><ele>2174.3327174079</ele></trkpt>
      <trkpt lat="45.38536" lon="6.83837"><ele>2173.1736642983</ele></trkpt>
      <trkpt lat="45.38531" lon="6.83828"><ele>2171.4734526588</ele></trkpt>
      <trkpt lat="45.38526" lon="6.8382"><ele>2169.8889836679</ele></trkpt>
      <trkpt lat="45.38521" lon="6.83814"><ele>2168.4882987367</ele></trkpt>
      <trkpt lat="45.38516" lon="6.83808"><ele>2167.3596096229</ele></trkpt>
      <trkpt lat="45.38511" lon="6.83802"><ele>2166.4176153177</ele></trkpt>
      <trkpt lat="45.38495" lon="6.83788"><ele>2165.7277143524</ele></trkpt>
      <trkpt lat="45.3849" lon="6.83775"><ele>2163.7349208628</ele></trkpt>
      <trkpt lat="45.38483" lon="6.83769"><ele>2163.465760903</ele></trkpt>
      <trkpt lat="45.38481" lon="6.83763"><ele>2162.886291745</ele></trkpt>
      <trkpt lat="45.38475" lon="6.83759"><ele>2162.5077044228</ele></trkpt>
      <trkpt lat="45.38471" lon="6.83751"><ele>2161.3960997151</ele></trkpt>
      <trkpt lat="45.38466" lon="6.83745"><ele>2160.4131217415</ele></trkpt>
      <trkpt lat="45.38461" lon="6.8374"><ele>2159.6998625164</ele></trkpt>
      <trkpt lat="45.38453" lon="6.83735"><ele>2159.139845584</ele></trkpt>
      <trkpt lat="45.38446" lon="6.83727"><ele>2157.9941738077</ele></trkpt>
      <trkpt lat="45.38433" lon="6.83718"><ele>2157.8344059473</ele></trkpt>
      <trkpt lat="45.38422" lon="6.83709"><ele>2158.1357951073</ele></trkpt>
      <trkpt lat="45.38414" lon="6.83699"><ele>2158.0981509521</ele></trkpt>
      <trkpt lat="45.38408" lon="6.83694"><ele>2158.3887989264</ele></trkpt>
      <trkpt lat="45.38395" lon="6.83685"><ele>2158.7456970275</ele></trkpt>
      <trkpt lat="45.38387" lon="6.8368"><ele>2158.8434143412</ele></trkpt>
      <trkpt lat="45.38381" lon="6.83672"><ele>2158.2374861476</ele></trkpt>
      <trkpt lat="45.38368" lon="6.83658"><ele>2157.8277685142</ele></trkpt>
      <trkpt lat="45.38364" lon="6.83652"><ele>2157.3190083592</ele></trkpt>
      <trkpt lat="45.3836" lon="6.83647"><ele>2157.1322520824</ele></trkpt>
      <trkpt lat="45.38351" lon="6.83635"><ele>2156.6349667032</ele></trkpt>
      <trkpt lat="45.38343" lon="6.83624"><ele>2155.8803795643</ele></trkpt>
      <trkpt lat="45.38334" lon="6.83612"><ele>2154.5169415129</ele></trkpt>
      <trkpt lat="45.38327" lon="6.83604"><ele>2153.4700908425</ele></trkpt>
      <trkpt lat="45.38323" lon="6.836"><ele>2152.9299569111</ele></trkpt>
      <trkpt lat="45.38319" lon="6.83598"><ele>2152.7682692948</ele></trkpt>
      <trkpt lat="45.38315" lon="6.83597"><ele>2152.8649689045</ele></trkpt>
      <trkpt lat="45.38309" lon="6.83597"><ele>2153.4276917867</ele></trkpt>
      <trkpt lat="45.38304" lon="6.83595"><ele>2153.6298190627</ele></trkpt>
      <trkpt lat="45.38303" lon="6.83593"><ele>2153.2897760174</ele></trkpt>
      <trkpt lat="45.38299" lon="6.83589"><ele>2152.7563403075</ele></trkpt>
      <trkpt lat="45.38299" lon="6.83584"><ele>2150.9804206721</ele></trkpt>
      <trkpt lat="45.38296" lon="6.8358"><ele>2149.9156853201</ele></trkpt>
      <trkpt lat="45.3829" lon="6.83577"><ele>2149.562421858</ele></trkpt>
      <trkpt lat="45.38281" lon="6.8357"><ele>2148.1277479597</ele></trkpt>
      <trkpt lat="45.38276" lon="6.83567"><ele>2147.7199282656</ele></trkpt>
      <trkpt lat="45.3827" lon="6.83566"><ele>2148.2194908097</ele></trkpt>
      <trkpt lat="45.38268" lon="6.83564"><ele>2147.7430184178</ele></trkpt>
      <trkpt lat="45.38265" lon="6.8356"><ele>2146.8836443916</ele></trkpt>
      <trkpt lat="45.38258" lon="6.83551"><ele>2145.4104461581</ele></trkpt>
      <trkpt lat="45.38254" lon="6.8355"><ele>2145.7198931534</ele></trkpt>
      <trkpt lat="45.38246" lon="6.83541"><ele>2144.5441775886</ele></trkpt>
      <trkpt lat="45.38239" lon="6.83538"><ele>2144.2807968765</ele></trkpt>
      <trkpt lat="45.38232" lon="6.83536"><ele>2144.0407149433</ele></trkpt>
      <trkpt lat="45.38227" lon="6.83534"><ele>2143.7726505756</ele></trkpt>
      <trkpt lat="45.38223" lon="6.8353"><ele>2142.9263576085</ele></trkpt>
      <trkpt lat="45.38217" lon="6.83527"><ele>2142.2837046759</ele></trkpt>
      <trkpt lat="45.38212" lon="6.83525"><ele>2141.7683014851</ele></trkpt>
      <trkpt lat="45.38206" lon="6.83523"><ele>2141.2197229172</ele></trkpt>
      <trkpt lat="45.38199" lon="6.83522"><ele>2140.7668263521</ele></trkpt>
      <trkpt lat="45.38194" lon="6.8352"><ele>2139.8592203261</ele></trkpt>
      <trkpt lat="45.38186" lon="6.83518"><ele>2138.5904990773</ele></trkpt>
      <trkpt lat="45.3817" lon="6.83513"><ele>2136.7595874988</ele></trkpt>
      <trkpt lat="45.38152" lon="6.83508"><ele>2135.6063422499</ele></trkpt>
      <trkpt lat="45.3814" lon="6.83503"><ele>2135.0333902028</ele></trkpt>
      <trkpt lat="45.38128" lon="6.83498"><ele>2134.8569868113</ele></trkpt>
      <trkpt lat="45.38117" lon="6.83495"><ele>2135.4444853428</ele></trkpt>
      <trkpt lat="45.38106" lon="6.83492"><ele>2136.5692415128</ele></trkpt>
      <trkpt lat="45.38088" lon="6.83483"><ele>2138.4156934387</ele></trkpt>
      <trkpt lat="45.3808" lon="6.8348"><ele>2138.8367542189</ele></trkpt>
      <trkpt lat="45.3807" lon="6.83475"><ele>2139.1355985831</ele></trkpt>
      <trkpt lat="45.38056" lon="6.83471"><ele>2139.0476403062</ele></trkpt>
      <trkpt lat="45.38036" lon="6.83466"><ele>2137.9073775617</ele></trkpt>
      <trkpt lat="45.38018" lon="6.83459"><ele>2135.3240624432</ele></trkpt>
      <trkpt lat="45.37996" lon="6.83455"><ele>2132.0214857572</ele></trkpt>
      <trkpt lat="45.37987" lon="6.83451"><ele>2130.2326326396</ele></trkpt>
      <trkpt lat="45.37976" lon="6.83448"><ele>2128.6423242128</ele></trkpt>
      <trkpt lat="45.37971" lon="6.83447"><ele>2128.3962769974</ele></trkpt>
      <trkpt lat="45.37953" lon="6.83443"><ele>2127.5331150224</ele></trkpt>
      <trkpt lat="45.37939" lon="6.83442"><ele>2127.2700031998</ele></trkpt>
      <trkpt lat="45.37922" lon="6.83439"><ele>2125.9733241357</ele></trkpt>
      <trkpt lat="45.37911" lon="6.83444"><ele>2126.1577123301</ele></trkpt>
      <trkpt lat="45.37902" lon="6.83443"><ele>2125.2243952504</ele></trkpt>
      <trkpt lat="45.37884" lon="6.83438"><ele>2122.6145842819</ele></trkpt>
      <trkpt lat="45.37869" lon="6.83429"><ele>2119.2077423629</ele></trkpt>
      <trkpt lat="45.37857" lon="6.83425"><ele>2116.9861345839</ele></trkpt>
      <trkpt lat="45.37834" lon="6.83418"><ele>2113.8693239366</ele></trkpt>
      <trkpt lat="45.37808" lon="6.83408"><ele>2110.0751461585</ele></trkpt>
      <trkpt lat="45.37786" lon="6.83403"><ele>2106.7692888721</ele></trkpt>
      <trkpt lat="45.37779" lon="6.83402"><ele>2105.7291299385</ele></trkpt>
      <trkpt lat="45.37767" lon="6.83399"><ele>2103.6818202639</ele></trkpt>
      <trkpt lat="45.37758" lon="6.83397"><ele>2102.3487092275</ele></trkpt>
      <trkpt lat="45.37753" lon="6.83397"><ele>2101.7216140424</ele></trkpt>
      <trkpt lat="45.37748" lon="6.83402"><ele>2101.5053341145</ele></trkpt>
      <trkpt lat="45.37725" lon="6.83406"><ele>2099.1592983624</ele></trkpt>
      <trkpt lat="45.3771" lon="6.83406"><ele>2097.3971659956</ele></trkpt>
      <trkpt lat="45.37707" lon="6.8341"><ele>2097.8764363243</ele></trkpt>
      <trkpt lat="45.37704" lon="6.83411"><ele>2097.8238342824</ele></trkpt>
      <trkpt lat="45.37697" lon="6.83409"><ele>2097.0727588623</ele></trkpt>
      <trkpt lat="45.37693" lon="6.83408"><ele>2096.7030753132</ele></trkpt>
      <trkpt lat="45.37674" lon="6.83411"><ele>2097.30466524</ele></trkpt>
      <trkpt lat="45.37661" lon="6.83415"><ele>2098.3531270771</ele></trkpt>
      <trkpt lat="45.37654" lon="6.83418"><ele>2099.0313223908</ele></trkpt>
      <trkpt lat="45.37648" lon="6.83423"><ele>2099.46128001</ele></trkpt>
      <trkpt lat="45.3765" lon="6.83414"><ele>2099.3180698205</ele></trkpt>
      <trkpt lat="45.37651" lon="6.83407"><ele>2099.1810465296</ele></trkpt>
      <trkpt lat="45.37646" lon="6.83396"><ele>2100.5535491398</ele></trkpt>
      <trkpt lat="45.37642" lon="6.83393"><ele>2101.4086267465</ele></trkpt>
      <trkpt lat="45.37637" lon="6.83391"><ele>2102.193580105</ele></trkpt>
      <trkpt lat="45.37634" lon="6.83391"><ele>2102.5009688648</ele></trkpt>
      <trkpt lat="45.37629" lon="6.83391"><ele>2103.0022884141</ele></trkpt>
      <trkpt lat="45.37626" lon="6.83389"><ele>2103.5338574219</ele></trkpt>
      <trkpt lat="45.37622" lon="6.83383"><ele>2104.4426232887</ele></trkpt>
      <trkpt lat="45.37618" lon="6.83374"><ele>2105.6284171694</ele></trkpt>
      <trkpt lat="45.37616" lon="6.83368"><ele>2106.4044947728</ele></trkpt>
      <trkpt lat="45.37611" lon="6.83359"><ele>2107.3453318301</ele></trkpt>
      <trkpt lat="45.37606" lon="6.8335"><ele>2108.3259546702</ele></trkpt>
      <trkpt lat="45.37602" lon="6.83344"><ele>2108.8946776908</ele></trkpt>
      <trkpt lat="45.37593" lon="6.83334"><ele>2109.8148548502</ele></trkpt>
      <trkpt lat="45.37589" lon="6.83329"><ele>2110.5457156965</ele></trkpt>
      <trkpt lat="45.37587" lon="6.83321"><ele>2112.1852987236</ele></trkpt>
      <trkpt lat="45.37583" lon="6.83316"><ele>2113.0633370198</ele></trkpt>
      <trkpt lat="45.3758" lon="6.83311"><ele>2114.0601642139</ele></trkpt>
      <trkpt lat="45.37577" lon="6.83311"><ele>2113.9966364447</ele></trkpt>
      <trkpt lat="45.3757" lon="6.83306"><ele>2115.3816209358</ele></trkpt>
      <trkpt lat="45.37563" lon="6.833"><ele>2118.2976355555</ele></trkpt>
      <trkpt lat="45.37559" lon="6.83297"><ele>2119.6948360369</ele></trkpt>
      <trkpt lat="45.37553" lon="6.83293"><ele>2121.4418208703</ele></trkpt>
      <trkpt lat="45.37548" lon="6.8329"><ele>2122.5860699432</ele></trkpt>
      <trkpt lat="45.3754" lon="6.83287"><ele>2123.5505827312</ele></trkpt>
      <trkpt lat="45.37536" lon="6.83283"><ele>2124.8516061071</ele></trkpt>
      <trkpt lat="45.37535" lon="6.83279"><ele>2126.2257969082</ele></trkpt>
      <trkpt lat="45.3754" lon="6.83277"><ele>2127.7103367075</ele></trkpt>
      <trkpt lat="45.37545" lon="6.83276"><ele>2128.5628965737</ele></trkpt>
      <trkpt lat="45.37547" lon="6.83273"><ele>2130.0816161695</ele></trkpt>
      <trkpt lat="45.37546" lon="6.83271"><ele>2130.9290886063</ele></trkpt>
      <trkpt lat="45.3754" lon="6.83269"><ele>2131.3007563442</ele></trkpt>
      <trkpt lat="45.37537" lon="6.83267"><ele>2131.9673915012</ele></trkpt>
      <trkpt lat="45.37534" lon="6.83268"><ele>2130.7376432739</ele></trkpt>
      <trkpt lat="45.37531" lon="6.83263"><ele>2132.0971816769</ele></trkpt>
      <trkpt lat="45.37527" lon="6.83261"><ele>2131.6547296051</ele></trkpt>
      <trkpt lat="45.37524" lon="6.83257"><ele>2132.3485105321</ele></trkpt>
      <trkpt lat="45.37524" lon="6.83253"><ele>2134.0696542294</ele></trkpt>
      <trkpt lat="45.37523" lon="6.8325"><ele>2134.9755454862</ele></trkpt>
      <trkpt lat="45.3752" lon="6.8325"><ele>2133.8206463449</ele></trkpt>
      <trkpt lat="45.37516" lon="6.83249"><ele>2132.7623891564</ele></trkpt>
      <trkpt lat="45.3751" lon="6.83247"><ele>2131.5549411876</ele></trkpt>
      <trkpt lat="45.37504" lon="6.83244"><ele>2131.3026255371</ele></trkpt>
      <trkpt lat="45.37498" lon="6.83243"><ele>2130.1775947007</ele></trkpt>
      <trkpt lat="45.37494" lon="6.83237"><ele>2132.3608505103</ele></trkpt>
    </trkseg>
  </trk>
</gpx>