<?xml version="1.0" encoding="UTF-8" standalone="no" ?>
<gpx xmlns="http://www.topografix.com/GPX/1/1" xmlns:xsi="http://www.w3.org/2001/XMLSchema-instance" xsi:schemaLocation="http://www.topografix.com/GPX/1/1 http://www.topografix.com/GPX/1/1/gpx.xsd" version="1.1" creator="VisuGPX - https://www.visugpx.com">
  <metadata>
    <name>GR®55 en Vanoise de Tignes à Modane</name>
    <desc><![CDATA[Découvre le [b]GR®55 en Vanoise de Tignes à Modane[/b], un parcours spectaculaire au cœur du parc national de la [b]Vanoise[/b]. Idéal pour ta prochaine escapade en montagne, ce trajet promet une aventure mémorable à travers des paysages époustouflants. Sur 56 km, tu seras guidé à travers des cols mythiques, des vallées préservées, et tu auras peut-être même la chance d'observer la faune alpine.

Pour plus d'infos, rends-toi sur GR-GO, ton guide complet sur le GR®55 Traversée du Parc National de la Vanoise !
[url]https://gr-go.fr/grande-randonnee/gr55-de-tignes-a-modane/[/url]]]></desc>
  </metadata>
  <wpt lat="45.46602" lon="6.90054">
    <ele>2086.0098232796</ele>
    <name><![CDATA[Lac de Tignes]]></name>
  </wpt>
  <wpt lat="45.45096" lon="6.90589">
    <ele>2207.2824308525</ele>
    <name><![CDATA[Sortie de Tignes Val Claret]]></name>
  </wpt>
  <wpt lat="45.42483" lon="6.90835">
    <ele>2744.3464524537</ele>
    <name><![CDATA[Col de la Leisse]]></name>
  </wpt>
  <wpt lat="45.39714" lon="6.88296">
    <ele>2475.3072424813</ele>
    <name><![CDATA[Refuge de la Leisse]]></name>
  </wpt>
  <wpt lat="45.37648" lon="6.83423">
    <ele>2099.46128001</ele>
    <name><![CDATA[Pont de Croé-Vie]]></name>
  </wpt>
  <wpt lat="45.37674" lon="6.82841">
    <ele>2359.0490474667</ele>
    <name><![CDATA[Stèle]]></name>
  </wpt>
  <wpt lat="45.39221" lon="6.7909">
    <ele>2511.7880310755</ele>
    <name><![CDATA[Col de la Vanoise]]></name>
  </wpt>
  <wpt lat="45.39176" lon="6.75865">
    <ele>2051.4743330178</ele>
    <name><![CDATA[Chalets de la Glière]]></name>
  </wpt>
  <wpt lat="45.38963" lon="6.7527">
    <ele>2011.5318645221</ele>
    <name><![CDATA[Refuge des Barmettes]]></name>
  </wpt>
  <wpt lat="45.38542" lon="6.74176">
    <ele>1775.9031418775</ele>
    <name><![CDATA[Intersection]]></name>
  </wpt>
  <wpt lat="45.38104" lon="6.73456">
    <ele>1636.4683707222</ele>
    <name><![CDATA[Les Fontanettes]]></name>
  </wpt>
  <wpt lat="45.37969" lon="6.72384">
    <ele>1428.6302801383</ele>
    <name><![CDATA[Pralognan-la-Vanoise]]></name>
  </wpt>
  <wpt lat="45.37452" lon="6.72172">
    <ele>1476.251089589</ele>
    <name><![CDATA[Intersection]]></name>
  </wpt>
  <wpt lat="45.36136" lon="6.70617">
    <ele>1592.1565119999</ele>
    <name><![CDATA[Pont de Gerlon]]></name>
  </wpt>
  <wpt lat="45.34876" lon="6.7028">
    <ele>1719.2514688508</ele>
    <name><![CDATA[Intersection]]></name>
  </wpt>
  <wpt lat="45.34784" lon="6.70213">
    <ele>1718.8608028034</ele>
    <name><![CDATA[Hameau des Prioux]]></name>
  </wpt>
  <wpt lat="45.33664" lon="6.69261">
    <ele>1770.2774671299</ele>
    <name><![CDATA[Pont de la Pêche]]></name>
  </wpt>
  <wpt lat="45.3275" lon="6.69042">
    <ele>1917.5991243508</ele>
    <name><![CDATA[La Motte]]></name>
  </wpt>
  <wpt lat="45.31436" lon="6.68123">
    <ele>1978.1899310487</ele>
    <name><![CDATA[Ritort]]></name>
  </wpt>
  <wpt lat="45.28867" lon="6.66215">
    <ele>2427.9242239583</ele>
    <name><![CDATA[Refuge de Péclet-Polset]]></name>
  </wpt>
  <wpt lat="45.29706" lon="6.6639">
    <ele>2240.9458152805</ele>
    <name><![CDATA[Intersection]]></name>
  </wpt>
  <wpt lat="45.2706" lon="6.65769">
    <ele>2788.9120892426</ele>
    <name><![CDATA[Col de Chavière]]></name>
  </wpt>
  <wpt lat="45.25603" lon="6.65806">
    <ele>2501.4184349719</ele>
    <name><![CDATA[Embranchement de sentiers]]></name>
  </wpt>
  <wpt lat="45.22628" lon="6.65389">
    <ele>1826.6757795417</ele>
    <name><![CDATA[Polset]]></name>
  </wpt>
  <wpt lat="45.20136" lon="6.67282">
    <ele>1072.0164545851</ele>
    <name><![CDATA[Modane]]></name>
  </wpt>
  <wpt lat="45.3798" lon="6.82763">
    <ele>2406.962348914</ele>
    <name><![CDATA[Ancien blockhaus]]></name>
  </wpt>
  <wpt lat="45.39828" lon="6.77686">
    <ele>2318.3103703316</ele>
    <name><![CDATA[Lac des Vaches]]></name>
  </wpt>
  <trk>
    <name><![CDATA[GR®55 en Vanoise de Tignes à Modane]]></name>
    <trkseg>
      <trkpt lat="45.46602" lon="6.90054">
        <ele>2086.0098232796</ele>
      </trkpt>
      <trkpt lat="45.46596" lon="6.90044">
        <ele>2085.9834870411</ele>
      </trkpt>
      <trkpt lat="45.46589" lon="6.90038">
        <ele>2085.8344001886</ele>
      </trkpt>
      <trkpt lat="45.46584" lon="6.90033">
        <ele>2085.6682761556</ele>
      </trkpt>
      <trkpt lat="45.4658" lon="6.90027">
        <ele>2085.5353770353</ele>
      </trkpt>
      <trkpt lat="45.46579" lon="6.90014">
        <ele>2085.50215227</ele>
      </trkpt>
      <trkpt lat="45.46579" lon="6.89994">
        <ele>2085.6914056079</ele>
      </trkpt>
      <trkpt lat="45.46579" lon="6.89994">
        <ele>2085.6914056079</ele>
      </trkpt>
      <trkpt lat="45.46582" lon="6.8998">
        <ele>2086.204710231</ele>
      </trkpt>
      <trkpt lat="45.46583" lon="6.89976">
        <ele>2086.4274214116</ele>
      </trkpt>
      <trkpt lat="45.46582" lon="6.89971">
        <ele>2086.6316139872</ele>
      </trkpt>
      <trkpt lat="45.46573" lon="6.89951">
        <ele>2086.2915401761</ele>
      </trkpt>
      <trkpt lat="45.46563" lon="6.89927">
        <ele>2088.8089578884</ele>
      </trkpt>
      <trkpt lat="45.46554" lon="6.89913">
        <ele>2089.5456226316</ele>
      </trkpt>
      <trkpt lat="45.46544" lon="6.89905">
        <ele>2090.2542126446</ele>
      </trkpt>
      <trkpt lat="45.46522" lon="6.89894">
        <ele>2090.7850056302</ele>
      </trkpt>
      <trkpt lat="45.46496" lon="6.89885">
        <ele>2090.7755274724</ele>
      </trkpt>
      <trkpt lat="45.46481" lon="6.89884">
        <ele>2089.549252482</ele>
      </trkpt>
      <trkpt lat="45.46468" lon="6.89889">
        <ele>2089.1036139489</ele>
      </trkpt>
      <trkpt lat="45.46458" lon="6.89897">
        <ele>2089.0408540559</ele>
      </trkpt>
      <trkpt lat="45.4645" lon="6.89911">
        <ele>2088.9769300498</ele>
      </trkpt>
      <trkpt lat="45.4644" lon="6.89924">
        <ele>2089.721700155</ele>
      </trkpt>
      <trkpt lat="45.46417" lon="6.89932">
        <ele>2090.4361440217</ele>
      </trkpt>
      <trkpt lat="45.46402" lon="6.89939">
        <ele>2090.2607308248</ele>
      </trkpt>
      <trkpt lat="45.46395" lon="6.89946">
        <ele>2089.169800413</ele>
      </trkpt>
      <trkpt lat="45.46385" lon="6.89952">
        <ele>2088.6695962561</ele>
      </trkpt>
      <trkpt lat="45.46384" lon="6.89952">
        <ele>2088.6773792647</ele>
      </trkpt>
      <trkpt lat="45.46374" lon="6.89962">
        <ele>2088.4109968907</ele>
      </trkpt>
      <trkpt lat="45.46359" lon="6.89981">
        <ele>2089.5118667717</ele>
      </trkpt>
      <trkpt lat="45.46346" lon="6.89996">
        <ele>2090.1087872828</ele>
      </trkpt>
      <trkpt lat="45.46331" lon="6.90021">
        <ele>2089.300735561</ele>
      </trkpt>
      <trkpt lat="45.46318" lon="6.90052">
        <ele>2088.0152676621</ele>
      </trkpt>
      <trkpt lat="45.46306" lon="6.90076">
        <ele>2087.3425601893</ele>
      </trkpt>
      <trkpt lat="45.46301" lon="6.90079">
        <ele>2087.4620411104</ele>
      </trkpt>
      <trkpt lat="45.46296" lon="6.90079">
        <ele>2087.7941624635</ele>
      </trkpt>
      <trkpt lat="45.46292" lon="6.90079">
        <ele>2087.99350096</ele>
      </trkpt>
      <trkpt lat="45.4629" lon="6.90079">
        <ele>2088.0931701553</ele>
      </trkpt>
      <trkpt lat="45.46288" lon="6.9008">
        <ele>2088.1413981942</ele>
      </trkpt>
      <trkpt lat="45.46284" lon="6.90089">
        <ele>2088.1787524621</ele>
      </trkpt>
      <trkpt lat="45.46282" lon="6.90094">
        <ele>2088.1221539556</ele>
      </trkpt>
      <trkpt lat="45.46267" lon="6.90083">
        <ele>2088.2503132444</ele>
      </trkpt>
      <trkpt lat="45.46258" lon="6.90077">
        <ele>2088.4717830309</ele>
      </trkpt>
      <trkpt lat="45.46252" lon="6.90072">
        <ele>2088.6946367709</ele>
      </trkpt>
      <trkpt lat="45.46246" lon="6.9007">
        <ele>2088.8377803091</ele>
      </trkpt>
      <trkpt lat="45.46239" lon="6.90067">
        <ele>2089.0938701699</ele>
      </trkpt>
      <trkpt lat="45.4623" lon="6.9006">
        <ele>2089.5513134422</ele>
      </trkpt>
      <trkpt lat="45.46224" lon="6.90055">
        <ele>2089.752166578</ele>
      </trkpt>
      <trkpt lat="45.46216" lon="6.90048">
        <ele>2089.9283487846</ele>
      </trkpt>
      <trkpt lat="45.46208" lon="6.90043">
        <ele>2090.0389198911</ele>
      </trkpt>
      <trkpt lat="45.46198" lon="6.90039">
        <ele>2090.0629504</ele>
      </trkpt>
      <trkpt lat="45.46184" lon="6.90037">
        <ele>2090.0862520889</ele>
      </trkpt>
      <trkpt lat="45.46174" lon="6.9004">
        <ele>2090.0916913616</ele>
      </trkpt>
      <trkpt lat="45.46166" lon="6.9005">
        <ele>2090.1595859876</ele>
      </trkpt>
      <trkpt lat="45.46153" lon="6.90061">
        <ele>2090.4510617475</ele>
      </trkpt>
      <trkpt lat="45.4614" lon="6.90068">
        <ele>2091.3344380547</ele>
      </trkpt>
      <trkpt lat="45.46128" lon="6.9007">
        <ele>2092.2522662853</ele>
      </trkpt>
      <trkpt lat="45.46116" lon="6.9007">
        <ele>2093.4372946562</ele>
      </trkpt>
      <trkpt lat="45.4609" lon="6.90066">
        <ele>2095.6166194053</ele>
      </trkpt>
      <trkpt lat="45.46077" lon="6.90062">
        <ele>2096.333979898</ele>
      </trkpt>
      <trkpt lat="45.46068" lon="6.90053">
        <ele>2096.5503480077</ele>
      </trkpt>
      <trkpt lat="45.46056" lon="6.90046">
        <ele>2096.8294089918</ele>
      </trkpt>
      <trkpt lat="45.46044" lon="6.90042">
        <ele>2097.1162564647</ele>
      </trkpt>
      <trkpt lat="45.46038" lon="6.90036">
        <ele>2097.2615667576</ele>
      </trkpt>
      <trkpt lat="45.4603" lon="6.90027">
        <ele>2097.3318330884</ele>
      </trkpt>
      <trkpt lat="45.46024" lon="6.90019">
        <ele>2097.3271466921</ele>
      </trkpt>
      <trkpt lat="45.46016" lon="6.90012">
        <ele>2097.1674304001</ele>
      </trkpt>
      <trkpt lat="45.46005" lon="6.90003">
        <ele>2097.7370741375</ele>
      </trkpt>
      <trkpt lat="45.45994" lon="6.89996">
        <ele>2098.1915031495</ele>
      </trkpt>
      <trkpt lat="45.45985" lon="6.89989">
        <ele>2098.6642171911</ele>
      </trkpt>
      <trkpt lat="45.45982" lon="6.89987">
        <ele>2098.7937739872</ele>
      </trkpt>
      <trkpt lat="45.45974" lon="6.89982">
        <ele>2099.1850571707</ele>
      </trkpt>
      <trkpt lat="45.45966" lon="6.89975">
        <ele>2099.749644965</ele>
      </trkpt>
      <trkpt lat="45.45959" lon="6.8997">
        <ele>2100.2876271877</ele>
      </trkpt>
      <trkpt lat="45.45937" lon="6.89953">
        <ele>2101.4927116302</ele>
      </trkpt>
      <trkpt lat="45.45926" lon="6.89945">
        <ele>2101.8535672342</ele>
      </trkpt>
      <trkpt lat="45.45891" lon="6.8993">
        <ele>2103.2024415327</ele>
      </trkpt>
      <trkpt lat="45.45885" lon="6.89928">
        <ele>2103.5384644075</ele>
      </trkpt>
      <trkpt lat="45.45875" lon="6.8994">
        <ele>2104.8531702807</ele>
      </trkpt>
      <trkpt lat="45.45872" lon="6.89942">
        <ele>2105.7533948123</ele>
      </trkpt>
      <trkpt lat="45.45862" lon="6.89956">
        <ele>2108.9428804796</ele>
      </trkpt>
      <trkpt lat="45.45856" lon="6.89969">
        <ele>2112.1829287064</ele>
      </trkpt>
      <trkpt lat="45.45851" lon="6.89982">
        <ele>2115.505643448</ele>
      </trkpt>
      <trkpt lat="45.45869" lon="6.89995">
        <ele>2115.8370671966</ele>
      </trkpt>
      <trkpt lat="45.45887" lon="6.90007">
        <ele>2115.7390197982</ele>
      </trkpt>
      <trkpt lat="45.45901" lon="6.90022">
        <ele>2116.2638327359</ele>
      </trkpt>
      <trkpt lat="45.45911" lon="6.90039">
        <ele>2117.3841680016</ele>
      </trkpt>
      <trkpt lat="45.45919" lon="6.90057">
        <ele>2118.3465046652</ele>
      </trkpt>
      <trkpt lat="45.45924" lon="6.90072">
        <ele>2119.200727461</ele>
      </trkpt>
      <trkpt lat="45.45927" lon="6.90085">
        <ele>2119.6370082252</ele>
      </trkpt>
      <trkpt lat="45.45929" lon="6.90104">
        <ele>2120.7601204551</ele>
      </trkpt>
      <trkpt lat="45.45928" lon="6.90114">
        <ele>2121.3369505143</ele>
      </trkpt>
      <trkpt lat="45.45928" lon="6.90122">
        <ele>2121.3374779311</ele>
      </trkpt>
      <trkpt lat="45.45925" lon="6.90136">
        <ele>2122.4938127666</ele>
      </trkpt>
      <trkpt lat="45.45919" lon="6.90152">
        <ele>2123.051257688</ele>
      </trkpt>
      <trkpt lat="45.45912" lon="6.90163">
        <ele>2123.8374280992</ele>
      </trkpt>
      <trkpt lat="45.45908" lon="6.9017">
        <ele>2123.9432585714</ele>
      </trkpt>
      <trkpt lat="45.45903" lon="6.90173">
        <ele>2124.9627344543</ele>
      </trkpt>
      <trkpt lat="45.45895" lon="6.90178">
        <ele>2126.4610542308</ele>
      </trkpt>
      <trkpt lat="45.45886" lon="6.90183">
        <ele>2127.9676979984</ele>
      </trkpt>
      <trkpt lat="45.4588" lon="6.90184">
        <ele>2129.1518581847</ele>
      </trkpt>
      <trkpt lat="45.45871" lon="6.90183">
        <ele>2131.5646905951</ele>
      </trkpt>
      <trkpt lat="45.45862" lon="6.90182">
        <ele>2133.3845059586</ele>
      </trkpt>
      <trkpt lat="45.45846" lon="6.90173">
        <ele>2135.5665189593</ele>
      </trkpt>
      <trkpt lat="45.45837" lon="6.90166">
        <ele>2135.4540352665</ele>
      </trkpt>
      <trkpt lat="45.45831" lon="6.90159">
        <ele>2135.105161256</ele>
      </trkpt>
      <trkpt lat="45.45822" lon="6.90151">
        <ele>2134.0690538591</ele>
      </trkpt>
      <trkpt lat="45.45817" lon="6.90147">
        <ele>2133.7344977613</ele>
      </trkpt>
      <trkpt lat="45.4581" lon="6.90152">
        <ele>2132.9259979189</ele>
      </trkpt>
      <trkpt lat="45.45785" lon="6.90186">
        <ele>2133.5074412625</ele>
      </trkpt>
      <trkpt lat="45.45778" lon="6.90196">
        <ele>2134.4829125277</ele>
      </trkpt>
      <trkpt lat="45.45768" lon="6.9021">
        <ele>2135.6790443793</ele>
      </trkpt>
      <trkpt lat="45.45763" lon="6.90214">
        <ele>2136.1295226405</ele>
      </trkpt>
      <trkpt lat="45.45758" lon="6.90216">
        <ele>2136.507359194</ele>
      </trkpt>
      <trkpt lat="45.45753" lon="6.90216">
        <ele>2136.6977471999</ele>
      </trkpt>
      <trkpt lat="45.45749" lon="6.90214">
        <ele>2136.6278421334</ele>
      </trkpt>
      <trkpt lat="45.45744" lon="6.90212">
        <ele>2136.5579370666</ele>
      </trkpt>
      <trkpt lat="45.45739" lon="6.90209">
        <ele>2136.4530794666</ele>
      </trkpt>
      <trkpt lat="45.45733" lon="6.90205">
        <ele>2136.3513201407</ele>
      </trkpt>
      <trkpt lat="45.45726" lon="6.90203">
        <ele>2136.5836188371</ele>
      </trkpt>
      <trkpt lat="45.45717" lon="6.902">
        <ele>2137.0942060572</ele>
      </trkpt>
      <trkpt lat="45.4568" lon="6.902">
        <ele>2138.7773633278</ele>
      </trkpt>
      <trkpt lat="45.45664" lon="6.902">
        <ele>2139.4086197716</ele>
      </trkpt>
      <trkpt lat="45.45642" lon="6.902">
        <ele>2140.3774592304</ele>
      </trkpt>
      <trkpt lat="45.45598" lon="6.90198">
        <ele>2141.9634552383</ele>
      </trkpt>
      <trkpt lat="45.45596" lon="6.90198">
        <ele>2141.9686016</ele>
      </trkpt>
      <trkpt lat="45.45558" lon="6.90196">
        <ele>2142.5159552007</ele>
      </trkpt>
      <trkpt lat="45.45523" lon="6.90195">
        <ele>2145.905197021</ele>
      </trkpt>
      <trkpt lat="45.45513" lon="6.90196">
        <ele>2147.3268949294</ele>
      </trkpt>
      <trkpt lat="45.45507" lon="6.90197">
        <ele>2147.8242006093</ele>
      </trkpt>
      <trkpt lat="45.45501" lon="6.90198">
        <ele>2148.0846780604</ele>
      </trkpt>
      <trkpt lat="45.45499" lon="6.90199">
        <ele>2148.2216552299</ele>
      </trkpt>
      <trkpt lat="45.45496" lon="6.902">
        <ele>2148.4293922073</ele>
      </trkpt>
      <trkpt lat="45.45491" lon="6.90202">
        <ele>2148.7950383997</ele>
      </trkpt>
      <trkpt lat="45.45485" lon="6.90202">
        <ele>2148.6930646892</ele>
      </trkpt>
      <trkpt lat="45.45411" lon="6.90179">
        <ele>2144.9459245071</ele>
      </trkpt>
      <trkpt lat="45.45405" lon="6.90177">
        <ele>2145.1134555017</ele>
      </trkpt>
      <trkpt lat="45.4539" lon="6.90172">
        <ele>2145.6021332338</ele>
      </trkpt>
      <trkpt lat="45.45382" lon="6.90168">
        <ele>2145.8073933206</ele>
      </trkpt>
      <trkpt lat="45.45376" lon="6.90163">
        <ele>2145.5622703678</ele>
      </trkpt>
      <trkpt lat="45.45374" lon="6.90157">
        <ele>2144.8597499712</ele>
      </trkpt>
      <trkpt lat="45.45366" lon="6.90133">
        <ele>2142.1174391719</ele>
      </trkpt>
      <trkpt lat="45.45361" lon="6.90109">
        <ele>2139.4712164059</ele>
      </trkpt>
      <trkpt lat="45.45351" lon="6.90113">
        <ele>2140.3797347247</ele>
      </trkpt>
      <trkpt lat="45.45346" lon="6.90112">
        <ele>2140.6070522477</ele>
      </trkpt>
      <trkpt lat="45.45333" lon="6.90105">
        <ele>2140.7306976564</ele>
      </trkpt>
      <trkpt lat="45.45328" lon="6.90104">
        <ele>2141.0608653333</ele>
      </trkpt>
      <trkpt lat="45.4532" lon="6.90104">
        <ele>2141.6240106098</ele>
      </trkpt>
      <trkpt lat="45.45311" lon="6.90108">
        <ele>2142.3457471999</ele>
      </trkpt>
      <trkpt lat="45.4531" lon="6.90112">
        <ele>2142.6253674665</ele>
      </trkpt>
      <trkpt lat="45.45309" lon="6.90119">
        <ele>2143.1147029335</ele>
      </trkpt>
      <trkpt lat="45.45298" lon="6.9013">
        <ele>2143.5297250435</ele>
      </trkpt>
      <trkpt lat="45.45264" lon="6.90145">
        <ele>2141.3819166254</ele>
      </trkpt>
      <trkpt lat="45.45241" lon="6.90162">
        <ele>2141.8010617136</ele>
      </trkpt>
      <trkpt lat="45.4523" lon="6.9017">
        <ele>2142.9801545381</ele>
      </trkpt>
      <trkpt lat="45.45198" lon="6.90187">
        <ele>2145.6381201158</ele>
      </trkpt>
      <trkpt lat="45.45189" lon="6.90188">
        <ele>2145.4556791655</ele>
      </trkpt>
      <trkpt lat="45.45178" lon="6.90186">
        <ele>2144.9624414098</ele>
      </trkpt>
      <trkpt lat="45.45169" lon="6.90183">
        <ele>2144.7171042834</ele>
      </trkpt>
      <trkpt lat="45.45165" lon="6.90187">
        <ele>2145.010083806</ele>
      </trkpt>
      <trkpt lat="45.4515" lon="6.90192">
        <ele>2145.6570400403</ele>
      </trkpt>
      <trkpt lat="45.45143" lon="6.90197">
        <ele>2146.1095628127</ele>
      </trkpt>
      <trkpt lat="45.45139" lon="6.902">
        <ele>2146.455778954</ele>
      </trkpt>
      <trkpt lat="45.45129" lon="6.90212">
        <ele>2148.0595312309</ele>
      </trkpt>
      <trkpt lat="45.45123" lon="6.90224">
        <ele>2149.1432066922</ele>
      </trkpt>
      <trkpt lat="45.45121" lon="6.90236">
        <ele>2150.1172891456</ele>
      </trkpt>
      <trkpt lat="45.45118" lon="6.90253">
        <ele>2152.0065043563</ele>
      </trkpt>
      <trkpt lat="45.45116" lon="6.90264">
        <ele>2153.4193542877</ele>
      </trkpt>
      <trkpt lat="45.45112" lon="6.90271">
        <ele>2154.6282255123</ele>
      </trkpt>
      <trkpt lat="45.45107" lon="6.90274">
        <ele>2155.101233003</ele>
      </trkpt>
      <trkpt lat="45.45085" lon="6.90301">
        <ele>2158.7014781953</ele>
      </trkpt>
      <trkpt lat="45.45051" lon="6.90349">
        <ele>2162.7142218813</ele>
      </trkpt>
      <trkpt lat="45.45045" lon="6.90378">
        <ele>2164.8096169732</ele>
      </trkpt>
      <trkpt lat="45.45038" lon="6.9039">
        <ele>2165.8083701341</ele>
      </trkpt>
      <trkpt lat="45.45045" lon="6.9039">
        <ele>2165.7596137536</ele>
      </trkpt>
      <trkpt lat="45.45052" lon="6.90388">
        <ele>2165.816967942</ele>
      </trkpt>
      <trkpt lat="45.45055" lon="6.90387">
        <ele>2165.9769468927</ele>
      </trkpt>
      <trkpt lat="45.45056" lon="6.90392">
        <ele>2166.6171589814</ele>
      </trkpt>
      <trkpt lat="45.45049" lon="6.90425">
        <ele>2170.0178848028</ele>
      </trkpt>
      <trkpt lat="45.45048" lon="6.90436">
        <ele>2172.2895978759</ele>
      </trkpt>
      <trkpt lat="45.45043" lon="6.90455">
        <ele>2175.7278634022</ele>
      </trkpt>
      <trkpt lat="45.45043" lon="6.90456">
        <ele>2175.9347670283</ele>
      </trkpt>
      <trkpt lat="45.45042" lon="6.90467">
        <ele>2178.0533936538</ele>
      </trkpt>
      <trkpt lat="45.45043" lon="6.9048">
        <ele>2180.9004540602</ele>
      </trkpt>
      <trkpt lat="45.45047" lon="6.905">
        <ele>2185.0199957429</ele>
      </trkpt>
      <trkpt lat="45.4505" lon="6.9051">
        <ele>2187.2773823632</ele>
      </trkpt>
      <trkpt lat="45.45057" lon="6.90532">
        <ele>2191.7558511146</ele>
      </trkpt>
      <trkpt lat="45.4506" lon="6.90542">
        <ele>2193.6561859994</ele>
      </trkpt>
      <trkpt lat="45.45061" lon="6.90547">
        <ele>2194.5360346623</ele>
      </trkpt>
      <trkpt lat="45.45064" lon="6.90553">
        <ele>2195.9491267012</ele>
      </trkpt>
      <trkpt lat="45.45066" lon="6.9055">
        <ele>2196.0058439014</ele>
      </trkpt>
      <trkpt lat="45.45069" lon="6.90542">
        <ele>2195.6698246386</ele>
      </trkpt>
      <trkpt lat="45.45071" lon="6.90541">
        <ele>2196.0445290272</ele>
      </trkpt>
      <trkpt lat="45.45073" lon="6.90543">
        <ele>2196.7845728402</ele>
      </trkpt>
      <trkpt lat="45.45078" lon="6.90555">
        <ele>2199.4270155859</ele>
      </trkpt>
      <trkpt lat="45.45079" lon="6.90558">
        <ele>2200.0256603352</ele>
      </trkpt>
      <trkpt lat="45.45082" lon="6.90558">
        <ele>2200.7431367867</ele>
      </trkpt>
      <trkpt lat="45.45088" lon="6.90556">
        <ele>2201.9741839991</ele>
      </trkpt>
      <trkpt lat="45.45088" lon="6.90557">
        <ele>2202.079041599</ele>
      </trkpt>
      <trkpt lat="45.45089" lon="6.9056">
        <ele>2202.6427342567</ele>
      </trkpt>
      <trkpt lat="45.45089" lon="6.90571">
        <ele>2203.7948275239</ele>
      </trkpt>
      <trkpt lat="45.45096" lon="6.90589">
        <ele>2207.2824308525</ele>
      </trkpt>
      <trkpt lat="45.45095" lon="6.90593">
        <ele>2207.4061377075</ele>
      </trkpt>
      <trkpt lat="45.45095" lon="6.90598">
        <ele>2207.8963360148</ele>
      </trkpt>
      <trkpt lat="45.45092" lon="6.90614">
        <ele>2209.3386156334</ele>
      </trkpt>
      <trkpt lat="45.45086" lon="6.90631">
        <ele>2211.7362498789</ele>
      </trkpt>
      <trkpt lat="45.45079" lon="6.90642">
        <ele>2213.1850538014</ele>
      </trkpt>
      <trkpt lat="45.45071" lon="6.90657">
        <ele>2216.0711117467</ele>
      </trkpt>
      <trkpt lat="45.45063" lon="6.90672">
        <ele>2218.7376236976</ele>
      </trkpt>
      <trkpt lat="45.45055" lon="6.90688">
        <ele>2220.7425922372</ele>
      </trkpt>
      <trkpt lat="45.4505" lon="6.90702">
        <ele>2223.1663124677</ele>
      </trkpt>
      <trkpt lat="45.45046" lon="6.90713">
        <ele>2224.9208804944</ele>
      </trkpt>
      <trkpt lat="45.45043" lon="6.90724">
        <ele>2226.969444212</ele>
      </trkpt>
      <trkpt lat="45.45044" lon="6.90729">
        <ele>2228.174848471</ele>
      </trkpt>
      <trkpt lat="45.45044" lon="6.90737">
        <ele>2229.7335264086</ele>
      </trkpt>
      <trkpt lat="45.4504" lon="6.90751">
        <ele>2231.88872693</ele>
      </trkpt>
      <trkpt lat="45.45036" lon="6.90765">
        <ele>2234.2994250855</ele>
      </trkpt>
      <trkpt lat="45.45031" lon="6.9078">
        <ele>2236.8548800002</ele>
      </trkpt>
      <trkpt lat="45.45031" lon="6.90791">
        <ele>2238.6899725952</ele>
      </trkpt>
      <trkpt lat="45.45033" lon="6.90806">
        <ele>2241.2827006869</ele>
      </trkpt>
      <trkpt lat="45.45012" lon="6.90843">
        <ele>2248.9994685135</ele>
      </trkpt>
      <trkpt lat="45.45001" lon="6.90865">
        <ele>2253.3075991288</ele>
      </trkpt>
      <trkpt lat="45.44998" lon="6.90873">
        <ele>2254.5650794548</ele>
      </trkpt>
      <trkpt lat="45.44983" lon="6.90896">
        <ele>2258.4552093852</ele>
      </trkpt>
      <trkpt lat="45.44975" lon="6.90916">
        <ele>2261.3942291245</ele>
      </trkpt>
      <trkpt lat="45.44969" lon="6.90945">
        <ele>2266.2727985722</ele>
      </trkpt>
      <trkpt lat="45.44961" lon="6.90971">
        <ele>2270.4508640161</ele>
      </trkpt>
      <trkpt lat="45.4495" lon="6.90997">
        <ele>2273.2969006458</ele>
      </trkpt>
      <trkpt lat="45.44936" lon="6.91021">
        <ele>2276.3968832213</ele>
      </trkpt>
      <trkpt lat="45.44918" lon="6.91049">
        <ele>2280.0259121973</ele>
      </trkpt>
      <trkpt lat="45.44902" lon="6.91072">
        <ele>2281.2757620971</ele>
      </trkpt>
      <trkpt lat="45.44895" lon="6.9108">
        <ele>2281.3481400174</ele>
      </trkpt>
      <trkpt lat="45.4489" lon="6.91086">
        <ele>2281.448886948</ele>
      </trkpt>
      <trkpt lat="45.44884" lon="6.91095">
        <ele>2281.9256627332</ele>
      </trkpt>
      <trkpt lat="45.44877" lon="6.91115">
        <ele>2284.4622226229</ele>
      </trkpt>
      <trkpt lat="45.44871" lon="6.91126">
        <ele>2285.90794232</ele>
      </trkpt>
      <trkpt lat="45.44866" lon="6.91136">
        <ele>2287.04347464</ele>
      </trkpt>
      <trkpt lat="45.44859" lon="6.91145">
        <ele>2287.2040218317</ele>
      </trkpt>
      <trkpt lat="45.44856" lon="6.91151">
        <ele>2287.7564255722</ele>
      </trkpt>
      <trkpt lat="45.44853" lon="6.91165">
        <ele>2290.1145139612</ele>
      </trkpt>
      <trkpt lat="45.44852" lon="6.91179">
        <ele>2293.2453881576</ele>
      </trkpt>
      <trkpt lat="45.44848" lon="6.91197">
        <ele>2297.0269930503</ele>
      </trkpt>
      <trkpt lat="45.44845" lon="6.91211">
        <ele>2299.7031779434</ele>
      </trkpt>
      <trkpt lat="45.44829" lon="6.91251">
        <ele>2303.3218788783</ele>
      </trkpt>
      <trkpt lat="45.44819" lon="6.9128">
        <ele>2304.3723629352</ele>
      </trkpt>
      <trkpt lat="45.44813" lon="6.91291">
        <ele>2303.6001353429</ele>
      </trkpt>
      <trkpt lat="45.44811" lon="6.91299">
        <ele>2304.1468018079</ele>
      </trkpt>
      <trkpt lat="45.44806" lon="6.91303">
        <ele>2302.8763868645</ele>
      </trkpt>
      <trkpt lat="45.44802" lon="6.91311">
        <ele>2303.1075796818</ele>
      </trkpt>
      <trkpt lat="45.44801" lon="6.91325">
        <ele>2306.1369640959</ele>
      </trkpt>
      <trkpt lat="45.44802" lon="6.91333">
        <ele>2308.4464208525</ele>
      </trkpt>
      <trkpt lat="45.44801" lon="6.91344">
        <ele>2310.6727829875</ele>
      </trkpt>
      <trkpt lat="45.44799" lon="6.91355">
        <ele>2312.5124256932</ele>
      </trkpt>
      <trkpt lat="45.44788" lon="6.91371">
        <ele>2311.4002996236</ele>
      </trkpt>
      <trkpt lat="45.44787" lon="6.91382">
        <ele>2312.6984407329</ele>
      </trkpt>
      <trkpt lat="45.44785" lon="6.91396">
        <ele>2313.9958320627</ele>
      </trkpt>
      <trkpt lat="45.44779" lon="6.91405">
        <ele>2313.2540095216</ele>
      </trkpt>
      <trkpt lat="45.44777" lon="6.91416">
        <ele>2314.2800301587</ele>
      </trkpt>
      <trkpt lat="45.44776" lon="6.91429">
        <ele>2316.1091539467</ele>
      </trkpt>
      <trkpt lat="45.44773" lon="6.9144">
        <ele>2317.5760552629</ele>
      </trkpt>
      <trkpt lat="45.44763" lon="6.91463">
        <ele>2319.8752450518</ele>
      </trkpt>
      <trkpt lat="45.4476" lon="6.91478">
        <ele>2323.8762285131</ele>
      </trkpt>
      <trkpt lat="45.44752" lon="6.91486">
        <ele>2323.1623136363</ele>
      </trkpt>
      <trkpt lat="45.44741" lon="6.91491">
        <ele>2320.2670229434</ele>
      </trkpt>
      <trkpt lat="45.44732" lon="6.91496">
        <ele>2317.8102099068</ele>
      </trkpt>
      <trkpt lat="45.44725" lon="6.91506">
        <ele>2318.3772570703</ele>
      </trkpt>
      <trkpt lat="45.44721" lon="6.91514">
        <ele>2319.6550782711</ele>
      </trkpt>
      <trkpt lat="45.4472" lon="6.91522">
        <ele>2322.5409494329</ele>
      </trkpt>
      <trkpt lat="45.4472" lon="6.91531">
        <ele>2326.5006345858</ele>
      </trkpt>
      <trkpt lat="45.44715" lon="6.91537">
        <ele>2327.1451703379</ele>
      </trkpt>
      <trkpt lat="45.44709" lon="6.91538">
        <ele>2325.3106391209</ele>
      </trkpt>
      <trkpt lat="45.44702" lon="6.91541">
        <ele>2324.0632467262</ele>
      </trkpt>
      <trkpt lat="45.44697" lon="6.9155">
        <ele>2326.5781281163</ele>
      </trkpt>
      <trkpt lat="45.44696" lon="6.91559">
        <ele>2330.3778776425</ele>
      </trkpt>
      <trkpt lat="45.44696" lon="6.91572">
        <ele>2336.0220846248</ele>
      </trkpt>
      <trkpt lat="45.44694" lon="6.91576">
        <ele>2337.1702412221</ele>
      </trkpt>
      <trkpt lat="45.44685" lon="6.91581">
        <ele>2337.2399415356</ele>
      </trkpt>
      <trkpt lat="45.44679" lon="6.91583">
        <ele>2336.7123539096</ele>
      </trkpt>
      <trkpt lat="45.44672" lon="6.91589">
        <ele>2337.7378095041</ele>
      </trkpt>
      <trkpt lat="45.44665" lon="6.91597">
        <ele>2339.5395384289</ele>
      </trkpt>
      <trkpt lat="45.44661" lon="6.91603">
        <ele>2341.3180274594</ele>
      </trkpt>
      <trkpt lat="45.44659" lon="6.91608">
        <ele>2343.1635211809</ele>
      </trkpt>
      <trkpt lat="45.44654" lon="6.91611">
        <ele>2343.4647920702</ele>
      </trkpt>
      <trkpt lat="45.44648" lon="6.91611">
        <ele>2341.7245844541</ele>
      </trkpt>
      <trkpt lat="45.44638" lon="6.91623">
        <ele>2343.1914754899</ele>
      </trkpt>
      <trkpt lat="45.44631" lon="6.91634">
        <ele>2344.8302654915</ele>
      </trkpt>
      <trkpt lat="45.44621" lon="6.91641">
        <ele>2343.8064427315</ele>
      </trkpt>
      <trkpt lat="45.44614" lon="6.91651">
        <ele>2345.1167816098</ele>
      </trkpt>
      <trkpt lat="45.44607" lon="6.91661">
        <ele>2346.7679846175</ele>
      </trkpt>
      <trkpt lat="45.44605" lon="6.91676">
        <ele>2352.0842716328</ele>
      </trkpt>
      <trkpt lat="45.44604" lon="6.9169">
        <ele>2357.8394235798</ele>
      </trkpt>
      <trkpt lat="45.44602" lon="6.91698">
        <ele>2361.1072948303</ele>
      </trkpt>
      <trkpt lat="45.44603" lon="6.91699">
        <ele>2361.6459361562</ele>
      </trkpt>
      <trkpt lat="45.4461" lon="6.91693">
        <ele>2359.9479583599</ele>
      </trkpt>
      <trkpt lat="45.44614" lon="6.91688">
        <ele>2358.4775922359</ele>
      </trkpt>
      <trkpt lat="45.44615" lon="6.91692">
        <ele>2360.2758921826</ele>
      </trkpt>
      <trkpt lat="45.44603" lon="6.91712">
        <ele>2367.4121549101</ele>
      </trkpt>
      <trkpt lat="45.44587" lon="6.91736">
        <ele>2376.9474307683</ele>
      </trkpt>
      <trkpt lat="45.44578" lon="6.91745">
        <ele>2379.9299194708</ele>
      </trkpt>
      <trkpt lat="45.44568" lon="6.91749">
        <ele>2380.2745705334</ele>
      </trkpt>
      <trkpt lat="45.4456" lon="6.9175">
        <ele>2379.7578279048</ele>
      </trkpt>
      <trkpt lat="45.44558" lon="6.9175">
        <ele>2379.7766632885</ele>
      </trkpt>
      <trkpt lat="45.44549" lon="6.91749">
        <ele>2379.3525107124</ele>
      </trkpt>
      <trkpt lat="45.44541" lon="6.91756">
        <ele>2382.8320765634</ele>
      </trkpt>
      <trkpt lat="45.44522" lon="6.91781">
        <ele>2392.6981692793</ele>
      </trkpt>
      <trkpt lat="45.44514" lon="6.91789">
        <ele>2394.6775706201</ele>
      </trkpt>
      <trkpt lat="45.44507" lon="6.91802">
        <ele>2397.5915827249</ele>
      </trkpt>
      <trkpt lat="45.44499" lon="6.91813">
        <ele>2399.3762014012</ele>
      </trkpt>
      <trkpt lat="45.44493" lon="6.91826">
        <ele>2401.893601977</ele>
      </trkpt>
      <trkpt lat="45.44488" lon="6.9184">
        <ele>2404.5657597711</ele>
      </trkpt>
      <trkpt lat="45.44473" lon="6.91869">
        <ele>2408.2041375637</ele>
      </trkpt>
      <trkpt lat="45.44465" lon="6.91885">
        <ele>2411.5303061925</ele>
      </trkpt>
      <trkpt lat="45.44458" lon="6.91899">
        <ele>2413.8731585335</ele>
      </trkpt>
      <trkpt lat="45.44454" lon="6.91908">
        <ele>2415.4321762239</ele>
      </trkpt>
      <trkpt lat="45.4445" lon="6.91922">
        <ele>2418.3036237168</ele>
      </trkpt>
      <trkpt lat="45.44444" lon="6.91935">
        <ele>2420.6060850539</ele>
      </trkpt>
      <trkpt lat="45.44437" lon="6.91945">
        <ele>2421.8048256368</ele>
      </trkpt>
      <trkpt lat="45.44432" lon="6.91956">
        <ele>2422.6970088077</ele>
      </trkpt>
      <trkpt lat="45.44426" lon="6.91968">
        <ele>2423.5336752433</ele>
      </trkpt>
      <trkpt lat="45.44418" lon="6.91976">
        <ele>2424.0503445237</ele>
      </trkpt>
      <trkpt lat="45.44401" lon="6.92004">
        <ele>2426.2413010468</ele>
      </trkpt>
      <trkpt lat="45.44395" lon="6.9202">
        <ele>2427.3575316484</ele>
      </trkpt>
      <trkpt lat="45.44388" lon="6.92032">
        <ele>2428.5333116201</ele>
      </trkpt>
      <trkpt lat="45.44383" lon="6.92035">
        <ele>2429.2803316485</ele>
      </trkpt>
      <trkpt lat="45.44372" lon="6.92039">
        <ele>2430.8138370563</ele>
      </trkpt>
      <trkpt lat="45.44359" lon="6.9205">
        <ele>2434.1277376148</ele>
      </trkpt>
      <trkpt lat="45.44355" lon="6.92056">
        <ele>2436.0240336727</ele>
      </trkpt>
      <trkpt lat="45.44354" lon="6.92063">
        <ele>2437.5989796657</ele>
      </trkpt>
      <trkpt lat="45.44346" lon="6.92064">
        <ele>2439.475414487</ele>
      </trkpt>
      <trkpt lat="45.44343" lon="6.9206">
        <ele>2439.3300680221</ele>
      </trkpt>
      <trkpt lat="45.44337" lon="6.92063">
        <ele>2441.1863249102</ele>
      </trkpt>
      <trkpt lat="45.44333" lon="6.92087">
        <ele>2446.6976242118</ele>
      </trkpt>
      <trkpt lat="45.44329" lon="6.92096">
        <ele>2448.5224869382</ele>
      </trkpt>
      <trkpt lat="45.44325" lon="6.92096">
        <ele>2449.1848327138</ele>
      </trkpt>
      <trkpt lat="45.44316" lon="6.92097">
        <ele>2451.0256389719</ele>
      </trkpt>
      <trkpt lat="45.44313" lon="6.92104">
        <ele>2452.3235648218</ele>
      </trkpt>
      <trkpt lat="45.44309" lon="6.9211">
        <ele>2453.7453524674</ele>
      </trkpt>
      <trkpt lat="45.44306" lon="6.92114">
        <ele>2454.7029423588</ele>
      </trkpt>
      <trkpt lat="45.44303" lon="6.92118">
        <ele>2455.6274091123</ele>
      </trkpt>
      <trkpt lat="45.44299" lon="6.9212">
        <ele>2456.5989956155</ele>
      </trkpt>
      <trkpt lat="45.44295" lon="6.92122">
        <ele>2457.6580266479</ele>
      </trkpt>
      <trkpt lat="45.44289" lon="6.92125">
        <ele>2459.3182683675</ele>
      </trkpt>
      <trkpt lat="45.44281" lon="6.92129">
        <ele>2461.4790201494</ele>
      </trkpt>
      <trkpt lat="45.44274" lon="6.92133">
        <ele>2463.527274872</ele>
      </trkpt>
      <trkpt lat="45.44268" lon="6.92136">
        <ele>2465.5655035681</ele>
      </trkpt>
      <trkpt lat="45.4426" lon="6.9214">
        <ele>2468.2844895995</ele>
      </trkpt>
      <trkpt lat="45.44254" lon="6.92143">
        <ele>2470.275167896</ele>
      </trkpt>
      <trkpt lat="45.44251" lon="6.92145">
        <ele>2471.4836304141</ele>
      </trkpt>
      <trkpt lat="45.44249" lon="6.92148">
        <ele>2472.2185514624</ele>
      </trkpt>
      <trkpt lat="45.44247" lon="6.92151">
        <ele>2472.9612430525</ele>
      </trkpt>
      <trkpt lat="45.44246" lon="6.92154">
        <ele>2473.2642484623</ele>
      </trkpt>
      <trkpt lat="45.44244" lon="6.92157">
        <ele>2473.9794745679</ele>
      </trkpt>
      <trkpt lat="45.44241" lon="6.9216">
        <ele>2475.10518159</ele>
      </trkpt>
      <trkpt lat="45.44237" lon="6.92164">
        <ele>2476.5484871092</ele>
      </trkpt>
      <trkpt lat="45.44232" lon="6.92167">
        <ele>2478.2673051657</ele>
      </trkpt>
      <trkpt lat="45.44227" lon="6.92169">
        <ele>2479.3959422974</ele>
      </trkpt>
      <trkpt lat="45.44223" lon="6.9217">
        <ele>2480.1253740917</ele>
      </trkpt>
      <trkpt lat="45.44219" lon="6.92172">
        <ele>2480.6713847997</ele>
      </trkpt>
      <trkpt lat="45.44215" lon="6.92173">
        <ele>2481.2865252771</ele>
      </trkpt>
      <trkpt lat="45.4421" lon="6.92178">
        <ele>2481.4933595262</ele>
      </trkpt>
      <trkpt lat="45.44205" lon="6.92184">
        <ele>2481.5598825333</ele>
      </trkpt>
      <trkpt lat="45.44196" lon="6.92189">
        <ele>2482.8379686398</ele>
      </trkpt>
      <trkpt lat="45.44185" lon="6.92195">
        <ele>2484.5706962383</ele>
      </trkpt>
      <trkpt lat="45.44173" lon="6.92202">
        <ele>2486.694849416</ele>
      </trkpt>
      <trkpt lat="45.44165" lon="6.92208">
        <ele>2488.1575831694</ele>
      </trkpt>
      <trkpt lat="45.44153" lon="6.92214">
        <ele>2490.0431841275</ele>
      </trkpt>
      <trkpt lat="45.4413" lon="6.92218">
        <ele>2493.0701526237</ele>
      </trkpt>
      <trkpt lat="45.4412" lon="6.92215">
        <ele>2494.4242012479</ele>
      </trkpt>
      <trkpt lat="45.44114" lon="6.92208">
        <ele>2496.2515756526</ele>
      </trkpt>
      <trkpt lat="45.44106" lon="6.92207">
        <ele>2498.1518882595</ele>
      </trkpt>
      <trkpt lat="45.44097" lon="6.922">
        <ele>2500.9565245159</ele>
      </trkpt>
      <trkpt lat="45.44095" lon="6.92197">
        <ele>2501.7945834157</ele>
      </trkpt>
      <trkpt lat="45.44094" lon="6.92193">
        <ele>2502.5396914725</ele>
      </trkpt>
      <trkpt lat="45.44093" lon="6.92189">
        <ele>2503.2831907331</ele>
      </trkpt>
      <trkpt lat="45.44091" lon="6.92187">
        <ele>2504.0139682406</ele>
      </trkpt>
      <trkpt lat="45.44089" lon="6.92187">
        <ele>2504.4911763311</ele>
      </trkpt>
      <trkpt lat="45.44087" lon="6.92187">
        <ele>2504.9683842526</ele>
      </trkpt>
      <trkpt lat="45.44086" lon="6.92188">
        <ele>2505.0699758298</ele>
      </trkpt>
      <trkpt lat="45.44084" lon="6.92188">
        <ele>2505.5681269201</ele>
      </trkpt>
      <trkpt lat="45.44082" lon="6.92189">
        <ele>2505.9264677009</ele>
      </trkpt>
      <trkpt lat="45.4408" lon="6.92189">
        <ele>2506.4164850642</ele>
      </trkpt>
      <trkpt lat="45.44075" lon="6.92188">
        <ele>2507.6356211261</ele>
      </trkpt>
      <trkpt lat="45.44071" lon="6.92188">
        <ele>2508.3920576549</ele>
      </trkpt>
      <trkpt lat="45.44066" lon="6.92188">
        <ele>2509.3053319835</ele>
      </trkpt>
      <trkpt lat="45.44059" lon="6.92191">
        <ele>2510.2172557767</ele>
      </trkpt>
      <trkpt lat="45.44051" lon="6.92196">
        <ele>2510.8279837728</ele>
      </trkpt>
      <trkpt lat="45.44045" lon="6.92199">
        <ele>2511.3384297762</ele>
      </trkpt>
      <trkpt lat="45.44043" lon="6.922">
        <ele>2511.5234896429</ele>
      </trkpt>
      <trkpt lat="45.44042" lon="6.92199">
        <ele>2511.7877698115</ele>
      </trkpt>
      <trkpt lat="45.44042" lon="6.92197">
        <ele>2512.0126182035</ele>
      </trkpt>
      <trkpt lat="45.44043" lon="6.92195">
        <ele>2512.0952836852</ele>
      </trkpt>
      <trkpt lat="45.44043" lon="6.92192">
        <ele>2512.4383601108</ele>
      </trkpt>
      <trkpt lat="45.44043" lon="6.9219">
        <ele>2512.6667116707</ele>
      </trkpt>
      <trkpt lat="45.44041" lon="6.92188">
        <ele>2513.1400139091</ele>
      </trkpt>
      <trkpt lat="45.4404" lon="6.92186">
        <ele>2513.4656588238</ele>
      </trkpt>
      <trkpt lat="45.4404" lon="6.92183">
        <ele>2513.7674633249</ele>
      </trkpt>
      <trkpt lat="45.44039" lon="6.92179">
        <ele>2514.190080337</ele>
      </trkpt>
      <trkpt lat="45.44038" lon="6.92177">
        <ele>2514.4309948673</ele>
      </trkpt>
      <trkpt lat="45.44036" lon="6.92175">
        <ele>2514.8032735321</ele>
      </trkpt>
      <trkpt lat="45.44032" lon="6.92173">
        <ele>2515.4091248162</ele>
      </trkpt>
      <trkpt lat="45.44007" lon="6.92158">
        <ele>2519.8060875953</ele>
      </trkpt>
      <trkpt lat="45.43995" lon="6.92146">
        <ele>2522.5396674916</ele>
      </trkpt>
      <trkpt lat="45.43982" lon="6.9213">
        <ele>2524.140652762</ele>
      </trkpt>
      <trkpt lat="45.43972" lon="6.92107">
        <ele>2524.7280897437</ele>
      </trkpt>
      <trkpt lat="45.43964" lon="6.92101">
        <ele>2525.5083802399</ele>
      </trkpt>
      <trkpt lat="45.43955" lon="6.9209">
        <ele>2525.8552891319</ele>
      </trkpt>
      <trkpt lat="45.43947" lon="6.92077">
        <ele>2526.3319714837</ele>
      </trkpt>
      <trkpt lat="45.43933" lon="6.92071">
        <ele>2527.749508027</ele>
      </trkpt>
      <trkpt lat="45.43921" lon="6.92065">
        <ele>2528.9230326758</ele>
      </trkpt>
      <trkpt lat="45.43902" lon="6.9204">
        <ele>2531.1179040243</ele>
      </trkpt>
      <trkpt lat="45.43891" lon="6.92027">
        <ele>2532.6199632239</ele>
      </trkpt>
      <trkpt lat="45.43882" lon="6.92019">
        <ele>2533.7356666204</ele>
      </trkpt>
      <trkpt lat="45.43876" lon="6.9201">
        <ele>2534.3169646898</ele>
      </trkpt>
      <trkpt lat="45.43863" lon="6.91994">
        <ele>2536.1090589948</ele>
      </trkpt>
      <trkpt lat="45.43851" lon="6.91986">
        <ele>2538.0523158159</ele>
      </trkpt>
      <trkpt lat="45.43837" lon="6.91981">
        <ele>2540.0264345649</ele>
      </trkpt>
      <trkpt lat="45.43826" lon="6.91979">
        <ele>2541.0513657851</ele>
      </trkpt>
      <trkpt lat="45.43821" lon="6.91974">
        <ele>2541.5566739253</ele>
      </trkpt>
      <trkpt lat="45.43816" lon="6.91967">
        <ele>2542.138816157</ele>
      </trkpt>
      <trkpt lat="45.4381" lon="6.91954">
        <ele>2543.194492745</ele>
      </trkpt>
      <trkpt lat="45.43796" lon="6.91933">
        <ele>2545.3831335139</ele>
      </trkpt>
      <trkpt lat="45.43789" lon="6.9192">
        <ele>2546.8662888985</ele>
      </trkpt>
      <trkpt lat="45.43784" lon="6.91907">
        <ele>2548.289331691</ele>
      </trkpt>
      <trkpt lat="45.43781" lon="6.91901">
        <ele>2548.9586513054</ele>
      </trkpt>
      <trkpt lat="45.43776" lon="6.91898">
        <ele>2549.6232354112</ele>
      </trkpt>
      <trkpt lat="45.43755" lon="6.9189">
        <ele>2552.6026853248</ele>
      </trkpt>
      <trkpt lat="45.43749" lon="6.91885">
        <ele>2553.601583342</ele>
      </trkpt>
      <trkpt lat="45.4374" lon="6.91876">
        <ele>2554.9661038935</ele>
      </trkpt>
      <trkpt lat="45.43733" lon="6.91865">
        <ele>2555.7269628564</ele>
      </trkpt>
      <trkpt lat="45.43726" lon="6.91852">
        <ele>2556.2786618831</ele>
      </trkpt>
      <trkpt lat="45.43721" lon="6.91838">
        <ele>2556.4599924038</ele>
      </trkpt>
      <trkpt lat="45.43715" lon="6.91829">
        <ele>2556.5080802491</ele>
      </trkpt>
      <trkpt lat="45.43699" lon="6.91813">
        <ele>2557.6431968809</ele>
      </trkpt>
      <trkpt lat="45.4368" lon="6.91796">
        <ele>2558.5906852876</ele>
      </trkpt>
      <trkpt lat="45.43664" lon="6.91776">
        <ele>2558.0176360857</ele>
      </trkpt>
      <trkpt lat="45.43655" lon="6.91766">
        <ele>2558.2872357039</ele>
      </trkpt>
      <trkpt lat="45.43637" lon="6.91749">
        <ele>2560.4600765058</ele>
      </trkpt>
      <trkpt lat="45.43632" lon="6.91743">
        <ele>2561.146326117</ele>
      </trkpt>
      <trkpt lat="45.43623" lon="6.91706">
        <ele>2557.3711875051</ele>
      </trkpt>
      <trkpt lat="45.43622" lon="6.91698">
        <ele>2556.3953370634</ele>
      </trkpt>
      <trkpt lat="45.43613" lon="6.91681">
        <ele>2556.3069878674</ele>
      </trkpt>
      <trkpt lat="45.4361" lon="6.91669">
        <ele>2554.9741833618</ele>
      </trkpt>
      <trkpt lat="45.43606" lon="6.9166">
        <ele>2554.4186833627</ele>
      </trkpt>
      <trkpt lat="45.43595" lon="6.91648">
        <ele>2555.2726988954</ele>
      </trkpt>
      <trkpt lat="45.43583" lon="6.91625">
        <ele>2555.2176621254</ele>
      </trkpt>
      <trkpt lat="45.43575" lon="6.91618">
        <ele>2557.2632732171</ele>
      </trkpt>
      <trkpt lat="45.43567" lon="6.91616">
        <ele>2560.2858028096</ele>
      </trkpt>
      <trkpt lat="45.43556" lon="6.91614">
        <ele>2564.3582115853</ele>
      </trkpt>
      <trkpt lat="45.43551" lon="6.91614">
        <ele>2566.3506282656</ele>
      </trkpt>
      <trkpt lat="45.43543" lon="6.91617">
        <ele>2569.7978478006</ele>
      </trkpt>
      <trkpt lat="45.43538" lon="6.91618">
        <ele>2571.6096521865</ele>
      </trkpt>
      <trkpt lat="45.43534" lon="6.91615">
        <ele>2572.4826895997</ele>
      </trkpt>
      <trkpt lat="45.43528" lon="6.9161">
        <ele>2573.6177850129</ele>
      </trkpt>
      <trkpt lat="45.43516" lon="6.91606">
        <ele>2576.0622144496</ele>
      </trkpt>
      <trkpt lat="45.43479" lon="6.916">
        <ele>2581.8175173961</ele>
      </trkpt>
      <trkpt lat="45.43438" lon="6.91591">
        <ele>2585.7523240649</ele>
      </trkpt>
      <trkpt lat="45.43434" lon="6.91591">
        <ele>2586.4398259083</ele>
      </trkpt>
      <trkpt lat="45.43427" lon="6.91588">
        <ele>2587.2137482995</ele>
      </trkpt>
      <trkpt lat="45.43418" lon="6.91586">
        <ele>2588.6822258362</ele>
      </trkpt>
      <trkpt lat="45.43409" lon="6.91583">
        <ele>2590.0299725405</ele>
      </trkpt>
      <trkpt lat="45.43402" lon="6.91576">
        <ele>2591.0065808817</ele>
      </trkpt>
      <trkpt lat="45.43391" lon="6.91573">
        <ele>2593.2001315699</ele>
      </trkpt>
      <trkpt lat="45.4338" lon="6.9157">
        <ele>2595.0597269541</ele>
      </trkpt>
      <trkpt lat="45.43371" lon="6.91568">
        <ele>2596.4206446769</ele>
      </trkpt>
      <trkpt lat="45.43363" lon="6.91567">
        <ele>2597.6733957717</ele>
      </trkpt>
      <trkpt lat="45.43355" lon="6.91565">
        <ele>2598.9235786733</ele>
      </trkpt>
      <trkpt lat="45.4334" lon="6.91567">
        <ele>2601.4045953321</ele>
      </trkpt>
      <trkpt lat="45.43314" lon="6.91566">
        <ele>2604.8485339923</ele>
      </trkpt>
      <trkpt lat="45.43305" lon="6.91566">
        <ele>2605.9919585468</ele>
      </trkpt>
      <trkpt lat="45.43293" lon="6.91564">
        <ele>2607.5817369632</ele>
      </trkpt>
      <trkpt lat="45.43281" lon="6.91559">
        <ele>2608.8856012083</ele>
      </trkpt>
      <trkpt lat="45.43272" lon="6.91558">
        <ele>2610.9286814653</ele>
      </trkpt>
      <trkpt lat="45.43267" lon="6.91559">
        <ele>2612.3556956787</ele>
      </trkpt>
      <trkpt lat="45.4326" lon="6.91558">
        <ele>2613.9081388942</ele>
      </trkpt>
      <trkpt lat="45.43247" lon="6.91557">
        <ele>2615.6107384361</ele>
      </trkpt>
      <trkpt lat="45.43231" lon="6.91552">
        <ele>2616.9631261918</ele>
      </trkpt>
      <trkpt lat="45.43214" lon="6.91547">
        <ele>2618.3300871755</ele>
      </trkpt>
      <trkpt lat="45.432" lon="6.9154">
        <ele>2619.4266659813</ele>
      </trkpt>
      <trkpt lat="45.43184" lon="6.91535">
        <ele>2620.7256647144</ele>
      </trkpt>
      <trkpt lat="45.43175" lon="6.91528">
        <ele>2621.482437447</ele>
      </trkpt>
      <trkpt lat="45.43166" lon="6.91516">
        <ele>2622.4894509653</ele>
      </trkpt>
      <trkpt lat="45.43157" lon="6.91499">
        <ele>2623.7481686204</ele>
      </trkpt>
      <trkpt lat="45.43153" lon="6.91483">
        <ele>2624.8060372485</ele>
      </trkpt>
      <trkpt lat="45.43143" lon="6.91462">
        <ele>2626.9271038741</ele>
      </trkpt>
      <trkpt lat="45.43134" lon="6.91445">
        <ele>2629.7793474874</ele>
      </trkpt>
      <trkpt lat="45.43134" lon="6.91445">
        <ele>2629.7793474874</ele>
      </trkpt>
      <trkpt lat="45.43131" lon="6.91426">
        <ele>2632.4887925207</ele>
      </trkpt>
      <trkpt lat="45.43128" lon="6.91408">
        <ele>2635.7249200612</ele>
      </trkpt>
      <trkpt lat="45.43119" lon="6.91393">
        <ele>2638.6156917007</ele>
      </trkpt>
      <trkpt lat="45.43111" lon="6.91378">
        <ele>2641.1328931828</ele>
      </trkpt>
      <trkpt lat="45.43107" lon="6.91366">
        <ele>2642.844724245</ele>
      </trkpt>
      <trkpt lat="45.43107" lon="6.91348">
        <ele>2645.2416948373</ele>
      </trkpt>
      <trkpt lat="45.43109" lon="6.91337">
        <ele>2646.8190381358</ele>
      </trkpt>
      <trkpt lat="45.43113" lon="6.9133">
        <ele>2648.0464128341</ele>
      </trkpt>
      <trkpt lat="45.43113" lon="6.91322">
        <ele>2649.4534265896</ele>
      </trkpt>
      <trkpt lat="45.43104" lon="6.91308">
        <ele>2651.6959169589</ele>
      </trkpt>
      <trkpt lat="45.431" lon="6.91303">
        <ele>2652.670983073</ele>
      </trkpt>
      <trkpt lat="45.43092" lon="6.91304">
        <ele>2652.8370020898</ele>
      </trkpt>
      <trkpt lat="45.43085" lon="6.91305">
        <ele>2652.9671838128</ele>
      </trkpt>
      <trkpt lat="45.43076" lon="6.91297">
        <ele>2654.8258195359</ele>
      </trkpt>
      <trkpt lat="45.43073" lon="6.91295">
        <ele>2655.2845656837</ele>
      </trkpt>
      <trkpt lat="45.43063" lon="6.91292">
        <ele>2656.4292406865</ele>
      </trkpt>
      <trkpt lat="45.43055" lon="6.91295">
        <ele>2656.9945950476</ele>
      </trkpt>
      <trkpt lat="45.43045" lon="6.91299">
        <ele>2657.8383682312</ele>
      </trkpt>
      <trkpt lat="45.43035" lon="6.91304">
        <ele>2658.327044499</ele>
      </trkpt>
      <trkpt lat="45.43026" lon="6.91304">
        <ele>2658.8601682155</ele>
      </trkpt>
      <trkpt lat="45.43016" lon="6.91301">
        <ele>2659.4843502619</ele>
      </trkpt>
      <trkpt lat="45.43003" lon="6.91296">
        <ele>2659.9038073767</ele>
      </trkpt>
      <trkpt lat="45.42999" lon="6.91286">
        <ele>2660.0343473778</ele>
      </trkpt>
      <trkpt lat="45.42992" lon="6.91275">
        <ele>2660.3682726073</ele>
      </trkpt>
      <trkpt lat="45.42982" lon="6.91269">
        <ele>2661.103250286</ele>
      </trkpt>
      <trkpt lat="45.42982" lon="6.91269">
        <ele>2661.103250286</ele>
      </trkpt>
      <trkpt lat="45.42976" lon="6.91262">
        <ele>2661.699022281</ele>
      </trkpt>
      <trkpt lat="45.42966" lon="6.91255">
        <ele>2663.1931619833</ele>
      </trkpt>
      <trkpt lat="45.42953" lon="6.91249">
        <ele>2665.4247451436</ele>
      </trkpt>
      <trkpt lat="45.42941" lon="6.9124">
        <ele>2667.0917865755</ele>
      </trkpt>
      <trkpt lat="45.4293" lon="6.91234">
        <ele>2667.7607651556</ele>
      </trkpt>
      <trkpt lat="45.4292" lon="6.91231">
        <ele>2669.2154814031</ele>
      </trkpt>
      <trkpt lat="45.42913" lon="6.91229">
        <ele>2669.8111662195</ele>
      </trkpt>
      <trkpt lat="45.42906" lon="6.9122">
        <ele>2670.8051559993</ele>
      </trkpt>
      <trkpt lat="45.42899" lon="6.91218">
        <ele>2671.6049577695</ele>
      </trkpt>
      <trkpt lat="45.42891" lon="6.91214">
        <ele>2672.5196202889</ele>
      </trkpt>
      <trkpt lat="45.42883" lon="6.91206">
        <ele>2673.8719301776</ele>
      </trkpt>
      <trkpt lat="45.42875" lon="6.91186">
        <ele>2676.9168194095</ele>
      </trkpt>
      <trkpt lat="45.42869" lon="6.91165">
        <ele>2679.9468987483</ele>
      </trkpt>
      <trkpt lat="45.42861" lon="6.9115">
        <ele>2683.2264544372</ele>
      </trkpt>
      <trkpt lat="45.4285" lon="6.91136">
        <ele>2687.8648492462</ele>
      </trkpt>
      <trkpt lat="45.42845" lon="6.91119">
        <ele>2690.2482977742</ele>
      </trkpt>
      <trkpt lat="45.4284" lon="6.911">
        <ele>2692.50354215</ele>
      </trkpt>
      <trkpt lat="45.42838" lon="6.91097">
        <ele>2693.1098285345</ele>
      </trkpt>
      <trkpt lat="45.42839" lon="6.91091">
        <ele>2693.2497981148</ele>
      </trkpt>
      <trkpt lat="45.42841" lon="6.91087">
        <ele>2693.1223526616</ele>
      </trkpt>
      <trkpt lat="45.42846" lon="6.91081">
        <ele>2692.5188032391</ele>
      </trkpt>
      <trkpt lat="45.42842" lon="6.9108">
        <ele>2693.3780502608</ele>
      </trkpt>
      <trkpt lat="45.42844" lon="6.91074">
        <ele>2693.3312514649</ele>
      </trkpt>
      <trkpt lat="45.42839" lon="6.91073">
        <ele>2694.3675020685</ele>
      </trkpt>
      <trkpt lat="45.42841" lon="6.91069">
        <ele>2694.1862347214</ele>
      </trkpt>
      <trkpt lat="45.42844" lon="6.91055">
        <ele>2694.5782035696</ele>
      </trkpt>
      <trkpt lat="45.4284" lon="6.91047">
        <ele>2695.6511522894</ele>
      </trkpt>
      <trkpt lat="45.42834" lon="6.91044">
        <ele>2696.7901566339</ele>
      </trkpt>
      <trkpt lat="45.42827" lon="6.91047">
        <ele>2697.8400697153</ele>
      </trkpt>
      <trkpt lat="45.42817" lon="6.91042">
        <ele>2699.6157753882</ele>
      </trkpt>
      <trkpt lat="45.42807" lon="6.91042">
        <ele>2701.1770961617</ele>
      </trkpt>
      <trkpt lat="45.42799" lon="6.91039">
        <ele>2702.4059470466</ele>
      </trkpt>
      <trkpt lat="45.4279" lon="6.91036">
        <ele>2703.5134991991</ele>
      </trkpt>
      <trkpt lat="45.42776" lon="6.9103">
        <ele>2704.9307021665</ele>
      </trkpt>
      <trkpt lat="45.42764" lon="6.91022">
        <ele>2706.0891369361</ele>
      </trkpt>
      <trkpt lat="45.42754" lon="6.91027">
        <ele>2707.6699832659</ele>
      </trkpt>
      <trkpt lat="45.42746" lon="6.91028">
        <ele>2709.0169614616</ele>
      </trkpt>
      <trkpt lat="45.42735" lon="6.91024">
        <ele>2710.9261473491</ele>
      </trkpt>
      <trkpt lat="45.42727" lon="6.91029">
        <ele>2712.4258670549</ele>
      </trkpt>
      <trkpt lat="45.4272" lon="6.91029">
        <ele>2713.3634707963</ele>
      </trkpt>
      <trkpt lat="45.42712" lon="6.91027">
        <ele>2714.2712995095</ele>
      </trkpt>
      <trkpt lat="45.42704" lon="6.91027">
        <ele>2715.0417085644</ele>
      </trkpt>
      <trkpt lat="45.42699" lon="6.91026">
        <ele>2715.2232723914</ele>
      </trkpt>
      <trkpt lat="45.42688" lon="6.91024">
        <ele>2715.598492276</ele>
      </trkpt>
      <trkpt lat="45.42682" lon="6.91026">
        <ele>2715.9636334328</ele>
      </trkpt>
      <trkpt lat="45.42679" lon="6.91024">
        <ele>2715.9732314386</ele>
      </trkpt>
      <trkpt lat="45.42674" lon="6.91024">
        <ele>2716.2222448274</ele>
      </trkpt>
      <trkpt lat="45.42667" lon="6.91013">
        <ele>2716.4768361065</ele>
      </trkpt>
      <trkpt lat="45.42661" lon="6.91002">
        <ele>2717.7566110133</ele>
      </trkpt>
      <trkpt lat="45.42657" lon="6.90995">
        <ele>2718.6608338587</ele>
      </trkpt>
      <trkpt lat="45.4265" lon="6.90992">
        <ele>2719.6550006671</ele>
      </trkpt>
      <trkpt lat="45.42646" lon="6.90985">
        <ele>2720.8370492972</ele>
      </trkpt>
      <trkpt lat="45.4264" lon="6.90982">
        <ele>2721.7865353915</ele>
      </trkpt>
      <trkpt lat="45.42635" lon="6.90978">
        <ele>2722.4196600426</ele>
      </trkpt>
      <trkpt lat="45.42632" lon="6.90968">
        <ele>2723.6382125501</ele>
      </trkpt>
      <trkpt lat="45.42628" lon="6.90963">
        <ele>2724.2759797102</ele>
      </trkpt>
      <trkpt lat="45.42619" lon="6.90953">
        <ele>2725.3790016351</ele>
      </trkpt>
      <trkpt lat="45.42616" lon="6.90949">
        <ele>2725.7854556445</ele>
      </trkpt>
      <trkpt lat="45.42613" lon="6.90943">
        <ele>2726.3382928578</ele>
      </trkpt>
      <trkpt lat="45.42607" lon="6.90934">
        <ele>2726.9066770914</ele>
      </trkpt>
      <trkpt lat="45.42601" lon="6.90926">
        <ele>2727.175783457</ele>
      </trkpt>
      <trkpt lat="45.42594" lon="6.90917">
        <ele>2727.5756271669</ele>
      </trkpt>
      <trkpt lat="45.42589" lon="6.90912">
        <ele>2727.863666114</ele>
      </trkpt>
      <trkpt lat="45.42585" lon="6.90908">
        <ele>2728.1074175106</ele>
      </trkpt>
      <trkpt lat="45.4258" lon="6.909">
        <ele>2728.5635386022</ele>
      </trkpt>
      <trkpt lat="45.42574" lon="6.90894">
        <ele>2728.9346441723</ele>
      </trkpt>
      <trkpt lat="45.4257" lon="6.90886">
        <ele>2729.4568967109</ele>
      </trkpt>
      <trkpt lat="45.4257" lon="6.90872">
        <ele>2729.8557142789</ele>
      </trkpt>
      <trkpt lat="45.42567" lon="6.90866">
        <ele>2730.2584663288</ele>
      </trkpt>
      <trkpt lat="45.42561" lon="6.90857">
        <ele>2731.0498819838</ele>
      </trkpt>
      <trkpt lat="45.42555" lon="6.90855">
        <ele>2731.5632655695</ele>
      </trkpt>
      <trkpt lat="45.4255" lon="6.90855">
        <ele>2732.0801994439</ele>
      </trkpt>
      <trkpt lat="45.42546" lon="6.90857">
        <ele>2732.5846112167</ele>
      </trkpt>
      <trkpt lat="45.42541" lon="6.90857">
        <ele>2733.3316337821</ele>
      </trkpt>
      <trkpt lat="45.42537" lon="6.90853">
        <ele>2734.1156648695</ele>
      </trkpt>
      <trkpt lat="45.42532" lon="6.9085">
        <ele>2735.0280709072</ele>
      </trkpt>
      <trkpt lat="45.42529" lon="6.9085">
        <ele>2735.7252903624</ele>
      </trkpt>
      <trkpt lat="45.42523" lon="6.90843">
        <ele>2737.5526299247</ele>
      </trkpt>
      <trkpt lat="45.4252" lon="6.90836">
        <ele>2738.6770505596</ele>
      </trkpt>
      <trkpt lat="45.42517" lon="6.90827">
        <ele>2739.7677746744</ele>
      </trkpt>
      <trkpt lat="45.42514" lon="6.90824">
        <ele>2740.558174351</ele>
      </trkpt>
      <trkpt lat="45.42507" lon="6.90826">
        <ele>2742.1472163602</ele>
      </trkpt>
      <trkpt lat="45.42498" lon="6.90831">
        <ele>2743.0931485417</ele>
      </trkpt>
      <trkpt lat="45.4249" lon="6.90834">
        <ele>2743.9132469651</ele>
      </trkpt>
      <trkpt lat="45.42483" lon="6.90835">
        <ele>2744.3464524537</ele>
      </trkpt>
      <trkpt lat="45.42473" lon="6.90831">
        <ele>2744.5064448</ele>
      </trkpt>
      <trkpt lat="45.42464" lon="6.90824">
        <ele>2744.6491576982</ele>
      </trkpt>
      <trkpt lat="45.42458" lon="6.90816">
        <ele>2744.509619888</ele>
      </trkpt>
      <trkpt lat="45.42453" lon="6.90811">
        <ele>2744.3023277971</ele>
      </trkpt>
      <trkpt lat="45.42446" lon="6.90805">
        <ele>2743.9074265629</ele>
      </trkpt>
      <trkpt lat="45.42442" lon="6.90799">
        <ele>2743.686802421</ele>
      </trkpt>
      <trkpt lat="45.42439" lon="6.90788">
        <ele>2743.1698580129</ele>
      </trkpt>
      <trkpt lat="45.42435" lon="6.9078">
        <ele>2742.6828007414</ele>
      </trkpt>
      <trkpt lat="45.42429" lon="6.9077">
        <ele>2742.0710352539</ele>
      </trkpt>
      <trkpt lat="45.42425" lon="6.90765">
        <ele>2741.6791198065</ele>
      </trkpt>
      <trkpt lat="45.42419" lon="6.90755">
        <ele>2740.8284274091</ele>
      </trkpt>
      <trkpt lat="45.42412" lon="6.90748">
        <ele>2740.106397223</ele>
      </trkpt>
      <trkpt lat="45.42406" lon="6.9074">
        <ele>2739.5174290684</ele>
      </trkpt>
      <trkpt lat="45.42403" lon="6.90734">
        <ele>2739.2131135138</ele>
      </trkpt>
      <trkpt lat="45.424" lon="6.90727">
        <ele>2738.8677174825</ele>
      </trkpt>
      <trkpt lat="45.42395" lon="6.9072">
        <ele>2738.6366179473</ele>
      </trkpt>
      <trkpt lat="45.42385" lon="6.90705">
        <ele>2738.5872157533</ele>
      </trkpt>
      <trkpt lat="45.42373" lon="6.90689">
        <ele>2739.2179583783</ele>
      </trkpt>
      <trkpt lat="45.42361" lon="6.90677">
        <ele>2740.0609672809</ele>
      </trkpt>
      <trkpt lat="45.42342" lon="6.90656">
        <ele>2740.3120081856</ele>
      </trkpt>
      <trkpt lat="45.42337" lon="6.90649">
        <ele>2740.0783376949</ele>
      </trkpt>
      <trkpt lat="45.42333" lon="6.90644">
        <ele>2739.8276591082</ele>
      </trkpt>
      <trkpt lat="45.42317" lon="6.90628">
        <ele>2737.4781083985</ele>
      </trkpt>
      <trkpt lat="45.42306" lon="6.9062">
        <ele>2735.8004564562</ele>
      </trkpt>
      <trkpt lat="45.42294" lon="6.90605">
        <ele>2734.4460173002</ele>
      </trkpt>
      <trkpt lat="45.42289" lon="6.906">
        <ele>2734.3</ele>
      </trkpt>
      <trkpt lat="45.4228" lon="6.90592">
        <ele>2734.8500697139</ele>
      </trkpt>
      <trkpt lat="45.4227" lon="6.90584">
        <ele>2735.9260190077</ele>
      </trkpt>
      <trkpt lat="45.42254" lon="6.90561">
        <ele>2736.884933696</ele>
      </trkpt>
      <trkpt lat="45.42241" lon="6.90533">
        <ele>2736.3899111186</ele>
      </trkpt>
      <trkpt lat="45.42225" lon="6.90509">
        <ele>2735.6834355731</ele>
      </trkpt>
      <trkpt lat="45.42217" lon="6.90497">
        <ele>2735.3543698115</ele>
      </trkpt>
      <trkpt lat="45.42209" lon="6.90489">
        <ele>2734.6251483324</ele>
      </trkpt>
      <trkpt lat="45.42199" lon="6.9048">
        <ele>2733.617202402</ele>
      </trkpt>
      <trkpt lat="45.42189" lon="6.90472">
        <ele>2733.756997722</ele>
      </trkpt>
      <trkpt lat="45.42182" lon="6.90471">
        <ele>2733.505692785</ele>
      </trkpt>
      <trkpt lat="45.42175" lon="6.90469">
        <ele>2733.5180661492</ele>
      </trkpt>
      <trkpt lat="45.4217" lon="6.9047">
        <ele>2734.0112458765</ele>
      </trkpt>
      <trkpt lat="45.42164" lon="6.9047">
        <ele>2734.6671512483</ele>
      </trkpt>
      <trkpt lat="45.42157" lon="6.9047">
        <ele>2735.4147553234</ele>
      </trkpt>
      <trkpt lat="45.42151" lon="6.90467">
        <ele>2735.8428423585</ele>
      </trkpt>
      <trkpt lat="45.4214" lon="6.90465">
        <ele>2736.762598818</ele>
      </trkpt>
      <trkpt lat="45.42134" lon="6.90459">
        <ele>2736.980957737</ele>
      </trkpt>
      <trkpt lat="45.42126" lon="6.90455">
        <ele>2737.4300523425</ele>
      </trkpt>
      <trkpt lat="45.42119" lon="6.90452">
        <ele>2737.8508313861</ele>
      </trkpt>
      <trkpt lat="45.42111" lon="6.90451">
        <ele>2738.3861973173</ele>
      </trkpt>
      <trkpt lat="45.42104" lon="6.90449">
        <ele>2738.5698565179</ele>
      </trkpt>
      <trkpt lat="45.42099" lon="6.9045">
        <ele>2738.8314472537</ele>
      </trkpt>
      <trkpt lat="45.42093" lon="6.90447">
        <ele>2738.9559447311</ele>
      </trkpt>
      <trkpt lat="45.42084" lon="6.90439">
        <ele>2738.9758207886</ele>
      </trkpt>
      <trkpt lat="45.42073" lon="6.90431">
        <ele>2739.0889610008</ele>
      </trkpt>
      <trkpt lat="45.42067" lon="6.90427">
        <ele>2739.1543234368</ele>
      </trkpt>
      <trkpt lat="45.42063" lon="6.90423">
        <ele>2739.0343063038</ele>
      </trkpt>
      <trkpt lat="45.42053" lon="6.90418">
        <ele>2739.0297347106</ele>
      </trkpt>
      <trkpt lat="45.42047" lon="6.90415">
        <ele>2739.0177671111</ele>
      </trkpt>
      <trkpt lat="45.42041" lon="6.90415">
        <ele>2738.972053786</ele>
      </trkpt>
      <trkpt lat="45.42036" lon="6.90412">
        <ele>2738.8867379552</ele>
      </trkpt>
      <trkpt lat="45.42029" lon="6.9041">
        <ele>2738.7642476264</ele>
      </trkpt>
      <trkpt lat="45.42018" lon="6.90409">
        <ele>2738.3120032755</ele>
      </trkpt>
      <trkpt lat="45.4201" lon="6.90407">
        <ele>2737.7348389538</ele>
      </trkpt>
      <trkpt lat="45.42005" lon="6.90409">
        <ele>2737.552138219</ele>
      </trkpt>
      <trkpt lat="45.42" lon="6.90412">
        <ele>2737.4161495331</ele>
      </trkpt>
      <trkpt lat="45.41992" lon="6.90414">
        <ele>2736.827281756</ele>
      </trkpt>
      <trkpt lat="45.41987" lon="6.90415">
        <ele>2736.4127712813</ele>
      </trkpt>
      <trkpt lat="45.41979" lon="6.90414">
        <ele>2735.5396523454</ele>
      </trkpt>
      <trkpt lat="45.41971" lon="6.90413">
        <ele>2735.1142488843</ele>
      </trkpt>
      <trkpt lat="45.41963" lon="6.9041">
        <ele>2734.5564673314</ele>
      </trkpt>
      <trkpt lat="45.41958" lon="6.90407">
        <ele>2734.2140631958</ele>
      </trkpt>
      <trkpt lat="45.41948" lon="6.90404">
        <ele>2734.0266154844</ele>
      </trkpt>
      <trkpt lat="45.41945" lon="6.90402">
        <ele>2733.8641429333</ele>
      </trkpt>
      <trkpt lat="45.41941" lon="6.90396">
        <ele>2733.3742504319</ele>
      </trkpt>
      <trkpt lat="45.41938" lon="6.90396">
        <ele>2733.3724583007</ele>
      </trkpt>
      <trkpt lat="45.41934" lon="6.90397">
        <ele>2733.4960840982</ele>
      </trkpt>
      <trkpt lat="45.41929" lon="6.90394">
        <ele>2733.2618386554</ele>
      </trkpt>
      <trkpt lat="45.41921" lon="6.90387">
        <ele>2732.6492608001</ele>
      </trkpt>
      <trkpt lat="45.41914" lon="6.90385">
        <ele>2732.5094506667</ele>
      </trkpt>
      <trkpt lat="45.41906" lon="6.90387">
        <ele>2732.6574155638</ele>
      </trkpt>
      <trkpt lat="45.41899" lon="6.90388">
        <ele>2732.7287488001</ele>
      </trkpt>
      <trkpt lat="45.41888" lon="6.90384">
        <ele>2732.4829546668</ele>
      </trkpt>
      <trkpt lat="45.4187" lon="6.90371">
        <ele>2731.2476404953</ele>
      </trkpt>
      <trkpt lat="45.41856" lon="6.90362">
        <ele>2730.1494604454</ele>
      </trkpt>
      <trkpt lat="45.41853" lon="6.90354">
        <ele>2729.1405073017</ele>
      </trkpt>
      <trkpt lat="45.41848" lon="6.90346">
        <ele>2728.0202945519</ele>
      </trkpt>
      <trkpt lat="45.41838" lon="6.90343">
        <ele>2727.0885376507</ele>
      </trkpt>
      <trkpt lat="45.41832" lon="6.9034">
        <ele>2726.3653721519</ele>
      </trkpt>
      <trkpt lat="45.41828" lon="6.90338">
        <ele>2725.9331744192</ele>
      </trkpt>
      <trkpt lat="45.4182" lon="6.90334">
        <ele>2724.9324707443</ele>
      </trkpt>
      <trkpt lat="45.41815" lon="6.90327">
        <ele>2723.5974455589</ele>
      </trkpt>
      <trkpt lat="45.41807" lon="6.90325">
        <ele>2722.6538239393</ele>
      </trkpt>
      <trkpt lat="45.41802" lon="6.90322">
        <ele>2721.7687659244</ele>
      </trkpt>
      <trkpt lat="45.41794" lon="6.90319">
        <ele>2720.2933306486</ele>
      </trkpt>
      <trkpt lat="45.41788" lon="6.90318">
        <ele>2719.2617390469</ele>
      </trkpt>
      <trkpt lat="45.41782" lon="6.90322">
        <ele>2719.0062994917</ele>
      </trkpt>
      <trkpt lat="45.41773" lon="6.90316">
        <ele>2716.3521125055</ele>
      </trkpt>
      <trkpt lat="45.41766" lon="6.9032">
        <ele>2715.7587587636</ele>
      </trkpt>
      <trkpt lat="45.41762" lon="6.90318">
        <ele>2714.5398499703</ele>
      </trkpt>
      <trkpt lat="45.41754" lon="6.90321">
        <ele>2713.6222869884</ele>
      </trkpt>
      <trkpt lat="45.41747" lon="6.90321">
        <ele>2712.08431328</ele>
      </trkpt>
      <trkpt lat="45.41742" lon="6.90313">
        <ele>2709.0331390598</ele>
      </trkpt>
      <trkpt lat="45.41734" lon="6.9031">
        <ele>2706.3073046587</ele>
      </trkpt>
      <trkpt lat="45.41724" lon="6.90312">
        <ele>2704.0984757198</ele>
      </trkpt>
      <trkpt lat="45.41709" lon="6.90317">
        <ele>2701.3212333027</ele>
      </trkpt>
      <trkpt lat="45.41703" lon="6.90315">
        <ele>2699.1316122349</ele>
      </trkpt>
      <trkpt lat="45.41695" lon="6.90317">
        <ele>2697.5730731146</ele>
      </trkpt>
      <trkpt lat="45.41688" lon="6.90322">
        <ele>2697.4654693262</ele>
      </trkpt>
      <trkpt lat="45.41679" lon="6.90328">
        <ele>2697.4793667516</ele>
      </trkpt>
      <trkpt lat="45.41673" lon="6.90331">
        <ele>2697.2287109404</ele>
      </trkpt>
      <trkpt lat="45.41667" lon="6.90333">
        <ele>2696.6226875905</ele>
      </trkpt>
      <trkpt lat="45.41663" lon="6.90333">
        <ele>2695.770805434</ele>
      </trkpt>
      <trkpt lat="45.4166" lon="6.90336">
        <ele>2696.0930575366</ele>
      </trkpt>
      <trkpt lat="45.41652" lon="6.90337">
        <ele>2694.6921477692</ele>
      </trkpt>
      <trkpt lat="45.41649" lon="6.90336">
        <ele>2693.7849311746</ele>
      </trkpt>
      <trkpt lat="45.41644" lon="6.90333">
        <ele>2692.0327914522</ele>
      </trkpt>
      <trkpt lat="45.4164" lon="6.90332">
        <ele>2691.1761769338</ele>
      </trkpt>
      <trkpt lat="45.41638" lon="6.90333">
        <ele>2691.2018825687</ele>
      </trkpt>
      <trkpt lat="45.41635" lon="6.90331">
        <ele>2690.2209923098</ele>
      </trkpt>
      <trkpt lat="45.41632" lon="6.90329">
        <ele>2689.2330981961</ele>
      </trkpt>
      <trkpt lat="45.41627" lon="6.9033">
        <ele>2688.8598476071</ele>
      </trkpt>
      <trkpt lat="45.41623" lon="6.90333">
        <ele>2689.1829893331</ele>
      </trkpt>
      <trkpt lat="45.41619" lon="6.90334">
        <ele>2689.0424217861</ele>
      </trkpt>
      <trkpt lat="45.41613" lon="6.90328">
        <ele>2686.8346114824</ele>
      </trkpt>
      <trkpt lat="45.41609" lon="6.90327">
        <ele>2686.146634527</ele>
      </trkpt>
      <trkpt lat="45.41607" lon="6.90327">
        <ele>2685.916758064</ele>
      </trkpt>
      <trkpt lat="45.41603" lon="6.90325">
        <ele>2684.993801508</ele>
      </trkpt>
      <trkpt lat="45.41599" lon="6.90324">
        <ele>2684.4055283196</ele>
      </trkpt>
      <trkpt lat="45.41596" lon="6.90321">
        <ele>2683.3781505022</ele>
      </trkpt>
      <trkpt lat="45.4159" lon="6.90322">
        <ele>2683.0975633682</ele>
      </trkpt>
      <trkpt lat="45.41586" lon="6.90319">
        <ele>2682.0472264354</ele>
      </trkpt>
      <trkpt lat="45.4158" lon="6.90319">
        <ele>2681.5419213895</ele>
      </trkpt>
      <trkpt lat="45.41577" lon="6.90315">
        <ele>2680.3847215503</ele>
      </trkpt>
      <trkpt lat="45.41573" lon="6.90315">
        <ele>2680.0177921206</ele>
      </trkpt>
      <trkpt lat="45.4157" lon="6.90315">
        <ele>2679.7425952189</ele>
      </trkpt>
      <trkpt lat="45.41566" lon="6.90313">
        <ele>2679.0005025066</ele>
      </trkpt>
      <trkpt lat="45.41562" lon="6.90313">
        <ele>2678.6605474558</ele>
      </trkpt>
      <trkpt lat="45.41554" lon="6.90315">
        <ele>2678.1517219221</ele>
      </trkpt>
      <trkpt lat="45.41552" lon="6.90316">
        <ele>2678.0984695103</ele>
      </trkpt>
      <trkpt lat="45.41549" lon="6.90314">
        <ele>2677.334854342</ele>
      </trkpt>
      <trkpt lat="45.41545" lon="6.90315">
        <ele>2677.0306526781</ele>
      </trkpt>
      <trkpt lat="45.4154" lon="6.90311">
        <ele>2675.6979435786</ele>
      </trkpt>
      <trkpt lat="45.41536" lon="6.90309">
        <ele>2674.8776076854</ele>
      </trkpt>
      <trkpt lat="45.41531" lon="6.9031">
        <ele>2674.4921667187</ele>
      </trkpt>
      <trkpt lat="45.41525" lon="6.9031">
        <ele>2673.875491808</ele>
      </trkpt>
      <trkpt lat="45.41516" lon="6.90316">
        <ele>2673.7681386393</ele>
      </trkpt>
      <trkpt lat="45.41503" lon="6.90313">
        <ele>2671.6293920267</ele>
      </trkpt>
      <trkpt lat="45.415" lon="6.90316">
        <ele>2671.6031479531</ele>
      </trkpt>
      <trkpt lat="45.41493" lon="6.90322">
        <ele>2671.2282476591</ele>
      </trkpt>
      <trkpt lat="45.41487" lon="6.90325">
        <ele>2670.5466424872</ele>
      </trkpt>
      <trkpt lat="45.41483" lon="6.90326">
        <ele>2669.9363118433</ele>
      </trkpt>
      <trkpt lat="45.41478" lon="6.90326">
        <ele>2669.0235279233</ele>
      </trkpt>
      <trkpt lat="45.41472" lon="6.90329">
        <ele>2668.2899866346</ele>
      </trkpt>
      <trkpt lat="45.41468" lon="6.90331">
        <ele>2667.8133840802</ele>
      </trkpt>
      <trkpt lat="45.41462" lon="6.90334">
        <ele>2667.0721712958</ele>
      </trkpt>
      <trkpt lat="45.41458" lon="6.90338">
        <ele>2666.8922888881</ele>
      </trkpt>
      <trkpt lat="45.41452" lon="6.9034">
        <ele>2666.0445819803</ele>
      </trkpt>
      <trkpt lat="45.41448" lon="6.90342">
        <ele>2665.5275324834</ele>
      </trkpt>
      <trkpt lat="45.41442" lon="6.90342">
        <ele>2664.5603347272</ele>
      </trkpt>
      <trkpt lat="45.41436" lon="6.90342">
        <ele>2663.5651942824</ele>
      </trkpt>
      <trkpt lat="45.41429" lon="6.90347">
        <ele>2663.0833361768</ele>
      </trkpt>
      <trkpt lat="45.41421" lon="6.90351">
        <ele>2662.5533623288</ele>
      </trkpt>
      <trkpt lat="45.41417" lon="6.90354">
        <ele>2662.5211610618</ele>
      </trkpt>
      <trkpt lat="45.41413" lon="6.90353">
        <ele>2661.9707461756</ele>
      </trkpt>
      <trkpt lat="45.41409" lon="6.90354">
        <ele>2661.6727497861</ele>
      </trkpt>
      <trkpt lat="45.41405" lon="6.90354">
        <ele>2661.2311327781</ele>
      </trkpt>
      <trkpt lat="45.41398" lon="6.90359">
        <ele>2661.343063888</ele>
      </trkpt>
      <trkpt lat="45.41392" lon="6.90359">
        <ele>2660.845150135</ele>
      </trkpt>
      <trkpt lat="45.41384" lon="6.90357">
        <ele>2659.9016456877</ele>
      </trkpt>
      <trkpt lat="45.41379" lon="6.9036">
        <ele>2660.0366483805</ele>
      </trkpt>
      <trkpt lat="45.41374" lon="6.9036">
        <ele>2659.8706776733</ele>
      </trkpt>
      <trkpt lat="45.41368" lon="6.9036">
        <ele>2659.6715130185</ele>
      </trkpt>
      <trkpt lat="45.41361" lon="6.90352">
        <ele>2658.3953923722</ele>
      </trkpt>
      <trkpt lat="45.41352" lon="6.90342">
        <ele>2657.1725546666</ele>
      </trkpt>
      <trkpt lat="45.41346" lon="6.90338">
        <ele>2656.706520889</ele>
      </trkpt>
      <trkpt lat="45.41339" lon="6.90338">
        <ele>2656.6991403074</ele>
      </trkpt>
      <trkpt lat="45.4133" lon="6.90337">
        <ele>2656.4332593374</ele>
      </trkpt>
      <trkpt lat="45.41323" lon="6.90333">
        <ele>2655.7130895582</ele>
      </trkpt>
      <trkpt lat="45.41308" lon="6.90327">
        <ele>2655.0033176358</ele>
      </trkpt>
      <trkpt lat="45.41297" lon="6.90322">
        <ele>2654.855525904</ele>
      </trkpt>
      <trkpt lat="45.41285" lon="6.90313">
        <ele>2653.7160071429</ele>
      </trkpt>
      <trkpt lat="45.41275" lon="6.90311">
        <ele>2653.5607693697</ele>
      </trkpt>
      <trkpt lat="45.41265" lon="6.9031">
        <ele>2653.6875218944</ele>
      </trkpt>
      <trkpt lat="45.41258" lon="6.9031">
        <ele>2653.9227580259</ele>
      </trkpt>
      <trkpt lat="45.41249" lon="6.90303">
        <ele>2653.1728185648</ele>
      </trkpt>
      <trkpt lat="45.41235" lon="6.90299">
        <ele>2653.7737552702</ele>
      </trkpt>
      <trkpt lat="45.41229" lon="6.90295">
        <ele>2653.8079990079</ele>
      </trkpt>
      <trkpt lat="45.41223" lon="6.90289">
        <ele>2653.7937350685</ele>
      </trkpt>
      <trkpt lat="45.41219" lon="6.90287">
        <ele>2654.0056402876</ele>
      </trkpt>
      <trkpt lat="45.4121" lon="6.90278">
        <ele>2654.0250788816</ele>
      </trkpt>
      <trkpt lat="45.41194" lon="6.90257">
        <ele>2652.8464957229</ele>
      </trkpt>
      <trkpt lat="45.41186" lon="6.90245">
        <ele>2652.1532271782</ele>
      </trkpt>
      <trkpt lat="45.41181" lon="6.90232">
        <ele>2651.2446279471</ele>
      </trkpt>
      <trkpt lat="45.41175" lon="6.90212">
        <ele>2649.5658030591</ele>
      </trkpt>
      <trkpt lat="45.4117" lon="6.90195">
        <ele>2648.3225077404</ele>
      </trkpt>
      <trkpt lat="45.41162" lon="6.90183">
        <ele>2647.9959566919</ele>
      </trkpt>
      <trkpt lat="45.41152" lon="6.90168">
        <ele>2647.4110034834</ele>
      </trkpt>
      <trkpt lat="45.41147" lon="6.90164">
        <ele>2647.2613680734</ele>
      </trkpt>
      <trkpt lat="45.41145" lon="6.90158">
        <ele>2646.8967417179</ele>
      </trkpt>
      <trkpt lat="45.41148" lon="6.90148">
        <ele>2646.3560279284</ele>
      </trkpt>
      <trkpt lat="45.41152" lon="6.9014">
        <ele>2646.0347288585</ele>
      </trkpt>
      <trkpt lat="45.41152" lon="6.90118">
        <ele>2644.5072533766</ele>
      </trkpt>
      <trkpt lat="45.41152" lon="6.90096">
        <ele>2642.8640650654</ele>
      </trkpt>
      <trkpt lat="45.41151" lon="6.90094">
        <ele>2642.6568473615</ele>
      </trkpt>
      <trkpt lat="45.41151" lon="6.90073">
        <ele>2641.2556626504</ele>
      </trkpt>
      <trkpt lat="45.41143" lon="6.90061">
        <ele>2640.2427918186</ele>
      </trkpt>
      <trkpt lat="45.41134" lon="6.90047">
        <ele>2639.4314254955</ele>
      </trkpt>
      <trkpt lat="45.41127" lon="6.90037">
        <ele>2639.1345117425</ele>
      </trkpt>
      <trkpt lat="45.41124" lon="6.90034">
        <ele>2639.0750476576</ele>
      </trkpt>
      <trkpt lat="45.41121" lon="6.90026">
        <ele>2639.0779264646</ele>
      </trkpt>
      <trkpt lat="45.41112" lon="6.90024">
        <ele>2639.1532709396</ele>
      </trkpt>
      <trkpt lat="45.41103" lon="6.9002">
        <ele>2639.7217011083</ele>
      </trkpt>
      <trkpt lat="45.41095" lon="6.90016">
        <ele>2640.3121429905</ele>
      </trkpt>
      <trkpt lat="45.41084" lon="6.90019">
        <ele>2640.8346896792</ele>
      </trkpt>
      <trkpt lat="45.41073" lon="6.90025">
        <ele>2640.7981572013</ele>
      </trkpt>
      <trkpt lat="45.41065" lon="6.90035">
        <ele>2639.0873290096</ele>
      </trkpt>
      <trkpt lat="45.41057" lon="6.90043">
        <ele>2637.5848359278</ele>
      </trkpt>
      <trkpt lat="45.41048" lon="6.9005">
        <ele>2636.1130593485</ele>
      </trkpt>
      <trkpt lat="45.41041" lon="6.90056">
        <ele>2634.5762179022</ele>
      </trkpt>
      <trkpt lat="45.4103" lon="6.90057">
        <ele>2632.363645093</ele>
      </trkpt>
      <trkpt lat="45.41025" lon="6.90061">
        <ele>2631.3040388065</ele>
      </trkpt>
      <trkpt lat="45.41024" lon="6.90057">
        <ele>2630.926809392</ele>
      </trkpt>
      <trkpt lat="45.41021" lon="6.90059">
        <ele>2630.2132251885</ele>
      </trkpt>
      <trkpt lat="45.41013" lon="6.90061">
        <ele>2628.203603974</ele>
      </trkpt>
      <trkpt lat="45.41005" lon="6.90062">
        <ele>2626.3192140415</ele>
      </trkpt>
      <trkpt lat="45.40997" lon="6.90062">
        <ele>2624.6254991513</ele>
      </trkpt>
      <trkpt lat="45.4099" lon="6.9006">
        <ele>2623.0144718179</ele>
      </trkpt>
      <trkpt lat="45.40981" lon="6.9006">
        <ele>2621.4662577265</ele>
      </trkpt>
      <trkpt lat="45.40975" lon="6.90064">
        <ele>2620.9739261166</ele>
      </trkpt>
      <trkpt lat="45.40971" lon="6.90064">
        <ele>2620.4985875914</ele>
      </trkpt>
      <trkpt lat="45.40968" lon="6.90065">
        <ele>2620.168522537</ele>
      </trkpt>
      <trkpt lat="45.40964" lon="6.90068">
        <ele>2619.8651634593</ele>
      </trkpt>
      <trkpt lat="45.40954" lon="6.90075">
        <ele>2619.2021430228</ele>
      </trkpt>
      <trkpt lat="45.40942" lon="6.90082">
        <ele>2618.2791473197</ele>
      </trkpt>
      <trkpt lat="45.40934" lon="6.90087">
        <ele>2617.5560367572</ele>
      </trkpt>
      <trkpt lat="45.40929" lon="6.90087">
        <ele>2616.9093684318</ele>
      </trkpt>
      <trkpt lat="45.40923" lon="6.90089">
        <ele>2616.2762966691</ele>
      </trkpt>
      <trkpt lat="45.40916" lon="6.9009">
        <ele>2615.4776944327</ele>
      </trkpt>
      <trkpt lat="45.40912" lon="6.90088">
        <ele>2614.9652438571</ele>
      </trkpt>
      <trkpt lat="45.409" lon="6.90092">
        <ele>2613.7205801774</ele>
      </trkpt>
      <trkpt lat="45.40899" lon="6.90095">
        <ele>2613.7683894329</ele>
      </trkpt>
      <trkpt lat="45.40896" lon="6.90099">
        <ele>2613.6617318178</ele>
      </trkpt>
      <trkpt lat="45.40893" lon="6.90101">
        <ele>2613.4186977178</ele>
      </trkpt>
      <trkpt lat="45.4089" lon="6.90096">
        <ele>2612.4583965841</ele>
      </trkpt>
      <trkpt lat="45.40885" lon="6.90088">
        <ele>2610.7195992295</ele>
      </trkpt>
      <trkpt lat="45.4088" lon="6.9008">
        <ele>2608.6999742412</ele>
      </trkpt>
      <trkpt lat="45.40876" lon="6.90075">
        <ele>2607.1010606826</ele>
      </trkpt>
      <trkpt lat="45.40873" lon="6.90067">
        <ele>2605.089176762</ele>
      </trkpt>
      <trkpt lat="45.4087" lon="6.90062">
        <ele>2603.418775263</ele>
      </trkpt>
      <trkpt lat="45.40869" lon="6.90056">
        <ele>2602.1096191258</ele>
      </trkpt>
      <trkpt lat="45.40869" lon="6.90049">
        <ele>2600.8889587622</ele>
      </trkpt>
      <trkpt lat="45.40876" lon="6.90035">
        <ele>2600.2925439657</ele>
      </trkpt>
      <trkpt lat="45.40883" lon="6.90027">
        <ele>2600.5983419377</ele>
      </trkpt>
      <trkpt lat="45.40888" lon="6.90021">
        <ele>2600.488491681</ele>
      </trkpt>
      <trkpt lat="45.40889" lon="6.90016">
        <ele>2599.5964311814</ele>
      </trkpt>
      <trkpt lat="45.40885" lon="6.90005">
        <ele>2596.6756084031</ele>
      </trkpt>
      <trkpt lat="45.40883" lon="6.89998">
        <ele>2595.1581364955</ele>
      </trkpt>
      <trkpt lat="45.40879" lon="6.89992">
        <ele>2593.5756394266</ele>
      </trkpt>
      <trkpt lat="45.40876" lon="6.89985">
        <ele>2592.0638939416</ele>
      </trkpt>
      <trkpt lat="45.40877" lon="6.89975">
        <ele>2590.6727075518</ele>
      </trkpt>
      <trkpt lat="45.40875" lon="6.89972">
        <ele>2590.0209387516</ele>
      </trkpt>
      <trkpt lat="45.40872" lon="6.8997">
        <ele>2589.3928110386</ele>
      </trkpt>
      <trkpt lat="45.40872" lon="6.89968">
        <ele>2589.1131907718</ele>
      </trkpt>
      <trkpt lat="45.40874" lon="6.89962">
        <ele>2588.521474091</ele>
      </trkpt>
      <trkpt lat="45.40879" lon="6.8996">
        <ele>2588.8565208035</ele>
      </trkpt>
      <trkpt lat="45.40882" lon="6.89957">
        <ele>2588.863406477</ele>
      </trkpt>
      <trkpt lat="45.40881" lon="6.89952">
        <ele>2588.0833514133</ele>
      </trkpt>
      <trkpt lat="45.40883" lon="6.89948">
        <ele>2587.8830970196</ele>
      </trkpt>
      <trkpt lat="45.4089" lon="6.89945">
        <ele>2588.7085420788</ele>
      </trkpt>
      <trkpt lat="45.40894" lon="6.89941">
        <ele>2588.9016812155</ele>
      </trkpt>
      <trkpt lat="45.40895" lon="6.89933">
        <ele>2589.1340203768</ele>
      </trkpt>
      <trkpt lat="45.40893" lon="6.89923">
        <ele>2588.3084019943</ele>
      </trkpt>
      <trkpt lat="45.4089" lon="6.89915">
        <ele>2587.0793315623</ele>
      </trkpt>
      <trkpt lat="45.40885" lon="6.89907">
        <ele>2584.9111375514</ele>
      </trkpt>
      <trkpt lat="45.40881" lon="6.89897">
        <ele>2582.9176919294</ele>
      </trkpt>
      <trkpt lat="45.40879" lon="6.89887">
        <ele>2581.555504324</ele>
      </trkpt>
      <trkpt lat="45.40876" lon="6.89877">
        <ele>2579.9231351162</ele>
      </trkpt>
      <trkpt lat="45.40869" lon="6.89866">
        <ele>2577.9522389753</ele>
      </trkpt>
      <trkpt lat="45.40865" lon="6.89859">
        <ele>2577.1415221178</ele>
      </trkpt>
      <trkpt lat="45.40864" lon="6.8985">
        <ele>2576.7358427542</ele>
      </trkpt>
      <trkpt lat="45.40861" lon="6.89845">
        <ele>2576.2940417646</ele>
      </trkpt>
      <trkpt lat="45.40861" lon="6.8984">
        <ele>2576.2357875424</ele>
      </trkpt>
      <trkpt lat="45.40858" lon="6.89835">
        <ele>2575.8329280375</ele>
      </trkpt>
      <trkpt lat="45.40853" lon="6.89826">
        <ele>2575.1433252456</ele>
      </trkpt>
      <trkpt lat="45.40847" lon="6.89814">
        <ele>2574.344558028</ele>
      </trkpt>
      <trkpt lat="45.40844" lon="6.8981">
        <ele>2573.994438525</ele>
      </trkpt>
      <trkpt lat="45.40841" lon="6.89806">
        <ele>2573.6056958679</ele>
      </trkpt>
      <trkpt lat="45.40838" lon="6.89802">
        <ele>2573.216953343</ele>
      </trkpt>
      <trkpt lat="45.40834" lon="6.89798">
        <ele>2572.7452335599</ele>
      </trkpt>
      <trkpt lat="45.40829" lon="6.89794">
        <ele>2572.1016811182</ele>
      </trkpt>
      <trkpt lat="45.40826" lon="6.8979">
        <ele>2571.602956924</ele>
      </trkpt>
      <trkpt lat="45.40824" lon="6.89785">
        <ele>2571.0854317426</ele>
      </trkpt>
      <trkpt lat="45.40821" lon="6.89781">
        <ele>2570.4573071766</ele>
      </trkpt>
      <trkpt lat="45.40818" lon="6.89776">
        <ele>2569.7592777288</ele>
      </trkpt>
      <trkpt lat="45.40816" lon="6.89772">
        <ele>2569.247321489</ele>
      </trkpt>
      <trkpt lat="45.40811" lon="6.89766">
        <ele>2568.2470515154</ele>
      </trkpt>
      <trkpt lat="45.40804" lon="6.89755">
        <ele>2566.9277275256</ele>
      </trkpt>
      <trkpt lat="45.40797" lon="6.89745">
        <ele>2566.2587936618</ele>
      </trkpt>
      <trkpt lat="45.40785" lon="6.89731">
        <ele>2565.6023504188</ele>
      </trkpt>
      <trkpt lat="45.40774" lon="6.89718">
        <ele>2566.4790033839</ele>
      </trkpt>
      <trkpt lat="45.40765" lon="6.89706">
        <ele>2567.4118400393</ele>
      </trkpt>
      <trkpt lat="45.40756" lon="6.89696">
        <ele>2567.8418836363</ele>
      </trkpt>
      <trkpt lat="45.40751" lon="6.89691">
        <ele>2567.9585683451</ele>
      </trkpt>
      <trkpt lat="45.40744" lon="6.89682">
        <ele>2568.2462044296</ele>
      </trkpt>
      <trkpt lat="45.40733" lon="6.89672">
        <ele>2568.5771572219</ele>
      </trkpt>
      <trkpt lat="45.40727" lon="6.89662">
        <ele>2569.1749002839</ele>
      </trkpt>
      <trkpt lat="45.4072" lon="6.89655">
        <ele>2569.4098631473</ele>
      </trkpt>
      <trkpt lat="45.40712" lon="6.89651">
        <ele>2569.4416299079</ele>
      </trkpt>
      <trkpt lat="45.40706" lon="6.89648">
        <ele>2569.5244436256</ele>
      </trkpt>
      <trkpt lat="45.40702" lon="6.89639">
        <ele>2570.3256660626</ele>
      </trkpt>
      <trkpt lat="45.40696" lon="6.89634">
        <ele>2570.7407517289</ele>
      </trkpt>
      <trkpt lat="45.40687" lon="6.89626">
        <ele>2570.9107335202</ele>
      </trkpt>
      <trkpt lat="45.40674" lon="6.89616">
        <ele>2571.0366573117</ele>
      </trkpt>
      <trkpt lat="45.40666" lon="6.89611">
        <ele>2570.2826338495</ele>
      </trkpt>
      <trkpt lat="45.4065" lon="6.89595">
        <ele>2568.1298758573</ele>
      </trkpt>
      <trkpt lat="45.40641" lon="6.8959">
        <ele>2567.0464764048</ele>
      </trkpt>
      <trkpt lat="45.40635" lon="6.89583">
        <ele>2566.553581426</ele>
      </trkpt>
      <trkpt lat="45.40628" lon="6.89577">
        <ele>2566.1998955199</ele>
      </trkpt>
      <trkpt lat="45.40622" lon="6.89568">
        <ele>2566.4202571218</ele>
      </trkpt>
      <trkpt lat="45.40616" lon="6.89563">
        <ele>2566.3301913282</ele>
      </trkpt>
      <trkpt lat="45.40612" lon="6.8956">
        <ele>2566.2429624559</ele>
      </trkpt>
      <trkpt lat="45.40609" lon="6.89557">
        <ele>2566.2658629181</ele>
      </trkpt>
      <trkpt lat="45.40595" lon="6.89551">
        <ele>2565.9553964782</ele>
      </trkpt>
      <trkpt lat="45.40588" lon="6.89541">
        <ele>2566.1418774949</ele>
      </trkpt>
      <trkpt lat="45.40581" lon="6.89536">
        <ele>2566.2825117143</ele>
      </trkpt>
      <trkpt lat="45.4057" lon="6.89519">
        <ele>2568.0812542265</ele>
      </trkpt>
      <trkpt lat="45.40562" lon="6.89509">
        <ele>2568.9711001078</ele>
      </trkpt>
      <trkpt lat="45.40558" lon="6.89503">
        <ele>2569.390023345</ele>
      </trkpt>
      <trkpt lat="45.40551" lon="6.89496">
        <ele>2569.5753787603</ele>
      </trkpt>
      <trkpt lat="45.40544" lon="6.89489">
        <ele>2569.5904913966</ele>
      </trkpt>
      <trkpt lat="45.40539" lon="6.89483">
        <ele>2569.5473948525</ele>
      </trkpt>
      <trkpt lat="45.40531" lon="6.89479">
        <ele>2568.8197863048</ele>
      </trkpt>
      <trkpt lat="45.40524" lon="6.89475">
        <ele>2567.9699215622</ele>
      </trkpt>
      <trkpt lat="45.4052" lon="6.89474">
        <ele>2567.4144559377</ele>
      </trkpt>
      <trkpt lat="45.40517" lon="6.89475">
        <ele>2566.9410525087</ele>
      </trkpt>
      <trkpt lat="45.40515" lon="6.89474">
        <ele>2566.5858599723</ele>
      </trkpt>
      <trkpt lat="45.40509" lon="6.8947">
        <ele>2565.5032991371</ele>
      </trkpt>
      <trkpt lat="45.40505" lon="6.89466">
        <ele>2564.7399939838</ele>
      </trkpt>
      <trkpt lat="45.405" lon="6.89464">
        <ele>2563.8754620378</ele>
      </trkpt>
      <trkpt lat="45.40491" lon="6.89464">
        <ele>2562.6997045964</ele>
      </trkpt>
      <trkpt lat="45.40481" lon="6.89454">
        <ele>2561.3537591174</ele>
      </trkpt>
      <trkpt lat="45.40472" lon="6.89447">
        <ele>2560.6522267444</ele>
      </trkpt>
      <trkpt lat="45.40462" lon="6.89434">
        <ele>2560.2764300679</ele>
      </trkpt>
      <trkpt lat="45.40459" lon="6.89424">
        <ele>2560.1652956876</ele>
      </trkpt>
      <trkpt lat="45.40455" lon="6.89416">
        <ele>2559.9708887463</ele>
      </trkpt>
      <trkpt lat="45.4045" lon="6.89405">
        <ele>2559.7781652804</ele>
      </trkpt>
      <trkpt lat="45.40447" lon="6.89396">
        <ele>2559.6785992157</ele>
      </trkpt>
      <trkpt lat="45.40442" lon="6.89382">
        <ele>2559.5313219756</ele>
      </trkpt>
      <trkpt lat="45.40435" lon="6.8936">
        <ele>2559.5371135465</ele>
      </trkpt>
      <trkpt lat="45.40432" lon="6.89349">
        <ele>2559.4635724374</ele>
      </trkpt>
      <trkpt lat="45.40431" lon="6.89342">
        <ele>2559.4787511718</ele>
      </trkpt>
      <trkpt lat="45.40433" lon="6.89331">
        <ele>2559.7536231055</ele>
      </trkpt>
      <trkpt lat="45.40435" lon="6.89326">
        <ele>2560.0110089459</ele>
      </trkpt>
      <trkpt lat="45.40435" lon="6.8932">
        <ele>2560.041006457</ele>
      </trkpt>
      <trkpt lat="45.40436" lon="6.89311">
        <ele>2560.1093312344</ele>
      </trkpt>
      <trkpt lat="45.40434" lon="6.89304">
        <ele>2559.7623719456</ele>
      </trkpt>
      <trkpt lat="45.40432" lon="6.89292">
        <ele>2559.2504314988</ele>
      </trkpt>
      <trkpt lat="45.40429" lon="6.89275">
        <ele>2558.8624078758</ele>
      </trkpt>
      <trkpt lat="45.40426" lon="6.89265">
        <ele>2558.6632764867</ele>
      </trkpt>
      <trkpt lat="45.40422" lon="6.8925">
        <ele>2558.7604768322</ele>
      </trkpt>
      <trkpt lat="45.40418" lon="6.89235">
        <ele>2559.5402689334</ele>
      </trkpt>
      <trkpt lat="45.40417" lon="6.8922">
        <ele>2560.5798053885</ele>
      </trkpt>
      <trkpt lat="45.40413" lon="6.89215">
        <ele>2560.5342506971</ele>
      </trkpt>
      <trkpt lat="45.40407" lon="6.89199">
        <ele>2561.1020116265</ele>
      </trkpt>
      <trkpt lat="45.40404" lon="6.89183">
        <ele>2561.6688333363</ele>
      </trkpt>
      <trkpt lat="45.40405" lon="6.89172">
        <ele>2562.3754091858</ele>
      </trkpt>
      <trkpt lat="45.40403" lon="6.89162">
        <ele>2562.4076675062</ele>
      </trkpt>
      <trkpt lat="45.40397" lon="6.89151">
        <ele>2561.3395114583</ele>
      </trkpt>
      <trkpt lat="45.4039" lon="6.8914">
        <ele>2559.6304395483</ele>
      </trkpt>
      <trkpt lat="45.40383" lon="6.89126">
        <ele>2558.2004608389</ele>
      </trkpt>
      <trkpt lat="45.40374" lon="6.89109">
        <ele>2557.0319086356</ele>
      </trkpt>
      <trkpt lat="45.4037" lon="6.89092">
        <ele>2557.0389916251</ele>
      </trkpt>
      <trkpt lat="45.40364" lon="6.89078">
        <ele>2556.9787345343</ele>
      </trkpt>
      <trkpt lat="45.40361" lon="6.89065">
        <ele>2557.4509857037</ele>
      </trkpt>
      <trkpt lat="45.4036" lon="6.89048">
        <ele>2559.0685584142</ele>
      </trkpt>
      <trkpt lat="45.40358" lon="6.89033">
        <ele>2559.9949308455</ele>
      </trkpt>
      <trkpt lat="45.40354" lon="6.89015">
        <ele>2559.59798809</ele>
      </trkpt>
      <trkpt lat="45.4035" lon="6.89008">
        <ele>2558.4876680682</ele>
      </trkpt>
      <trkpt lat="45.40349" lon="6.89">
        <ele>2558.5535732975</ele>
      </trkpt>
      <trkpt lat="45.40351" lon="6.88995">
        <ele>2559.6054216849</ele>
      </trkpt>
      <trkpt lat="45.40351" lon="6.88989">
        <ele>2560.0921402774</ele>
      </trkpt>
      <trkpt lat="45.40348" lon="6.88984">
        <ele>2559.4045751937</ele>
      </trkpt>
      <trkpt lat="45.40342" lon="6.88974">
        <ele>2558.5606197034</ele>
      </trkpt>
      <trkpt lat="45.40338" lon="6.88955">
        <ele>2560.5088620127</ele>
      </trkpt>
      <trkpt lat="45.4033" lon="6.88938">
        <ele>2561.5030022813</ele>
      </trkpt>
      <trkpt lat="45.4032" lon="6.88921">
        <ele>2561.7493816977</ele>
      </trkpt>
      <trkpt lat="45.40312" lon="6.88903">
        <ele>2562.2677460775</ele>
      </trkpt>
      <trkpt lat="45.40308" lon="6.88896">
        <ele>2562.0778282026</ele>
      </trkpt>
      <trkpt lat="45.40298" lon="6.88876">
        <ele>2561.0588364906</ele>
      </trkpt>
      <trkpt lat="45.40289" lon="6.88863">
        <ele>2560.9695596031</ele>
      </trkpt>
      <trkpt lat="45.40281" lon="6.88849">
        <ele>2560.4316902917</ele>
      </trkpt>
      <trkpt lat="45.40276" lon="6.88831">
        <ele>2562.2348897215</ele>
      </trkpt>
      <trkpt lat="45.40271" lon="6.88814">
        <ele>2563.7857470853</ele>
      </trkpt>
      <trkpt lat="45.40267" lon="6.88806">
        <ele>2564.180134245</ele>
      </trkpt>
      <trkpt lat="45.40257" lon="6.88783">
        <ele>2566.258888382</ele>
      </trkpt>
      <trkpt lat="45.40253" lon="6.88778">
        <ele>2565.7899641286</ele>
      </trkpt>
      <trkpt lat="45.40251" lon="6.88774">
        <ele>2565.8470085817</ele>
      </trkpt>
      <trkpt lat="45.40247" lon="6.88769">
        <ele>2565.3822268</ele>
      </trkpt>
      <trkpt lat="45.40238" lon="6.88755">
        <ele>2564.9149462798</ele>
      </trkpt>
      <trkpt lat="45.40228" lon="6.88736">
        <ele>2564.5217822397</ele>
      </trkpt>
      <trkpt lat="45.40221" lon="6.88718">
        <ele>2564.7464444268</ele>
      </trkpt>
      <trkpt lat="45.40215" lon="6.88703">
        <ele>2564.0794173444</ele>
      </trkpt>
      <trkpt lat="45.40206" lon="6.88688">
        <ele>2562.280640975</ele>
      </trkpt>
      <trkpt lat="45.40198" lon="6.88675">
        <ele>2561.556920535</ele>
      </trkpt>
      <trkpt lat="45.40184" lon="6.88656">
        <ele>2559.7318246957</ele>
      </trkpt>
      <trkpt lat="45.40172" lon="6.88641">
        <ele>2560.3280989742</ele>
      </trkpt>
      <trkpt lat="45.40159" lon="6.88629">
        <ele>2560.5295250179</ele>
      </trkpt>
      <trkpt lat="45.40145" lon="6.88621">
        <ele>2560.9289756694</ele>
      </trkpt>
      <trkpt lat="45.40132" lon="6.88618">
        <ele>2562.007019503</ele>
      </trkpt>
      <trkpt lat="45.4012" lon="6.88616">
        <ele>2562.6783968637</ele>
      </trkpt>
      <trkpt lat="45.40111" lon="6.8862">
        <ele>2561.3881687862</ele>
      </trkpt>
      <trkpt lat="45.40101" lon="6.88627">
        <ele>2559.5459736342</ele>
      </trkpt>
      <trkpt lat="45.40084" lon="6.88633">
        <ele>2558.7627044534</ele>
      </trkpt>
      <trkpt lat="45.40069" lon="6.88636">
        <ele>2559.0416257029</ele>
      </trkpt>
      <trkpt lat="45.40051" lon="6.88643">
        <ele>2559.4251336983</ele>
      </trkpt>
      <trkpt lat="45.40041" lon="6.88642">
        <ele>2560.2220219092</ele>
      </trkpt>
      <trkpt lat="45.40033" lon="6.88644">
        <ele>2560.6576943007</ele>
      </trkpt>
      <trkpt lat="45.40028" lon="6.88647">
        <ele>2560.87887759</ele>
      </trkpt>
      <trkpt lat="45.40016" lon="6.88654">
        <ele>2561.3921190578</ele>
      </trkpt>
      <trkpt lat="45.40006" lon="6.88659">
        <ele>2562.2538917123</ele>
      </trkpt>
      <trkpt lat="45.40001" lon="6.88659">
        <ele>2563.2300106048</ele>
      </trkpt>
      <trkpt lat="45.39995" lon="6.88666">
        <ele>2562.9001142188</ele>
      </trkpt>
      <trkpt lat="45.39988" lon="6.88675">
        <ele>2561.7975905827</ele>
      </trkpt>
      <trkpt lat="45.39982" lon="6.88681">
        <ele>2560.1308935313</ele>
      </trkpt>
      <trkpt lat="45.39978" lon="6.88687">
        <ele>2558.6035816474</ele>
      </trkpt>
      <trkpt lat="45.39975" lon="6.88694">
        <ele>2557.5046571159</ele>
      </trkpt>
      <trkpt lat="45.3997" lon="6.88695">
        <ele>2557.0616556271</ele>
      </trkpt>
      <trkpt lat="45.39966" lon="6.88694">
        <ele>2556.7799336834</ele>
      </trkpt>
      <trkpt lat="45.3996" lon="6.88689">
        <ele>2556.1302818147</ele>
      </trkpt>
      <trkpt lat="45.39954" lon="6.88686">
        <ele>2555.4572899171</ele>
      </trkpt>
      <trkpt lat="45.39947" lon="6.88681">
        <ele>2554.929201819</ele>
      </trkpt>
      <trkpt lat="45.39946" lon="6.88675">
        <ele>2555.7656040998</ele>
      </trkpt>
      <trkpt lat="45.39941" lon="6.88674">
        <ele>2554.5275038898</ele>
      </trkpt>
      <trkpt lat="45.39931" lon="6.88669">
        <ele>2552.2093361085</ele>
      </trkpt>
      <trkpt lat="45.39926" lon="6.88664">
        <ele>2551.4798205026</ele>
      </trkpt>
      <trkpt lat="45.3992" lon="6.88654">
        <ele>2551.0696195497</ele>
      </trkpt>
      <trkpt lat="45.39913" lon="6.88649">
        <ele>2549.3715329488</ele>
      </trkpt>
      <trkpt lat="45.39907" lon="6.88644">
        <ele>2548.1539563785</ele>
      </trkpt>
      <trkpt lat="45.39901" lon="6.88639">
        <ele>2546.8583644468</ele>
      </trkpt>
      <trkpt lat="45.39891" lon="6.88631">
        <ele>2543.3843992095</ele>
      </trkpt>
      <trkpt lat="45.39884" lon="6.88625">
        <ele>2540.6713960879</ele>
      </trkpt>
      <trkpt lat="45.39875" lon="6.88618">
        <ele>2537.1474739371</ele>
      </trkpt>
      <trkpt lat="45.3987" lon="6.88616">
        <ele>2535.1283467186</ele>
      </trkpt>
      <trkpt lat="45.39867" lon="6.88611">
        <ele>2534.3609872555</ele>
      </trkpt>
      <trkpt lat="45.39863" lon="6.88612">
        <ele>2532.4406777429</ele>
      </trkpt>
      <trkpt lat="45.39857" lon="6.88608">
        <ele>2530.2677061442</ele>
      </trkpt>
      <trkpt lat="45.39853" lon="6.88601">
        <ele>2529.5050114416</ele>
      </trkpt>
      <trkpt lat="45.39849" lon="6.88593">
        <ele>2529.7007146668</ele>
      </trkpt>
      <trkpt lat="45.39844" lon="6.88591">
        <ele>2526.9199002413</ele>
      </trkpt>
      <trkpt lat="45.39837" lon="6.88585">
        <ele>2524.7174593877</ele>
      </trkpt>
      <trkpt lat="45.39831" lon="6.88575">
        <ele>2523.2883050658</ele>
      </trkpt>
      <trkpt lat="45.39825" lon="6.88561">
        <ele>2521.7313838327</ele>
      </trkpt>
      <trkpt lat="45.39824" lon="6.88554">
        <ele>2521.5100434821</ele>
      </trkpt>
      <trkpt lat="45.3982" lon="6.88547">
        <ele>2519.6272272997</ele>
      </trkpt>
      <trkpt lat="45.39818" lon="6.88529">
        <ele>2518.9541180164</ele>
      </trkpt>
      <trkpt lat="45.39818" lon="6.88525">
        <ele>2519.0249742363</ele>
      </trkpt>
      <trkpt lat="45.39814" lon="6.88519">
        <ele>2516.8423641804</ele>
      </trkpt>
      <trkpt lat="45.39811" lon="6.88511">
        <ele>2515.4657370906</ele>
      </trkpt>
      <trkpt lat="45.39806" lon="6.88504">
        <ele>2513.082003062</ele>
      </trkpt>
      <trkpt lat="45.39802" lon="6.885">
        <ele>2511.2038820943</ele>
      </trkpt>
      <trkpt lat="45.39799" lon="6.88492">
        <ele>2510.4063181266</ele>
      </trkpt>
      <trkpt lat="45.39798" lon="6.88487">
        <ele>2510.2852152458</ele>
      </trkpt>
      <trkpt lat="45.39796" lon="6.88481">
        <ele>2509.6850634984</ele>
      </trkpt>
      <trkpt lat="45.39793" lon="6.88478">
        <ele>2508.3222937799</ele>
      </trkpt>
      <trkpt lat="45.39792" lon="6.88473">
        <ele>2508.1111120581</ele>
      </trkpt>
      <trkpt lat="45.39791" lon="6.88469">
        <ele>2507.8603039754</ele>
      </trkpt>
      <trkpt lat="45.39788" lon="6.88462">
        <ele>2507.3791077373</ele>
      </trkpt>
      <trkpt lat="45.39789" lon="6.88458">
        <ele>2508.1152824544</ele>
      </trkpt>
      <trkpt lat="45.39786" lon="6.88452">
        <ele>2507.5865436953</ele>
      </trkpt>
      <trkpt lat="45.39783" lon="6.88446">
        <ele>2507.0441594939</ele>
      </trkpt>
      <trkpt lat="45.39781" lon="6.88443">
        <ele>2506.564538305</ele>
      </trkpt>
      <trkpt lat="45.39781" lon="6.88439">
        <ele>2506.8982847143</ele>
      </trkpt>
      <trkpt lat="45.39778" lon="6.88432">
        <ele>2506.1528307341</ele>
      </trkpt>
      <trkpt lat="45.39777" lon="6.88425">
        <ele>2506.0242696318</ele>
      </trkpt>
      <trkpt lat="45.39774" lon="6.88417">
        <ele>2505.0619400835</ele>
      </trkpt>
      <trkpt lat="45.39771" lon="6.88412">
        <ele>2503.9096244562</ele>
      </trkpt>
      <trkpt lat="45.39766" lon="6.88403">
        <ele>2501.822320889</ele>
      </trkpt>
      <trkpt lat="45.39762" lon="6.88394">
        <ele>2500.0467848667</ele>
      </trkpt>
      <trkpt lat="45.39758" lon="6.88386">
        <ele>2498.1289221242</ele>
      </trkpt>
      <trkpt lat="45.39757" lon="6.8838">
        <ele>2497.6021186113</ele>
      </trkpt>
      <trkpt lat="45.39755" lon="6.88379">
        <ele>2496.5982406806</ele>
      </trkpt>
      <trkpt lat="45.39753" lon="6.88379">
        <ele>2495.601815266</ele>
      </trkpt>
      <trkpt lat="45.39752" lon="6.88376">
        <ele>2495.0534879647</ele>
      </trkpt>
      <trkpt lat="45.39746" lon="6.88371">
        <ele>2492.0578544955</ele>
      </trkpt>
      <trkpt lat="45.39737" lon="6.88359">
        <ele>2487.5196222914</ele>
      </trkpt>
      <trkpt lat="45.3973" lon="6.88341">
        <ele>2483.5335109188</ele>
      </trkpt>
      <trkpt lat="45.39723" lon="6.88321">
        <ele>2478.8080689446</ele>
      </trkpt>
      <trkpt lat="45.39719" lon="6.88309">
        <ele>2476.8767380118</ele>
      </trkpt>
      <trkpt lat="45.39714" lon="6.88296">
        <ele>2475.3072424813</ele>
      </trkpt>
      <trkpt lat="45.39714" lon="6.88305">
        <ele>2475.7152021442</ele>
      </trkpt>
      <trkpt lat="45.39715" lon="6.88311">
        <ele>2476.2078391415</ele>
      </trkpt>
      <trkpt lat="45.39715" lon="6.88319">
        <ele>2476.9404998216</ele>
      </trkpt>
      <trkpt lat="45.39715" lon="6.88326">
        <ele>2477.5926121455</ele>
      </trkpt>
      <trkpt lat="45.39718" lon="6.88338">
        <ele>2479.4306678524</ele>
      </trkpt>
      <trkpt lat="45.39722" lon="6.88351">
        <ele>2481.328500193</ele>
      </trkpt>
      <trkpt lat="45.3972" lon="6.88364">
        <ele>2481.3977053357</ele>
      </trkpt>
      <trkpt lat="45.39718" lon="6.88374">
        <ele>2481.3000831879</ele>
      </trkpt>
      <trkpt lat="45.39711" lon="6.88372">
        <ele>2479.3718530152</ele>
      </trkpt>
      <trkpt lat="45.39702" lon="6.88373">
        <ele>2477.2161054744</ele>
      </trkpt>
      <trkpt lat="45.39698" lon="6.8838">
        <ele>2476.706120997</ele>
      </trkpt>
      <trkpt lat="45.39697" lon="6.88367">
        <ele>2476.2063285603</ele>
      </trkpt>
      <trkpt lat="45.39696" lon="6.88353">
        <ele>2475.5034075032</ele>
      </trkpt>
      <trkpt lat="45.39691" lon="6.8834">
        <ele>2474.1802748361</ele>
      </trkpt>
      <trkpt lat="45.39684" lon="6.88331">
        <ele>2472.4465924502</ele>
      </trkpt>
      <trkpt lat="45.39678" lon="6.88327">
        <ele>2471.2528795694</ele>
      </trkpt>
      <trkpt lat="45.39675" lon="6.88318">
        <ele>2469.9053704995</ele>
      </trkpt>
      <trkpt lat="45.39669" lon="6.88309">
        <ele>2468.0415814897</ele>
      </trkpt>
      <trkpt lat="45.39664" lon="6.88304">
        <ele>2466.6430567673</ele>
      </trkpt>
      <trkpt lat="45.39657" lon="6.88288">
        <ele>2463.3155359311</ele>
      </trkpt>
      <trkpt lat="45.39655" lon="6.88274">
        <ele>2462.0818811049</ele>
      </trkpt>
      <trkpt lat="45.39648" lon="6.88259">
        <ele>2461.5866185219</ele>
      </trkpt>
      <trkpt lat="45.39644" lon="6.88237">
        <ele>2460.4939231402</ele>
      </trkpt>
      <trkpt lat="45.39642" lon="6.88237">
        <ele>2460.1237414396</ele>
      </trkpt>
      <trkpt lat="45.39641" lon="6.88243">
        <ele>2460.1969976724</ele>
      </trkpt>
      <trkpt lat="45.39639" lon="6.8824">
        <ele>2459.7567761812</ele>
      </trkpt>
      <trkpt lat="45.39638" lon="6.8823">
        <ele>2459.0305753798</ele>
      </trkpt>
      <trkpt lat="45.39635" lon="6.88218">
        <ele>2457.6379318545</ele>
      </trkpt>
      <trkpt lat="45.39633" lon="6.88211">
        <ele>2456.4290132489</ele>
      </trkpt>
      <trkpt lat="45.39631" lon="6.88212">
        <ele>2456.1779164937</ele>
      </trkpt>
      <trkpt lat="45.3963" lon="6.88215">
        <ele>2456.3952673393</ele>
      </trkpt>
      <trkpt lat="45.39627" lon="6.88211">
        <ele>2455.280233396</ele>
      </trkpt>
      <trkpt lat="45.39629" lon="6.88198">
        <ele>2453.853403614</ele>
      </trkpt>
      <trkpt lat="45.39626" lon="6.88188">
        <ele>2451.5891104869</ele>
      </trkpt>
      <trkpt lat="45.39623" lon="6.88179">
        <ele>2449.0444691561</ele>
      </trkpt>
      <trkpt lat="45.39625" lon="6.88164">
        <ele>2445.9307499543</ele>
      </trkpt>
      <trkpt lat="45.39622" lon="6.88157">
        <ele>2443.6027430566</ele>
      </trkpt>
      <trkpt lat="45.39621" lon="6.8815">
        <ele>2441.6632155116</ele>
      </trkpt>
      <trkpt lat="45.3962" lon="6.88143">
        <ele>2439.7405973563</ele>
      </trkpt>
      <trkpt lat="45.39619" lon="6.88134">
        <ele>2437.3382968154</ele>
      </trkpt>
      <trkpt lat="45.39619" lon="6.88125">
        <ele>2435.1673365771</ele>
      </trkpt>
      <trkpt lat="45.39618" lon="6.88125">
        <ele>2434.9952231998</ele>
      </trkpt>
      <trkpt lat="45.39616" lon="6.88132">
        <ele>2436.2825340202</ele>
      </trkpt>
      <trkpt lat="45.39613" lon="6.88138">
        <ele>2437.3359091927</ele>
      </trkpt>
      <trkpt lat="45.39612" lon="6.88135">
        <ele>2436.5456257947</ele>
      </trkpt>
      <trkpt lat="45.39612" lon="6.88125">
        <ele>2434.2922944225</ele>
      </trkpt>
      <trkpt lat="45.3961" lon="6.88112">
        <ele>2431.3649040585</ele>
      </trkpt>
      <trkpt lat="45.39609" lon="6.88096">
        <ele>2428.0273559247</ele>
      </trkpt>
      <trkpt lat="45.3961" lon="6.88079">
        <ele>2424.6297687404</ele>
      </trkpt>
      <trkpt lat="45.39608" lon="6.88062">
        <ele>2420.9002231432</ele>
      </trkpt>
      <trkpt lat="45.39604" lon="6.88045">
        <ele>2417.0025279959</ele>
      </trkpt>
      <trkpt lat="45.39598" lon="6.88036">
        <ele>2414.324568757</ele>
      </trkpt>
      <trkpt lat="45.39594" lon="6.88022">
        <ele>2411.5999362368</ele>
      </trkpt>
      <trkpt lat="45.39589" lon="6.88014">
        <ele>2410.5218491846</ele>
      </trkpt>
      <trkpt lat="45.39585" lon="6.88003">
        <ele>2409.5537916824</ele>
      </trkpt>
      <trkpt lat="45.39583" lon="6.87988">
        <ele>2409.3191566513</ele>
      </trkpt>
      <trkpt lat="45.3958" lon="6.87972">
        <ele>2409.7041675755</ele>
      </trkpt>
      <trkpt lat="45.39576" lon="6.87965">
        <ele>2409.393950269</ele>
      </trkpt>
      <trkpt lat="45.39571" lon="6.87956">
        <ele>2408.6986199136</ele>
      </trkpt>
      <trkpt lat="45.39563" lon="6.87938">
        <ele>2407.3067086615</ele>
      </trkpt>
      <trkpt lat="45.39562" lon="6.87936">
        <ele>2407.1107796043</ele>
      </trkpt>
      <trkpt lat="45.39558" lon="6.87922">
        <ele>2405.8316773291</ele>
      </trkpt>
      <trkpt lat="45.39555" lon="6.87911">
        <ele>2404.8151162336</ele>
      </trkpt>
      <trkpt lat="45.39553" lon="6.879">
        <ele>2403.8292978639</ele>
      </trkpt>
      <trkpt lat="45.39547" lon="6.87883">
        <ele>2402.1923925466</ele>
      </trkpt>
      <trkpt lat="45.39544" lon="6.87866">
        <ele>2401.2604418492</ele>
      </trkpt>
      <trkpt lat="45.39544" lon="6.87855">
        <ele>2400.9827230818</ele>
      </trkpt>
      <trkpt lat="45.39541" lon="6.87848">
        <ele>2400.9519991857</ele>
      </trkpt>
      <trkpt lat="45.3954" lon="6.87849">
        <ele>2401.0250759072</ele>
      </trkpt>
      <trkpt lat="45.39539" lon="6.87855">
        <ele>2401.2146610645</ele>
      </trkpt>
      <trkpt lat="45.39535" lon="6.87859">
        <ele>2401.4252423145</ele>
      </trkpt>
      <trkpt lat="45.39529" lon="6.87857">
        <ele>2401.6376872089</ele>
      </trkpt>
      <trkpt lat="45.39527" lon="6.87854">
        <ele>2401.7087044858</ele>
      </trkpt>
      <trkpt lat="45.39524" lon="6.87855">
        <ele>2401.9737796298</ele>
      </trkpt>
      <trkpt lat="45.39519" lon="6.87857">
        <ele>2402.5628810585</ele>
      </trkpt>
      <trkpt lat="45.39516" lon="6.87862">
        <ele>2402.9113048689</ele>
      </trkpt>
      <trkpt lat="45.39511" lon="6.87859">
        <ele>2403.4920108087</ele>
      </trkpt>
      <trkpt lat="45.39506" lon="6.87855">
        <ele>2404.0953187036</ele>
      </trkpt>
      <trkpt lat="45.39504" lon="6.87847">
        <ele>2404.3033968391</ele>
      </trkpt>
      <trkpt lat="45.39502" lon="6.87836">
        <ele>2404.1721003565</ele>
      </trkpt>
      <trkpt lat="45.39498" lon="6.87818">
        <ele>2402.45168021</ele>
      </trkpt>
      <trkpt lat="45.39495" lon="6.87807">
        <ele>2401.4804611273</ele>
      </trkpt>
      <trkpt lat="45.39489" lon="6.87792">
        <ele>2400.9534523206</ele>
      </trkpt>
      <trkpt lat="45.39486" lon="6.87779">
        <ele>2400.5505833655</ele>
      </trkpt>
      <trkpt lat="45.39483" lon="6.87772">
        <ele>2400.5946688283</ele>
      </trkpt>
      <trkpt lat="45.3948" lon="6.87767">
        <ele>2400.8250382119</ele>
      </trkpt>
      <trkpt lat="45.39476" lon="6.87761">
        <ele>2401.1938280503</ele>
      </trkpt>
      <trkpt lat="45.39473" lon="6.87758">
        <ele>2401.5448803948</ele>
      </trkpt>
      <trkpt lat="45.39471" lon="6.87753">
        <ele>2401.6578785674</ele>
      </trkpt>
      <trkpt lat="45.3947" lon="6.87748">
        <ele>2401.6876472714</ele>
      </trkpt>
      <trkpt lat="45.39471" lon="6.8774">
        <ele>2401.4001522898</ele>
      </trkpt>
      <trkpt lat="45.3947" lon="6.87731">
        <ele>2401.4977173159</ele>
      </trkpt>
      <trkpt lat="45.39468" lon="6.87712">
        <ele>2401.6218983111</ele>
      </trkpt>
      <trkpt lat="45.39465" lon="6.87703">
        <ele>2401.9621212895</ele>
      </trkpt>
      <trkpt lat="45.39458" lon="6.87688">
        <ele>2402.4527453844</ele>
      </trkpt>
      <trkpt lat="45.39451" lon="6.87671">
        <ele>2402.1880737837</ele>
      </trkpt>
      <trkpt lat="45.39444" lon="6.87655">
        <ele>2401.4547382826</ele>
      </trkpt>
      <trkpt lat="45.39437" lon="6.87645">
        <ele>2400.6043519998</ele>
      </trkpt>
      <trkpt lat="45.39431" lon="6.87639">
        <ele>2399.8889300945</ele>
      </trkpt>
      <trkpt lat="45.39425" lon="6.87629">
        <ele>2398.6295970991</ele>
      </trkpt>
      <trkpt lat="45.39421" lon="6.87624">
        <ele>2397.9327993747</ele>
      </trkpt>
      <trkpt lat="45.39419" lon="6.87619">
        <ele>2397.3417948575</ele>
      </trkpt>
      <trkpt lat="45.39416" lon="6.87614">
        <ele>2396.8158500827</ele>
      </trkpt>
      <trkpt lat="45.39412" lon="6.8761">
        <ele>2396.5327778793</ele>
      </trkpt>
      <trkpt lat="45.39408" lon="6.87605">
        <ele>2396.2451052339</ele>
      </trkpt>
      <trkpt lat="45.39405" lon="6.876">
        <ele>2396.0032842061</ele>
      </trkpt>
      <trkpt lat="45.39401" lon="6.87596">
        <ele>2395.761556278</ele>
      </trkpt>
      <trkpt lat="45.39399" lon="6.87592">
        <ele>2395.5371340033</ele>
      </trkpt>
      <trkpt lat="45.39397" lon="6.87587">
        <ele>2395.4023171415</ele>
      </trkpt>
      <trkpt lat="45.39392" lon="6.87582">
        <ele>2395.4770605321</ele>
      </trkpt>
      <trkpt lat="45.39388" lon="6.87576">
        <ele>2395.7401827739</ele>
      </trkpt>
      <trkpt lat="45.39384" lon="6.8757">
        <ele>2395.8687630714</ele>
      </trkpt>
      <trkpt lat="45.39381" lon="6.87567">
        <ele>2395.9333578201</ele>
      </trkpt>
      <trkpt lat="45.39374" lon="6.8756">
        <ele>2395.8866018051</ele>
      </trkpt>
      <trkpt lat="45.3937" lon="6.87554">
        <ele>2395.6740090566</ele>
      </trkpt>
      <trkpt lat="45.39368" lon="6.87552">
        <ele>2395.5583628986</ele>
      </trkpt>
      <trkpt lat="45.39366" lon="6.87551">
        <ele>2395.5431716599</ele>
      </trkpt>
      <trkpt lat="45.39358" lon="6.87545">
        <ele>2395.3394510938</ele>
      </trkpt>
      <trkpt lat="45.39355" lon="6.8754">
        <ele>2395.0959425389</ele>
      </trkpt>
      <trkpt lat="45.39354" lon="6.87532">
        <ele>2394.5251415509</ele>
      </trkpt>
      <trkpt lat="45.3935" lon="6.87527">
        <ele>2394.3425941698</ele>
      </trkpt>
      <trkpt lat="45.3935" lon="6.87521">
        <ele>2393.8532587031</ele>
      </trkpt>
      <trkpt lat="45.3935" lon="6.87518">
        <ele>2393.5783501051</ele>
      </trkpt>
      <trkpt lat="45.3935" lon="6.87516">
        <ele>2393.3949480859</ele>
      </trkpt>
      <trkpt lat="45.39347" lon="6.8751">
        <ele>2393.1075134162</ele>
      </trkpt>
      <trkpt lat="45.39343" lon="6.87499">
        <ele>2392.6959216759</ele>
      </trkpt>
      <trkpt lat="45.39344" lon="6.87488">
        <ele>2391.8047441813</ele>
      </trkpt>
      <trkpt lat="45.39343" lon="6.8748">
        <ele>2391.4967599804</ele>
      </trkpt>
      <trkpt lat="45.39342" lon="6.87471">
        <ele>2391.1449330574</ele>
      </trkpt>
      <trkpt lat="45.39339" lon="6.87467">
        <ele>2391.437248297</ele>
      </trkpt>
      <trkpt lat="45.39338" lon="6.87462">
        <ele>2391.3834822751</ele>
      </trkpt>
      <trkpt lat="45.39338" lon="6.87454">
        <ele>2391.2518051195</ele>
      </trkpt>
      <trkpt lat="45.39338" lon="6.87444">
        <ele>2391.135296675</ele>
      </trkpt>
      <trkpt lat="45.39338" lon="6.87435">
        <ele>2391.1168828333</ele>
      </trkpt>
      <trkpt lat="45.39338" lon="6.87425">
        <ele>2390.8956728528</ele>
      </trkpt>
      <trkpt lat="45.39339" lon="6.87419">
        <ele>2390.5779347465</ele>
      </trkpt>
      <trkpt lat="45.39342" lon="6.87416">
        <ele>2390.0228595356</ele>
      </trkpt>
      <trkpt lat="45.39343" lon="6.87413">
        <ele>2389.815673342</ele>
      </trkpt>
      <trkpt lat="45.39344" lon="6.8741">
        <ele>2389.6200851392</ele>
      </trkpt>
      <trkpt lat="45.39346" lon="6.87405">
        <ele>2389.2216658143</ele>
      </trkpt>
      <trkpt lat="45.39346" lon="6.87394">
        <ele>2388.8960050919</ele>
      </trkpt>
      <trkpt lat="45.39346" lon="6.87385">
        <ele>2388.5814322919</ele>
      </trkpt>
      <trkpt lat="45.39347" lon="6.87377">
        <ele>2388.1401741691</ele>
      </trkpt>
      <trkpt lat="45.39346" lon="6.87362">
        <ele>2387.5099169914</ele>
      </trkpt>
      <trkpt lat="45.39347" lon="6.87347">
        <ele>2386.3547501921</ele>
      </trkpt>
      <trkpt lat="45.39346" lon="6.87337">
        <ele>2385.81999574</ele>
      </trkpt>
      <trkpt lat="45.39346" lon="6.87327">
        <ele>2385.1926810313</ele>
      </trkpt>
      <trkpt lat="45.39346" lon="6.87315">
        <ele>2384.414460399</ele>
      </trkpt>
      <trkpt lat="45.39346" lon="6.87308">
        <ele>2384.0234230688</ele>
      </trkpt>
      <trkpt lat="45.39347" lon="6.87299">
        <ele>2383.3702572057</ele>
      </trkpt>
      <trkpt lat="45.39346" lon="6.87289">
        <ele>2382.981218954</ele>
      </trkpt>
      <trkpt lat="45.39343" lon="6.87282">
        <ele>2383.1778099133</ele>
      </trkpt>
      <trkpt lat="45.39339" lon="6.87276">
        <ele>2383.7362580364</ele>
      </trkpt>
      <trkpt lat="45.39339" lon="6.87271">
        <ele>2383.6399673785</ele>
      </trkpt>
      <trkpt lat="45.3934" lon="6.87266">
        <ele>2383.4098818444</ele>
      </trkpt>
      <trkpt lat="45.39342" lon="6.87246">
        <ele>2382.904671294</ele>
      </trkpt>
      <trkpt lat="45.39342" lon="6.87237">
        <ele>2382.3773036564</ele>
      </trkpt>
      <trkpt lat="45.39343" lon="6.87229">
        <ele>2381.1038175249</ele>
      </trkpt>
      <trkpt lat="45.39342" lon="6.87222">
        <ele>2380.5118280706</ele>
      </trkpt>
      <trkpt lat="45.39341" lon="6.87213">
        <ele>2379.6252970511</ele>
      </trkpt>
      <trkpt lat="45.39338" lon="6.87204">
        <ele>2379.3381256474</ele>
      </trkpt>
      <trkpt lat="45.39335" lon="6.87195">
        <ele>2378.9855450953</ele>
      </trkpt>
      <trkpt lat="45.39335" lon="6.87191">
        <ele>2378.5195113176</ele>
      </trkpt>
      <trkpt lat="45.39333" lon="6.87188">
        <ele>2378.6345359804</ele>
      </trkpt>
      <trkpt lat="45.39332" lon="6.87178">
        <ele>2377.6906235503</ele>
      </trkpt>
      <trkpt lat="45.39332" lon="6.87172">
        <ele>2377.6427035822</ele>
      </trkpt>
      <trkpt lat="45.3933" lon="6.8716">
        <ele>2377.9343837561</ele>
      </trkpt>
      <trkpt lat="45.39328" lon="6.87156">
        <ele>2378.294350271</ele>
      </trkpt>
      <trkpt lat="45.39329" lon="6.87151">
        <ele>2378.0535260099</ele>
      </trkpt>
      <trkpt lat="45.3933" lon="6.87146">
        <ele>2377.7545159267</ele>
      </trkpt>
      <trkpt lat="45.3933" lon="6.87139">
        <ele>2377.4959017879</ele>
      </trkpt>
      <trkpt lat="45.39329" lon="6.87135">
        <ele>2377.4646997421</ele>
      </trkpt>
      <trkpt lat="45.39326" lon="6.87128">
        <ele>2377.5627458944</ele>
      </trkpt>
      <trkpt lat="45.39325" lon="6.87126">
        <ele>2377.679341742</ele>
      </trkpt>
      <trkpt lat="45.39325" lon="6.87121">
        <ele>2377.414050896</ele>
      </trkpt>
      <trkpt lat="45.39325" lon="6.87111">
        <ele>2377.0449932884</ele>
      </trkpt>
      <trkpt lat="45.39325" lon="6.87101">
        <ele>2376.8273489616</ele>
      </trkpt>
      <trkpt lat="45.39326" lon="6.87085">
        <ele>2376.2474534808</ele>
      </trkpt>
      <trkpt lat="45.39328" lon="6.87069">
        <ele>2375.7091221958</ele>
      </trkpt>
      <trkpt lat="45.39329" lon="6.87057">
        <ele>2375.4142819973</ele>
      </trkpt>
      <trkpt lat="45.39328" lon="6.87047">
        <ele>2375.1958189198</ele>
      </trkpt>
      <trkpt lat="45.39328" lon="6.87042">
        <ele>2375.0081982714</ele>
      </trkpt>
      <trkpt lat="45.39327" lon="6.8704">
        <ele>2375.0465105771</ele>
      </trkpt>
      <trkpt lat="45.39327" lon="6.87025">
        <ele>2374.4270185868</ele>
      </trkpt>
      <trkpt lat="45.39328" lon="6.87014">
        <ele>2373.5982107701</ele>
      </trkpt>
      <trkpt lat="45.3933" lon="6.87006">
        <ele>2372.7134886888</ele>
      </trkpt>
      <trkpt lat="45.3933" lon="6.86994">
        <ele>2371.7348177553</ele>
      </trkpt>
      <trkpt lat="45.39331" lon="6.86984">
        <ele>2371.1970824617</ele>
      </trkpt>
      <trkpt lat="45.39331" lon="6.86976">
        <ele>2371.161528395</ele>
      </trkpt>
      <trkpt lat="45.39333" lon="6.86966">
        <ele>2370.8614896325</ele>
      </trkpt>
      <trkpt lat="45.39335" lon="6.86947">
        <ele>2369.8623449551</ele>
      </trkpt>
      <trkpt lat="45.39339" lon="6.86936">
        <ele>2368.6709939923</ele>
      </trkpt>
      <trkpt lat="45.3934" lon="6.86925">
        <ele>2367.7897646928</ele>
      </trkpt>
      <trkpt lat="45.3934" lon="6.86913">
        <ele>2366.9509038927</ele>
      </trkpt>
      <trkpt lat="45.39339" lon="6.86904">
        <ele>2366.5262436381</ele>
      </trkpt>
      <trkpt lat="45.39338" lon="6.869">
        <ele>2366.3665962213</ele>
      </trkpt>
      <trkpt lat="45.39337" lon="6.86897">
        <ele>2366.272225572</ele>
      </trkpt>
      <trkpt lat="45.39339" lon="6.86887">
        <ele>2365.4359218603</ele>
      </trkpt>
      <trkpt lat="45.39346" lon="6.86857">
        <ele>2362.6413217425</ele>
      </trkpt>
      <trkpt lat="45.39348" lon="6.86847">
        <ele>2361.5181212125</ele>
      </trkpt>
      <trkpt lat="45.39349" lon="6.86834">
        <ele>2360.3279856398</ele>
      </trkpt>
      <trkpt lat="45.39347" lon="6.86817">
        <ele>2359.4644638423</ele>
      </trkpt>
      <trkpt lat="45.39346" lon="6.86806">
        <ele>2358.8577004948</ele>
      </trkpt>
      <trkpt lat="45.39349" lon="6.8679">
        <ele>2356.4019176247</ele>
      </trkpt>
      <trkpt lat="45.39348" lon="6.86773">
        <ele>2354.6095566461</ele>
      </trkpt>
      <trkpt lat="45.39346" lon="6.86758">
        <ele>2352.6694718442</ele>
      </trkpt>
      <trkpt lat="45.39344" lon="6.86748">
        <ele>2351.3179283422</ele>
      </trkpt>
      <trkpt lat="45.39343" lon="6.86732">
        <ele>2349.8171695611</ele>
      </trkpt>
      <trkpt lat="45.39344" lon="6.86723">
        <ele>2349.6941857267</ele>
      </trkpt>
      <trkpt lat="45.39345" lon="6.86706">
        <ele>2349.9409835651</ele>
      </trkpt>
      <trkpt lat="45.39345" lon="6.86693">
        <ele>2350.052476991</ele>
      </trkpt>
      <trkpt lat="45.39343" lon="6.86682">
        <ele>2350.4727652741</ele>
      </trkpt>
      <trkpt lat="45.39343" lon="6.86672">
        <ele>2349.577180317</ele>
      </trkpt>
      <trkpt lat="45.39344" lon="6.86666">
        <ele>2347.6709905695</ele>
      </trkpt>
      <trkpt lat="45.39349" lon="6.86657">
        <ele>2343.9202837057</ele>
      </trkpt>
      <trkpt lat="45.39352" lon="6.8665">
        <ele>2341.1619273676</ele>
      </trkpt>
      <trkpt lat="45.39352" lon="6.86644">
        <ele>2339.352320872</ele>
      </trkpt>
      <trkpt lat="45.39353" lon="6.86633">
        <ele>2336.711002604</ele>
      </trkpt>
      <trkpt lat="45.39351" lon="6.86626">
        <ele>2335.5769109073</ele>
      </trkpt>
      <trkpt lat="45.39347" lon="6.86617">
        <ele>2334.3686019742</ele>
      </trkpt>
      <trkpt lat="45.39345" lon="6.8661">
        <ele>2333.4462349179</ele>
      </trkpt>
      <trkpt lat="45.39343" lon="6.86607">
        <ele>2333.530490171</ele>
      </trkpt>
      <trkpt lat="45.39341" lon="6.86604">
        <ele>2333.6158739896</ele>
      </trkpt>
      <trkpt lat="45.3934" lon="6.86594">
        <ele>2332.9663316063</ele>
      </trkpt>
      <trkpt lat="45.39338" lon="6.86586">
        <ele>2332.5736411469</ele>
      </trkpt>
      <trkpt lat="45.39334" lon="6.86575">
        <ele>2332.28586501</ele>
      </trkpt>
      <trkpt lat="45.39332" lon="6.86565">
        <ele>2331.8822403984</ele>
      </trkpt>
      <trkpt lat="45.39332" lon="6.86556">
        <ele>2331.295814247</ele>
      </trkpt>
      <trkpt lat="45.39332" lon="6.86548">
        <ele>2330.7937239153</ele>
      </trkpt>
      <trkpt lat="45.3933" lon="6.86537">
        <ele>2330.3681383045</ele>
      </trkpt>
      <trkpt lat="45.39329" lon="6.8653">
        <ele>2330.0959762092</ele>
      </trkpt>
      <trkpt lat="45.3933" lon="6.86521">
        <ele>2329.6748645882</ele>
      </trkpt>
      <trkpt lat="45.39328" lon="6.86506">
        <ele>2329.176907309</ele>
      </trkpt>
      <trkpt lat="45.39326" lon="6.86489">
        <ele>2328.7086532099</ele>
      </trkpt>
      <trkpt lat="45.39325" lon="6.86476">
        <ele>2328.4137773305</ele>
      </trkpt>
      <trkpt lat="45.39321" lon="6.86462">
        <ele>2328.2562626437</ele>
      </trkpt>
      <trkpt lat="45.39318" lon="6.86447">
        <ele>2328.3391541771</ele>
      </trkpt>
      <trkpt lat="45.39317" lon="6.86438">
        <ele>2328.5663389196</ele>
      </trkpt>
      <trkpt lat="45.39317" lon="6.86418">
        <ele>2329.1643780245</ele>
      </trkpt>
      <trkpt lat="45.39317" lon="6.864">
        <ele>2330.4861301962</ele>
      </trkpt>
      <trkpt lat="45.39316" lon="6.86389">
        <ele>2330.8115123778</ele>
      </trkpt>
      <trkpt lat="45.39314" lon="6.86384">
        <ele>2330.4202762917</ele>
      </trkpt>
      <trkpt lat="45.39312" lon="6.86379">
        <ele>2329.9640455292</ele>
      </trkpt>
      <trkpt lat="45.39313" lon="6.86372">
        <ele>2329.3536285307</ele>
      </trkpt>
      <trkpt lat="45.39313" lon="6.86365">
        <ele>2328.7765163507</ele>
      </trkpt>
      <trkpt lat="45.39312" lon="6.8636">
        <ele>2328.3226974783</ele>
      </trkpt>
      <trkpt lat="45.39309" lon="6.86354">
        <ele>2327.7231928254</ele>
      </trkpt>
      <trkpt lat="45.39306" lon="6.86348">
        <ele>2327.2524789658</ele>
      </trkpt>
      <trkpt lat="45.39305" lon="6.86339">
        <ele>2326.2580877098</ele>
      </trkpt>
      <trkpt lat="45.39304" lon="6.86332">
        <ele>2325.5303659712</ele>
      </trkpt>
      <trkpt lat="45.39303" lon="6.86322">
        <ele>2325.0921251412</ele>
      </trkpt>
      <trkpt lat="45.39302" lon="6.86313">
        <ele>2325.0983130848</ele>
      </trkpt>
      <trkpt lat="45.39301" lon="6.86298">
        <ele>2325.0041829923</ele>
      </trkpt>
      <trkpt lat="45.39298" lon="6.86284">
        <ele>2325.2901617934</ele>
      </trkpt>
      <trkpt lat="45.39297" lon="6.86274">
        <ele>2325.5136054025</ele>
      </trkpt>
      <trkpt lat="45.39296" lon="6.86261">
        <ele>2325.7671560371</ele>
      </trkpt>
      <trkpt lat="45.39295" lon="6.86251">
        <ele>2325.927950415</ele>
      </trkpt>
      <trkpt lat="45.39293" lon="6.86232">
        <ele>2326.4447418149</ele>
      </trkpt>
      <trkpt lat="45.39292" lon="6.86221">
        <ele>2326.6158671483</ele>
      </trkpt>
      <trkpt lat="45.39288" lon="6.86197">
        <ele>2327.1968323002</ele>
      </trkpt>
      <trkpt lat="45.39286" lon="6.86182">
        <ele>2326.9212145563</ele>
      </trkpt>
      <trkpt lat="45.39283" lon="6.86169">
        <ele>2327.2115305504</ele>
      </trkpt>
      <trkpt lat="45.39285" lon="6.8615">
        <ele>2326.2403196128</ele>
      </trkpt>
      <trkpt lat="45.39285" lon="6.86137">
        <ele>2326.2115857462</ele>
      </trkpt>
      <trkpt lat="45.39284" lon="6.86117">
        <ele>2327.3063199887</ele>
      </trkpt>
      <trkpt lat="45.39284" lon="6.86101">
        <ele>2327.2911595332</ele>
      </trkpt>
      <trkpt lat="45.39286" lon="6.86088">
        <ele>2326.2701606292</ele>
      </trkpt>
      <trkpt lat="45.39288" lon="6.86076">
        <ele>2325.39376662</ele>
      </trkpt>
      <trkpt lat="45.39288" lon="6.8607">
        <ele>2325.0850884877</ele>
      </trkpt>
      <trkpt lat="45.39288" lon="6.86058">
        <ele>2324.4601494585</ele>
      </trkpt>
      <trkpt lat="45.39286" lon="6.86032">
        <ele>2323.2701200456</ele>
      </trkpt>
      <trkpt lat="45.39285" lon="6.86013">
        <ele>2322.6256356594</ele>
      </trkpt>
      <trkpt lat="45.39284" lon="6.86004">
        <ele>2322.7327790379</ele>
      </trkpt>
      <trkpt lat="45.39284" lon="6.85989">
        <ele>2322.6545713764</ele>
      </trkpt>
      <trkpt lat="45.39285" lon="6.85978">
        <ele>2322.0793065189</ele>
      </trkpt>
      <trkpt lat="45.39287" lon="6.85965">
        <ele>2320.8717662964</ele>
      </trkpt>
      <trkpt lat="45.39287" lon="6.85947">
        <ele>2319.7872517277</ele>
      </trkpt>
      <trkpt lat="45.39287" lon="6.85924">
        <ele>2318.460027597</ele>
      </trkpt>
      <trkpt lat="45.39287" lon="6.85901">
        <ele>2318.6490829462</ele>
      </trkpt>
      <trkpt lat="45.39286" lon="6.85883">
        <ele>2318.9222347371</ele>
      </trkpt>
      <trkpt lat="45.39286" lon="6.85862">
        <ele>2317.2700455023</ele>
      </trkpt>
      <trkpt lat="45.39288" lon="6.85856">
        <ele>2316.0838908366</ele>
      </trkpt>
      <trkpt lat="45.39289" lon="6.85842">
        <ele>2314.7552429216</ele>
      </trkpt>
      <trkpt lat="45.39289" lon="6.85828">
        <ele>2313.7334176144</ele>
      </trkpt>
      <trkpt lat="45.39288" lon="6.85819">
        <ele>2313.2193478691</ele>
      </trkpt>
      <trkpt lat="45.39287" lon="6.85808">
        <ele>2312.3268868698</ele>
      </trkpt>
      <trkpt lat="45.39289" lon="6.85788">
        <ele>2309.2495700325</ele>
      </trkpt>
      <trkpt lat="45.3929" lon="6.85761">
        <ele>2305.4007205024</ele>
      </trkpt>
      <trkpt lat="45.39291" lon="6.85755">
        <ele>2303.9147598226</ele>
      </trkpt>
      <trkpt lat="45.3929" lon="6.85746">
        <ele>2302.6924878324</ele>
      </trkpt>
      <trkpt lat="45.39289" lon="6.85729">
        <ele>2300.122618406</ele>
      </trkpt>
      <trkpt lat="45.39287" lon="6.85709">
        <ele>2297.5519790823</ele>
      </trkpt>
      <trkpt lat="45.39288" lon="6.85696">
        <ele>2295.3112309725</ele>
      </trkpt>
      <trkpt lat="45.39284" lon="6.85684">
        <ele>2296.4057406985</ele>
      </trkpt>
      <trkpt lat="45.39282" lon="6.8567">
        <ele>2297.0800792352</ele>
      </trkpt>
      <trkpt lat="45.39283" lon="6.85664">
        <ele>2296.1948218511</ele>
      </trkpt>
      <trkpt lat="45.39282" lon="6.85658">
        <ele>2296.9068007315</ele>
      </trkpt>
      <trkpt lat="45.39281" lon="6.8565">
        <ele>2297.5821376726</ele>
      </trkpt>
      <trkpt lat="45.39281" lon="6.85642">
        <ele>2297.5283535606</ele>
      </trkpt>
      <trkpt lat="45.39281" lon="6.8563">
        <ele>2297.6871047888</ele>
      </trkpt>
      <trkpt lat="45.39279" lon="6.85623">
        <ele>2299.2968686516</ele>
      </trkpt>
      <trkpt lat="45.3928" lon="6.85612">
        <ele>2299.1424223504</ele>
      </trkpt>
      <trkpt lat="45.39279" lon="6.85602">
        <ele>2299.7948004773</ele>
      </trkpt>
      <trkpt lat="45.39277" lon="6.85593">
        <ele>2300.4462050808</ele>
      </trkpt>
      <trkpt lat="45.39277" lon="6.85587">
        <ele>2299.9232204868</ele>
      </trkpt>
      <trkpt lat="45.39278" lon="6.85582">
        <ele>2298.9202445651</ele>
      </trkpt>
      <trkpt lat="45.39277" lon="6.85576">
        <ele>2299.0104828642</ele>
      </trkpt>
      <trkpt lat="45.39274" lon="6.85561">
        <ele>2299.2857243295</ele>
      </trkpt>
      <trkpt lat="45.39271" lon="6.85546">
        <ele>2298.4958751476</ele>
      </trkpt>
      <trkpt lat="45.39271" lon="6.85534">
        <ele>2298.2458520366</ele>
      </trkpt>
      <trkpt lat="45.39273" lon="6.85524">
        <ele>2297.039369951</ele>
      </trkpt>
      <trkpt lat="45.39273" lon="6.85515">
        <ele>2296.6231438072</ele>
      </trkpt>
      <trkpt lat="45.39273" lon="6.8551">
        <ele>2296.479001585</ele>
      </trkpt>
      <trkpt lat="45.39274" lon="6.85507">
        <ele>2296.1122311779</ele>
      </trkpt>
      <trkpt lat="45.39277" lon="6.85503">
        <ele>2295.0813546268</ele>
      </trkpt>
      <trkpt lat="45.39277" lon="6.85497">
        <ele>2295.0813546268</ele>
      </trkpt>
      <trkpt lat="45.39277" lon="6.85489">
        <ele>2295.0813546268</ele>
      </trkpt>
      <trkpt lat="45.39275" lon="6.85475">
        <ele>2295.6007189126</ele>
      </trkpt>
      <trkpt lat="45.39276" lon="6.85468">
        <ele>2294.8812545775</ele>
      </trkpt>
      <trkpt lat="45.39275" lon="6.85463">
        <ele>2294.8904728526</ele>
      </trkpt>
      <trkpt lat="45.39274" lon="6.85459">
        <ele>2294.9186102515</ele>
      </trkpt>
      <trkpt lat="45.39273" lon="6.85454">
        <ele>2294.8527526573</ele>
      </trkpt>
      <trkpt lat="45.39274" lon="6.85446">
        <ele>2294.1050522134</ele>
      </trkpt>
      <trkpt lat="45.39273" lon="6.85439">
        <ele>2293.8436189256</ele>
      </trkpt>
      <trkpt lat="45.39271" lon="6.85433">
        <ele>2293.9472973943</ele>
      </trkpt>
      <trkpt lat="45.39271" lon="6.85428">
        <ele>2293.6115276902</ele>
      </trkpt>
      <trkpt lat="45.39269" lon="6.85422">
        <ele>2293.800373101</ele>
      </trkpt>
      <trkpt lat="45.39267" lon="6.85416">
        <ele>2294.2020187082</ele>
      </trkpt>
      <trkpt lat="45.39263" lon="6.85409">
        <ele>2295.4795989076</ele>
      </trkpt>
      <trkpt lat="45.39259" lon="6.85404">
        <ele>2297.1459659099</ele>
      </trkpt>
      <trkpt lat="45.39259" lon="6.85398">
        <ele>2297.1257049834</ele>
      </trkpt>
      <trkpt lat="45.39262" lon="6.85394">
        <ele>2295.9566756382</ele>
      </trkpt>
      <trkpt lat="45.39267" lon="6.85388">
        <ele>2294.7519112475</ele>
      </trkpt>
      <trkpt lat="45.39268" lon="6.85381">
        <ele>2295.0097343992</ele>
      </trkpt>
      <trkpt lat="45.3927" lon="6.85376">
        <ele>2295.198594825</ele>
      </trkpt>
      <trkpt lat="45.39273" lon="6.85372">
        <ele>2294.9647428515</ele>
      </trkpt>
      <trkpt lat="45.39277" lon="6.85363">
        <ele>2295.018254339</ele>
      </trkpt>
      <trkpt lat="45.3928" lon="6.85348">
        <ele>2295.1563873745</ele>
      </trkpt>
      <trkpt lat="45.39281" lon="6.85338">
        <ele>2294.3131188982</ele>
      </trkpt>
      <trkpt lat="45.3928" lon="6.85328">
        <ele>2294.025494913</ele>
      </trkpt>
      <trkpt lat="45.39277" lon="6.85314">
        <ele>2293.2731757402</ele>
      </trkpt>
      <trkpt lat="45.39275" lon="6.85297">
        <ele>2290.8802340616</ele>
      </trkpt>
      <trkpt lat="45.39272" lon="6.85286">
        <ele>2289.6297022127</ele>
      </trkpt>
      <trkpt lat="45.39272" lon="6.85279">
        <ele>2288.4626950253</ele>
      </trkpt>
      <trkpt lat="45.39263" lon="6.85266">
        <ele>2287.7361293315</ele>
      </trkpt>
      <trkpt lat="45.39256" lon="6.85267">
        <ele>2289.3421835181</ele>
      </trkpt>
      <trkpt lat="45.39254" lon="6.85268">
        <ele>2289.9902623939</ele>
      </trkpt>
      <trkpt lat="45.3925" lon="6.85267">
        <ele>2290.7075669339</ele>
      </trkpt>
      <trkpt lat="45.39249" lon="6.85262">
        <ele>2290.0719184764</ele>
      </trkpt>
      <trkpt lat="45.3925" lon="6.8525">
        <ele>2287.8729578481</ele>
      </trkpt>
      <trkpt lat="45.39248" lon="6.85241">
        <ele>2286.8810093421</ele>
      </trkpt>
      <trkpt lat="45.39245" lon="6.85232">
        <ele>2286.1406860211</ele>
      </trkpt>
      <trkpt lat="45.39244" lon="6.85223">
        <ele>2285.2278513543</ele>
      </trkpt>
      <trkpt lat="45.39246" lon="6.85214">
        <ele>2283.8313821235</ele>
      </trkpt>
      <trkpt lat="45.39247" lon="6.85205">
        <ele>2282.7235479327</ele>
      </trkpt>
      <trkpt lat="45.39247" lon="6.85198">
        <ele>2282.0382840751</ele>
      </trkpt>
      <trkpt lat="45.39244" lon="6.85189">
        <ele>2282.1354021822</ele>
      </trkpt>
      <trkpt lat="45.39242" lon="6.85182">
        <ele>2282.1980577452</ele>
      </trkpt>
      <trkpt lat="45.3924" lon="6.85175">
        <ele>2282.3234954752</ele>
      </trkpt>
      <trkpt lat="45.3924" lon="6.85167">
        <ele>2281.5873294449</ele>
      </trkpt>
      <trkpt lat="45.39239" lon="6.85155">
        <ele>2280.6047719201</ele>
      </trkpt>
      <trkpt lat="45.39236" lon="6.85146">
        <ele>2280.6198410973</ele>
      </trkpt>
      <trkpt lat="45.39234" lon="6.8513">
        <ele>2278.7567219342</ele>
      </trkpt>
      <trkpt lat="45.39232" lon="6.85124">
        <ele>2278.0034185851</ele>
      </trkpt>
      <trkpt lat="45.3923" lon="6.85117">
        <ele>2276.7911457486</ele>
      </trkpt>
      <trkpt lat="45.3923" lon="6.85104">
        <ele>2273.3898105742</ele>
      </trkpt>
      <trkpt lat="45.39227" lon="6.85091">
        <ele>2270.0251053425</ele>
      </trkpt>
      <trkpt lat="45.39226" lon="6.85082">
        <ele>2267.1893737392</ele>
      </trkpt>
      <trkpt lat="45.39225" lon="6.85076">
        <ele>2265.4542118642</ele>
      </trkpt>
      <trkpt lat="45.39219" lon="6.8507">
        <ele>2265.4844616872</ele>
      </trkpt>
      <trkpt lat="45.39216" lon="6.85066">
        <ele>2265.378474013</ele>
      </trkpt>
      <trkpt lat="45.39213" lon="6.85059">
        <ele>2264.8921155038</ele>
      </trkpt>
      <trkpt lat="45.39209" lon="6.85052">
        <ele>2264.9783992111</ele>
      </trkpt>
      <trkpt lat="45.39208" lon="6.85046">
        <ele>2264.0461599193</ele>
      </trkpt>
      <trkpt lat="45.3921" lon="6.85038">
        <ele>2261.4776149827</ele>
      </trkpt>
      <trkpt lat="45.39207" lon="6.85029">
        <ele>2261.4217558374</ele>
      </trkpt>
      <trkpt lat="45.39203" lon="6.85017">
        <ele>2261.3884396857</ele>
      </trkpt>
      <trkpt lat="45.392" lon="6.85009">
        <ele>2261.3708528426</ele>
      </trkpt>
      <trkpt lat="45.39195" lon="6.84997">
        <ele>2261.4756665223</ele>
      </trkpt>
      <trkpt lat="45.39192" lon="6.84989">
        <ele>2261.3580519726</ele>
      </trkpt>
      <trkpt lat="45.39189" lon="6.84979">
        <ele>2260.811054067</ele>
      </trkpt>
      <trkpt lat="45.39186" lon="6.84974">
        <ele>2261.0018556129</ele>
      </trkpt>
      <trkpt lat="45.39186" lon="6.84967">
        <ele>2259.806961768</ele>
      </trkpt>
      <trkpt lat="45.39183" lon="6.84958">
        <ele>2259.2077246166</ele>
      </trkpt>
      <trkpt lat="45.39181" lon="6.84948">
        <ele>2257.9674588422</ele>
      </trkpt>
      <trkpt lat="45.39176" lon="6.84941">
        <ele>2258.4467038941</ele>
      </trkpt>
      <trkpt lat="45.39173" lon="6.84927">
        <ele>2257.7541375883</ele>
      </trkpt>
      <trkpt lat="45.3917" lon="6.84912">
        <ele>2257.0169736046</ele>
      </trkpt>
      <trkpt lat="45.39169" lon="6.84902">
        <ele>2256.4220241259</ele>
      </trkpt>
      <trkpt lat="45.3917" lon="6.84894">
        <ele>2255.6498943544</ele>
      </trkpt>
      <trkpt lat="45.39168" lon="6.84885">
        <ele>2255.3296657362</ele>
      </trkpt>
      <trkpt lat="45.39162" lon="6.84876">
        <ele>2255.3522164298</ele>
      </trkpt>
      <trkpt lat="45.39155" lon="6.84866">
        <ele>2255.220905856</ele>
      </trkpt>
      <trkpt lat="45.39152" lon="6.84856">
        <ele>2254.4380601905</ele>
      </trkpt>
      <trkpt lat="45.3915" lon="6.84845">
        <ele>2253.0094376918</ele>
      </trkpt>
      <trkpt lat="45.39146" lon="6.84835">
        <ele>2251.3960924597</ele>
      </trkpt>
      <trkpt lat="45.39145" lon="6.84829">
        <ele>2250.2757926737</ele>
      </trkpt>
      <trkpt lat="45.39141" lon="6.84823">
        <ele>2249.3477787087</ele>
      </trkpt>
      <trkpt lat="45.39137" lon="6.84814">
        <ele>2247.9850979799</ele>
      </trkpt>
      <trkpt lat="45.39131" lon="6.84805">
        <ele>2247.1098994445</ele>
      </trkpt>
      <trkpt lat="45.39123" lon="6.84791">
        <ele>2246.2113367796</ele>
      </trkpt>
      <trkpt lat="45.39113" lon="6.8478">
        <ele>2246.3031440713</ele>
      </trkpt>
      <trkpt lat="45.39111" lon="6.84777">
        <ele>2246.2211726804</ele>
      </trkpt>
      <trkpt lat="45.39108" lon="6.84773">
        <ele>2246.2275046841</ele>
      </trkpt>
      <trkpt lat="45.391" lon="6.84759">
        <ele>2245.9538412464</ele>
      </trkpt>
      <trkpt lat="45.39093" lon="6.84745">
        <ele>2245.1405981822</ele>
      </trkpt>
      <trkpt lat="45.39089" lon="6.84736">
        <ele>2244.3065922528</ele>
      </trkpt>
      <trkpt lat="45.39086" lon="6.84726">
        <ele>2243.1516673355</ele>
      </trkpt>
      <trkpt lat="45.39078" lon="6.84712">
        <ele>2241.8482150863</ele>
      </trkpt>
      <trkpt lat="45.39073" lon="6.84702">
        <ele>2240.814652347</ele>
      </trkpt>
      <trkpt lat="45.39068" lon="6.84695">
        <ele>2240.3970207674</ele>
      </trkpt>
      <trkpt lat="45.39061" lon="6.84685">
        <ele>2239.8914704409</ele>
      </trkpt>
      <trkpt lat="45.39054" lon="6.84677">
        <ele>2239.3181768167</ele>
      </trkpt>
      <trkpt lat="45.39051" lon="6.84671">
        <ele>2238.6180458045</ele>
      </trkpt>
      <trkpt lat="45.39046" lon="6.84661">
        <ele>2237.5856330486</ele>
      </trkpt>
      <trkpt lat="45.39041" lon="6.8465">
        <ele>2236.6926278945</ele>
      </trkpt>
      <trkpt lat="45.39037" lon="6.84641">
        <ele>2235.9532881443</ele>
      </trkpt>
      <trkpt lat="45.39032" lon="6.84632">
        <ele>2235.4787152607</ele>
      </trkpt>
      <trkpt lat="45.39027" lon="6.84628">
        <ele>2235.6618769554</ele>
      </trkpt>
      <trkpt lat="45.39021" lon="6.84621">
        <ele>2235.3328025893</ele>
      </trkpt>
      <trkpt lat="45.39019" lon="6.84613">
        <ele>2234.1705846067</ele>
      </trkpt>
      <trkpt lat="45.39016" lon="6.84601">
        <ele>2232.6466868281</ele>
      </trkpt>
      <trkpt lat="45.39011" lon="6.84591">
        <ele>2232.0426519203</ele>
      </trkpt>
      <trkpt lat="45.39007" lon="6.8458">
        <ele>2231.2438289121</ele>
      </trkpt>
      <trkpt lat="45.39003" lon="6.84567">
        <ele>2230.2333799551</ele>
      </trkpt>
      <trkpt lat="45.39001" lon="6.84557">
        <ele>2229.9812830345</ele>
      </trkpt>
      <trkpt lat="45.38999" lon="6.84546">
        <ele>2229.8771165292</ele>
      </trkpt>
      <trkpt lat="45.38994" lon="6.84532">
        <ele>2230.0935792184</ele>
      </trkpt>
      <trkpt lat="45.38993" lon="6.84519">
        <ele>2228.9614895931</ele>
      </trkpt>
      <trkpt lat="45.38992" lon="6.84507">
        <ele>2227.801564747</ele>
      </trkpt>
      <trkpt lat="45.38991" lon="6.84499">
        <ele>2226.8997151624</ele>
      </trkpt>
      <trkpt lat="45.38985" lon="6.8449">
        <ele>2226.3275717658</ele>
      </trkpt>
      <trkpt lat="45.38985" lon="6.84486">
        <ele>2225.675124477</ele>
      </trkpt>
      <trkpt lat="45.38982" lon="6.84482">
        <ele>2225.4943360657</ele>
      </trkpt>
      <trkpt lat="45.3898" lon="6.84475">
        <ele>2224.721739487</ele>
      </trkpt>
      <trkpt lat="45.38972" lon="6.84459">
        <ele>2222.9628137231</ele>
      </trkpt>
      <trkpt lat="45.38968" lon="6.84451">
        <ele>2222.1023294871</ele>
      </trkpt>
      <trkpt lat="45.38964" lon="6.8444">
        <ele>2220.7114652347</ele>
      </trkpt>
      <trkpt lat="45.38962" lon="6.84433">
        <ele>2219.4376607492</ele>
      </trkpt>
      <trkpt lat="45.3896" lon="6.84426">
        <ele>2218.1594764225</ele>
      </trkpt>
      <trkpt lat="45.38956" lon="6.84418">
        <ele>2216.8994295448</ele>
      </trkpt>
      <trkpt lat="45.38952" lon="6.84409">
        <ele>2215.4956695007</ele>
      </trkpt>
      <trkpt lat="45.38948" lon="6.84404">
        <ele>2214.9288723444</ele>
      </trkpt>
      <trkpt lat="45.38942" lon="6.84395">
        <ele>2213.8291252976</ele>
      </trkpt>
      <trkpt lat="45.38937" lon="6.84388">
        <ele>2212.8539166605</ele>
      </trkpt>
      <trkpt lat="45.38932" lon="6.84379">
        <ele>2211.3102601372</ele>
      </trkpt>
      <trkpt lat="45.38927" lon="6.84373">
        <ele>2211.1481185992</ele>
      </trkpt>
      <trkpt lat="45.38923" lon="6.84367">
        <ele>2211.3905561619</ele>
      </trkpt>
      <trkpt lat="45.38919" lon="6.84358">
        <ele>2211.2225507723</ele>
      </trkpt>
      <trkpt lat="45.38916" lon="6.84351">
        <ele>2211.0222093954</ele>
      </trkpt>
      <trkpt lat="45.38912" lon="6.84346">
        <ele>2211.3104439024</ele>
      </trkpt>
      <trkpt lat="45.38909" lon="6.84341">
        <ele>2211.139565914</ele>
      </trkpt>
      <trkpt lat="45.38905" lon="6.84333">
        <ele>2210.4264869612</ele>
      </trkpt>
      <trkpt lat="45.38902" lon="6.84326">
        <ele>2209.7156784476</ele>
      </trkpt>
      <trkpt lat="45.38897" lon="6.84323">
        <ele>2210.1280172977</ele>
      </trkpt>
      <trkpt lat="45.38892" lon="6.84315">
        <ele>2209.3235895923</ele>
      </trkpt>
      <trkpt lat="45.38886" lon="6.84304">
        <ele>2207.8806636579</ele>
      </trkpt>
      <trkpt lat="45.38879" lon="6.84294">
        <ele>2206.7561305017</ele>
      </trkpt>
      <trkpt lat="45.3887" lon="6.84286">
        <ele>2206.389167848</ele>
      </trkpt>
      <trkpt lat="45.38866" lon="6.84278">
        <ele>2205.7061410583</ele>
      </trkpt>
      <trkpt lat="45.3886" lon="6.84262">
        <ele>2204.3945234551</ele>
      </trkpt>
      <trkpt lat="45.3885" lon="6.84249">
        <ele>2203.8566390982</ele>
      </trkpt>
      <trkpt lat="45.38844" lon="6.84244">
        <ele>2203.9387940415</ele>
      </trkpt>
      <trkpt lat="45.38839" lon="6.84238">
        <ele>2203.8438763155</ele>
      </trkpt>
      <trkpt lat="45.38837" lon="6.84232">
        <ele>2203.3915951694</ele>
      </trkpt>
      <trkpt lat="45.3883" lon="6.84229">
        <ele>2203.8996525491</ele>
      </trkpt>
      <trkpt lat="45.38828" lon="6.84224">
        <ele>2203.4670716316</ele>
      </trkpt>
      <trkpt lat="45.38822" lon="6.84214">
        <ele>2202.7816488458</ele>
      </trkpt>
      <trkpt lat="45.38817" lon="6.84206">
        <ele>2202.6423882258</ele>
      </trkpt>
      <trkpt lat="45.38813" lon="6.84195">
        <ele>2202.1198781775</ele>
      </trkpt>
      <trkpt lat="45.38809" lon="6.84187">
        <ele>2202.2470332225</ele>
      </trkpt>
      <trkpt lat="45.38805" lon="6.84179">
        <ele>2202.4142117189</ele>
      </trkpt>
      <trkpt lat="45.38799" lon="6.84173">
        <ele>2202.9942174147</ele>
      </trkpt>
      <trkpt lat="45.38795" lon="6.84166">
        <ele>2203.1098394768</ele>
      </trkpt>
      <trkpt lat="45.38793" lon="6.84159">
        <ele>2202.8316098839</ele>
      </trkpt>
      <trkpt lat="45.3879" lon="6.84151">
        <ele>2202.5689991772</ele>
      </trkpt>
      <trkpt lat="45.38785" lon="6.84144">
        <ele>2202.7547632874</ele>
      </trkpt>
      <trkpt lat="45.3878" lon="6.8414">
        <ele>2203.1723086669</ele>
      </trkpt>
      <trkpt lat="45.38772" lon="6.84133">
        <ele>2203.8654601391</ele>
      </trkpt>
      <trkpt lat="45.38768" lon="6.84124">
        <ele>2203.6630136592</ele>
      </trkpt>
      <trkpt lat="45.3876" lon="6.84111">
        <ele>2203.5186504365</ele>
      </trkpt>
      <trkpt lat="45.3875" lon="6.84092">
        <ele>2202.3962258438</ele>
      </trkpt>
      <trkpt lat="45.38741" lon="6.8407">
        <ele>2199.8225104339</ele>
      </trkpt>
      <trkpt lat="45.38736" lon="6.84064">
        <ele>2198.9033506023</ele>
      </trkpt>
      <trkpt lat="45.38727" lon="6.84056">
        <ele>2197.5846573667</ele>
      </trkpt>
      <trkpt lat="45.38722" lon="6.8405">
        <ele>2196.5227130074</ele>
      </trkpt>
      <trkpt lat="45.38714" lon="6.84046">
        <ele>2195.3584647965</ele>
      </trkpt>
      <trkpt lat="45.38709" lon="6.8404">
        <ele>2194.193390981</ele>
      </trkpt>
      <trkpt lat="45.387" lon="6.84027">
        <ele>2192.5965542321</ele>
      </trkpt>
      <trkpt lat="45.38694" lon="6.84022">
        <ele>2192.4225363093</ele>
      </trkpt>
      <trkpt lat="45.38692" lon="6.84012">
        <ele>2191.1309901686</ele>
      </trkpt>
      <trkpt lat="45.38688" lon="6.84002">
        <ele>2189.8037463123</ele>
      </trkpt>
      <trkpt lat="45.38683" lon="6.83995">
        <ele>2189.0939660743</ele>
      </trkpt>
      <trkpt lat="45.3868" lon="6.83988">
        <ele>2188.1135379513</ele>
      </trkpt>
      <trkpt lat="45.38676" lon="6.83981">
        <ele>2187.2647718578</ele>
      </trkpt>
      <trkpt lat="45.38673" lon="6.83976">
        <ele>2186.6334077394</ele>
      </trkpt>
      <trkpt lat="45.38672" lon="6.83966">
        <ele>2184.8642638856</ele>
      </trkpt>
      <trkpt lat="45.38669" lon="6.8396">
        <ele>2184.2055834257</ele>
      </trkpt>
      <trkpt lat="45.38664" lon="6.83955">
        <ele>2183.8150697874</ele>
      </trkpt>
      <trkpt lat="45.38661" lon="6.83951">
        <ele>2183.5884084013</ele>
      </trkpt>
      <trkpt lat="45.38657" lon="6.83946">
        <ele>2183.3057281488</ele>
      </trkpt>
      <trkpt lat="45.38645" lon="6.83939">
        <ele>2183.6147127688</ele>
      </trkpt>
      <trkpt lat="45.38638" lon="6.83936">
        <ele>2184.0005319917</ele>
      </trkpt>
      <trkpt lat="45.38633" lon="6.83928">
        <ele>2182.9418931444</ele>
      </trkpt>
      <trkpt lat="45.38631" lon="6.83925">
        <ele>2182.5067263716</ele>
      </trkpt>
      <trkpt lat="45.38628" lon="6.8392">
        <ele>2181.738218691</ele>
      </trkpt>
      <trkpt lat="45.38625" lon="6.83916">
        <ele>2181.1625028649</ele>
      </trkpt>
      <trkpt lat="45.38621" lon="6.83913">
        <ele>2180.8763063822</ele>
      </trkpt>
      <trkpt lat="45.38617" lon="6.83904">
        <ele>2178.9760788159</ele>
      </trkpt>
      <trkpt lat="45.38614" lon="6.83898">
        <ele>2177.7223765605</ele>
      </trkpt>
      <trkpt lat="45.3861" lon="6.83893">
        <ele>2176.6910720724</ele>
      </trkpt>
      <trkpt lat="45.38601" lon="6.83881">
        <ele>2174.3041247317</ele>
      </trkpt>
      <trkpt lat="45.38594" lon="6.83877">
        <ele>2173.8761995154</ele>
      </trkpt>
      <trkpt lat="45.38583" lon="6.83874">
        <ele>2174.4276370176</ele>
      </trkpt>
      <trkpt lat="45.38577" lon="6.83872">
        <ele>2174.8262843819</ele>
      </trkpt>
      <trkpt lat="45.38572" lon="6.83869">
        <ele>2175.0672013791</ele>
      </trkpt>
      <trkpt lat="45.38566" lon="6.83865">
        <ele>2175.3470882952</ele>
      </trkpt>
      <trkpt lat="45.38561" lon="6.8386">
        <ele>2175.21756403</ele>
      </trkpt>
      <trkpt lat="45.38554" lon="6.83855">
        <ele>2175.2436999264</ele>
      </trkpt>
      <trkpt lat="45.38546" lon="6.83849">
        <ele>2174.9161546582</ele>
      </trkpt>
      <trkpt lat="45.38541" lon="6.83844">
        <ele>2174.3327174079</ele>
      </trkpt>
      <trkpt lat="45.38536" lon="6.83837">
        <ele>2173.1736642983</ele>
      </trkpt>
      <trkpt lat="45.38531" lon="6.83828">
        <ele>2171.4734526588</ele>
      </trkpt>
      <trkpt lat="45.38526" lon="6.8382">
        <ele>2169.8889836679</ele>
      </trkpt>
      <trkpt lat="45.38521" lon="6.83814">
        <ele>2168.4882987367</ele>
      </trkpt>
      <trkpt lat="45.38516" lon="6.83808">
        <ele>2167.3596096229</ele>
      </trkpt>
      <trkpt lat="45.38511" lon="6.83802">
        <ele>2166.4176153177</ele>
      </trkpt>
      <trkpt lat="45.38495" lon="6.83788">
        <ele>2165.7277143524</ele>
      </trkpt>
      <trkpt lat="45.3849" lon="6.83775">
        <ele>2163.7349208628</ele>
      </trkpt>
      <trkpt lat="45.38483" lon="6.83769">
        <ele>2163.465760903</ele>
      </trkpt>
      <trkpt lat="45.38481" lon="6.83763">
        <ele>2162.886291745</ele>
      </trkpt>
      <trkpt lat="45.38475" lon="6.83759">
        <ele>2162.5077044228</ele>
      </trkpt>
      <trkpt lat="45.38471" lon="6.83751">
        <ele>2161.3960997151</ele>
      </trkpt>
      <trkpt lat="45.38466" lon="6.83745">
        <ele>2160.4131217415</ele>
      </trkpt>
      <trkpt lat="45.38461" lon="6.8374">
        <ele>2159.6998625164</ele>
      </trkpt>
      <trkpt lat="45.38453" lon="6.83735">
        <ele>2159.139845584</ele>
      </trkpt>
      <trkpt lat="45.38446" lon="6.83727">
        <ele>2157.9941738077</ele>
      </trkpt>
      <trkpt lat="45.38433" lon="6.83718">
        <ele>2157.8344059473</ele>
      </trkpt>
      <trkpt lat="45.38422" lon="6.83709">
        <ele>2158.1357951073</ele>
      </trkpt>
      <trkpt lat="45.38414" lon="6.83699">
        <ele>2158.0981509521</ele>
      </trkpt>
      <trkpt lat="45.38408" lon="6.83694">
        <ele>2158.3887989264</ele>
      </trkpt>
      <trkpt lat="45.38395" lon="6.83685">
        <ele>2158.7456970275</ele>
      </trkpt>
      <trkpt lat="45.38387" lon="6.8368">
        <ele>2158.8434143412</ele>
      </trkpt>
      <trkpt lat="45.38381" lon="6.83672">
        <ele>2158.2374861476</ele>
      </trkpt>
      <trkpt lat="45.38368" lon="6.83658">
        <ele>2157.8277685142</ele>
      </trkpt>
      <trkpt lat="45.38364" lon="6.83652">
        <ele>2157.3190083592</ele>
      </trkpt>
      <trkpt lat="45.3836" lon="6.83647">
        <ele>2157.1322520824</ele>
      </trkpt>
      <trkpt lat="45.38351" lon="6.83635">
        <ele>2156.6349667032</ele>
      </trkpt>
      <trkpt lat="45.38343" lon="6.83624">
        <ele>2155.8803795643</ele>
      </trkpt>
      <trkpt lat="45.38334" lon="6.83612">
        <ele>2154.5169415129</ele>
      </trkpt>
      <trkpt lat="45.38327" lon="6.83604">
        <ele>2153.4700908425</ele>
      </trkpt>
      <trkpt lat="45.38323" lon="6.836">
        <ele>2152.9299569111</ele>
      </trkpt>
      <trkpt lat="45.38319" lon="6.83598">
        <ele>2152.7682692948</ele>
      </trkpt>
      <trkpt lat="45.38315" lon="6.83597">
        <ele>2152.8649689045</ele>
      </trkpt>
      <trkpt lat="45.38309" lon="6.83597">
        <ele>2153.4276917867</ele>
      </trkpt>
      <trkpt lat="45.38304" lon="6.83595">
        <ele>2153.6298190627</ele>
      </trkpt>
      <trkpt lat="45.38303" lon="6.83593">
        <ele>2153.2897760174</ele>
      </trkpt>
      <trkpt lat="45.38299" lon="6.83589">
        <ele>2152.7563403075</ele>
      </trkpt>
      <trkpt lat="45.38299" lon="6.83584">
        <ele>2150.9804206721</ele>
      </trkpt>
      <trkpt lat="45.38296" lon="6.8358">
        <ele>2149.9156853201</ele>
      </trkpt>
      <trkpt lat="45.3829" lon="6.83577">
        <ele>2149.562421858</ele>
      </trkpt>
      <trkpt lat="45.38281" lon="6.8357">
        <ele>2148.1277479597</ele>
      </trkpt>
      <trkpt lat="45.38276" lon="6.83567">
        <ele>2147.7199282656</ele>
      </trkpt>
      <trkpt lat="45.3827" lon="6.83566">
        <ele>2148.2194908097</ele>
      </trkpt>
      <trkpt lat="45.38268" lon="6.83564">
        <ele>2147.7430184178</ele>
      </trkpt>
      <trkpt lat="45.38265" lon="6.8356">
        <ele>2146.8836443916</ele>
      </trkpt>
      <trkpt lat="45.38258" lon="6.83551">
        <ele>2145.4104461581</ele>
      </trkpt>
      <trkpt lat="45.38254" lon="6.8355">
        <ele>2145.7198931534</ele>
      </trkpt>
      <trkpt lat="45.38246" lon="6.83541">
        <ele>2144.5441775886</ele>
      </trkpt>
      <trkpt lat="45.38239" lon="6.83538">
        <ele>2144.2807968765</ele>
      </trkpt>
      <trkpt lat="45.38232" lon="6.83536">
        <ele>2144.0407149433</ele>
      </trkpt>
      <trkpt lat="45.38227" lon="6.83534">
        <ele>2143.7726505756</ele>
      </trkpt>
      <trkpt lat="45.38223" lon="6.8353">
        <ele>2142.9263576085</ele>
      </trkpt>
      <trkpt lat="45.38217" lon="6.83527">
        <ele>2142.2837046759</ele>
      </trkpt>
      <trkpt lat="45.38212" lon="6.83525">
        <ele>2141.7683014851</ele>
      </trkpt>
      <trkpt lat="45.38206" lon="6.83523">
        <ele>2141.2197229172</ele>
      </trkpt>
      <trkpt lat="45.38199" lon="6.83522">
        <ele>2140.7668263521</ele>
      </trkpt>
      <trkpt lat="45.38194" lon="6.8352">
        <ele>2139.8592203261</ele>
      </trkpt>
      <trkpt lat="45.38186" lon="6.83518">
        <ele>2138.5904990773</ele>
      </trkpt>
      <trkpt lat="45.3817" lon="6.83513">
        <ele>2136.7595874988</ele>
      </trkpt>
      <trkpt lat="45.38152" lon="6.83508">
        <ele>2135.6063422499</ele>
      </trkpt>
      <trkpt lat="45.3814" lon="6.83503">
        <ele>2135.0333902028</ele>
      </trkpt>
      <trkpt lat="45.38128" lon="6.83498">
        <ele>2134.8569868113</ele>
      </trkpt>
      <trkpt lat="45.38117" lon="6.83495">
        <ele>2135.4444853428</ele>
      </trkpt>
      <trkpt lat="45.38106" lon="6.83492">
        <ele>2136.5692415128</ele>
      </trkpt>
      <trkpt lat="45.38088" lon="6.83483">
        <ele>2138.4156934387</ele>
      </trkpt>
      <trkpt lat="45.3808" lon="6.8348">
        <ele>2138.8367542189</ele>
      </trkpt>
      <trkpt lat="45.3807" lon="6.83475">
        <ele>2139.1355985831</ele>
      </trkpt>
      <trkpt lat="45.38056" lon="6.83471">
        <ele>2139.0476403062</ele>
      </trkpt>
      <trkpt lat="45.38036" lon="6.83466">
        <ele>2137.9073775617</ele>
      </trkpt>
      <trkpt lat="45.38018" lon="6.83459">
        <ele>2135.3240624432</ele>
      </trkpt>
      <trkpt lat="45.37996" lon="6.83455">
        <ele>2132.0214857572</ele>
      </trkpt>
      <trkpt lat="45.37987" lon="6.83451">
        <ele>2130.2326326396</ele>
      </trkpt>
      <trkpt lat="45.37976" lon="6.83448">
        <ele>2128.6423242128</ele>
      </trkpt>
      <trkpt lat="45.37971" lon="6.83447">
        <ele>2128.3962769974</ele>
      </trkpt>
      <trkpt lat="45.37953" lon="6.83443">
        <ele>2127.5331150224</ele>
      </trkpt>
      <trkpt lat="45.37939" lon="6.83442">
        <ele>2127.2700031998</ele>
      </trkpt>
      <trkpt lat="45.37922" lon="6.83439">
        <ele>2125.9733241357</ele>
      </trkpt>
      <trkpt lat="45.37911" lon="6.83444">
        <ele>2126.1577123301</ele>
      </trkpt>
      <trkpt lat="45.37902" lon="6.83443">
        <ele>2125.2243952504</ele>
      </trkpt>
      <trkpt lat="45.37884" lon="6.83438">
        <ele>2122.6145842819</ele>
      </trkpt>
      <trkpt lat="45.37869" lon="6.83429">
        <ele>2119.2077423629</ele>
      </trkpt>
      <trkpt lat="45.37857" lon="6.83425">
        <ele>2116.9861345839</ele>
      </trkpt>
      <trkpt lat="45.37834" lon="6.83418">
        <ele>2113.8693239366</ele>
      </trkpt>
      <trkpt lat="45.37808" lon="6.83408">
        <ele>2110.0751461585</ele>
      </trkpt>
      <trkpt lat="45.37786" lon="6.83403">
        <ele>2106.7692888721</ele>
      </trkpt>
      <trkpt lat="45.37779" lon="6.83402">
        <ele>2105.7291299385</ele>
      </trkpt>
      <trkpt lat="45.37767" lon="6.83399">
        <ele>2103.6818202639</ele>
      </trkpt>
      <trkpt lat="45.37758" lon="6.83397">
        <ele>2102.3487092275</ele>
      </trkpt>
      <trkpt lat="45.37753" lon="6.83397">
        <ele>2101.7216140424</ele>
      </trkpt>
      <trkpt lat="45.37748" lon="6.83402">
        <ele>2101.5053341145</ele>
      </trkpt>
      <trkpt lat="45.37725" lon="6.83406">
        <ele>2099.1592983624</ele>
      </trkpt>
      <trkpt lat="45.3771" lon="6.83406">
        <ele>2097.3971659956</ele>
      </trkpt>
      <trkpt lat="45.37707" lon="6.8341">
        <ele>2097.8764363243</ele>
      </trkpt>
      <trkpt lat="45.37704" lon="6.83411">
        <ele>2097.8238342824</ele>
      </trkpt>
      <trkpt lat="45.37697" lon="6.83409">
        <ele>2097.0727588623</ele>
      </trkpt>
      <trkpt lat="45.37693" lon="6.83408">
        <ele>2096.7030753132</ele>
      </trkpt>
      <trkpt lat="45.37674" lon="6.83411">
        <ele>2097.30466524</ele>
      </trkpt>
      <trkpt lat="45.37661" lon="6.83415">
        <ele>2098.3531270771</ele>
      </trkpt>
      <trkpt lat="45.37654" lon="6.83418">
        <ele>2099.0313223908</ele>
      </trkpt>
      <trkpt lat="45.37648" lon="6.83423">
        <ele>2099.46128001</ele>
      </trkpt>
      <trkpt lat="45.3765" lon="6.83414">
        <ele>2099.3180698205</ele>
      </trkpt>
      <trkpt lat="45.37651" lon="6.83407">
        <ele>2099.1810465296</ele>
      </trkpt>
      <trkpt lat="45.37646" lon="6.83396">
        <ele>2100.5535491398</ele>
      </trkpt>
      <trkpt lat="45.37642" lon="6.83393">
        <ele>2101.4086267465</ele>
      </trkpt>
      <trkpt lat="45.37637" lon="6.83391">
        <ele>2102.193580105</ele>
      </trkpt>
      <trkpt lat="45.37634" lon="6.83391">
        <ele>2102.5009688648</ele>
      </trkpt>
      <trkpt lat="45.37629" lon="6.83391">
        <ele>2103.0022884141</ele>
      </trkpt>
      <trkpt lat="45.37626" lon="6.83389">
        <ele>2103.5338574219</ele>
      </trkpt>
      <trkpt lat="45.37622" lon="6.83383">
        <ele>2104.4426232887</ele>
      </trkpt>
      <trkpt lat="45.37618" lon="6.83374">
        <ele>2105.6284171694</ele>
      </trkpt>
      <trkpt lat="45.37616" lon="6.83368">
        <ele>2106.4044947728</ele>
      </trkpt>
      <trkpt lat="45.37611" lon="6.83359">
        <ele>2107.3453318301</ele>
      </trkpt>
      <trkpt lat="45.37606" lon="6.8335">
        <ele>2108.3259546702</ele>
      </trkpt>
      <trkpt lat="45.37602" lon="6.83344">
        <ele>2108.8946776908</ele>
      </trkpt>
      <trkpt lat="45.37593" lon="6.83334">
        <ele>2109.8148548502</ele>
      </trkpt>
      <trkpt lat="45.37589" lon="6.83329">
        <ele>2110.5457156965</ele>
      </trkpt>
      <trkpt lat="45.37587" lon="6.83321">
        <ele>2112.1852987236</ele>
      </trkpt>
      <trkpt lat="45.37583" lon="6.83316">
        <ele>2113.0633370198</ele>
      </trkpt>
      <trkpt lat="45.3758" lon="6.83311">
        <ele>2114.0601642139</ele>
      </trkpt>
      <trkpt lat="45.37577" lon="6.83311">
        <ele>2113.9966364447</ele>
      </trkpt>
      <trkpt lat="45.3757" lon="6.83306">
        <ele>2115.3816209358</ele>
      </trkpt>
      <trkpt lat="45.37563" lon="6.833">
        <ele>2118.2976355555</ele>
      </trkpt>
      <trkpt lat="45.37559" lon="6.83297">
        <ele>2119.6948360369</ele>
      </trkpt>
      <trkpt lat="45.37553" lon="6.83293">
        <ele>2121.4418208703</ele>
      </trkpt>
      <trkpt lat="45.37548" lon="6.8329">
        <ele>2122.5860699432</ele>
      </trkpt>
      <trkpt lat="45.3754" lon="6.83287">
        <ele>2123.5505827312</ele>
      </trkpt>
      <trkpt lat="45.37536" lon="6.83283">
        <ele>2124.8516061071</ele>
      </trkpt>
      <trkpt lat="45.37535" lon="6.83279">
        <ele>2126.2257969082</ele>
      </trkpt>
      <trkpt lat="45.3754" lon="6.83277">
        <ele>2127.7103367075</ele>
      </trkpt>
      <trkpt lat="45.37545" lon="6.83276">
        <ele>2128.5628965737</ele>
      </trkpt>
      <trkpt lat="45.37547" lon="6.83273">
        <ele>2130.0816161695</ele>
      </trkpt>
      <trkpt lat="45.37546" lon="6.83271">
        <ele>2130.9290886063</ele>
      </trkpt>
      <trkpt lat="45.3754" lon="6.83269">
        <ele>2131.3007563442</ele>
      </trkpt>
      <trkpt lat="45.37537" lon="6.83267">
        <ele>2131.9673915012</ele>
      </trkpt>
      <trkpt lat="45.37534" lon="6.83268">
        <ele>2130.7376432739</ele>
      </trkpt>
      <trkpt lat="45.37531" lon="6.83263">
        <ele>2132.0971816769</ele>
      </trkpt>
      <trkpt lat="45.37527" lon="6.83261">
        <ele>2131.6547296051</ele>
      </trkpt>
      <trkpt lat="45.37524" lon="6.83257">
        <ele>2132.3485105321</ele>
      </trkpt>
      <trkpt lat="45.37524" lon="6.83253">
        <ele>2134.0696542294</ele>
      </trkpt>
      <trkpt lat="45.37523" lon="6.8325">
        <ele>2134.9755454862</ele>
      </trkpt>
      <trkpt lat="45.3752" lon="6.8325">
        <ele>2133.8206463449</ele>
      </trkpt>
      <trkpt lat="45.37516" lon="6.83249">
        <ele>2132.7623891564</ele>
      </trkpt>
      <trkpt lat="45.3751" lon="6.83247">
        <ele>2131.5549411876</ele>
      </trkpt>
      <trkpt lat="45.37504" lon="6.83244">
        <ele>2131.3026255371</ele>
      </trkpt>
      <trkpt lat="45.37498" lon="6.83243">
        <ele>2130.1775947007</ele>
      </trkpt>
      <trkpt lat="45.37494" lon="6.83237">
        <ele>2132.3608505103</ele>
      </trkpt>
      <trkpt lat="45.37494" lon="6.83234">
        <ele>2134.3181923772</ele>
      </trkpt>
      <trkpt lat="45.37498" lon="6.83233">
        <ele>2135.874006612</ele>
      </trkpt>
      <trkpt lat="45.37503" lon="6.8323">
        <ele>2138.7082209938</ele>
      </trkpt>
      <trkpt lat="45.37508" lon="6.83228">
        <ele>2140.7792831367</ele>
      </trkpt>
      <trkpt lat="45.37512" lon="6.83225">
        <ele>2143.1069557205</ele>
      </trkpt>
      <trkpt lat="45.37516" lon="6.83223">
        <ele>2144.8344208097</ele>
      </trkpt>
      <trkpt lat="45.37519" lon="6.83219">
        <ele>2147.1764777518</ele>
      </trkpt>
      <trkpt lat="45.37523" lon="6.83219">
        <ele>2147.7015510901</ele>
      </trkpt>
      <trkpt lat="45.37527" lon="6.83218">
        <ele>2148.5919463573</ele>
      </trkpt>
      <trkpt lat="45.37536" lon="6.83216">
        <ele>2150.2742926597</ele>
      </trkpt>
      <trkpt lat="45.37543" lon="6.83213">
        <ele>2151.7784187703</ele>
      </trkpt>
      <trkpt lat="45.37549" lon="6.83211">
        <ele>2153.529912786</ele>
      </trkpt>
      <trkpt lat="45.37554" lon="6.8321">
        <ele>2154.809390277</ele>
      </trkpt>
      <trkpt lat="45.37558" lon="6.83211">
        <ele>2154.4273305225</ele>
      </trkpt>
      <trkpt lat="45.37563" lon="6.8321">
        <ele>2155.5324349122</ele>
      </trkpt>
      <trkpt lat="45.37569" lon="6.83209">
        <ele>2156.6694067861</ele>
      </trkpt>
      <trkpt lat="45.37574" lon="6.83208">
        <ele>2157.7707967492</ele>
      </trkpt>
      <trkpt lat="45.37576" lon="6.83206">
        <ele>2159.4786980409</ele>
      </trkpt>
      <trkpt lat="45.3758" lon="6.83205">
        <ele>2160.6022905077</ele>
      </trkpt>
      <trkpt lat="45.37582" lon="6.83202">
        <ele>2163.1408399413</ele>
      </trkpt>
      <trkpt lat="45.37579" lon="6.83201">
        <ele>2163.6550319965</ele>
      </trkpt>
      <trkpt lat="45.37572" lon="6.83198">
        <ele>2165.234749597</ele>
      </trkpt>
      <trkpt lat="45.37567" lon="6.83197">
        <ele>2165.4579419775</ele>
      </trkpt>
      <trkpt lat="45.37565" lon="6.83195">
        <ele>2166.7193922295</ele>
      </trkpt>
      <trkpt lat="45.37566" lon="6.83193">
        <ele>2168.3007678632</ele>
      </trkpt>
      <trkpt lat="45.37572" lon="6.83191">
        <ele>2170.5576103813</ele>
      </trkpt>
      <trkpt lat="45.37576" lon="6.83188">
        <ele>2173.3988108112</ele>
      </trkpt>
      <trkpt lat="45.37583" lon="6.83185">
        <ele>2176.9180318896</ele>
      </trkpt>
      <trkpt lat="45.37591" lon="6.83182">
        <ele>2180.730675815</ele>
      </trkpt>
      <trkpt lat="45.37595" lon="6.8318">
        <ele>2183.1008435922</ele>
      </trkpt>
      <trkpt lat="45.37598" lon="6.83178">
        <ele>2185.3195850808</ele>
      </trkpt>
      <trkpt lat="45.37605" lon="6.83174">
        <ele>2189.3716346747</ele>
      </trkpt>
      <trkpt lat="45.37614" lon="6.8317">
        <ele>2192.9903341651</ele>
      </trkpt>
      <trkpt lat="45.37618" lon="6.83169">
        <ele>2193.9881377114</ele>
      </trkpt>
      <trkpt lat="45.3762" lon="6.83166">
        <ele>2196.2903757284</ele>
      </trkpt>
      <trkpt lat="45.3762" lon="6.83162">
        <ele>2199.1849891872</ele>
      </trkpt>
      <trkpt lat="45.37624" lon="6.83159">
        <ele>2201.3549158892</ele>
      </trkpt>
      <trkpt lat="45.37629" lon="6.83155">
        <ele>2203.9645078747</ele>
      </trkpt>
      <trkpt lat="45.37631" lon="6.83152">
        <ele>2205.8975940816</ele>
      </trkpt>
      <trkpt lat="45.3763" lon="6.83149">
        <ele>2207.2060097982</ele>
      </trkpt>
      <trkpt lat="45.37626" lon="6.83151">
        <ele>2206.600493015</ele>
      </trkpt>
      <trkpt lat="45.3762" lon="6.83152">
        <ele>2206.269637829</ele>
      </trkpt>
      <trkpt lat="45.37616" lon="6.83153">
        <ele>2205.5385982291</ele>
      </trkpt>
      <trkpt lat="45.37612" lon="6.83151">
        <ele>2206.4932911316</ele>
      </trkpt>
      <trkpt lat="45.37608" lon="6.8315">
        <ele>2206.7838105385</ele>
      </trkpt>
      <trkpt lat="45.37605" lon="6.83147">
        <ele>2207.923687831</ele>
      </trkpt>
      <trkpt lat="45.37601" lon="6.83143">
        <ele>2209.3754349313</ele>
      </trkpt>
      <trkpt lat="45.37591" lon="6.83143">
        <ele>2209.5769894243</ele>
      </trkpt>
      <trkpt lat="45.37581" lon="6.83145">
        <ele>2208.9269982531</ele>
      </trkpt>
      <trkpt lat="45.37575" lon="6.83145">
        <ele>2209.564094264</ele>
      </trkpt>
      <trkpt lat="45.37568" lon="6.83143">
        <ele>2211.7617442854</ele>
      </trkpt>
      <trkpt lat="45.37558" lon="6.8314">
        <ele>2215.3653650715</ele>
      </trkpt>
      <trkpt lat="45.37549" lon="6.83135">
        <ele>2221.0816758493</ele>
      </trkpt>
      <trkpt lat="45.37544" lon="6.83133">
        <ele>2223.8610636291</ele>
      </trkpt>
      <trkpt lat="45.3754" lon="6.83134">
        <ele>2224.7236526464</ele>
      </trkpt>
      <trkpt lat="45.37536" lon="6.83132">
        <ele>2227.005903632</ele>
      </trkpt>
      <trkpt lat="45.37534" lon="6.8313">
        <ele>2227.8801184353</ele>
      </trkpt>
      <trkpt lat="45.3753" lon="6.83129">
        <ele>2228.0942446532</ele>
      </trkpt>
      <trkpt lat="45.37521" lon="6.8313">
        <ele>2227.0282476337</ele>
      </trkpt>
      <trkpt lat="45.37513" lon="6.83126">
        <ele>2227.4492992832</ele>
      </trkpt>
      <trkpt lat="45.37505" lon="6.83126">
        <ele>2224.0484398264</ele>
      </trkpt>
      <trkpt lat="45.375" lon="6.83124">
        <ele>2222.4727274402</ele>
      </trkpt>
      <trkpt lat="45.37496" lon="6.8312">
        <ele>2222.0717070313</ele>
      </trkpt>
      <trkpt lat="45.37492" lon="6.83116">
        <ele>2221.9494000371</ele>
      </trkpt>
      <trkpt lat="45.37484" lon="6.83113">
        <ele>2220.2217992565</ele>
      </trkpt>
      <trkpt lat="45.37476" lon="6.83108">
        <ele>2220.6127414335</ele>
      </trkpt>
      <trkpt lat="45.37472" lon="6.83106">
        <ele>2220.799288462</ele>
      </trkpt>
      <trkpt lat="45.37472" lon="6.83104">
        <ele>2222.452592742</ele>
      </trkpt>
      <trkpt lat="45.37467" lon="6.83102">
        <ele>2222.4965566104</ele>
      </trkpt>
      <trkpt lat="45.37457" lon="6.83099">
        <ele>2221.7749096653</ele>
      </trkpt>
      <trkpt lat="45.37449" lon="6.83097">
        <ele>2220.88066195</ele>
      </trkpt>
      <trkpt lat="45.37441" lon="6.83094">
        <ele>2220.1752941072</ele>
      </trkpt>
      <trkpt lat="45.37438" lon="6.83091">
        <ele>2221.107266364</ele>
      </trkpt>
      <trkpt lat="45.37437" lon="6.83085">
        <ele>2224.4739967274</ele>
      </trkpt>
      <trkpt lat="45.37441" lon="6.83082">
        <ele>2227.9381443438</ele>
      </trkpt>
      <trkpt lat="45.37442" lon="6.83076">
        <ele>2229.6196175987</ele>
      </trkpt>
      <trkpt lat="45.37441" lon="6.83074">
        <ele>2229.3921106335</ele>
      </trkpt>
      <trkpt lat="45.37434" lon="6.83072">
        <ele>2225.4893472912</ele>
      </trkpt>
      <trkpt lat="45.37432" lon="6.83072">
        <ele>2224.2623097887</ele>
      </trkpt>
      <trkpt lat="45.3743" lon="6.83065">
        <ele>2223.9353584402</ele>
      </trkpt>
      <trkpt lat="45.37432" lon="6.83061">
        <ele>2225.7715407232</ele>
      </trkpt>
      <trkpt lat="45.37437" lon="6.83059">
        <ele>2229.4525120072</ele>
      </trkpt>
      <trkpt lat="45.37444" lon="6.83053">
        <ele>2236.8732616073</ele>
      </trkpt>
      <trkpt lat="45.37447" lon="6.83054">
        <ele>2238.1053433025</ele>
      </trkpt>
      <trkpt lat="45.37451" lon="6.83053">
        <ele>2240.3190548906</ele>
      </trkpt>
      <trkpt lat="45.37455" lon="6.83051">
        <ele>2242.624002393</ele>
      </trkpt>
      <trkpt lat="45.37461" lon="6.8305">
        <ele>2244.9008163879</ele>
      </trkpt>
      <trkpt lat="45.37467" lon="6.83049">
        <ele>2247.0538482568</ele>
      </trkpt>
      <trkpt lat="45.37472" lon="6.83045">
        <ele>2249.4336968503</ele>
      </trkpt>
      <trkpt lat="45.37477" lon="6.83044">
        <ele>2249.8213197409</ele>
      </trkpt>
      <trkpt lat="45.37485" lon="6.8304">
        <ele>2251.0875510439</ele>
      </trkpt>
      <trkpt lat="45.3749" lon="6.83039">
        <ele>2251.281168288</ele>
      </trkpt>
      <trkpt lat="45.37493" lon="6.83038">
        <ele>2251.4422858879</ele>
      </trkpt>
      <trkpt lat="45.37498" lon="6.83034">
        <ele>2252.2626308967</ele>
      </trkpt>
      <trkpt lat="45.37501" lon="6.83034">
        <ele>2252.0985141716</ele>
      </trkpt>
      <trkpt lat="45.37503" lon="6.83033">
        <ele>2252.2746897853</ele>
      </trkpt>
      <trkpt lat="45.37505" lon="6.83028">
        <ele>2253.6694483473</ele>
      </trkpt>
      <trkpt lat="45.37509" lon="6.83027">
        <ele>2253.8381514146</ele>
      </trkpt>
      <trkpt lat="45.37512" lon="6.83026">
        <ele>2254.072921225</ele>
      </trkpt>
      <trkpt lat="45.37514" lon="6.83021">
        <ele>2256.7994001194</ele>
      </trkpt>
      <trkpt lat="45.37518" lon="6.83021">
        <ele>2256.5814126467</ele>
      </trkpt>
      <trkpt lat="45.37521" lon="6.83019">
        <ele>2257.9679968009</ele>
      </trkpt>
      <trkpt lat="45.37526" lon="6.83019">
        <ele>2257.5932594959</ele>
      </trkpt>
      <trkpt lat="45.37526" lon="6.83017">
        <ele>2259.1708401327</ele>
      </trkpt>
      <trkpt lat="45.37525" lon="6.83014">
        <ele>2261.6116878642</ele>
      </trkpt>
      <trkpt lat="45.37521" lon="6.83013">
        <ele>2262.7369266792</ele>
      </trkpt>
      <trkpt lat="45.37516" lon="6.83012">
        <ele>2263.9420686699</ele>
      </trkpt>
      <trkpt lat="45.37514" lon="6.83009">
        <ele>2266.5221317684</ele>
      </trkpt>
      <trkpt lat="45.37516" lon="6.83006">
        <ele>2268.7482173382</ele>
      </trkpt>
      <trkpt lat="45.3752" lon="6.83006">
        <ele>2268.3479440743</ele>
      </trkpt>
      <trkpt lat="45.37523" lon="6.83004">
        <ele>2269.6369138649</ele>
      </trkpt>
      <trkpt lat="45.37525" lon="6.82999">
        <ele>2273.3826610022</ele>
      </trkpt>
      <trkpt lat="45.37529" lon="6.83001">
        <ele>2271.3622940554</ele>
      </trkpt>
      <trkpt lat="45.37533" lon="6.83">
        <ele>2271.6650468059</ele>
      </trkpt>
      <trkpt lat="45.37532" lon="6.82997">
        <ele>2274.0962197951</ele>
      </trkpt>
      <trkpt lat="45.37529" lon="6.82995">
        <ele>2275.997255757</ele>
      </trkpt>
      <trkpt lat="45.37529" lon="6.82991">
        <ele>2279.0360216903</ele>
      </trkpt>
      <trkpt lat="45.37532" lon="6.82989">
        <ele>2280.1231632648</ele>
      </trkpt>
      <trkpt lat="45.37538" lon="6.82987">
        <ele>2280.6621649646</ele>
      </trkpt>
      <trkpt lat="45.37541" lon="6.82986">
        <ele>2280.9679376445</ele>
      </trkpt>
      <trkpt lat="45.37543" lon="6.82987">
        <ele>2279.9656016567</ele>
      </trkpt>
      <trkpt lat="45.37547" lon="6.82986">
        <ele>2280.1943436146</ele>
      </trkpt>
      <trkpt lat="45.37551" lon="6.82986">
        <ele>2279.659456889</ele>
      </trkpt>
      <trkpt lat="45.37554" lon="6.82984">
        <ele>2280.783009354</ele>
      </trkpt>
      <trkpt lat="45.37555" lon="6.82981">
        <ele>2282.9899789088</ele>
      </trkpt>
      <trkpt lat="45.37559" lon="6.82984">
        <ele>2280.3208739845</ele>
      </trkpt>
      <trkpt lat="45.37561" lon="6.82982">
        <ele>2281.7565474985</ele>
      </trkpt>
      <trkpt lat="45.37561" lon="6.82974">
        <ele>2288.0187811766</ele>
      </trkpt>
      <trkpt lat="45.37559" lon="6.82972">
        <ele>2289.6561227797</ele>
      </trkpt>
      <trkpt lat="45.37555" lon="6.82969">
        <ele>2292.2054504991</ele>
      </trkpt>
      <trkpt lat="45.37553" lon="6.82965">
        <ele>2295.3605148033</ele>
      </trkpt>
      <trkpt lat="45.37551" lon="6.8296">
        <ele>2298.6426226364</ele>
      </trkpt>
      <trkpt lat="45.37547" lon="6.82956">
        <ele>2301.0723916893</ele>
      </trkpt>
      <trkpt lat="45.37549" lon="6.82954">
        <ele>2302.0387790511</ele>
      </trkpt>
      <trkpt lat="45.37555" lon="6.82953">
        <ele>2302.3795116192</ele>
      </trkpt>
      <trkpt lat="45.37559" lon="6.82951">
        <ele>2303.4217533723</ele>
      </trkpt>
      <trkpt lat="45.37563" lon="6.82948">
        <ele>2305.2223246304</ele>
      </trkpt>
      <trkpt lat="45.37571" lon="6.82945">
        <ele>2307.6239819132</ele>
      </trkpt>
      <trkpt lat="45.37573" lon="6.82943">
        <ele>2308.9551397014</ele>
      </trkpt>
      <trkpt lat="45.37576" lon="6.82942">
        <ele>2309.8638479464</ele>
      </trkpt>
      <trkpt lat="45.37579" lon="6.82942">
        <ele>2310.162794604</ele>
      </trkpt>
      <trkpt lat="45.37581" lon="6.82941">
        <ele>2310.7996517171</ele>
      </trkpt>
      <trkpt lat="45.37583" lon="6.82937">
        <ele>2313.2181325801</ele>
      </trkpt>
      <trkpt lat="45.37586" lon="6.82934">
        <ele>2315.0378113477</ele>
      </trkpt>
      <trkpt lat="45.3759" lon="6.82936">
        <ele>2313.7898150353</ele>
      </trkpt>
      <trkpt lat="45.37594" lon="6.82936">
        <ele>2313.7360091798</ele>
      </trkpt>
      <trkpt lat="45.37597" lon="6.82932">
        <ele>2316.1665241455</ele>
      </trkpt>
      <trkpt lat="45.37599" lon="6.8293">
        <ele>2317.3975132509</ele>
      </trkpt>
      <trkpt lat="45.37602" lon="6.82928">
        <ele>2318.5193494953</ele>
      </trkpt>
      <trkpt lat="45.37608" lon="6.82923">
        <ele>2319.7781907744</ele>
      </trkpt>
      <trkpt lat="45.37615" lon="6.82921">
        <ele>2319.2190556576</ele>
      </trkpt>
      <trkpt lat="45.37623" lon="6.82916">
        <ele>2320.243642538</ele>
      </trkpt>
      <trkpt lat="45.37628" lon="6.82917">
        <ele>2318.5351397195</ele>
      </trkpt>
      <trkpt lat="45.37631" lon="6.82916">
        <ele>2318.4182203391</ele>
      </trkpt>
      <trkpt lat="45.37632" lon="6.82911">
        <ele>2321.3031977043</ele>
      </trkpt>
      <trkpt lat="45.37635" lon="6.8291">
        <ele>2321.3138174216</ele>
      </trkpt>
      <trkpt lat="45.37644" lon="6.82908">
        <ele>2320.9468035821</ele>
      </trkpt>
      <trkpt lat="45.37648" lon="6.82902">
        <ele>2324.8430369008</ele>
      </trkpt>
      <trkpt lat="45.37648" lon="6.82897">
        <ele>2328.1362900275</ele>
      </trkpt>
      <trkpt lat="45.3765" lon="6.82895">
        <ele>2329.4192855671</ele>
      </trkpt>
      <trkpt lat="45.37653" lon="6.82891">
        <ele>2331.9698428077</ele>
      </trkpt>
      <trkpt lat="45.37656" lon="6.82886">
        <ele>2335.2196833563</ele>
      </trkpt>
      <trkpt lat="45.37655" lon="6.82884">
        <ele>2336.3735648481</ele>
      </trkpt>
      <trkpt lat="45.37653" lon="6.82881">
        <ele>2338.0323273627</ele>
      </trkpt>
      <trkpt lat="45.3765" lon="6.82883">
        <ele>2336.6189999297</ele>
      </trkpt>
      <trkpt lat="45.37644" lon="6.82885">
        <ele>2335.318375959</ele>
      </trkpt>
      <trkpt lat="45.37639" lon="6.82882">
        <ele>2337.4842109582</ele>
      </trkpt>
      <trkpt lat="45.37638" lon="6.82879">
        <ele>2339.2385983484</ele>
      </trkpt>
      <trkpt lat="45.37642" lon="6.82876">
        <ele>2340.612211664</ele>
      </trkpt>
      <trkpt lat="45.37645" lon="6.82873">
        <ele>2342.1608694606</ele>
      </trkpt>
      <trkpt lat="45.37646" lon="6.82869">
        <ele>2344.575511115</ele>
      </trkpt>
      <trkpt lat="45.37645" lon="6.82865">
        <ele>2346.2711544486</ele>
      </trkpt>
      <trkpt lat="45.37651" lon="6.82857">
        <ele>2350.2637352569</ele>
      </trkpt>
      <trkpt lat="45.37656" lon="6.82857">
        <ele>2351.0101115566</ele>
      </trkpt>
      <trkpt lat="45.37659" lon="6.82854">
        <ele>2352.6555079428</ele>
      </trkpt>
      <trkpt lat="45.37659" lon="6.8285">
        <ele>2354.2099675196</ele>
      </trkpt>
      <trkpt lat="45.37658" lon="6.82845">
        <ele>2355.9830814618</ele>
      </trkpt>
      <trkpt lat="45.37661" lon="6.82841">
        <ele>2357.9688191832</ele>
      </trkpt>
      <trkpt lat="45.37665" lon="6.82842">
        <ele>2358.1462351643</ele>
      </trkpt>
      <trkpt lat="45.37671" lon="6.82844">
        <ele>2357.9016346897</ele>
      </trkpt>
      <trkpt lat="45.37674" lon="6.82841">
        <ele>2359.0490474667</ele>
      </trkpt>
      <trkpt lat="45.37682" lon="6.82838">
        <ele>2360.2631623114</ele>
      </trkpt>
      <trkpt lat="45.37693" lon="6.82835">
        <ele>2361.3519262353</ele>
      </trkpt>
      <trkpt lat="45.377" lon="6.82829">
        <ele>2363.4171074835</ele>
      </trkpt>
      <trkpt lat="45.37712" lon="6.82824">
        <ele>2365.2221994663</ele>
      </trkpt>
      <trkpt lat="45.3772" lon="6.82816">
        <ele>2368.702088337</ele>
      </trkpt>
      <trkpt lat="45.37734" lon="6.82804">
        <ele>2373.742646026</ele>
      </trkpt>
      <trkpt lat="45.37741" lon="6.82805">
        <ele>2373.5149377046</ele>
      </trkpt>
      <trkpt lat="45.37751" lon="6.82803">
        <ele>2374.7281723891</ele>
      </trkpt>
      <trkpt lat="45.37759" lon="6.82798">
        <ele>2376.9126471588</ele>
      </trkpt>
      <trkpt lat="45.37765" lon="6.82799">
        <ele>2376.9423504455</ele>
      </trkpt>
      <trkpt lat="45.3777" lon="6.82797">
        <ele>2377.9491141591</ele>
      </trkpt>
      <trkpt lat="45.37779" lon="6.82796">
        <ele>2378.9307900544</ele>
      </trkpt>
      <trkpt lat="45.37786" lon="6.82795">
        <ele>2379.8581482215</ele>
      </trkpt>
      <trkpt lat="45.37799" lon="6.82789">
        <ele>2383.0676603321</ele>
      </trkpt>
      <trkpt lat="45.37808" lon="6.82786">
        <ele>2384.6169377519</ele>
      </trkpt>
      <trkpt lat="45.37811" lon="6.82788">
        <ele>2384.0671664643</ele>
      </trkpt>
      <trkpt lat="45.37812" lon="6.82783">
        <ele>2385.8649458961</ele>
      </trkpt>
      <trkpt lat="45.37815" lon="6.8278">
        <ele>2387.0392411719</ele>
      </trkpt>
      <trkpt lat="45.37821" lon="6.8278">
        <ele>2387.2155936542</ele>
      </trkpt>
      <trkpt lat="45.37826" lon="6.82779">
        <ele>2387.6341095754</ele>
      </trkpt>
      <trkpt lat="45.37833" lon="6.82775">
        <ele>2388.8241221146</ele>
      </trkpt>
      <trkpt lat="45.37842" lon="6.82771">
        <ele>2390.1741446648</ele>
      </trkpt>
      <trkpt lat="45.37849" lon="6.82767">
        <ele>2391.1109323885</ele>
      </trkpt>
      <trkpt lat="45.37856" lon="6.82765">
        <ele>2390.9009660866</ele>
      </trkpt>
      <trkpt lat="45.37861" lon="6.82761">
        <ele>2391.5236272199</ele>
      </trkpt>
      <trkpt lat="45.37866" lon="6.82759">
        <ele>2391.3998106554</ele>
      </trkpt>
      <trkpt lat="45.37871" lon="6.82754">
        <ele>2392.460879703</ele>
      </trkpt>
      <trkpt lat="45.37876" lon="6.82752">
        <ele>2392.9313905205</ele>
      </trkpt>
      <trkpt lat="45.37876" lon="6.82752">
        <ele>2392.9313905205</ele>
      </trkpt>
      <trkpt lat="45.37876" lon="6.82752">
        <ele>2392.9313905205</ele>
      </trkpt>
      <trkpt lat="45.37883" lon="6.82747">
        <ele>2394.3436103111</ele>
      </trkpt>
      <trkpt lat="45.37886" lon="6.82744">
        <ele>2395.2544850322</ele>
      </trkpt>
      <trkpt lat="45.37888" lon="6.8274">
        <ele>2396.5668953167</ele>
      </trkpt>
      <trkpt lat="45.37893" lon="6.82736">
        <ele>2398.1941396568</ele>
      </trkpt>
      <trkpt lat="45.37898" lon="6.82733">
        <ele>2399.9672005498</ele>
      </trkpt>
      <trkpt lat="45.37905" lon="6.82728">
        <ele>2402.8501724308</ele>
      </trkpt>
      <trkpt lat="45.37914" lon="6.82719">
        <ele>2407.549896892</ele>
      </trkpt>
      <trkpt lat="45.3792" lon="6.82717">
        <ele>2409.5038340611</ele>
      </trkpt>
      <trkpt lat="45.37939" lon="6.82724">
        <ele>2411.0346100438</ele>
      </trkpt>
      <trkpt lat="45.37945" lon="6.82727">
        <ele>2411.2158575637</ele>
      </trkpt>
      <trkpt lat="45.37948" lon="6.82729">
        <ele>2411.2167307519</ele>
      </trkpt>
      <trkpt lat="45.37952" lon="6.82743">
        <ele>2408.1942423647</ele>
      </trkpt>
      <trkpt lat="45.37958" lon="6.82757">
        <ele>2404.758968112</ele>
      </trkpt>
      <trkpt lat="45.37959" lon="6.82758">
        <ele>2404.6197780909</ele>
      </trkpt>
      <trkpt lat="45.37964" lon="6.8276">
        <ele>2404.9124333465</ele>
      </trkpt>
      <trkpt lat="45.37968" lon="6.82759">
        <ele>2405.9716545928</ele>
      </trkpt>
      <trkpt lat="45.37975" lon="6.82763">
        <ele>2406.0950324065</ele>
      </trkpt>
      <trkpt lat="45.3798" lon="6.82763">
        <ele>2406.962348914</ele>
      </trkpt>
      <trkpt lat="45.37996" lon="6.82757">
        <ele>2411.3484390518</ele>
      </trkpt>
      <trkpt lat="45.38013" lon="6.82746">
        <ele>2416.4338507259</ele>
      </trkpt>
      <trkpt lat="45.38029" lon="6.82737">
        <ele>2419.2225661427</ele>
      </trkpt>
      <trkpt lat="45.38038" lon="6.82732">
        <ele>2419.1377738146</ele>
      </trkpt>
      <trkpt lat="45.38046" lon="6.8273">
        <ele>2418.3620454774</ele>
      </trkpt>
      <trkpt lat="45.38053" lon="6.82729">
        <ele>2417.0245412725</ele>
      </trkpt>
      <trkpt lat="45.38058" lon="6.82729">
        <ele>2415.8836422476</ele>
      </trkpt>
      <trkpt lat="45.38064" lon="6.82728">
        <ele>2414.618465366</ele>
      </trkpt>
      <trkpt lat="45.38071" lon="6.82722">
        <ele>2414.4609596642</ele>
      </trkpt>
      <trkpt lat="45.38081" lon="6.82709">
        <ele>2416.1123119981</ele>
      </trkpt>
      <trkpt lat="45.38086" lon="6.82702">
        <ele>2417.1249526333</ele>
      </trkpt>
      <trkpt lat="45.38086" lon="6.82701">
        <ele>2417.295463374</ele>
      </trkpt>
      <trkpt lat="45.38094" lon="6.82689">
        <ele>2418.8600749922</ele>
      </trkpt>
      <trkpt lat="45.38098" lon="6.82681">
        <ele>2420.111205482</ele>
      </trkpt>
      <trkpt lat="45.381" lon="6.82673">
        <ele>2423.706053265</ele>
      </trkpt>
      <trkpt lat="45.38099" lon="6.82659">
        <ele>2432.5672161988</ele>
      </trkpt>
      <trkpt lat="45.38099" lon="6.82649">
        <ele>2439.0877936661</ele>
      </trkpt>
      <trkpt lat="45.38102" lon="6.82638">
        <ele>2442.6007175848</ele>
      </trkpt>
      <trkpt lat="45.38103" lon="6.82625">
        <ele>2445.160566491</ele>
      </trkpt>
      <trkpt lat="45.38107" lon="6.82606">
        <ele>2446.2123603072</ele>
      </trkpt>
      <trkpt lat="45.38114" lon="6.82591">
        <ele>2443.9800066255</ele>
      </trkpt>
      <trkpt lat="45.38121" lon="6.82578">
        <ele>2442.6894548157</ele>
      </trkpt>
      <trkpt lat="45.38125" lon="6.82565">
        <ele>2442.7013228944</ele>
      </trkpt>
      <trkpt lat="45.38127" lon="6.82558">
        <ele>2442.6120505307</ele>
      </trkpt>
      <trkpt lat="45.38131" lon="6.82548">
        <ele>2442.4137029849</ele>
      </trkpt>
      <trkpt lat="45.38135" lon="6.8254">
        <ele>2442.3801595184</ele>
      </trkpt>
      <trkpt lat="45.3814" lon="6.82531">
        <ele>2442.4881508147</ele>
      </trkpt>
      <trkpt lat="45.38144" lon="6.82521">
        <ele>2442.8787900857</ele>
      </trkpt>
      <trkpt lat="45.38148" lon="6.825">
        <ele>2444.2699052181</ele>
      </trkpt>
      <trkpt lat="45.38153" lon="6.82484">
        <ele>2444.7034386488</ele>
      </trkpt>
      <trkpt lat="45.38156" lon="6.82468">
        <ele>2444.8227496243</ele>
      </trkpt>
      <trkpt lat="45.38157" lon="6.82458">
        <ele>2445.0003600786</ele>
      </trkpt>
      <trkpt lat="45.38159" lon="6.82444">
        <ele>2445.6438111299</ele>
      </trkpt>
      <trkpt lat="45.38166" lon="6.82426">
        <ele>2445.5671448453</ele>
      </trkpt>
      <trkpt lat="45.38172" lon="6.82412">
        <ele>2446.2553264259</ele>
      </trkpt>
      <trkpt lat="45.38179" lon="6.82391">
        <ele>2447.4300938222</ele>
      </trkpt>
      <trkpt lat="45.38184" lon="6.82376">
        <ele>2447.3457911152</ele>
      </trkpt>
      <trkpt lat="45.38192" lon="6.82359">
        <ele>2445.4586319375</ele>
      </trkpt>
      <trkpt lat="45.38195" lon="6.82345">
        <ele>2444.9648569524</ele>
      </trkpt>
      <trkpt lat="45.38199" lon="6.82333">
        <ele>2443.9505648713</ele>
      </trkpt>
      <trkpt lat="45.38205" lon="6.8232">
        <ele>2442.4990047207</ele>
      </trkpt>
      <trkpt lat="45.38209" lon="6.82308">
        <ele>2441.4702355488</ele>
      </trkpt>
      <trkpt lat="45.38218" lon="6.82288">
        <ele>2439.8110573411</ele>
      </trkpt>
      <trkpt lat="45.38226" lon="6.82288">
        <ele>2439.2250834866</ele>
      </trkpt>
      <trkpt lat="45.38229" lon="6.82287">
        <ele>2439.3180445773</ele>
      </trkpt>
      <trkpt lat="45.38231" lon="6.82283">
        <ele>2439.2867962941</ele>
      </trkpt>
      <trkpt lat="45.38234" lon="6.82273">
        <ele>2439.0546173766</ele>
      </trkpt>
      <trkpt lat="45.38239" lon="6.82255">
        <ele>2438.8280264394</ele>
      </trkpt>
      <trkpt lat="45.38241" lon="6.82244">
        <ele>2438.5061272657</ele>
      </trkpt>
      <trkpt lat="45.38244" lon="6.82228">
        <ele>2438.589252468</ele>
      </trkpt>
      <trkpt lat="45.38253" lon="6.82194">
        <ele>2439.2160355891</ele>
      </trkpt>
      <trkpt lat="45.38259" lon="6.82168">
        <ele>2439.7798451217</ele>
      </trkpt>
      <trkpt lat="45.3826" lon="6.82158">
        <ele>2439.7332405246</ele>
      </trkpt>
      <trkpt lat="45.38261" lon="6.82134">
        <ele>2439.7976146556</ele>
      </trkpt>
      <trkpt lat="45.38263" lon="6.82115">
        <ele>2440.0713229461</ele>
      </trkpt>
      <trkpt lat="45.38266" lon="6.82106">
        <ele>2440.7898091401</ele>
      </trkpt>
      <trkpt lat="45.38269" lon="6.82099">
        <ele>2441.815646045</ele>
      </trkpt>
      <trkpt lat="45.38271" lon="6.82081">
        <ele>2443.4388721136</ele>
      </trkpt>
      <trkpt lat="45.38273" lon="6.82065">
        <ele>2444.8555041773</ele>
      </trkpt>
      <trkpt lat="45.38283" lon="6.82017">
        <ele>2448.0905747768</ele>
      </trkpt>
      <trkpt lat="45.38288" lon="6.81998">
        <ele>2448.4491113387</ele>
      </trkpt>
      <trkpt lat="45.38292" lon="6.81973">
        <ele>2448.3827957314</ele>
      </trkpt>
      <trkpt lat="45.38297" lon="6.81939">
        <ele>2445.9641449295</ele>
      </trkpt>
      <trkpt lat="45.38303" lon="6.81908">
        <ele>2443.5517739149</ele>
      </trkpt>
      <trkpt lat="45.38306" lon="6.8189">
        <ele>2443.2700251723</ele>
      </trkpt>
      <trkpt lat="45.3831" lon="6.81878">
        <ele>2445.0544912953</ele>
      </trkpt>
      <trkpt lat="45.38315" lon="6.81866">
        <ele>2446.8278094629</ele>
      </trkpt>
      <trkpt lat="45.3832" lon="6.81845">
        <ele>2448.4195071748</ele>
      </trkpt>
      <trkpt lat="45.38324" lon="6.81825">
        <ele>2449.3102912804</ele>
      </trkpt>
      <trkpt lat="45.38327" lon="6.81805">
        <ele>2450.1687515851</ele>
      </trkpt>
      <trkpt lat="45.38327" lon="6.81792">
        <ele>2450.5790310751</ele>
      </trkpt>
      <trkpt lat="45.38327" lon="6.81774">
        <ele>2451.0916539127</ele>
      </trkpt>
      <trkpt lat="45.38324" lon="6.81745">
        <ele>2450.7777001669</ele>
      </trkpt>
      <trkpt lat="45.38322" lon="6.81723">
        <ele>2449.9602009258</ele>
      </trkpt>
      <trkpt lat="45.38322" lon="6.81699">
        <ele>2449.0915606257</ele>
      </trkpt>
      <trkpt lat="45.38321" lon="6.81688">
        <ele>2449.1325287067</ele>
      </trkpt>
      <trkpt lat="45.3832" lon="6.81677">
        <ele>2449.1720260781</ele>
      </trkpt>
      <trkpt lat="45.38322" lon="6.81662">
        <ele>2450.0649447272</ele>
      </trkpt>
      <trkpt lat="45.38325" lon="6.81648">
        <ele>2451.2287577305</ele>
      </trkpt>
      <trkpt lat="45.38326" lon="6.81637">
        <ele>2451.7018599849</ele>
      </trkpt>
      <trkpt lat="45.38326" lon="6.81624">
        <ele>2451.9006988333</ele>
      </trkpt>
      <trkpt lat="45.38324" lon="6.81613">
        <ele>2451.852996833</ele>
      </trkpt>
      <trkpt lat="45.38321" lon="6.81604">
        <ele>2451.6356381819</ele>
      </trkpt>
      <trkpt lat="45.3832" lon="6.81595">
        <ele>2451.2287135661</ele>
      </trkpt>
      <trkpt lat="45.38322" lon="6.81586">
        <ele>2450.9405894077</ele>
      </trkpt>
      <trkpt lat="45.38322" lon="6.81575">
        <ele>2450.5388215651</ele>
      </trkpt>
      <trkpt lat="45.38324" lon="6.81553">
        <ele>2450.0878091624</ele>
      </trkpt>
      <trkpt lat="45.38327" lon="6.81538">
        <ele>2450.0750508826</ele>
      </trkpt>
      <trkpt lat="45.38335" lon="6.81519">
        <ele>2450.2071828712</ele>
      </trkpt>
      <trkpt lat="45.38343" lon="6.81497">
        <ele>2449.265311483</ele>
      </trkpt>
      <trkpt lat="45.38343" lon="6.81485">
        <ele>2448.2542716387</ele>
      </trkpt>
      <trkpt lat="45.38347" lon="6.81475">
        <ele>2447.578852178</ele>
      </trkpt>
      <trkpt lat="45.38349" lon="6.8146">
        <ele>2446.536676354</ele>
      </trkpt>
      <trkpt lat="45.38352" lon="6.81448">
        <ele>2445.9563421475</ele>
      </trkpt>
      <trkpt lat="45.38356" lon="6.8144">
        <ele>2446.0863394264</ele>
      </trkpt>
      <trkpt lat="45.38361" lon="6.81435">
        <ele>2446.6578990597</ele>
      </trkpt>
      <trkpt lat="45.38369" lon="6.81432">
        <ele>2447.5299786362</ele>
      </trkpt>
      <trkpt lat="45.38376" lon="6.81426">
        <ele>2448.4497481441</ele>
      </trkpt>
      <trkpt lat="45.3838" lon="6.81417">
        <ele>2449.0828515678</ele>
      </trkpt>
      <trkpt lat="45.38383" lon="6.81409">
        <ele>2449.4841321607</ele>
      </trkpt>
      <trkpt lat="45.38384" lon="6.81396">
        <ele>2449.7683257282</ele>
      </trkpt>
      <trkpt lat="45.38386" lon="6.81385">
        <ele>2450.0623678769</ele>
      </trkpt>
      <trkpt lat="45.38385" lon="6.81376">
        <ele>2449.8958523952</ele>
      </trkpt>
      <trkpt lat="45.38389" lon="6.81366">
        <ele>2450.115867803</ele>
      </trkpt>
      <trkpt lat="45.38391" lon="6.8135">
        <ele>2450.0709849179</ele>
      </trkpt>
      <trkpt lat="45.38392" lon="6.81338">
        <ele>2449.7052620942</ele>
      </trkpt>
      <trkpt lat="45.38394" lon="6.81324">
        <ele>2449.4454003137</ele>
      </trkpt>
      <trkpt lat="45.38399" lon="6.81307">
        <ele>2448.8727550757</ele>
      </trkpt>
      <trkpt lat="45.38403" lon="6.81293">
        <ele>2448.3534400441</ele>
      </trkpt>
      <trkpt lat="45.38406" lon="6.81285">
        <ele>2448.1859964442</ele>
      </trkpt>
      <trkpt lat="45.38409" lon="6.81277">
        <ele>2448.0299253223</ele>
      </trkpt>
      <trkpt lat="45.38412" lon="6.8126">
        <ele>2447.3466370624</ele>
      </trkpt>
      <trkpt lat="45.38414" lon="6.81245">
        <ele>2446.8664914009</ele>
      </trkpt>
      <trkpt lat="45.38414" lon="6.81233">
        <ele>2446.3789017228</ele>
      </trkpt>
      <trkpt lat="45.38414" lon="6.81224">
        <ele>2446.2096405407</ele>
      </trkpt>
      <trkpt lat="45.38412" lon="6.81217">
        <ele>2446.0173975815</ele>
      </trkpt>
      <trkpt lat="45.38408" lon="6.8121">
        <ele>2445.7267490237</ele>
      </trkpt>
      <trkpt lat="45.38406" lon="6.81196">
        <ele>2445.6232093034</ele>
      </trkpt>
      <trkpt lat="45.38406" lon="6.81186">
        <ele>2446.1996679482</ele>
      </trkpt>
      <trkpt lat="45.38408" lon="6.81161">
        <ele>2447.9316418647</ele>
      </trkpt>
      <trkpt lat="45.38409" lon="6.81151">
        <ele>2449.1090668183</ele>
      </trkpt>
      <trkpt lat="45.38411" lon="6.81132">
        <ele>2449.9543876099</ele>
      </trkpt>
      <trkpt lat="45.38411" lon="6.81121">
        <ele>2450.1396617232</ele>
      </trkpt>
      <trkpt lat="45.38405" lon="6.81087">
        <ele>2449.6651054419</ele>
      </trkpt>
      <trkpt lat="45.38403" lon="6.81066">
        <ele>2449.9331066293</ele>
      </trkpt>
      <trkpt lat="45.38405" lon="6.81051">
        <ele>2451.4923212179</ele>
      </trkpt>
      <trkpt lat="45.38403" lon="6.81034">
        <ele>2452.6235217734</ele>
      </trkpt>
      <trkpt lat="45.38404" lon="6.81026">
        <ele>2453.5992931223</ele>
      </trkpt>
      <trkpt lat="45.38407" lon="6.80991">
        <ele>2456.9223987626</ele>
      </trkpt>
      <trkpt lat="45.38411" lon="6.80965">
        <ele>2459.326873608</ele>
      </trkpt>
      <trkpt lat="45.38409" lon="6.80948">
        <ele>2460.4745075295</ele>
      </trkpt>
      <trkpt lat="45.38413" lon="6.80933">
        <ele>2462.3606165682</ele>
      </trkpt>
      <trkpt lat="45.38414" lon="6.80924">
        <ele>2463.296706286</ele>
      </trkpt>
      <trkpt lat="45.38416" lon="6.80888">
        <ele>2466.1541602741</ele>
      </trkpt>
      <trkpt lat="45.38415" lon="6.80872">
        <ele>2466.3768700233</ele>
      </trkpt>
      <trkpt lat="45.38416" lon="6.80863">
        <ele>2466.384503838</ele>
      </trkpt>
      <trkpt lat="45.3842" lon="6.80858">
        <ele>2466.5464631064</ele>
      </trkpt>
      <trkpt lat="45.38427" lon="6.80842">
        <ele>2466.2632539263</ele>
      </trkpt>
      <trkpt lat="45.38433" lon="6.80831">
        <ele>2465.8637914447</ele>
      </trkpt>
      <trkpt lat="45.38437" lon="6.80821">
        <ele>2465.2789580168</ele>
      </trkpt>
      <trkpt lat="45.38442" lon="6.80808">
        <ele>2464.3197883573</ele>
      </trkpt>
      <trkpt lat="45.38444" lon="6.80795">
        <ele>2463.1926431012</ele>
      </trkpt>
      <trkpt lat="45.38449" lon="6.80782">
        <ele>2462.5639326257</ele>
      </trkpt>
      <trkpt lat="45.38458" lon="6.80764">
        <ele>2462.5329606989</ele>
      </trkpt>
      <trkpt lat="45.3846" lon="6.80751">
        <ele>2462.455003417</ele>
      </trkpt>
      <trkpt lat="45.38462" lon="6.80744">
        <ele>2462.6554059445</ele>
      </trkpt>
      <trkpt lat="45.38466" lon="6.8074">
        <ele>2463.0249936027</ele>
      </trkpt>
      <trkpt lat="45.38471" lon="6.80729">
        <ele>2463.2907732697</ele>
      </trkpt>
      <trkpt lat="45.38473" lon="6.80722">
        <ele>2463.416707038</ele>
      </trkpt>
      <trkpt lat="45.38474" lon="6.80706">
        <ele>2463.9268595065</ele>
      </trkpt>
      <trkpt lat="45.38476" lon="6.80674">
        <ele>2465.3302335783</ele>
      </trkpt>
      <trkpt lat="45.38479" lon="6.80651">
        <ele>2466.2687835395</ele>
      </trkpt>
      <trkpt lat="45.38488" lon="6.80612">
        <ele>2466.9555687057</ele>
      </trkpt>
      <trkpt lat="45.38488" lon="6.80604">
        <ele>2466.8578229279</ele>
      </trkpt>
      <trkpt lat="45.38494" lon="6.80573">
        <ele>2467.4374035475</ele>
      </trkpt>
      <trkpt lat="45.38498" lon="6.80554">
        <ele>2468.4574831814</ele>
      </trkpt>
      <trkpt lat="45.38501" lon="6.8054">
        <ele>2469.2433301223</ele>
      </trkpt>
      <trkpt lat="45.38512" lon="6.80493">
        <ele>2471.769482539</ele>
      </trkpt>
      <trkpt lat="45.38515" lon="6.80472">
        <ele>2472.9292833356</ele>
      </trkpt>
      <trkpt lat="45.38518" lon="6.80454">
        <ele>2473.7319707149</ele>
      </trkpt>
      <trkpt lat="45.38526" lon="6.80422">
        <ele>2474.7569951651</ele>
      </trkpt>
      <trkpt lat="45.38543" lon="6.80374">
        <ele>2475.2404095345</ele>
      </trkpt>
      <trkpt lat="45.38554" lon="6.80344">
        <ele>2475.2310718123</ele>
      </trkpt>
      <trkpt lat="45.38577" lon="6.80285">
        <ele>2475.9690738876</ele>
      </trkpt>
      <trkpt lat="45.38583" lon="6.80267">
        <ele>2476.3573515681</ele>
      </trkpt>
      <trkpt lat="45.38586" lon="6.80257">
        <ele>2476.601406217</ele>
      </trkpt>
      <trkpt lat="45.38587" lon="6.80244">
        <ele>2477.2570441069</ele>
      </trkpt>
      <trkpt lat="45.38587" lon="6.80242">
        <ele>2477.3690926047</ele>
      </trkpt>
      <trkpt lat="45.38587" lon="6.80242">
        <ele>2477.3690926047</ele>
      </trkpt>
      <trkpt lat="45.38591" lon="6.80227">
        <ele>2478.1099176262</ele>
      </trkpt>
      <trkpt lat="45.38595" lon="6.80211">
        <ele>2478.6148421632</ele>
      </trkpt>
      <trkpt lat="45.38595" lon="6.80206">
        <ele>2478.7771114666</ele>
      </trkpt>
      <trkpt lat="45.38603" lon="6.80184">
        <ele>2479.5753327343</ele>
      </trkpt>
      <trkpt lat="45.38611" lon="6.80158">
        <ele>2479.7619743699</ele>
      </trkpt>
      <trkpt lat="45.38612" lon="6.80149">
        <ele>2479.8461717901</ele>
      </trkpt>
      <trkpt lat="45.38617" lon="6.80137">
        <ele>2479.8951677247</ele>
      </trkpt>
      <trkpt lat="45.38625" lon="6.80124">
        <ele>2479.8390794843</ele>
      </trkpt>
      <trkpt lat="45.38629" lon="6.80086">
        <ele>2481.8895657251</ele>
      </trkpt>
      <trkpt lat="45.38634" lon="6.80056">
        <ele>2485.4661315386</ele>
      </trkpt>
      <trkpt lat="45.38639" lon="6.80039">
        <ele>2488.792792292</ele>
      </trkpt>
      <trkpt lat="45.38645" lon="6.80024">
        <ele>2491.3803089368</ele>
      </trkpt>
      <trkpt lat="45.38649" lon="6.80014">
        <ele>2492.9273725062</ele>
      </trkpt>
      <trkpt lat="45.38656" lon="6.80002">
        <ele>2494.3264813432</ele>
      </trkpt>
      <trkpt lat="45.38668" lon="6.79982">
        <ele>2494.2046452734</ele>
      </trkpt>
      <trkpt lat="45.38677" lon="6.79967">
        <ele>2494.1058582474</ele>
      </trkpt>
      <trkpt lat="45.3868" lon="6.79961">
        <ele>2494.1217006511</ele>
      </trkpt>
      <trkpt lat="45.38682" lon="6.79958">
        <ele>2494.0505111006</ele>
      </trkpt>
      <trkpt lat="45.38684" lon="6.79953">
        <ele>2494.1487150268</ele>
      </trkpt>
      <trkpt lat="45.38691" lon="6.7995">
        <ele>2493.8829268048</ele>
      </trkpt>
      <trkpt lat="45.38694" lon="6.79946">
        <ele>2494.0118253026</ele>
      </trkpt>
      <trkpt lat="45.38698" lon="6.79945">
        <ele>2493.9257150915</ele>
      </trkpt>
      <trkpt lat="45.38702" lon="6.79942">
        <ele>2493.8951965677</ele>
      </trkpt>
      <trkpt lat="45.38706" lon="6.79937">
        <ele>2493.9433369718</ele>
      </trkpt>
      <trkpt lat="45.38711" lon="6.7993">
        <ele>2494.3099614718</ele>
      </trkpt>
      <trkpt lat="45.38714" lon="6.79924">
        <ele>2494.6481079976</ele>
      </trkpt>
      <trkpt lat="45.38716" lon="6.79918">
        <ele>2494.9753713451</ele>
      </trkpt>
      <trkpt lat="45.38721" lon="6.7991">
        <ele>2495.4267480896</ele>
      </trkpt>
      <trkpt lat="45.38726" lon="6.799">
        <ele>2496.2147528827</ele>
      </trkpt>
      <trkpt lat="45.38728" lon="6.79895">
        <ele>2496.614902569</ele>
      </trkpt>
      <trkpt lat="45.3873" lon="6.79891">
        <ele>2496.9639964293</ele>
      </trkpt>
      <trkpt lat="45.38734" lon="6.79888">
        <ele>2496.5972017924</ele>
      </trkpt>
      <trkpt lat="45.38739" lon="6.79883">
        <ele>2496.3188800497</ele>
      </trkpt>
      <trkpt lat="45.38746" lon="6.79872">
        <ele>2496.1414454714</ele>
      </trkpt>
      <trkpt lat="45.3875" lon="6.79864">
        <ele>2495.9743127697</ele>
      </trkpt>
      <trkpt lat="45.38761" lon="6.79851">
        <ele>2495.2927611676</ele>
      </trkpt>
      <trkpt lat="45.38774" lon="6.79835">
        <ele>2494.1253988475</ele>
      </trkpt>
      <trkpt lat="45.38779" lon="6.79826">
        <ele>2493.7733356921</ele>
      </trkpt>
      <trkpt lat="45.38786" lon="6.79809">
        <ele>2493.3676696096</ele>
      </trkpt>
      <trkpt lat="45.38789" lon="6.79803">
        <ele>2493.1780910749</ele>
      </trkpt>
      <trkpt lat="45.38792" lon="6.79799">
        <ele>2493.0551849748</ele>
      </trkpt>
      <trkpt lat="45.38797" lon="6.79796">
        <ele>2492.9822633863</ele>
      </trkpt>
      <trkpt lat="45.38802" lon="6.79791">
        <ele>2492.78280743</ele>
      </trkpt>
      <trkpt lat="45.38807" lon="6.79783">
        <ele>2492.4594353115</ele>
      </trkpt>
      <trkpt lat="45.38811" lon="6.79778">
        <ele>2492.1789306176</ele>
      </trkpt>
      <trkpt lat="45.38815" lon="6.79776">
        <ele>2492.0288661334</ele>
      </trkpt>
      <trkpt lat="45.38821" lon="6.79772">
        <ele>2491.9572298794</ele>
      </trkpt>
      <trkpt lat="45.38832" lon="6.79767">
        <ele>2492.3366671035</ele>
      </trkpt>
      <trkpt lat="45.38837" lon="6.79763">
        <ele>2492.5416281109</ele>
      </trkpt>
      <trkpt lat="45.38852" lon="6.79754">
        <ele>2494.2417976937</ele>
      </trkpt>
      <trkpt lat="45.38857" lon="6.79746">
        <ele>2494.7100096115</ele>
      </trkpt>
      <trkpt lat="45.38864" lon="6.79732">
        <ele>2495.1602125584</ele>
      </trkpt>
      <trkpt lat="45.38881" lon="6.79707">
        <ele>2497.755547944</ele>
      </trkpt>
      <trkpt lat="45.38894" lon="6.7969">
        <ele>2499.6606424686</ele>
      </trkpt>
      <trkpt lat="45.38904" lon="6.79678">
        <ele>2500.7434453743</ele>
      </trkpt>
      <trkpt lat="45.3891" lon="6.79672">
        <ele>2501.0201075692</ele>
      </trkpt>
      <trkpt lat="45.38918" lon="6.79664">
        <ele>2501.1081292693</ele>
      </trkpt>
      <trkpt lat="45.38932" lon="6.79649">
        <ele>2501.2854333906</ele>
      </trkpt>
      <trkpt lat="45.38939" lon="6.79642">
        <ele>2501.7810977078</ele>
      </trkpt>
      <trkpt lat="45.38946" lon="6.79641">
        <ele>2502.9465396428</ele>
      </trkpt>
      <trkpt lat="45.38951" lon="6.79639">
        <ele>2503.7135213151</ele>
      </trkpt>
      <trkpt lat="45.38955" lon="6.79634">
        <ele>2504.1953733516</ele>
      </trkpt>
      <trkpt lat="45.38959" lon="6.79624">
        <ele>2504.477148288</ele>
      </trkpt>
      <trkpt lat="45.38964" lon="6.79612">
        <ele>2505.532608143</ele>
      </trkpt>
      <trkpt lat="45.38964" lon="6.79598">
        <ele>2504.9514558599</ele>
      </trkpt>
      <trkpt lat="45.38967" lon="6.79586">
        <ele>2505.9892096631</ele>
      </trkpt>
      <trkpt lat="45.38973" lon="6.79572">
        <ele>2508.4449094302</ele>
      </trkpt>
      <trkpt lat="45.38978" lon="6.79556">
        <ele>2510.2770895136</ele>
      </trkpt>
      <trkpt lat="45.38986" lon="6.79541">
        <ele>2512.2481054102</ele>
      </trkpt>
      <trkpt lat="45.38991" lon="6.79528">
        <ele>2513.0470025363</ele>
      </trkpt>
      <trkpt lat="45.38997" lon="6.79519">
        <ele>2513.9194815484</ele>
      </trkpt>
      <trkpt lat="45.39009" lon="6.79509">
        <ele>2515.8773068743</ele>
      </trkpt>
      <trkpt lat="45.39016" lon="6.79502">
        <ele>2516.8460003005</ele>
      </trkpt>
      <trkpt lat="45.39022" lon="6.79494">
        <ele>2517.6146638843</ele>
      </trkpt>
      <trkpt lat="45.39031" lon="6.79486">
        <ele>2519.2733160351</ele>
      </trkpt>
      <trkpt lat="45.39038" lon="6.7948">
        <ele>2520.5585399953</ele>
      </trkpt>
      <trkpt lat="45.39051" lon="6.79478">
        <ele>2522.0797116468</ele>
      </trkpt>
      <trkpt lat="45.39059" lon="6.79471">
        <ele>2523.067013416</ele>
      </trkpt>
      <trkpt lat="45.39071" lon="6.79457">
        <ele>2522.3059950882</ele>
      </trkpt>
      <trkpt lat="45.39082" lon="6.79446">
        <ele>2521.0970939831</ele>
      </trkpt>
      <trkpt lat="45.3909" lon="6.79438">
        <ele>2520.6057905778</ele>
      </trkpt>
      <trkpt lat="45.391" lon="6.7943">
        <ele>2519.8396318643</ele>
      </trkpt>
      <trkpt lat="45.39104" lon="6.79425">
        <ele>2519.2906912182</ele>
      </trkpt>
      <trkpt lat="45.39108" lon="6.79419">
        <ele>2518.7936216552</ele>
      </trkpt>
      <trkpt lat="45.39119" lon="6.79398">
        <ele>2517.0321092361</ele>
      </trkpt>
      <trkpt lat="45.39129" lon="6.79372">
        <ele>2515.1900127201</ele>
      </trkpt>
      <trkpt lat="45.39134" lon="6.79358">
        <ele>2514.8948354411</ele>
      </trkpt>
      <trkpt lat="45.39141" lon="6.79346">
        <ele>2514.8966657354</ele>
      </trkpt>
      <trkpt lat="45.39145" lon="6.79334">
        <ele>2514.9198961188</ele>
      </trkpt>
      <trkpt lat="45.39154" lon="6.7931">
        <ele>2515.6469130144</ele>
      </trkpt>
      <trkpt lat="45.39161" lon="6.79294">
        <ele>2516.6846323862</ele>
      </trkpt>
      <trkpt lat="45.39166" lon="6.79281">
        <ele>2517.3456448552</ele>
      </trkpt>
      <trkpt lat="45.39172" lon="6.79262">
        <ele>2518.3560398983</ele>
      </trkpt>
      <trkpt lat="45.39176" lon="6.79239">
        <ele>2519.2843856536</ele>
      </trkpt>
      <trkpt lat="45.39181" lon="6.79219">
        <ele>2519.9747443361</ele>
      </trkpt>
      <trkpt lat="45.39186" lon="6.79203">
        <ele>2520.2416870526</ele>
      </trkpt>
      <trkpt lat="45.39191" lon="6.79185">
        <ele>2520.2183309197</ele>
      </trkpt>
      <trkpt lat="45.39195" lon="6.79168">
        <ele>2518.9101825884</ele>
      </trkpt>
      <trkpt lat="45.39202" lon="6.79147">
        <ele>2516.6642456614</ele>
      </trkpt>
      <trkpt lat="45.39209" lon="6.79133">
        <ele>2514.7752810668</ele>
      </trkpt>
      <trkpt lat="45.39217" lon="6.79121">
        <ele>2513.1508162403</ele>
      </trkpt>
      <trkpt lat="45.39222" lon="6.79106">
        <ele>2512.2598796948</ele>
      </trkpt>
      <trkpt lat="45.39221" lon="6.7909">
        <ele>2511.7880310755</ele>
      </trkpt>
      <trkpt lat="45.39224" lon="6.79097">
        <ele>2511.9571475485</ele>
      </trkpt>
      <trkpt lat="45.39226" lon="6.79099">
        <ele>2512.0671443237</ele>
      </trkpt>
      <trkpt lat="45.39229" lon="6.79101">
        <ele>2512.1798214907</ele>
      </trkpt>
      <trkpt lat="45.39233" lon="6.79101">
        <ele>2512.2461095319</ele>
      </trkpt>
      <trkpt lat="45.39238" lon="6.79099">
        <ele>2512.2381315454</ele>
      </trkpt>
      <trkpt lat="45.39254" lon="6.79086">
        <ele>2512.9126659692</ele>
      </trkpt>
      <trkpt lat="45.39264" lon="6.7908">
        <ele>2513.4868334667</ele>
      </trkpt>
      <trkpt lat="45.39272" lon="6.79078">
        <ele>2513.332835087</ele>
      </trkpt>
      <trkpt lat="45.39285" lon="6.79073">
        <ele>2513.3158515932</ele>
      </trkpt>
      <trkpt lat="45.39293" lon="6.79065">
        <ele>2514.0515237883</ele>
      </trkpt>
      <trkpt lat="45.39304" lon="6.79059">
        <ele>2514.5530786572</ele>
      </trkpt>
      <trkpt lat="45.39315" lon="6.79056">
        <ele>2514.5080971893</ele>
      </trkpt>
      <trkpt lat="45.39325" lon="6.79049">
        <ele>2514.5783252966</ele>
      </trkpt>
      <trkpt lat="45.39331" lon="6.79042">
        <ele>2514.6244770577</ele>
      </trkpt>
      <trkpt lat="45.39339" lon="6.79035">
        <ele>2514.5304914641</ele>
      </trkpt>
      <trkpt lat="45.39346" lon="6.79028">
        <ele>2514.1749330633</ele>
      </trkpt>
      <trkpt lat="45.39349" lon="6.7902">
        <ele>2512.9614590191</ele>
      </trkpt>
      <trkpt lat="45.39352" lon="6.79018">
        <ele>2512.1127751916</ele>
      </trkpt>
      <trkpt lat="45.39358" lon="6.79011">
        <ele>2509.6774700991</ele>
      </trkpt>
      <trkpt lat="45.39365" lon="6.79001">
        <ele>2506.783674863</ele>
      </trkpt>
      <trkpt lat="45.3937" lon="6.7899">
        <ele>2504.4895469655</ele>
      </trkpt>
      <trkpt lat="45.39373" lon="6.78981">
        <ele>2503.1352647713</ele>
      </trkpt>
      <trkpt lat="45.39374" lon="6.78971">
        <ele>2502.1239624809</ele>
      </trkpt>
      <trkpt lat="45.39378" lon="6.78959">
        <ele>2501.8055074406</ele>
      </trkpt>
      <trkpt lat="45.39383" lon="6.78955">
        <ele>2502.3113503172</ele>
      </trkpt>
      <trkpt lat="45.39399" lon="6.78942">
        <ele>2504.5761931449</ele>
      </trkpt>
      <trkpt lat="45.39402" lon="6.78941">
        <ele>2504.8218024559</ele>
      </trkpt>
      <trkpt lat="45.39407" lon="6.78939">
        <ele>2505.2715611033</ele>
      </trkpt>
      <trkpt lat="45.39416" lon="6.78937">
        <ele>2505.683101032</ele>
      </trkpt>
      <trkpt lat="45.39429" lon="6.78936">
        <ele>2505.184859382</ele>
      </trkpt>
      <trkpt lat="45.39453" lon="6.78936">
        <ele>2503.5524674077</ele>
      </trkpt>
      <trkpt lat="45.39475" lon="6.78937">
        <ele>2503.5580720995</ele>
      </trkpt>
      <trkpt lat="45.39489" lon="6.78939">
        <ele>2503.3501575518</ele>
      </trkpt>
      <trkpt lat="45.39517" lon="6.78952">
        <ele>2498.6061698152</ele>
      </trkpt>
      <trkpt lat="45.39524" lon="6.78952">
        <ele>2497.9509733061</ele>
      </trkpt>
      <trkpt lat="45.39531" lon="6.78949">
        <ele>2497.9717789029</ele>
      </trkpt>
      <trkpt lat="45.39566" lon="6.78916">
        <ele>2503.152989954</ele>
      </trkpt>
      <trkpt lat="45.39581" lon="6.78905">
        <ele>2501.6348236262</ele>
      </trkpt>
      <trkpt lat="45.39595" lon="6.78897">
        <ele>2499.5448443328</ele>
      </trkpt>
      <trkpt lat="45.39605" lon="6.78892">
        <ele>2497.1811659804</ele>
      </trkpt>
      <trkpt lat="45.39614" lon="6.78894">
        <ele>2492.7194642317</ele>
      </trkpt>
      <trkpt lat="45.39623" lon="6.78899">
        <ele>2488.3201106662</ele>
      </trkpt>
      <trkpt lat="45.39632" lon="6.78902">
        <ele>2485.0543982437</ele>
      </trkpt>
      <trkpt lat="45.39641" lon="6.789">
        <ele>2484.3853616526</ele>
      </trkpt>
      <trkpt lat="45.39651" lon="6.78896">
        <ele>2484.7070418731</ele>
      </trkpt>
      <trkpt lat="45.39661" lon="6.78894">
        <ele>2484.4439212274</ele>
      </trkpt>
      <trkpt lat="45.39671" lon="6.78894">
        <ele>2484.1394682842</ele>
      </trkpt>
      <trkpt lat="45.39682" lon="6.78895">
        <ele>2483.6083923977</ele>
      </trkpt>
      <trkpt lat="45.39692" lon="6.78892">
        <ele>2484.0194102861</ele>
      </trkpt>
      <trkpt lat="45.39704" lon="6.78885">
        <ele>2484.1560704859</ele>
      </trkpt>
      <trkpt lat="45.39713" lon="6.78879">
        <ele>2482.8323709663</ele>
      </trkpt>
      <trkpt lat="45.39717" lon="6.78863">
        <ele>2483.1519266061</ele>
      </trkpt>
      <trkpt lat="45.39725" lon="6.78858">
        <ele>2481.1912982971</ele>
      </trkpt>
      <trkpt lat="45.39757" lon="6.78848">
        <ele>2472.6287936047</ele>
      </trkpt>
      <trkpt lat="45.39762" lon="6.78842">
        <ele>2471.6685733615</ele>
      </trkpt>
      <trkpt lat="45.39766" lon="6.78834">
        <ele>2471.1360047109</ele>
      </trkpt>
      <trkpt lat="45.39769" lon="6.78831">
        <ele>2471.0486408081</ele>
      </trkpt>
      <trkpt lat="45.39782" lon="6.7882">
        <ele>2471.9518806316</ele>
      </trkpt>
      <trkpt lat="45.39788" lon="6.78813">
        <ele>2473.1336118021</ele>
      </trkpt>
      <trkpt lat="45.39792" lon="6.78803">
        <ele>2474.099907446</ele>
      </trkpt>
      <trkpt lat="45.39796" lon="6.78794">
        <ele>2473.6840148169</ele>
      </trkpt>
      <trkpt lat="45.39802" lon="6.78791">
        <ele>2473.002587715</ele>
      </trkpt>
      <trkpt lat="45.3981" lon="6.78792">
        <ele>2472.142091996</ele>
      </trkpt>
      <trkpt lat="45.39821" lon="6.78799">
        <ele>2472.0828600412</ele>
      </trkpt>
      <trkpt lat="45.39824" lon="6.78799">
        <ele>2472.3317476248</ele>
      </trkpt>
      <trkpt lat="45.39828" lon="6.78795">
        <ele>2472.8437314892</ele>
      </trkpt>
      <trkpt lat="45.39832" lon="6.78792">
        <ele>2473.3216703391</ele>
      </trkpt>
      <trkpt lat="45.39838" lon="6.78792">
        <ele>2473.7355548854</ele>
      </trkpt>
      <trkpt lat="45.39843" lon="6.78791">
        <ele>2474.0510184458</ele>
      </trkpt>
      <trkpt lat="45.39847" lon="6.78787">
        <ele>2474.6165041778</ele>
      </trkpt>
      <trkpt lat="45.39852" lon="6.7877">
        <ele>2474.6691725612</ele>
      </trkpt>
      <trkpt lat="45.39861" lon="6.78748">
        <ele>2473.3265240216</ele>
      </trkpt>
      <trkpt lat="45.39875" lon="6.78724">
        <ele>2471.7665360538</ele>
      </trkpt>
      <trkpt lat="45.39876" lon="6.78713">
        <ele>2470.5877814094</ele>
      </trkpt>
      <trkpt lat="45.39878" lon="6.78704">
        <ele>2469.6046321559</ele>
      </trkpt>
      <trkpt lat="45.39881" lon="6.78696">
        <ele>2468.741875759</ele>
      </trkpt>
      <trkpt lat="45.39889" lon="6.78691">
        <ele>2469.5477511836</ele>
      </trkpt>
      <trkpt lat="45.39894" lon="6.78683">
        <ele>2469.1686401499</ele>
      </trkpt>
      <trkpt lat="45.39898" lon="6.78676">
        <ele>2468.7530056215</ele>
      </trkpt>
      <trkpt lat="45.39903" lon="6.78667">
        <ele>2468.7180882544</ele>
      </trkpt>
      <trkpt lat="45.3991" lon="6.7865">
        <ele>2468.466530032</ele>
      </trkpt>
      <trkpt lat="45.39915" lon="6.78629">
        <ele>2466.8054225757</ele>
      </trkpt>
      <trkpt lat="45.3992" lon="6.78622">
        <ele>2467.369441813</ele>
      </trkpt>
      <trkpt lat="45.39923" lon="6.78613">
        <ele>2466.7222925152</ele>
      </trkpt>
      <trkpt lat="45.39923" lon="6.78606">
        <ele>2465.4814409191</ele>
      </trkpt>
      <trkpt lat="45.39925" lon="6.78582">
        <ele>2461.9432109294</ele>
      </trkpt>
      <trkpt lat="45.39929" lon="6.78558">
        <ele>2458.6599753985</ele>
      </trkpt>
      <trkpt lat="45.39934" lon="6.78525">
        <ele>2454.8183345783</ele>
      </trkpt>
      <trkpt lat="45.39938" lon="6.785">
        <ele>2453.3291853328</ele>
      </trkpt>
      <trkpt lat="45.39938" lon="6.78499">
        <ele>2453.2010260441</ele>
      </trkpt>
      <trkpt lat="45.39944" lon="6.78468">
        <ele>2450.566015808</ele>
      </trkpt>
      <trkpt lat="45.39947" lon="6.78438">
        <ele>2445.8113678522</ele>
      </trkpt>
      <trkpt lat="45.39953" lon="6.78408">
        <ele>2442.5369007686</ele>
      </trkpt>
      <trkpt lat="45.39956" lon="6.7839">
        <ele>2440.7258676451</ele>
      </trkpt>
      <trkpt lat="45.39954" lon="6.78386">
        <ele>2439.1576358433</ele>
      </trkpt>
      <trkpt lat="45.39952" lon="6.78386">
        <ele>2438.1952482922</ele>
      </trkpt>
      <trkpt lat="45.39949" lon="6.78389">
        <ele>2437.2060505389</ele>
      </trkpt>
      <trkpt lat="45.39942" lon="6.784">
        <ele>2435.6352537835</ele>
      </trkpt>
      <trkpt lat="45.39931" lon="6.78416">
        <ele>2433.4329697061</ele>
      </trkpt>
      <trkpt lat="45.39918" lon="6.78436">
        <ele>2431.4240490099</ele>
      </trkpt>
      <trkpt lat="45.39911" lon="6.78449">
        <ele>2431.4602447358</ele>
      </trkpt>
      <trkpt lat="45.39907" lon="6.78453">
        <ele>2430.8548611077</ele>
      </trkpt>
      <trkpt lat="45.39904" lon="6.78452">
        <ele>2429.6675205552</ele>
      </trkpt>
      <trkpt lat="45.39904" lon="6.78448">
        <ele>2428.7194368719</ele>
      </trkpt>
      <trkpt lat="45.39906" lon="6.78439">
        <ele>2427.1514261217</ele>
      </trkpt>
      <trkpt lat="45.39906" lon="6.78435">
        <ele>2426.2250402868</ele>
      </trkpt>
      <trkpt lat="45.39906" lon="6.78431">
        <ele>2425.3269665409</ele>
      </trkpt>
      <trkpt lat="45.39908" lon="6.78403">
        <ele>2421.6654041604</ele>
      </trkpt>
      <trkpt lat="45.3991" lon="6.78382">
        <ele>2418.7757175875</ele>
      </trkpt>
      <trkpt lat="45.39911" lon="6.78334">
        <ele>2410.4126564638</ele>
      </trkpt>
      <trkpt lat="45.39912" lon="6.78292">
        <ele>2401.3850601356</ele>
      </trkpt>
      <trkpt lat="45.39914" lon="6.78276">
        <ele>2399.0634901701</ele>
      </trkpt>
      <trkpt lat="45.39915" lon="6.78259">
        <ele>2396.5188367785</ele>
      </trkpt>
      <trkpt lat="45.39914" lon="6.78246">
        <ele>2393.8991199839</ele>
      </trkpt>
      <trkpt lat="45.39915" lon="6.78231">
        <ele>2391.8948160051</ele>
      </trkpt>
      <trkpt lat="45.39919" lon="6.78216">
        <ele>2391.1869363609</ele>
      </trkpt>
      <trkpt lat="45.39922" lon="6.78199">
        <ele>2389.2585018382</ele>
      </trkpt>
      <trkpt lat="45.39922" lon="6.78185">
        <ele>2386.3945494828</ele>
      </trkpt>
      <trkpt lat="45.39919" lon="6.7816">
        <ele>2380.0031370301</ele>
      </trkpt>
      <trkpt lat="45.39922" lon="6.7814">
        <ele>2377.4806882725</ele>
      </trkpt>
      <trkpt lat="45.39925" lon="6.78126">
        <ele>2376.6565134744</ele>
      </trkpt>
      <trkpt lat="45.3993" lon="6.78081">
        <ele>2372.1813551691</ele>
      </trkpt>
      <trkpt lat="45.39934" lon="6.78063">
        <ele>2370.0549147607</ele>
      </trkpt>
      <trkpt lat="45.39941" lon="6.78046">
        <ele>2368.8256306287</ele>
      </trkpt>
      <trkpt lat="45.39941" lon="6.78044">
        <ele>2368.5450918356</ele>
      </trkpt>
      <trkpt lat="45.39945" lon="6.78028">
        <ele>2367.2968177165</ele>
      </trkpt>
      <trkpt lat="45.39949" lon="6.78003">
        <ele>2365.5799041879</ele>
      </trkpt>
      <trkpt lat="45.39957" lon="6.77985">
        <ele>2365.0291880574</ele>
      </trkpt>
      <trkpt lat="45.39962" lon="6.77961">
        <ele>2362.7470651994</ele>
      </trkpt>
      <trkpt lat="45.39964" lon="6.77938">
        <ele>2359.3389280177</ele>
      </trkpt>
      <trkpt lat="45.39965" lon="6.77925">
        <ele>2357.2731360225</ele>
      </trkpt>
      <trkpt lat="45.39967" lon="6.77912">
        <ele>2355.1859812235</ele>
      </trkpt>
      <trkpt lat="45.39967" lon="6.779">
        <ele>2353.2511800996</ele>
      </trkpt>
      <trkpt lat="45.39965" lon="6.77886">
        <ele>2351.5395295764</ele>
      </trkpt>
      <trkpt lat="45.39969" lon="6.77874">
        <ele>2351.1652745044</ele>
      </trkpt>
      <trkpt lat="45.39964" lon="6.77865">
        <ele>2350.0457194155</ele>
      </trkpt>
      <trkpt lat="45.39959" lon="6.77862">
        <ele>2349.3320507895</ele>
      </trkpt>
      <trkpt lat="45.3995" lon="6.7786">
        <ele>2348.1272495885</ele>
      </trkpt>
      <trkpt lat="45.39942" lon="6.77853">
        <ele>2346.5456016781</ele>
      </trkpt>
      <trkpt lat="45.39936" lon="6.7785">
        <ele>2345.5915039115</ele>
      </trkpt>
      <trkpt lat="45.39929" lon="6.77848">
        <ele>2344.5712246736</ele>
      </trkpt>
      <trkpt lat="45.39925" lon="6.7784">
        <ele>2343.2013121085</ele>
      </trkpt>
      <trkpt lat="45.39923" lon="6.77832">
        <ele>2342.0860134004</ele>
      </trkpt>
      <trkpt lat="45.39918" lon="6.77825">
        <ele>2340.796054769</ele>
      </trkpt>
      <trkpt lat="45.39915" lon="6.77818">
        <ele>2339.9046900868</ele>
      </trkpt>
      <trkpt lat="45.39915" lon="6.7781">
        <ele>2339.3043224425</ele>
      </trkpt>
      <trkpt lat="45.39918" lon="6.77805">
        <ele>2339.2947696459</ele>
      </trkpt>
      <trkpt lat="45.39926" lon="6.77792">
        <ele>2339.8631920375</ele>
      </trkpt>
      <trkpt lat="45.39931" lon="6.77786">
        <ele>2340.8063775206</ele>
      </trkpt>
      <trkpt lat="45.39936" lon="6.7778">
        <ele>2341.8673950927</ele>
      </trkpt>
      <trkpt lat="45.39937" lon="6.77775">
        <ele>2341.9647987397</ele>
      </trkpt>
      <trkpt lat="45.39938" lon="6.7777">
        <ele>2342.0507042717</ele>
      </trkpt>
      <trkpt lat="45.39947" lon="6.7775">
        <ele>2342.9881883071</ele>
      </trkpt>
      <trkpt lat="45.39948" lon="6.77744">
        <ele>2342.7939525359</ele>
      </trkpt>
      <trkpt lat="45.39946" lon="6.77743">
        <ele>2342.1141367543</ele>
      </trkpt>
      <trkpt lat="45.39942" lon="6.77744">
        <ele>2341.0010065751</ele>
      </trkpt>
      <trkpt lat="45.39931" lon="6.77751">
        <ele>2338.4294616975</ele>
      </trkpt>
      <trkpt lat="45.3992" lon="6.77762">
        <ele>2336.7858820756</ele>
      </trkpt>
      <trkpt lat="45.39903" lon="6.77777">
        <ele>2335.1352752428</ele>
      </trkpt>
      <trkpt lat="45.39892" lon="6.77785">
        <ele>2334.0209426848</ele>
      </trkpt>
      <trkpt lat="45.39886" lon="6.77787">
        <ele>2333.3463665604</ele>
      </trkpt>
      <trkpt lat="45.39884" lon="6.77787">
        <ele>2333.0718273776</ele>
      </trkpt>
      <trkpt lat="45.3988" lon="6.77785">
        <ele>2332.1611889004</ele>
      </trkpt>
      <trkpt lat="45.39874" lon="6.77777">
        <ele>2329.7370295505</ele>
      </trkpt>
      <trkpt lat="45.39861" lon="6.77761">
        <ele>2324.7278552883</ele>
      </trkpt>
      <trkpt lat="45.39857" lon="6.77753">
        <ele>2323.0418890659</ele>
      </trkpt>
      <trkpt lat="45.39851" lon="6.77742">
        <ele>2321.3329237334</ele>
      </trkpt>
      <trkpt lat="45.39839" lon="6.77718">
        <ele>2319.2628584269</ele>
      </trkpt>
      <trkpt lat="45.39828" lon="6.77686">
        <ele>2318.3103703316</ele>
      </trkpt>
      <trkpt lat="45.39809" lon="6.77637">
        <ele>2317.9204001102</ele>
      </trkpt>
      <trkpt lat="45.39793" lon="6.77594">
        <ele>2317.6653423195</ele>
      </trkpt>
      <trkpt lat="45.39783" lon="6.77565">
        <ele>2318.0593246676</ele>
      </trkpt>
      <trkpt lat="45.39777" lon="6.77553">
        <ele>2318.2325410957</ele>
      </trkpt>
      <trkpt lat="45.39773" lon="6.77541">
        <ele>2318.5156279281</ele>
      </trkpt>
      <trkpt lat="45.39764" lon="6.77519">
        <ele>2319.0066698277</ele>
      </trkpt>
      <trkpt lat="45.3975" lon="6.77486">
        <ele>2318.9938675852</ele>
      </trkpt>
      <trkpt lat="45.39745" lon="6.77473">
        <ele>2318.5507701193</ele>
      </trkpt>
      <trkpt lat="45.39729" lon="6.77442">
        <ele>2316.6016676366</ele>
      </trkpt>
      <trkpt lat="45.39724" lon="6.7743">
        <ele>2315.3448899739</ele>
      </trkpt>
      <trkpt lat="45.39722" lon="6.7742">
        <ele>2314.7785246575</ele>
      </trkpt>
      <trkpt lat="45.39721" lon="6.77412">
        <ele>2314.6070028172</ele>
      </trkpt>
      <trkpt lat="45.39723" lon="6.77404">
        <ele>2314.6169453096</ele>
      </trkpt>
      <trkpt lat="45.39724" lon="6.77396">
        <ele>2314.6048618666</ele>
      </trkpt>
      <trkpt lat="45.39723" lon="6.77391">
        <ele>2314.5431990628</ele>
      </trkpt>
      <trkpt lat="45.3972" lon="6.77383">
        <ele>2314.4661977146</ele>
      </trkpt>
      <trkpt lat="45.39717" lon="6.77374">
        <ele>2314.3941056784</ele>
      </trkpt>
      <trkpt lat="45.39715" lon="6.7736">
        <ele>2314.4575120364</ele>
      </trkpt>
      <trkpt lat="45.39715" lon="6.77359">
        <ele>2314.4791895549</ele>
      </trkpt>
      <trkpt lat="45.3971" lon="6.7733">
        <ele>2312.8735504769</ele>
      </trkpt>
      <trkpt lat="45.39708" lon="6.77318">
        <ele>2312.2418782611</ele>
      </trkpt>
      <trkpt lat="45.39696" lon="6.77296">
        <ele>2309.9008082423</ele>
      </trkpt>
      <trkpt lat="45.3969" lon="6.77276">
        <ele>2308.9540338739</ele>
      </trkpt>
      <trkpt lat="45.39686" lon="6.77262">
        <ele>2308.2659110141</ele>
      </trkpt>
      <trkpt lat="45.39682" lon="6.7724">
        <ele>2306.4669035172</ele>
      </trkpt>
      <trkpt lat="45.39677" lon="6.77224">
        <ele>2305.1989201766</ele>
      </trkpt>
      <trkpt lat="45.39675" lon="6.77205">
        <ele>2304.0278158914</ele>
      </trkpt>
      <trkpt lat="45.39675" lon="6.77186">
        <ele>2302.9118203021</ele>
      </trkpt>
      <trkpt lat="45.39673" lon="6.77164">
        <ele>2300.8377600929</ele>
      </trkpt>
      <trkpt lat="45.39667" lon="6.77125">
        <ele>2295.5459146014</ele>
      </trkpt>
      <trkpt lat="45.39663" lon="6.7711">
        <ele>2293.8571566094</ele>
      </trkpt>
      <trkpt lat="45.39658" lon="6.77098">
        <ele>2292.1135175006</ele>
      </trkpt>
      <trkpt lat="45.39651" lon="6.77086">
        <ele>2290.1180843884</ele>
      </trkpt>
      <trkpt lat="45.39643" lon="6.77077">
        <ele>2288.9595323353</ele>
      </trkpt>
      <trkpt lat="45.39634" lon="6.7707">
        <ele>2287.9043970538</ele>
      </trkpt>
      <trkpt lat="45.39618" lon="6.77063">
        <ele>2285.8723825873</ele>
      </trkpt>
      <trkpt lat="45.39613" lon="6.77062">
        <ele>2285.0719480991</ele>
      </trkpt>
      <trkpt lat="45.39608" lon="6.77064">
        <ele>2284.1199478206</ele>
      </trkpt>
      <trkpt lat="45.396" lon="6.77071">
        <ele>2282.9108315564</ele>
      </trkpt>
      <trkpt lat="45.39596" lon="6.77073">
        <ele>2282.2770113609</ele>
      </trkpt>
      <trkpt lat="45.39591" lon="6.77075">
        <ele>2281.5872165443</ele>
      </trkpt>
      <trkpt lat="45.39587" lon="6.77074">
        <ele>2281.1571519019</ele>
      </trkpt>
      <trkpt lat="45.39585" lon="6.77073">
        <ele>2280.8372846768</ele>
      </trkpt>
      <trkpt lat="45.39583" lon="6.77069">
        <ele>2279.9877379059</ele>
      </trkpt>
      <trkpt lat="45.39582" lon="6.7706">
        <ele>2278.3576276997</ele>
      </trkpt>
      <trkpt lat="45.39584" lon="6.77052">
        <ele>2277.2275694366</ele>
      </trkpt>
      <trkpt lat="45.39585" lon="6.77051">
        <ele>2277.2014015577</ele>
      </trkpt>
      <trkpt lat="45.39591" lon="6.7704">
        <ele>2276.38432574</ele>
      </trkpt>
      <trkpt lat="45.39592" lon="6.7703">
        <ele>2274.9643390449</ele>
      </trkpt>
      <trkpt lat="45.39594" lon="6.77019">
        <ele>2273.748953904</ele>
      </trkpt>
      <trkpt lat="45.39593" lon="6.77006">
        <ele>2270.8647701142</ele>
      </trkpt>
      <trkpt lat="45.39592" lon="6.7699">
        <ele>2266.7289325969</ele>
      </trkpt>
      <trkpt lat="45.3959" lon="6.76969">
        <ele>2261.0777939533</ele>
      </trkpt>
      <trkpt lat="45.39587" lon="6.76945">
        <ele>2254.1297840642</ele>
      </trkpt>
      <trkpt lat="45.39584" lon="6.76932">
        <ele>2250.3733372169</ele>
      </trkpt>
      <trkpt lat="45.39583" lon="6.76917">
        <ele>2246.7186743367</ele>
      </trkpt>
      <trkpt lat="45.39583" lon="6.76881">
        <ele>2240.1056562323</ele>
      </trkpt>
      <trkpt lat="45.3958" lon="6.76867">
        <ele>2237.9515079965</ele>
      </trkpt>
      <trkpt lat="45.39582" lon="6.76852">
        <ele>2236.4596799066</ele>
      </trkpt>
      <trkpt lat="45.39589" lon="6.76815">
        <ele>2232.0538602343</ele>
      </trkpt>
      <trkpt lat="45.39592" lon="6.76799">
        <ele>2229.1223847199</ele>
      </trkpt>
      <trkpt lat="45.39593" lon="6.76795">
        <ele>2228.2822078097</ele>
      </trkpt>
      <trkpt lat="45.39593" lon="6.76788">
        <ele>2226.4491601612</ele>
      </trkpt>
      <trkpt lat="45.39593" lon="6.76779">
        <ele>2223.784566592</ele>
      </trkpt>
      <trkpt lat="45.39592" lon="6.76773">
        <ele>2221.9325306724</ele>
      </trkpt>
      <trkpt lat="45.39589" lon="6.76766">
        <ele>2219.4543002969</ele>
      </trkpt>
      <trkpt lat="45.39589" lon="6.76763">
        <ele>2218.5621588366</ele>
      </trkpt>
      <trkpt lat="45.39588" lon="6.76758">
        <ele>2216.9421593987</ele>
      </trkpt>
      <trkpt lat="45.39587" lon="6.76752">
        <ele>2214.3347749263</ele>
      </trkpt>
      <trkpt lat="45.39587" lon="6.76747">
        <ele>2213.7063797278</ele>
      </trkpt>
      <trkpt lat="45.39585" lon="6.76743">
        <ele>2212.3707245491</ele>
      </trkpt>
      <trkpt lat="45.39583" lon="6.76742">
        <ele>2211.8883921935</ele>
      </trkpt>
      <trkpt lat="45.39579" lon="6.76742">
        <ele>2211.4797222948</ele>
      </trkpt>
      <trkpt lat="45.39575" lon="6.7674">
        <ele>2210.5461891067</ele>
      </trkpt>
      <trkpt lat="45.39572" lon="6.76739">
        <ele>2209.9571442044</ele>
      </trkpt>
      <trkpt lat="45.39567" lon="6.76737">
        <ele>2208.8593672392</ele>
      </trkpt>
      <trkpt lat="45.39563" lon="6.76735">
        <ele>2207.7692027942</ele>
      </trkpt>
      <trkpt lat="45.39558" lon="6.76736">
        <ele>2207.3261412729</ele>
      </trkpt>
      <trkpt lat="45.39555" lon="6.76738">
        <ele>2207.4584787288</ele>
      </trkpt>
      <trkpt lat="45.39551" lon="6.76743">
        <ele>2208.2496570668</ele>
      </trkpt>
      <trkpt lat="45.39541" lon="6.76752">
        <ele>2209.4120664392</ele>
      </trkpt>
      <trkpt lat="45.39537" lon="6.76758">
        <ele>2211.742321065</ele>
      </trkpt>
      <trkpt lat="45.39534" lon="6.76762">
        <ele>2212.8401270675</ele>
      </trkpt>
      <trkpt lat="45.39528" lon="6.76763">
        <ele>2213.0513105297</ele>
      </trkpt>
      <trkpt lat="45.39524" lon="6.76763">
        <ele>2213.2451929848</ele>
      </trkpt>
      <trkpt lat="45.39521" lon="6.76758">
        <ele>2212.2368112959</ele>
      </trkpt>
      <trkpt lat="45.39519" lon="6.76756">
        <ele>2209.9808470752</ele>
      </trkpt>
      <trkpt lat="45.39517" lon="6.7675">
        <ele>2210.2794960821</ele>
      </trkpt>
      <trkpt lat="45.39517" lon="6.76745">
        <ele>2209.1176394347</ele>
      </trkpt>
      <trkpt lat="45.39515" lon="6.76743">
        <ele>2208.8909570024</ele>
      </trkpt>
      <trkpt lat="45.39514" lon="6.76737">
        <ele>2207.399813638</ele>
      </trkpt>
      <trkpt lat="45.3951" lon="6.76728">
        <ele>2205.4522133928</ele>
      </trkpt>
      <trkpt lat="45.39507" lon="6.7672">
        <ele>2203.4745417035</ele>
      </trkpt>
      <trkpt lat="45.39505" lon="6.76716">
        <ele>2202.6015252697</ele>
      </trkpt>
      <trkpt lat="45.39503" lon="6.76712">
        <ele>2201.7227093125</ele>
      </trkpt>
      <trkpt lat="45.39502" lon="6.76708">
        <ele>2200.6335050927</ele>
      </trkpt>
      <trkpt lat="45.395" lon="6.76705">
        <ele>2200.380601209</ele>
      </trkpt>
      <trkpt lat="45.39498" lon="6.76704">
        <ele>2200.8957240729</ele>
      </trkpt>
      <trkpt lat="45.39497" lon="6.76703">
        <ele>2200.9973838407</ele>
      </trkpt>
      <trkpt lat="45.39495" lon="6.76698">
        <ele>2200.2710929954</ele>
      </trkpt>
      <trkpt lat="45.39491" lon="6.76691">
        <ele>2199.9147403116</ele>
      </trkpt>
      <trkpt lat="45.39487" lon="6.76684">
        <ele>2199.410588912</ele>
      </trkpt>
      <trkpt lat="45.39484" lon="6.76681">
        <ele>2199.6089609656</ele>
      </trkpt>
      <trkpt lat="45.39482" lon="6.76679">
        <ele>2199.7295882153</ele>
      </trkpt>
      <trkpt lat="45.39479" lon="6.76675">
        <ele>2199.5731805001</ele>
      </trkpt>
      <trkpt lat="45.39478" lon="6.76672">
        <ele>2198.9691188104</ele>
      </trkpt>
      <trkpt lat="45.39477" lon="6.76668">
        <ele>2198.0265560791</ele>
      </trkpt>
      <trkpt lat="45.39477" lon="6.76665">
        <ele>2197.0458480334</ele>
      </trkpt>
      <trkpt lat="45.39475" lon="6.76662">
        <ele>2196.7529932297</ele>
      </trkpt>
      <trkpt lat="45.39473" lon="6.76659">
        <ele>2196.4668533843</ele>
      </trkpt>
      <trkpt lat="45.39471" lon="6.7665">
        <ele>2194.1858261577</ele>
      </trkpt>
      <trkpt lat="45.39467" lon="6.76641">
        <ele>2192.5996033051</ele>
      </trkpt>
      <trkpt lat="45.39467" lon="6.76638">
        <ele>2191.6209323717</ele>
      </trkpt>
      <trkpt lat="45.39466" lon="6.76634">
        <ele>2190.6268984951</ele>
      </trkpt>
      <trkpt lat="45.39466" lon="6.76625">
        <ele>2187.6456380888</ele>
      </trkpt>
      <trkpt lat="45.39466" lon="6.76618">
        <ele>2185.342652835</ele>
      </trkpt>
      <trkpt lat="45.39465" lon="6.76611">
        <ele>2183.2839512141</ele>
      </trkpt>
      <trkpt lat="45.39465" lon="6.7661">
        <ele>2182.9455028159</ele>
      </trkpt>
      <trkpt lat="45.39465" lon="6.76601">
        <ele>2180.0087893041</ele>
      </trkpt>
      <trkpt lat="45.39464" lon="6.76594">
        <ele>2178.2519462515</ele>
      </trkpt>
      <trkpt lat="45.3946" lon="6.76584">
        <ele>2176.4644167678</ele>
      </trkpt>
      <trkpt lat="45.39456" lon="6.76576">
        <ele>2175.148646133</ele>
      </trkpt>
      <trkpt lat="45.39451" lon="6.7657">
        <ele>2174.6909404682</ele>
      </trkpt>
      <trkpt lat="45.39448" lon="6.76565">
        <ele>2173.9845441666</ele>
      </trkpt>
      <trkpt lat="45.39444" lon="6.76557">
        <ele>2172.6045266558</ele>
      </trkpt>
      <trkpt lat="45.3944" lon="6.7655">
        <ele>2171.5671106315</ele>
      </trkpt>
      <trkpt lat="45.39435" lon="6.76544">
        <ele>2171.1824339362</ele>
      </trkpt>
      <trkpt lat="45.3943" lon="6.76541">
        <ele>2171.8533542227</ele>
      </trkpt>
      <trkpt lat="45.39427" lon="6.76538">
        <ele>2171.8649568493</ele>
      </trkpt>
      <trkpt lat="45.39426" lon="6.76535">
        <ele>2171.2431335919</ele>
      </trkpt>
      <trkpt lat="45.39425" lon="6.7653">
        <ele>2170.0420954643</ele>
      </trkpt>
      <trkpt lat="45.39426" lon="6.76526">
        <ele>2168.5623200497</ele>
      </trkpt>
      <trkpt lat="45.39427" lon="6.76523">
        <ele>2167.3592630867</ele>
      </trkpt>
      <trkpt lat="45.39428" lon="6.76521">
        <ele>2166.4729174842</ele>
      </trkpt>
      <trkpt lat="45.3943" lon="6.7652">
        <ele>2165.6229544929</ele>
      </trkpt>
      <trkpt lat="45.3943" lon="6.7652">
        <ele>2165.6229544929</ele>
      </trkpt>
      <trkpt lat="45.39431" lon="6.7652">
        <ele>2165.3477757422</ele>
      </trkpt>
      <trkpt lat="45.39433" lon="6.76517">
        <ele>2163.9355280197</ele>
      </trkpt>
      <trkpt lat="45.39439" lon="6.76509">
        <ele>2160.1078266799</ele>
      </trkpt>
      <trkpt lat="45.39442" lon="6.76508">
        <ele>2159.096506181</ele>
      </trkpt>
      <trkpt lat="45.39444" lon="6.76507">
        <ele>2158.3684697813</ele>
      </trkpt>
      <trkpt lat="45.39451" lon="6.76513">
        <ele>2158.093031846</ele>
      </trkpt>
      <trkpt lat="45.39454" lon="6.76514">
        <ele>2157.5646131466</ele>
      </trkpt>
      <trkpt lat="45.39456" lon="6.76513">
        <ele>2156.765718076</ele>
      </trkpt>
      <trkpt lat="45.39456" lon="6.76511">
        <ele>2156.2297792311</ele>
      </trkpt>
      <trkpt lat="45.39456" lon="6.76507">
        <ele>2155.2244338091</ele>
      </trkpt>
      <trkpt lat="45.39452" lon="6.76499">
        <ele>2154.4221498083</ele>
      </trkpt>
      <trkpt lat="45.3945" lon="6.76494">
        <ele>2153.7879906362</ele>
      </trkpt>
      <trkpt lat="45.39447" lon="6.76486">
        <ele>2152.788272409</ele>
      </trkpt>
      <trkpt lat="45.39445" lon="6.76481">
        <ele>2152.1702091981</ele>
      </trkpt>
      <trkpt lat="45.39443" lon="6.76469">
        <ele>2149.5857086608</ele>
      </trkpt>
      <trkpt lat="45.39441" lon="6.76464">
        <ele>2148.690147728</ele>
      </trkpt>
      <trkpt lat="45.39438" lon="6.76459">
        <ele>2147.9963159185</ele>
      </trkpt>
      <trkpt lat="45.39436" lon="6.76453">
        <ele>2146.7220009451</ele>
      </trkpt>
      <trkpt lat="45.39433" lon="6.76447">
        <ele>2145.6712116648</ele>
      </trkpt>
      <trkpt lat="45.3943" lon="6.76444">
        <ele>2145.4942353478</ele>
      </trkpt>
      <trkpt lat="45.39426" lon="6.7644">
        <ele>2145.2582663497</ele>
      </trkpt>
      <trkpt lat="45.39424" lon="6.76438">
        <ele>2145.1402816049</ele>
      </trkpt>
      <trkpt lat="45.39417" lon="6.76431">
        <ele>2144.8311706332</ele>
      </trkpt>
      <trkpt lat="45.39415" lon="6.76426">
        <ele>2143.9162891904</ele>
      </trkpt>
      <trkpt lat="45.39413" lon="6.76418">
        <ele>2142.1052778523</ele>
      </trkpt>
      <trkpt lat="45.39411" lon="6.76412">
        <ele>2140.9758452642</ele>
      </trkpt>
      <trkpt lat="45.39408" lon="6.76411">
        <ele>2141.5362462808</ele>
      </trkpt>
      <trkpt lat="45.39406" lon="6.76408">
        <ele>2141.3409992761</ele>
      </trkpt>
      <trkpt lat="45.39401" lon="6.76401">
        <ele>2140.9488687162</ele>
      </trkpt>
      <trkpt lat="45.394" lon="6.76398">
        <ele>2140.4839959135</ele>
      </trkpt>
      <trkpt lat="45.39399" lon="6.76395">
        <ele>2140.030733215</ele>
      </trkpt>
      <trkpt lat="45.394" lon="6.76393">
        <ele>2139.2593462674</ele>
      </trkpt>
      <trkpt lat="45.39401" lon="6.76392">
        <ele>2138.7326270031</ele>
      </trkpt>
      <trkpt lat="45.39403" lon="6.76391">
        <ele>2137.9238560588</ele>
      </trkpt>
      <trkpt lat="45.39409" lon="6.76391">
        <ele>2136.1829510344</ele>
      </trkpt>
      <trkpt lat="45.3941" lon="6.7639">
        <ele>2135.6343900299</ele>
      </trkpt>
      <trkpt lat="45.39411" lon="6.76388">
        <ele>2134.8342240393</ele>
      </trkpt>
      <trkpt lat="45.39411" lon="6.76385">
        <ele>2134.0999201621</ele>
      </trkpt>
      <trkpt lat="45.39409" lon="6.76383">
        <ele>2134.1854776192</ele>
      </trkpt>
      <trkpt lat="45.39406" lon="6.7638">
        <ele>2134.2829833757</ele>
      </trkpt>
      <trkpt lat="45.39404" lon="6.76375">
        <ele>2133.4967282041</ele>
      </trkpt>
      <trkpt lat="45.39401" lon="6.76369">
        <ele>2132.6884742248</ele>
      </trkpt>
      <trkpt lat="45.394" lon="6.76369">
        <ele>2132.9489581124</ele>
      </trkpt>
      <trkpt lat="45.394" lon="6.76369">
        <ele>2132.9489581124</ele>
      </trkpt>
      <trkpt lat="45.39397" lon="6.76365">
        <ele>2132.6430883257</ele>
      </trkpt>
      <trkpt lat="45.39396" lon="6.76362">
        <ele>2132.0630001341</ele>
      </trkpt>
      <trkpt lat="45.39397" lon="6.76359">
        <ele>2130.9656041678</ele>
      </trkpt>
      <trkpt lat="45.39398" lon="6.76358">
        <ele>2130.4429025196</ele>
      </trkpt>
      <trkpt lat="45.39402" lon="6.76356">
        <ele>2128.9383880001</ele>
      </trkpt>
      <trkpt lat="45.39411" lon="6.76351">
        <ele>2125.4983912441</ele>
      </trkpt>
      <trkpt lat="45.39412" lon="6.76346">
        <ele>2123.9262871625</ele>
      </trkpt>
      <trkpt lat="45.39409" lon="6.76339">
        <ele>2122.6865425646</ele>
      </trkpt>
      <trkpt lat="45.39405" lon="6.76335">
        <ele>2122.377738556</ele>
      </trkpt>
      <trkpt lat="45.39401" lon="6.76334">
        <ele>2122.8442675164</ele>
      </trkpt>
      <trkpt lat="45.39398" lon="6.76333">
        <ele>2123.0969822319</ele>
      </trkpt>
      <trkpt lat="45.39397" lon="6.76332">
        <ele>2122.9765641117</ele>
      </trkpt>
      <trkpt lat="45.39397" lon="6.7633">
        <ele>2122.3707202001</ele>
      </trkpt>
      <trkpt lat="45.39399" lon="6.76326">
        <ele>2120.8250493418</ele>
      </trkpt>
      <trkpt lat="45.39399" lon="6.76326">
        <ele>2120.8250493418</ele>
      </trkpt>
      <trkpt lat="45.39401" lon="6.76323">
        <ele>2119.6194107073</ele>
      </trkpt>
      <trkpt lat="45.39403" lon="6.7632">
        <ele>2118.4149478458</ele>
      </trkpt>
      <trkpt lat="45.39408" lon="6.76319">
        <ele>2117.3735636114</ele>
      </trkpt>
      <trkpt lat="45.3941" lon="6.76315">
        <ele>2116.0456728743</ele>
      </trkpt>
      <trkpt lat="45.39413" lon="6.76309">
        <ele>2114.0668393684</ele>
      </trkpt>
      <trkpt lat="45.39415" lon="6.76304">
        <ele>2112.511674579</ele>
      </trkpt>
      <trkpt lat="45.39414" lon="6.76301">
        <ele>2111.9431010044</ele>
      </trkpt>
      <trkpt lat="45.39414" lon="6.76298">
        <ele>2111.2083383984</ele>
      </trkpt>
      <trkpt lat="45.39411" lon="6.76289">
        <ele>2109.4620032371</ele>
      </trkpt>
      <trkpt lat="45.3941" lon="6.76282">
        <ele>2107.9236235976</ele>
      </trkpt>
      <trkpt lat="45.39409" lon="6.76274">
        <ele>2106.1656449434</ele>
      </trkpt>
      <trkpt lat="45.39408" lon="6.76266">
        <ele>2104.3661087354</ele>
      </trkpt>
      <trkpt lat="45.39407" lon="6.76264">
        <ele>2103.9525033341</ele>
      </trkpt>
      <trkpt lat="45.39407" lon="6.76264">
        <ele>2103.9525033341</ele>
      </trkpt>
      <trkpt lat="45.39407" lon="6.76263">
        <ele>2103.723304961</ele>
      </trkpt>
      <trkpt lat="45.39403" lon="6.76258">
        <ele>2102.6559519024</ele>
      </trkpt>
      <trkpt lat="45.39399" lon="6.76253">
        <ele>2101.5070891568</ele>
      </trkpt>
      <trkpt lat="45.39393" lon="6.76245">
        <ele>2099.5062382414</ele>
      </trkpt>
      <trkpt lat="45.39391" lon="6.76239">
        <ele>2097.9067997369</ele>
      </trkpt>
      <trkpt lat="45.39391" lon="6.76235">
        <ele>2096.8349220482</ele>
      </trkpt>
      <trkpt lat="45.39389" lon="6.76233">
        <ele>2096.327213542</ele>
      </trkpt>
      <trkpt lat="45.39387" lon="6.76231">
        <ele>2095.8290502932</ele>
      </trkpt>
      <trkpt lat="45.39384" lon="6.76232">
        <ele>2096.1959765823</ele>
      </trkpt>
      <trkpt lat="45.39384" lon="6.76232">
        <ele>2096.1959765823</ele>
      </trkpt>
      <trkpt lat="45.39381" lon="6.76232">
        <ele>2096.2955238644</ele>
      </trkpt>
      <trkpt lat="45.39377" lon="6.76232">
        <ele>2096.3802848347</ele>
      </trkpt>
      <trkpt lat="45.39374" lon="6.76229">
        <ele>2095.7144770342</ele>
      </trkpt>
      <trkpt lat="45.39371" lon="6.76225">
        <ele>2094.8756040908</ele>
      </trkpt>
      <trkpt lat="45.39367" lon="6.76222">
        <ele>2094.3789137122</ele>
      </trkpt>
      <trkpt lat="45.39364" lon="6.7622">
        <ele>2094.1280578805</ele>
      </trkpt>
      <trkpt lat="45.39362" lon="6.76217">
        <ele>2093.4746765615</ele>
      </trkpt>
      <trkpt lat="45.39357" lon="6.76212">
        <ele>2092.657265343</ele>
      </trkpt>
      <trkpt lat="45.39354" lon="6.76208">
        <ele>2091.8406386754</ele>
      </trkpt>
      <trkpt lat="45.3935" lon="6.76206">
        <ele>2091.7016744787</ele>
      </trkpt>
      <trkpt lat="45.39346" lon="6.76204">
        <ele>2091.6355741696</ele>
      </trkpt>
      <trkpt lat="45.39341" lon="6.76197">
        <ele>2090.2000411902</ele>
      </trkpt>
      <trkpt lat="45.39335" lon="6.76186">
        <ele>2087.9284642806</ele>
      </trkpt>
      <trkpt lat="45.39327" lon="6.76173">
        <ele>2085.4823643834</ele>
      </trkpt>
      <trkpt lat="45.39326" lon="6.76169">
        <ele>2084.6120914916</ele>
      </trkpt>
      <trkpt lat="45.39323" lon="6.76164">
        <ele>2083.6785398598</ele>
      </trkpt>
      <trkpt lat="45.39321" lon="6.76162">
        <ele>2083.3882968255</ele>
      </trkpt>
      <trkpt lat="45.39317" lon="6.7616">
        <ele>2083.3182838879</ele>
      </trkpt>
      <trkpt lat="45.39314" lon="6.76156">
        <ele>2082.6159274909</ele>
      </trkpt>
      <trkpt lat="45.3931" lon="6.76148">
        <ele>2080.9813893779</ele>
      </trkpt>
      <trkpt lat="45.39305" lon="6.76143">
        <ele>2080.2543192145</ele>
      </trkpt>
      <trkpt lat="45.39299" lon="6.76137">
        <ele>2079.4137701374</ele>
      </trkpt>
      <trkpt lat="45.39292" lon="6.76132">
        <ele>2079.0030166891</ele>
      </trkpt>
      <trkpt lat="45.39287" lon="6.76126">
        <ele>2078.0232743235</ele>
      </trkpt>
      <trkpt lat="45.39284" lon="6.76121">
        <ele>2077.0358872995</ele>
      </trkpt>
      <trkpt lat="45.39278" lon="6.76113">
        <ele>2075.9875365545</ele>
      </trkpt>
      <trkpt lat="45.39273" lon="6.76105">
        <ele>2074.640310261</ele>
      </trkpt>
      <trkpt lat="45.39266" lon="6.76097">
        <ele>2073.6051715679</ele>
      </trkpt>
      <trkpt lat="45.39259" lon="6.7609">
        <ele>2073.2838626633</ele>
      </trkpt>
      <trkpt lat="45.39253" lon="6.76082">
        <ele>2073.3185973134</ele>
      </trkpt>
      <trkpt lat="45.39251" lon="6.76077">
        <ele>2072.6504925256</ele>
      </trkpt>
      <trkpt lat="45.39249" lon="6.7607">
        <ele>2071.4790811009</ele>
      </trkpt>
      <trkpt lat="45.39247" lon="6.76066">
        <ele>2071.2623415306</ele>
      </trkpt>
      <trkpt lat="45.39241" lon="6.76058">
        <ele>2071.5013126195</ele>
      </trkpt>
      <trkpt lat="45.39236" lon="6.76051">
        <ele>2071.668803565</ele>
      </trkpt>
      <trkpt lat="45.39231" lon="6.76041">
        <ele>2071.2195838785</ele>
      </trkpt>
      <trkpt lat="45.39228" lon="6.76034">
        <ele>2070.8477884737</ele>
      </trkpt>
      <trkpt lat="45.39225" lon="6.7602">
        <ele>2069.2618303374</ele>
      </trkpt>
      <trkpt lat="45.39217" lon="6.75994">
        <ele>2066.765975886</ele>
      </trkpt>
      <trkpt lat="45.3921" lon="6.75961">
        <ele>2061.2139792296</ele>
      </trkpt>
      <trkpt lat="45.39203" lon="6.75944">
        <ele>2058.5438740357</ele>
      </trkpt>
      <trkpt lat="45.39202" lon="6.75939">
        <ele>2057.6146307257</ele>
      </trkpt>
      <trkpt lat="45.39199" lon="6.75931">
        <ele>2056.6654111369</ele>
      </trkpt>
      <trkpt lat="45.39196" lon="6.75917">
        <ele>2054.3299227795</ele>
      </trkpt>
      <trkpt lat="45.39195" lon="6.75914">
        <ele>2054.0075247491</ele>
      </trkpt>
      <trkpt lat="45.39193" lon="6.75905">
        <ele>2052.9802831215</ele>
      </trkpt>
      <trkpt lat="45.39192" lon="6.75895">
        <ele>2051.8004024837</ele>
      </trkpt>
      <trkpt lat="45.39189" lon="6.75888">
        <ele>2051.5631066232</ele>
      </trkpt>
      <trkpt lat="45.39184" lon="6.75881">
        <ele>2051.7951702877</ele>
      </trkpt>
      <trkpt lat="45.39179" lon="6.75873">
        <ele>2051.8981272469</ele>
      </trkpt>
      <trkpt lat="45.39176" lon="6.75865">
        <ele>2051.4743330178</ele>
      </trkpt>
      <trkpt lat="45.3917" lon="6.75846">
        <ele>2050.1108735292</ele>
      </trkpt>
      <trkpt lat="45.39165" lon="6.75832">
        <ele>2049.1641677928</ele>
      </trkpt>
      <trkpt lat="45.39159" lon="6.75808">
        <ele>2046.8820000343</ele>
      </trkpt>
      <trkpt lat="45.39153" lon="6.75773">
        <ele>2043.9725326099</ele>
      </trkpt>
      <trkpt lat="45.39149" lon="6.75766">
        <ele>2044.3316599806</ele>
      </trkpt>
      <trkpt lat="45.39144" lon="6.75762">
        <ele>2044.9919242098</ele>
      </trkpt>
      <trkpt lat="45.39139" lon="6.75755">
        <ele>2045.2483319703</ele>
      </trkpt>
      <trkpt lat="45.39135" lon="6.75748">
        <ele>2045.2781181279</ele>
      </trkpt>
      <trkpt lat="45.39129" lon="6.75733">
        <ele>2044.95493486</ele>
      </trkpt>
      <trkpt lat="45.39126" lon="6.75726">
        <ele>2044.6603472756</ele>
      </trkpt>
      <trkpt lat="45.39121" lon="6.75717">
        <ele>2044.0731937544</ele>
      </trkpt>
      <trkpt lat="45.39111" lon="6.75707">
        <ele>2043.3723466428</ele>
      </trkpt>
      <trkpt lat="45.39106" lon="6.757">
        <ele>2042.66314353</ele>
      </trkpt>
      <trkpt lat="45.39101" lon="6.7569">
        <ele>2041.4058879706</ele>
      </trkpt>
      <trkpt lat="45.39098" lon="6.75679">
        <ele>2039.9420767207</ele>
      </trkpt>
      <trkpt lat="45.39096" lon="6.75669">
        <ele>2038.6315910042</ele>
      </trkpt>
      <trkpt lat="45.39083" lon="6.75647">
        <ele>2035.74913248</ele>
      </trkpt>
      <trkpt lat="45.39074" lon="6.75629">
        <ele>2034.0436153052</ele>
      </trkpt>
      <trkpt lat="45.39044" lon="6.75586">
        <ele>2032.522605592</ele>
      </trkpt>
      <trkpt lat="45.39033" lon="6.75566">
        <ele>2032.154096599</ele>
      </trkpt>
      <trkpt lat="45.3903" lon="6.75557">
        <ele>2031.8420941938</ele>
      </trkpt>
      <trkpt lat="45.39002" lon="6.75519">
        <ele>2030.6718107646</ele>
      </trkpt>
      <trkpt lat="45.38997" lon="6.75507">
        <ele>2029.0046355539</ele>
      </trkpt>
      <trkpt lat="45.38989" lon="6.75478">
        <ele>2023.9164249013</ele>
      </trkpt>
      <trkpt lat="45.38983" lon="6.75462">
        <ele>2021.325279538</ele>
      </trkpt>
      <trkpt lat="45.3898" lon="6.75452">
        <ele>2020.1170907718</ele>
      </trkpt>
      <trkpt lat="45.3898" lon="6.75452">
        <ele>2020.1170907718</ele>
      </trkpt>
      <trkpt lat="45.38977" lon="6.7544">
        <ele>2018.6625087331</ele>
      </trkpt>
      <trkpt lat="45.38973" lon="6.75434">
        <ele>2017.9282641565</ele>
      </trkpt>
      <trkpt lat="45.38966" lon="6.75424">
        <ele>2016.9633612572</ele>
      </trkpt>
      <trkpt lat="45.38962" lon="6.7542">
        <ele>2016.7002660937</ele>
      </trkpt>
      <trkpt lat="45.38957" lon="6.75415">
        <ele>2016.3886301203</ele>
      </trkpt>
      <trkpt lat="45.38952" lon="6.75404">
        <ele>2015.4491939993</ele>
      </trkpt>
      <trkpt lat="45.38949" lon="6.75395">
        <ele>2014.5203391222</ele>
      </trkpt>
      <trkpt lat="45.38948" lon="6.75386">
        <ele>2013.3506140698</ele>
      </trkpt>
      <trkpt lat="45.38948" lon="6.75382">
        <ele>2012.7996147544</ele>
      </trkpt>
      <trkpt lat="45.38952" lon="6.75378">
        <ele>2012.0999567983</ele>
      </trkpt>
      <trkpt lat="45.38958" lon="6.75376">
        <ele>2011.8908761669</ele>
      </trkpt>
      <trkpt lat="45.38964" lon="6.75376">
        <ele>2011.9071751112</ele>
      </trkpt>
      <trkpt lat="45.3897" lon="6.75379">
        <ele>2012.3098775711</ele>
      </trkpt>
      <trkpt lat="45.38977" lon="6.75382">
        <ele>2012.8622124439</ele>
      </trkpt>
      <trkpt lat="45.3898" lon="6.7538">
        <ele>2012.8728201538</ele>
      </trkpt>
      <trkpt lat="45.38983" lon="6.75371">
        <ele>2012.4046910017</ele>
      </trkpt>
      <trkpt lat="45.38983" lon="6.75363">
        <ele>2011.9371038126</ele>
      </trkpt>
      <trkpt lat="45.38983" lon="6.75351">
        <ele>2011.2342138354</ele>
      </trkpt>
      <trkpt lat="45.38979" lon="6.75335">
        <ele>2010.7202363858</ele>
      </trkpt>
      <trkpt lat="45.38976" lon="6.75323">
        <ele>2010.7831688935</ele>
      </trkpt>
      <trkpt lat="45.38973" lon="6.7531">
        <ele>2010.9207584005</ele>
      </trkpt>
      <trkpt lat="45.38972" lon="6.75303">
        <ele>2011.3043133335</ele>
      </trkpt>
      <trkpt lat="45.38973" lon="6.75296">
        <ele>2012.1512485034</ele>
      </trkpt>
      <trkpt lat="45.38968" lon="6.75285">
        <ele>2012.1408432508</ele>
      </trkpt>
      <trkpt lat="45.38963" lon="6.7527">
        <ele>2011.5318645221</ele>
      </trkpt>
      <trkpt lat="45.38957" lon="6.75259">
        <ele>2010.3620947935</ele>
      </trkpt>
      <trkpt lat="45.38949" lon="6.75241">
        <ele>2008.3569718138</ele>
      </trkpt>
      <trkpt lat="45.38942" lon="6.75226">
        <ele>2005.9760144825</ele>
      </trkpt>
      <trkpt lat="45.38935" lon="6.75217">
        <ele>2003.8221117791</ele>
      </trkpt>
      <trkpt lat="45.3893" lon="6.75206">
        <ele>2002.0510375005</ele>
      </trkpt>
      <trkpt lat="45.38925" lon="6.75197">
        <ele>2000.3387203364</ele>
      </trkpt>
      <trkpt lat="45.38918" lon="6.75182">
        <ele>1997.7544272368</ele>
      </trkpt>
      <trkpt lat="45.38912" lon="6.7517">
        <ele>1995.4105792473</ele>
      </trkpt>
      <trkpt lat="45.38906" lon="6.75157">
        <ele>1992.9685371939</ele>
      </trkpt>
      <trkpt lat="45.389" lon="6.75141">
        <ele>1990.0813047724</ele>
      </trkpt>
      <trkpt lat="45.38896" lon="6.75129">
        <ele>1987.9188570341</ele>
      </trkpt>
      <trkpt lat="45.38894" lon="6.75121">
        <ele>1986.6793982014</ele>
      </trkpt>
      <trkpt lat="45.3889" lon="6.75106">
        <ele>1984.3729654014</ele>
      </trkpt>
      <trkpt lat="45.38889" lon="6.75093">
        <ele>1983.0857020373</ele>
      </trkpt>
      <trkpt lat="45.3889" lon="6.75079">
        <ele>1982.6226918292</ele>
      </trkpt>
      <trkpt lat="45.38893" lon="6.75068">
        <ele>1982.9381364152</ele>
      </trkpt>
      <trkpt lat="45.38901" lon="6.75052">
        <ele>1984.3124974024</ele>
      </trkpt>
      <trkpt lat="45.38905" lon="6.7504">
        <ele>1984.9348363146</ele>
      </trkpt>
      <trkpt lat="45.38907" lon="6.75034">
        <ele>1985.3519882762</ele>
      </trkpt>
      <trkpt lat="45.38908" lon="6.75026">
        <ele>1985.3755406156</ele>
      </trkpt>
      <trkpt lat="45.38907" lon="6.75018">
        <ele>1984.6715422579</ele>
      </trkpt>
      <trkpt lat="45.38896" lon="6.74998">
        <ele>1979.2121732002</ele>
      </trkpt>
      <trkpt lat="45.38887" lon="6.7498">
        <ele>1974.7026548269</ele>
      </trkpt>
      <trkpt lat="45.38877" lon="6.74965">
        <ele>1970.3799332698</ele>
      </trkpt>
      <trkpt lat="45.38869" lon="6.74944">
        <ele>1967.5653186037</ele>
      </trkpt>
      <trkpt lat="45.38863" lon="6.74936">
        <ele>1965.3781935049</ele>
      </trkpt>
      <trkpt lat="45.38858" lon="6.74928">
        <ele>1964.2606260594</ele>
      </trkpt>
      <trkpt lat="45.38854" lon="6.74917">
        <ele>1963.6803162236</ele>
      </trkpt>
      <trkpt lat="45.38846" lon="6.74898">
        <ele>1961.3219935476</ele>
      </trkpt>
      <trkpt lat="45.38832" lon="6.74867">
        <ele>1955.3184132539</ele>
      </trkpt>
      <trkpt lat="45.38828" lon="6.74859">
        <ele>1953.6064842862</ele>
      </trkpt>
      <trkpt lat="45.38817" lon="6.74837">
        <ele>1948.2468197734</ele>
      </trkpt>
      <trkpt lat="45.38809" lon="6.74822">
        <ele>1944.5994009868</ele>
      </trkpt>
      <trkpt lat="45.38804" lon="6.74806">
        <ele>1941.6151772399</ele>
      </trkpt>
      <trkpt lat="45.388" lon="6.74804">
        <ele>1940.0625773768</ele>
      </trkpt>
      <trkpt lat="45.38795" lon="6.74805">
        <ele>1938.5661748113</ele>
      </trkpt>
      <trkpt lat="45.38792" lon="6.74809">
        <ele>1938.13004626</ele>
      </trkpt>
      <trkpt lat="45.38788" lon="6.74809">
        <ele>1936.8376095258</ele>
      </trkpt>
      <trkpt lat="45.38786" lon="6.74807">
        <ele>1935.9095516304</ele>
      </trkpt>
      <trkpt lat="45.38785" lon="6.74801">
        <ele>1934.6903203416</ele>
      </trkpt>
      <trkpt lat="45.38789" lon="6.74783">
        <ele>1933.3996142357</ele>
      </trkpt>
      <trkpt lat="45.3879" lon="6.74774">
        <ele>1932.4988373316</ele>
      </trkpt>
      <trkpt lat="45.38789" lon="6.7476">
        <ele>1930.501006167</ele>
      </trkpt>
      <trkpt lat="45.38782" lon="6.74743">
        <ele>1925.6234458341</ele>
      </trkpt>
      <trkpt lat="45.38779" lon="6.74735">
        <ele>1923.3364047509</ele>
      </trkpt>
      <trkpt lat="45.38778" lon="6.74726">
        <ele>1921.671212284</ele>
      </trkpt>
      <trkpt lat="45.38775" lon="6.74718">
        <ele>1919.3232854725</ele>
      </trkpt>
      <trkpt lat="45.38771" lon="6.74707">
        <ele>1916.4479132321</ele>
      </trkpt>
      <trkpt lat="45.3877" lon="6.74698">
        <ele>1915.0035478073</ele>
      </trkpt>
      <trkpt lat="45.38773" lon="6.74677">
        <ele>1913.6068498772</ele>
      </trkpt>
      <trkpt lat="45.38771" lon="6.74671">
        <ele>1911.6984701059</ele>
      </trkpt>
      <trkpt lat="45.38766" lon="6.74671">
        <ele>1909.4603211542</ele>
      </trkpt>
      <trkpt lat="45.38757" lon="6.7468">
        <ele>1907.2899403</ele>
      </trkpt>
      <trkpt lat="45.38753" lon="6.74666">
        <ele>1902.9059400986</ele>
      </trkpt>
      <trkpt lat="45.38755" lon="6.74644">
        <ele>1900.0284607958</ele>
      </trkpt>
      <trkpt lat="45.38762" lon="6.74633">
        <ele>1901.849702876</ele>
      </trkpt>
      <trkpt lat="45.38762" lon="6.74613">
        <ele>1899.791331993</ele>
      </trkpt>
      <trkpt lat="45.38761" lon="6.74602">
        <ele>1898.7310679013</ele>
      </trkpt>
      <trkpt lat="45.38757" lon="6.74584">
        <ele>1895.7105846154</ele>
      </trkpt>
      <trkpt lat="45.38757" lon="6.74576">
        <ele>1894.9649305707</ele>
      </trkpt>
      <trkpt lat="45.38759" lon="6.74571">
        <ele>1895.3947233451</ele>
      </trkpt>
      <trkpt lat="45.38759" lon="6.74565">
        <ele>1894.8750534636</ele>
      </trkpt>
      <trkpt lat="45.38756" lon="6.74562">
        <ele>1893.2390953696</ele>
      </trkpt>
      <trkpt lat="45.38755" lon="6.7456">
        <ele>1892.6000481254</ele>
      </trkpt>
      <trkpt lat="45.38752" lon="6.74559">
        <ele>1891.0233220159</ele>
      </trkpt>
      <trkpt lat="45.38749" lon="6.74562">
        <ele>1889.742109536</ele>
      </trkpt>
      <trkpt lat="45.38746" lon="6.74574">
        <ele>1889.28435717</ele>
      </trkpt>
      <trkpt lat="45.38743" lon="6.74579">
        <ele>1888.157814217</ele>
      </trkpt>
      <trkpt lat="45.38742" lon="6.7458">
        <ele>1887.7201622494</ele>
      </trkpt>
      <trkpt lat="45.3874" lon="6.74578">
        <ele>1886.4720315747</ele>
      </trkpt>
      <trkpt lat="45.38739" lon="6.74567">
        <ele>1884.9158988226</ele>
      </trkpt>
      <trkpt lat="45.38735" lon="6.74527">
        <ele>1879.6550451979</ele>
      </trkpt>
      <trkpt lat="45.38734" lon="6.74513">
        <ele>1878.082404471</ele>
      </trkpt>
      <trkpt lat="45.38733" lon="6.74503">
        <ele>1876.8064571714</ele>
      </trkpt>
      <trkpt lat="45.38732" lon="6.74496">
        <ele>1875.7342383219</ele>
      </trkpt>
      <trkpt lat="45.38728" lon="6.7449">
        <ele>1873.1315736391</ele>
      </trkpt>
      <trkpt lat="45.38726" lon="6.7449">
        <ele>1872.1030376839</ele>
      </trkpt>
      <trkpt lat="45.38723" lon="6.74485">
        <ele>1870.0971685785</ele>
      </trkpt>
      <trkpt lat="45.3872" lon="6.74478">
        <ele>1867.8989509364</ele>
      </trkpt>
      <trkpt lat="45.38717" lon="6.74474">
        <ele>1865.9604644378</ele>
      </trkpt>
      <trkpt lat="45.38715" lon="6.74472">
        <ele>1864.68903677</ele>
      </trkpt>
      <trkpt lat="45.38712" lon="6.7447">
        <ele>1862.8867535724</ele>
      </trkpt>
      <trkpt lat="45.3871" lon="6.74463">
        <ele>1861.1211313099</ele>
      </trkpt>
      <trkpt lat="45.38709" lon="6.74451">
        <ele>1859.1381755176</ele>
      </trkpt>
      <trkpt lat="45.38704" lon="6.74443">
        <ele>1856.0226027849</ele>
      </trkpt>
      <trkpt lat="45.38702" lon="6.74434">
        <ele>1854.2619174076</ele>
      </trkpt>
      <trkpt lat="45.387" lon="6.74418">
        <ele>1851.6614716051</ele>
      </trkpt>
      <trkpt lat="45.38699" lon="6.744">
        <ele>1849.3030420934</ele>
      </trkpt>
      <trkpt lat="45.38699" lon="6.74386">
        <ele>1848.0891527756</ele>
      </trkpt>
      <trkpt lat="45.38699" lon="6.74376">
        <ele>1847.3171439966</ele>
      </trkpt>
      <trkpt lat="45.38698" lon="6.74372">
        <ele>1846.6669893002</ele>
      </trkpt>
      <trkpt lat="45.38696" lon="6.74373">
        <ele>1846.015381255</ele>
      </trkpt>
      <trkpt lat="45.38693" lon="6.74379">
        <ele>1845.4261020393</ele>
      </trkpt>
      <trkpt lat="45.38692" lon="6.74383">
        <ele>1845.4150642384</ele>
      </trkpt>
      <trkpt lat="45.38686" lon="6.74381">
        <ele>1843.2205497595</ele>
      </trkpt>
      <trkpt lat="45.38685" lon="6.7436">
        <ele>1840.7383598452</ele>
      </trkpt>
      <trkpt lat="45.38684" lon="6.7434">
        <ele>1838.2439036572</ele>
      </trkpt>
      <trkpt lat="45.38683" lon="6.74323">
        <ele>1836.9908772863</ele>
      </trkpt>
      <trkpt lat="45.38678" lon="6.74303">
        <ele>1833.9543374014</ele>
      </trkpt>
      <trkpt lat="45.38674" lon="6.74286">
        <ele>1831.6671192218</ele>
      </trkpt>
      <trkpt lat="45.38674" lon="6.74284">
        <ele>1831.6205158439</ele>
      </trkpt>
      <trkpt lat="45.38669" lon="6.74269">
        <ele>1828.8689429592</ele>
      </trkpt>
      <trkpt lat="45.38662" lon="6.74244">
        <ele>1824.8971220514</ele>
      </trkpt>
      <trkpt lat="45.38651" lon="6.74215">
        <ele>1817.190763957</ele>
      </trkpt>
      <trkpt lat="45.38646" lon="6.74206">
        <ele>1814.5351329249</ele>
      </trkpt>
      <trkpt lat="45.38641" lon="6.74199">
        <ele>1812.6146710731</ele>
      </trkpt>
      <trkpt lat="45.3863" lon="6.74185">
        <ele>1809.4356102394</ele>
      </trkpt>
      <trkpt lat="45.38614" lon="6.74154">
        <ele>1804.1714242943</ele>
      </trkpt>
      <trkpt lat="45.38608" lon="6.74137">
        <ele>1801.6029637994</ele>
      </trkpt>
      <trkpt lat="45.38602" lon="6.74128">
        <ele>1798.8815559378</ele>
      </trkpt>
      <trkpt lat="45.38597" lon="6.74122">
        <ele>1796.548242331</ele>
      </trkpt>
      <trkpt lat="45.38588" lon="6.74117">
        <ele>1793.0978285887</ele>
      </trkpt>
      <trkpt lat="45.38584" lon="6.74128">
        <ele>1792.1308003545</ele>
      </trkpt>
      <trkpt lat="45.38579" lon="6.74137">
        <ele>1790.6713162917</ele>
      </trkpt>
      <trkpt lat="45.38571" lon="6.74147">
        <ele>1787.7795044925</ele>
      </trkpt>
      <trkpt lat="45.38562" lon="6.74157">
        <ele>1783.9671800727</ele>
      </trkpt>
      <trkpt lat="45.38556" lon="6.74162">
        <ele>1781.4375820306</ele>
      </trkpt>
      <trkpt lat="45.3855" lon="6.74168">
        <ele>1779.0045168029</ele>
      </trkpt>
      <trkpt lat="45.38542" lon="6.74176">
        <ele>1775.9031418775</ele>
      </trkpt>
      <trkpt lat="45.38542" lon="6.74156">
        <ele>1775.5622026659</ele>
      </trkpt>
      <trkpt lat="45.38545" lon="6.74141">
        <ele>1777.1761963341</ele>
      </trkpt>
      <trkpt lat="45.38531" lon="6.74129">
        <ele>1773.177613876</ele>
      </trkpt>
      <trkpt lat="45.38523" lon="6.74114">
        <ele>1772.1869563709</ele>
      </trkpt>
      <trkpt lat="45.38518" lon="6.74102">
        <ele>1771.3584268153</ele>
      </trkpt>
      <trkpt lat="45.38516" lon="6.74096">
        <ele>1771.2465166628</ele>
      </trkpt>
      <trkpt lat="45.38511" lon="6.74089">
        <ele>1770.5782517819</ele>
      </trkpt>
      <trkpt lat="45.38504" lon="6.74084">
        <ele>1768.3137862623</ele>
      </trkpt>
      <trkpt lat="45.38496" lon="6.74081">
        <ele>1764.8600685018</ele>
      </trkpt>
      <trkpt lat="45.38492" lon="6.74074">
        <ele>1763.4010185664</ele>
      </trkpt>
      <trkpt lat="45.38488" lon="6.74066">
        <ele>1762.1430569319</ele>
      </trkpt>
      <trkpt lat="45.38485" lon="6.74054">
        <ele>1761.7295393937</ele>
      </trkpt>
      <trkpt lat="45.38481" lon="6.74045">
        <ele>1761.452675901</ele>
      </trkpt>
      <trkpt lat="45.38476" lon="6.74038">
        <ele>1760.6079920862</ele>
      </trkpt>
      <trkpt lat="45.38471" lon="6.74036">
        <ele>1759.1225133684</ele>
      </trkpt>
      <trkpt lat="45.3846" lon="6.74032">
        <ele>1755.7160488933</ele>
      </trkpt>
      <trkpt lat="45.38451" lon="6.74026">
        <ele>1753.1260119216</ele>
      </trkpt>
      <trkpt lat="45.38444" lon="6.74021">
        <ele>1750.9628399936</ele>
      </trkpt>
      <trkpt lat="45.38443" lon="6.74019">
        <ele>1750.6917751904</ele>
      </trkpt>
      <trkpt lat="45.38432" lon="6.74009">
        <ele>1746.3143101305</ele>
      </trkpt>
      <trkpt lat="45.38416" lon="6.7398">
        <ele>1738.3731735175</ele>
      </trkpt>
      <trkpt lat="45.38409" lon="6.73968">
        <ele>1734.6252671867</ele>
      </trkpt>
      <trkpt lat="45.38401" lon="6.73941">
        <ele>1730.2177852619</ele>
      </trkpt>
      <trkpt lat="45.38383" lon="6.73904">
        <ele>1724.027090397</ele>
      </trkpt>
      <trkpt lat="45.38366" lon="6.73863">
        <ele>1720.4345465001</ele>
      </trkpt>
      <trkpt lat="45.38361" lon="6.73851">
        <ele>1719.0780128439</ele>
      </trkpt>
      <trkpt lat="45.38341" lon="6.73812">
        <ele>1712.7749124099</ele>
      </trkpt>
      <trkpt lat="45.38327" lon="6.73787">
        <ele>1708.9002423421</ele>
      </trkpt>
      <trkpt lat="45.38314" lon="6.73762">
        <ele>1705.2455511773</ele>
      </trkpt>
      <trkpt lat="45.38299" lon="6.73741">
        <ele>1698.6150303764</ele>
      </trkpt>
      <trkpt lat="45.38291" lon="6.73729">
        <ele>1695.4949272067</ele>
      </trkpt>
      <trkpt lat="45.38283" lon="6.73715">
        <ele>1694.0809883121</ele>
      </trkpt>
      <trkpt lat="45.3827" lon="6.73689">
        <ele>1692.2253129507</ele>
      </trkpt>
      <trkpt lat="45.38263" lon="6.73677">
        <ele>1690.4024794871</ele>
      </trkpt>
      <trkpt lat="45.38235" lon="6.7363">
        <ele>1679.7185421408</ele>
      </trkpt>
      <trkpt lat="45.38216" lon="6.73602">
        <ele>1672.7484009937</ele>
      </trkpt>
      <trkpt lat="45.38202" lon="6.73583">
        <ele>1668.370787948</ele>
      </trkpt>
      <trkpt lat="45.38178" lon="6.73564">
        <ele>1661.5996343047</ele>
      </trkpt>
      <trkpt lat="45.38173" lon="6.73551">
        <ele>1659.5172044939</ele>
      </trkpt>
      <trkpt lat="45.38168" lon="6.7354">
        <ele>1657.9822717358</ele>
      </trkpt>
      <trkpt lat="45.38164" lon="6.73532">
        <ele>1656.7478400596</ele>
      </trkpt>
      <trkpt lat="45.38159" lon="6.73526">
        <ele>1655.2897839514</ele>
      </trkpt>
      <trkpt lat="45.38153" lon="6.7352">
        <ele>1653.5988185592</ele>
      </trkpt>
      <trkpt lat="45.38147" lon="6.73519">
        <ele>1652.366928097</ele>
      </trkpt>
      <trkpt lat="45.38136" lon="6.73514">
        <ele>1649.9161130338</ele>
      </trkpt>
      <trkpt lat="45.38128" lon="6.73508">
        <ele>1647.6989034603</ele>
      </trkpt>
      <trkpt lat="45.3812" lon="6.73501">
        <ele>1645.2862334555</ele>
      </trkpt>
      <trkpt lat="45.38116" lon="6.73497">
        <ele>1643.9156966692</ele>
      </trkpt>
      <trkpt lat="45.38113" lon="6.73494">
        <ele>1642.847210283</ele>
      </trkpt>
      <trkpt lat="45.38109" lon="6.73492">
        <ele>1641.6010376498</ele>
      </trkpt>
      <trkpt lat="45.38108" lon="6.73488">
        <ele>1640.8524786047</ele>
      </trkpt>
      <trkpt lat="45.38106" lon="6.73485">
        <ele>1639.9861822909</ele>
      </trkpt>
      <trkpt lat="45.38103" lon="6.73483">
        <ele>1638.915119988</ele>
      </trkpt>
      <trkpt lat="45.38104" lon="6.73471">
        <ele>1637.9555097788</ele>
      </trkpt>
      <trkpt lat="45.38104" lon="6.73456">
        <ele>1636.4683707222</ele>
      </trkpt>
      <trkpt lat="45.38095" lon="6.73442">
        <ele>1632.5910537708</ele>
      </trkpt>
      <trkpt lat="45.38088" lon="6.73429">
        <ele>1629.4818128448</ele>
      </trkpt>
      <trkpt lat="45.38082" lon="6.73414">
        <ele>1627.618826968</ele>
      </trkpt>
      <trkpt lat="45.38077" lon="6.73409">
        <ele>1626.3147457149</ele>
      </trkpt>
      <trkpt lat="45.38072" lon="6.73408">
        <ele>1624.972448175</ele>
      </trkpt>
      <trkpt lat="45.38068" lon="6.73406">
        <ele>1623.8734661777</ele>
      </trkpt>
      <trkpt lat="45.38065" lon="6.734">
        <ele>1623.0486852925</ele>
      </trkpt>
      <trkpt lat="45.38057" lon="6.73388">
        <ele>1621.0409394053</ele>
      </trkpt>
      <trkpt lat="45.38054" lon="6.73382">
        <ele>1620.2060505478</ele>
      </trkpt>
      <trkpt lat="45.38047" lon="6.73362">
        <ele>1617.7443625315</ele>
      </trkpt>
      <trkpt lat="45.38036" lon="6.73343">
        <ele>1614.5109688477</ele>
      </trkpt>
      <trkpt lat="45.38031" lon="6.73334">
        <ele>1613.1064202606</ele>
      </trkpt>
      <trkpt lat="45.38029" lon="6.73325">
        <ele>1612.4160079354</ele>
      </trkpt>
      <trkpt lat="45.38028" lon="6.73323">
        <ele>1612.0662616647</ele>
      </trkpt>
      <trkpt lat="45.38027" lon="6.73313">
        <ele>1611.4612348886</ele>
      </trkpt>
      <trkpt lat="45.38025" lon="6.73304">
        <ele>1610.514034881</ele>
      </trkpt>
      <trkpt lat="45.38018" lon="6.73292">
        <ele>1607.4010871086</ele>
      </trkpt>
      <trkpt lat="45.38015" lon="6.73284">
        <ele>1605.5419339647</ele>
      </trkpt>
      <trkpt lat="45.38012" lon="6.73275">
        <ele>1603.5315158121</ele>
      </trkpt>
      <trkpt lat="45.38002" lon="6.73255">
        <ele>1597.4221258991</ele>
      </trkpt>
      <trkpt lat="45.38" lon="6.73243">
        <ele>1595.036674515</ele>
      </trkpt>
      <trkpt lat="45.37999" lon="6.7323">
        <ele>1593.4199441715</ele>
      </trkpt>
      <trkpt lat="45.37998" lon="6.73219">
        <ele>1592.5744909565</ele>
      </trkpt>
      <trkpt lat="45.37995" lon="6.73211">
        <ele>1591.2863552757</ele>
      </trkpt>
      <trkpt lat="45.37994" lon="6.73207">
        <ele>1590.8500335845</ele>
      </trkpt>
      <trkpt lat="45.37989" lon="6.73201">
        <ele>1589.2633831862</ele>
      </trkpt>
      <trkpt lat="45.37986" lon="6.73201">
        <ele>1588.411858466</ele>
      </trkpt>
      <trkpt lat="45.3798" lon="6.73199">
        <ele>1586.7452429175</ele>
      </trkpt>
      <trkpt lat="45.37974" lon="6.73195">
        <ele>1585.30959849</ele>
      </trkpt>
      <trkpt lat="45.3797" lon="6.73191">
        <ele>1584.5961025207</ele>
      </trkpt>
      <trkpt lat="45.37967" lon="6.73186">
        <ele>1584.1925729696</ele>
      </trkpt>
      <trkpt lat="45.37966" lon="6.73178">
        <ele>1584.3891158023</ele>
      </trkpt>
      <trkpt lat="45.37965" lon="6.73172">
        <ele>1584.3500077772</ele>
      </trkpt>
      <trkpt lat="45.37965" lon="6.73163">
        <ele>1584.1324897657</ele>
      </trkpt>
      <trkpt lat="45.37967" lon="6.73156">
        <ele>1584.0611650314</ele>
      </trkpt>
      <trkpt lat="45.37959" lon="6.7316">
        <ele>1583.3600394452</ele>
      </trkpt>
      <trkpt lat="45.37949" lon="6.73163">
        <ele>1581.4049385062</ele>
      </trkpt>
      <trkpt lat="45.37942" lon="6.73159">
        <ele>1580.0438665937</ele>
      </trkpt>
      <trkpt lat="45.37941" lon="6.73146">
        <ele>1580.7069955033</ele>
      </trkpt>
      <trkpt lat="45.37948" lon="6.73125">
        <ele>1581.9044897493</ele>
      </trkpt>
      <trkpt lat="45.37954" lon="6.73097">
        <ele>1581.4172986117</ele>
      </trkpt>
      <trkpt lat="45.37956" lon="6.73082">
        <ele>1580.3345768764</ele>
      </trkpt>
      <trkpt lat="45.37954" lon="6.73068">
        <ele>1578.0672039572</ele>
      </trkpt>
      <trkpt lat="45.37944" lon="6.73055">
        <ele>1573.6068857463</ele>
      </trkpt>
      <trkpt lat="45.3794" lon="6.73038">
        <ele>1569.1827738428</ele>
      </trkpt>
      <trkpt lat="45.37942" lon="6.73029">
        <ele>1567.9124121515</ele>
      </trkpt>
      <trkpt lat="45.37947" lon="6.73017">
        <ele>1567.1103887714</ele>
      </trkpt>
      <trkpt lat="45.37951" lon="6.72999">
        <ele>1565.5254084799</ele>
      </trkpt>
      <trkpt lat="45.37947" lon="6.72986">
        <ele>1561.836665444</ele>
      </trkpt>
      <trkpt lat="45.37942" lon="6.72977">
        <ele>1558.0985604612</ele>
      </trkpt>
      <trkpt lat="45.37952" lon="6.72969">
        <ele>1560.8378006854</ele>
      </trkpt>
      <trkpt lat="45.37954" lon="6.72966">
        <ele>1560.9435900619</ele>
      </trkpt>
      <trkpt lat="45.37954" lon="6.72959">
        <ele>1559.7013738089</ele>
      </trkpt>
      <trkpt lat="45.37952" lon="6.72946">
        <ele>1556.4619648109</ele>
      </trkpt>
      <trkpt lat="45.37952" lon="6.72942">
        <ele>1555.6189664329</ele>
      </trkpt>
      <trkpt lat="45.37951" lon="6.72934">
        <ele>1553.3415617199</ele>
      </trkpt>
      <trkpt lat="45.37952" lon="6.72912">
        <ele>1547.6815648073</ele>
      </trkpt>
      <trkpt lat="45.37954" lon="6.72894">
        <ele>1541.0556877166</ele>
      </trkpt>
      <trkpt lat="45.37963" lon="6.72878">
        <ele>1536.110118244</ele>
      </trkpt>
      <trkpt lat="45.37972" lon="6.7287">
        <ele>1534.4457229908</ele>
      </trkpt>
      <trkpt lat="45.37981" lon="6.72864">
        <ele>1533.5346678068</ele>
      </trkpt>
      <trkpt lat="45.37987" lon="6.72861">
        <ele>1532.6673482799</ele>
      </trkpt>
      <trkpt lat="45.37995" lon="6.7286">
        <ele>1532.2615929597</ele>
      </trkpt>
      <trkpt lat="45.38003" lon="6.72856">
        <ele>1531.0505538137</ele>
      </trkpt>
      <trkpt lat="45.3802" lon="6.72848">
        <ele>1528.6671346304</ele>
      </trkpt>
      <trkpt lat="45.38029" lon="6.72839">
        <ele>1526.8841072993</ele>
      </trkpt>
      <trkpt lat="45.38035" lon="6.72829">
        <ele>1524.9283155903</ele>
      </trkpt>
      <trkpt lat="45.38041" lon="6.72814">
        <ele>1521.3891814026</ele>
      </trkpt>
      <trkpt lat="45.38033" lon="6.72815">
        <ele>1520.9827271033</ele>
      </trkpt>
      <trkpt lat="45.38022" lon="6.72822">
        <ele>1522.0888942848</ele>
      </trkpt>
      <trkpt lat="45.38017" lon="6.72824">
        <ele>1522.3923287981</ele>
      </trkpt>
      <trkpt lat="45.38008" lon="6.72827">
        <ele>1522.9378120279</ele>
      </trkpt>
      <trkpt lat="45.38012" lon="6.72821">
        <ele>1521.1910399851</ele>
      </trkpt>
      <trkpt lat="45.38018" lon="6.72809">
        <ele>1517.8681901787</ele>
      </trkpt>
      <trkpt lat="45.38022" lon="6.72797">
        <ele>1514.5656372741</ele>
      </trkpt>
      <trkpt lat="45.3803" lon="6.72751">
        <ele>1497.3278161026</ele>
      </trkpt>
      <trkpt lat="45.38034" lon="6.72732">
        <ele>1489.780615656</ele>
      </trkpt>
      <trkpt lat="45.38035" lon="6.72722">
        <ele>1485.9568572028</ele>
      </trkpt>
      <trkpt lat="45.38035" lon="6.72719">
        <ele>1484.7238343284</ele>
      </trkpt>
      <trkpt lat="45.38037" lon="6.72712">
        <ele>1482.4270238233</ele>
      </trkpt>
      <trkpt lat="45.3804" lon="6.72702">
        <ele>1479.4520314455</ele>
      </trkpt>
      <trkpt lat="45.38044" lon="6.72697">
        <ele>1478.9003759207</ele>
      </trkpt>
      <trkpt lat="45.3805" lon="6.72694">
        <ele>1479.7974458135</ele>
      </trkpt>
      <trkpt lat="45.38055" lon="6.72694">
        <ele>1481.2464754043</ele>
      </trkpt>
      <trkpt lat="45.38064" lon="6.72695">
        <ele>1484.1266140115</ele>
      </trkpt>
      <trkpt lat="45.38069" lon="6.72696">
        <ele>1486.0816423533</ele>
      </trkpt>
      <trkpt lat="45.38067" lon="6.72694">
        <ele>1484.7029070487</ele>
      </trkpt>
      <trkpt lat="45.38053" lon="6.7268">
        <ele>1476.6265814002</ele>
      </trkpt>
      <trkpt lat="45.38032" lon="6.72644">
        <ele>1463.2679763783</ele>
      </trkpt>
      <trkpt lat="45.38017" lon="6.72626">
        <ele>1457.2340372732</ele>
      </trkpt>
      <trkpt lat="45.38015" lon="6.72616">
        <ele>1455.3597747755</ele>
      </trkpt>
      <trkpt lat="45.38014" lon="6.72605">
        <ele>1453.5861566165</ele>
      </trkpt>
      <trkpt lat="45.38017" lon="6.72578">
        <ele>1449.9862394023</ele>
      </trkpt>
      <trkpt lat="45.38016" lon="6.72563">
        <ele>1447.5077773837</ele>
      </trkpt>
      <trkpt lat="45.38014" lon="6.72549">
        <ele>1445.1402720165</ele>
      </trkpt>
      <trkpt lat="45.38012" lon="6.72532">
        <ele>1442.4174551512</ele>
      </trkpt>
      <trkpt lat="45.38012" lon="6.72517">
        <ele>1440.1638001636</ele>
      </trkpt>
      <trkpt lat="45.38011" lon="6.72504">
        <ele>1438.3726256569</ele>
      </trkpt>
      <trkpt lat="45.38011" lon="6.72489">
        <ele>1436.5214958864</ele>
      </trkpt>
      <trkpt lat="45.38012" lon="6.72462">
        <ele>1434.3553760157</ele>
      </trkpt>
      <trkpt lat="45.38012" lon="6.72454">
        <ele>1433.8939631455</ele>
      </trkpt>
      <trkpt lat="45.38011" lon="6.72444">
        <ele>1433.2684497134</ele>
      </trkpt>
      <trkpt lat="45.38009" lon="6.7243">
        <ele>1432.2592574144</ele>
      </trkpt>
      <trkpt lat="45.38006" lon="6.72413">
        <ele>1431.0603314384</ele>
      </trkpt>
      <trkpt lat="45.37993" lon="6.72419">
        <ele>1431.6710581867</ele>
      </trkpt>
      <trkpt lat="45.37985" lon="6.72423">
        <ele>1431.7260294391</ele>
      </trkpt>
      <trkpt lat="45.37984" lon="6.7242">
        <ele>1431.5696321948</ele>
      </trkpt>
      <trkpt lat="45.37979" lon="6.72412">
        <ele>1430.992510168</ele>
      </trkpt>
      <trkpt lat="45.37969" lon="6.72384">
        <ele>1428.6302801383</ele>
      </trkpt>
      <trkpt lat="45.37964" lon="6.72387">
        <ele>1428.4796763688</ele>
      </trkpt>
      <trkpt lat="45.37955" lon="6.72393">
        <ele>1428.0956720841</ele>
      </trkpt>
      <trkpt lat="45.37944" lon="6.72399">
        <ele>1427.7310566211</ele>
      </trkpt>
      <trkpt lat="45.37939" lon="6.72393">
        <ele>1427.3430747529</ele>
      </trkpt>
      <trkpt lat="45.37923" lon="6.72384">
        <ele>1426.5178768289</ele>
      </trkpt>
      <trkpt lat="45.37911" lon="6.72375">
        <ele>1425.7714636151</ele>
      </trkpt>
      <trkpt lat="45.37893" lon="6.72363">
        <ele>1425</ele>
      </trkpt>
      <trkpt lat="45.37889" lon="6.72357">
        <ele>1425.0988306018</ele>
      </trkpt>
      <trkpt lat="45.37887" lon="6.72349">
        <ele>1425.0324006688</ele>
      </trkpt>
      <trkpt lat="45.37882" lon="6.72343">
        <ele>1425.2257984892</ele>
      </trkpt>
      <trkpt lat="45.37878" lon="6.72337">
        <ele>1425.4232578525</ele>
      </trkpt>
      <trkpt lat="45.37873" lon="6.72323">
        <ele>1425.7149714012</ele>
      </trkpt>
      <trkpt lat="45.37871" lon="6.72318">
        <ele>1425.887866679</ele>
      </trkpt>
      <trkpt lat="45.3787" lon="6.72312">
        <ele>1425.9873873381</ele>
      </trkpt>
      <trkpt lat="45.37866" lon="6.723">
        <ele>1426.3969936552</ele>
      </trkpt>
      <trkpt lat="45.37851" lon="6.72308">
        <ele>1427.8336957605</ele>
      </trkpt>
      <trkpt lat="45.37834" lon="6.72316">
        <ele>1428.3017329778</ele>
      </trkpt>
      <trkpt lat="45.37819" lon="6.72322">
        <ele>1428.2363283943</ele>
      </trkpt>
      <trkpt lat="45.37772" lon="6.7234">
        <ele>1429.0325468695</ele>
      </trkpt>
      <trkpt lat="45.37726" lon="6.72355">
        <ele>1429.7590892507</ele>
      </trkpt>
      <trkpt lat="45.37702" lon="6.72365">
        <ele>1430.8234873217</ele>
      </trkpt>
      <trkpt lat="45.37693" lon="6.72368">
        <ele>1431.292519598</ele>
      </trkpt>
      <trkpt lat="45.37655" lon="6.7238">
        <ele>1438.3277157514</ele>
      </trkpt>
      <trkpt lat="45.3764" lon="6.72384">
        <ele>1444.5026399505</ele>
      </trkpt>
      <trkpt lat="45.37634" lon="6.72384">
        <ele>1447.5961607978</ele>
      </trkpt>
      <trkpt lat="45.37632" lon="6.72393">
        <ele>1449.225140526</ele>
      </trkpt>
      <trkpt lat="45.37626" lon="6.72388">
        <ele>1452.0072189042</ele>
      </trkpt>
      <trkpt lat="45.3762" lon="6.72382">
        <ele>1453.9702710983</ele>
      </trkpt>
      <trkpt lat="45.37617" lon="6.72381">
        <ele>1454.9814910336</ele>
      </trkpt>
      <trkpt lat="45.37615" lon="6.72382">
        <ele>1455.7797334404</ele>
      </trkpt>
      <trkpt lat="45.37612" lon="6.72388">
        <ele>1457.2541836863</ele>
      </trkpt>
      <trkpt lat="45.37609" lon="6.72389">
        <ele>1458.3640747252</ele>
      </trkpt>
      <trkpt lat="45.37607" lon="6.72387">
        <ele>1458.9646497765</ele>
      </trkpt>
      <trkpt lat="45.376" lon="6.7237">
        <ele>1460.1651804874</ele>
      </trkpt>
      <trkpt lat="45.37595" lon="6.7235">
        <ele>1459.92508444</ele>
      </trkpt>
      <trkpt lat="45.37591" lon="6.72345">
        <ele>1460.4238186958</ele>
      </trkpt>
      <trkpt lat="45.37572" lon="6.7232">
        <ele>1461.9335851739</ele>
      </trkpt>
      <trkpt lat="45.37568" lon="6.7232">
        <ele>1462.8595669979</ele>
      </trkpt>
      <trkpt lat="45.37567" lon="6.7233">
        <ele>1464.5186424229</ele>
      </trkpt>
      <trkpt lat="45.37568" lon="6.72332">
        <ele>1464.5744720944</ele>
      </trkpt>
      <trkpt lat="45.37567" lon="6.72334">
        <ele>1465.0733264248</ele>
      </trkpt>
      <trkpt lat="45.37566" lon="6.72336">
        <ele>1465.581125613</ele>
      </trkpt>
      <trkpt lat="45.37564" lon="6.72336">
        <ele>1466.0455302643</ele>
      </trkpt>
      <trkpt lat="45.37555" lon="6.72333">
        <ele>1467.8051719333</ele>
      </trkpt>
      <trkpt lat="45.37546" lon="6.72331">
        <ele>1469.8216383091</ele>
      </trkpt>
      <trkpt lat="45.3754" lon="6.72328">
        <ele>1470.7895014844</ele>
      </trkpt>
      <trkpt lat="45.37536" lon="6.72324">
        <ele>1471.0074607351</ele>
      </trkpt>
      <trkpt lat="45.37523" lon="6.72307">
        <ele>1471.3543531536</ele>
      </trkpt>
      <trkpt lat="45.37515" lon="6.72295">
        <ele>1470.9926807983</ele>
      </trkpt>
      <trkpt lat="45.37503" lon="6.72276">
        <ele>1471.2331972663</ele>
      </trkpt>
      <trkpt lat="45.37496" lon="6.72262">
        <ele>1471.0049634648</ele>
      </trkpt>
      <trkpt lat="45.3748" lon="6.72236">
        <ele>1473.7414959513</ele>
      </trkpt>
      <trkpt lat="45.37474" lon="6.72223">
        <ele>1474.2310306495</ele>
      </trkpt>
      <trkpt lat="45.3747" lon="6.7221">
        <ele>1474.5050782735</ele>
      </trkpt>
      <trkpt lat="45.37468" lon="6.72196">
        <ele>1473.7677125259</ele>
      </trkpt>
      <trkpt lat="45.37464" lon="6.72191">
        <ele>1474.7382735087</ele>
      </trkpt>
      <trkpt lat="45.37461" lon="6.72188">
        <ele>1475.439097724</ele>
      </trkpt>
      <trkpt lat="45.37458" lon="6.72179">
        <ele>1474.9963160723</ele>
      </trkpt>
      <trkpt lat="45.37452" lon="6.72172">
        <ele>1476.251089589</ele>
      </trkpt>
      <trkpt lat="45.37436" lon="6.72153">
        <ele>1477.4175089977</ele>
      </trkpt>
      <trkpt lat="45.37432" lon="6.72148">
        <ele>1477.4708807225</ele>
      </trkpt>
      <trkpt lat="45.3742" lon="6.72123">
        <ele>1475.1779259177</ele>
      </trkpt>
      <trkpt lat="45.37411" lon="6.72114">
        <ele>1475.8529259466</ele>
      </trkpt>
      <trkpt lat="45.37403" lon="6.72105">
        <ele>1476.1634985111</ele>
      </trkpt>
      <trkpt lat="45.37393" lon="6.72098">
        <ele>1478.6026804491</ele>
      </trkpt>
      <trkpt lat="45.37375" lon="6.72082">
        <ele>1482.7717308104</ele>
      </trkpt>
      <trkpt lat="45.37371" lon="6.72078">
        <ele>1483.5874439332</ele>
      </trkpt>
      <trkpt lat="45.3737" lon="6.72073">
        <ele>1482.9160128302</ele>
      </trkpt>
      <trkpt lat="45.37367" lon="6.72062">
        <ele>1481.7950268522</ele>
      </trkpt>
      <trkpt lat="45.37366" lon="6.72059">
        <ele>1481.5722441324</ele>
      </trkpt>
      <trkpt lat="45.37365" lon="6.72052">
        <ele>1480.5000406085</ele>
      </trkpt>
      <trkpt lat="45.37365" lon="6.72048">
        <ele>1479.6422998776</ele>
      </trkpt>
      <trkpt lat="45.37365" lon="6.7204">
        <ele>1478.0598175263</ele>
      </trkpt>
      <trkpt lat="45.37363" lon="6.72036">
        <ele>1477.9936576683</ele>
      </trkpt>
      <trkpt lat="45.37361" lon="6.72032">
        <ele>1477.9902286043</ele>
      </trkpt>
      <trkpt lat="45.37361" lon="6.72029">
        <ele>1477.4984978095</ele>
      </trkpt>
      <trkpt lat="45.37359" lon="6.72026">
        <ele>1477.594014806</ele>
      </trkpt>
      <trkpt lat="45.37357" lon="6.72023">
        <ele>1477.6663436978</ele>
      </trkpt>
      <trkpt lat="45.37355" lon="6.72021">
        <ele>1477.8790315735</ele>
      </trkpt>
      <trkpt lat="45.37354" lon="6.72018">
        <ele>1477.5967411166</ele>
      </trkpt>
      <trkpt lat="45.37357" lon="6.72016">
        <ele>1476.4772295409</ele>
      </trkpt>
      <trkpt lat="45.3736" lon="6.72015">
        <ele>1475.5203526085</ele>
      </trkpt>
      <trkpt lat="45.37363" lon="6.72017">
        <ele>1474.9518711435</ele>
      </trkpt>
      <trkpt lat="45.37365" lon="6.7202">
        <ele>1474.7764965773</ele>
      </trkpt>
      <trkpt lat="45.37369" lon="6.7202">
        <ele>1473.5158889001</ele>
      </trkpt>
      <trkpt lat="45.37372" lon="6.72017">
        <ele>1472.1157846416</ele>
      </trkpt>
      <trkpt lat="45.37372" lon="6.72012">
        <ele>1471.3584797524</ele>
      </trkpt>
      <trkpt lat="45.37373" lon="6.72008">
        <ele>1470.3951091914</ele>
      </trkpt>
      <trkpt lat="45.37373" lon="6.72004">
        <ele>1469.7390130949</ele>
      </trkpt>
      <trkpt lat="45.37372" lon="6.71997">
        <ele>1468.7761692228</ele>
      </trkpt>
      <trkpt lat="45.37371" lon="6.71993">
        <ele>1468.3618870233</ele>
      </trkpt>
      <trkpt lat="45.37369" lon="6.71988">
        <ele>1468.0704343384</ele>
      </trkpt>
      <trkpt lat="45.37366" lon="6.71985">
        <ele>1468.4434205009</ele>
      </trkpt>
      <trkpt lat="45.37367" lon="6.71975">
        <ele>1466.4940997342</ele>
      </trkpt>
      <trkpt lat="45.3737" lon="6.71971">
        <ele>1465.11990814</ele>
      </trkpt>
      <trkpt lat="45.3737" lon="6.71967">
        <ele>1464.683436957</ele>
      </trkpt>
      <trkpt lat="45.37371" lon="6.71963">
        <ele>1463.9654709764</ele>
      </trkpt>
      <trkpt lat="45.37371" lon="6.7196">
        <ele>1463.6508981768</ele>
      </trkpt>
      <trkpt lat="45.37372" lon="6.71955">
        <ele>1462.8280745444</ele>
      </trkpt>
      <trkpt lat="45.37372" lon="6.71949">
        <ele>1462.2191301451</ele>
      </trkpt>
      <trkpt lat="45.37372" lon="6.71946">
        <ele>1461.9309762844</ele>
      </trkpt>
      <trkpt lat="45.37373" lon="6.7194">
        <ele>1461.1751813673</ele>
      </trkpt>
      <trkpt lat="45.37375" lon="6.71934">
        <ele>1460.2889627071</ele>
      </trkpt>
      <trkpt lat="45.37375" lon="6.7193">
        <ele>1460.1143590271</ele>
      </trkpt>
      <trkpt lat="45.37375" lon="6.71927">
        <ele>1459.9834062671</ele>
      </trkpt>
      <trkpt lat="45.37379" lon="6.71926">
        <ele>1458.9411167431</ele>
      </trkpt>
      <trkpt lat="45.37383" lon="6.71925">
        <ele>1457.7955734229</ele>
      </trkpt>
      <trkpt lat="45.37385" lon="6.7192">
        <ele>1457.1091144409</ele>
      </trkpt>
      <trkpt lat="45.37387" lon="6.71917">
        <ele>1456.5109405452</ele>
      </trkpt>
      <trkpt lat="45.37389" lon="6.71913">
        <ele>1455.8409542376</ele>
      </trkpt>
      <trkpt lat="45.37391" lon="6.71908">
        <ele>1455.1350498916</ele>
      </trkpt>
      <trkpt lat="45.37394" lon="6.71901">
        <ele>1454.1351569304</ele>
      </trkpt>
      <trkpt lat="45.37394" lon="6.71889">
        <ele>1453.6561893483</ele>
      </trkpt>
      <trkpt lat="45.37391" lon="6.71881">
        <ele>1454.1075940056</ele>
      </trkpt>
      <trkpt lat="45.37386" lon="6.71868">
        <ele>1454.8062680748</ele>
      </trkpt>
      <trkpt lat="45.37381" lon="6.71863">
        <ele>1455.5260845861</ele>
      </trkpt>
      <trkpt lat="45.37377" lon="6.71861">
        <ele>1456.0853049917</ele>
      </trkpt>
      <trkpt lat="45.37372" lon="6.71861">
        <ele>1456.8831675851</ele>
      </trkpt>
      <trkpt lat="45.37367" lon="6.71856">
        <ele>1457.3206330663</ele>
      </trkpt>
      <trkpt lat="45.37363" lon="6.71849">
        <ele>1457.442473879</ele>
      </trkpt>
      <trkpt lat="45.37363" lon="6.71849">
        <ele>1457.442473879</ele>
      </trkpt>
      <trkpt lat="45.37359" lon="6.7184">
        <ele>1457.3014882734</ele>
      </trkpt>
      <trkpt lat="45.37353" lon="6.71828">
        <ele>1457.0039181469</ele>
      </trkpt>
      <trkpt lat="45.37347" lon="6.71818">
        <ele>1456.7912518929</ele>
      </trkpt>
      <trkpt lat="45.37341" lon="6.71809">
        <ele>1456.8547976655</ele>
      </trkpt>
      <trkpt lat="45.37338" lon="6.71808">
        <ele>1457.041203987</ele>
      </trkpt>
      <trkpt lat="45.37334" lon="6.71806">
        <ele>1457.2402270814</ele>
      </trkpt>
      <trkpt lat="45.37327" lon="6.71806">
        <ele>1457.7046124761</ele>
      </trkpt>
      <trkpt lat="45.37312" lon="6.71814">
        <ele>1459.2587647236</ele>
      </trkpt>
      <trkpt lat="45.37301" lon="6.71816">
        <ele>1460.9054082079</ele>
      </trkpt>
      <trkpt lat="45.3729" lon="6.71814">
        <ele>1462.5167769397</ele>
      </trkpt>
      <trkpt lat="45.37274" lon="6.71809">
        <ele>1465.854881668</ele>
      </trkpt>
      <trkpt lat="45.37268" lon="6.71807">
        <ele>1467.364405594</ele>
      </trkpt>
      <trkpt lat="45.37263" lon="6.71802">
        <ele>1468.3978415566</ele>
      </trkpt>
      <trkpt lat="45.37258" lon="6.71779">
        <ele>1467.59734404</ele>
      </trkpt>
      <trkpt lat="45.37249" lon="6.71753">
        <ele>1468.2108840445</ele>
      </trkpt>
      <trkpt lat="45.37241" lon="6.71734">
        <ele>1468.4739133048</ele>
      </trkpt>
      <trkpt lat="45.37227" lon="6.71716">
        <ele>1470.3097993251</ele>
      </trkpt>
      <trkpt lat="45.37219" lon="6.71709">
        <ele>1471.2876769478</ele>
      </trkpt>
      <trkpt lat="45.37209" lon="6.71706">
        <ele>1472.4486119465</ele>
      </trkpt>
      <trkpt lat="45.37199" lon="6.71705">
        <ele>1473.6102382627</ele>
      </trkpt>
      <trkpt lat="45.37191" lon="6.71698">
        <ele>1473.9867928801</ele>
      </trkpt>
      <trkpt lat="45.37183" lon="6.71691">
        <ele>1474.6815831294</ele>
      </trkpt>
      <trkpt lat="45.3717" lon="6.71686">
        <ele>1477.0230561296</ele>
      </trkpt>
      <trkpt lat="45.37147" lon="6.71678">
        <ele>1482.08688052</ele>
      </trkpt>
      <trkpt lat="45.37127" lon="6.71675">
        <ele>1489.31333299</ele>
      </trkpt>
      <trkpt lat="45.37117" lon="6.71667">
        <ele>1492.7759686869</ele>
      </trkpt>
      <trkpt lat="45.37109" lon="6.71656">
        <ele>1495.6602045082</ele>
      </trkpt>
      <trkpt lat="45.37099" lon="6.71639">
        <ele>1498.0455523403</ele>
      </trkpt>
      <trkpt lat="45.37091" lon="6.7162">
        <ele>1498.1471279259</ele>
      </trkpt>
      <trkpt lat="45.37082" lon="6.71599">
        <ele>1498.1338018905</ele>
      </trkpt>
      <trkpt lat="45.37079" lon="6.71577">
        <ele>1496.5522483221</ele>
      </trkpt>
      <trkpt lat="45.37079" lon="6.71558">
        <ele>1494.3094131785</ele>
      </trkpt>
      <trkpt lat="45.37076" lon="6.7157">
        <ele>1496.8206084045</ele>
      </trkpt>
      <trkpt lat="45.37071" lon="6.71572">
        <ele>1499.2878214819</ele>
      </trkpt>
      <trkpt lat="45.37068" lon="6.71566">
        <ele>1499.6263028399</ele>
      </trkpt>
      <trkpt lat="45.37057" lon="6.71526">
        <ele>1498.3701997367</ele>
      </trkpt>
      <trkpt lat="45.37053" lon="6.71513">
        <ele>1497.646168763</ele>
      </trkpt>
      <trkpt lat="45.37047" lon="6.71501">
        <ele>1498.1458235831</ele>
      </trkpt>
      <trkpt lat="45.37039" lon="6.71492">
        <ele>1500.6225871954</ele>
      </trkpt>
      <trkpt lat="45.37026" lon="6.71485">
        <ele>1504.986213059</ele>
      </trkpt>
      <trkpt lat="45.37006" lon="6.71476">
        <ele>1511.0075543721</ele>
      </trkpt>
      <trkpt lat="45.36991" lon="6.71467">
        <ele>1514.8398006517</ele>
      </trkpt>
      <trkpt lat="45.3699" lon="6.71465">
        <ele>1514.9384676768</ele>
      </trkpt>
      <trkpt lat="45.36987" lon="6.71456">
        <ele>1514.8944865737</ele>
      </trkpt>
      <trkpt lat="45.36984" lon="6.71436">
        <ele>1513.4626671894</ele>
      </trkpt>
      <trkpt lat="45.36981" lon="6.71414">
        <ele>1511.4344734058</ele>
      </trkpt>
      <trkpt lat="45.36979" lon="6.71408">
        <ele>1511.355206624</ele>
      </trkpt>
      <trkpt lat="45.36974" lon="6.71404">
        <ele>1512.7801413601</ele>
      </trkpt>
      <trkpt lat="45.36969" lon="6.71402">
        <ele>1514.4882422007</ele>
      </trkpt>
      <trkpt lat="45.3696" lon="6.71393">
        <ele>1516.7057888778</ele>
      </trkpt>
      <trkpt lat="45.36953" lon="6.71389">
        <ele>1518.5895126209</ele>
      </trkpt>
      <trkpt lat="45.36931" lon="6.71374">
        <ele>1523.0882178987</ele>
      </trkpt>
      <trkpt lat="45.36927" lon="6.71368">
        <ele>1523.3099034074</ele>
      </trkpt>
      <trkpt lat="45.36916" lon="6.7136">
        <ele>1524.6622873362</ele>
      </trkpt>
      <trkpt lat="45.36889" lon="6.71347">
        <ele>1528.1873219839</ele>
      </trkpt>
      <trkpt lat="45.36872" lon="6.71334">
        <ele>1531.0754673259</ele>
      </trkpt>
      <trkpt lat="45.36853" lon="6.71312">
        <ele>1536.4546137106</ele>
      </trkpt>
      <trkpt lat="45.36841" lon="6.71293">
        <ele>1540.6999191695</ele>
      </trkpt>
      <trkpt lat="45.36821" lon="6.71267">
        <ele>1546.3008439062</ele>
      </trkpt>
      <trkpt lat="45.36801" lon="6.71239">
        <ele>1549.4807634298</ele>
      </trkpt>
      <trkpt lat="45.36787" lon="6.71222">
        <ele>1551.2877011951</ele>
      </trkpt>
      <trkpt lat="45.36781" lon="6.71214">
        <ele>1551.8410886614</ele>
      </trkpt>
      <trkpt lat="45.36771" lon="6.71198">
        <ele>1552.6995661014</ele>
      </trkpt>
      <trkpt lat="45.36763" lon="6.7119">
        <ele>1553.9148053335</ele>
      </trkpt>
      <trkpt lat="45.36754" lon="6.71183">
        <ele>1556.4668548935</ele>
      </trkpt>
      <trkpt lat="45.36748" lon="6.71178">
        <ele>1557.6067826948</ele>
      </trkpt>
      <trkpt lat="45.36743" lon="6.71169">
        <ele>1557.6706229785</ele>
      </trkpt>
      <trkpt lat="45.36732" lon="6.71152">
        <ele>1558.1470165895</ele>
      </trkpt>
      <trkpt lat="45.36722" lon="6.71134">
        <ele>1557.8714234838</ele>
      </trkpt>
      <trkpt lat="45.36708" lon="6.71111">
        <ele>1558.1190219847</ele>
      </trkpt>
      <trkpt lat="45.36686" lon="6.71087">
        <ele>1560.4252999514</ele>
      </trkpt>
      <trkpt lat="45.36662" lon="6.71065">
        <ele>1560.4700845438</ele>
      </trkpt>
      <trkpt lat="45.36652" lon="6.71056">
        <ele>1560.7428177502</ele>
      </trkpt>
      <trkpt lat="45.36638" lon="6.71041">
        <ele>1562.636955377</ele>
      </trkpt>
      <trkpt lat="45.36632" lon="6.71035">
        <ele>1563.8130927453</ele>
      </trkpt>
      <trkpt lat="45.36624" lon="6.71019">
        <ele>1562.3705016186</ele>
      </trkpt>
      <trkpt lat="45.36613" lon="6.71008">
        <ele>1562.7810382543</ele>
      </trkpt>
      <trkpt lat="45.36598" lon="6.70998">
        <ele>1563.9404591625</ele>
      </trkpt>
      <trkpt lat="45.36577" lon="6.70982">
        <ele>1564.1551968823</ele>
      </trkpt>
      <trkpt lat="45.36556" lon="6.70973">
        <ele>1565.7888530613</ele>
      </trkpt>
      <trkpt lat="45.36539" lon="6.70969">
        <ele>1568.6045653647</ele>
      </trkpt>
      <trkpt lat="45.36524" lon="6.70967">
        <ele>1571.4187907127</ele>
      </trkpt>
      <trkpt lat="45.36505" lon="6.70966">
        <ele>1574.9432338709</ele>
      </trkpt>
      <trkpt lat="45.36485" lon="6.70967">
        <ele>1578.7625964234</ele>
      </trkpt>
      <trkpt lat="45.36478" lon="6.70968">
        <ele>1580.2124304801</ele>
      </trkpt>
      <trkpt lat="45.36466" lon="6.70969">
        <ele>1582.2542038527</ele>
      </trkpt>
      <trkpt lat="45.36454" lon="6.70968">
        <ele>1583.6674491979</ele>
      </trkpt>
      <trkpt lat="45.36442" lon="6.70966">
        <ele>1585.3534202131</ele>
      </trkpt>
      <trkpt lat="45.36428" lon="6.70959">
        <ele>1585.7052863037</ele>
      </trkpt>
      <trkpt lat="45.36419" lon="6.70952">
        <ele>1584.8103294952</ele>
      </trkpt>
      <trkpt lat="45.36405" lon="6.70947">
        <ele>1585.3228699936</ele>
      </trkpt>
      <trkpt lat="45.36392" lon="6.70944">
        <ele>1586.3422290674</ele>
      </trkpt>
      <trkpt lat="45.36377" lon="6.70941">
        <ele>1588.1224409618</ele>
      </trkpt>
      <trkpt lat="45.36366" lon="6.70939">
        <ele>1589.6912746509</ele>
      </trkpt>
      <trkpt lat="45.36354" lon="6.70931">
        <ele>1590.4909814228</ele>
      </trkpt>
      <trkpt lat="45.36344" lon="6.70921">
        <ele>1589.7417566014</ele>
      </trkpt>
      <trkpt lat="45.36331" lon="6.709">
        <ele>1585.8898713156</ele>
      </trkpt>
      <trkpt lat="45.36323" lon="6.70885">
        <ele>1583.3216354701</ele>
      </trkpt>
      <trkpt lat="45.36307" lon="6.70854">
        <ele>1579.1192540493</ele>
      </trkpt>
      <trkpt lat="45.36299" lon="6.70837">
        <ele>1577.7601749523</ele>
      </trkpt>
      <trkpt lat="45.36293" lon="6.70829">
        <ele>1578.4155877959</ele>
      </trkpt>
      <trkpt lat="45.36283" lon="6.70819">
        <ele>1580.0997943336</ele>
      </trkpt>
      <trkpt lat="45.3627" lon="6.70804">
        <ele>1582.659581877</ele>
      </trkpt>
      <trkpt lat="45.36252" lon="6.70784">
        <ele>1585.6703647602</ele>
      </trkpt>
      <trkpt lat="45.36241" lon="6.70761">
        <ele>1586.1803073229</ele>
      </trkpt>
      <trkpt lat="45.36236" lon="6.70745">
        <ele>1585.4077582624</ele>
      </trkpt>
      <trkpt lat="45.36229" lon="6.70726">
        <ele>1585.961483873</ele>
      </trkpt>
      <trkpt lat="45.36223" lon="6.70718">
        <ele>1587.5390950444</ele>
      </trkpt>
      <trkpt lat="45.36214" lon="6.70716">
        <ele>1590.6342116746</ele>
      </trkpt>
      <trkpt lat="45.36209" lon="6.70722">
        <ele>1592.688802278</ele>
      </trkpt>
      <trkpt lat="45.36202" lon="6.70734">
        <ele>1594.8867709</ele>
      </trkpt>
      <trkpt lat="45.36199" lon="6.70749">
        <ele>1596.6694786481</ele>
      </trkpt>
      <trkpt lat="45.36194" lon="6.70753">
        <ele>1597.876278186</ele>
      </trkpt>
      <trkpt lat="45.36188" lon="6.70749">
        <ele>1598.6943169982</ele>
      </trkpt>
      <trkpt lat="45.36187" lon="6.70734">
        <ele>1597.4368541023</ele>
      </trkpt>
      <trkpt lat="45.36185" lon="6.70715">
        <ele>1595.9037887331</ele>
      </trkpt>
      <trkpt lat="45.36183" lon="6.70706">
        <ele>1595.3322057922</ele>
      </trkpt>
      <trkpt lat="45.36176" lon="6.70692">
        <ele>1594.5138424476</ele>
      </trkpt>
      <trkpt lat="45.36168" lon="6.70684">
        <ele>1594.2567931434</ele>
      </trkpt>
      <trkpt lat="45.36157" lon="6.70678">
        <ele>1593.9345455237</ele>
      </trkpt>
      <trkpt lat="45.3614" lon="6.7067">
        <ele>1593.3310613334</ele>
      </trkpt>
      <trkpt lat="45.36126" lon="6.70663">
        <ele>1592.8138086242</ele>
      </trkpt>
      <trkpt lat="45.36116" lon="6.70655">
        <ele>1592.5669605009</ele>
      </trkpt>
      <trkpt lat="45.3611" lon="6.70647">
        <ele>1593.0769751698</ele>
      </trkpt>
      <trkpt lat="45.36107" lon="6.70642">
        <ele>1593.3630606273</ele>
      </trkpt>
      <trkpt lat="45.36106" lon="6.70638">
        <ele>1593.4323409016</ele>
      </trkpt>
      <trkpt lat="45.36105" lon="6.70633">
        <ele>1593.469224425</ele>
      </trkpt>
      <trkpt lat="45.36105" lon="6.70628">
        <ele>1593.4201651141</ele>
      </trkpt>
      <trkpt lat="45.36105" lon="6.70621">
        <ele>1593.4492436593</ele>
      </trkpt>
      <trkpt lat="45.36136" lon="6.70617">
        <ele>1592.1565119999</ele>
      </trkpt>
      <trkpt lat="45.36151" lon="6.70614">
        <ele>1593.2027545962</ele>
      </trkpt>
      <trkpt lat="45.3615" lon="6.70612">
        <ele>1593.3955607746</ele>
      </trkpt>
      <trkpt lat="45.36145" lon="6.70605">
        <ele>1593.9399967742</ele>
      </trkpt>
      <trkpt lat="45.36139" lon="6.706">
        <ele>1594.3371138186</ele>
      </trkpt>
      <trkpt lat="45.36131" lon="6.70592">
        <ele>1595.3936742765</ele>
      </trkpt>
      <trkpt lat="45.36124" lon="6.70582">
        <ele>1597.462749322</ele>
      </trkpt>
      <trkpt lat="45.36107" lon="6.7056">
        <ele>1601.4573034249</ele>
      </trkpt>
      <trkpt lat="45.36107" lon="6.7056">
        <ele>1601.4573034249</ele>
      </trkpt>
      <trkpt lat="45.36098" lon="6.70551">
        <ele>1603.1689208913</ele>
      </trkpt>
      <trkpt lat="45.36084" lon="6.7054">
        <ele>1604.887316163</ele>
      </trkpt>
      <trkpt lat="45.36068" lon="6.70521">
        <ele>1609.6669885706</ele>
      </trkpt>
      <trkpt lat="45.36059" lon="6.70509">
        <ele>1614.4712698862</ele>
      </trkpt>
      <trkpt lat="45.36053" lon="6.70505">
        <ele>1615.6376378418</ele>
      </trkpt>
      <trkpt lat="45.36033" lon="6.70498">
        <ele>1616.317250988</ele>
      </trkpt>
      <trkpt lat="45.3602" lon="6.70488">
        <ele>1619.4066754003</ele>
      </trkpt>
      <trkpt lat="45.36004" lon="6.70484">
        <ele>1619.8995071863</ele>
      </trkpt>
      <trkpt lat="45.35999" lon="6.70482">
        <ele>1620.8439417909</ele>
      </trkpt>
      <trkpt lat="45.3599" lon="6.70481">
        <ele>1621.0892984897</ele>
      </trkpt>
      <trkpt lat="45.35979" lon="6.70482">
        <ele>1621.3695995108</ele>
      </trkpt>
      <trkpt lat="45.35969" lon="6.70485">
        <ele>1620.7859732243</ele>
      </trkpt>
      <trkpt lat="45.35962" lon="6.70492">
        <ele>1617.9931681522</ele>
      </trkpt>
      <trkpt lat="45.35954" lon="6.70498">
        <ele>1617.0503875143</ele>
      </trkpt>
      <trkpt lat="45.35944" lon="6.70501">
        <ele>1618.1830806256</ele>
      </trkpt>
      <trkpt lat="45.35934" lon="6.70499">
        <ele>1621.1105636937</ele>
      </trkpt>
      <trkpt lat="45.35925" lon="6.70498">
        <ele>1623.3529728433</ele>
      </trkpt>
      <trkpt lat="45.35913" lon="6.70491">
        <ele>1626.5074437012</ele>
      </trkpt>
      <trkpt lat="45.35901" lon="6.70485">
        <ele>1628.0744127055</ele>
      </trkpt>
      <trkpt lat="45.35893" lon="6.70479">
        <ele>1628.9385937501</ele>
      </trkpt>
      <trkpt lat="45.35884" lon="6.70476">
        <ele>1628.7908913656</ele>
      </trkpt>
      <trkpt lat="45.35862" lon="6.70474">
        <ele>1628.0888084253</ele>
      </trkpt>
      <trkpt lat="45.35852" lon="6.70466">
        <ele>1629.7198024625</ele>
      </trkpt>
      <trkpt lat="45.35839" lon="6.70458">
        <ele>1632.2423104512</ele>
      </trkpt>
      <trkpt lat="45.35826" lon="6.70453">
        <ele>1634.0701537787</ele>
      </trkpt>
      <trkpt lat="45.35814" lon="6.70447">
        <ele>1636.391894604</ele>
      </trkpt>
      <trkpt lat="45.35802" lon="6.7044">
        <ele>1639.0229789545</ele>
      </trkpt>
      <trkpt lat="45.3579" lon="6.70429">
        <ele>1642.2186383938</ele>
      </trkpt>
      <trkpt lat="45.35771" lon="6.70418">
        <ele>1644.9624864896</ele>
      </trkpt>
      <trkpt lat="45.35757" lon="6.70412">
        <ele>1646.1772617474</ele>
      </trkpt>
      <trkpt lat="45.35747" lon="6.70402">
        <ele>1647.8870616312</ele>
      </trkpt>
      <trkpt lat="45.35738" lon="6.70389">
        <ele>1649.6240895648</ele>
      </trkpt>
      <trkpt lat="45.3573" lon="6.70382">
        <ele>1650.1114339801</ele>
      </trkpt>
      <trkpt lat="45.35722" lon="6.70375">
        <ele>1650.3737076478</ele>
      </trkpt>
      <trkpt lat="45.35716" lon="6.70365">
        <ele>1651.4648282489</ele>
      </trkpt>
      <trkpt lat="45.3571" lon="6.70358">
        <ele>1652.1666543281</ele>
      </trkpt>
      <trkpt lat="45.35702" lon="6.7035">
        <ele>1652.9811729821</ele>
      </trkpt>
      <trkpt lat="45.3569" lon="6.7034">
        <ele>1653.5369090777</ele>
      </trkpt>
      <trkpt lat="45.35683" lon="6.70338">
        <ele>1652.8573265544</ele>
      </trkpt>
      <trkpt lat="45.35674" lon="6.70337">
        <ele>1651.8256577307</ele>
      </trkpt>
      <trkpt lat="45.35666" lon="6.70335">
        <ele>1651.5099085635</ele>
      </trkpt>
      <trkpt lat="45.35662" lon="6.70333">
        <ele>1651.5420355658</ele>
      </trkpt>
      <trkpt lat="45.35659" lon="6.7033">
        <ele>1651.9897109234</ele>
      </trkpt>
      <trkpt lat="45.35645" lon="6.70317">
        <ele>1654.5514651015</ele>
      </trkpt>
      <trkpt lat="45.35637" lon="6.70312">
        <ele>1655.3946160559</ele>
      </trkpt>
      <trkpt lat="45.35632" lon="6.70309">
        <ele>1656.266835255</ele>
      </trkpt>
      <trkpt lat="45.35615" lon="6.70301">
        <ele>1659.3277046965</ele>
      </trkpt>
      <trkpt lat="45.35608" lon="6.70299">
        <ele>1660.6978840357</ele>
      </trkpt>
      <trkpt lat="45.35589" lon="6.703">
        <ele>1664.0862420553</ele>
      </trkpt>
      <trkpt lat="45.3558" lon="6.70298">
        <ele>1666.0182871565</ele>
      </trkpt>
      <trkpt lat="45.35576" lon="6.70299">
        <ele>1666.5777867345</ele>
      </trkpt>
      <trkpt lat="45.3557" lon="6.70301">
        <ele>1667.2144090845</ele>
      </trkpt>
      <trkpt lat="45.35559" lon="6.70309">
        <ele>1666.1872902454</ele>
      </trkpt>
      <trkpt lat="45.35554" lon="6.70311">
        <ele>1665.7915105948</ele>
      </trkpt>
      <trkpt lat="45.35547" lon="6.70309">
        <ele>1666.2439294627</ele>
      </trkpt>
      <trkpt lat="45.35541" lon="6.70306">
        <ele>1666.5966201465</ele>
      </trkpt>
      <trkpt lat="45.35535" lon="6.70304">
        <ele>1666.6862948527</ele>
      </trkpt>
      <trkpt lat="45.35514" lon="6.70297">
        <ele>1668.3733776718</ele>
      </trkpt>
      <trkpt lat="45.35497" lon="6.70295">
        <ele>1669.6808842808</ele>
      </trkpt>
      <trkpt lat="45.35479" lon="6.70292">
        <ele>1672.7003363988</ele>
      </trkpt>
      <trkpt lat="45.35474" lon="6.7029">
        <ele>1673.8577986396</ele>
      </trkpt>
      <trkpt lat="45.35457" lon="6.7028">
        <ele>1678.8657779079</ele>
      </trkpt>
      <trkpt lat="45.35446" lon="6.70277">
        <ele>1679.6282093758</ele>
      </trkpt>
      <trkpt lat="45.3543" lon="6.70269">
        <ele>1681.8494028907</ele>
      </trkpt>
      <trkpt lat="45.35421" lon="6.70266">
        <ele>1682.6965052626</ele>
      </trkpt>
      <trkpt lat="45.35417" lon="6.70264">
        <ele>1683.366143905</ele>
      </trkpt>
      <trkpt lat="45.35404" lon="6.70263">
        <ele>1683.9113654471</ele>
      </trkpt>
      <trkpt lat="45.35384" lon="6.70258">
        <ele>1686.9526315484</ele>
      </trkpt>
      <trkpt lat="45.35357" lon="6.70256">
        <ele>1690.3767925849</ele>
      </trkpt>
      <trkpt lat="45.35341" lon="6.70256">
        <ele>1692.4137653545</ele>
      </trkpt>
      <trkpt lat="45.35331" lon="6.70252">
        <ele>1694.9726283731</ele>
      </trkpt>
      <trkpt lat="45.35329" lon="6.7025">
        <ele>1695.8963586033</ele>
      </trkpt>
      <trkpt lat="45.35322" lon="6.7025">
        <ele>1696.7405254379</ele>
      </trkpt>
      <trkpt lat="45.35315" lon="6.70253">
        <ele>1696.4492772514</ele>
      </trkpt>
      <trkpt lat="45.35301" lon="6.70258">
        <ele>1695.6854413566</ele>
      </trkpt>
      <trkpt lat="45.3529" lon="6.70259">
        <ele>1695.3751644596</ele>
      </trkpt>
      <trkpt lat="45.35276" lon="6.7026">
        <ele>1694.5092224019</ele>
      </trkpt>
      <trkpt lat="45.35259" lon="6.70258">
        <ele>1694.1782276791</ele>
      </trkpt>
      <trkpt lat="45.35248" lon="6.70255">
        <ele>1694.8095773806</ele>
      </trkpt>
      <trkpt lat="45.35233" lon="6.70253">
        <ele>1695.0346128889</ele>
      </trkpt>
      <trkpt lat="45.35228" lon="6.70251">
        <ele>1696.4092544418</ele>
      </trkpt>
      <trkpt lat="45.35213" lon="6.70238">
        <ele>1704.024515156</ele>
      </trkpt>
      <trkpt lat="45.35208" lon="6.70234">
        <ele>1706.488243214</ele>
      </trkpt>
      <trkpt lat="45.35202" lon="6.70232">
        <ele>1707.942084075</ele>
      </trkpt>
      <trkpt lat="45.35189" lon="6.7023">
        <ele>1709.8177953552</ele>
      </trkpt>
      <trkpt lat="45.35182" lon="6.7023">
        <ele>1710.2078457431</ele>
      </trkpt>
      <trkpt lat="45.35168" lon="6.7023">
        <ele>1710.7901760008</ele>
      </trkpt>
      <trkpt lat="45.35147" lon="6.70235">
        <ele>1707.7707456537</ele>
      </trkpt>
      <trkpt lat="45.3514" lon="6.70233">
        <ele>1708.2625038462</ele>
      </trkpt>
      <trkpt lat="45.35132" lon="6.70229">
        <ele>1709.4519178798</ele>
      </trkpt>
      <trkpt lat="45.35103" lon="6.70226">
        <ele>1706.8352047842</ele>
      </trkpt>
      <trkpt lat="45.35089" lon="6.70225">
        <ele>1705.8656098765</ele>
      </trkpt>
      <trkpt lat="45.3506" lon="6.70231">
        <ele>1706.0541385269</ele>
      </trkpt>
      <trkpt lat="45.35055" lon="6.70234">
        <ele>1706.452027909</ele>
      </trkpt>
      <trkpt lat="45.35047" lon="6.70243">
        <ele>1706.6343088318</ele>
      </trkpt>
      <trkpt lat="45.35043" lon="6.70245">
        <ele>1707.1526785419</ele>
      </trkpt>
      <trkpt lat="45.35041" lon="6.70247">
        <ele>1707.2355013255</ele>
      </trkpt>
      <trkpt lat="45.3503" lon="6.70249">
        <ele>1708.1081358521</ele>
      </trkpt>
      <trkpt lat="45.35023" lon="6.70254">
        <ele>1707.5493078025</ele>
      </trkpt>
      <trkpt lat="45.35019" lon="6.70257">
        <ele>1707.2489060792</ele>
      </trkpt>
      <trkpt lat="45.35015" lon="6.70265">
        <ele>1706.17613265</ele>
      </trkpt>
      <trkpt lat="45.35009" lon="6.7027">
        <ele>1706.3195307427</ele>
      </trkpt>
      <trkpt lat="45.34986" lon="6.70283">
        <ele>1708.0716778646</ele>
      </trkpt>
      <trkpt lat="45.34969" lon="6.70289">
        <ele>1709.7082046677</ele>
      </trkpt>
      <trkpt lat="45.34965" lon="6.70289">
        <ele>1710.2435615165</ele>
      </trkpt>
      <trkpt lat="45.34957" lon="6.70289">
        <ele>1711.2155399899</ele>
      </trkpt>
      <trkpt lat="45.34952" lon="6.7029">
        <ele>1711.642724772</ele>
      </trkpt>
      <trkpt lat="45.34946" lon="6.70291">
        <ele>1712.0206148731</ele>
      </trkpt>
      <trkpt lat="45.34935" lon="6.70287">
        <ele>1713.2992370059</ele>
      </trkpt>
      <trkpt lat="45.3493" lon="6.70286">
        <ele>1713.7996122332</ele>
      </trkpt>
      <trkpt lat="45.34922" lon="6.70288">
        <ele>1714.0689742493</ele>
      </trkpt>
      <trkpt lat="45.3491" lon="6.70289">
        <ele>1715.0166584746</ele>
      </trkpt>
      <trkpt lat="45.34907" lon="6.7029">
        <ele>1715.089197454</ele>
      </trkpt>
      <trkpt lat="45.34901" lon="6.70289">
        <ele>1715.8293345105</ele>
      </trkpt>
      <trkpt lat="45.34898" lon="6.70287">
        <ele>1716.5223763416</ele>
      </trkpt>
      <trkpt lat="45.34888" lon="6.70278">
        <ele>1718.9957716212</ele>
      </trkpt>
      <trkpt lat="45.34882" lon="6.70277">
        <ele>1719.6020727883</ele>
      </trkpt>
      <trkpt lat="45.34876" lon="6.7028">
        <ele>1719.2514688508</ele>
      </trkpt>
      <trkpt lat="45.34869" lon="6.70281">
        <ele>1719.2635081674</ele>
      </trkpt>
      <trkpt lat="45.34861" lon="6.70278">
        <ele>1719.7481621332</ele>
      </trkpt>
      <trkpt lat="45.34854" lon="6.70273">
        <ele>1719.9563065211</ele>
      </trkpt>
      <trkpt lat="45.34845" lon="6.70269">
        <ele>1719.7962537032</ele>
      </trkpt>
      <trkpt lat="45.34836" lon="6.70264">
        <ele>1719.4906134475</ele>
      </trkpt>
      <trkpt lat="45.34807" lon="6.70244">
        <ele>1718.9534585183</ele>
      </trkpt>
      <trkpt lat="45.348" lon="6.70232">
        <ele>1719.1181574138</ele>
      </trkpt>
      <trkpt lat="45.34794" lon="6.70225">
        <ele>1719.0951182446</ele>
      </trkpt>
      <trkpt lat="45.34784" lon="6.70213">
        <ele>1718.8608028034</ele>
      </trkpt>
      <trkpt lat="45.34768" lon="6.70194">
        <ele>1718.7539822668</ele>
      </trkpt>
      <trkpt lat="45.34755" lon="6.70177">
        <ele>1718.6414136066</ele>
      </trkpt>
      <trkpt lat="45.34736" lon="6.7016">
        <ele>1717.9886875116</ele>
      </trkpt>
      <trkpt lat="45.34729" lon="6.70156">
        <ele>1717.554610745</ele>
      </trkpt>
      <trkpt lat="45.34713" lon="6.70149">
        <ele>1716.7373794377</ele>
      </trkpt>
      <trkpt lat="45.347" lon="6.70147">
        <ele>1716.1733020217</ele>
      </trkpt>
      <trkpt lat="45.34694" lon="6.70148">
        <ele>1716.0875116577</ele>
      </trkpt>
      <trkpt lat="45.3469" lon="6.70143">
        <ele>1716.0754066806</ele>
      </trkpt>
      <trkpt lat="45.34684" lon="6.70137">
        <ele>1715.8145500472</ele>
      </trkpt>
      <trkpt lat="45.34678" lon="6.70131">
        <ele>1715.8791201205</ele>
      </trkpt>
      <trkpt lat="45.34673" lon="6.70127">
        <ele>1715.8965086693</ele>
      </trkpt>
      <trkpt lat="45.34662" lon="6.70116">
        <ele>1715.8861285835</ele>
      </trkpt>
      <trkpt lat="45.34648" lon="6.70098">
        <ele>1717.4610839849</ele>
      </trkpt>
      <trkpt lat="45.34641" lon="6.70089">
        <ele>1717.5899668486</ele>
      </trkpt>
      <trkpt lat="45.34633" lon="6.70073">
        <ele>1718.12880114</ele>
      </trkpt>
      <trkpt lat="45.34625" lon="6.70053">
        <ele>1717.6845908441</ele>
      </trkpt>
      <trkpt lat="45.34615" lon="6.70035">
        <ele>1715.9455343929</ele>
      </trkpt>
      <trkpt lat="45.34583" lon="6.69996">
        <ele>1716.6436038833</ele>
      </trkpt>
      <trkpt lat="45.34571" lon="6.69979">
        <ele>1719.9806017808</ele>
      </trkpt>
      <trkpt lat="45.34557" lon="6.69964">
        <ele>1721.6278047635</ele>
      </trkpt>
      <trkpt lat="45.34546" lon="6.69955">
        <ele>1721.6984557113</ele>
      </trkpt>
      <trkpt lat="45.34495" lon="6.69911">
        <ele>1719.5710371445</ele>
      </trkpt>
      <trkpt lat="45.34481" lon="6.69903">
        <ele>1719.4574165333</ele>
      </trkpt>
      <trkpt lat="45.3446" lon="6.69881">
        <ele>1721.4758908937</ele>
      </trkpt>
      <trkpt lat="45.34444" lon="6.69869">
        <ele>1722.265666349</ele>
      </trkpt>
      <trkpt lat="45.34425" lon="6.69844">
        <ele>1724.1337075342</ele>
      </trkpt>
      <trkpt lat="45.34409" lon="6.69826">
        <ele>1724.1359783538</ele>
      </trkpt>
      <trkpt lat="45.34402" lon="6.69815">
        <ele>1723.829903184</ele>
      </trkpt>
      <trkpt lat="45.34396" lon="6.69803">
        <ele>1723.9260930663</ele>
      </trkpt>
      <trkpt lat="45.3438" lon="6.69781">
        <ele>1727.1754808282</ele>
      </trkpt>
      <trkpt lat="45.34377" lon="6.69772">
        <ele>1728.4780976507</ele>
      </trkpt>
      <trkpt lat="45.34368" lon="6.69771">
        <ele>1729.1731593347</ele>
      </trkpt>
      <trkpt lat="45.34364" lon="6.69767">
        <ele>1730.1812382079</ele>
      </trkpt>
      <trkpt lat="45.34358" lon="6.6976">
        <ele>1731.6248892245</ele>
      </trkpt>
      <trkpt lat="45.34349" lon="6.69754">
        <ele>1732.7523864823</ele>
      </trkpt>
      <trkpt lat="45.34338" lon="6.69746">
        <ele>1734.0616602905</ele>
      </trkpt>
      <trkpt lat="45.34328" lon="6.6974">
        <ele>1734.9049985026</ele>
      </trkpt>
      <trkpt lat="45.3432" lon="6.69738">
        <ele>1735.3269540903</ele>
      </trkpt>
      <trkpt lat="45.3432" lon="6.69742">
        <ele>1734.9677086928</ele>
      </trkpt>
      <trkpt lat="45.34318" lon="6.69745">
        <ele>1734.7628603002</ele>
      </trkpt>
      <trkpt lat="45.34316" lon="6.69747">
        <ele>1734.6097555976</ele>
      </trkpt>
      <trkpt lat="45.34303" lon="6.69759">
        <ele>1733.5956557318</ele>
      </trkpt>
      <trkpt lat="45.34303" lon="6.69764">
        <ele>1732.9710377764</ele>
      </trkpt>
      <trkpt lat="45.34303" lon="6.69768">
        <ele>1732.5050039983</ele>
      </trkpt>
      <trkpt lat="45.34299" lon="6.6977">
        <ele>1732.4709028938</ele>
      </trkpt>
      <trkpt lat="45.34299" lon="6.69768">
        <ele>1732.7039197824</ele>
      </trkpt>
      <trkpt lat="45.34291" lon="6.69737">
        <ele>1736.3116846195</ele>
      </trkpt>
      <trkpt lat="45.34285" lon="6.69715">
        <ele>1736.9322722991</ele>
      </trkpt>
      <trkpt lat="45.34272" lon="6.69683">
        <ele>1736.0078143984</ele>
      </trkpt>
      <trkpt lat="45.34269" lon="6.69678">
        <ele>1735.767411684</ele>
      </trkpt>
      <trkpt lat="45.34267" lon="6.69674">
        <ele>1735.6354207753</ele>
      </trkpt>
      <trkpt lat="45.34262" lon="6.69669">
        <ele>1735.3629608414</ele>
      </trkpt>
      <trkpt lat="45.3426" lon="6.69667">
        <ele>1735.2399994596</ele>
      </trkpt>
      <trkpt lat="45.34256" lon="6.69664">
        <ele>1735.0965890176</ele>
      </trkpt>
      <trkpt lat="45.34245" lon="6.69658">
        <ele>1734.8458843164</ele>
      </trkpt>
      <trkpt lat="45.34198" lon="6.69641">
        <ele>1740.4315869642</ele>
      </trkpt>
      <trkpt lat="45.34185" lon="6.69631">
        <ele>1742.0800023543</ele>
      </trkpt>
      <trkpt lat="45.34175" lon="6.69622">
        <ele>1742.6449991071</ele>
      </trkpt>
      <trkpt lat="45.34156" lon="6.696">
        <ele>1741.2010735071</ele>
      </trkpt>
      <trkpt lat="45.34152" lon="6.69596">
        <ele>1740.6547673161</ele>
      </trkpt>
      <trkpt lat="45.34147" lon="6.69592">
        <ele>1739.9437415091</ele>
      </trkpt>
      <trkpt lat="45.34138" lon="6.69587">
        <ele>1739.0478291089</ele>
      </trkpt>
      <trkpt lat="45.34099" lon="6.69575">
        <ele>1737.9132367578</ele>
      </trkpt>
      <trkpt lat="45.34095" lon="6.69575">
        <ele>1738.0962703078</ele>
      </trkpt>
      <trkpt lat="45.34086" lon="6.69573">
        <ele>1738.5471273405</ele>
      </trkpt>
      <trkpt lat="45.34078" lon="6.69577">
        <ele>1739.5091221604</ele>
      </trkpt>
      <trkpt lat="45.34046" lon="6.69588">
        <ele>1744.9987254029</ele>
      </trkpt>
      <trkpt lat="45.34044" lon="6.69593">
        <ele>1746.1042451686</ele>
      </trkpt>
      <trkpt lat="45.34036" lon="6.69591">
        <ele>1748.0690107755</ele>
      </trkpt>
      <trkpt lat="45.34025" lon="6.69585">
        <ele>1750.7554266509</ele>
      </trkpt>
      <trkpt lat="45.34014" lon="6.69577">
        <ele>1753.0674184609</ele>
      </trkpt>
      <trkpt lat="45.34004" lon="6.6957">
        <ele>1754.5522651048</ele>
      </trkpt>
      <trkpt lat="45.33974" lon="6.69542">
        <ele>1753.6013680691</ele>
      </trkpt>
      <trkpt lat="45.33965" lon="6.69536">
        <ele>1754.2798064837</ele>
      </trkpt>
      <trkpt lat="45.33942" lon="6.69526">
        <ele>1758.0443153345</ele>
      </trkpt>
      <trkpt lat="45.33928" lon="6.69519">
        <ele>1760.3377582572</ele>
      </trkpt>
      <trkpt lat="45.33925" lon="6.69512">
        <ele>1760.0335211304</ele>
      </trkpt>
      <trkpt lat="45.33904" lon="6.69511">
        <ele>1761.4432584065</ele>
      </trkpt>
      <trkpt lat="45.33888" lon="6.6951">
        <ele>1762.5851986146</ele>
      </trkpt>
      <trkpt lat="45.33875" lon="6.69504">
        <ele>1763.0734852723</ele>
      </trkpt>
      <trkpt lat="45.33864" lon="6.695">
        <ele>1763.7998371885</ele>
      </trkpt>
      <trkpt lat="45.33853" lon="6.69497">
        <ele>1765.6041154381</ele>
      </trkpt>
      <trkpt lat="45.33843" lon="6.6949">
        <ele>1766.2624407009</ele>
      </trkpt>
      <trkpt lat="45.33841" lon="6.69489">
        <ele>1766.5146596344</ele>
      </trkpt>
      <trkpt lat="45.33828" lon="6.69474">
        <ele>1766.6744560375</ele>
      </trkpt>
      <trkpt lat="45.33822" lon="6.69464">
        <ele>1765.5532429456</ele>
      </trkpt>
      <trkpt lat="45.33818" lon="6.69457">
        <ele>1765.1105321909</ele>
      </trkpt>
      <trkpt lat="45.33811" lon="6.69449">
        <ele>1765.3255723948</ele>
      </trkpt>
      <trkpt lat="45.33798" lon="6.69436">
        <ele>1765.1366865502</ele>
      </trkpt>
      <trkpt lat="45.33779" lon="6.69413">
        <ele>1764.2179035677</ele>
      </trkpt>
      <trkpt lat="45.33768" lon="6.69401">
        <ele>1763.9032930775</ele>
      </trkpt>
      <trkpt lat="45.33757" lon="6.69389">
        <ele>1763.4329243193</ele>
      </trkpt>
      <trkpt lat="45.33738" lon="6.69373">
        <ele>1763.8629153624</ele>
      </trkpt>
      <trkpt lat="45.33715" lon="6.69358">
        <ele>1767.0456620476</ele>
      </trkpt>
      <trkpt lat="45.33707" lon="6.69351">
        <ele>1768.0226974995</ele>
      </trkpt>
      <trkpt lat="45.33701" lon="6.69341">
        <ele>1767.6720769639</ele>
      </trkpt>
      <trkpt lat="45.33696" lon="6.6933">
        <ele>1767.3196292397</ele>
      </trkpt>
      <trkpt lat="45.33691" lon="6.69313">
        <ele>1767.4397872119</ele>
      </trkpt>
      <trkpt lat="45.33689" lon="6.69307">
        <ele>1767.3711537542</ele>
      </trkpt>
      <trkpt lat="45.33675" lon="6.69289">
        <ele>1768.3078357332</ele>
      </trkpt>
      <trkpt lat="45.33667" lon="6.69281">
        <ele>1768.5859157814</ele>
      </trkpt>
      <trkpt lat="45.33664" lon="6.69275">
        <ele>1768.751584768</ele>
      </trkpt>
      <trkpt lat="45.33663" lon="6.69271">
        <ele>1769.101438599</ele>
      </trkpt>
      <trkpt lat="45.33663" lon="6.69267">
        <ele>1769.5119272668</ele>
      </trkpt>
      <trkpt lat="45.33664" lon="6.69261">
        <ele>1770.2774671299</ele>
      </trkpt>
      <trkpt lat="45.33667" lon="6.69256">
        <ele>1771.3168308815</ele>
      </trkpt>
      <trkpt lat="45.33672" lon="6.69252">
        <ele>1773.233915733</ele>
      </trkpt>
      <trkpt lat="45.33677" lon="6.69254">
        <ele>1772.947253679</ele>
      </trkpt>
      <trkpt lat="45.3369" lon="6.69255">
        <ele>1774.7480016252</ele>
      </trkpt>
      <trkpt lat="45.33702" lon="6.69252">
        <ele>1778.1930279874</ele>
      </trkpt>
      <trkpt lat="45.33705" lon="6.6925">
        <ele>1779.4992154922</ele>
      </trkpt>
      <trkpt lat="45.33715" lon="6.69246">
        <ele>1782.8928791584</ele>
      </trkpt>
      <trkpt lat="45.33717" lon="6.69245">
        <ele>1783.5924866061</ele>
      </trkpt>
      <trkpt lat="45.33717" lon="6.69242">
        <ele>1784.6591243721</ele>
      </trkpt>
      <trkpt lat="45.33716" lon="6.69239">
        <ele>1785.526295729</ele>
      </trkpt>
      <trkpt lat="45.33709" lon="6.69236">
        <ele>1785.069392694</ele>
      </trkpt>
      <trkpt lat="45.33696" lon="6.69233">
        <ele>1782.514292743</ele>
      </trkpt>
      <trkpt lat="45.33692" lon="6.69231">
        <ele>1782.065391971</ele>
      </trkpt>
      <trkpt lat="45.33688" lon="6.69229">
        <ele>1781.6253072555</ele>
      </trkpt>
      <trkpt lat="45.33685" lon="6.69226">
        <ele>1781.91527043</ele>
      </trkpt>
      <trkpt lat="45.33682" lon="6.69222">
        <ele>1782.4962006551</ele>
      </trkpt>
      <trkpt lat="45.33679" lon="6.69218">
        <ele>1783.0307856053</ele>
      </trkpt>
      <trkpt lat="45.33673" lon="6.69207">
        <ele>1785.7802304002</ele>
      </trkpt>
      <trkpt lat="45.33667" lon="6.69198">
        <ele>1786.4686966335</ele>
      </trkpt>
      <trkpt lat="45.33662" lon="6.69187">
        <ele>1789.4427073894</ele>
      </trkpt>
      <trkpt lat="45.33656" lon="6.69177">
        <ele>1792.3370850463</ele>
      </trkpt>
      <trkpt lat="45.33646" lon="6.69169">
        <ele>1794.1645466547</ele>
      </trkpt>
      <trkpt lat="45.33644" lon="6.69166">
        <ele>1795.1463674086</ele>
      </trkpt>
      <trkpt lat="45.33642" lon="6.69162">
        <ele>1796.5280783212</ele>
      </trkpt>
      <trkpt lat="45.33636" lon="6.69156">
        <ele>1798.78282995</ele>
      </trkpt>
      <trkpt lat="45.3363" lon="6.69153">
        <ele>1800.1135283015</ele>
      </trkpt>
      <trkpt lat="45.33624" lon="6.69151">
        <ele>1801.1647210716</ele>
      </trkpt>
      <trkpt lat="45.33614" lon="6.69146">
        <ele>1803.43093744</ele>
      </trkpt>
      <trkpt lat="45.33585" lon="6.69127">
        <ele>1809.8367597099</ele>
      </trkpt>
      <trkpt lat="45.33573" lon="6.69115">
        <ele>1814.317707244</ele>
      </trkpt>
      <trkpt lat="45.33565" lon="6.69105">
        <ele>1817.457885603</ele>
      </trkpt>
      <trkpt lat="45.33548" lon="6.6909">
        <ele>1821.4757258032</ele>
      </trkpt>
      <trkpt lat="45.3354" lon="6.69081">
        <ele>1824.2908909327</ele>
      </trkpt>
      <trkpt lat="45.33536" lon="6.69079">
        <ele>1824.8715047377</ele>
      </trkpt>
      <trkpt lat="45.33518" lon="6.69074">
        <ele>1827.0465482432</ele>
      </trkpt>
      <trkpt lat="45.33513" lon="6.69069">
        <ele>1829.2598232046</ele>
      </trkpt>
      <trkpt lat="45.33507" lon="6.69062">
        <ele>1832.5797639499</ele>
      </trkpt>
      <trkpt lat="45.33503" lon="6.69057">
        <ele>1835.0250728064</ele>
      </trkpt>
      <trkpt lat="45.33492" lon="6.69053">
        <ele>1837.7346057497</ele>
      </trkpt>
      <trkpt lat="45.33484" lon="6.69047">
        <ele>1840.3617863118</ele>
      </trkpt>
      <trkpt lat="45.33471" lon="6.69036">
        <ele>1844.4003605336</ele>
      </trkpt>
      <trkpt lat="45.33468" lon="6.69031">
        <ele>1846.252824785</ele>
      </trkpt>
      <trkpt lat="45.33463" lon="6.69027">
        <ele>1847.7457663785</ele>
      </trkpt>
      <trkpt lat="45.3346" lon="6.69026">
        <ele>1848.1136788378</ele>
      </trkpt>
      <trkpt lat="45.33445" lon="6.69028">
        <ele>1847.3196966533</ele>
      </trkpt>
      <trkpt lat="45.3342" lon="6.69027">
        <ele>1848.5336559516</ele>
      </trkpt>
      <trkpt lat="45.33414" lon="6.69027">
        <ele>1849.1471021474</ele>
      </trkpt>
      <trkpt lat="45.33406" lon="6.6903">
        <ele>1848.6646042</ele>
      </trkpt>
      <trkpt lat="45.33396" lon="6.69031">
        <ele>1848.8445396817</ele>
      </trkpt>
      <trkpt lat="45.33389" lon="6.6903">
        <ele>1849.503622843</ele>
      </trkpt>
      <trkpt lat="45.33386" lon="6.69028">
        <ele>1850.5287604645</ele>
      </trkpt>
      <trkpt lat="45.33376" lon="6.69021">
        <ele>1854.2082218689</ele>
      </trkpt>
      <trkpt lat="45.33363" lon="6.69011">
        <ele>1859.0656224093</ele>
      </trkpt>
      <trkpt lat="45.33355" lon="6.69009">
        <ele>1860.1907666989</ele>
      </trkpt>
      <trkpt lat="45.33344" lon="6.69008">
        <ele>1861.6696092975</ele>
      </trkpt>
      <trkpt lat="45.33309" lon="6.69006">
        <ele>1868.2477268882</ele>
      </trkpt>
      <trkpt lat="45.33295" lon="6.69006">
        <ele>1871.1817159114</ele>
      </trkpt>
      <trkpt lat="45.33285" lon="6.69007">
        <ele>1872.3013422731</ele>
      </trkpt>
      <trkpt lat="45.33275" lon="6.69012">
        <ele>1871.7950527179</ele>
      </trkpt>
      <trkpt lat="45.3327" lon="6.69016">
        <ele>1871.0676195586</ele>
      </trkpt>
      <trkpt lat="45.33262" lon="6.69027">
        <ele>1868.5814751785</ele>
      </trkpt>
      <trkpt lat="45.33258" lon="6.69027">
        <ele>1868.6917865814</ele>
      </trkpt>
      <trkpt lat="45.33246" lon="6.69026">
        <ele>1869.2092901214</ele>
      </trkpt>
      <trkpt lat="45.33227" lon="6.69026">
        <ele>1870.1325636511</ele>
      </trkpt>
      <trkpt lat="45.33218" lon="6.69023">
        <ele>1871.6468633952</ele>
      </trkpt>
      <trkpt lat="45.332" lon="6.69013">
        <ele>1876.3357319602</ele>
      </trkpt>
      <trkpt lat="45.33195" lon="6.69009">
        <ele>1878.3186563469</ele>
      </trkpt>
      <trkpt lat="45.33192" lon="6.69005">
        <ele>1879.8572123967</ele>
      </trkpt>
      <trkpt lat="45.33183" lon="6.68999">
        <ele>1883.1162453525</ele>
      </trkpt>
      <trkpt lat="45.33161" lon="6.69">
        <ele>1887.631356341</ele>
      </trkpt>
      <trkpt lat="45.33156" lon="6.69002">
        <ele>1888.1121406287</ele>
      </trkpt>
      <trkpt lat="45.33148" lon="6.69003">
        <ele>1888.5977546606</ele>
      </trkpt>
      <trkpt lat="45.3313" lon="6.69002">
        <ele>1890.1000465748</ele>
      </trkpt>
      <trkpt lat="45.33108" lon="6.69004">
        <ele>1891.4632973793</ele>
      </trkpt>
      <trkpt lat="45.33097" lon="6.69002">
        <ele>1893.6632640407</ele>
      </trkpt>
      <trkpt lat="45.33089" lon="6.69003">
        <ele>1894.7934628623</ele>
      </trkpt>
      <trkpt lat="45.33077" lon="6.69006">
        <ele>1896.1438264652</ele>
      </trkpt>
      <trkpt lat="45.3307" lon="6.69007">
        <ele>1897.0103428419</ele>
      </trkpt>
      <trkpt lat="45.33053" lon="6.69005">
        <ele>1898.1592724226</ele>
      </trkpt>
      <trkpt lat="45.33039" lon="6.69">
        <ele>1898.7954666668</ele>
      </trkpt>
      <trkpt lat="45.33034" lon="6.69">
        <ele>1898.8328411096</ele>
      </trkpt>
      <trkpt lat="45.33019" lon="6.69003">
        <ele>1898.6936485159</ele>
      </trkpt>
      <trkpt lat="45.32992" lon="6.69004">
        <ele>1899.1261344599</ele>
      </trkpt>
      <trkpt lat="45.3298" lon="6.69004">
        <ele>1899.7635256641</ele>
      </trkpt>
      <trkpt lat="45.32967" lon="6.69002">
        <ele>1901.6535895334</ele>
      </trkpt>
      <trkpt lat="45.32953" lon="6.69">
        <ele>1903.8930299344</ele>
      </trkpt>
      <trkpt lat="45.32936" lon="6.68999">
        <ele>1906.5499647605</ele>
      </trkpt>
      <trkpt lat="45.32917" lon="6.68995">
        <ele>1910.5522013717</ele>
      </trkpt>
      <trkpt lat="45.32912" lon="6.68995">
        <ele>1911.2492707632</ele>
      </trkpt>
      <trkpt lat="45.32907" lon="6.68997">
        <ele>1911.45969245</ele>
      </trkpt>
      <trkpt lat="45.32897" lon="6.68997">
        <ele>1912.7522938405</ele>
      </trkpt>
      <trkpt lat="45.32876" lon="6.68994">
        <ele>1914.2708015444</ele>
      </trkpt>
      <trkpt lat="45.32871" lon="6.68994">
        <ele>1914.3454230059</ele>
      </trkpt>
      <trkpt lat="45.32861" lon="6.68991">
        <ele>1914.5308000507</ele>
      </trkpt>
      <trkpt lat="45.32846" lon="6.68983">
        <ele>1914.9514937629</ele>
      </trkpt>
      <trkpt lat="45.32837" lon="6.6898">
        <ele>1915.8336481</ele>
      </trkpt>
      <trkpt lat="45.32824" lon="6.68974">
        <ele>1917.4672453793</ele>
      </trkpt>
      <trkpt lat="45.32816" lon="6.68971">
        <ele>1918.3791296775</ele>
      </trkpt>
      <trkpt lat="45.32808" lon="6.68971">
        <ele>1918.9094323114</ele>
      </trkpt>
      <trkpt lat="45.32801" lon="6.68972">
        <ele>1919.2234500065</ele>
      </trkpt>
      <trkpt lat="45.32795" lon="6.68977">
        <ele>1918.8397707803</ele>
      </trkpt>
      <trkpt lat="45.32786" lon="6.68989">
        <ele>1918.0870597244</ele>
      </trkpt>
      <trkpt lat="45.3278" lon="6.68995">
        <ele>1918.0399250081</ele>
      </trkpt>
      <trkpt lat="45.32774" lon="6.69003">
        <ele>1917.9765314779</ele>
      </trkpt>
      <trkpt lat="45.3277" lon="6.69011">
        <ele>1917.8759090988</ele>
      </trkpt>
      <trkpt lat="45.32766" lon="6.69023">
        <ele>1917.8145820749</ele>
      </trkpt>
      <trkpt lat="45.32763" lon="6.69029">
        <ele>1917.8693272036</ele>
      </trkpt>
      <trkpt lat="45.32756" lon="6.69035">
        <ele>1917.7979857672</ele>
      </trkpt>
      <trkpt lat="45.3275" lon="6.69042">
        <ele>1917.5991243508</ele>
      </trkpt>
      <trkpt lat="45.32745" lon="6.69048">
        <ele>1917.4334066647</ele>
      </trkpt>
      <trkpt lat="45.3274" lon="6.69054">
        <ele>1917.1264180318</ele>
      </trkpt>
      <trkpt lat="45.32731" lon="6.6906">
        <ele>1916.6322982245</ele>
      </trkpt>
      <trkpt lat="45.32725" lon="6.69064">
        <ele>1916.2240439411</ele>
      </trkpt>
      <trkpt lat="45.32717" lon="6.69069">
        <ele>1915.6515606885</ele>
      </trkpt>
      <trkpt lat="45.32709" lon="6.69071">
        <ele>1915.0946275984</ele>
      </trkpt>
      <trkpt lat="45.32703" lon="6.69071">
        <ele>1914.643986505</ele>
      </trkpt>
      <trkpt lat="45.32697" lon="6.6907">
        <ele>1914.2630788635</ele>
      </trkpt>
      <trkpt lat="45.32687" lon="6.69065">
        <ele>1913.834771198</ele>
      </trkpt>
      <trkpt lat="45.32679" lon="6.69061">
        <ele>1913.4692561268</ele>
      </trkpt>
      <trkpt lat="45.32672" lon="6.69057">
        <ele>1913.145769567</ele>
      </trkpt>
      <trkpt lat="45.32667" lon="6.69052">
        <ele>1913.0600128185</ele>
      </trkpt>
      <trkpt lat="45.32661" lon="6.69045">
        <ele>1913.1378790514</ele>
      </trkpt>
      <trkpt lat="45.32657" lon="6.69039">
        <ele>1913.2786176641</ele>
      </trkpt>
      <trkpt lat="45.32652" lon="6.69035">
        <ele>1913.2055158093</ele>
      </trkpt>
      <trkpt lat="45.32638" lon="6.69032">
        <ele>1913.0481680951</ele>
      </trkpt>
      <trkpt lat="45.32627" lon="6.69027">
        <ele>1913.1852966378</ele>
      </trkpt>
      <trkpt lat="45.3262" lon="6.69024">
        <ele>1913.2217855999</ele>
      </trkpt>
      <trkpt lat="45.32611" lon="6.69023">
        <ele>1913.2591758855</ele>
      </trkpt>
      <trkpt lat="45.326" lon="6.6902">
        <ele>1913.3199780319</ele>
      </trkpt>
      <trkpt lat="45.32585" lon="6.69014">
        <ele>1913.3250331932</ele>
      </trkpt>
      <trkpt lat="45.3257" lon="6.69008">
        <ele>1913.4178493684</ele>
      </trkpt>
      <trkpt lat="45.3255" lon="6.68994">
        <ele>1914.6851223101</ele>
      </trkpt>
      <trkpt lat="45.32541" lon="6.68984">
        <ele>1915.8995916205</ele>
      </trkpt>
      <trkpt lat="45.32531" lon="6.68974">
        <ele>1917.3486188651</ele>
      </trkpt>
      <trkpt lat="45.32521" lon="6.68969">
        <ele>1918.2067812088</ele>
      </trkpt>
      <trkpt lat="45.32507" lon="6.68962">
        <ele>1919.3274818019</ele>
      </trkpt>
      <trkpt lat="45.32498" lon="6.68959">
        <ele>1919.8284427801</ele>
      </trkpt>
      <trkpt lat="45.32492" lon="6.68959">
        <ele>1919.9537276084</ele>
      </trkpt>
      <trkpt lat="45.32483" lon="6.68959">
        <ele>1920.2520057526</ele>
      </trkpt>
      <trkpt lat="45.32475" lon="6.68959">
        <ele>1920.5218889856</ele>
      </trkpt>
      <trkpt lat="45.32469" lon="6.68957">
        <ele>1920.9884595238</ele>
      </trkpt>
      <trkpt lat="45.32463" lon="6.68952">
        <ele>1921.7559060655</ele>
      </trkpt>
      <trkpt lat="45.32457" lon="6.68943">
        <ele>1922.9541683964</ele>
      </trkpt>
      <trkpt lat="45.32448" lon="6.68931">
        <ele>1924.2908129022</ele>
      </trkpt>
      <trkpt lat="45.32438" lon="6.68919">
        <ele>1924.8980478303</ele>
      </trkpt>
      <trkpt lat="45.3243" lon="6.68914">
        <ele>1924.6498957253</ele>
      </trkpt>
      <trkpt lat="45.32421" lon="6.6891">
        <ele>1923.6763297583</ele>
      </trkpt>
      <trkpt lat="45.3241" lon="6.68904">
        <ele>1922.189888341</ele>
      </trkpt>
      <trkpt lat="45.32401" lon="6.68896">
        <ele>1921.5082341014</ele>
      </trkpt>
      <trkpt lat="45.32401" lon="6.68896">
        <ele>1921.5082341014</ele>
      </trkpt>
      <trkpt lat="45.32401" lon="6.68896">
        <ele>1921.5082341014</ele>
      </trkpt>
      <trkpt lat="45.32393" lon="6.68891">
        <ele>1921.2896961828</ele>
      </trkpt>
      <trkpt lat="45.32385" lon="6.68887">
        <ele>1921.1171320323</ele>
      </trkpt>
      <trkpt lat="45.32375" lon="6.68886">
        <ele>1921.0840145055</ele>
      </trkpt>
      <trkpt lat="45.32368" lon="6.68886">
        <ele>1921.1893135874</ele>
      </trkpt>
      <trkpt lat="45.32359" lon="6.68887">
        <ele>1921.302232493</ele>
      </trkpt>
      <trkpt lat="45.32345" lon="6.6889">
        <ele>1921.7058309167</ele>
      </trkpt>
      <trkpt lat="45.32335" lon="6.68892">
        <ele>1921.9035050667</ele>
      </trkpt>
      <trkpt lat="45.32327" lon="6.68889">
        <ele>1922.1481728001</ele>
      </trkpt>
      <trkpt lat="45.3232" lon="6.68883">
        <ele>1922.6375082665</ele>
      </trkpt>
      <trkpt lat="45.32313" lon="6.68875">
        <ele>1923.2866519586</ele>
      </trkpt>
      <trkpt lat="45.32297" lon="6.6886">
        <ele>1924.9761532189</ele>
      </trkpt>
      <trkpt lat="45.32287" lon="6.68854">
        <ele>1925.740630805</ele>
      </trkpt>
      <trkpt lat="45.32275" lon="6.68848">
        <ele>1926.6960820008</ele>
      </trkpt>
      <trkpt lat="45.32268" lon="6.68843">
        <ele>1927.6710530305</ele>
      </trkpt>
      <trkpt lat="45.32259" lon="6.68837">
        <ele>1929.0905192906</ele>
      </trkpt>
      <trkpt lat="45.32249" lon="6.68831">
        <ele>1930.7014664257</ele>
      </trkpt>
      <trkpt lat="45.32241" lon="6.68826">
        <ele>1931.7970175996</ele>
      </trkpt>
      <trkpt lat="45.32234" lon="6.68818">
        <ele>1933.1817205725</ele>
      </trkpt>
      <trkpt lat="45.32225" lon="6.68814">
        <ele>1933.6312048761</ele>
      </trkpt>
      <trkpt lat="45.32212" lon="6.6881">
        <ele>1933.519659888</ele>
      </trkpt>
      <trkpt lat="45.32201" lon="6.68805">
        <ele>1933.5309336693</ele>
      </trkpt>
      <trkpt lat="45.3219" lon="6.68803">
        <ele>1932.873094025</ele>
      </trkpt>
      <trkpt lat="45.32179" lon="6.68799">
        <ele>1932.6895013993</ele>
      </trkpt>
      <trkpt lat="45.32164" lon="6.68793">
        <ele>1932.8078869895</ele>
      </trkpt>
      <trkpt lat="45.32149" lon="6.68785">
        <ele>1933.7999194443</ele>
      </trkpt>
      <trkpt lat="45.32135" lon="6.68778">
        <ele>1935.0611099852</ele>
      </trkpt>
      <trkpt lat="45.32126" lon="6.68772">
        <ele>1936.379986711</ele>
      </trkpt>
      <trkpt lat="45.32122" lon="6.68768">
        <ele>1937.3425174108</ele>
      </trkpt>
      <trkpt lat="45.32118" lon="6.68764">
        <ele>1938.2004551065</ele>
      </trkpt>
      <trkpt lat="45.32112" lon="6.68761">
        <ele>1938.4565567053</ele>
      </trkpt>
      <trkpt lat="45.32106" lon="6.68759">
        <ele>1938.3245125994</ele>
      </trkpt>
      <trkpt lat="45.32098" lon="6.68755">
        <ele>1938.5023108974</ele>
      </trkpt>
      <trkpt lat="45.32089" lon="6.6875">
        <ele>1938.3061991655</ele>
      </trkpt>
      <trkpt lat="45.3208" lon="6.68742">
        <ele>1938.5672062245</ele>
      </trkpt>
      <trkpt lat="45.32069" lon="6.68737">
        <ele>1937.9177635297</ele>
      </trkpt>
      <trkpt lat="45.32054" lon="6.68732">
        <ele>1936.7817053894</ele>
      </trkpt>
      <trkpt lat="45.32046" lon="6.68729">
        <ele>1936.5828032797</ele>
      </trkpt>
      <trkpt lat="45.32041" lon="6.68726">
        <ele>1936.7977061453</ele>
      </trkpt>
      <trkpt lat="45.32036" lon="6.6872">
        <ele>1937.5944518651</ele>
      </trkpt>
      <trkpt lat="45.32029" lon="6.68712">
        <ele>1938.5990280065</ele>
      </trkpt>
      <trkpt lat="45.32021" lon="6.68704">
        <ele>1939.8154436374</ele>
      </trkpt>
      <trkpt lat="45.32013" lon="6.68695">
        <ele>1941.3823577168</ele>
      </trkpt>
      <trkpt lat="45.32006" lon="6.68686">
        <ele>1943.0434105297</ele>
      </trkpt>
      <trkpt lat="45.32" lon="6.68681">
        <ele>1943.8953710181</ele>
      </trkpt>
      <trkpt lat="45.3199" lon="6.68676">
        <ele>1944.36009706</ele>
      </trkpt>
      <trkpt lat="45.31982" lon="6.68671">
        <ele>1944.8977219881</ele>
      </trkpt>
      <trkpt lat="45.31974" lon="6.68662">
        <ele>1946.6048405835</ele>
      </trkpt>
      <trkpt lat="45.31966" lon="6.68651">
        <ele>1948.8055826466</ele>
      </trkpt>
      <trkpt lat="45.31956" lon="6.68637">
        <ele>1950.7312086502</ele>
      </trkpt>
      <trkpt lat="45.31948" lon="6.6863">
        <ele>1950.3615710264</ele>
      </trkpt>
      <trkpt lat="45.31936" lon="6.68622">
        <ele>1949.326033678</ele>
      </trkpt>
      <trkpt lat="45.3193" lon="6.68616">
        <ele>1949.1454650315</ele>
      </trkpt>
      <trkpt lat="45.31924" lon="6.68609">
        <ele>1949.2743009197</ele>
      </trkpt>
      <trkpt lat="45.31913" lon="6.68592">
        <ele>1951.0859670796</ele>
      </trkpt>
      <trkpt lat="45.31899" lon="6.68572">
        <ele>1953.6512924166</ele>
      </trkpt>
      <trkpt lat="45.3189" lon="6.68567">
        <ele>1953.5185375474</ele>
      </trkpt>
      <trkpt lat="45.31884" lon="6.68563">
        <ele>1953.6252235399</ele>
      </trkpt>
      <trkpt lat="45.31878" lon="6.68557">
        <ele>1954.1749372359</ele>
      </trkpt>
      <trkpt lat="45.31873" lon="6.68549">
        <ele>1955.3075090132</ele>
      </trkpt>
      <trkpt lat="45.31868" lon="6.68536">
        <ele>1957.0352651113</ele>
      </trkpt>
      <trkpt lat="45.3186" lon="6.68531">
        <ele>1956.6074043383</ele>
      </trkpt>
      <trkpt lat="45.31851" lon="6.68522">
        <ele>1956.7939015725</ele>
      </trkpt>
      <trkpt lat="45.3184" lon="6.6851">
        <ele>1957.0787165908</ele>
      </trkpt>
      <trkpt lat="45.31827" lon="6.68493">
        <ele>1957.6471177626</ele>
      </trkpt>
      <trkpt lat="45.31815" lon="6.68478">
        <ele>1957.5835546572</ele>
      </trkpt>
      <trkpt lat="45.31799" lon="6.6846">
        <ele>1957.6364852538</ele>
      </trkpt>
      <trkpt lat="45.31785" lon="6.68446">
        <ele>1958.751440794</ele>
      </trkpt>
      <trkpt lat="45.31772" lon="6.6843">
        <ele>1963.6035618824</ele>
      </trkpt>
      <trkpt lat="45.31762" lon="6.68421">
        <ele>1966.4135808492</ele>
      </trkpt>
      <trkpt lat="45.31753" lon="6.68412">
        <ele>1968.4687755901</ele>
      </trkpt>
      <trkpt lat="45.31745" lon="6.68406">
        <ele>1969.4227570991</ele>
      </trkpt>
      <trkpt lat="45.31737" lon="6.684">
        <ele>1969.9100088413</ele>
      </trkpt>
      <trkpt lat="45.31729" lon="6.68392">
        <ele>1970.6640922388</ele>
      </trkpt>
      <trkpt lat="45.31723" lon="6.68385">
        <ele>1971.2703744313</ele>
      </trkpt>
      <trkpt lat="45.31717" lon="6.68376">
        <ele>1972.1339118005</ele>
      </trkpt>
      <trkpt lat="45.31711" lon="6.68371">
        <ele>1971.7044845342</ele>
      </trkpt>
      <trkpt lat="45.317" lon="6.68361">
        <ele>1970.9436594653</ele>
      </trkpt>
      <trkpt lat="45.31691" lon="6.68351">
        <ele>1970.4730991548</ele>
      </trkpt>
      <trkpt lat="45.3168" lon="6.68338">
        <ele>1969.974047456</ele>
      </trkpt>
      <trkpt lat="45.31675" lon="6.6833">
        <ele>1970.3559333301</ele>
      </trkpt>
      <trkpt lat="45.31669" lon="6.68325">
        <ele>1970.3419555759</ele>
      </trkpt>
      <trkpt lat="45.31662" lon="6.6832">
        <ele>1970.2419071668</ele>
      </trkpt>
      <trkpt lat="45.31649" lon="6.6831">
        <ele>1970.2043111438</ele>
      </trkpt>
      <trkpt lat="45.31639" lon="6.68302">
        <ele>1970.8436068516</ele>
      </trkpt>
      <trkpt lat="45.31632" lon="6.68298">
        <ele>1970.8676394281</ele>
      </trkpt>
      <trkpt lat="45.31625" lon="6.68297">
        <ele>1970.7910992804</ele>
      </trkpt>
      <trkpt lat="45.31618" lon="6.68295">
        <ele>1970.9869440001</ele>
      </trkpt>
      <trkpt lat="45.31611" lon="6.68292">
        <ele>1971.5180392574</ele>
      </trkpt>
      <trkpt lat="45.31604" lon="6.68287">
        <ele>1972.3770346422</ele>
      </trkpt>
      <trkpt lat="45.31597" lon="6.68282">
        <ele>1973.1771381418</ele>
      </trkpt>
      <trkpt lat="45.31592" lon="6.68281">
        <ele>1973.2823727126</ele>
      </trkpt>
      <trkpt lat="45.31578" lon="6.68278">
        <ele>1973.1572220264</ele>
      </trkpt>
      <trkpt lat="45.31569" lon="6.68276">
        <ele>1972.8998531495</ele>
      </trkpt>
      <trkpt lat="45.31564" lon="6.68275">
        <ele>1972.6446028818</ele>
      </trkpt>
      <trkpt lat="45.3156" lon="6.68274">
        <ele>1972.4435430476</ele>
      </trkpt>
      <trkpt lat="45.31554" lon="6.68268">
        <ele>1972.4577337629</ele>
      </trkpt>
      <trkpt lat="45.3155" lon="6.68264">
        <ele>1972.4138394691</ele>
      </trkpt>
      <trkpt lat="45.31546" lon="6.6826">
        <ele>1972.3424248616</ele>
      </trkpt>
      <trkpt lat="45.31541" lon="6.68254">
        <ele>1972.3347129082</ele>
      </trkpt>
      <trkpt lat="45.31536" lon="6.68245">
        <ele>1972.5566333093</ele>
      </trkpt>
      <trkpt lat="45.3153" lon="6.68237">
        <ele>1972.5529996389</ele>
      </trkpt>
      <trkpt lat="45.31524" lon="6.68231">
        <ele>1972.3553040166</ele>
      </trkpt>
      <trkpt lat="45.31517" lon="6.68224">
        <ele>1972.1404765257</ele>
      </trkpt>
      <trkpt lat="45.31508" lon="6.68216">
        <ele>1971.8474736283</ele>
      </trkpt>
      <trkpt lat="45.31501" lon="6.68208">
        <ele>1971.7041167611</ele>
      </trkpt>
      <trkpt lat="45.3149" lon="6.68193">
        <ele>1972.8322248485</ele>
      </trkpt>
      <trkpt lat="45.31481" lon="6.68182">
        <ele>1974.3122353191</ele>
      </trkpt>
      <trkpt lat="45.31467" lon="6.68166">
        <ele>1975.9684790772</ele>
      </trkpt>
      <trkpt lat="45.31453" lon="6.68149">
        <ele>1977.3081236432</ele>
      </trkpt>
      <trkpt lat="45.31442" lon="6.68134">
        <ele>1977.9955439708</ele>
      </trkpt>
      <trkpt lat="45.31436" lon="6.68123">
        <ele>1978.1899310487</ele>
      </trkpt>
      <trkpt lat="45.31434" lon="6.68115">
        <ele>1978.5507463519</ele>
      </trkpt>
      <trkpt lat="45.31431" lon="6.68101">
        <ele>1979.5494503062</ele>
      </trkpt>
      <trkpt lat="45.31427" lon="6.68087">
        <ele>1980.8502409654</ele>
      </trkpt>
      <trkpt lat="45.31422" lon="6.68076">
        <ele>1981.6818279784</ele>
      </trkpt>
      <trkpt lat="45.31414" lon="6.68062">
        <ele>1983.0791359841</ele>
      </trkpt>
      <trkpt lat="45.31407" lon="6.6805">
        <ele>1984.4328018418</ele>
      </trkpt>
      <trkpt lat="45.31401" lon="6.68037">
        <ele>1986.3636978952</ele>
      </trkpt>
      <trkpt lat="45.31396" lon="6.68024">
        <ele>1988.3617358516</ele>
      </trkpt>
      <trkpt lat="45.31392" lon="6.68013">
        <ele>1989.9861208989</ele>
      </trkpt>
      <trkpt lat="45.31384" lon="6.68001">
        <ele>1991.2718451196</ele>
      </trkpt>
      <trkpt lat="45.31376" lon="6.67989">
        <ele>1992.5159877869</ele>
      </trkpt>
      <trkpt lat="45.31368" lon="6.67974">
        <ele>1993.7265627012</ele>
      </trkpt>
      <trkpt lat="45.31359" lon="6.67954">
        <ele>1994.6044784473</ele>
      </trkpt>
      <trkpt lat="45.31349" lon="6.67932">
        <ele>1994.7659311872</ele>
      </trkpt>
      <trkpt lat="45.31341" lon="6.67913">
        <ele>1994.4406773878</ele>
      </trkpt>
      <trkpt lat="45.31333" lon="6.67897">
        <ele>1994.7967456433</ele>
      </trkpt>
      <trkpt lat="45.31327" lon="6.67883">
        <ele>1995.270348826</ele>
      </trkpt>
      <trkpt lat="45.31323" lon="6.67869">
        <ele>1996.563623376</ele>
      </trkpt>
      <trkpt lat="45.31318" lon="6.67841">
        <ele>2001.0151108066</ele>
      </trkpt>
      <trkpt lat="45.31315" lon="6.67832">
        <ele>2002.7481606305</ele>
      </trkpt>
      <trkpt lat="45.31309" lon="6.67822">
        <ele>2004.1160725836</ele>
      </trkpt>
      <trkpt lat="45.31302" lon="6.67813">
        <ele>2005.3025351467</ele>
      </trkpt>
      <trkpt lat="45.31291" lon="6.678">
        <ele>2007.0391263066</ele>
      </trkpt>
      <trkpt lat="45.31281" lon="6.67787">
        <ele>2008.9350953012</ele>
      </trkpt>
      <trkpt lat="45.3127" lon="6.67768">
        <ele>2012.5645832888</ele>
      </trkpt>
      <trkpt lat="45.31256" lon="6.67741">
        <ele>2018.3242535124</ele>
      </trkpt>
      <trkpt lat="45.31245" lon="6.67723">
        <ele>2020.5011936037</ele>
      </trkpt>
      <trkpt lat="45.31234" lon="6.67704">
        <ele>2020.9494224426</ele>
      </trkpt>
      <trkpt lat="45.31228" lon="6.67686">
        <ele>2020.6698267295</ele>
      </trkpt>
      <trkpt lat="45.31224" lon="6.67674">
        <ele>2019.5690460085</ele>
      </trkpt>
      <trkpt lat="45.3122" lon="6.67666">
        <ele>2018.6281254314</ele>
      </trkpt>
      <trkpt lat="45.31213" lon="6.6765">
        <ele>2018.0368608125</ele>
      </trkpt>
      <trkpt lat="45.3121" lon="6.67635">
        <ele>2019.0046207442</ele>
      </trkpt>
      <trkpt lat="45.31208" lon="6.67627">
        <ele>2019.9783854035</ele>
      </trkpt>
      <trkpt lat="45.31208" lon="6.67618">
        <ele>2021.9328088464</ele>
      </trkpt>
      <trkpt lat="45.31205" lon="6.67611">
        <ele>2022.4852003904</ele>
      </trkpt>
      <trkpt lat="45.312" lon="6.67603">
        <ele>2022.5526328665</ele>
      </trkpt>
      <trkpt lat="45.31195" lon="6.67588">
        <ele>2023.8709499797</ele>
      </trkpt>
      <trkpt lat="45.3119" lon="6.67569">
        <ele>2025.7447750124</ele>
      </trkpt>
      <trkpt lat="45.31184" lon="6.67551">
        <ele>2027.1769061107</ele>
      </trkpt>
      <trkpt lat="45.31179" lon="6.67535">
        <ele>2028.5714073758</ele>
      </trkpt>
      <trkpt lat="45.31173" lon="6.67518">
        <ele>2029.644931348</ele>
      </trkpt>
      <trkpt lat="45.31168" lon="6.675">
        <ele>2030.8345993702</ele>
      </trkpt>
      <trkpt lat="45.31167" lon="6.67495">
        <ele>2031.0622297958</ele>
      </trkpt>
      <trkpt lat="45.31163" lon="6.67483">
        <ele>2031.1365717649</ele>
      </trkpt>
      <trkpt lat="45.31155" lon="6.67463">
        <ele>2031.072529674</ele>
      </trkpt>
      <trkpt lat="45.31149" lon="6.67438">
        <ele>2032.2525742857</ele>
      </trkpt>
      <trkpt lat="45.31144" lon="6.67424">
        <ele>2032.9510942601</ele>
      </trkpt>
      <trkpt lat="45.31139" lon="6.67415">
        <ele>2033.3032885204</ele>
      </trkpt>
      <trkpt lat="45.31135" lon="6.67405">
        <ele>2034.0889057308</ele>
      </trkpt>
      <trkpt lat="45.31131" lon="6.67398">
        <ele>2034.4335342842</ele>
      </trkpt>
      <trkpt lat="45.31127" lon="6.67393">
        <ele>2034.4665084839</ele>
      </trkpt>
      <trkpt lat="45.31122" lon="6.67382">
        <ele>2035.193373659</ele>
      </trkpt>
      <trkpt lat="45.31117" lon="6.67373">
        <ele>2035.9454918699</ele>
      </trkpt>
      <trkpt lat="45.31111" lon="6.67364">
        <ele>2036.6230137956</ele>
      </trkpt>
      <trkpt lat="45.31103" lon="6.67351">
        <ele>2037.6006546654</ele>
      </trkpt>
      <trkpt lat="45.31097" lon="6.67341">
        <ele>2039.0784137467</ele>
      </trkpt>
      <trkpt lat="45.31092" lon="6.67328">
        <ele>2041.5911220562</ele>
      </trkpt>
      <trkpt lat="45.31087" lon="6.67316">
        <ele>2043.5598870354</ele>
      </trkpt>
      <trkpt lat="45.31078" lon="6.67307">
        <ele>2044.4541077349</ele>
      </trkpt>
      <trkpt lat="45.31071" lon="6.67298">
        <ele>2045.5082458928</ele>
      </trkpt>
      <trkpt lat="45.31061" lon="6.67291">
        <ele>2045.5154662504</ele>
      </trkpt>
      <trkpt lat="45.31056" lon="6.67282">
        <ele>2046.5522160001</ele>
      </trkpt>
      <trkpt lat="45.31052" lon="6.67274">
        <ele>2047.5534092284</ele>
      </trkpt>
      <trkpt lat="45.31046" lon="6.67267">
        <ele>2047.9027773172</ele>
      </trkpt>
      <trkpt lat="45.31041" lon="6.67262">
        <ele>2047.7824822148</ele>
      </trkpt>
      <trkpt lat="45.31036" lon="6.67251">
        <ele>2048.2404820209</ele>
      </trkpt>
      <trkpt lat="45.31031" lon="6.67239">
        <ele>2048.4209091307</ele>
      </trkpt>
      <trkpt lat="45.31027" lon="6.67231">
        <ele>2048.2773761288</ele>
      </trkpt>
      <trkpt lat="45.31023" lon="6.67225">
        <ele>2047.9933206568</ele>
      </trkpt>
      <trkpt lat="45.31018" lon="6.67211">
        <ele>2048.039798344</ele>
      </trkpt>
      <trkpt lat="45.3101" lon="6.67187">
        <ele>2048.1373577245</ele>
      </trkpt>
      <trkpt lat="45.31002" lon="6.67166">
        <ele>2049.1971255317</ele>
      </trkpt>
      <trkpt lat="45.30995" lon="6.67149">
        <ele>2049.2442969619</ele>
      </trkpt>
      <trkpt lat="45.30989" lon="6.67132">
        <ele>2049.8993033228</ele>
      </trkpt>
      <trkpt lat="45.30985" lon="6.67119">
        <ele>2050.2613184902</ele>
      </trkpt>
      <trkpt lat="45.30975" lon="6.67102">
        <ele>2049.8205248488</ele>
      </trkpt>
      <trkpt lat="45.30971" lon="6.67088">
        <ele>2050.3052590816</ele>
      </trkpt>
      <trkpt lat="45.30967" lon="6.67074">
        <ele>2050.8478881093</ele>
      </trkpt>
      <trkpt lat="45.30958" lon="6.67055">
        <ele>2052.783257864</ele>
      </trkpt>
      <trkpt lat="45.30951" lon="6.67041">
        <ele>2054.6685780048</ele>
      </trkpt>
      <trkpt lat="45.30945" lon="6.67028">
        <ele>2056.0053772716</ele>
      </trkpt>
      <trkpt lat="45.30937" lon="6.67015">
        <ele>2056.2803497387</ele>
      </trkpt>
      <trkpt lat="45.30928" lon="6.67">
        <ele>2056.5663803609</ele>
      </trkpt>
      <trkpt lat="45.30921" lon="6.66988">
        <ele>2057.2155123098</ele>
      </trkpt>
      <trkpt lat="45.30914" lon="6.6698">
        <ele>2057.3489181132</ele>
      </trkpt>
      <trkpt lat="45.30908" lon="6.66969">
        <ele>2058.4438337946</ele>
      </trkpt>
      <trkpt lat="45.30901" lon="6.66957">
        <ele>2059.5289058824</ele>
      </trkpt>
      <trkpt lat="45.30893" lon="6.66944">
        <ele>2060.9138211174</ele>
      </trkpt>
      <trkpt lat="45.30884" lon="6.66934">
        <ele>2061.6137541389</ele>
      </trkpt>
      <trkpt lat="45.30875" lon="6.66924">
        <ele>2062.6776003294</ele>
      </trkpt>
      <trkpt lat="45.30867" lon="6.66915">
        <ele>2063.9463522588</ele>
      </trkpt>
      <trkpt lat="45.30857" lon="6.66907">
        <ele>2064.8934007585</ele>
      </trkpt>
      <trkpt lat="45.3085" lon="6.66901">
        <ele>2065.9872521705</ele>
      </trkpt>
      <trkpt lat="45.30842" lon="6.66898">
        <ele>2066.2333697008</ele>
      </trkpt>
      <trkpt lat="45.30833" lon="6.66893">
        <ele>2067.0622141169</ele>
      </trkpt>
      <trkpt lat="45.30823" lon="6.66887">
        <ele>2068.452666243</ele>
      </trkpt>
      <trkpt lat="45.30815" lon="6.66879">
        <ele>2070.5716615344</ele>
      </trkpt>
      <trkpt lat="45.30803" lon="6.66867">
        <ele>2074.0526502972</ele>
      </trkpt>
      <trkpt lat="45.30792" lon="6.66861">
        <ele>2075.6158038585</ele>
      </trkpt>
      <trkpt lat="45.30784" lon="6.66858">
        <ele>2076.3575686668</ele>
      </trkpt>
      <trkpt lat="45.30776" lon="6.66857">
        <ele>2076.3924289712</ele>
      </trkpt>
      <trkpt lat="45.30766" lon="6.66856">
        <ele>2076.4194298876</ele>
      </trkpt>
      <trkpt lat="45.30757" lon="6.66856">
        <ele>2076.3698375108</ele>
      </trkpt>
      <trkpt lat="45.30749" lon="6.66852">
        <ele>2077.7255204596</ele>
      </trkpt>
      <trkpt lat="45.30742" lon="6.66847">
        <ele>2079.4827089588</ele>
      </trkpt>
      <trkpt lat="45.30729" lon="6.66842">
        <ele>2081.5169512249</ele>
      </trkpt>
      <trkpt lat="45.30715" lon="6.66837">
        <ele>2083.6453809867</ele>
      </trkpt>
      <trkpt lat="45.30694" lon="6.66833">
        <ele>2085.5996814438</ele>
      </trkpt>
      <trkpt lat="45.30684" lon="6.6683">
        <ele>2086.6664632229</ele>
      </trkpt>
      <trkpt lat="45.30677" lon="6.66826">
        <ele>2087.9471500493</ele>
      </trkpt>
      <trkpt lat="45.30671" lon="6.66822">
        <ele>2089.2882847816</ele>
      </trkpt>
      <trkpt lat="45.30665" lon="6.66818">
        <ele>2090.544404915</ele>
      </trkpt>
      <trkpt lat="45.30649" lon="6.66811">
        <ele>2092.4478223348</ele>
      </trkpt>
      <trkpt lat="45.30635" lon="6.66805">
        <ele>2093.7945845718</ele>
      </trkpt>
      <trkpt lat="45.30623" lon="6.66801">
        <ele>2095.1603471231</ele>
      </trkpt>
      <trkpt lat="45.30617" lon="6.668">
        <ele>2095.7208575386</ele>
      </trkpt>
      <trkpt lat="45.30613" lon="6.66802">
        <ele>2095.6962438216</ele>
      </trkpt>
      <trkpt lat="45.30606" lon="6.66813">
        <ele>2094.8179908264</ele>
      </trkpt>
      <trkpt lat="45.30599" lon="6.6682">
        <ele>2094.7237317178</ele>
      </trkpt>
      <trkpt lat="45.30591" lon="6.66825">
        <ele>2094.988287428</ele>
      </trkpt>
      <trkpt lat="45.30581" lon="6.66827">
        <ele>2095.3446812445</ele>
      </trkpt>
      <trkpt lat="45.30569" lon="6.66821">
        <ele>2099.7006545164</ele>
      </trkpt>
      <trkpt lat="45.3056" lon="6.66812">
        <ele>2102.1762854332</ele>
      </trkpt>
      <trkpt lat="45.30548" lon="6.66803">
        <ele>2104.5953691708</ele>
      </trkpt>
      <trkpt lat="45.3054" lon="6.66795">
        <ele>2106.5787532458</ele>
      </trkpt>
      <trkpt lat="45.30535" lon="6.66789">
        <ele>2108.0427578335</ele>
      </trkpt>
      <trkpt lat="45.3053" lon="6.66785">
        <ele>2109.1889767963</ele>
      </trkpt>
      <trkpt lat="45.30523" lon="6.66781">
        <ele>2110.3582405222</ele>
      </trkpt>
      <trkpt lat="45.30513" lon="6.66777">
        <ele>2111.3996322342</ele>
      </trkpt>
      <trkpt lat="45.30501" lon="6.66774">
        <ele>2112.3305084115</ele>
      </trkpt>
      <trkpt lat="45.30485" lon="6.66768">
        <ele>2113.8037837733</ele>
      </trkpt>
      <trkpt lat="45.3047" lon="6.66761">
        <ele>2115.5750033322</ele>
      </trkpt>
      <trkpt lat="45.30458" lon="6.66756">
        <ele>2116.7772278954</ele>
      </trkpt>
      <trkpt lat="45.30446" lon="6.66752">
        <ele>2119.0295488925</ele>
      </trkpt>
      <trkpt lat="45.30439" lon="6.66751">
        <ele>2120.3358360498</ele>
      </trkpt>
      <trkpt lat="45.30423" lon="6.66752">
        <ele>2122.9014027503</ele>
      </trkpt>
      <trkpt lat="45.30414" lon="6.66754">
        <ele>2124.0526668415</ele>
      </trkpt>
      <trkpt lat="45.30404" lon="6.66759">
        <ele>2124.8413495439</ele>
      </trkpt>
      <trkpt lat="45.30399" lon="6.66764">
        <ele>2124.8492471192</ele>
      </trkpt>
      <trkpt lat="45.30392" lon="6.66769">
        <ele>2125.2463127284</ele>
      </trkpt>
      <trkpt lat="45.30384" lon="6.66771">
        <ele>2126.3481995713</ele>
      </trkpt>
      <trkpt lat="45.30372" lon="6.66773">
        <ele>2128.1468253987</ele>
      </trkpt>
      <trkpt lat="45.30365" lon="6.66775">
        <ele>2128.7875584543</ele>
      </trkpt>
      <trkpt lat="45.30355" lon="6.66779">
        <ele>2129.013614406</ele>
      </trkpt>
      <trkpt lat="45.30335" lon="6.6678">
        <ele>2131.250759867</ele>
      </trkpt>
      <trkpt lat="45.30319" lon="6.66787">
        <ele>2131.125928029</ele>
      </trkpt>
      <trkpt lat="45.3031" lon="6.66786">
        <ele>2132.1099998976</ele>
      </trkpt>
      <trkpt lat="45.30297" lon="6.66786">
        <ele>2132.996113917</ele>
      </trkpt>
      <trkpt lat="45.30288" lon="6.66785">
        <ele>2133.7827883251</ele>
      </trkpt>
      <trkpt lat="45.30273" lon="6.66786">
        <ele>2134.4877488548</ele>
      </trkpt>
      <trkpt lat="45.30257" lon="6.66786">
        <ele>2135.9844217999</ele>
      </trkpt>
      <trkpt lat="45.30248" lon="6.66787">
        <ele>2136.844448843</ele>
      </trkpt>
      <trkpt lat="45.3024" lon="6.66787">
        <ele>2138.0007054526</ele>
      </trkpt>
      <trkpt lat="45.30232" lon="6.66785">
        <ele>2139.5055726422</ele>
      </trkpt>
      <trkpt lat="45.30224" lon="6.66782">
        <ele>2140.9333061321</ele>
      </trkpt>
      <trkpt lat="45.30216" lon="6.66779">
        <ele>2142.1342239763</ele>
      </trkpt>
      <trkpt lat="45.30207" lon="6.6678">
        <ele>2142.5396987497</ele>
      </trkpt>
      <trkpt lat="45.30197" lon="6.66779">
        <ele>2143.2568978949</ele>
      </trkpt>
      <trkpt lat="45.30188" lon="6.66779">
        <ele>2143.7930182831</ele>
      </trkpt>
      <trkpt lat="45.30175" lon="6.66775">
        <ele>2145.3598770824</ele>
      </trkpt>
      <trkpt lat="45.30166" lon="6.66775">
        <ele>2146.268941782</ele>
      </trkpt>
      <trkpt lat="45.30155" lon="6.66775">
        <ele>2147.9056956068</ele>
      </trkpt>
      <trkpt lat="45.3015" lon="6.66777">
        <ele>2148.3561224601</ele>
      </trkpt>
      <trkpt lat="45.30144" lon="6.66776">
        <ele>2149.5650108445</ele>
      </trkpt>
      <trkpt lat="45.30137" lon="6.66773">
        <ele>2151.6147981739</ele>
      </trkpt>
      <trkpt lat="45.30132" lon="6.66772">
        <ele>2152.9455804879</ele>
      </trkpt>
      <trkpt lat="45.30123" lon="6.66772">
        <ele>2154.6822426673</ele>
      </trkpt>
      <trkpt lat="45.30112" lon="6.6677">
        <ele>2156.5442422865</ele>
      </trkpt>
      <trkpt lat="45.30107" lon="6.66773">
        <ele>2156.4890348666</ele>
      </trkpt>
      <trkpt lat="45.30101" lon="6.66776">
        <ele>2156.6530998461</ele>
      </trkpt>
      <trkpt lat="45.30091" lon="6.66776">
        <ele>2157.8839445412</ele>
      </trkpt>
      <trkpt lat="45.30081" lon="6.66777">
        <ele>2159.0598414214</ele>
      </trkpt>
      <trkpt lat="45.30072" lon="6.66777">
        <ele>2160.2569644185</ele>
      </trkpt>
      <trkpt lat="45.30064" lon="6.66778">
        <ele>2161.1794231567</ele>
      </trkpt>
      <trkpt lat="45.30053" lon="6.66773">
        <ele>2163.438873622</ele>
      </trkpt>
      <trkpt lat="45.30044" lon="6.66775">
        <ele>2164.4531586653</ele>
      </trkpt>
      <trkpt lat="45.30039" lon="6.66775">
        <ele>2165.1381463517</ele>
      </trkpt>
      <trkpt lat="45.30035" lon="6.66772">
        <ele>2165.807977098</ele>
      </trkpt>
      <trkpt lat="45.3003" lon="6.66765">
        <ele>2166.7148240195</ele>
      </trkpt>
      <trkpt lat="45.30026" lon="6.66759">
        <ele>2167.5714441688</ele>
      </trkpt>
      <trkpt lat="45.30021" lon="6.66755">
        <ele>2168.1615255698</ele>
      </trkpt>
      <trkpt lat="45.30015" lon="6.6675">
        <ele>2169.1265584293</ele>
      </trkpt>
      <trkpt lat="45.3001" lon="6.66748">
        <ele>2169.8665736607</ele>
      </trkpt>
      <trkpt lat="45.29997" lon="6.66747">
        <ele>2171.0030456332</ele>
      </trkpt>
      <trkpt lat="45.29989" lon="6.66745">
        <ele>2172.2733805639</ele>
      </trkpt>
      <trkpt lat="45.29982" lon="6.66743">
        <ele>2173.691712242</ele>
      </trkpt>
      <trkpt lat="45.2997" lon="6.66738">
        <ele>2176.3209302912</ele>
      </trkpt>
      <trkpt lat="45.29964" lon="6.66735">
        <ele>2177.8086430667</ele>
      </trkpt>
      <trkpt lat="45.29958" lon="6.66735">
        <ele>2178.7030786801</ele>
      </trkpt>
      <trkpt lat="45.29952" lon="6.66739">
        <ele>2178.7567682929</ele>
      </trkpt>
      <trkpt lat="45.29945" lon="6.66742">
        <ele>2179.0909446033</ele>
      </trkpt>
      <trkpt lat="45.29939" lon="6.66742">
        <ele>2179.6156573411</ele>
      </trkpt>
      <trkpt lat="45.2993" lon="6.66738">
        <ele>2181.1845238154</ele>
      </trkpt>
      <trkpt lat="45.29923" lon="6.66734">
        <ele>2182.1489391466</ele>
      </trkpt>
      <trkpt lat="45.29919" lon="6.66729">
        <ele>2183.1377517307</ele>
      </trkpt>
      <trkpt lat="45.29914" lon="6.66724">
        <ele>2184.3866041465</ele>
      </trkpt>
      <trkpt lat="45.29908" lon="6.66719">
        <ele>2185.9092145276</ele>
      </trkpt>
      <trkpt lat="45.29902" lon="6.66714">
        <ele>2187.6273390812</ele>
      </trkpt>
      <trkpt lat="45.29898" lon="6.66709">
        <ele>2189.1791960294</ele>
      </trkpt>
      <trkpt lat="45.29888" lon="6.66702">
        <ele>2191.6901860745</ele>
      </trkpt>
      <trkpt lat="45.29884" lon="6.66698">
        <ele>2193.0268690077</ele>
      </trkpt>
      <trkpt lat="45.29879" lon="6.66693">
        <ele>2194.6255552001</ele>
      </trkpt>
      <trkpt lat="45.29874" lon="6.66689">
        <ele>2195.7848338216</ele>
      </trkpt>
      <trkpt lat="45.29869" lon="6.66687">
        <ele>2196.3555672522</ele>
      </trkpt>
      <trkpt lat="45.29864" lon="6.66685">
        <ele>2196.9530394108</ele>
      </trkpt>
      <trkpt lat="45.29861" lon="6.66684">
        <ele>2197.2051175471</ele>
      </trkpt>
      <trkpt lat="45.29851" lon="6.66678">
        <ele>2198.4745245232</ele>
      </trkpt>
      <trkpt lat="45.29842" lon="6.66671">
        <ele>2200.1127420745</ele>
      </trkpt>
      <trkpt lat="45.29834" lon="6.66664">
        <ele>2201.6126071375</ele>
      </trkpt>
      <trkpt lat="45.29826" lon="6.66657">
        <ele>2202.9563766068</ele>
      </trkpt>
      <trkpt lat="45.29818" lon="6.66648">
        <ele>2205.2007595547</ele>
      </trkpt>
      <trkpt lat="45.29813" lon="6.66642">
        <ele>2206.805554929</ele>
      </trkpt>
      <trkpt lat="45.29809" lon="6.66637">
        <ele>2207.9831520651</ele>
      </trkpt>
      <trkpt lat="45.29803" lon="6.66629">
        <ele>2209.8541613536</ele>
      </trkpt>
      <trkpt lat="45.29796" lon="6.66618">
        <ele>2212.2172630592</ele>
      </trkpt>
      <trkpt lat="45.29789" lon="6.66605">
        <ele>2214.5079623752</ele>
      </trkpt>
      <trkpt lat="45.29781" lon="6.66593">
        <ele>2215.4605656088</ele>
      </trkpt>
      <trkpt lat="45.29775" lon="6.66585">
        <ele>2214.9934172183</ele>
      </trkpt>
      <trkpt lat="45.29772" lon="6.66577">
        <ele>2215.0820704317</ele>
      </trkpt>
      <trkpt lat="45.2977" lon="6.66567">
        <ele>2216.0141588567</ele>
      </trkpt>
      <trkpt lat="45.29766" lon="6.6656">
        <ele>2216.2294332274</ele>
      </trkpt>
      <trkpt lat="45.2976" lon="6.66553">
        <ele>2216.7879235349</ele>
      </trkpt>
      <trkpt lat="45.29755" lon="6.66545">
        <ele>2217.9227487616</ele>
      </trkpt>
      <trkpt lat="45.29752" lon="6.66538">
        <ele>2219.3886934751</ele>
      </trkpt>
      <trkpt lat="45.29746" lon="6.6653">
        <ele>2220.8048393702</ele>
      </trkpt>
      <trkpt lat="45.29739" lon="6.66519">
        <ele>2224.1652078304</ele>
      </trkpt>
      <trkpt lat="45.29736" lon="6.66512">
        <ele>2226.5836893228</ele>
      </trkpt>
      <trkpt lat="45.29733" lon="6.66501">
        <ele>2230.572973068</ele>
      </trkpt>
      <trkpt lat="45.2973" lon="6.66482">
        <ele>2236.0650418078</ele>
      </trkpt>
      <trkpt lat="45.29728" lon="6.66467">
        <ele>2240.0537196005</ele>
      </trkpt>
      <trkpt lat="45.29725" lon="6.66455">
        <ele>2240.9068434783</ele>
      </trkpt>
      <trkpt lat="45.29722" lon="6.66443">
        <ele>2241.468534267</ele>
      </trkpt>
      <trkpt lat="45.29719" lon="6.66433">
        <ele>2241.4045253607</ele>
      </trkpt>
      <trkpt lat="45.29715" lon="6.66424">
        <ele>2240.7398120688</ele>
      </trkpt>
      <trkpt lat="45.29711" lon="6.66414">
        <ele>2240.176523996</ele>
      </trkpt>
      <trkpt lat="45.29708" lon="6.66401">
        <ele>2240.3659684404</ele>
      </trkpt>
      <trkpt lat="45.29706" lon="6.6639">
        <ele>2240.9458152805</ele>
      </trkpt>
      <trkpt lat="45.29703" lon="6.66375">
        <ele>2241.8440141703</ele>
      </trkpt>
      <trkpt lat="45.29697" lon="6.6636">
        <ele>2242.8667665051</ele>
      </trkpt>
      <trkpt lat="45.29693" lon="6.66344">
        <ele>2244.3335180771</ele>
      </trkpt>
      <trkpt lat="45.2969" lon="6.66331">
        <ele>2246.0609711476</ele>
      </trkpt>
      <trkpt lat="45.29687" lon="6.66324">
        <ele>2246.6086549731</ele>
      </trkpt>
      <trkpt lat="45.29683" lon="6.6632">
        <ele>2246.2461349922</ele>
      </trkpt>
      <trkpt lat="45.29678" lon="6.66316">
        <ele>2246.0005701558</ele>
      </trkpt>
      <trkpt lat="45.29673" lon="6.6631">
        <ele>2246.5703221477</ele>
      </trkpt>
      <trkpt lat="45.2967" lon="6.66303">
        <ele>2247.8639238323</ele>
      </trkpt>
      <trkpt lat="45.29667" lon="6.66299">
        <ele>2248.4420034055</ele>
      </trkpt>
      <trkpt lat="45.2966" lon="6.66289">
        <ele>2250.12203936</ele>
      </trkpt>
      <trkpt lat="45.29654" lon="6.66282">
        <ele>2251.3928676347</ele>
      </trkpt>
      <trkpt lat="45.2965" lon="6.66277">
        <ele>2252.3186624045</ele>
      </trkpt>
      <trkpt lat="45.29645" lon="6.66273">
        <ele>2252.7739507535</ele>
      </trkpt>
      <trkpt lat="45.29642" lon="6.66268">
        <ele>2253.5662700783</ele>
      </trkpt>
      <trkpt lat="45.2964" lon="6.66258">
        <ele>2255.4243212352</ele>
      </trkpt>
      <trkpt lat="45.29635" lon="6.66245">
        <ele>2258.3979126927</ele>
      </trkpt>
      <trkpt lat="45.29631" lon="6.66241">
        <ele>2259.7468435025</ele>
      </trkpt>
      <trkpt lat="45.29626" lon="6.66237">
        <ele>2261.2157101026</ele>
      </trkpt>
      <trkpt lat="45.2962" lon="6.66237">
        <ele>2261.8677861687</ele>
      </trkpt>
      <trkpt lat="45.29614" lon="6.6624">
        <ele>2262.1159814187</ele>
      </trkpt>
      <trkpt lat="45.29604" lon="6.66252">
        <ele>2261.2379086628</ele>
      </trkpt>
      <trkpt lat="45.29595" lon="6.66264">
        <ele>2259.4458678684</ele>
      </trkpt>
      <trkpt lat="45.2959" lon="6.66268">
        <ele>2259.7939899972</ele>
      </trkpt>
      <trkpt lat="45.29587" lon="6.66273">
        <ele>2259.7236597629</ele>
      </trkpt>
      <trkpt lat="45.2958" lon="6.6628">
        <ele>2261.280734991</ele>
      </trkpt>
      <trkpt lat="45.29575" lon="6.66288">
        <ele>2262.5524420611</ele>
      </trkpt>
      <trkpt lat="45.29568" lon="6.66295">
        <ele>2265.0809322702</ele>
      </trkpt>
      <trkpt lat="45.29563" lon="6.663">
        <ele>2266.9496947204</ele>
      </trkpt>
      <trkpt lat="45.29557" lon="6.66307">
        <ele>2269.3697289682</ele>
      </trkpt>
      <trkpt lat="45.29555" lon="6.66308">
        <ele>2270.3172584287</ele>
      </trkpt>
      <trkpt lat="45.29552" lon="6.66308">
        <ele>2271.7283931369</ele>
      </trkpt>
      <trkpt lat="45.29548" lon="6.66306">
        <ele>2273.5978346738</ele>
      </trkpt>
      <trkpt lat="45.29544" lon="6.66305">
        <ele>2275.1522531984</ele>
      </trkpt>
      <trkpt lat="45.2954" lon="6.66301">
        <ele>2276.6982840728</ele>
      </trkpt>
      <trkpt lat="45.29541" lon="6.66295">
        <ele>2276.3984500945</ele>
      </trkpt>
      <trkpt lat="45.29546" lon="6.66287">
        <ele>2274.6551498202</ele>
      </trkpt>
      <trkpt lat="45.29549" lon="6.66275">
        <ele>2274.093393229</ele>
      </trkpt>
      <trkpt lat="45.29548" lon="6.66265">
        <ele>2275.166263049</ele>
      </trkpt>
      <trkpt lat="45.29547" lon="6.66257">
        <ele>2276.0354805151</ele>
      </trkpt>
      <trkpt lat="45.29547" lon="6.66244">
        <ele>2277.2202202889</ele>
      </trkpt>
      <trkpt lat="45.29548" lon="6.66233">
        <ele>2278.5750349861</ele>
      </trkpt>
      <trkpt lat="45.29549" lon="6.66221">
        <ele>2280.2194312336</ele>
      </trkpt>
      <trkpt lat="45.29554" lon="6.662">
        <ele>2285.606706373</ele>
      </trkpt>
      <trkpt lat="45.29559" lon="6.66192">
        <ele>2287.6465667794</ele>
      </trkpt>
      <trkpt lat="45.29562" lon="6.66188">
        <ele>2288.5875615391</ele>
      </trkpt>
      <trkpt lat="45.29569" lon="6.6618">
        <ele>2289.8531124091</ele>
      </trkpt>
      <trkpt lat="45.29569" lon="6.66175">
        <ele>2290.9310856363</ele>
      </trkpt>
      <trkpt lat="45.29566" lon="6.66173">
        <ele>2291.9416225206</ele>
      </trkpt>
      <trkpt lat="45.29553" lon="6.66182">
        <ele>2291.6260227401</ele>
      </trkpt>
      <trkpt lat="45.29541" lon="6.66189">
        <ele>2291.4172718016</ele>
      </trkpt>
      <trkpt lat="45.29526" lon="6.66196">
        <ele>2292.5532792661</ele>
      </trkpt>
      <trkpt lat="45.29524" lon="6.66198">
        <ele>2292.6278257744</ele>
      </trkpt>
      <trkpt lat="45.29521" lon="6.66202">
        <ele>2292.7173424993</ele>
      </trkpt>
      <trkpt lat="45.29515" lon="6.66213">
        <ele>2292.2719131691</ele>
      </trkpt>
      <trkpt lat="45.29505" lon="6.66225">
        <ele>2294.3116218265</ele>
      </trkpt>
      <trkpt lat="45.29491" lon="6.66235">
        <ele>2299.6233318762</ele>
      </trkpt>
      <trkpt lat="45.29482" lon="6.66245">
        <ele>2302.4411808953</ele>
      </trkpt>
      <trkpt lat="45.29471" lon="6.66257">
        <ele>2304.2383491002</ele>
      </trkpt>
      <trkpt lat="45.29465" lon="6.66258">
        <ele>2306.1387705797</ele>
      </trkpt>
      <trkpt lat="45.29447" lon="6.66258">
        <ele>2312.2450655152</ele>
      </trkpt>
      <trkpt lat="45.29436" lon="6.66261">
        <ele>2315.5239147927</ele>
      </trkpt>
      <trkpt lat="45.29423" lon="6.66267">
        <ele>2319.0872214507</ele>
      </trkpt>
      <trkpt lat="45.29411" lon="6.66276">
        <ele>2321.0277663607</ele>
      </trkpt>
      <trkpt lat="45.29406" lon="6.66275">
        <ele>2322.7755932675</ele>
      </trkpt>
      <trkpt lat="45.294" lon="6.66279">
        <ele>2323.3815941987</ele>
      </trkpt>
      <trkpt lat="45.29393" lon="6.66284">
        <ele>2324.0694087589</ele>
      </trkpt>
      <trkpt lat="45.29376" lon="6.66288">
        <ele>2327.5064812166</ele>
      </trkpt>
      <trkpt lat="45.29364" lon="6.66291">
        <ele>2330.5169494811</ele>
      </trkpt>
      <trkpt lat="45.29351" lon="6.66296">
        <ele>2333.9737867716</ele>
      </trkpt>
      <trkpt lat="45.2934" lon="6.66299">
        <ele>2336.3317473166</ele>
      </trkpt>
      <trkpt lat="45.29329" lon="6.66301">
        <ele>2338.7826363305</ele>
      </trkpt>
      <trkpt lat="45.29319" lon="6.66306">
        <ele>2340.0594096683</ele>
      </trkpt>
      <trkpt lat="45.29309" lon="6.66307">
        <ele>2341.6968091119</ele>
      </trkpt>
      <trkpt lat="45.29298" lon="6.66314">
        <ele>2343.0940186738</ele>
      </trkpt>
      <trkpt lat="45.29293" lon="6.66316">
        <ele>2343.9896669252</ele>
      </trkpt>
      <trkpt lat="45.29285" lon="6.66316">
        <ele>2345.3291316017</ele>
      </trkpt>
      <trkpt lat="45.29279" lon="6.66314">
        <ele>2346.4250442936</ele>
      </trkpt>
      <trkpt lat="45.29273" lon="6.66313">
        <ele>2347.7803634743</ele>
      </trkpt>
      <trkpt lat="45.29271" lon="6.66317">
        <ele>2348.4340298237</ele>
      </trkpt>
      <trkpt lat="45.29272" lon="6.66325">
        <ele>2348.6277274674</ele>
      </trkpt>
      <trkpt lat="45.29274" lon="6.66337">
        <ele>2348.9104330862</ele>
      </trkpt>
      <trkpt lat="45.29274" lon="6.66351">
        <ele>2349.0006864765</ele>
      </trkpt>
      <trkpt lat="45.29277" lon="6.66359">
        <ele>2348.5414791659</ele>
      </trkpt>
      <trkpt lat="45.29279" lon="6.66372">
        <ele>2348.2106457134</ele>
      </trkpt>
      <trkpt lat="45.29278" lon="6.66382">
        <ele>2347.7371419186</ele>
      </trkpt>
      <trkpt lat="45.29275" lon="6.66383">
        <ele>2347.865180433</ele>
      </trkpt>
      <trkpt lat="45.29263" lon="6.66381">
        <ele>2348.8084328664</ele>
      </trkpt>
      <trkpt lat="45.29259" lon="6.66381">
        <ele>2349.2077281825</ele>
      </trkpt>
      <trkpt lat="45.2925" lon="6.66382">
        <ele>2350.6124975708</ele>
      </trkpt>
      <trkpt lat="45.29245" lon="6.66381">
        <ele>2351.3682743159</ele>
      </trkpt>
      <trkpt lat="45.29218" lon="6.6638">
        <ele>2355.2360337705</ele>
      </trkpt>
      <trkpt lat="45.29212" lon="6.66379">
        <ele>2356.0446040991</ele>
      </trkpt>
      <trkpt lat="45.29198" lon="6.66375">
        <ele>2357.9859431093</ele>
      </trkpt>
      <trkpt lat="45.29191" lon="6.66376">
        <ele>2359.1348480847</ele>
      </trkpt>
      <trkpt lat="45.29172" lon="6.66381">
        <ele>2361.9167875479</ele>
      </trkpt>
      <trkpt lat="45.29166" lon="6.66379">
        <ele>2363.1176704989</ele>
      </trkpt>
      <trkpt lat="45.29156" lon="6.66375">
        <ele>2365.5201810454</ele>
      </trkpt>
      <trkpt lat="45.29146" lon="6.66367">
        <ele>2368.6969348384</ele>
      </trkpt>
      <trkpt lat="45.29135" lon="6.66364">
        <ele>2371.7696131959</ele>
      </trkpt>
      <trkpt lat="45.29123" lon="6.66358">
        <ele>2376.7316291422</ele>
      </trkpt>
      <trkpt lat="45.29116" lon="6.66354">
        <ele>2379.9904124636</ele>
      </trkpt>
      <trkpt lat="45.29112" lon="6.66353">
        <ele>2381.4919460724</ele>
      </trkpt>
      <trkpt lat="45.29105" lon="6.66355">
        <ele>2382.8317047884</ele>
      </trkpt>
      <trkpt lat="45.29098" lon="6.66355">
        <ele>2384.4018300211</ele>
      </trkpt>
      <trkpt lat="45.2907" lon="6.66346">
        <ele>2390.5552226707</ele>
      </trkpt>
      <trkpt lat="45.29055" lon="6.66342">
        <ele>2391.6951680003</ele>
      </trkpt>
      <trkpt lat="45.29051" lon="6.66341">
        <ele>2391.8595288719</ele>
      </trkpt>
      <trkpt lat="45.29049" lon="6.66336">
        <ele>2392.6148269112</ele>
      </trkpt>
      <trkpt lat="45.29051" lon="6.66331">
        <ele>2393.1878122002</ele>
      </trkpt>
      <trkpt lat="45.29054" lon="6.66328">
        <ele>2393.5483717438</ele>
      </trkpt>
      <trkpt lat="45.29067" lon="6.66322">
        <ele>2394.2058026564</ele>
      </trkpt>
      <trkpt lat="45.29072" lon="6.66318">
        <ele>2394.6465868965</ele>
      </trkpt>
      <trkpt lat="45.29073" lon="6.66312">
        <ele>2395.406724179</ele>
      </trkpt>
      <trkpt lat="45.29072" lon="6.66308">
        <ele>2395.5384046669</ele>
      </trkpt>
      <trkpt lat="45.29066" lon="6.66304">
        <ele>2395.8458218464</ele>
      </trkpt>
      <trkpt lat="45.2906" lon="6.663">
        <ele>2396.0610809568</ele>
      </trkpt>
      <trkpt lat="45.29047" lon="6.66288">
        <ele>2396.5937117999</ele>
      </trkpt>
      <trkpt lat="45.29025" lon="6.66273">
        <ele>2401.3614630998</ele>
      </trkpt>
      <trkpt lat="45.28989" lon="6.66258">
        <ele>2408.9674834772</ele>
      </trkpt>
      <trkpt lat="45.28983" lon="6.66253">
        <ele>2409.8401214691</ele>
      </trkpt>
      <trkpt lat="45.28979" lon="6.66247">
        <ele>2410.0753295594</ele>
      </trkpt>
      <trkpt lat="45.28973" lon="6.66246">
        <ele>2410.7484464581</ele>
      </trkpt>
      <trkpt lat="45.28962" lon="6.66239">
        <ele>2411.1957115088</ele>
      </trkpt>
      <trkpt lat="45.28956" lon="6.66237">
        <ele>2411.6075549372</ele>
      </trkpt>
      <trkpt lat="45.28944" lon="6.66231">
        <ele>2413.1888011913</ele>
      </trkpt>
      <trkpt lat="45.28937" lon="6.66228">
        <ele>2414.6929772715</ele>
      </trkpt>
      <trkpt lat="45.28929" lon="6.6623">
        <ele>2416.498041537</ele>
      </trkpt>
      <trkpt lat="45.28924" lon="6.66233">
        <ele>2417.5297936101</ele>
      </trkpt>
      <trkpt lat="45.28918" lon="6.66232">
        <ele>2418.7781655568</ele>
      </trkpt>
      <trkpt lat="45.28912" lon="6.66231">
        <ele>2420.020012467</ele>
      </trkpt>
      <trkpt lat="45.28906" lon="6.66227">
        <ele>2421.4888215523</ele>
      </trkpt>
      <trkpt lat="45.28899" lon="6.66226">
        <ele>2422.5094180519</ele>
      </trkpt>
      <trkpt lat="45.28886" lon="6.66228">
        <ele>2424.0265042102</ele>
      </trkpt>
      <trkpt lat="45.28874" lon="6.66222">
        <ele>2426.2751195118</ele>
      </trkpt>
      <trkpt lat="45.28867" lon="6.66215">
        <ele>2427.9242239583</ele>
      </trkpt>
      <trkpt lat="45.28859" lon="6.66225">
        <ele>2428.6913704462</ele>
      </trkpt>
      <trkpt lat="45.28856" lon="6.66223">
        <ele>2429.7503231723</ele>
      </trkpt>
      <trkpt lat="45.28853" lon="6.66223">
        <ele>2430.6198643896</ele>
      </trkpt>
      <trkpt lat="45.28841" lon="6.66233">
        <ele>2433.3184875951</ele>
      </trkpt>
      <trkpt lat="45.28838" lon="6.6624">
        <ele>2433.8738973542</ele>
      </trkpt>
      <trkpt lat="45.28832" lon="6.66243">
        <ele>2435.9352701853</ele>
      </trkpt>
      <trkpt lat="45.28828" lon="6.66241">
        <ele>2437.6472108887</ele>
      </trkpt>
      <trkpt lat="45.28828" lon="6.66226">
        <ele>2438.8445953258</ele>
      </trkpt>
      <trkpt lat="45.28824" lon="6.66226">
        <ele>2440.3711305633</ele>
      </trkpt>
      <trkpt lat="45.28809" lon="6.66231">
        <ele>2445.8680054357</ele>
      </trkpt>
      <trkpt lat="45.28805" lon="6.66229">
        <ele>2447.595273701</ele>
      </trkpt>
      <trkpt lat="45.28803" lon="6.66223">
        <ele>2448.7754572278</ele>
      </trkpt>
      <trkpt lat="45.288" lon="6.66222">
        <ele>2449.9880185961</ele>
      </trkpt>
      <trkpt lat="45.28796" lon="6.66224">
        <ele>2451.3047939264</ele>
      </trkpt>
      <trkpt lat="45.28792" lon="6.66225">
        <ele>2452.6533425351</ele>
      </trkpt>
      <trkpt lat="45.28788" lon="6.66231">
        <ele>2453.6286334165</ele>
      </trkpt>
      <trkpt lat="45.28783" lon="6.66232">
        <ele>2455.2263981498</ele>
      </trkpt>
      <trkpt lat="45.28774" lon="6.66233">
        <ele>2458.0988431469</ele>
      </trkpt>
      <trkpt lat="45.28771" lon="6.66239">
        <ele>2458.593885545</ele>
      </trkpt>
      <trkpt lat="45.28768" lon="6.66241">
        <ele>2459.3058730951</ele>
      </trkpt>
      <trkpt lat="45.28766" lon="6.66245">
        <ele>2459.5184960991</ele>
      </trkpt>
      <trkpt lat="45.28764" lon="6.66249">
        <ele>2459.5823864719</ele>
      </trkpt>
      <trkpt lat="45.28759" lon="6.6625">
        <ele>2460.8395942473</ele>
      </trkpt>
      <trkpt lat="45.28753" lon="6.66247">
        <ele>2462.7315598431</ele>
      </trkpt>
      <trkpt lat="45.28744" lon="6.66254">
        <ele>2463.9045258559</ele>
      </trkpt>
      <trkpt lat="45.28736" lon="6.66253">
        <ele>2465.641230632</ele>
      </trkpt>
      <trkpt lat="45.28729" lon="6.66249">
        <ele>2467.2380897149</ele>
      </trkpt>
      <trkpt lat="45.28721" lon="6.66245">
        <ele>2468.137077148</ele>
      </trkpt>
      <trkpt lat="45.2871" lon="6.66243">
        <ele>2468.704667222</ele>
      </trkpt>
      <trkpt lat="45.28675" lon="6.66234">
        <ele>2472.195783085</ele>
      </trkpt>
      <trkpt lat="45.28665" lon="6.66229">
        <ele>2474.1739536415</ele>
      </trkpt>
      <trkpt lat="45.28653" lon="6.66233">
        <ele>2476.1062876242</ele>
      </trkpt>
      <trkpt lat="45.28643" lon="6.66235">
        <ele>2478.0164161695</ele>
      </trkpt>
      <trkpt lat="45.28628" lon="6.66234">
        <ele>2480.3892753898</ele>
      </trkpt>
      <trkpt lat="45.28609" lon="6.66235">
        <ele>2481.2500943065</ele>
      </trkpt>
      <trkpt lat="45.28599" lon="6.66231">
        <ele>2481.240653465</ele>
      </trkpt>
      <trkpt lat="45.28592" lon="6.66231">
        <ele>2481.0088185767</ele>
      </trkpt>
      <trkpt lat="45.28584" lon="6.66229">
        <ele>2480.9302782798</ele>
      </trkpt>
      <trkpt lat="45.28568" lon="6.66223">
        <ele>2481.2551552</ele>
      </trkpt>
      <trkpt lat="45.28559" lon="6.66223">
        <ele>2481.2855708765</ele>
      </trkpt>
      <trkpt lat="45.28553" lon="6.66221">
        <ele>2481.5560950639</ele>
      </trkpt>
      <trkpt lat="45.28546" lon="6.66221">
        <ele>2481.8075326187</ele>
      </trkpt>
      <trkpt lat="45.28539" lon="6.66223">
        <ele>2481.9144118748</ele>
      </trkpt>
      <trkpt lat="45.2852" lon="6.66231">
        <ele>2482.0126930759</ele>
      </trkpt>
      <trkpt lat="45.28512" lon="6.66233">
        <ele>2482.36372621</ele>
      </trkpt>
      <trkpt lat="45.28496" lon="6.66231">
        <ele>2483.7532326253</ele>
      </trkpt>
      <trkpt lat="45.28485" lon="6.66222">
        <ele>2485.6197553203</ele>
      </trkpt>
      <trkpt lat="45.2848" lon="6.66221">
        <ele>2486.0151957775</ele>
      </trkpt>
      <trkpt lat="45.28468" lon="6.6621">
        <ele>2487.6029675323</ele>
      </trkpt>
      <trkpt lat="45.28465" lon="6.66206">
        <ele>2488.1222143191</ele>
      </trkpt>
      <trkpt lat="45.28461" lon="6.66203">
        <ele>2488.6070101696</ele>
      </trkpt>
      <trkpt lat="45.28456" lon="6.66202">
        <ele>2489.1154917329</ele>
      </trkpt>
      <trkpt lat="45.2845" lon="6.66205">
        <ele>2489.3649514016</ele>
      </trkpt>
      <trkpt lat="45.28441" lon="6.66212">
        <ele>2489.8502083181</ele>
      </trkpt>
      <trkpt lat="45.28437" lon="6.66211">
        <ele>2490.4929421054</ele>
      </trkpt>
      <trkpt lat="45.28425" lon="6.66208">
        <ele>2492.2795981297</ele>
      </trkpt>
      <trkpt lat="45.28421" lon="6.66201">
        <ele>2492.9587798754</ele>
      </trkpt>
      <trkpt lat="45.28418" lon="6.66199">
        <ele>2493.419409469</ele>
      </trkpt>
      <trkpt lat="45.28406" lon="6.66184">
        <ele>2495.6948461776</ele>
      </trkpt>
      <trkpt lat="45.2839" lon="6.66189">
        <ele>2498.3053456209</ele>
      </trkpt>
      <trkpt lat="45.28383" lon="6.66186">
        <ele>2499.6618067856</ele>
      </trkpt>
      <trkpt lat="45.28371" lon="6.6619">
        <ele>2501.3889941535</ele>
      </trkpt>
      <trkpt lat="45.28364" lon="6.66189">
        <ele>2502.7503758224</ele>
      </trkpt>
      <trkpt lat="45.2835" lon="6.66191">
        <ele>2505.1618696685</ele>
      </trkpt>
      <trkpt lat="45.28338" lon="6.6619">
        <ele>2507.9159878557</ele>
      </trkpt>
      <trkpt lat="45.28332" lon="6.6619">
        <ele>2509.1715658723</ele>
      </trkpt>
      <trkpt lat="45.28329" lon="6.66188">
        <ele>2510.0007017698</ele>
      </trkpt>
      <trkpt lat="45.28326" lon="6.66185">
        <ele>2510.9172760474</ele>
      </trkpt>
      <trkpt lat="45.28322" lon="6.66183">
        <ele>2511.850426396</ele>
      </trkpt>
      <trkpt lat="45.28316" lon="6.66187">
        <ele>2512.5403712231</ele>
      </trkpt>
      <trkpt lat="45.28312" lon="6.66193">
        <ele>2512.7071742858</ele>
      </trkpt>
      <trkpt lat="45.28303" lon="6.66192">
        <ele>2513.5200472716</ele>
      </trkpt>
      <trkpt lat="45.28293" lon="6.66195">
        <ele>2513.4696771219</ele>
      </trkpt>
      <trkpt lat="45.28286" lon="6.662">
        <ele>2513.5282007779</ele>
      </trkpt>
      <trkpt lat="45.28261" lon="6.66199">
        <ele>2516.8961265526</ele>
      </trkpt>
      <trkpt lat="45.28252" lon="6.66199">
        <ele>2518.1805019866</ele>
      </trkpt>
      <trkpt lat="45.2825" lon="6.662">
        <ele>2518.4528302333</ele>
      </trkpt>
      <trkpt lat="45.2824" lon="6.66196">
        <ele>2519.7618879242</ele>
      </trkpt>
      <trkpt lat="45.28231" lon="6.6619">
        <ele>2520.6007677199</ele>
      </trkpt>
      <trkpt lat="45.28221" lon="6.66186">
        <ele>2521.4543602029</ele>
      </trkpt>
      <trkpt lat="45.282" lon="6.66181">
        <ele>2524.9547509003</ele>
      </trkpt>
      <trkpt lat="45.28197" lon="6.66183">
        <ele>2525.8706016927</ele>
      </trkpt>
      <trkpt lat="45.28198" lon="6.66191">
        <ele>2525.7972241905</ele>
      </trkpt>
      <trkpt lat="45.28197" lon="6.66195">
        <ele>2526.2614468067</ele>
      </trkpt>
      <trkpt lat="45.28194" lon="6.66196">
        <ele>2527.2613891678</ele>
      </trkpt>
      <trkpt lat="45.28184" lon="6.66196">
        <ele>2531.0937758646</ele>
      </trkpt>
      <trkpt lat="45.28176" lon="6.66192">
        <ele>2534.4597618577</ele>
      </trkpt>
      <trkpt lat="45.2817" lon="6.66192">
        <ele>2537.3790973915</ele>
      </trkpt>
      <trkpt lat="45.28162" lon="6.66192">
        <ele>2541.4360920668</ele>
      </trkpt>
      <trkpt lat="45.2816" lon="6.66184">
        <ele>2543.5042378335</ele>
      </trkpt>
      <trkpt lat="45.28157" lon="6.66179">
        <ele>2545.6341185117</ele>
      </trkpt>
      <trkpt lat="45.28154" lon="6.66178">
        <ele>2547.2408785083</ele>
      </trkpt>
      <trkpt lat="45.28151" lon="6.66178">
        <ele>2548.5112882105</ele>
      </trkpt>
      <trkpt lat="45.28147" lon="6.66182">
        <ele>2549.6389332367</ele>
      </trkpt>
      <trkpt lat="45.28145" lon="6.6618">
        <ele>2550.6302033481</ele>
      </trkpt>
      <trkpt lat="45.28145" lon="6.66172">
        <ele>2551.4387989342</ele>
      </trkpt>
      <trkpt lat="45.28143" lon="6.66168">
        <ele>2552.578200518</ele>
      </trkpt>
      <trkpt lat="45.2814" lon="6.66171">
        <ele>2553.4065701223</ele>
      </trkpt>
      <trkpt lat="45.28138" lon="6.66177">
        <ele>2553.6278273492</ele>
      </trkpt>
      <trkpt lat="45.28133" lon="6.6618">
        <ele>2555.2874537402</ele>
      </trkpt>
      <trkpt lat="45.28128" lon="6.66182">
        <ele>2557.007649401</ele>
      </trkpt>
      <trkpt lat="45.28125" lon="6.66179">
        <ele>2558.2794500613</ele>
      </trkpt>
      <trkpt lat="45.28124" lon="6.6617">
        <ele>2559.225836329</ele>
      </trkpt>
      <trkpt lat="45.2812" lon="6.66168">
        <ele>2560.7284431227</ele>
      </trkpt>
      <trkpt lat="45.28117" lon="6.66172">
        <ele>2561.5515052119</ele>
      </trkpt>
      <trkpt lat="45.28114" lon="6.66169">
        <ele>2562.7043513217</ele>
      </trkpt>
      <trkpt lat="45.2811" lon="6.66171">
        <ele>2563.9881364986</ele>
      </trkpt>
      <trkpt lat="45.28106" lon="6.66177">
        <ele>2565.1639590735</ele>
      </trkpt>
      <trkpt lat="45.28102" lon="6.6618">
        <ele>2566.5263048509</ele>
      </trkpt>
      <trkpt lat="45.28098" lon="6.6618">
        <ele>2568.0164910349</ele>
      </trkpt>
      <trkpt lat="45.28094" lon="6.66181">
        <ele>2569.4503089159</ele>
      </trkpt>
      <trkpt lat="45.2809" lon="6.66178">
        <ele>2570.9341582915</ele>
      </trkpt>
      <trkpt lat="45.28088" lon="6.66169">
        <ele>2571.7707087751</ele>
      </trkpt>
      <trkpt lat="45.28085" lon="6.66164">
        <ele>2572.7872568238</ele>
      </trkpt>
      <trkpt lat="45.28081" lon="6.66163">
        <ele>2573.9625608175</ele>
      </trkpt>
      <trkpt lat="45.28077" lon="6.66168">
        <ele>2575.1435343953</ele>
      </trkpt>
      <trkpt lat="45.2807" lon="6.66171">
        <ele>2577.2787211849</ele>
      </trkpt>
      <trkpt lat="45.28063" lon="6.66174">
        <ele>2579.1432990524</ele>
      </trkpt>
      <trkpt lat="45.28056" lon="6.66168">
        <ele>2580.5194333105</ele>
      </trkpt>
      <trkpt lat="45.28053" lon="6.66162">
        <ele>2581.0253873543</ele>
      </trkpt>
      <trkpt lat="45.28044" lon="6.6615">
        <ele>2582.7533112769</ele>
      </trkpt>
      <trkpt lat="45.28036" lon="6.6614">
        <ele>2584.4209616315</ele>
      </trkpt>
      <trkpt lat="45.28031" lon="6.66135">
        <ele>2585.3657416041</ele>
      </trkpt>
      <trkpt lat="45.28027" lon="6.66134">
        <ele>2586.0397117046</ele>
      </trkpt>
      <trkpt lat="45.28011" lon="6.66136">
        <ele>2588.514422649</ele>
      </trkpt>
      <trkpt lat="45.28005" lon="6.66134">
        <ele>2589.4318520243</ele>
      </trkpt>
      <trkpt lat="45.27999" lon="6.66133">
        <ele>2590.2436960253</ele>
      </trkpt>
      <trkpt lat="45.27992" lon="6.66135">
        <ele>2591.0610189033</ele>
      </trkpt>
      <trkpt lat="45.27986" lon="6.66138">
        <ele>2591.7564492193</ele>
      </trkpt>
      <trkpt lat="45.27982" lon="6.66138">
        <ele>2592.1979940446</ele>
      </trkpt>
      <trkpt lat="45.27976" lon="6.66138">
        <ele>2592.7529252449</ele>
      </trkpt>
      <trkpt lat="45.2797" lon="6.66136">
        <ele>2593.1434822128</ele>
      </trkpt>
      <trkpt lat="45.27961" lon="6.66132">
        <ele>2593.6371460851</ele>
      </trkpt>
      <trkpt lat="45.2795" lon="6.66128">
        <ele>2594.1838638597</ele>
      </trkpt>
      <trkpt lat="45.27942" lon="6.6612">
        <ele>2594.6774681861</ele>
      </trkpt>
      <trkpt lat="45.2793" lon="6.66116">
        <ele>2595.6418067187</ele>
      </trkpt>
      <trkpt lat="45.27924" lon="6.6611">
        <ele>2596.5417231057</ele>
      </trkpt>
      <trkpt lat="45.27918" lon="6.66106">
        <ele>2597.4364444928</ele>
      </trkpt>
      <trkpt lat="45.27898" lon="6.66098">
        <ele>2601.2200610438</ele>
      </trkpt>
      <trkpt lat="45.27894" lon="6.66095">
        <ele>2602.1855469631</ele>
      </trkpt>
      <trkpt lat="45.27889" lon="6.66086">
        <ele>2604.108647238</ele>
      </trkpt>
      <trkpt lat="45.27885" lon="6.66075">
        <ele>2606.3999658744</ele>
      </trkpt>
      <trkpt lat="45.27881" lon="6.6607">
        <ele>2608.0151063098</ele>
      </trkpt>
      <trkpt lat="45.27875" lon="6.66066">
        <ele>2610.0067101409</ele>
      </trkpt>
      <trkpt lat="45.27871" lon="6.6606">
        <ele>2611.92944003</ele>
      </trkpt>
      <trkpt lat="45.27857" lon="6.66051">
        <ele>2615.5287552092</ele>
      </trkpt>
      <trkpt lat="45.2785" lon="6.66044">
        <ele>2617.4481118929</ele>
      </trkpt>
      <trkpt lat="45.27828" lon="6.66043">
        <ele>2620.8890963664</ele>
      </trkpt>
      <trkpt lat="45.27821" lon="6.66042">
        <ele>2622.1526546102</ele>
      </trkpt>
      <trkpt lat="45.27815" lon="6.6604">
        <ele>2623.4101792438</ele>
      </trkpt>
      <trkpt lat="45.27802" lon="6.66035">
        <ele>2625.7302735002</ele>
      </trkpt>
      <trkpt lat="45.27786" lon="6.6603">
        <ele>2628.1439823376</ele>
      </trkpt>
      <trkpt lat="45.27775" lon="6.66027">
        <ele>2629.4940471666</ele>
      </trkpt>
      <trkpt lat="45.2776" lon="6.66019">
        <ele>2631.5181179671</ele>
      </trkpt>
      <trkpt lat="45.27753" lon="6.66019">
        <ele>2632.8080851269</ele>
      </trkpt>
      <trkpt lat="45.27746" lon="6.66019">
        <ele>2634.0766542848</ele>
      </trkpt>
      <trkpt lat="45.27739" lon="6.66017">
        <ele>2635.053727815</ele>
      </trkpt>
      <trkpt lat="45.27732" lon="6.66014">
        <ele>2635.5799680255</ele>
      </trkpt>
      <trkpt lat="45.27728" lon="6.66011">
        <ele>2635.4426296252</ele>
      </trkpt>
      <trkpt lat="45.27719" lon="6.66015">
        <ele>2636.0256985348</ele>
      </trkpt>
      <trkpt lat="45.27711" lon="6.66014">
        <ele>2635.9921323552</ele>
      </trkpt>
      <trkpt lat="45.27691" lon="6.66013">
        <ele>2636.5240439035</ele>
      </trkpt>
      <trkpt lat="45.27679" lon="6.6602">
        <ele>2638.2487396972</ele>
      </trkpt>
      <trkpt lat="45.27678" lon="6.6602">
        <ele>2638.3480814488</ele>
      </trkpt>
      <trkpt lat="45.27663" lon="6.66025">
        <ele>2640.561791596</ele>
      </trkpt>
      <trkpt lat="45.27649" lon="6.66027">
        <ele>2643.1008377268</ele>
      </trkpt>
      <trkpt lat="45.2763" lon="6.66044">
        <ele>2645.7923689237</ele>
      </trkpt>
      <trkpt lat="45.27614" lon="6.66055">
        <ele>2647.3290305106</ele>
      </trkpt>
      <trkpt lat="45.27598" lon="6.66059">
        <ele>2648.7362125109</ele>
      </trkpt>
      <trkpt lat="45.27583" lon="6.66056">
        <ele>2650.1415633229</ele>
      </trkpt>
      <trkpt lat="45.27561" lon="6.66056">
        <ele>2652.8014107843</ele>
      </trkpt>
      <trkpt lat="45.27547" lon="6.66056">
        <ele>2654.9035293302</ele>
      </trkpt>
      <trkpt lat="45.27523" lon="6.6605">
        <ele>2659.4772418741</ele>
      </trkpt>
      <trkpt lat="45.27512" lon="6.66047">
        <ele>2661.5775802581</ele>
      </trkpt>
      <trkpt lat="45.27501" lon="6.66043">
        <ele>2663.9689594961</ele>
      </trkpt>
      <trkpt lat="45.27484" lon="6.66024">
        <ele>2666.907398961</ele>
      </trkpt>
      <trkpt lat="45.27474" lon="6.6601">
        <ele>2668.7436466423</ele>
      </trkpt>
      <trkpt lat="45.27467" lon="6.66015">
        <ele>2671.264126409</ele>
      </trkpt>
      <trkpt lat="45.27464" lon="6.66005">
        <ele>2671.2701241025</ele>
      </trkpt>
      <trkpt lat="45.27456" lon="6.65996">
        <ele>2673.5411755439</ele>
      </trkpt>
      <trkpt lat="45.27453" lon="6.66008">
        <ele>2675.7734450386</ele>
      </trkpt>
      <trkpt lat="45.27443" lon="6.65992">
        <ele>2678.5114292551</ele>
      </trkpt>
      <trkpt lat="45.27433" lon="6.65983">
        <ele>2683.0450715091</ele>
      </trkpt>
      <trkpt lat="45.27422" lon="6.65985">
        <ele>2688.2591993248</ele>
      </trkpt>
      <trkpt lat="45.27402" lon="6.65979">
        <ele>2696.0131044456</ele>
      </trkpt>
      <trkpt lat="45.274" lon="6.65966">
        <ele>2696.0847343585</ele>
      </trkpt>
      <trkpt lat="45.2739" lon="6.65965">
        <ele>2699.0912643514</ele>
      </trkpt>
      <trkpt lat="45.27387" lon="6.65976">
        <ele>2700.5877847471</ele>
      </trkpt>
      <trkpt lat="45.27374" lon="6.65969">
        <ele>2703.5815243693</ele>
      </trkpt>
      <trkpt lat="45.27359" lon="6.65961">
        <ele>2706.5434039738</ele>
      </trkpt>
      <trkpt lat="45.27339" lon="6.65948">
        <ele>2709.8322503088</ele>
      </trkpt>
      <trkpt lat="45.27338" lon="6.65939">
        <ele>2709.6959458535</ele>
      </trkpt>
      <trkpt lat="45.27333" lon="6.65936">
        <ele>2710.4957509773</ele>
      </trkpt>
      <trkpt lat="45.27321" lon="6.65938">
        <ele>2712.886527596</ele>
      </trkpt>
      <trkpt lat="45.27308" lon="6.65933">
        <ele>2715.3513274362</ele>
      </trkpt>
      <trkpt lat="45.27298" lon="6.65928">
        <ele>2717.3857136298</ele>
      </trkpt>
      <trkpt lat="45.27294" lon="6.65921">
        <ele>2718.2509452592</ele>
      </trkpt>
      <trkpt lat="45.2729" lon="6.65918">
        <ele>2718.9798596284</ele>
      </trkpt>
      <trkpt lat="45.27284" lon="6.65917">
        <ele>2719.6326878705</ele>
      </trkpt>
      <trkpt lat="45.27268" lon="6.6592">
        <ele>2721.4103033009</ele>
      </trkpt>
      <trkpt lat="45.27263" lon="6.65913">
        <ele>2722.1382926319</ele>
      </trkpt>
      <trkpt lat="45.27254" lon="6.65895">
        <ele>2723.945798414</ele>
      </trkpt>
      <trkpt lat="45.27246" lon="6.65893">
        <ele>2725.1946688934</ele>
      </trkpt>
      <trkpt lat="45.27243" lon="6.65895">
        <ele>2725.5718793549</ele>
      </trkpt>
      <trkpt lat="45.27231" lon="6.65893">
        <ele>2727.5269709647</ele>
      </trkpt>
      <trkpt lat="45.27224" lon="6.65899">
        <ele>2728.3601267777</ele>
      </trkpt>
      <trkpt lat="45.27221" lon="6.65899">
        <ele>2728.7919098718</ele>
      </trkpt>
      <trkpt lat="45.27218" lon="6.65892">
        <ele>2729.4339124734</ele>
      </trkpt>
      <trkpt lat="45.27216" lon="6.65885">
        <ele>2730.0101588705</ele>
      </trkpt>
      <trkpt lat="45.27213" lon="6.65885">
        <ele>2730.3690278757</ele>
      </trkpt>
      <trkpt lat="45.27211" lon="6.65889">
        <ele>2730.4669113255</ele>
      </trkpt>
      <trkpt lat="45.27208" lon="6.65893">
        <ele>2730.7234079845</ele>
      </trkpt>
      <trkpt lat="45.27205" lon="6.65891">
        <ele>2731.1906470094</ele>
      </trkpt>
      <trkpt lat="45.27184" lon="6.65877">
        <ele>2734.776490847</ele>
      </trkpt>
      <trkpt lat="45.27172" lon="6.65871">
        <ele>2737.3385136588</ele>
      </trkpt>
      <trkpt lat="45.27164" lon="6.65865">
        <ele>2739.0641766445</ele>
      </trkpt>
      <trkpt lat="45.2716" lon="6.65865">
        <ele>2740.047935158</ele>
      </trkpt>
      <trkpt lat="45.27154" lon="6.65867">
        <ele>2741.8965289048</ele>
      </trkpt>
      <trkpt lat="45.27149" lon="6.6587">
        <ele>2743.7957173791</ele>
      </trkpt>
      <trkpt lat="45.27143" lon="6.65873">
        <ele>2746.1121103959</ele>
      </trkpt>
      <trkpt lat="45.27132" lon="6.65875">
        <ele>2751.1291426303</ele>
      </trkpt>
      <trkpt lat="45.27127" lon="6.65874">
        <ele>2754.0694936874</ele>
      </trkpt>
      <trkpt lat="45.2711" lon="6.65861">
        <ele>2764.5493625196</ele>
      </trkpt>
      <trkpt lat="45.27103" lon="6.65854">
        <ele>2771.195157444</ele>
      </trkpt>
      <trkpt lat="45.27101" lon="6.65853">
        <ele>2773.2788039094</ele>
      </trkpt>
      <trkpt lat="45.27094" lon="6.65845">
        <ele>2779.8171063337</ele>
      </trkpt>
      <trkpt lat="45.2709" lon="6.65836">
        <ele>2783.2378087018</ele>
      </trkpt>
      <trkpt lat="45.27084" lon="6.65828">
        <ele>2784.9715118055</ele>
      </trkpt>
      <trkpt lat="45.27081" lon="6.65822">
        <ele>2785.7355912403</ele>
      </trkpt>
      <trkpt lat="45.27077" lon="6.65815">
        <ele>2786.4610863824</ele>
      </trkpt>
      <trkpt lat="45.27074" lon="6.65807">
        <ele>2786.922135</ele>
      </trkpt>
      <trkpt lat="45.27074" lon="6.65802">
        <ele>2787.289474212</ele>
      </trkpt>
      <trkpt lat="45.27071" lon="6.65798">
        <ele>2787.9022930041</ele>
      </trkpt>
      <trkpt lat="45.2707" lon="6.65795">
        <ele>2788.1381652953</ele>
      </trkpt>
      <trkpt lat="45.27067" lon="6.65792">
        <ele>2788.2773426774</ele>
      </trkpt>
      <trkpt lat="45.27066" lon="6.6578">
        <ele>2789.1183393591</ele>
      </trkpt>
      <trkpt lat="45.27064" lon="6.65772">
        <ele>2789.5252345094</ele>
      </trkpt>
      <trkpt lat="45.2706" lon="6.65769">
        <ele>2788.9120892426</ele>
      </trkpt>
      <trkpt lat="45.27055" lon="6.65763">
        <ele>2788.1441785531</ele>
      </trkpt>
      <trkpt lat="45.27049" lon="6.65769">
        <ele>2786.2272269743</ele>
      </trkpt>
      <trkpt lat="45.27042" lon="6.65774">
        <ele>2783.5934525351</ele>
      </trkpt>
      <trkpt lat="45.27038" lon="6.65775">
        <ele>2782.0619434223</ele>
      </trkpt>
      <trkpt lat="45.27032" lon="6.65779">
        <ele>2779.7232676655</ele>
      </trkpt>
      <trkpt lat="45.27024" lon="6.65779">
        <ele>2776.5681510275</ele>
      </trkpt>
      <trkpt lat="45.27013" lon="6.65778">
        <ele>2771.8924467887</ele>
      </trkpt>
      <trkpt lat="45.27007" lon="6.6578">
        <ele>2769.3757357036</ele>
      </trkpt>
      <trkpt lat="45.27002" lon="6.65786">
        <ele>2767.8492557288</ele>
      </trkpt>
      <trkpt lat="45.26995" lon="6.65788">
        <ele>2765.6673662143</ele>
      </trkpt>
      <trkpt lat="45.26988" lon="6.65794">
        <ele>2763.8663985495</ele>
      </trkpt>
      <trkpt lat="45.26978" lon="6.65801">
        <ele>2761.2061373757</ele>
      </trkpt>
      <trkpt lat="45.26974" lon="6.65802">
        <ele>2759.992477607</ele>
      </trkpt>
      <trkpt lat="45.26966" lon="6.65804">
        <ele>2757.5716640731</ele>
      </trkpt>
      <trkpt lat="45.26959" lon="6.65803">
        <ele>2755.1852961617</ele>
      </trkpt>
      <trkpt lat="45.2695" lon="6.65803">
        <ele>2751.3730700594</ele>
      </trkpt>
      <trkpt lat="45.26941" lon="6.65805">
        <ele>2747.5517658765</ele>
      </trkpt>
      <trkpt lat="45.26934" lon="6.65807">
        <ele>2744.432832369</ele>
      </trkpt>
      <trkpt lat="45.26926" lon="6.65809">
        <ele>2740.6349607866</ele>
      </trkpt>
      <trkpt lat="45.26917" lon="6.65811">
        <ele>2736.227904698</ele>
      </trkpt>
      <trkpt lat="45.26912" lon="6.65811">
        <ele>2733.6480463511</ele>
      </trkpt>
      <trkpt lat="45.26909" lon="6.65806">
        <ele>2731.7267993968</ele>
      </trkpt>
      <trkpt lat="45.26903" lon="6.65813">
        <ele>2729.1524803832</ele>
      </trkpt>
      <trkpt lat="45.26896" lon="6.65818">
        <ele>2725.8101470493</ele>
      </trkpt>
      <trkpt lat="45.26897" lon="6.65824">
        <ele>2726.6248496159</ele>
      </trkpt>
      <trkpt lat="45.26893" lon="6.65828">
        <ele>2724.7592763911</ele>
      </trkpt>
      <trkpt lat="45.26888" lon="6.65829">
        <ele>2722.4370976195</ele>
      </trkpt>
      <trkpt lat="45.26882" lon="6.65832">
        <ele>2719.9994414473</ele>
      </trkpt>
      <trkpt lat="45.26876" lon="6.65842">
        <ele>2718.1104739138</ele>
      </trkpt>
      <trkpt lat="45.26869" lon="6.65851">
        <ele>2716.2615186288</ele>
      </trkpt>
      <trkpt lat="45.26863" lon="6.65855">
        <ele>2714.6738994773</ele>
      </trkpt>
      <trkpt lat="45.26857" lon="6.65855">
        <ele>2712.7980501266</ele>
      </trkpt>
      <trkpt lat="45.26853" lon="6.65858">
        <ele>2711.8195241116</ele>
      </trkpt>
      <trkpt lat="45.26849" lon="6.65867">
        <ele>2711.3887365279</ele>
      </trkpt>
      <trkpt lat="45.26848" lon="6.65875">
        <ele>2711.7064673002</ele>
      </trkpt>
      <trkpt lat="45.26843" lon="6.65879">
        <ele>2710.165245058</ele>
      </trkpt>
      <trkpt lat="45.26838" lon="6.65884">
        <ele>2708.5367228428</ele>
      </trkpt>
      <trkpt lat="45.26832" lon="6.65885">
        <ele>2706.2080444022</ele>
      </trkpt>
      <trkpt lat="45.26827" lon="6.65878">
        <ele>2703.9044750809</ele>
      </trkpt>
      <trkpt lat="45.26823" lon="6.65882">
        <ele>2702.4598114468</ele>
      </trkpt>
      <trkpt lat="45.26822" lon="6.65885">
        <ele>2702.1758428417</ele>
      </trkpt>
      <trkpt lat="45.26821" lon="6.65889">
        <ele>2701.9483948865</ele>
      </trkpt>
      <trkpt lat="45.26816" lon="6.65897">
        <ele>2700.2519156727</ele>
      </trkpt>
      <trkpt lat="45.26807" lon="6.65904">
        <ele>2697.0224328489</ele>
      </trkpt>
      <trkpt lat="45.26798" lon="6.65926">
        <ele>2695.790875141</ele>
      </trkpt>
      <trkpt lat="45.26786" lon="6.65918">
        <ele>2690.6871056898</ele>
      </trkpt>
      <trkpt lat="45.26775" lon="6.65908">
        <ele>2685.6993556164</ele>
      </trkpt>
      <trkpt lat="45.26763" lon="6.65901">
        <ele>2680.9017584177</ele>
      </trkpt>
      <trkpt lat="45.26754" lon="6.65891">
        <ele>2677.0281990412</ele>
      </trkpt>
      <trkpt lat="45.26751" lon="6.65886">
        <ele>2675.5109526815</ele>
      </trkpt>
      <trkpt lat="45.26742" lon="6.65887">
        <ele>2671.9258620799</ele>
      </trkpt>
      <trkpt lat="45.26731" lon="6.65881">
        <ele>2666.131002748</ele>
      </trkpt>
      <trkpt lat="45.2673" lon="6.65888">
        <ele>2666.3112212752</ele>
      </trkpt>
      <trkpt lat="45.26727" lon="6.6589">
        <ele>2664.9317344842</ele>
      </trkpt>
      <trkpt lat="45.26722" lon="6.65894">
        <ele>2662.6750862751</ele>
      </trkpt>
      <trkpt lat="45.26716" lon="6.65895">
        <ele>2659.6255695258</ele>
      </trkpt>
      <trkpt lat="45.26711" lon="6.65896">
        <ele>2657.3439790605</ele>
      </trkpt>
      <trkpt lat="45.26703" lon="6.65894">
        <ele>2653.5410517157</ele>
      </trkpt>
      <trkpt lat="45.267" lon="6.65896">
        <ele>2652.3598748464</ele>
      </trkpt>
      <trkpt lat="45.26699" lon="6.659">
        <ele>2652.2434415924</ele>
      </trkpt>
      <trkpt lat="45.26695" lon="6.65899">
        <ele>2650.3920799064</ele>
      </trkpt>
      <trkpt lat="45.26691" lon="6.65896">
        <ele>2648.5057771235</ele>
      </trkpt>
      <trkpt lat="45.26688" lon="6.65891">
        <ele>2647.2092640723</ele>
      </trkpt>
      <trkpt lat="45.26685" lon="6.65888">
        <ele>2646.0593726899</ele>
      </trkpt>
      <trkpt lat="45.26683" lon="6.65883">
        <ele>2645.0807931659</ele>
      </trkpt>
      <trkpt lat="45.26681" lon="6.65886">
        <ele>2644.6614543975</ele>
      </trkpt>
      <trkpt lat="45.26679" lon="6.65896">
        <ele>2644.6788500736</ele>
      </trkpt>
      <trkpt lat="45.26676" lon="6.65897">
        <ele>2643.7752793161</ele>
      </trkpt>
      <trkpt lat="45.26674" lon="6.65893">
        <ele>2642.860388482</ele>
      </trkpt>
      <trkpt lat="45.26672" lon="6.65887">
        <ele>2641.8835140987</ele>
      </trkpt>
      <trkpt lat="45.26671" lon="6.65879">
        <ele>2641.1104695653</ele>
      </trkpt>
      <trkpt lat="45.26671" lon="6.65875">
        <ele>2640.8774526765</ele>
      </trkpt>
      <trkpt lat="45.26671" lon="6.6587">
        <ele>2640.515037925</ele>
      </trkpt>
      <trkpt lat="45.26667" lon="6.65871">
        <ele>2639.3704226406</ele>
      </trkpt>
      <trkpt lat="45.26662" lon="6.65873">
        <ele>2638.0299686935</ele>
      </trkpt>
      <trkpt lat="45.26655" lon="6.65876">
        <ele>2636.2037462791</ele>
      </trkpt>
      <trkpt lat="45.26635" lon="6.65876">
        <ele>2631.5815773013</ele>
      </trkpt>
      <trkpt lat="45.2662" lon="6.65871">
        <ele>2628.8329903371</ele>
      </trkpt>
      <trkpt lat="45.26614" lon="6.65869">
        <ele>2628.0739394736</ele>
      </trkpt>
      <trkpt lat="45.266" lon="6.65864">
        <ele>2626.5441248833</ele>
      </trkpt>
      <trkpt lat="45.26581" lon="6.65859">
        <ele>2625.4164282001</ele>
      </trkpt>
      <trkpt lat="45.26573" lon="6.6586">
        <ele>2625.391709318</ele>
      </trkpt>
      <trkpt lat="45.26561" lon="6.65864">
        <ele>2625.5883190308</ele>
      </trkpt>
      <trkpt lat="45.26548" lon="6.65875">
        <ele>2626.4682547377</ele>
      </trkpt>
      <trkpt lat="45.26533" lon="6.65882">
        <ele>2625.649040048</ele>
      </trkpt>
      <trkpt lat="45.26523" lon="6.65884">
        <ele>2623.0307417075</ele>
      </trkpt>
      <trkpt lat="45.26512" lon="6.65886">
        <ele>2620.1123268428</ele>
      </trkpt>
      <trkpt lat="45.26496" lon="6.65888">
        <ele>2615.4638292493</ele>
      </trkpt>
      <trkpt lat="45.2649" lon="6.65889">
        <ele>2613.8408024979</ele>
      </trkpt>
      <trkpt lat="45.26486" lon="6.65885">
        <ele>2612.2687422337</ele>
      </trkpt>
      <trkpt lat="45.26483" lon="6.65885">
        <ele>2611.4258062427</ele>
      </trkpt>
      <trkpt lat="45.26476" lon="6.65895">
        <ele>2610.801780616</ele>
      </trkpt>
      <trkpt lat="45.26469" lon="6.65889">
        <ele>2608.3390744324</ele>
      </trkpt>
      <trkpt lat="45.26464" lon="6.65891">
        <ele>2607.4995379546</ele>
      </trkpt>
      <trkpt lat="45.26459" lon="6.65889">
        <ele>2606.2128994293</ele>
      </trkpt>
      <trkpt lat="45.26454" lon="6.65889">
        <ele>2605.1912771792</ele>
      </trkpt>
      <trkpt lat="45.2645" lon="6.65888">
        <ele>2604.2023420731</ele>
      </trkpt>
      <trkpt lat="45.26444" lon="6.65884">
        <ele>2602.7008847364</ele>
      </trkpt>
      <trkpt lat="45.26428" lon="6.65868">
        <ele>2597.2005491249</ele>
      </trkpt>
      <trkpt lat="45.26421" lon="6.65862">
        <ele>2594.8396556451</ele>
      </trkpt>
      <trkpt lat="45.26412" lon="6.65843">
        <ele>2589.4182065376</ele>
      </trkpt>
      <trkpt lat="45.26404" lon="6.6584">
        <ele>2587.7392026541</ele>
      </trkpt>
      <trkpt lat="45.26384" lon="6.65837">
        <ele>2586.2753882573</ele>
      </trkpt>
      <trkpt lat="45.26376" lon="6.65839">
        <ele>2586.2378687895</ele>
      </trkpt>
      <trkpt lat="45.26371" lon="6.65836">
        <ele>2585.419565172</ele>
      </trkpt>
      <trkpt lat="45.26367" lon="6.65831">
        <ele>2584.3020453699</ele>
      </trkpt>
      <trkpt lat="45.26359" lon="6.65833">
        <ele>2584.2459119587</ele>
      </trkpt>
      <trkpt lat="45.26353" lon="6.65833">
        <ele>2583.766111</ele>
      </trkpt>
      <trkpt lat="45.26346" lon="6.6583">
        <ele>2582.779920701</ele>
      </trkpt>
      <trkpt lat="45.26327" lon="6.65816">
        <ele>2580.0103445556</ele>
      </trkpt>
      <trkpt lat="45.26319" lon="6.65812">
        <ele>2579.2967423998</ele>
      </trkpt>
      <trkpt lat="45.26307" lon="6.65812">
        <ele>2579.6367282303</ele>
      </trkpt>
      <trkpt lat="45.26284" lon="6.65817">
        <ele>2581.1210048495</ele>
      </trkpt>
      <trkpt lat="45.26265" lon="6.65818">
        <ele>2580.281078947</ele>
      </trkpt>
      <trkpt lat="45.2625" lon="6.65817">
        <ele>2578.6245093915</ele>
      </trkpt>
      <trkpt lat="45.26233" lon="6.65807">
        <ele>2573.7239342775</ele>
      </trkpt>
      <trkpt lat="45.26212" lon="6.65806">
        <ele>2570.5344478597</ele>
      </trkpt>
      <trkpt lat="45.26195" lon="6.65802">
        <ele>2566.7916848012</ele>
      </trkpt>
      <trkpt lat="45.26178" lon="6.65801">
        <ele>2563.3144289711</ele>
      </trkpt>
      <trkpt lat="45.26168" lon="6.65794">
        <ele>2559.6957047526</ele>
      </trkpt>
      <trkpt lat="45.26154" lon="6.65787">
        <ele>2555.415428813</ele>
      </trkpt>
      <trkpt lat="45.26149" lon="6.65789">
        <ele>2554.8453628928</ele>
      </trkpt>
      <trkpt lat="45.26144" lon="6.65794">
        <ele>2554.8043127137</ele>
      </trkpt>
      <trkpt lat="45.26137" lon="6.65795">
        <ele>2553.4632864329</ele>
      </trkpt>
      <trkpt lat="45.26134" lon="6.65793">
        <ele>2552.4413188636</ele>
      </trkpt>
      <trkpt lat="45.26132" lon="6.65784">
        <ele>2550.6990223147</ele>
      </trkpt>
      <trkpt lat="45.26128" lon="6.65776">
        <ele>2548.8606426936</ele>
      </trkpt>
      <trkpt lat="45.26124" lon="6.6577">
        <ele>2547.4465772631</ele>
      </trkpt>
      <trkpt lat="45.26121" lon="6.65771">
        <ele>2547.1641105589</ele>
      </trkpt>
      <trkpt lat="45.26115" lon="6.65787">
        <ele>2547.4634307331</ele>
      </trkpt>
      <trkpt lat="45.2611" lon="6.65794">
        <ele>2546.3679250619</ele>
      </trkpt>
      <trkpt lat="45.26106" lon="6.65799">
        <ele>2545.308207859</ele>
      </trkpt>
      <trkpt lat="45.26102" lon="6.65797">
        <ele>2543.8915062623</ele>
      </trkpt>
      <trkpt lat="45.261" lon="6.65781">
        <ele>2542.7461673928</ele>
      </trkpt>
      <trkpt lat="45.26101" lon="6.6578">
        <ele>2543.0071391202</ele>
      </trkpt>
      <trkpt lat="45.26092" lon="6.65787">
        <ele>2540.0886674926</ele>
      </trkpt>
      <trkpt lat="45.26083" lon="6.6578">
        <ele>2535.782525116</ele>
      </trkpt>
      <trkpt lat="45.26077" lon="6.65779">
        <ele>2532.8998147771</ele>
      </trkpt>
      <trkpt lat="45.26067" lon="6.65782">
        <ele>2528.5409750213</ele>
      </trkpt>
      <trkpt lat="45.26062" lon="6.65785">
        <ele>2526.4890658641</ele>
      </trkpt>
      <trkpt lat="45.26058" lon="6.65789">
        <ele>2524.9000509985</ele>
      </trkpt>
      <trkpt lat="45.26053" lon="6.65796">
        <ele>2522.8476916567</ele>
      </trkpt>
      <trkpt lat="45.26048" lon="6.65801">
        <ele>2521.0717856623</ele>
      </trkpt>
      <trkpt lat="45.26028" lon="6.65808">
        <ele>2515.1180668579</ele>
      </trkpt>
      <trkpt lat="45.26022" lon="6.65812">
        <ele>2514.044817208</ele>
      </trkpt>
      <trkpt lat="45.2601" lon="6.65817">
        <ele>2512.0107423075</ele>
      </trkpt>
      <trkpt lat="45.26004" lon="6.65821">
        <ele>2511.2486631015</ele>
      </trkpt>
      <trkpt lat="45.25995" lon="6.65823">
        <ele>2510.1174315224</ele>
      </trkpt>
      <trkpt lat="45.25989" lon="6.65819">
        <ele>2509.4201725011</ele>
      </trkpt>
      <trkpt lat="45.25983" lon="6.6581">
        <ele>2508.8671749088</ele>
      </trkpt>
      <trkpt lat="45.25977" lon="6.65804">
        <ele>2507.9645661707</ele>
      </trkpt>
      <trkpt lat="45.2596" lon="6.65811">
        <ele>2505.2619481389</ele>
      </trkpt>
      <trkpt lat="45.25954" lon="6.6581">
        <ele>2504.5667667464</ele>
      </trkpt>
      <trkpt lat="45.25947" lon="6.6581">
        <ele>2503.7657684465</ele>
      </trkpt>
      <trkpt lat="45.25938" lon="6.65819">
        <ele>2502.8988366647</ele>
      </trkpt>
      <trkpt lat="45.25931" lon="6.65821">
        <ele>2502.1873527546</ele>
      </trkpt>
      <trkpt lat="45.25917" lon="6.65824">
        <ele>2500.6679796808</ele>
      </trkpt>
      <trkpt lat="45.25904" lon="6.65824">
        <ele>2499.149914288</ele>
      </trkpt>
      <trkpt lat="45.25888" lon="6.6583">
        <ele>2497.3506441916</ele>
      </trkpt>
      <trkpt lat="45.25878" lon="6.65828">
        <ele>2496.5802613228</ele>
      </trkpt>
      <trkpt lat="45.25858" lon="6.6582">
        <ele>2496.0388499819</ele>
      </trkpt>
      <trkpt lat="45.2585" lon="6.65818">
        <ele>2496.1045299067</ele>
      </trkpt>
      <trkpt lat="45.25845" lon="6.65818">
        <ele>2496.4533434217</ele>
      </trkpt>
      <trkpt lat="45.25832" lon="6.65823">
        <ele>2497.6443676353</ele>
      </trkpt>
      <trkpt lat="45.25815" lon="6.65823">
        <ele>2499.5378517723</ele>
      </trkpt>
      <trkpt lat="45.25748" lon="6.65829">
        <ele>2497.8639956107</ele>
      </trkpt>
      <trkpt lat="45.25722" lon="6.65828">
        <ele>2496.0395459259</ele>
      </trkpt>
      <trkpt lat="45.25714" lon="6.65825">
        <ele>2495.7181399894</ele>
      </trkpt>
      <trkpt lat="45.25699" lon="6.65824">
        <ele>2495.9100464327</ele>
      </trkpt>
      <trkpt lat="45.25695" lon="6.65823">
        <ele>2495.9842016508</ele>
      </trkpt>
      <trkpt lat="45.25664" lon="6.65804">
        <ele>2498.6573468135</ele>
      </trkpt>
      <trkpt lat="45.25649" lon="6.65792">
        <ele>2499.9541590107</ele>
      </trkpt>
      <trkpt lat="45.25643" lon="6.6579">
        <ele>2500.4915776014</ele>
      </trkpt>
      <trkpt lat="45.25638" lon="6.65789">
        <ele>2500.9776563828</ele>
      </trkpt>
      <trkpt lat="45.25633" lon="6.65789">
        <ele>2501.5221314574</ele>
      </trkpt>
      <trkpt lat="45.25626" lon="6.65792">
        <ele>2502.1708506704</ele>
      </trkpt>
      <trkpt lat="45.25616" lon="6.65799">
        <ele>2502.3468407895</ele>
      </trkpt>
      <trkpt lat="45.25607" lon="6.65802">
        <ele>2501.8217579365</ele>
      </trkpt>
      <trkpt lat="45.25603" lon="6.65806">
        <ele>2501.4184349719</ele>
      </trkpt>
      <trkpt lat="45.25591" lon="6.6581">
        <ele>2498.8718270731</ele>
      </trkpt>
      <trkpt lat="45.25587" lon="6.65807">
        <ele>2497.8447375851</ele>
      </trkpt>
      <trkpt lat="45.25575" lon="6.65801">
        <ele>2494.3449325714</ele>
      </trkpt>
      <trkpt lat="45.25572" lon="6.65797">
        <ele>2493.4339332982</ele>
      </trkpt>
      <trkpt lat="45.25568" lon="6.65786">
        <ele>2492.2136639702</ele>
      </trkpt>
      <trkpt lat="45.25565" lon="6.65784">
        <ele>2491.4083598576</ele>
      </trkpt>
      <trkpt lat="45.25556" lon="6.65782">
        <ele>2489.5989107058</ele>
      </trkpt>
      <trkpt lat="45.25551" lon="6.6578">
        <ele>2488.6750892195</ele>
      </trkpt>
      <trkpt lat="45.25548" lon="6.65776">
        <ele>2488.0821141589</ele>
      </trkpt>
      <trkpt lat="45.25546" lon="6.65771">
        <ele>2487.6734179451</ele>
      </trkpt>
      <trkpt lat="45.25543" lon="6.65767">
        <ele>2487.1969994964</ele>
      </trkpt>
      <trkpt lat="45.25539" lon="6.65764">
        <ele>2486.708236242</ele>
      </trkpt>
      <trkpt lat="45.25533" lon="6.65762">
        <ele>2486.2037948808</ele>
      </trkpt>
      <trkpt lat="45.25522" lon="6.6577">
        <ele>2485.6911884327</ele>
      </trkpt>
      <trkpt lat="45.25517" lon="6.65761">
        <ele>2485.103871774</ele>
      </trkpt>
      <trkpt lat="45.25507" lon="6.65757">
        <ele>2484.2070287295</ele>
      </trkpt>
      <trkpt lat="45.25502" lon="6.65754">
        <ele>2483.6245090287</ele>
      </trkpt>
      <trkpt lat="45.25495" lon="6.65748">
        <ele>2482.357236491</ele>
      </trkpt>
      <trkpt lat="45.25492" lon="6.65745">
        <ele>2481.8299265053</ele>
      </trkpt>
      <trkpt lat="45.25492" lon="6.65729">
        <ele>2480.5241424048</ele>
      </trkpt>
      <trkpt lat="45.25491" lon="6.6572">
        <ele>2479.6932746042</ele>
      </trkpt>
      <trkpt lat="45.2549" lon="6.65714">
        <ele>2479.0456838951</ele>
      </trkpt>
      <trkpt lat="45.25489" lon="6.65709">
        <ele>2478.4401794374</ele>
      </trkpt>
      <trkpt lat="45.2549" lon="6.65681">
        <ele>2475.4441822304</ele>
      </trkpt>
      <trkpt lat="45.2549" lon="6.65677">
        <ele>2475.0334800805</ele>
      </trkpt>
      <trkpt lat="45.25488" lon="6.65674">
        <ele>2474.4959176824</ele>
      </trkpt>
      <trkpt lat="45.25476" lon="6.65661">
        <ele>2471.4012163692</ele>
      </trkpt>
      <trkpt lat="45.25472" lon="6.65655">
        <ele>2470.2615492588</ele>
      </trkpt>
      <trkpt lat="45.25465" lon="6.6565">
        <ele>2469.1474812171</ele>
      </trkpt>
      <trkpt lat="45.25462" lon="6.65643">
        <ele>2468.5259919352</ele>
      </trkpt>
      <trkpt lat="45.25458" lon="6.65639">
        <ele>2467.9205979382</ele>
      </trkpt>
      <trkpt lat="45.25456" lon="6.65635">
        <ele>2467.4660419843</ele>
      </trkpt>
      <trkpt lat="45.2545" lon="6.65621">
        <ele>2465.7897252127</ele>
      </trkpt>
      <trkpt lat="45.25446" lon="6.65617">
        <ele>2464.9859015537</ele>
      </trkpt>
      <trkpt lat="45.25441" lon="6.65616">
        <ele>2464.1728754205</ele>
      </trkpt>
      <trkpt lat="45.25436" lon="6.65617">
        <ele>2463.4966824313</ele>
      </trkpt>
      <trkpt lat="45.25432" lon="6.65614">
        <ele>2462.5903092992</ele>
      </trkpt>
      <trkpt lat="45.25429" lon="6.65611">
        <ele>2461.7634583661</ele>
      </trkpt>
      <trkpt lat="45.25418" lon="6.65609">
        <ele>2459.4557863396</ele>
      </trkpt>
      <trkpt lat="45.25415" lon="6.65606">
        <ele>2458.4091151399</ele>
      </trkpt>
      <trkpt lat="45.25403" lon="6.65601">
        <ele>2455.2508099332</ele>
      </trkpt>
      <trkpt lat="45.25398" lon="6.65598">
        <ele>2453.7884717093</ele>
      </trkpt>
      <trkpt lat="45.25394" lon="6.65593">
        <ele>2452.1943920439</ele>
      </trkpt>
      <trkpt lat="45.25384" lon="6.65581">
        <ele>2449.0809575165</ele>
      </trkpt>
      <trkpt lat="45.2538" lon="6.65577">
        <ele>2448.3115456465</ele>
      </trkpt>
      <trkpt lat="45.25366" lon="6.65567">
        <ele>2446.3216158083</ele>
      </trkpt>
      <trkpt lat="45.2536" lon="6.65564">
        <ele>2445.6153944106</ele>
      </trkpt>
      <trkpt lat="45.25356" lon="6.65561">
        <ele>2445.0769554429</ele>
      </trkpt>
      <trkpt lat="45.2535" lon="6.65556">
        <ele>2444.3390524429</ele>
      </trkpt>
      <trkpt lat="45.25344" lon="6.65548">
        <ele>2443.2728660236</ele>
      </trkpt>
      <trkpt lat="45.25334" lon="6.65541">
        <ele>2441.814069428</ele>
      </trkpt>
      <trkpt lat="45.25325" lon="6.65532">
        <ele>2440.1726008028</ele>
      </trkpt>
      <trkpt lat="45.25311" lon="6.65523">
        <ele>2438.9806841011</ele>
      </trkpt>
      <trkpt lat="45.25288" lon="6.65501">
        <ele>2436.8219500247</ele>
      </trkpt>
      <trkpt lat="45.25268" lon="6.65485">
        <ele>2433.7115490488</ele>
      </trkpt>
      <trkpt lat="45.25251" lon="6.65475">
        <ele>2429.9915519944</ele>
      </trkpt>
      <trkpt lat="45.25243" lon="6.65468">
        <ele>2426.5199630819</ele>
      </trkpt>
      <trkpt lat="45.25241" lon="6.65465">
        <ele>2425.110489116</ele>
      </trkpt>
      <trkpt lat="45.25242" lon="6.65447">
        <ele>2420.7417608128</ele>
      </trkpt>
      <trkpt lat="45.25241" lon="6.65444">
        <ele>2419.8277724841</ele>
      </trkpt>
      <trkpt lat="45.2524" lon="6.65441">
        <ele>2418.9216980359</ele>
      </trkpt>
      <trkpt lat="45.25233" lon="6.65431">
        <ele>2415.2195541098</ele>
      </trkpt>
      <trkpt lat="45.25222" lon="6.65413">
        <ele>2412.4948758664</ele>
      </trkpt>
      <trkpt lat="45.25215" lon="6.65404">
        <ele>2411.4014425694</ele>
      </trkpt>
      <trkpt lat="45.25212" lon="6.65399">
        <ele>2410.8507440832</ele>
      </trkpt>
      <trkpt lat="45.25209" lon="6.65396">
        <ele>2410.5507870715</ele>
      </trkpt>
      <trkpt lat="45.25203" lon="6.65392">
        <ele>2410.2418337331</ele>
      </trkpt>
      <trkpt lat="45.2518" lon="6.65388">
        <ele>2409.784213481</ele>
      </trkpt>
      <trkpt lat="45.25173" lon="6.65385">
        <ele>2409.1842992865</ele>
      </trkpt>
      <trkpt lat="45.25169" lon="6.65381">
        <ele>2408.6128764993</ele>
      </trkpt>
      <trkpt lat="45.25164" lon="6.65378">
        <ele>2408.0175879439</ele>
      </trkpt>
      <trkpt lat="45.25154" lon="6.65376">
        <ele>2406.7129500021</ele>
      </trkpt>
      <trkpt lat="45.25121" lon="6.65373">
        <ele>2401.8400000726</ele>
      </trkpt>
      <trkpt lat="45.25111" lon="6.65371">
        <ele>2400.1058511156</ele>
      </trkpt>
      <trkpt lat="45.25092" lon="6.65361">
        <ele>2396.3068506984</ele>
      </trkpt>
      <trkpt lat="45.25085" lon="6.65358">
        <ele>2394.7632872971</ele>
      </trkpt>
      <trkpt lat="45.25081" lon="6.65354">
        <ele>2393.7723652557</ele>
      </trkpt>
      <trkpt lat="45.25068" lon="6.65343">
        <ele>2391.1822780682</ele>
      </trkpt>
      <trkpt lat="45.25064" lon="6.65339">
        <ele>2390.406176464</ele>
      </trkpt>
      <trkpt lat="45.25061" lon="6.65335">
        <ele>2389.784955495</ele>
      </trkpt>
      <trkpt lat="45.25061" lon="6.65326">
        <ele>2389.5437960991</ele>
      </trkpt>
      <trkpt lat="45.25059" lon="6.65322">
        <ele>2389.1858001653</ele>
      </trkpt>
      <trkpt lat="45.25054" lon="6.65313">
        <ele>2388.3147192539</ele>
      </trkpt>
      <trkpt lat="45.25053" lon="6.6531">
        <ele>2388.145518359</ele>
      </trkpt>
      <trkpt lat="45.25049" lon="6.65301">
        <ele>2387.6201602877</ele>
      </trkpt>
      <trkpt lat="45.25046" lon="6.65291">
        <ele>2387.1077159623</ele>
      </trkpt>
      <trkpt lat="45.25046" lon="6.65287">
        <ele>2387.0445610586</ele>
      </trkpt>
      <trkpt lat="45.25064" lon="6.65258">
        <ele>2388.1897601248</ele>
      </trkpt>
      <trkpt lat="45.25066" lon="6.65255">
        <ele>2388.239005019</ele>
      </trkpt>
      <trkpt lat="45.25067" lon="6.65251">
        <ele>2388.1872709718</ele>
      </trkpt>
      <trkpt lat="45.25067" lon="6.65246">
        <ele>2387.9815279413</ele>
      </trkpt>
      <trkpt lat="45.25066" lon="6.65239">
        <ele>2387.5581202817</ele>
      </trkpt>
      <trkpt lat="45.25065" lon="6.65232">
        <ele>2386.7579197231</ele>
      </trkpt>
      <trkpt lat="45.2507" lon="6.6522">
        <ele>2385.839585832</ele>
      </trkpt>
      <trkpt lat="45.25073" lon="6.65207">
        <ele>2384.5752053448</ele>
      </trkpt>
      <trkpt lat="45.25071" lon="6.6519">
        <ele>2382.2394464252</ele>
      </trkpt>
      <trkpt lat="45.25071" lon="6.65178">
        <ele>2380.7453173583</ele>
      </trkpt>
      <trkpt lat="45.2507" lon="6.65173">
        <ele>2380.2461848723</ele>
      </trkpt>
      <trkpt lat="45.25064" lon="6.65163">
        <ele>2379.208586908</ele>
      </trkpt>
      <trkpt lat="45.25044" lon="6.65124">
        <ele>2377.0562602667</ele>
      </trkpt>
      <trkpt lat="45.25032" lon="6.65096">
        <ele>2378.5502719481</ele>
      </trkpt>
      <trkpt lat="45.25029" lon="6.6509">
        <ele>2378.9173428858</ele>
      </trkpt>
      <trkpt lat="45.25025" lon="6.65085">
        <ele>2378.9872045571</ele>
      </trkpt>
      <trkpt lat="45.25014" lon="6.65074">
        <ele>2377.7311475134</ele>
      </trkpt>
      <trkpt lat="45.25009" lon="6.65068">
        <ele>2376.7684926564</ele>
      </trkpt>
      <trkpt lat="45.25001" lon="6.65055">
        <ele>2374.3601008854</ele>
      </trkpt>
      <trkpt lat="45.24997" lon="6.6505">
        <ele>2373.0740590762</ele>
      </trkpt>
      <trkpt lat="45.24983" lon="6.65042">
        <ele>2369.6063156603</ele>
      </trkpt>
      <trkpt lat="45.24977" lon="6.6504">
        <ele>2368.7283452353</ele>
      </trkpt>
      <trkpt lat="45.24972" lon="6.65041">
        <ele>2368.2910447218</ele>
      </trkpt>
      <trkpt lat="45.24967" lon="6.65047">
        <ele>2368.4509603122</ele>
      </trkpt>
      <trkpt lat="45.24963" lon="6.65047">
        <ele>2368.068904554</ele>
      </trkpt>
      <trkpt lat="45.24963" lon="6.65042">
        <ele>2367.490019654</ele>
      </trkpt>
      <trkpt lat="45.24963" lon="6.65032">
        <ele>2366.3249911498</ele>
      </trkpt>
      <trkpt lat="45.24955" lon="6.65025">
        <ele>2365.1122553338</ele>
      </trkpt>
      <trkpt lat="45.24951" lon="6.65019">
        <ele>2364.4158517249</ele>
      </trkpt>
      <trkpt lat="45.24943" lon="6.65009">
        <ele>2363.1347151413</ele>
      </trkpt>
      <trkpt lat="45.24938" lon="6.65007">
        <ele>2362.5503857102</ele>
      </trkpt>
      <trkpt lat="45.24935" lon="6.65005">
        <ele>2362.1193898116</ele>
      </trkpt>
      <trkpt lat="45.24929" lon="6.65002">
        <ele>2361.2202824684</ele>
      </trkpt>
      <trkpt lat="45.24926" lon="6.65001">
        <ele>2360.7830367126</ele>
      </trkpt>
      <trkpt lat="45.24923" lon="6.65">
        <ele>2360.3342225917</ele>
      </trkpt>
      <trkpt lat="45.24914" lon="6.64999">
        <ele>2358.3242035723</ele>
      </trkpt>
      <trkpt lat="45.2491" lon="6.64996">
        <ele>2356.9155491245</ele>
      </trkpt>
      <trkpt lat="45.24895" lon="6.64984">
        <ele>2351.5834251854</ele>
      </trkpt>
      <trkpt lat="45.24891" lon="6.64979">
        <ele>2350.0914465337</ele>
      </trkpt>
      <trkpt lat="45.24888" lon="6.64973">
        <ele>2348.4773971757</ele>
      </trkpt>
      <trkpt lat="45.24886" lon="6.64951">
        <ele>2344.5013056348</ele>
      </trkpt>
      <trkpt lat="45.24882" lon="6.64937">
        <ele>2342.1620710245</ele>
      </trkpt>
      <trkpt lat="45.24878" lon="6.64932">
        <ele>2340.569200919</ele>
      </trkpt>
      <trkpt lat="45.24871" lon="6.64924">
        <ele>2338.0584833478</ele>
      </trkpt>
      <trkpt lat="45.24855" lon="6.64915">
        <ele>2333.5028041891</ele>
      </trkpt>
      <trkpt lat="45.2485" lon="6.64912">
        <ele>2332.367906224</ele>
      </trkpt>
      <trkpt lat="45.24844" lon="6.64908">
        <ele>2330.946217004</ele>
      </trkpt>
      <trkpt lat="45.24827" lon="6.64906">
        <ele>2327.7607956551</ele>
      </trkpt>
      <trkpt lat="45.24822" lon="6.64904">
        <ele>2326.7613492361</ele>
      </trkpt>
      <trkpt lat="45.24809" lon="6.64897">
        <ele>2323.4763346445</ele>
      </trkpt>
      <trkpt lat="45.2479" lon="6.64899">
        <ele>2320.075125914</ele>
      </trkpt>
      <trkpt lat="45.24785" lon="6.64897">
        <ele>2318.8027103124</ele>
      </trkpt>
      <trkpt lat="45.2478" lon="6.64892">
        <ele>2317.4429804097</ele>
      </trkpt>
      <trkpt lat="45.24777" lon="6.64886">
        <ele>2316.3431468145</ele>
      </trkpt>
      <trkpt lat="45.24771" lon="6.64883">
        <ele>2315.3417376724</ele>
      </trkpt>
      <trkpt lat="45.24767" lon="6.64881">
        <ele>2314.6771056083</ele>
      </trkpt>
      <trkpt lat="45.24762" lon="6.64872">
        <ele>2313.1607869499</ele>
      </trkpt>
      <trkpt lat="45.24758" lon="6.64868">
        <ele>2312.2714040261</ele>
      </trkpt>
      <trkpt lat="45.24751" lon="6.64866">
        <ele>2311.315767413</ele>
      </trkpt>
      <trkpt lat="45.24749" lon="6.64862">
        <ele>2310.65115259</ele>
      </trkpt>
      <trkpt lat="45.24739" lon="6.6485">
        <ele>2308.1026279835</ele>
      </trkpt>
      <trkpt lat="45.24731" lon="6.64848">
        <ele>2306.4640655154</ele>
      </trkpt>
      <trkpt lat="45.24722" lon="6.64851">
        <ele>2305.410184048</ele>
      </trkpt>
      <trkpt lat="45.24716" lon="6.64849">
        <ele>2303.9553011453</ele>
      </trkpt>
      <trkpt lat="45.24711" lon="6.64851">
        <ele>2303.3543271029</ele>
      </trkpt>
      <trkpt lat="45.24705" lon="6.64854">
        <ele>2302.8528634972</ele>
      </trkpt>
      <trkpt lat="45.24696" lon="6.64861">
        <ele>2302.7752643498</ele>
      </trkpt>
      <trkpt lat="45.24691" lon="6.64865">
        <ele>2302.8299171917</ele>
      </trkpt>
      <trkpt lat="45.24685" lon="6.64867">
        <ele>2302.2270688299</ele>
      </trkpt>
      <trkpt lat="45.24678" lon="6.64867">
        <ele>2300.8989792469</ele>
      </trkpt>
      <trkpt lat="45.24675" lon="6.64868">
        <ele>2300.4878199949</ele>
      </trkpt>
      <trkpt lat="45.2467" lon="6.6487">
        <ele>2299.7524524539</ele>
      </trkpt>
      <trkpt lat="45.24654" lon="6.64867">
        <ele>2294.6786869181</ele>
      </trkpt>
      <trkpt lat="45.24637" lon="6.64878">
        <ele>2291.1686570219</ele>
      </trkpt>
      <trkpt lat="45.24619" lon="6.64893">
        <ele>2288.6496397851</ele>
      </trkpt>
      <trkpt lat="45.24606" lon="6.64901">
        <ele>2286.1923917353</ele>
      </trkpt>
      <trkpt lat="45.24588" lon="6.64904">
        <ele>2281.5078484744</ele>
      </trkpt>
      <trkpt lat="45.24577" lon="6.64899">
        <ele>2278.0376097821</ele>
      </trkpt>
      <trkpt lat="45.24571" lon="6.64896">
        <ele>2276.0846026644</ele>
      </trkpt>
      <trkpt lat="45.24563" lon="6.64889">
        <ele>2272.837331059</ele>
      </trkpt>
      <trkpt lat="45.24563" lon="6.64887">
        <ele>2272.3323270575</ele>
      </trkpt>
      <trkpt lat="45.24565" lon="6.64883">
        <ele>2271.6579947837</ele>
      </trkpt>
      <trkpt lat="45.24578" lon="6.64874">
        <ele>2272.1513214215</ele>
      </trkpt>
      <trkpt lat="45.24586" lon="6.64866">
        <ele>2271.8494159285</ele>
      </trkpt>
      <trkpt lat="45.24589" lon="6.64862">
        <ele>2271.4639291232</ele>
      </trkpt>
      <trkpt lat="45.2459" lon="6.64857">
        <ele>2270.2418516103</ele>
      </trkpt>
      <trkpt lat="45.2459" lon="6.64837">
        <ele>2264.1622803338</ele>
      </trkpt>
      <trkpt lat="45.2459" lon="6.6483">
        <ele>2262.3872666451</ele>
      </trkpt>
      <trkpt lat="45.24588" lon="6.64824">
        <ele>2260.5815892793</ele>
      </trkpt>
      <trkpt lat="45.24581" lon="6.64811">
        <ele>2256.438235532</ele>
      </trkpt>
      <trkpt lat="45.24581" lon="6.64808">
        <ele>2255.8020270797</ele>
      </trkpt>
      <trkpt lat="45.24582" lon="6.64804">
        <ele>2255.1607021759</ele>
      </trkpt>
      <trkpt lat="45.24587" lon="6.64795">
        <ele>2254.7246906383</ele>
      </trkpt>
      <trkpt lat="45.24588" lon="6.6479">
        <ele>2254.1408027856</ele>
      </trkpt>
      <trkpt lat="45.24588" lon="6.6478">
        <ele>2252.5096845633</ele>
      </trkpt>
      <trkpt lat="45.24587" lon="6.64767">
        <ele>2250.1535870624</ele>
      </trkpt>
      <trkpt lat="45.24589" lon="6.64757">
        <ele>2248.8560673648</ele>
      </trkpt>
      <trkpt lat="45.24592" lon="6.64749">
        <ele>2248.1755532769</ele>
      </trkpt>
      <trkpt lat="45.2459" lon="6.64741">
        <ele>2246.2539304677</ele>
      </trkpt>
      <trkpt lat="45.24592" lon="6.64733">
        <ele>2245.4785705212</ele>
      </trkpt>
      <trkpt lat="45.24589" lon="6.64732">
        <ele>2244.5320275771</ele>
      </trkpt>
      <trkpt lat="45.24584" lon="6.64735">
        <ele>2243.764812265</ele>
      </trkpt>
      <trkpt lat="45.24573" lon="6.64748">
        <ele>2243.4661271652</ele>
      </trkpt>
      <trkpt lat="45.24564" lon="6.64755">
        <ele>2242.4702968625</ele>
      </trkpt>
      <trkpt lat="45.2456" lon="6.64756">
        <ele>2241.3016063618</ele>
      </trkpt>
      <trkpt lat="45.24557" lon="6.64753">
        <ele>2239.7252599925</ele>
      </trkpt>
      <trkpt lat="45.24549" lon="6.64752">
        <ele>2236.785219187</ele>
      </trkpt>
      <trkpt lat="45.2453" lon="6.64757">
        <ele>2231.722228677</ele>
      </trkpt>
      <trkpt lat="45.24524" lon="6.64754">
        <ele>2229.120706909</ele>
      </trkpt>
      <trkpt lat="45.2452" lon="6.64749">
        <ele>2226.8472380852</ele>
      </trkpt>
      <trkpt lat="45.24514" lon="6.64738">
        <ele>2223.065535874</ele>
      </trkpt>
      <trkpt lat="45.24509" lon="6.64734">
        <ele>2221.2635643649</ele>
      </trkpt>
      <trkpt lat="45.24502" lon="6.6473">
        <ele>2219.1699163167</ele>
      </trkpt>
      <trkpt lat="45.24497" lon="6.64726">
        <ele>2217.7498739396</ele>
      </trkpt>
      <trkpt lat="45.24489" lon="6.64717">
        <ele>2215.2427173278</ele>
      </trkpt>
      <trkpt lat="45.24486" lon="6.64713">
        <ele>2214.0533115395</ele>
      </trkpt>
      <trkpt lat="45.24483" lon="6.64708">
        <ele>2212.5809456684</ele>
      </trkpt>
      <trkpt lat="45.24482" lon="6.64701">
        <ele>2211.4471845927</ele>
      </trkpt>
      <trkpt lat="45.24482" lon="6.64689">
        <ele>2210.0591281342</ele>
      </trkpt>
      <trkpt lat="45.2448" lon="6.64685">
        <ele>2209.22552991</ele>
      </trkpt>
      <trkpt lat="45.24478" lon="6.6468">
        <ele>2208.2408223957</ele>
      </trkpt>
      <trkpt lat="45.24476" lon="6.64675">
        <ele>2207.217556256</ele>
      </trkpt>
      <trkpt lat="45.24476" lon="6.6467">
        <ele>2206.6518878996</ele>
      </trkpt>
      <trkpt lat="45.2448" lon="6.64652">
        <ele>2205.6249277598</ele>
      </trkpt>
      <trkpt lat="45.24482" lon="6.64647">
        <ele>2205.5265132885</ele>
      </trkpt>
      <trkpt lat="45.24485" lon="6.64645">
        <ele>2205.8890247065</ele>
      </trkpt>
      <trkpt lat="45.24484" lon="6.6464">
        <ele>2204.9516155998</ele>
      </trkpt>
      <trkpt lat="45.24487" lon="6.64625">
        <ele>2202.9496653194</ele>
      </trkpt>
      <trkpt lat="45.24492" lon="6.64607">
        <ele>2201.4827702158</ele>
      </trkpt>
      <trkpt lat="45.24492" lon="6.64603">
        <ele>2200.9373593715</ele>
      </trkpt>
      <trkpt lat="45.24491" lon="6.64598">
        <ele>2199.9821572457</ele>
      </trkpt>
      <trkpt lat="45.24491" lon="6.64593">
        <ele>2199.3361726657</ele>
      </trkpt>
      <trkpt lat="45.24489" lon="6.64588">
        <ele>2198.0272830203</ele>
      </trkpt>
      <trkpt lat="45.24475" lon="6.64581">
        <ele>2192.3061029823</ele>
      </trkpt>
      <trkpt lat="45.24473" lon="6.64575">
        <ele>2190.5952065988</ele>
      </trkpt>
      <trkpt lat="45.2447" lon="6.6457">
        <ele>2188.6378624566</ele>
      </trkpt>
      <trkpt lat="45.24467" lon="6.64567">
        <ele>2187.0067425624</ele>
      </trkpt>
      <trkpt lat="45.24456" lon="6.64568">
        <ele>2182.9833166392</ele>
      </trkpt>
      <trkpt lat="45.24442" lon="6.64567">
        <ele>2178.4036284674</ele>
      </trkpt>
      <trkpt lat="45.24435" lon="6.64565">
        <ele>2175.8955966608</ele>
      </trkpt>
      <trkpt lat="45.24425" lon="6.64564">
        <ele>2173.2596196171</ele>
      </trkpt>
      <trkpt lat="45.24419" lon="6.64561">
        <ele>2171.4385268352</ele>
      </trkpt>
      <trkpt lat="45.24413" lon="6.64557">
        <ele>2169.4021718871</ele>
      </trkpt>
      <trkpt lat="45.24409" lon="6.64557">
        <ele>2168.5417053752</ele>
      </trkpt>
      <trkpt lat="45.24403" lon="6.64555">
        <ele>2166.8979150372</ele>
      </trkpt>
      <trkpt lat="45.24397" lon="6.64545">
        <ele>2163.7709546664</ele>
      </trkpt>
      <trkpt lat="45.24393" lon="6.64541">
        <ele>2160.0599774902</ele>
      </trkpt>
      <trkpt lat="45.24387" lon="6.64538">
        <ele>2156.8616054763</ele>
      </trkpt>
      <trkpt lat="45.24374" lon="6.6454">
        <ele>2153.5134037337</ele>
      </trkpt>
      <trkpt lat="45.2437" lon="6.64543">
        <ele>2153.876932683</ele>
      </trkpt>
      <trkpt lat="45.24363" lon="6.64555">
        <ele>2156.9073041643</ele>
      </trkpt>
      <trkpt lat="45.24358" lon="6.64556">
        <ele>2155.5743644239</ele>
      </trkpt>
      <trkpt lat="45.24347" lon="6.6455">
        <ele>2149.3857643475</ele>
      </trkpt>
      <trkpt lat="45.24321" lon="6.64546">
        <ele>2139.3069590027</ele>
      </trkpt>
      <trkpt lat="45.24314" lon="6.64547">
        <ele>2138.5830542812</ele>
      </trkpt>
      <trkpt lat="45.24296" lon="6.64545">
        <ele>2135.1583789878</ele>
      </trkpt>
      <trkpt lat="45.24287" lon="6.64545">
        <ele>2134.2803562476</ele>
      </trkpt>
      <trkpt lat="45.24278" lon="6.64544">
        <ele>2132.8915735614</ele>
      </trkpt>
      <trkpt lat="45.24266" lon="6.6454">
        <ele>2129.4668426758</ele>
      </trkpt>
      <trkpt lat="45.24231" lon="6.64518">
        <ele>2113.0516064023</ele>
      </trkpt>
      <trkpt lat="45.24226" lon="6.64512">
        <ele>2108.2069420788</ele>
      </trkpt>
      <trkpt lat="45.24226" lon="6.64508">
        <ele>2106.0112997682</ele>
      </trkpt>
      <trkpt lat="45.24227" lon="6.645">
        <ele>2101.993349811</ele>
      </trkpt>
      <trkpt lat="45.24229" lon="6.64497">
        <ele>2100.913175341</ele>
      </trkpt>
      <trkpt lat="45.24235" lon="6.64493">
        <ele>2099.8490984684</ele>
      </trkpt>
      <trkpt lat="45.24236" lon="6.64491">
        <ele>2098.8553779652</ele>
      </trkpt>
      <trkpt lat="45.24235" lon="6.6449">
        <ele>2098.2367045126</ele>
      </trkpt>
      <trkpt lat="45.24228" lon="6.64487">
        <ele>2095.2664086573</ele>
      </trkpt>
      <trkpt lat="45.24223" lon="6.64487">
        <ele>2093.9657421695</ele>
      </trkpt>
      <trkpt lat="45.24211" lon="6.64494">
        <ele>2094.266437273</ele>
      </trkpt>
      <trkpt lat="45.24204" lon="6.64493">
        <ele>2091.7044479335</ele>
      </trkpt>
      <trkpt lat="45.24194" lon="6.64484">
        <ele>2084.6528634642</ele>
      </trkpt>
      <trkpt lat="45.24186" lon="6.64483">
        <ele>2082.138584876</ele>
      </trkpt>
      <trkpt lat="45.24159" lon="6.64476">
        <ele>2072.9334389042</ele>
      </trkpt>
      <trkpt lat="45.2415" lon="6.64475">
        <ele>2070.6536466392</ele>
      </trkpt>
      <trkpt lat="45.24133" lon="6.64475">
        <ele>2068.7770905323</ele>
      </trkpt>
      <trkpt lat="45.24125" lon="6.64477">
        <ele>2069.4595997885</ele>
      </trkpt>
      <trkpt lat="45.24112" lon="6.64474">
        <ele>2065.6107798686</ele>
      </trkpt>
      <trkpt lat="45.24084" lon="6.64477">
        <ele>2065.9482642169</ele>
      </trkpt>
      <trkpt lat="45.24073" lon="6.64477">
        <ele>2065.8271140619</ele>
      </trkpt>
      <trkpt lat="45.24064" lon="6.64479">
        <ele>2066.6329335778</ele>
      </trkpt>
      <trkpt lat="45.24053" lon="6.64483">
        <ele>2067.8760383121</ele>
      </trkpt>
      <trkpt lat="45.24047" lon="6.64483">
        <ele>2065.7725624524</ele>
      </trkpt>
      <trkpt lat="45.24039" lon="6.64484">
        <ele>2063.5624116075</ele>
      </trkpt>
      <trkpt lat="45.24028" lon="6.64489">
        <ele>2064.8142682095</ele>
      </trkpt>
      <trkpt lat="45.24023" lon="6.64487">
        <ele>2061.0381766161</ele>
      </trkpt>
      <trkpt lat="45.24007" lon="6.64488">
        <ele>2057.5762858896</ele>
      </trkpt>
      <trkpt lat="45.24002" lon="6.64489">
        <ele>2058.0832891142</ele>
      </trkpt>
      <trkpt lat="45.23978" lon="6.64497">
        <ele>2062.1400004344</ele>
      </trkpt>
      <trkpt lat="45.23969" lon="6.64499">
        <ele>2062.6713622392</ele>
      </trkpt>
      <trkpt lat="45.2395" lon="6.64502">
        <ele>2062.2324179249</ele>
      </trkpt>
      <trkpt lat="45.23938" lon="6.64504">
        <ele>2061.6289493036</ele>
      </trkpt>
      <trkpt lat="45.23926" lon="6.64508">
        <ele>2061.8683100924</ele>
      </trkpt>
      <trkpt lat="45.23892" lon="6.64517">
        <ele>2060.9224431234</ele>
      </trkpt>
      <trkpt lat="45.23878" lon="6.64519">
        <ele>2061.3817190705</ele>
      </trkpt>
      <trkpt lat="45.23857" lon="6.64524">
        <ele>2064.7430484543</ele>
      </trkpt>
      <trkpt lat="45.23845" lon="6.64529">
        <ele>2067.4853603965</ele>
      </trkpt>
      <trkpt lat="45.23838" lon="6.64531">
        <ele>2068.5461635325</ele>
      </trkpt>
      <trkpt lat="45.23813" lon="6.64536">
        <ele>2066.8507105827</ele>
      </trkpt>
      <trkpt lat="45.23793" lon="6.64536">
        <ele>2060.8505478368</ele>
      </trkpt>
      <trkpt lat="45.23773" lon="6.64537">
        <ele>2056.861536946</ele>
      </trkpt>
      <trkpt lat="45.23759" lon="6.64543">
        <ele>2059.2342952866</ele>
      </trkpt>
      <trkpt lat="45.23742" lon="6.64547">
        <ele>2061.2141015165</ele>
      </trkpt>
      <trkpt lat="45.23738" lon="6.6455">
        <ele>2062.8457011288</ele>
      </trkpt>
      <trkpt lat="45.23724" lon="6.64553">
        <ele>2064.722307081</ele>
      </trkpt>
      <trkpt lat="45.23712" lon="6.6454">
        <ele>2059.2291250099</ele>
      </trkpt>
      <trkpt lat="45.23705" lon="6.6453">
        <ele>2055.436653737</ele>
      </trkpt>
      <trkpt lat="45.23696" lon="6.64523">
        <ele>2053.0830585238</ele>
      </trkpt>
      <trkpt lat="45.23671" lon="6.64527">
        <ele>2053.5753553832</ele>
      </trkpt>
      <trkpt lat="45.23664" lon="6.64529">
        <ele>2053.4263029968</ele>
      </trkpt>
      <trkpt lat="45.23643" lon="6.64534">
        <ele>2051.9309250904</ele>
      </trkpt>
      <trkpt lat="45.23631" lon="6.64535">
        <ele>2049.8832452606</ele>
      </trkpt>
      <trkpt lat="45.23614" lon="6.64534">
        <ele>2045.2547763493</ele>
      </trkpt>
      <trkpt lat="45.23582" lon="6.64529">
        <ele>2036.3717122058</ele>
      </trkpt>
      <trkpt lat="45.23562" lon="6.64524">
        <ele>2035.6117182476</ele>
      </trkpt>
      <trkpt lat="45.23545" lon="6.64527">
        <ele>2037.0512941634</ele>
      </trkpt>
      <trkpt lat="45.23514" lon="6.64537">
        <ele>2037.5032183445</ele>
      </trkpt>
      <trkpt lat="45.23474" lon="6.64552">
        <ele>2029.528391953</ele>
      </trkpt>
      <trkpt lat="45.23467" lon="6.64557">
        <ele>2028.2469856064</ele>
      </trkpt>
      <trkpt lat="45.23463" lon="6.64561">
        <ele>2027.9766740492</ele>
      </trkpt>
      <trkpt lat="45.23456" lon="6.64572">
        <ele>2029.4048086871</ele>
      </trkpt>
      <trkpt lat="45.2345" lon="6.64584">
        <ele>2031.7755022752</ele>
      </trkpt>
      <trkpt lat="45.23445" lon="6.64593">
        <ele>2032.9617840771</ele>
      </trkpt>
      <trkpt lat="45.23433" lon="6.64609">
        <ele>2033.4608520519</ele>
      </trkpt>
      <trkpt lat="45.23409" lon="6.64637">
        <ele>2026.4659627335</ele>
      </trkpt>
      <trkpt lat="45.23395" lon="6.64652">
        <ele>2020.5456329677</ele>
      </trkpt>
      <trkpt lat="45.23387" lon="6.6466">
        <ele>2017.5481175584</ele>
      </trkpt>
      <trkpt lat="45.23386" lon="6.64663">
        <ele>2017.2229185282</ele>
      </trkpt>
      <trkpt lat="45.23386" lon="6.64668">
        <ele>2017.1072732151</ele>
      </trkpt>
      <trkpt lat="45.23384" lon="6.64681">
        <ele>2016.316309713</ele>
      </trkpt>
      <trkpt lat="45.23382" lon="6.64689">
        <ele>2015.559227225</ele>
      </trkpt>
      <trkpt lat="45.23378" lon="6.64702">
        <ele>2013.9817686119</ele>
      </trkpt>
      <trkpt lat="45.23376" lon="6.64706">
        <ele>2013.2640177656</ele>
      </trkpt>
      <trkpt lat="45.23373" lon="6.64708">
        <ele>2012.4090287503</ele>
      </trkpt>
      <trkpt lat="45.23361" lon="6.64713">
        <ele>2009.1080339842</ele>
      </trkpt>
      <trkpt lat="45.23352" lon="6.64717">
        <ele>2006.5760868777</ele>
      </trkpt>
      <trkpt lat="45.2333" lon="6.64727">
        <ele>2001.0239892712</ele>
      </trkpt>
      <trkpt lat="45.23314" lon="6.64741">
        <ele>1994.8089973169</ele>
      </trkpt>
      <trkpt lat="45.23304" lon="6.64748">
        <ele>1991.0896265953</ele>
      </trkpt>
      <trkpt lat="45.23279" lon="6.64767">
        <ele>1983.2086518714</ele>
      </trkpt>
      <trkpt lat="45.23273" lon="6.64771">
        <ele>1981.6332233511</ele>
      </trkpt>
      <trkpt lat="45.23268" lon="6.64774">
        <ele>1980.5422212965</ele>
      </trkpt>
      <trkpt lat="45.23263" lon="6.64777">
        <ele>1979.6282277208</ele>
      </trkpt>
      <trkpt lat="45.23257" lon="6.6478">
        <ele>1978.3427629766</ele>
      </trkpt>
      <trkpt lat="45.23249" lon="6.64783">
        <ele>1975.6806414522</ele>
      </trkpt>
      <trkpt lat="45.23234" lon="6.64784">
        <ele>1969.982957073</ele>
      </trkpt>
      <trkpt lat="45.23228" lon="6.64787">
        <ele>1966.2651159798</ele>
      </trkpt>
      <trkpt lat="45.23223" lon="6.64791">
        <ele>1963.2381200167</ele>
      </trkpt>
      <trkpt lat="45.23216" lon="6.64802">
        <ele>1958.8063331636</ele>
      </trkpt>
      <trkpt lat="45.23214" lon="6.64807">
        <ele>1956.7208284361</ele>
      </trkpt>
      <trkpt lat="45.23211" lon="6.64811">
        <ele>1954.1654773953</ele>
      </trkpt>
      <trkpt lat="45.23208" lon="6.64812">
        <ele>1952.0620685883</ele>
      </trkpt>
      <trkpt lat="45.23205" lon="6.64809">
        <ele>1950.4392828463</ele>
      </trkpt>
      <trkpt lat="45.23204" lon="6.64807">
        <ele>1950.000615662</ele>
      </trkpt>
      <trkpt lat="45.23204" lon="6.64804">
        <ele>1950.3420772839</ele>
      </trkpt>
      <trkpt lat="45.23206" lon="6.64774">
        <ele>1951.3621564225</ele>
      </trkpt>
      <trkpt lat="45.23208" lon="6.64765">
        <ele>1952.3264252123</ele>
      </trkpt>
      <trkpt lat="45.23208" lon="6.64763">
        <ele>1952.1294421634</ele>
      </trkpt>
      <trkpt lat="45.23201" lon="6.64768">
        <ele>1947.6007347761</ele>
      </trkpt>
      <trkpt lat="45.23198" lon="6.64772">
        <ele>1945.6563084869</ele>
      </trkpt>
      <trkpt lat="45.23194" lon="6.64776">
        <ele>1942.9949989284</ele>
      </trkpt>
      <trkpt lat="45.23186" lon="6.64781">
        <ele>1937.5316386818</ele>
      </trkpt>
      <trkpt lat="45.23178" lon="6.64787">
        <ele>1932.2416288352</ele>
      </trkpt>
      <trkpt lat="45.23174" lon="6.64797">
        <ele>1930.2676318112</ele>
      </trkpt>
      <trkpt lat="45.23169" lon="6.64804">
        <ele>1927.511658425</ele>
      </trkpt>
      <trkpt lat="45.23165" lon="6.64812">
        <ele>1925.3895146156</ele>
      </trkpt>
      <trkpt lat="45.23161" lon="6.64822">
        <ele>1923.6178537394</ele>
      </trkpt>
      <trkpt lat="45.23154" lon="6.64836">
        <ele>1920.3973124997</ele>
      </trkpt>
      <trkpt lat="45.23143" lon="6.64848">
        <ele>1914.2920177298</ele>
      </trkpt>
      <trkpt lat="45.2314" lon="6.64857">
        <ele>1912.7427667091</ele>
      </trkpt>
      <trkpt lat="45.23132" lon="6.64875">
        <ele>1908.7222754345</ele>
      </trkpt>
      <trkpt lat="45.23118" lon="6.64899">
        <ele>1901.5079439316</ele>
      </trkpt>
      <trkpt lat="45.23113" lon="6.64909">
        <ele>1898.7477195616</ele>
      </trkpt>
      <trkpt lat="45.23106" lon="6.64927">
        <ele>1896.1133136258</ele>
      </trkpt>
      <trkpt lat="45.23102" lon="6.64938">
        <ele>1894.6310176839</ele>
      </trkpt>
      <trkpt lat="45.23092" lon="6.64957">
        <ele>1890.8576121048</ele>
      </trkpt>
      <trkpt lat="45.23088" lon="6.6497">
        <ele>1888.603992663</ele>
      </trkpt>
      <trkpt lat="45.23086" lon="6.64982">
        <ele>1887.0780405938</ele>
      </trkpt>
      <trkpt lat="45.23081" lon="6.64995">
        <ele>1884.5085382223</ele>
      </trkpt>
      <trkpt lat="45.2308" lon="6.64997">
        <ele>1884.0517465607</ele>
      </trkpt>
      <trkpt lat="45.23072" lon="6.6502">
        <ele>1880.6720349947</ele>
      </trkpt>
      <trkpt lat="45.23057" lon="6.65072">
        <ele>1882.0461431199</ele>
      </trkpt>
      <trkpt lat="45.23053" lon="6.65081">
        <ele>1882.2082339187</ele>
      </trkpt>
      <trkpt lat="45.23047" lon="6.6509">
        <ele>1881.6935231119</ele>
      </trkpt>
      <trkpt lat="45.23035" lon="6.65105">
        <ele>1879.4762825864</ele>
      </trkpt>
      <trkpt lat="45.23029" lon="6.65112">
        <ele>1877.9120432949</ele>
      </trkpt>
      <trkpt lat="45.23015" lon="6.65134">
        <ele>1875.952458602</ele>
      </trkpt>
      <trkpt lat="45.23003" lon="6.65148">
        <ele>1874.0662472853</ele>
      </trkpt>
      <trkpt lat="45.22992" lon="6.65163">
        <ele>1872.8820391836</ele>
      </trkpt>
      <trkpt lat="45.22987" lon="6.65171">
        <ele>1872.5186130893</ele>
      </trkpt>
      <trkpt lat="45.22982" lon="6.65179">
        <ele>1871.9932565761</ele>
      </trkpt>
      <trkpt lat="45.22971" lon="6.65189">
        <ele>1869.4863741943</ele>
      </trkpt>
      <trkpt lat="45.22959" lon="6.65202">
        <ele>1867.451182657</ele>
      </trkpt>
      <trkpt lat="45.22954" lon="6.65205">
        <ele>1866.2986595273</ele>
      </trkpt>
      <trkpt lat="45.22944" lon="6.6521">
        <ele>1864.3275299593</ele>
      </trkpt>
      <trkpt lat="45.22922" lon="6.65216">
        <ele>1859.0461159378</ele>
      </trkpt>
      <trkpt lat="45.22913" lon="6.65221">
        <ele>1857.1112267875</ele>
      </trkpt>
      <trkpt lat="45.22906" lon="6.65223">
        <ele>1855.2945001464</ele>
      </trkpt>
      <trkpt lat="45.22893" lon="6.6523">
        <ele>1852.9242525367</ele>
      </trkpt>
      <trkpt lat="45.22879" lon="6.65235">
        <ele>1850.3083906524</ele>
      </trkpt>
      <trkpt lat="45.22874" lon="6.65241">
        <ele>1850.2571862989</ele>
      </trkpt>
      <trkpt lat="45.22865" lon="6.65245">
        <ele>1848.9523383022</ele>
      </trkpt>
      <trkpt lat="45.2286" lon="6.65248">
        <ele>1848.3808231692</ele>
      </trkpt>
      <trkpt lat="45.22835" lon="6.65267">
        <ele>1845.2558317796</ele>
      </trkpt>
      <trkpt lat="45.22821" lon="6.65277">
        <ele>1843.400910576</ele>
      </trkpt>
      <trkpt lat="45.22808" lon="6.65284">
        <ele>1841.5973626274</ele>
      </trkpt>
      <trkpt lat="45.22797" lon="6.65289">
        <ele>1840.4875692181</ele>
      </trkpt>
      <trkpt lat="45.22784" lon="6.65292">
        <ele>1837.5936685283</ele>
      </trkpt>
      <trkpt lat="45.22774" lon="6.65296">
        <ele>1835.1697480605</ele>
      </trkpt>
      <trkpt lat="45.22757" lon="6.65308">
        <ele>1831.6727622421</ele>
      </trkpt>
      <trkpt lat="45.2275" lon="6.65305">
        <ele>1828.8546374825</ele>
      </trkpt>
      <trkpt lat="45.22746" lon="6.65309">
        <ele>1828.3197842053</ele>
      </trkpt>
      <trkpt lat="45.22739" lon="6.65313">
        <ele>1826.9577518351</ele>
      </trkpt>
      <trkpt lat="45.22726" lon="6.65321">
        <ele>1824.513291441</ele>
      </trkpt>
      <trkpt lat="45.2271" lon="6.65328">
        <ele>1822.7765221001</ele>
      </trkpt>
      <trkpt lat="45.22696" lon="6.65334">
        <ele>1822.139957045</ele>
      </trkpt>
      <trkpt lat="45.22692" lon="6.6534">
        <ele>1823.030482179</ele>
      </trkpt>
      <trkpt lat="45.22683" lon="6.65348">
        <ele>1823.2329923416</ele>
      </trkpt>
      <trkpt lat="45.22674" lon="6.65357">
        <ele>1823.1962794662</ele>
      </trkpt>
      <trkpt lat="45.2267" lon="6.65361">
        <ele>1823.1052329197</ele>
      </trkpt>
      <trkpt lat="45.22662" lon="6.65372">
        <ele>1823.690457461</ele>
      </trkpt>
      <trkpt lat="45.22649" lon="6.65384">
        <ele>1825.3097316357</ele>
      </trkpt>
      <trkpt lat="45.22642" lon="6.6539">
        <ele>1826.5572803054</ele>
      </trkpt>
      <trkpt lat="45.22637" lon="6.6539">
        <ele>1826.4007653837</ele>
      </trkpt>
      <trkpt lat="45.22635" lon="6.65391">
        <ele>1826.7905672627</ele>
      </trkpt>
      <trkpt lat="45.22628" lon="6.65389">
        <ele>1826.6757795417</ele>
      </trkpt>
      <trkpt lat="45.22614" lon="6.65382">
        <ele>1825.328749459</ele>
      </trkpt>
      <trkpt lat="45.22593" lon="6.65375">
        <ele>1824.6992888891</ele>
      </trkpt>
      <trkpt lat="45.22585" lon="6.65377">
        <ele>1825.4275923666</ele>
      </trkpt>
      <trkpt lat="45.22571" lon="6.65376">
        <ele>1824.9411661643</ele>
      </trkpt>
      <trkpt lat="45.22569" lon="6.65375">
        <ele>1824.3948838178</ele>
      </trkpt>
      <trkpt lat="45.2256" lon="6.65372">
        <ele>1822.0189644974</ele>
      </trkpt>
      <trkpt lat="45.22551" lon="6.65365">
        <ele>1817.558157354</ele>
      </trkpt>
      <trkpt lat="45.22544" lon="6.65361">
        <ele>1815.632342499</ele>
      </trkpt>
      <trkpt lat="45.22535" lon="6.65359">
        <ele>1815.3949919761</ele>
      </trkpt>
      <trkpt lat="45.22521" lon="6.65358">
        <ele>1816.9539915131</ele>
      </trkpt>
      <trkpt lat="45.2252" lon="6.65352">
        <ele>1814.3625460432</ele>
      </trkpt>
      <trkpt lat="45.2252" lon="6.65345">
        <ele>1811.0564415233</ele>
      </trkpt>
      <trkpt lat="45.22524" lon="6.65341">
        <ele>1808.5362905904</ele>
      </trkpt>
      <trkpt lat="45.2254" lon="6.65338">
        <ele>1805.9706050626</ele>
      </trkpt>
      <trkpt lat="45.22546" lon="6.65335">
        <ele>1804.481885004</ele>
      </trkpt>
      <trkpt lat="45.22547" lon="6.65329">
        <ele>1803.0261382818</ele>
      </trkpt>
      <trkpt lat="45.22547" lon="6.65313">
        <ele>1799.8580405648</ele>
      </trkpt>
      <trkpt lat="45.22546" lon="6.65287">
        <ele>1795.5847820174</ele>
      </trkpt>
      <trkpt lat="45.22545" lon="6.65282">
        <ele>1794.7742250538</ele>
      </trkpt>
      <trkpt lat="45.22545" lon="6.65269">
        <ele>1792.932094909</ele>
      </trkpt>
      <trkpt lat="45.22544" lon="6.65256">
        <ele>1790.7494178493</ele>
      </trkpt>
      <trkpt lat="45.22547" lon="6.65245">
        <ele>1789.3963321572</ele>
      </trkpt>
      <trkpt lat="45.2255" lon="6.65237">
        <ele>1788.5320265559</ele>
      </trkpt>
      <trkpt lat="45.22551" lon="6.65231">
        <ele>1787.7390548035</ele>
      </trkpt>
      <trkpt lat="45.2255" lon="6.65224">
        <ele>1786.6416891336</ele>
      </trkpt>
      <trkpt lat="45.22545" lon="6.65216">
        <ele>1784.9175470392</ele>
      </trkpt>
      <trkpt lat="45.22536" lon="6.65212">
        <ele>1783.085291596</ele>
      </trkpt>
      <trkpt lat="45.22524" lon="6.65212">
        <ele>1781.2658169946</ele>
      </trkpt>
      <trkpt lat="45.22515" lon="6.65218">
        <ele>1780.3581301814</ele>
      </trkpt>
      <trkpt lat="45.22507" lon="6.6523">
        <ele>1780.5866453874</ele>
      </trkpt>
      <trkpt lat="45.22504" lon="6.65234">
        <ele>1780.5554584878</ele>
      </trkpt>
      <trkpt lat="45.22491" lon="6.65259">
        <ele>1782.3158026664</ele>
      </trkpt>
      <trkpt lat="45.22477" lon="6.65278">
        <ele>1784.1374631684</ele>
      </trkpt>
      <trkpt lat="45.22473" lon="6.65282">
        <ele>1784.7617971088</ele>
      </trkpt>
      <trkpt lat="45.22469" lon="6.65284">
        <ele>1784.7564376947</ele>
      </trkpt>
      <trkpt lat="45.22463" lon="6.65283">
        <ele>1783.2459288475</ele>
      </trkpt>
      <trkpt lat="45.22462" lon="6.65288">
        <ele>1784.9567733161</ele>
      </trkpt>
      <trkpt lat="45.2246" lon="6.65296">
        <ele>1787.6907420816</ele>
      </trkpt>
      <trkpt lat="45.22457" lon="6.65302">
        <ele>1789.8305373197</ele>
      </trkpt>
      <trkpt lat="45.22449" lon="6.6531">
        <ele>1792.7080019259</ele>
      </trkpt>
      <trkpt lat="45.22444" lon="6.65314">
        <ele>1794.2248294224</ele>
      </trkpt>
      <trkpt lat="45.22438" lon="6.65312">
        <ele>1792.285667728</ele>
      </trkpt>
      <trkpt lat="45.22429" lon="6.65311">
        <ele>1791.1544564826</ele>
      </trkpt>
      <trkpt lat="45.22406" lon="6.65313">
        <ele>1791.5851801142</ele>
      </trkpt>
      <trkpt lat="45.22394" lon="6.65312">
        <ele>1791.3878771048</ele>
      </trkpt>
      <trkpt lat="45.22383" lon="6.65311">
        <ele>1791.189429491</ele>
      </trkpt>
      <trkpt lat="45.22371" lon="6.65306">
        <ele>1788.9170841523</ele>
      </trkpt>
      <trkpt lat="45.22364" lon="6.65303">
        <ele>1787.1198830472</ele>
      </trkpt>
      <trkpt lat="45.22341" lon="6.6529">
        <ele>1782.2235173525</ele>
      </trkpt>
      <trkpt lat="45.22334" lon="6.65289">
        <ele>1782.1550398979</ele>
      </trkpt>
      <trkpt lat="45.22324" lon="6.65299">
        <ele>1785.6088782609</ele>
      </trkpt>
      <trkpt lat="45.22315" lon="6.653">
        <ele>1786.2840669627</ele>
      </trkpt>
      <trkpt lat="45.22306" lon="6.65297">
        <ele>1785.5036909657</ele>
      </trkpt>
      <trkpt lat="45.22287" lon="6.65285">
        <ele>1780.0591714112</ele>
      </trkpt>
      <trkpt lat="45.22279" lon="6.65277">
        <ele>1776.1736840627</ele>
      </trkpt>
      <trkpt lat="45.22273" lon="6.65273">
        <ele>1773.9541750746</ele>
      </trkpt>
      <trkpt lat="45.22258" lon="6.6527">
        <ele>1771.1402466346</ele>
      </trkpt>
      <trkpt lat="45.22222" lon="6.65266">
        <ele>1768.6045361472</ele>
      </trkpt>
      <trkpt lat="45.22198" lon="6.65265">
        <ele>1768.9231536454</ele>
      </trkpt>
      <trkpt lat="45.22173" lon="6.65265">
        <ele>1766.4654357106</ele>
      </trkpt>
      <trkpt lat="45.22154" lon="6.65269">
        <ele>1763.0932596439</ele>
      </trkpt>
      <trkpt lat="45.22117" lon="6.6528">
        <ele>1757.035377691</ele>
      </trkpt>
      <trkpt lat="45.22085" lon="6.65291">
        <ele>1752.7741192199</ele>
      </trkpt>
      <trkpt lat="45.22062" lon="6.65302">
        <ele>1749.0025059737</ele>
      </trkpt>
      <trkpt lat="45.22039" lon="6.65308">
        <ele>1744.0023062471</ele>
      </trkpt>
      <trkpt lat="45.22032" lon="6.65308">
        <ele>1742.1162054821</ele>
      </trkpt>
      <trkpt lat="45.22013" lon="6.6531">
        <ele>1737.5005365342</ele>
      </trkpt>
      <trkpt lat="45.21983" lon="6.6532">
        <ele>1733.1116021801</ele>
      </trkpt>
      <trkpt lat="45.21956" lon="6.65324">
        <ele>1730.3436414396</ele>
      </trkpt>
      <trkpt lat="45.21942" lon="6.65326">
        <ele>1728.8169884912</ele>
      </trkpt>
      <trkpt lat="45.21927" lon="6.65321">
        <ele>1725.0934269672</ele>
      </trkpt>
      <trkpt lat="45.21904" lon="6.65319">
        <ele>1721.1707623388</ele>
      </trkpt>
      <trkpt lat="45.21898" lon="6.65317">
        <ele>1720.0286165408</ele>
      </trkpt>
      <trkpt lat="45.21853" lon="6.65295">
        <ele>1711.8819825729</ele>
      </trkpt>
      <trkpt lat="45.21841" lon="6.65295">
        <ele>1711.8624213333</ele>
      </trkpt>
      <trkpt lat="45.21822" lon="6.65299">
        <ele>1713.2478942145</ele>
      </trkpt>
      <trkpt lat="45.21776" lon="6.65299">
        <ele>1706.8037608869</ele>
      </trkpt>
      <trkpt lat="45.2177" lon="6.653">
        <ele>1705.7762772361</ele>
      </trkpt>
      <trkpt lat="45.21765" lon="6.65304">
        <ele>1705.5714169039</ele>
      </trkpt>
      <trkpt lat="45.21753" lon="6.65323">
        <ele>1708.4529715793</ele>
      </trkpt>
      <trkpt lat="45.21749" lon="6.65328">
        <ele>1709.466101588</ele>
      </trkpt>
      <trkpt lat="45.21744" lon="6.65332">
        <ele>1710.1664484714</ele>
      </trkpt>
      <trkpt lat="45.21735" lon="6.65335">
        <ele>1710.1881623249</ele>
      </trkpt>
      <trkpt lat="45.21711" lon="6.6534">
        <ele>1707.4308914475</ele>
      </trkpt>
      <trkpt lat="45.21696" lon="6.65343">
        <ele>1704.9957074719</ele>
      </trkpt>
      <trkpt lat="45.21688" lon="6.65345">
        <ele>1703.6448263066</ele>
      </trkpt>
      <trkpt lat="45.21679" lon="6.65352">
        <ele>1703.1965480167</ele>
      </trkpt>
      <trkpt lat="45.21651" lon="6.65367">
        <ele>1699.1098904804</ele>
      </trkpt>
      <trkpt lat="45.21626" lon="6.65383">
        <ele>1692.8346199823</ele>
      </trkpt>
      <trkpt lat="45.21615" lon="6.65391">
        <ele>1689.1260711939</ele>
      </trkpt>
      <trkpt lat="45.2161" lon="6.65396">
        <ele>1687.0451587018</ele>
      </trkpt>
      <trkpt lat="45.21607" lon="6.65401">
        <ele>1685.8943629929</ele>
      </trkpt>
      <trkpt lat="45.21604" lon="6.65407">
        <ele>1684.5680987263</ele>
      </trkpt>
      <trkpt lat="45.2159" lon="6.65476">
        <ele>1678.4134872602</ele>
      </trkpt>
      <trkpt lat="45.21586" lon="6.65496">
        <ele>1677.8796212196</ele>
      </trkpt>
      <trkpt lat="45.21584" lon="6.65503">
        <ele>1677.5040607091</ele>
      </trkpt>
      <trkpt lat="45.21577" lon="6.65525">
        <ele>1675.7825897272</ele>
      </trkpt>
      <trkpt lat="45.21575" lon="6.65531">
        <ele>1675.087944112</ele>
      </trkpt>
      <trkpt lat="45.21572" lon="6.6555">
        <ele>1673.6996016784</ele>
      </trkpt>
      <trkpt lat="45.2157" lon="6.65554">
        <ele>1672.8786715847</ele>
      </trkpt>
      <trkpt lat="45.21561" lon="6.65564">
        <ele>1669.2300133245</ele>
      </trkpt>
      <trkpt lat="45.2156" lon="6.65568">
        <ele>1668.6478634972</ele>
      </trkpt>
      <trkpt lat="45.21559" lon="6.65571">
        <ele>1668.1150084538</ele>
      </trkpt>
      <trkpt lat="45.21552" lon="6.6559">
        <ele>1663.5407548711</ele>
      </trkpt>
      <trkpt lat="45.2155" lon="6.65611">
        <ele>1658.0396054845</ele>
      </trkpt>
      <trkpt lat="45.2155" lon="6.65661">
        <ele>1643.6862655474</ele>
      </trkpt>
      <trkpt lat="45.21551" lon="6.65669">
        <ele>1642.7287496184</ele>
      </trkpt>
      <trkpt lat="45.21552" lon="6.65694">
        <ele>1639.1039342124</ele>
      </trkpt>
      <trkpt lat="45.21552" lon="6.65705">
        <ele>1637.5563406177</ele>
      </trkpt>
      <trkpt lat="45.21554" lon="6.65717">
        <ele>1636.453605178</ele>
      </trkpt>
      <trkpt lat="45.2155" lon="6.65719">
        <ele>1634.2648270255</ele>
      </trkpt>
      <trkpt lat="45.21545" lon="6.65715">
        <ele>1632.7743939268</ele>
      </trkpt>
      <trkpt lat="45.21539" lon="6.6571">
        <ele>1631.0312209476</ele>
      </trkpt>
      <trkpt lat="45.2153" lon="6.65699">
        <ele>1628.7707758365</ele>
      </trkpt>
      <trkpt lat="45.21517" lon="6.65689">
        <ele>1624.4735725982</ele>
      </trkpt>
      <trkpt lat="45.21504" lon="6.65675">
        <ele>1620.3580545556</ele>
      </trkpt>
      <trkpt lat="45.21497" lon="6.65724">
        <ele>1610.1292111917</ele>
      </trkpt>
      <trkpt lat="45.21497" lon="6.65738">
        <ele>1608.0389022433</ele>
      </trkpt>
      <trkpt lat="45.21497" lon="6.65749">
        <ele>1606.4919531016</ele>
      </trkpt>
      <trkpt lat="45.21508" lon="6.65768">
        <ele>1608.7437170208</ele>
      </trkpt>
      <trkpt lat="45.21524" lon="6.65797">
        <ele>1607.0428806397</ele>
      </trkpt>
      <trkpt lat="45.21531" lon="6.65808">
        <ele>1605.1770103556</ele>
      </trkpt>
      <trkpt lat="45.21544" lon="6.65823">
        <ele>1600.5282188969</ele>
      </trkpt>
      <trkpt lat="45.21554" lon="6.65832">
        <ele>1597.6222674416</ele>
      </trkpt>
      <trkpt lat="45.21565" lon="6.6585">
        <ele>1591.0450301109</ele>
      </trkpt>
      <trkpt lat="45.21573" lon="6.65865">
        <ele>1584.541972772</ele>
      </trkpt>
      <trkpt lat="45.21579" lon="6.65879">
        <ele>1579.7289833816</ele>
      </trkpt>
      <trkpt lat="45.21583" lon="6.65895">
        <ele>1574.5906543698</ele>
      </trkpt>
      <trkpt lat="45.21585" lon="6.65911">
        <ele>1568.7066947333</ele>
      </trkpt>
      <trkpt lat="45.21588" lon="6.65929">
        <ele>1561.9045868151</ele>
      </trkpt>
      <trkpt lat="45.21567" lon="6.65919">
        <ele>1563.1470505191</ele>
      </trkpt>
      <trkpt lat="45.21547" lon="6.65911">
        <ele>1563.9104611659</ele>
      </trkpt>
      <trkpt lat="45.21534" lon="6.65912">
        <ele>1561.3402390186</ele>
      </trkpt>
      <trkpt lat="45.21497" lon="6.65909">
        <ele>1551.7102807766</ele>
      </trkpt>
      <trkpt lat="45.21497" lon="6.65913">
        <ele>1549.6597321548</ele>
      </trkpt>
      <trkpt lat="45.215" lon="6.65917">
        <ele>1548.847752372</ele>
      </trkpt>
      <trkpt lat="45.2151" lon="6.65935">
        <ele>1543.1629518773</ele>
      </trkpt>
      <trkpt lat="45.21515" lon="6.65946">
        <ele>1537.836303706</ele>
      </trkpt>
      <trkpt lat="45.21524" lon="6.65956">
        <ele>1534.8353186947</ele>
      </trkpt>
      <trkpt lat="45.21542" lon="6.65974">
        <ele>1531.1036978884</ele>
      </trkpt>
      <trkpt lat="45.21547" lon="6.65984">
        <ele>1527.8430694921</ele>
      </trkpt>
      <trkpt lat="45.21557" lon="6.66013">
        <ele>1519.6216638356</ele>
      </trkpt>
      <trkpt lat="45.21562" lon="6.66034">
        <ele>1514.4550279331</ele>
      </trkpt>
      <trkpt lat="45.21546" lon="6.6602">
        <ele>1511.9341094918</ele>
      </trkpt>
      <trkpt lat="45.21549" lon="6.66039">
        <ele>1506.3620148831</ele>
      </trkpt>
      <trkpt lat="45.21549" lon="6.66052">
        <ele>1501.6170579517</ele>
      </trkpt>
      <trkpt lat="45.2156" lon="6.66114">
        <ele>1486.5807790531</ele>
      </trkpt>
      <trkpt lat="45.21562" lon="6.66132">
        <ele>1483.6664530604</ele>
      </trkpt>
      <trkpt lat="45.2156" lon="6.6615">
        <ele>1478.4269197153</ele>
      </trkpt>
      <trkpt lat="45.21558" lon="6.66165">
        <ele>1473.609312593</ele>
      </trkpt>
      <trkpt lat="45.21555" lon="6.66175">
        <ele>1469.5805036626</ele>
      </trkpt>
      <trkpt lat="45.21546" lon="6.66163">
        <ele>1468.6025791422</ele>
      </trkpt>
      <trkpt lat="45.21521" lon="6.66123">
        <ele>1462.9491206941</ele>
      </trkpt>
      <trkpt lat="45.2148" lon="6.66089">
        <ele>1454.1849988414</ele>
      </trkpt>
      <trkpt lat="45.21463" lon="6.66085">
        <ele>1453.2903412096</ele>
      </trkpt>
      <trkpt lat="45.21443" lon="6.66082">
        <ele>1455.1990932025</ele>
      </trkpt>
      <trkpt lat="45.21431" lon="6.66084">
        <ele>1454.4163445175</ele>
      </trkpt>
      <trkpt lat="45.21412" lon="6.66091">
        <ele>1450.527439529</ele>
      </trkpt>
      <trkpt lat="45.21375" lon="6.66106">
        <ele>1431.9940583202</ele>
      </trkpt>
      <trkpt lat="45.2138" lon="6.66113">
        <ele>1429.5768274305</ele>
      </trkpt>
      <trkpt lat="45.21387" lon="6.66125">
        <ele>1424.8312328422</ele>
      </trkpt>
      <trkpt lat="45.21383" lon="6.66126">
        <ele>1422.8335047845</ele>
      </trkpt>
      <trkpt lat="45.21393" lon="6.66137">
        <ele>1420.3969440879</ele>
      </trkpt>
      <trkpt lat="45.2141" lon="6.66146">
        <ele>1419.8037346382</ele>
      </trkpt>
      <trkpt lat="45.21422" lon="6.66155">
        <ele>1418.9257385607</ele>
      </trkpt>
      <trkpt lat="45.21431" lon="6.66166">
        <ele>1417.437637017</ele>
      </trkpt>
      <trkpt lat="45.21435" lon="6.66175">
        <ele>1415.8719483094</ele>
      </trkpt>
      <trkpt lat="45.21434" lon="6.66188">
        <ele>1411.6447990465</ele>
      </trkpt>
      <trkpt lat="45.21427" lon="6.66214">
        <ele>1399.2274848973</ele>
      </trkpt>
      <trkpt lat="45.21422" lon="6.66233">
        <ele>1389.9412042226</ele>
      </trkpt>
      <trkpt lat="45.21411" lon="6.66267">
        <ele>1375.9980165532</ele>
      </trkpt>
      <trkpt lat="45.2141" lon="6.66277">
        <ele>1373.8499999195</ele>
      </trkpt>
      <trkpt lat="45.2141" lon="6.66278">
        <ele>1373.6833807968</ele>
      </trkpt>
      <trkpt lat="45.21393" lon="6.66278">
        <ele>1367.2594704839</ele>
      </trkpt>
      <trkpt lat="45.21388" lon="6.66274">
        <ele>1365.9271655678</ele>
      </trkpt>
      <trkpt lat="45.21382" lon="6.66267">
        <ele>1364.668676123</ele>
      </trkpt>
      <trkpt lat="45.21378" lon="6.66258">
        <ele>1364.5358106491</ele>
      </trkpt>
      <trkpt lat="45.21377" lon="6.66251">
        <ele>1365.3413485497</ele>
      </trkpt>
      <trkpt lat="45.21375" lon="6.66249">
        <ele>1365.0735700311</ele>
      </trkpt>
      <trkpt lat="45.21368" lon="6.66244">
        <ele>1363.6943912569</ele>
      </trkpt>
      <trkpt lat="45.21358" lon="6.66239">
        <ele>1361.8271297508</ele>
      </trkpt>
      <trkpt lat="45.21352" lon="6.66236">
        <ele>1360.997267082</ele>
      </trkpt>
      <trkpt lat="45.21346" lon="6.66234">
        <ele>1360.0563743592</ele>
      </trkpt>
      <trkpt lat="45.21329" lon="6.66239">
        <ele>1352.7938200398</ele>
      </trkpt>
      <trkpt lat="45.21313" lon="6.66241">
        <ele>1347.5384619658</ele>
      </trkpt>
      <trkpt lat="45.21288" lon="6.66242">
        <ele>1340.4769077123</ele>
      </trkpt>
      <trkpt lat="45.21282" lon="6.66238">
        <ele>1339.8895085599</ele>
      </trkpt>
      <trkpt lat="45.21263" lon="6.6624">
        <ele>1331.684157696</ele>
      </trkpt>
      <trkpt lat="45.21251" lon="6.66234">
        <ele>1328.9248818043</ele>
      </trkpt>
      <trkpt lat="45.21243" lon="6.66228">
        <ele>1327.8012184662</ele>
      </trkpt>
      <trkpt lat="45.21237" lon="6.66229">
        <ele>1325.3092303969</ele>
      </trkpt>
      <trkpt lat="45.21219" lon="6.66229">
        <ele>1318.486504777</ele>
      </trkpt>
      <trkpt lat="45.21207" lon="6.66228">
        <ele>1313.81295225</ele>
      </trkpt>
      <trkpt lat="45.21203" lon="6.66228">
        <ele>1312.1490519268</ele>
      </trkpt>
      <trkpt lat="45.21201" lon="6.6623">
        <ele>1310.6832271449</ele>
      </trkpt>
      <trkpt lat="45.21202" lon="6.66236">
        <ele>1309.2900769045</ele>
      </trkpt>
      <trkpt lat="45.21207" lon="6.66244">
        <ele>1308.8766130497</ele>
      </trkpt>
      <trkpt lat="45.21221" lon="6.66262">
        <ele>1309.7616357308</ele>
      </trkpt>
      <trkpt lat="45.21223" lon="6.66269">
        <ele>1308.79358502</ele>
      </trkpt>
      <trkpt lat="45.21219" lon="6.66274">
        <ele>1305.8340135764</ele>
      </trkpt>
      <trkpt lat="45.21207" lon="6.66281">
        <ele>1299.2018294766</ele>
      </trkpt>
      <trkpt lat="45.21193" lon="6.66286">
        <ele>1292.8051419533</ele>
      </trkpt>
      <trkpt lat="45.21178" lon="6.6629">
        <ele>1286.9353226033</ele>
      </trkpt>
      <trkpt lat="45.21165" lon="6.66292">
        <ele>1282.3741026131</ele>
      </trkpt>
      <trkpt lat="45.21157" lon="6.6629">
        <ele>1279.9957445187</ele>
      </trkpt>
      <trkpt lat="45.2115" lon="6.66285">
        <ele>1278.1352765059</ele>
      </trkpt>
      <trkpt lat="45.21146" lon="6.6628">
        <ele>1277.1251046486</ele>
      </trkpt>
      <trkpt lat="45.21141" lon="6.66271">
        <ele>1276.1748459617</ele>
      </trkpt>
      <trkpt lat="45.21139" lon="6.66269">
        <ele>1275.5547572997</ele>
      </trkpt>
      <trkpt lat="45.21134" lon="6.66267">
        <ele>1273.6467376896</ele>
      </trkpt>
      <trkpt lat="45.21132" lon="6.66265">
        <ele>1272.9673213402</ele>
      </trkpt>
      <trkpt lat="45.21124" lon="6.66267">
        <ele>1269.3685553811</ele>
      </trkpt>
      <trkpt lat="45.21099" lon="6.66277">
        <ele>1259.0074013291</ele>
      </trkpt>
      <trkpt lat="45.21067" lon="6.66284">
        <ele>1249.6367759761</ele>
      </trkpt>
      <trkpt lat="45.21049" lon="6.66284">
        <ele>1244.5630062736</ele>
      </trkpt>
      <trkpt lat="45.21042" lon="6.66284">
        <ele>1242.4398716453</ele>
      </trkpt>
      <trkpt lat="45.21031" lon="6.66286">
        <ele>1237.5766673926</ele>
      </trkpt>
      <trkpt lat="45.21024" lon="6.66291">
        <ele>1234.329841998</ele>
      </trkpt>
      <trkpt lat="45.21017" lon="6.663">
        <ele>1231.3468563221</ele>
      </trkpt>
      <trkpt lat="45.21009" lon="6.66311">
        <ele>1228.4830526051</ele>
      </trkpt>
      <trkpt lat="45.21003" lon="6.66314">
        <ele>1226.5125450033</ele>
      </trkpt>
      <trkpt lat="45.20976" lon="6.66309">
        <ele>1219.0990968894</ele>
      </trkpt>
      <trkpt lat="45.20968" lon="6.66311">
        <ele>1217.2606769258</ele>
      </trkpt>
      <trkpt lat="45.20959" lon="6.66314">
        <ele>1215.3470615105</ele>
      </trkpt>
      <trkpt lat="45.2095" lon="6.66321">
        <ele>1213.5136236706</ele>
      </trkpt>
      <trkpt lat="45.20939" lon="6.66326">
        <ele>1210.1964615205</ele>
      </trkpt>
      <trkpt lat="45.20904" lon="6.66328">
        <ele>1198.3449093546</ele>
      </trkpt>
      <trkpt lat="45.20895" lon="6.66331">
        <ele>1195.1717126564</ele>
      </trkpt>
      <trkpt lat="45.20887" lon="6.66337">
        <ele>1192.3745684334</ele>
      </trkpt>
      <trkpt lat="45.20883" lon="6.66338">
        <ele>1190.9546352587</ele>
      </trkpt>
      <trkpt lat="45.2088" lon="6.66339">
        <ele>1189.9097859602</ele>
      </trkpt>
      <trkpt lat="45.20866" lon="6.6634">
        <ele>1184.7796876138</ele>
      </trkpt>
      <trkpt lat="45.20863" lon="6.6634">
        <ele>1183.770126268</ele>
      </trkpt>
      <trkpt lat="45.20856" lon="6.66338">
        <ele>1181.4774855056</ele>
      </trkpt>
      <trkpt lat="45.2085" lon="6.66339">
        <ele>1179.6388618882</ele>
      </trkpt>
      <trkpt lat="45.20845" lon="6.66343">
        <ele>1178.2721643334</ele>
      </trkpt>
      <trkpt lat="45.20821" lon="6.66349">
        <ele>1172.0489687601</ele>
      </trkpt>
      <trkpt lat="45.20812" lon="6.66353">
        <ele>1169.4504689045</ele>
      </trkpt>
      <trkpt lat="45.20806" lon="6.66359">
        <ele>1167.8155601205</ele>
      </trkpt>
      <trkpt lat="45.20799" lon="6.66364">
        <ele>1165.8829045476</ele>
      </trkpt>
      <trkpt lat="45.20791" lon="6.66373">
        <ele>1163.9444940139</ele>
      </trkpt>
      <trkpt lat="45.2078" lon="6.6639">
        <ele>1162.9946490864</ele>
      </trkpt>
      <trkpt lat="45.20778" lon="6.66392">
        <ele>1162.7586193624</ele>
      </trkpt>
      <trkpt lat="45.20774" lon="6.66395">
        <ele>1162.1281146334</ele>
      </trkpt>
      <trkpt lat="45.20758" lon="6.66405">
        <ele>1159.4697142673</ele>
      </trkpt>
      <trkpt lat="45.20737" lon="6.66414">
        <ele>1155.1232293796</ele>
      </trkpt>
      <trkpt lat="45.20728" lon="6.66416">
        <ele>1152.9083329659</ele>
      </trkpt>
      <trkpt lat="45.2072" lon="6.6642">
        <ele>1151.3370185118</ele>
      </trkpt>
      <trkpt lat="45.2071" lon="6.66427">
        <ele>1149.3058555428</ele>
      </trkpt>
      <trkpt lat="45.20706" lon="6.66428">
        <ele>1148.1763930522</ele>
      </trkpt>
      <trkpt lat="45.207" lon="6.66428">
        <ele>1146.2432259156</ele>
      </trkpt>
      <trkpt lat="45.20697" lon="6.66427">
        <ele>1145.2580365406</ele>
      </trkpt>
      <trkpt lat="45.20693" lon="6.66423">
        <ele>1143.9602283713</ele>
      </trkpt>
      <trkpt lat="45.20691" lon="6.66414">
        <ele>1143.3918325367</ele>
      </trkpt>
      <trkpt lat="45.20691" lon="6.66406">
        <ele>1143.4393932403</ele>
      </trkpt>
      <trkpt lat="45.20696" lon="6.66396">
        <ele>1144.8175186225</ele>
      </trkpt>
      <trkpt lat="45.20701" lon="6.66391">
        <ele>1145.9378230207</ele>
      </trkpt>
      <trkpt lat="45.20704" lon="6.66388">
        <ele>1146.5153790351</ele>
      </trkpt>
      <trkpt lat="45.20705" lon="6.66383">
        <ele>1146.6972821541</ele>
      </trkpt>
      <trkpt lat="45.20705" lon="6.66378">
        <ele>1146.7279760949</ele>
      </trkpt>
      <trkpt lat="45.20705" lon="6.66374">
        <ele>1146.7705730943</ele>
      </trkpt>
      <trkpt lat="45.20704" lon="6.6637">
        <ele>1146.8172530185</ele>
      </trkpt>
      <trkpt lat="45.20702" lon="6.66367">
        <ele>1146.7714819758</ele>
      </trkpt>
      <trkpt lat="45.207" lon="6.66359">
        <ele>1147.1054107401</ele>
      </trkpt>
      <trkpt lat="45.20697" lon="6.66357">
        <ele>1146.8895981811</ele>
      </trkpt>
      <trkpt lat="45.20689" lon="6.66356">
        <ele>1145.9368939959</ele>
      </trkpt>
      <trkpt lat="45.20679" lon="6.66358">
        <ele>1144.4275534784</ele>
      </trkpt>
      <trkpt lat="45.20668" lon="6.66364">
        <ele>1142.3130959243</ele>
      </trkpt>
      <trkpt lat="45.20658" lon="6.6637">
        <ele>1140.4638607719</ele>
      </trkpt>
      <trkpt lat="45.20649" lon="6.66379">
        <ele>1138.4171791558</ele>
      </trkpt>
      <trkpt lat="45.20642" lon="6.66389">
        <ele>1136.3494332991</ele>
      </trkpt>
      <trkpt lat="45.20636" lon="6.66399">
        <ele>1134.3086195507</ele>
      </trkpt>
      <trkpt lat="45.2063" lon="6.66408">
        <ele>1132.2651892005</ele>
      </trkpt>
      <trkpt lat="45.2062" lon="6.66419">
        <ele>1129.297205493</ele>
      </trkpt>
      <trkpt lat="45.20611" lon="6.66431">
        <ele>1126.6437044007</ele>
      </trkpt>
      <trkpt lat="45.20602" lon="6.66437">
        <ele>1124.8502910533</ele>
      </trkpt>
      <trkpt lat="45.20573" lon="6.66453">
        <ele>1121.1160352254</ele>
      </trkpt>
      <trkpt lat="45.20568" lon="6.66456">
        <ele>1120.4929135846</ele>
      </trkpt>
      <trkpt lat="45.20558" lon="6.66461">
        <ele>1119.2831371704</ele>
      </trkpt>
      <trkpt lat="45.20547" lon="6.66472">
        <ele>1117.1492328593</ele>
      </trkpt>
      <trkpt lat="45.20544" lon="6.66476">
        <ele>1116.3613922407</ele>
      </trkpt>
      <trkpt lat="45.20533" lon="6.66489">
        <ele>1113.6039346205</ele>
      </trkpt>
      <trkpt lat="45.20531" lon="6.66494">
        <ele>1112.7688315504</ele>
      </trkpt>
      <trkpt lat="45.20497" lon="6.66542">
        <ele>1107.2302213369</ele>
      </trkpt>
      <trkpt lat="45.20492" lon="6.6655">
        <ele>1106.3060459899</ele>
      </trkpt>
      <trkpt lat="45.20498" lon="6.66605">
        <ele>1102.015696957</ele>
      </trkpt>
      <trkpt lat="45.20496" lon="6.66616">
        <ele>1101.0168611194</ele>
      </trkpt>
      <trkpt lat="45.20494" lon="6.66625">
        <ele>1100.1318113896</ele>
      </trkpt>
      <trkpt lat="45.20487" lon="6.66633">
        <ele>1099.1105895462</ele>
      </trkpt>
      <trkpt lat="45.20466" lon="6.66652">
        <ele>1096.8551105874</ele>
      </trkpt>
      <trkpt lat="45.20414" lon="6.6669">
        <ele>1090.0847917755</ele>
      </trkpt>
      <trkpt lat="45.20395" lon="6.66704">
        <ele>1086.9554302513</ele>
      </trkpt>
      <trkpt lat="45.20403" lon="6.66741">
        <ele>1085.5406334377</ele>
      </trkpt>
      <trkpt lat="45.20405" lon="6.66752">
        <ele>1085.0284949333</ele>
      </trkpt>
      <trkpt lat="45.20404" lon="6.66762">
        <ele>1084.709993253</ele>
      </trkpt>
      <trkpt lat="45.20397" lon="6.66787">
        <ele>1083.7690820357</ele>
      </trkpt>
      <trkpt lat="45.20392" lon="6.66796">
        <ele>1083.1115518614</ele>
      </trkpt>
      <trkpt lat="45.20388" lon="6.66801">
        <ele>1082.5891316618</ele>
      </trkpt>
      <trkpt lat="45.2038" lon="6.66805">
        <ele>1081.7480082805</ele>
      </trkpt>
      <trkpt lat="45.20378" lon="6.66808">
        <ele>1081.4125184971</ele>
      </trkpt>
      <trkpt lat="45.20365" lon="6.66827">
        <ele>1078.4116010156</ele>
      </trkpt>
      <trkpt lat="45.20356" lon="6.66842">
        <ele>1076.2212239332</ele>
      </trkpt>
      <trkpt lat="45.20356" lon="6.6685">
        <ele>1075.5734157197</ele>
      </trkpt>
      <trkpt lat="45.20357" lon="6.66858">
        <ele>1074.9871109732</ele>
      </trkpt>
      <trkpt lat="45.20359" lon="6.66881">
        <ele>1073.2419996972</ele>
      </trkpt>
      <trkpt lat="45.20358" lon="6.66893">
        <ele>1072.6823525898</ele>
      </trkpt>
      <trkpt lat="45.20355" lon="6.66904">
        <ele>1072.020894714</ele>
      </trkpt>
      <trkpt lat="45.20351" lon="6.66915">
        <ele>1071.4327527202</ele>
      </trkpt>
      <trkpt lat="45.20346" lon="6.66925">
        <ele>1070.8351932017</ele>
      </trkpt>
      <trkpt lat="45.20307" lon="6.66988">
        <ele>1066.4047287558</ele>
      </trkpt>
      <trkpt lat="45.20318" lon="6.67003">
        <ele>1066.1783472809</ele>
      </trkpt>
      <trkpt lat="45.20308" lon="6.67014">
        <ele>1064.7841647143</ele>
      </trkpt>
      <trkpt lat="45.203" lon="6.67024">
        <ele>1063.9001234165</ele>
      </trkpt>
      <trkpt lat="45.20295" lon="6.6703">
        <ele>1063.3884669574</ele>
      </trkpt>
      <trkpt lat="45.20269" lon="6.67061">
        <ele>1062.5131376979</ele>
      </trkpt>
      <trkpt lat="45.2026" lon="6.67071">
        <ele>1062.629808085</ele>
      </trkpt>
      <trkpt lat="45.20256" lon="6.67075">
        <ele>1062.9019010127</ele>
      </trkpt>
      <trkpt lat="45.20249" lon="6.67085">
        <ele>1063.3963145331</ele>
      </trkpt>
      <trkpt lat="45.20242" lon="6.67094">
        <ele>1063.828988194</ele>
      </trkpt>
      <trkpt lat="45.2024" lon="6.67097">
        <ele>1063.9999869935</ele>
      </trkpt>
      <trkpt lat="45.20235" lon="6.67105">
        <ele>1064.4449601572</ele>
      </trkpt>
      <trkpt lat="45.20232" lon="6.67102">
        <ele>1064.4393142257</ele>
      </trkpt>
      <trkpt lat="45.20227" lon="6.67101">
        <ele>1064.6196019356</ele>
      </trkpt>
      <trkpt lat="45.20223" lon="6.67103">
        <ele>1064.8719014508</ele>
      </trkpt>
      <trkpt lat="45.20221" lon="6.67106">
        <ele>1065.0429000294</ele>
      </trkpt>
      <trkpt lat="45.20219" lon="6.67112">
        <ele>1065.3187561848</ele>
      </trkpt>
      <trkpt lat="45.20219" lon="6.6712">
        <ele>1065.5983764514</ele>
      </trkpt>
      <trkpt lat="45.20215" lon="6.67125">
        <ele>1065.9054209592</ele>
      </trkpt>
      <trkpt lat="45.20209" lon="6.67129">
        <ele>1066.1961319065</ele>
      </trkpt>
      <trkpt lat="45.20203" lon="6.67131">
        <ele>1066.4119811245</ele>
      </trkpt>
      <trkpt lat="45.20199" lon="6.67135">
        <ele>1066.6583253333</ele>
      </trkpt>
      <trkpt lat="45.20196" lon="6.67139">
        <ele>1066.7981354666</ele>
      </trkpt>
      <trkpt lat="45.20192" lon="6.67146">
        <ele>1067.0141833297</ele>
      </trkpt>
      <trkpt lat="45.20187" lon="6.67158">
        <ele>1067.3570464098</ele>
      </trkpt>
      <trkpt lat="45.20185" lon="6.67167">
        <ele>1067.9125482668</ele>
      </trkpt>
      <trkpt lat="45.20182" lon="6.67181">
        <ele>1069.1703496109</ele>
      </trkpt>
      <trkpt lat="45.20178" lon="6.67198">
        <ele>1070.400335079</ele>
      </trkpt>
      <trkpt lat="45.20175" lon="6.6721">
        <ele>1070.7198435555</ele>
      </trkpt>
      <trkpt lat="45.2017" lon="6.67225">
        <ele>1071.0874238362</ele>
      </trkpt>
      <trkpt lat="45.20156" lon="6.67264">
        <ele>1071.0212725461</ele>
      </trkpt>
      <trkpt lat="45.20148" lon="6.67256">
        <ele>1071.1182818876</ele>
      </trkpt>
      <trkpt lat="45.20141" lon="6.67269">
        <ele>1071.5251683905</ele>
      </trkpt>
      <trkpt lat="45.20136" lon="6.67282">
        <ele>1072.0164545851</ele>
      </trkpt>
    </trkseg>
  </trk>
</gpx>