<?xml version="1.0" encoding="utf-8"?><gpx creator="Garmin Desktop App" version="1.1" xsi:schemaLocation="http://www.topografix.com/GPX/1/1 http://www.topografix.com/GPX/1/1/gpx.xsd http://www.garmin.com/xmlschemas/WaypointExtension/v1 http://www8.garmin.com/xmlschemas/WaypointExtensionv1.xsd http://www.garmin.com/xmlschemas/TrackPointExtension/v1 http://www.garmin.com/xmlschemas/TrackPointExtensionv1.xsd http://www.garmin.com/xmlschemas/GpxExtensions/v3 http://www8.garmin.com/xmlschemas/GpxExtensionsv3.xsd http://www.garmin.com/xmlschemas/ActivityExtension/v1 http://www8.garmin.com/xmlschemas/ActivityExtensionv1.xsd http://www.garmin.com/xmlschemas/AdventuresExtensions/v1 http://www8.garmin.com/xmlschemas/AdventuresExtensionv1.xsd http://www.garmin.com/xmlschemas/PressureExtension/v1 http://www.garmin.com/xmlschemas/PressureExtensionv1.xsd http://www.garmin.com/xmlschemas/TripExtensions/v1 http://www.garmin.com/xmlschemas/TripExtensionsv1.xsd http://www.garmin.com/xmlschemas/TripMetaDataExtensions/v1 http://www.garmin.com/xmlschemas/TripMetaDataExtensionsv1.xsd http://www.garmin.com/xmlschemas/ViaPointTransportationModeExtensions/v1 http://www.garmin.com/xmlschemas/ViaPointTransportationModeExtensionsv1.xsd http://www.garmin.com/xmlschemas/CreationTimeExtension/v1 http://www.garmin.com/xmlschemas/CreationTimeExtensionsv1.xsd http://www.garmin.com/xmlschemas/AccelerationExtension/v1 http://www.garmin.com/xmlschemas/AccelerationExtensionv1.xsd http://www.garmin.com/xmlschemas/PowerExtension/v1 http://www.garmin.com/xmlschemas/PowerExtensionv1.xsd http://www.garmin.com/xmlschemas/VideoExtension/v1 http://www.garmin.com/xmlschemas/VideoExtensionv1.xsd" xmlns="http://www.topografix.com/GPX/1/1" xmlns:xsi="http://www.w3.org/2001/XMLSchema-instance" xmlns:wptx1="http://www.garmin.com/xmlschemas/WaypointExtension/v1" xmlns:gpxtrx="http://www.garmin.com/xmlschemas/GpxExtensions/v3" xmlns:gpxtpx="http://www.garmin.com/xmlschemas/TrackPointExtension/v1" xmlns:gpxx="http://www.garmin.com/xmlschemas/GpxExtensions/v3" xmlns:trp="http://www.garmin.com/xmlschemas/TripExtensions/v1" xmlns:adv="http://www.garmin.com/xmlschemas/AdventuresExtensions/v1" xmlns:prs="http://www.garmin.com/xmlschemas/PressureExtension/v1" xmlns:tmd="http://www.garmin.com/xmlschemas/TripMetaDataExtensions/v1" xmlns:vptm="http://www.garmin.com/xmlschemas/ViaPointTransportationModeExtensions/v1" xmlns:ctx="http://www.garmin.com/xmlschemas/CreationTimeExtension/v1" xmlns:gpxacc="http://www.garmin.com/xmlschemas/AccelerationExtension/v1" xmlns:gpxpx="http://www.garmin.com/xmlschemas/PowerExtension/v1" xmlns:vidx1="http://www.garmin.com/xmlschemas/VideoExtension/v1">

  <metadata>
    <link href="http://www.garmin.com">
      <text>Garmin International</text>
    </link>
    <time>2018-04-18T11:07:10Z</time>
    <bounds maxlat="45.362522006034851" maxlon="6.991869974881411" minlat="44.931727973744273" minlon="6.605706978589296" />
  </metadata>

  <trk>
    <name>Part 12 - FR Bessans to Montgenevre</name>
    <desc>Randonnée avec le GR5 à travers la Savoie et les Hautes-Alpes de Bessans à Montgenèvre. Gîtes d'étapes, Chambres d'hôtes, Hôtels, Camping, Refuges, Auberges.</desc>
    <extensions>
      <gpxx:TrackExtension>
        <gpxx:DisplayColor>Blue</gpxx:DisplayColor>
      </gpxx:TrackExtension>
    </extensions>
    <trkseg>
      <trkpt lat="45.321480017155409" lon="6.991869974881411">
        <ele>1705</ele>
        <time>2015-07-07T16:16:40Z</time>
      </trkpt>
      <trkpt lat="45.321494014933705" lon="6.991208977997303">
        <ele>1706</ele>
        <time>2015-07-07T16:17:00Z</time>
      </trkpt>
      <trkpt lat="45.321185979992151" lon="6.989642987027764">
        <ele>1706</ele>
        <time>2015-07-07T16:17:20Z</time>
      </trkpt>
      <trkpt lat="45.321197966113687" lon="6.988771017640829">
        <ele>1707</ele>
        <time>2015-07-07T16:17:40Z</time>
      </trkpt>
      <trkpt lat="45.32073000445962" lon="6.986642014235258">
        <ele>1704</ele>
        <time>2015-07-07T16:18:00Z</time>
      </trkpt>
      <trkpt lat="45.320588015019894" lon="6.985842967405915">
        <ele>1703</ele>
        <time>2015-07-07T16:18:20Z</time>
      </trkpt>
      <trkpt lat="45.320413000881672" lon="6.985307028517127">
        <ele>1701</ele>
        <time>2015-07-07T16:18:40Z</time>
      </trkpt>
      <trkpt lat="45.320245027542114" lon="6.984986001625657">
        <ele>1700</ele>
        <time>2015-07-07T16:19:00Z</time>
      </trkpt>
      <trkpt lat="45.319927018135786" lon="6.983945975080133">
        <ele>1699</ele>
        <time>2015-07-07T16:19:20Z</time>
      </trkpt>
      <trkpt lat="45.319774970412254" lon="6.983593013137579">
        <ele>1699</ele>
        <time>2015-07-07T16:19:40Z</time>
      </trkpt>
      <trkpt lat="45.319186979904771" lon="6.9831239618361">
        <ele>1700</ele>
        <time>2015-07-07T16:20:00Z</time>
      </trkpt>
      <trkpt lat="45.318704014644027" lon="6.982558015733957">
        <ele>1698</ele>
        <time>2015-07-07T16:20:20Z</time>
      </trkpt>
      <trkpt lat="45.318537969142199" lon="6.982272025197744">
        <ele>1704</ele>
        <time>2015-07-07T16:20:40Z</time>
      </trkpt>
      <trkpt lat="45.3180440235883" lon="6.981862988322973">
        <ele>1698</ele>
        <time>2015-07-07T16:21:00Z</time>
      </trkpt>
      <trkpt lat="45.317211030051112" lon="6.980745010077953">
        <ele>1694</ele>
        <time>2015-07-07T16:21:20Z</time>
      </trkpt>
      <trkpt lat="45.317127965390682" lon="6.979844039306045">
        <ele>1694</ele>
        <time>2015-07-07T16:21:40Z</time>
      </trkpt>
      <trkpt lat="45.316360015422106" lon="6.978219961747527">
        <ele>1692</ele>
        <time>2015-07-07T16:22:00Z</time>
      </trkpt>
      <trkpt lat="45.315845031291246" lon="6.977870017290115">
        <ele>1691</ele>
        <time>2015-07-07T16:22:20Z</time>
      </trkpt>
      <trkpt lat="45.315574966371059" lon="6.977485958486795">
        <ele>1690</ele>
        <time>2015-07-07T16:22:40Z</time>
      </trkpt>
      <trkpt lat="45.315438006073236" lon="6.976507036015391">
        <ele>1691</ele>
        <time>2015-07-07T16:23:00Z</time>
      </trkpt>
      <trkpt lat="45.315271960571408" lon="6.97611702606082">
        <ele>1691</ele>
        <time>2015-07-07T16:23:20Z</time>
      </trkpt>
      <trkpt lat="45.315151009708643" lon="6.975641017779708">
        <ele>1694</ele>
        <time>2015-07-07T16:23:40Z</time>
      </trkpt>
      <trkpt lat="45.314639965072274" lon="6.975080017000437">
        <ele>1694</ele>
        <time>2015-07-07T16:24:00Z</time>
      </trkpt>
      <trkpt lat="45.314425975084305" lon="6.974659999832511">
        <ele>1697</ele>
        <time>2015-07-07T16:24:20Z</time>
      </trkpt>
      <trkpt lat="45.314140990376472" lon="6.974447015672922">
        <ele>1695</ele>
        <time>2015-07-07T16:24:40Z</time>
      </trkpt>
      <trkpt lat="45.312564019113779" lon="6.974105034023523">
        <ele>1696</ele>
        <time>2015-07-07T16:25:00Z</time>
      </trkpt>
      <trkpt lat="45.311725996434689" lon="6.973999002948403">
        <ele>1692</ele>
        <time>2015-07-07T16:25:20Z</time>
      </trkpt>
      <trkpt lat="45.311527010053396" lon="6.973678981885314">
        <ele>1691</ele>
        <time>2015-07-07T16:25:40Z</time>
      </trkpt>
      <trkpt lat="45.310728969052434" lon="6.971814008429647">
        <ele>1693</ele>
        <time>2015-07-07T16:26:00Z</time>
      </trkpt>
      <trkpt lat="45.310082975775003" lon="6.970895016565919">
        <ele>1693</ele>
        <time>2015-07-07T16:26:20Z</time>
      </trkpt>
      <trkpt lat="45.309436982497573" lon="6.9697389844805">
        <ele>1694</ele>
        <time>2015-07-07T16:26:40Z</time>
      </trkpt>
      <trkpt lat="45.309118973091245" lon="6.96868403814733">
        <ele>1691</ele>
        <time>2015-07-07T16:27:00Z</time>
      </trkpt>
      <trkpt lat="45.308808004483581" lon="6.967842997983098">
        <ele>1693</ele>
        <time>2015-07-07T16:27:20Z</time>
      </trkpt>
      <trkpt lat="45.308325961232185" lon="6.96716096252203">
        <ele>1688</ele>
        <time>2015-07-07T16:27:40Z</time>
      </trkpt>
      <trkpt lat="45.308021027594805" lon="6.966109033674002">
        <ele>1687</ele>
        <time>2015-07-07T16:28:00Z</time>
      </trkpt>
      <trkpt lat="45.307331029325724" lon="6.964441034942865">
        <ele>1683</ele>
        <time>2015-07-07T16:28:20Z</time>
      </trkpt>
      <trkpt lat="45.307223992422223" lon="6.963968966156244">
        <ele>1683</ele>
        <time>2015-07-07T16:28:40Z</time>
      </trkpt>
      <trkpt lat="45.306858960539103" lon="6.963267987594008">
        <ele>1683</ele>
        <time>2015-07-07T16:29:00Z</time>
      </trkpt>
      <trkpt lat="45.306541034951806" lon="6.962895998731256">
        <ele>1677</ele>
        <time>2015-07-07T16:29:20Z</time>
      </trkpt>
      <trkpt lat="45.306351017206907" lon="6.962405992671847">
        <ele>1677</ele>
        <time>2015-07-07T16:29:40Z</time>
      </trkpt>
      <trkpt lat="45.306418994441628" lon="6.960267014801502">
        <ele>1680</ele>
        <time>2015-07-07T16:30:00Z</time>
      </trkpt>
      <trkpt lat="45.306082963943481" lon="6.95845996029675">
        <ele>1694</ele>
        <time>2015-07-07T16:30:20Z</time>
      </trkpt>
      <trkpt lat="45.306123029440641" lon="6.958280000835657">
        <ele>1707</ele>
        <time>2015-07-07T16:30:40Z</time>
      </trkpt>
      <trkpt lat="45.305891018360853" lon="6.957691004499793">
        <ele>1706</ele>
        <time>2015-07-07T16:31:00Z</time>
      </trkpt>
      <trkpt lat="45.305881965905428" lon="6.957509033381939">
        <ele>1700</ele>
        <time>2015-07-07T16:31:20Z</time>
      </trkpt>
      <trkpt lat="45.305598992854357" lon="6.95676002651453">
        <ele>1703</ele>
        <time>2015-07-07T16:31:40Z</time>
      </trkpt>
      <trkpt lat="45.305332029238343" lon="6.956477975472808">
        <ele>1712</ele>
        <time>2015-07-07T16:32:00Z</time>
      </trkpt>
      <trkpt lat="45.305462032556534" lon="6.956195002421737">
        <ele>1718</ele>
        <time>2015-07-07T16:32:20Z</time>
      </trkpt>
      <trkpt lat="45.305697983130813" lon="6.956268008798361">
        <ele>1721</ele>
        <time>2015-07-07T16:32:40Z</time>
      </trkpt>
      <trkpt lat="45.305676022544503" lon="6.956067010760307">
        <ele>1726</ele>
        <time>2015-07-07T16:33:00Z</time>
      </trkpt>
      <trkpt lat="45.305350972339511" lon="6.955609023571014">
        <ele>1736</ele>
        <time>2015-07-07T16:33:20Z</time>
      </trkpt>
      <trkpt lat="45.305179981514812" lon="6.954778041690588">
        <ele>1750</ele>
        <time>2015-07-07T16:33:40Z</time>
      </trkpt>
      <trkpt lat="45.305052995681763" lon="6.954323993995786">
        <ele>1752</ele>
        <time>2015-07-07T16:34:00Z</time>
      </trkpt>
      <trkpt lat="45.305079985409975" lon="6.954070022329688">
        <ele>1758</ele>
        <time>2015-07-07T16:34:20Z</time>
      </trkpt>
      <trkpt lat="45.305000022053719" lon="6.953991986811161">
        <ele>1745</ele>
        <time>2015-07-07T16:34:40Z</time>
      </trkpt>
      <trkpt lat="45.304817967116833" lon="6.954112015664578">
        <ele>1744</ele>
        <time>2015-07-07T16:35:00Z</time>
      </trkpt>
      <trkpt lat="45.304547986015677" lon="6.953722005710006">
        <ele>1742</ele>
        <time>2015-07-07T16:35:20Z</time>
      </trkpt>
      <trkpt lat="45.304452013224363" lon="6.953325960785151">
        <ele>1746</ele>
        <time>2015-07-07T16:35:40Z</time>
      </trkpt>
      <trkpt lat="45.303470995277166" lon="6.95124096237123">
        <ele>1739</ele>
        <time>2015-07-07T16:36:00Z</time>
      </trkpt>
      <trkpt lat="45.303312996402383" lon="6.950469994917512">
        <ele>1735</ele>
        <time>2015-07-07T16:36:20Z</time>
      </trkpt>
      <trkpt lat="45.303321965038776" lon="6.950000021606684">
        <ele>1742</ele>
        <time>2015-07-07T16:36:40Z</time>
      </trkpt>
      <trkpt lat="45.303336968645453" lon="6.949650999158621">
        <ele>1766</ele>
        <time>2015-07-07T16:37:00Z</time>
      </trkpt>
      <trkpt lat="45.303218029439449" lon="6.949353022500873">
        <ele>1754</ele>
        <time>2015-07-07T16:37:20Z</time>
      </trkpt>
      <trkpt lat="45.302944025024772" lon="6.949038030579686">
        <ele>1763</ele>
        <time>2015-07-07T16:37:40Z</time>
      </trkpt>
      <trkpt lat="45.302649987861514" lon="6.948990002274513">
        <ele>1759</ele>
        <time>2015-07-07T16:38:00Z</time>
      </trkpt>
      <trkpt lat="45.302665997296572" lon="6.948771988973022">
        <ele>1761</ele>
        <time>2015-07-07T16:38:20Z</time>
      </trkpt>
      <trkpt lat="45.302546974271536" lon="6.948503013700247">
        <ele>1761</ele>
        <time>2015-07-07T16:38:40Z</time>
      </trkpt>
      <trkpt lat="45.302698016166687" lon="6.9482740201056">
        <ele>1765</ele>
        <time>2015-07-07T16:39:00Z</time>
      </trkpt>
      <trkpt lat="45.302788037806749" lon="6.948259016498923">
        <ele>1768</ele>
        <time>2015-07-07T16:39:20Z</time>
      </trkpt>
      <trkpt lat="45.302973026409745" lon="6.94786699488759">
        <ele>1772</ele>
        <time>2015-07-07T16:39:40Z</time>
      </trkpt>
      <trkpt lat="45.303158015012741" lon="6.947560971602798">
        <ele>1779</ele>
        <time>2015-07-07T16:40:00Z</time>
      </trkpt>
      <trkpt lat="45.30324200168252" lon="6.946903998032212">
        <ele>1783</ele>
        <time>2015-07-07T16:40:20Z</time>
      </trkpt>
      <trkpt lat="45.303407041355968" lon="6.946388008072972">
        <ele>1824</ele>
        <time>2015-07-07T16:40:40Z</time>
      </trkpt>
      <trkpt lat="45.303340991958976" lon="6.946076033636928">
        <ele>1824</ele>
        <time>2015-07-07T16:41:00Z</time>
      </trkpt>
      <trkpt lat="45.303403018042445" lon="6.945951981469989">
        <ele>1821</ele>
        <time>2015-07-07T16:41:20Z</time>
      </trkpt>
      <trkpt lat="45.303467977792025" lon="6.946188015863299">
        <ele>1828</ele>
        <time>2015-07-07T16:41:40Z</time>
      </trkpt>
      <trkpt lat="45.303638968616724" lon="6.946337968111038">
        <ele>1833</ele>
        <time>2015-07-07T16:42:00Z</time>
      </trkpt>
      <trkpt lat="45.303677022457123" lon="6.946506025269628">
        <ele>1833</ele>
        <time>2015-07-07T16:42:20Z</time>
      </trkpt>
      <trkpt lat="45.303791016340256" lon="6.946750022470951">
        <ele>1832</ele>
        <time>2015-07-07T16:42:40Z</time>
      </trkpt>
      <trkpt lat="45.303756985813379" lon="6.94711203686893">
        <ele>1828</ele>
        <time>2015-07-07T16:43:00Z</time>
      </trkpt>
      <trkpt lat="45.303870979696512" lon="6.947159981355071">
        <ele>1833</ele>
        <time>2015-07-07T16:43:20Z</time>
      </trkpt>
      <trkpt lat="45.304020009934902" lon="6.946804001927376">
        <ele>1843</ele>
        <time>2015-07-07T16:43:40Z</time>
      </trkpt>
      <trkpt lat="45.30414598993957" lon="6.946276025846601">
        <ele>1850</ele>
        <time>2015-07-07T16:44:00Z</time>
      </trkpt>
      <trkpt lat="45.304078012704849" lon="6.945810997858644">
        <ele>1872</ele>
        <time>2015-07-07T16:44:20Z</time>
      </trkpt>
      <trkpt lat="45.304177002981305" lon="6.945947036147118">
        <ele>1889</ele>
        <time>2015-07-07T16:44:40Z</time>
      </trkpt>
      <trkpt lat="45.304193012416363" lon="6.945464992895722">
        <ele>1910</ele>
        <time>2015-07-07T16:45:00Z</time>
      </trkpt>
      <trkpt lat="45.304268030449748" lon="6.945127034559846">
        <ele>1910</ele>
        <time>2015-07-07T16:45:20Z</time>
      </trkpt>
      <trkpt lat="45.304217990487814" lon="6.944895023480058">
        <ele>1914</ele>
        <time>2015-07-07T16:45:40Z</time>
      </trkpt>
      <trkpt lat="45.304353022947907" lon="6.944974986836314">
        <ele>1922</ele>
        <time>2015-07-07T16:46:00Z</time>
      </trkpt>
      <trkpt lat="45.304253026843071" lon="6.944592017680407">
        <ele>1930</ele>
        <time>2015-07-07T16:46:20Z</time>
      </trkpt>
      <trkpt lat="45.304367020726204" lon="6.944644991308451">
        <ele>1932</ele>
        <time>2015-07-07T16:46:40Z</time>
      </trkpt>
      <trkpt lat="45.304140960797668" lon="6.944132018834353">
        <ele>1913</ele>
        <time>2015-07-07T16:47:00Z</time>
      </trkpt>
      <trkpt lat="45.304132997989655" lon="6.943486025556922">
        <ele>1911</ele>
        <time>2015-07-07T16:47:20Z</time>
      </trkpt>
      <trkpt lat="45.304211033508182" lon="6.942974980920553">
        <ele>1950</ele>
        <time>2015-07-07T16:47:40Z</time>
      </trkpt>
      <trkpt lat="45.304400967434049" lon="6.943637989461422">
        <ele>1949</ele>
        <time>2015-07-07T16:48:00Z</time>
      </trkpt>
      <trkpt lat="45.304461987689137" lon="6.942521017044783">
        <ele>1956</ele>
        <time>2015-07-07T16:48:20Z</time>
      </trkpt>
      <trkpt lat="45.304409014061093" lon="6.94210996851325">
        <ele>1960</ele>
        <time>2015-07-07T16:48:40Z</time>
      </trkpt>
      <trkpt lat="45.304615963250399" lon="6.941333971917629">
        <ele>1972</ele>
        <time>2015-07-07T16:49:00Z</time>
      </trkpt>
      <trkpt lat="45.304670026525855" lon="6.941670002415776">
        <ele>1972</ele>
        <time>2015-07-07T16:49:20Z</time>
      </trkpt>
      <trkpt lat="45.304690981283784" lon="6.942032016813755">
        <ele>1970</ele>
        <time>2015-07-07T16:49:40Z</time>
      </trkpt>
      <trkpt lat="45.304791983217001" lon="6.942339967936277">
        <ele>1975</ele>
        <time>2015-07-07T16:50:00Z</time>
      </trkpt>
      <trkpt lat="45.304863983765244" lon="6.942732995375991">
        <ele>1973</ele>
        <time>2015-07-07T16:50:20Z</time>
      </trkpt>
      <trkpt lat="45.305073028430343" lon="6.942798960953951">
        <ele>2007</ele>
        <time>2015-07-07T16:50:40Z</time>
      </trkpt>
      <trkpt lat="45.305252987891436" lon="6.943083023652434">
        <ele>2011</ele>
        <time>2015-07-07T16:51:00Z</time>
      </trkpt>
      <trkpt lat="45.305305039510131" lon="6.943271029740572">
        <ele>2011</ele>
        <time>2015-07-07T16:51:20Z</time>
      </trkpt>
      <trkpt lat="45.305391037836671" lon="6.943190982565284">
        <ele>2015</ele>
        <time>2015-07-07T16:51:40Z</time>
      </trkpt>
      <trkpt lat="45.305453985929489" lon="6.943470016121864">
        <ele>2014</ele>
        <time>2015-07-07T16:52:00Z</time>
      </trkpt>
      <trkpt lat="45.305652972310781" lon="6.943679982796311">
        <ele>2018</ele>
        <time>2015-07-07T16:52:20Z</time>
      </trkpt>
      <trkpt lat="45.305697983130813" lon="6.943563977256417">
        <ele>2021</ele>
        <time>2015-07-07T16:52:40Z</time>
      </trkpt>
      <trkpt lat="45.305592035874724" lon="6.943126022815704">
        <ele>2022</ele>
        <time>2015-07-07T16:53:00Z</time>
      </trkpt>
      <trkpt lat="45.305677028372884" lon="6.943135997280479">
        <ele>2025</ele>
        <time>2015-07-07T16:53:20Z</time>
      </trkpt>
      <trkpt lat="45.305808037519455" lon="6.943339006975293">
        <ele>2036</ele>
        <time>2015-07-07T16:53:40Z</time>
      </trkpt>
      <trkpt lat="45.305982967838645" lon="6.943813003599644">
        <ele>2053</ele>
        <time>2015-07-07T16:54:00Z</time>
      </trkpt>
      <trkpt lat="45.306076006963849" lon="6.943879975005984">
        <ele>2054</ele>
        <time>2015-07-07T16:54:20Z</time>
      </trkpt>
      <trkpt lat="45.306087993085384" lon="6.944442987442017">
        <ele>2047</ele>
        <time>2015-07-07T16:54:40Z</time>
      </trkpt>
      <trkpt lat="45.306159993633628" lon="6.944952020421624">
        <ele>2046</ele>
        <time>2015-07-07T16:55:00Z</time>
      </trkpt>
      <trkpt lat="45.306388987228274" lon="6.945055034011602">
        <ele>2049</ele>
        <time>2015-07-07T16:55:20Z</time>
      </trkpt>
      <trkpt lat="45.306500969454646" lon="6.944988984614611">
        <ele>2059</ele>
        <time>2015-07-07T16:55:40Z</time>
      </trkpt>
      <trkpt lat="45.306472973898053" lon="6.944794021546841">
        <ele>2056</ele>
        <time>2015-07-07T16:56:00Z</time>
      </trkpt>
      <trkpt lat="45.306619992479682" lon="6.944802990183234">
        <ele>2059</ele>
        <time>2015-07-07T16:56:20Z</time>
      </trkpt>
      <trkpt lat="45.306840017437935" lon="6.945085963234305">
        <ele>2077</ele>
        <time>2015-07-07T16:56:40Z</time>
      </trkpt>
      <trkpt lat="45.307033974677324" lon="6.945074982941151">
        <ele>2084</ele>
        <time>2015-07-07T16:57:00Z</time>
      </trkpt>
      <trkpt lat="45.307098012417555" lon="6.945530036464334">
        <ele>2085</ele>
        <time>2015-07-07T16:57:20Z</time>
      </trkpt>
      <trkpt lat="45.307266991585493" lon="6.945785013958812">
        <ele>2090</ele>
        <time>2015-07-07T16:57:40Z</time>
      </trkpt>
      <trkpt lat="45.307287024334073" lon="6.945692980661988">
        <ele>2090</ele>
        <time>2015-07-07T16:58:00Z</time>
      </trkpt>
      <trkpt lat="45.307201026007533" lon="6.945406990125775">
        <ele>2088</ele>
        <time>2015-07-07T16:58:20Z</time>
      </trkpt>
      <trkpt lat="45.307458015158772" lon="6.945732962340117">
        <ele>2096</ele>
        <time>2015-07-07T16:58:40Z</time>
      </trkpt>
      <trkpt lat="45.307609979063272" lon="6.945737991482019">
        <ele>2113</ele>
        <time>2015-07-07T16:59:00Z</time>
      </trkpt>
      <trkpt lat="45.3076880145818" lon="6.946120960637927">
        <ele>2112</ele>
        <time>2015-07-07T16:59:20Z</time>
      </trkpt>
      <trkpt lat="45.307807959616184" lon="6.946301003918052">
        <ele>2113</ele>
        <time>2015-07-07T16:59:40Z</time>
      </trkpt>
      <trkpt lat="45.30786101706326" lon="6.946043008938432">
        <ele>2116</ele>
        <time>2015-07-07T17:00:00Z</time>
      </trkpt>
      <trkpt lat="45.308035025373101" lon="6.946161026135087">
        <ele>2120</ele>
        <time>2015-07-07T17:00:20Z</time>
      </trkpt>
      <trkpt lat="45.308185983449221" lon="6.946216011419892">
        <ele>2123</ele>
        <time>2015-07-07T17:00:40Z</time>
      </trkpt>
      <trkpt lat="45.308319004252553" lon="6.946488004177809">
        <ele>2123</ele>
        <time>2015-07-07T17:01:00Z</time>
      </trkpt>
      <trkpt lat="45.308555960655212" lon="6.946817999705672">
        <ele>2138</ele>
        <time>2015-07-07T17:01:20Z</time>
      </trkpt>
      <trkpt lat="45.308730974793434" lon="6.946977004408836">
        <ele>2143</ele>
        <time>2015-07-07T17:01:40Z</time>
      </trkpt>
      <trkpt lat="45.308909006416798" lon="6.947426022961736">
        <ele>2147</ele>
        <time>2015-07-07T17:02:00Z</time>
      </trkpt>
      <trkpt lat="45.309067005291581" lon="6.947901025414467">
        <ele>2140</ele>
        <time>2015-07-07T17:02:20Z</time>
      </trkpt>
      <trkpt lat="45.309289963915944" lon="6.947935977950692">
        <ele>2166</ele>
        <time>2015-07-07T17:02:40Z</time>
      </trkpt>
      <trkpt lat="45.309646027162671" lon="6.948275025933981">
        <ele>2171</ele>
        <time>2015-07-07T17:03:00Z</time>
      </trkpt>
      <trkpt lat="45.309898993000388" lon="6.948581971228123">
        <ele>2171</ele>
        <time>2015-07-07T17:03:20Z</time>
      </trkpt>
      <trkpt lat="45.309993959963322" lon="6.948973992839456">
        <ele>2171</ele>
        <time>2015-07-07T17:03:40Z</time>
      </trkpt>
      <trkpt lat="45.310322027653456" lon="6.949157975614071">
        <ele>2195</ele>
        <time>2015-07-07T17:04:00Z</time>
      </trkpt>
      <trkpt lat="45.310372989624739" lon="6.948813982307911">
        <ele>2199</ele>
        <time>2015-07-07T17:04:20Z</time>
      </trkpt>
      <trkpt lat="45.31043803319335" lon="6.948512988165021">
        <ele>2202</ele>
        <time>2015-07-07T17:04:40Z</time>
      </trkpt>
      <trkpt lat="45.310414982959628" lon="6.94799498654902">
        <ele>2209</ele>
        <time>2015-07-07T17:05:00Z</time>
      </trkpt>
      <trkpt lat="45.310534005984664" lon="6.947636995464563">
        <ele>2215</ele>
        <time>2015-07-07T17:05:20Z</time>
      </trkpt>
      <trkpt lat="45.310540040954947" lon="6.947279004380107">
        <ele>2224</ele>
        <time>2015-07-07T17:05:40Z</time>
      </trkpt>
      <trkpt lat="45.310427974909544" lon="6.946949008852243">
        <ele>2225</ele>
        <time>2015-07-07T17:06:00Z</time>
      </trkpt>
      <trkpt lat="45.310261007398367" lon="6.946706017479301">
        <ele>2222</ele>
        <time>2015-07-07T17:06:20Z</time>
      </trkpt>
      <trkpt lat="45.310219014063478" lon="6.945921974256635">
        <ele>2234</ele>
        <time>2015-07-07T17:06:40Z</time>
      </trkpt>
      <trkpt lat="45.310281962156296" lon="6.945435991510749">
        <ele>2244</ele>
        <time>2015-07-07T17:07:00Z</time>
      </trkpt>
      <trkpt lat="45.310390004888177" lon="6.944993007928133">
        <ele>2250</ele>
        <time>2015-07-07T17:07:20Z</time>
      </trkpt>
      <trkpt lat="45.310396961867809" lon="6.944726966321468">
        <ele>2252</ele>
        <time>2015-07-07T17:07:40Z</time>
      </trkpt>
      <trkpt lat="45.310512967407703" lon="6.943854996934533">
        <ele>2261</ele>
        <time>2015-07-07T17:08:00Z</time>
      </trkpt>
      <trkpt lat="45.310448007658124" lon="6.943619968369603">
        <ele>2260</ele>
        <time>2015-07-07T17:08:20Z</time>
      </trkpt>
      <trkpt lat="45.31048103235662" lon="6.943244962021709">
        <ele>2266</ele>
        <time>2015-07-07T17:08:40Z</time>
      </trkpt>
      <trkpt lat="45.310444990172982" lon="6.943072965368629">
        <ele>2266</ele>
        <time>2015-07-07T17:09:00Z</time>
      </trkpt>
      <trkpt lat="45.310566024854779" lon="6.941769998520613">
        <ele>2275</ele>
        <time>2015-07-07T17:09:20Z</time>
      </trkpt>
      <trkpt lat="45.31078303232789" lon="6.941224001348019">
        <ele>2281</ele>
        <time>2015-07-07T17:09:40Z</time>
      </trkpt>
      <trkpt lat="45.310710025951266" lon="6.940554035827518">
        <ele>2284</ele>
        <time>2015-07-07T17:10:00Z</time>
      </trkpt>
      <trkpt lat="45.310784038156271" lon="6.940426966175437">
        <ele>2284</ele>
        <time>2015-07-07T17:10:20Z</time>
      </trkpt>
      <trkpt lat="45.310789989307523" lon="6.940253041684628">
        <ele>2285</ele>
        <time>2015-07-07T17:10:40Z</time>
      </trkpt>
      <trkpt lat="45.310840029269457" lon="6.9397640414536">
        <ele>2297</ele>
        <time>2015-07-07T17:11:00Z</time>
      </trkpt>
      <trkpt lat="45.3106530290097" lon="6.939183007925749">
        <ele>2283</ele>
        <time>2015-07-07T17:11:20Z</time>
      </trkpt>
      <trkpt lat="45.310711031779647" lon="6.938656959682703">
        <ele>2280</ele>
        <time>2015-07-07T17:11:40Z</time>
      </trkpt>
      <trkpt lat="45.310588991269469" lon="6.938115991652012">
        <ele>2277</ele>
        <time>2015-07-07T17:12:00Z</time>
      </trkpt>
      <trkpt lat="45.310605000704527" lon="6.937641995027661">
        <ele>2276</ele>
        <time>2015-07-07T17:12:20Z</time>
      </trkpt>
      <trkpt lat="45.310692004859447" lon="6.937091974541545">
        <ele>2272</ele>
        <time>2015-07-07T17:12:40Z</time>
      </trkpt>
      <trkpt lat="45.310795018449426" lon="6.936925007030368">
        <ele>2273</ele>
        <time>2015-07-07T17:13:00Z</time>
      </trkpt>
      <trkpt lat="45.310879005119205" lon="6.936280019581318">
        <ele>2287</ele>
        <time>2015-07-07T17:13:20Z</time>
      </trkpt>
      <trkpt lat="45.310894008725882" lon="6.935828989371657">
        <ele>2280</ele>
        <time>2015-07-07T17:13:40Z</time>
      </trkpt>
      <trkpt lat="45.310970032587647" lon="6.93555498495698">
        <ele>2288</ele>
        <time>2015-07-07T17:14:00Z</time>
      </trkpt>
      <trkpt lat="45.310985958203673" lon="6.934979986399412">
        <ele>2286</ele>
        <time>2015-07-07T17:14:20Z</time>
      </trkpt>
      <trkpt lat="45.311087965965271" lon="6.934764990583062">
        <ele>2293</ele>
        <time>2015-07-07T17:14:40Z</time>
      </trkpt>
      <trkpt lat="45.310951005667448" lon="6.933060027658939">
        <ele>2302</ele>
        <time>2015-07-07T17:15:00Z</time>
      </trkpt>
      <trkpt lat="45.31076299957931" lon="6.932526016607881">
        <ele>2288</ele>
        <time>2015-07-07T17:15:20Z</time>
      </trkpt>
      <trkpt lat="45.31056803651154" lon="6.931700985878706">
        <ele>2292</ele>
        <time>2015-07-07T17:15:40Z</time>
      </trkpt>
      <trkpt lat="45.310324039310217" lon="6.931284992024303">
        <ele>2291</ele>
        <time>2015-07-07T17:16:00Z</time>
      </trkpt>
      <trkpt lat="45.310178026556969" lon="6.930703958496451">
        <ele>2294</ele>
        <time>2015-07-07T17:16:20Z</time>
      </trkpt>
      <trkpt lat="45.310003012418747" lon="6.930338004603982">
        <ele>2298</ele>
        <time>2015-07-07T17:16:40Z</time>
      </trkpt>
      <trkpt lat="45.309964036568999" lon="6.930073974654079">
        <ele>2285</ele>
        <time>2015-07-07T17:17:00Z</time>
      </trkpt>
      <trkpt lat="45.309827998280525" lon="6.929614981636405">
        <ele>2284</ele>
        <time>2015-07-07T17:17:20Z</time>
      </trkpt>
      <trkpt lat="45.309761026874185" lon="6.929156994447112">
        <ele>2296</ele>
        <time>2015-07-07T17:17:40Z</time>
      </trkpt>
      <trkpt lat="45.309520969167352" lon="6.928728008642793">
        <ele>2290</ele>
        <time>2015-07-07T17:18:00Z</time>
      </trkpt>
      <trkpt lat="45.30960101634264" lon="6.928128032013774">
        <ele>2303</ele>
        <time>2015-07-07T17:18:20Z</time>
      </trkpt>
      <trkpt lat="45.309581989422441" lon="6.927350023761392">
        <ele>2315</ele>
        <time>2015-07-07T17:18:40Z</time>
      </trkpt>
      <trkpt lat="45.309482999145985" lon="6.927091022953391">
        <ele>2314</ele>
        <time>2015-07-07T17:19:00Z</time>
      </trkpt>
      <trkpt lat="45.309421978890896" lon="6.926000034436584">
        <ele>2313</ele>
        <time>2015-07-07T17:19:20Z</time>
      </trkpt>
      <trkpt lat="45.30979597941041" lon="6.925788978114724">
        <ele>2318</ele>
        <time>2015-07-07T17:19:40Z</time>
      </trkpt>
      <trkpt lat="45.310133015736938" lon="6.925244992598891">
        <ele>2335</ele>
        <time>2015-07-07T17:20:00Z</time>
      </trkpt>
      <trkpt lat="45.31039897352457" lon="6.924668988212943">
        <ele>2327</ele>
        <time>2015-07-07T17:20:20Z</time>
      </trkpt>
      <trkpt lat="45.310729974880815" lon="6.924289958551526">
        <ele>2330</ele>
        <time>2015-07-07T17:20:40Z</time>
      </trkpt>
      <trkpt lat="45.310879005119205" lon="6.92420999519527">
        <ele>2341</ele>
        <time>2015-07-07T17:21:00Z</time>
      </trkpt>
      <trkpt lat="45.311043038964272" lon="6.923881005495787">
        <ele>2355</ele>
        <time>2015-07-07T17:21:20Z</time>
      </trkpt>
      <trkpt lat="45.310840029269457" lon="6.923726024106145">
        <ele>2354</ele>
        <time>2015-07-07T17:21:40Z</time>
      </trkpt>
      <trkpt lat="45.310172997415066" lon="6.922863023355603">
        <ele>2351</ele>
        <time>2015-07-07T17:22:00Z</time>
      </trkpt>
      <trkpt lat="45.309360036626458" lon="6.922431020066142">
        <ele>2342</ele>
        <time>2015-07-07T17:22:20Z</time>
      </trkpt>
      <trkpt lat="45.309392977505922" lon="6.922175036743283">
        <ele>2344</ele>
        <time>2015-07-07T17:22:40Z</time>
      </trkpt>
      <trkpt lat="45.309505965560675" lon="6.921993987634778">
        <ele>2346</ele>
        <time>2015-07-07T17:23:00Z</time>
      </trkpt>
      <trkpt lat="45.309543013572693" lon="6.921630967408419">
        <ele>2347</ele>
        <time>2015-07-07T17:23:20Z</time>
      </trkpt>
      <trkpt lat="45.30973101966083" lon="6.92118102684617">
        <ele>2352</ele>
        <time>2015-07-07T17:23:40Z</time>
      </trkpt>
      <trkpt lat="45.309656001627445" lon="6.920867040753365">
        <ele>2352</ele>
        <time>2015-07-07T17:24:00Z</time>
      </trkpt>
      <trkpt lat="45.309637980535626" lon="6.920530004426837">
        <ele>2359</ele>
        <time>2015-07-07T17:24:20Z</time>
      </trkpt>
      <trkpt lat="45.30958098359406" lon="6.920251976698637">
        <ele>2360</ele>
        <time>2015-07-07T17:24:40Z</time>
      </trkpt>
      <trkpt lat="45.309447962790728" lon="6.920146029442549">
        <ele>2357</ele>
        <time>2015-07-07T17:25:00Z</time>
      </trkpt>
      <trkpt lat="45.309237996116281" lon="6.919342037290335">
        <ele>2372</ele>
        <time>2015-07-07T17:25:20Z</time>
      </trkpt>
      <trkpt lat="45.309200026094913" lon="6.918790005147457">
        <ele>2387</ele>
        <time>2015-07-07T17:25:40Z</time>
      </trkpt>
      <trkpt lat="45.309029035270214" lon="6.918384991586208">
        <ele>2371</ele>
        <time>2015-07-07T17:26:00Z</time>
      </trkpt>
      <trkpt lat="45.308845974504948" lon="6.918303016573191">
        <ele>2370</ele>
        <time>2015-07-07T17:26:20Z</time>
      </trkpt>
      <trkpt lat="45.308661991730332" lon="6.918103024363518">
        <ele>2365</ele>
        <time>2015-07-07T17:26:40Z</time>
      </trkpt>
      <trkpt lat="45.308704990893602" lon="6.917904959991574">
        <ele>2367</ele>
        <time>2015-07-07T17:27:00Z</time>
      </trkpt>
      <trkpt lat="45.308830970898271" lon="6.917732963338494">
        <ele>2372</ele>
        <time>2015-07-07T17:27:20Z</time>
      </trkpt>
      <trkpt lat="45.308791995048523" lon="6.916966019198299">
        <ele>2373</ele>
        <time>2015-07-07T17:27:40Z</time>
      </trkpt>
      <trkpt lat="45.308817978948355" lon="6.916394038125873">
        <ele>2372</ele>
        <time>2015-07-07T17:28:00Z</time>
      </trkpt>
      <trkpt lat="45.308897020295262" lon="6.91593999043107">
        <ele>2375</ele>
        <time>2015-07-07T17:28:20Z</time>
      </trkpt>
      <trkpt lat="45.308911018073559" lon="6.915298020467162">
        <ele>2371</ele>
        <time>2015-07-07T17:28:40Z</time>
      </trkpt>
      <trkpt lat="45.30895602889359" lon="6.914811031892896">
        <ele>2371</ele>
        <time>2015-07-07T17:29:00Z</time>
      </trkpt>
      <trkpt lat="45.308917975053191" lon="6.914265034720302">
        <ele>2370</ele>
        <time>2015-07-07T17:29:20Z</time>
      </trkpt>
      <trkpt lat="45.308723011985421" lon="6.91383495926857">
        <ele>2362</ele>
        <time>2015-07-07T17:29:40Z</time>
      </trkpt>
      <trkpt lat="45.308360997587442" lon="6.913340007886291">
        <ele>2357</ele>
        <time>2015-07-07T17:30:00Z</time>
      </trkpt>
      <trkpt lat="45.307846013456583" lon="6.912920996546745">
        <ele>2346</ele>
        <time>2015-07-07T17:30:20Z</time>
      </trkpt>
      <trkpt lat="45.308640031144023" lon="6.913010012358427">
        <ele>2354</ele>
        <time>2015-07-07T17:30:40Z</time>
      </trkpt>
      <trkpt lat="45.308838011696935" lon="6.913125012069941">
        <ele>2356</ele>
        <time>2015-07-07T17:31:00Z</time>
      </trkpt>
      <trkpt lat="45.309336986392736" lon="6.912970030680299">
        <ele>2364</ele>
        <time>2015-07-07T17:31:20Z</time>
      </trkpt>
      <trkpt lat="45.309588024392724" lon="6.912448005750775">
        <ele>2355</ele>
        <time>2015-07-07T17:31:40Z</time>
      </trkpt>
      <trkpt lat="45.309868985787034" lon="6.912155980244279">
        <ele>2356</ele>
        <time>2015-07-07T17:32:00Z</time>
      </trkpt>
      <trkpt lat="45.309976022690535" lon="6.911820033565164">
        <ele>2358</ele>
        <time>2015-07-07T17:32:20Z</time>
      </trkpt>
      <trkpt lat="45.309701012447476" lon="6.911760019138455">
        <ele>2355</ele>
        <time>2015-07-07T17:32:40Z</time>
      </trkpt>
      <trkpt lat="45.309024006128311" lon="6.911316029727459">
        <ele>2345</ele>
        <time>2015-07-07T17:33:00Z</time>
      </trkpt>
      <trkpt lat="45.308640031144023" lon="6.910736002027988">
        <ele>2359</ele>
        <time>2015-07-07T17:33:20Z</time>
      </trkpt>
      <trkpt lat="45.30831104144454" lon="6.910366024821997">
        <ele>2338</ele>
        <time>2015-07-07T17:33:40Z</time>
      </trkpt>
      <trkpt lat="45.307939974591136" lon="6.909925974905491">
        <ele>2350</ele>
        <time>2015-07-07T17:34:00Z</time>
      </trkpt>
      <trkpt lat="45.307597992941737" lon="6.909330021589994">
        <ele>2346</ele>
        <time>2015-07-07T17:34:20Z</time>
      </trkpt>
      <trkpt lat="45.307586006820202" lon="6.908960966393352">
        <ele>2357</ele>
        <time>2015-07-07T17:34:40Z</time>
      </trkpt>
      <trkpt lat="45.307146962732077" lon="6.908007021993399">
        <ele>2339</ele>
        <time>2015-07-07T17:35:00Z</time>
      </trkpt>
      <trkpt lat="45.307193985208869" lon="6.907597985118628">
        <ele>2342</ele>
        <time>2015-07-07T17:35:20Z</time>
      </trkpt>
      <trkpt lat="45.307189961895347" lon="6.907052993774414">
        <ele>2342</ele>
        <time>2015-07-07T17:35:40Z</time>
      </trkpt>
      <trkpt lat="45.307223992422223" lon="6.906646974384785">
        <ele>2343</ele>
        <time>2015-07-07T17:36:00Z</time>
      </trkpt>
      <trkpt lat="45.307011008262634" lon="6.905300002545118">
        <ele>2340</ele>
        <time>2015-07-07T17:36:20Z</time>
      </trkpt>
      <trkpt lat="45.307117961347103" lon="6.905014012008905">
        <ele>2344</ele>
        <time>2015-07-07T17:36:40Z</time>
      </trkpt>
      <trkpt lat="45.306881004944444" lon="6.904579997062683">
        <ele>2344</ele>
        <time>2015-07-07T17:37:00Z</time>
      </trkpt>
      <trkpt lat="45.306954011321068" lon="6.904275985434651">
        <ele>2345</ele>
        <time>2015-07-07T17:37:20Z</time>
      </trkpt>
      <trkpt lat="45.306689981371164" lon="6.904222005978227">
        <ele>2337</ele>
        <time>2015-07-07T17:37:40Z</time>
      </trkpt>
      <trkpt lat="45.306696016341448" lon="6.903932997956872">
        <ele>2346</ele>
        <time>2015-07-07T17:38:00Z</time>
      </trkpt>
      <trkpt lat="45.306815961375833" lon="6.903580036014319">
        <ele>2349</ele>
        <time>2015-07-07T17:38:20Z</time>
      </trkpt>
      <trkpt lat="45.306740021333098" lon="6.903426982462406">
        <ele>2345</ele>
        <time>2015-07-07T17:38:40Z</time>
      </trkpt>
      <trkpt lat="45.306605994701385" lon="6.902752993628383">
        <ele>2320</ele>
        <time>2015-07-07T17:39:00Z</time>
      </trkpt>
      <trkpt lat="45.306644970551133" lon="6.902484018355608">
        <ele>2329</ele>
        <time>2015-07-07T17:39:20Z</time>
      </trkpt>
      <trkpt lat="45.306741027161479" lon="6.90233901143074">
        <ele>2339</ele>
        <time>2015-07-07T17:39:40Z</time>
      </trkpt>
      <trkpt lat="45.306836999952793" lon="6.902140025049448">
        <ele>2342</ele>
        <time>2015-07-07T17:40:00Z</time>
      </trkpt>
      <trkpt lat="45.307146962732077" lon="6.901885969564319">
        <ele>2348</ele>
        <time>2015-07-07T17:40:20Z</time>
      </trkpt>
      <trkpt lat="45.307059958577156" lon="6.901480033993721">
        <ele>2340</ele>
        <time>2015-07-07T17:40:40Z</time>
      </trkpt>
      <trkpt lat="45.30704302713275" lon="6.901234025135636">
        <ele>2339</ele>
        <time>2015-07-07T17:41:00Z</time>
      </trkpt>
      <trkpt lat="45.307056019082665" lon="6.901035960763693">
        <ele>2338</ele>
        <time>2015-07-07T17:41:20Z</time>
      </trkpt>
      <trkpt lat="45.306949988007545" lon="6.900127027183771">
        <ele>2332</ele>
        <time>2015-07-07T17:41:40Z</time>
      </trkpt>
      <trkpt lat="45.306648993864655" lon="6.899880012497306">
        <ele>2306</ele>
        <time>2015-07-07T17:42:00Z</time>
      </trkpt>
      <trkpt lat="45.306585039943457" lon="6.899936003610492">
        <ele>2306</ele>
        <time>2015-07-07T17:42:20Z</time>
      </trkpt>
      <trkpt lat="45.306449001654983" lon="6.899821003898978">
        <ele>2299</ele>
        <time>2015-07-07T17:42:40Z</time>
      </trkpt>
      <trkpt lat="45.306384963914752" lon="6.899595027789474">
        <ele>2297</ele>
        <time>2015-07-07T17:43:00Z</time>
      </trkpt>
      <trkpt lat="45.305833015590906" lon="6.899614976719022">
        <ele>2253</ele>
        <time>2015-07-07T17:43:20Z</time>
      </trkpt>
      <trkpt lat="45.305800996720791" lon="6.899866014719009">
        <ele>2255</ele>
        <time>2015-07-07T17:43:40Z</time>
      </trkpt>
      <trkpt lat="45.305598992854357" lon="6.899634003639221">
        <ele>2249</ele>
        <time>2015-07-07T17:44:00Z</time>
      </trkpt>
      <trkpt lat="45.305404029786587" lon="6.899691000580788">
        <ele>2243</ele>
        <time>2015-07-07T17:44:20Z</time>
      </trkpt>
      <trkpt lat="45.305367987602949" lon="6.899522021412849">
        <ele>2244</ele>
        <time>2015-07-07T17:44:40Z</time>
      </trkpt>
      <trkpt lat="45.305247958749533" lon="6.899337032809854">
        <ele>2241</ele>
        <time>2015-07-07T17:45:00Z</time>
      </trkpt>
      <trkpt lat="45.305245025083423" lon="6.899007959291339">
        <ele>2258</ele>
        <time>2015-07-07T17:45:20Z</time>
      </trkpt>
      <trkpt lat="45.304934978485107" lon="6.899050958454609">
        <ele>2234</ele>
        <time>2015-07-07T17:45:40Z</time>
      </trkpt>
      <trkpt lat="45.304606994614005" lon="6.898946017026901">
        <ele>2233</ele>
        <time>2015-07-07T17:46:00Z</time>
      </trkpt>
      <trkpt lat="45.304350005462766" lon="6.89892103895545">
        <ele>2228</ele>
        <time>2015-07-07T17:46:20Z</time>
      </trkpt>
      <trkpt lat="45.30418798327446" lon="6.898726997897029">
        <ele>2232</ele>
        <time>2015-07-07T17:46:40Z</time>
      </trkpt>
      <trkpt lat="45.304055968299508" lon="6.898048985749483">
        <ele>2228</ele>
        <time>2015-07-07T17:47:00Z</time>
      </trkpt>
      <trkpt lat="45.303798979148269" lon="6.897359993308783">
        <ele>2243</ele>
        <time>2015-07-07T17:47:20Z</time>
      </trkpt>
      <trkpt lat="45.303497985005379" lon="6.897348007187247">
        <ele>2230</ele>
        <time>2015-07-07T17:47:40Z</time>
      </trkpt>
      <trkpt lat="45.303276032209396" lon="6.897211968898773">
        <ele>2204</ele>
        <time>2015-07-07T17:48:00Z</time>
      </trkpt>
      <trkpt lat="45.303123984485865" lon="6.896705031394959">
        <ele>2212</ele>
        <time>2015-07-07T17:48:20Z</time>
      </trkpt>
      <trkpt lat="45.302987024188042" lon="6.896351985633373">
        <ele>2206</ele>
        <time>2015-07-07T17:48:40Z</time>
      </trkpt>
      <trkpt lat="45.302904965355992" lon="6.896491041406989">
        <ele>2204</ele>
        <time>2015-07-07T17:49:00Z</time>
      </trkpt>
      <trkpt lat="45.302863977849483" lon="6.896178983151913">
        <ele>2202</ele>
        <time>2015-07-07T17:49:20Z</time>
      </trkpt>
      <trkpt lat="45.302718970924616" lon="6.896332036703825">
        <ele>2198</ele>
        <time>2015-07-07T17:49:40Z</time>
      </trkpt>
      <trkpt lat="45.302711008116603" lon="6.8960000295192">
        <ele>2194</ele>
        <time>2015-07-07T17:50:00Z</time>
      </trkpt>
      <trkpt lat="45.302456030622125" lon="6.89617495983839">
        <ele>2161</ele>
        <time>2015-07-07T17:50:20Z</time>
      </trkpt>
      <trkpt lat="45.302338013425469" lon="6.895987037569284">
        <ele>2160</ele>
        <time>2015-07-07T17:50:40Z</time>
      </trkpt>
      <trkpt lat="45.302213961258531" lon="6.896121986210346">
        <ele>2155</ele>
        <time>2015-07-07T17:51:00Z</time>
      </trkpt>
      <trkpt lat="45.302181020379066" lon="6.895981002599001">
        <ele>2154</ele>
        <time>2015-07-07T17:51:20Z</time>
      </trkpt>
      <trkpt lat="45.302083035930991" lon="6.896133972331882">
        <ele>2151</ele>
        <time>2015-07-07T17:51:40Z</time>
      </trkpt>
      <trkpt lat="45.302070965990424" lon="6.895859967917204">
        <ele>2149</ele>
        <time>2015-07-07T17:52:00Z</time>
      </trkpt>
      <trkpt lat="45.301945991814137" lon="6.895983014255762">
        <ele>2144</ele>
        <time>2015-07-07T17:52:20Z</time>
      </trkpt>
      <trkpt lat="45.301925959065557" lon="6.89587002620101">
        <ele>2142</ele>
        <time>2015-07-07T17:52:40Z</time>
      </trkpt>
      <trkpt lat="45.301727978512645" lon="6.896041017025709">
        <ele>2137</ele>
        <time>2015-07-07T17:53:00Z</time>
      </trkpt>
      <trkpt lat="45.301757985725999" lon="6.8957410287112">
        <ele>2127</ele>
        <time>2015-07-07T17:53:20Z</time>
      </trkpt>
      <trkpt lat="45.301525974646211" lon="6.895919982343912">
        <ele>2109</ele>
        <time>2015-07-07T17:53:40Z</time>
      </trkpt>
      <trkpt lat="45.301520023494959" lon="6.895800037309527">
        <ele>2104</ele>
        <time>2015-07-07T17:54:00Z</time>
      </trkpt>
      <trkpt lat="45.301392031833529" lon="6.895922999829054">
        <ele>2103</ele>
        <time>2015-07-07T17:54:20Z</time>
      </trkpt>
      <trkpt lat="45.301374010741711" lon="6.895798025652766">
        <ele>2095</ele>
        <time>2015-07-07T17:54:40Z</time>
      </trkpt>
      <trkpt lat="45.301261022686958" lon="6.896037999540567">
        <ele>2098</ele>
        <time>2015-07-07T17:55:00Z</time>
      </trkpt>
      <trkpt lat="45.301197990775108" lon="6.895921994000673">
        <ele>2095</ele>
        <time>2015-07-07T17:55:20Z</time>
      </trkpt>
      <trkpt lat="45.301112998276949" lon="6.895882012322545">
        <ele>2091</ele>
        <time>2015-07-07T17:55:40Z</time>
      </trkpt>
      <trkpt lat="45.30120000243187" lon="6.8956149648875">
        <ele>2086</ele>
        <time>2015-07-07T17:56:00Z</time>
      </trkpt>
      <trkpt lat="45.300929015502334" lon="6.895786039531231">
        <ele>2076</ele>
        <time>2015-07-07T17:56:20Z</time>
      </trkpt>
      <trkpt lat="45.300827007740736" lon="6.89597899094224">
        <ele>2058</ele>
        <time>2015-07-07T17:56:40Z</time>
      </trkpt>
      <trkpt lat="45.300798006355762" lon="6.89582702703774">
        <ele>2065</ele>
        <time>2015-07-07T17:57:00Z</time>
      </trkpt>
      <trkpt lat="45.300738997757435" lon="6.895955018699169">
        <ele>2057</ele>
        <time>2015-07-07T17:57:20Z</time>
      </trkpt>
      <trkpt lat="45.300689963623881" lon="6.895798025652766">
        <ele>2053</ele>
        <time>2015-07-07T17:57:40Z</time>
      </trkpt>
      <trkpt lat="45.300746960565448" lon="6.895599039271474">
        <ele>2048</ele>
        <time>2015-07-07T17:58:00Z</time>
      </trkpt>
      <trkpt lat="45.300530036911368" lon="6.895715966820717">
        <ele>2041</ele>
        <time>2015-07-07T17:58:20Z</time>
      </trkpt>
      <trkpt lat="45.30075098387897" lon="6.895180027931929">
        <ele>2043</ele>
        <time>2015-07-07T17:58:40Z</time>
      </trkpt>
      <trkpt lat="45.300929015502334" lon="6.894923960790038">
        <ele>2064</ele>
        <time>2015-07-07T17:59:00Z</time>
      </trkpt>
      <trkpt lat="45.301138982176781" lon="6.894791023805738">
        <ele>2077</ele>
        <time>2015-07-07T17:59:20Z</time>
      </trkpt>
      <trkpt lat="45.301196984946728" lon="6.894592959433794">
        <ele>2081</ele>
        <time>2015-07-07T17:59:40Z</time>
      </trkpt>
      <trkpt lat="45.300568006932735" lon="6.894065989181399">
        <ele>2063</ele>
        <time>2015-07-07T18:00:00Z</time>
      </trkpt>
      <trkpt lat="45.300329960882664" lon="6.893949983641505">
        <ele>2057</ele>
        <time>2015-07-07T18:00:20Z</time>
      </trkpt>
      <trkpt lat="45.299998037517071" lon="6.893549999222159">
        <ele>2035</ele>
        <time>2015-07-07T18:00:40Z</time>
      </trkpt>
      <trkpt lat="45.299746999517083" lon="6.893528960645199">
        <ele>2026</ele>
        <time>2015-07-07T18:01:00Z</time>
      </trkpt>
      <trkpt lat="45.299692014232278" lon="6.89329301007092">
        <ele>2039</ele>
        <time>2015-07-07T18:01:20Z</time>
      </trkpt>
      <trkpt lat="45.299773989245296" lon="6.892806021496654">
        <ele>2043</ele>
        <time>2015-07-07T18:01:40Z</time>
      </trkpt>
      <trkpt lat="45.29965203255415" lon="6.892080986872315">
        <ele>2043</ele>
        <time>2015-07-07T18:02:00Z</time>
      </trkpt>
      <trkpt lat="45.29999895952642" lon="6.891061998903751">
        <ele>2051</ele>
        <time>2015-07-07T18:02:20Z</time>
      </trkpt>
      <trkpt lat="45.300010023638606" lon="6.890709036961198">
        <ele>2074</ele>
        <time>2015-07-07T18:02:40Z</time>
      </trkpt>
      <trkpt lat="45.299972975626588" lon="6.890441989526153">
        <ele>2042</ele>
        <time>2015-07-07T18:03:00Z</time>
      </trkpt>
      <trkpt lat="45.300180008634925" lon="6.88959801569581">
        <ele>2074</ele>
        <time>2015-07-07T18:03:20Z</time>
      </trkpt>
      <trkpt lat="45.300560966134071" lon="6.889059981331229">
        <ele>2085</ele>
        <time>2015-07-07T18:03:40Z</time>
      </trkpt>
      <trkpt lat="45.300704967230558" lon="6.888690004125238">
        <ele>2088</ele>
        <time>2015-07-07T18:04:00Z</time>
      </trkpt>
      <trkpt lat="45.300754001364112" lon="6.888348022475839">
        <ele>2101</ele>
        <time>2015-07-07T18:04:20Z</time>
      </trkpt>
      <trkpt lat="45.300689041614532" lon="6.887484015896916">
        <ele>2095</ele>
        <time>2015-07-07T18:04:40Z</time>
      </trkpt>
      <trkpt lat="45.300755007192492" lon="6.887230966240168">
        <ele>2091</ele>
        <time>2015-07-07T18:05:00Z</time>
      </trkpt>
      <trkpt lat="45.300892973318696" lon="6.886924020946026">
        <ele>2123</ele>
        <time>2015-07-07T18:05:20Z</time>
      </trkpt>
      <trkpt lat="45.300869001075625" lon="6.886619003489614">
        <ele>2111</ele>
        <time>2015-07-07T18:05:40Z</time>
      </trkpt>
      <trkpt lat="45.300846034660935" lon="6.886036964133382">
        <ele>2120</ele>
        <time>2015-07-07T18:06:00Z</time>
      </trkpt>
      <trkpt lat="45.300887022167444" lon="6.885805036872625">
        <ele>2115</ele>
        <time>2015-07-07T18:06:20Z</time>
      </trkpt>
      <trkpt lat="45.30074997805059" lon="6.885618958622217">
        <ele>2103</ele>
        <time>2015-07-07T18:06:40Z</time>
      </trkpt>
      <trkpt lat="45.300680994987488" lon="6.885444028303027">
        <ele>2103</ele>
        <time>2015-07-07T18:07:00Z</time>
      </trkpt>
      <trkpt lat="45.300487037748098" lon="6.885239006951451">
        <ele>2102</ele>
        <time>2015-07-07T18:07:20Z</time>
      </trkpt>
      <trkpt lat="45.300456024706364" lon="6.885017976164818">
        <ele>2103</ele>
        <time>2015-07-07T18:07:40Z</time>
      </trkpt>
      <trkpt lat="45.300311017781496" lon="6.884679012000561">
        <ele>2108</ele>
        <time>2015-07-07T18:08:00Z</time>
      </trkpt>
      <trkpt lat="45.300110019743443" lon="6.883490039035678">
        <ele>2099</ele>
        <time>2015-07-07T18:08:20Z</time>
      </trkpt>
      <trkpt lat="45.300127035006881" lon="6.88308896496892">
        <ele>2099</ele>
        <time>2015-07-07T18:08:40Z</time>
      </trkpt>
      <trkpt lat="45.300228036940098" lon="6.882667019963265">
        <ele>2099</ele>
        <time>2015-07-07T18:09:00Z</time>
      </trkpt>
      <trkpt lat="45.300033995881677" lon="6.882068971171975">
        <ele>2096</ele>
        <time>2015-07-07T18:09:20Z</time>
      </trkpt>
      <trkpt lat="45.299881026148796" lon="6.881185015663505">
        <ele>2065</ele>
        <time>2015-07-07T18:09:40Z</time>
      </trkpt>
      <trkpt lat="45.299667958170176" lon="6.880473978817463">
        <ele>2068</ele>
        <time>2015-07-07T18:10:00Z</time>
      </trkpt>
      <trkpt lat="45.299598975107074" lon="6.880392003804445">
        <ele>2066</ele>
        <time>2015-07-07T18:10:20Z</time>
      </trkpt>
      <trkpt lat="45.299515994265676" lon="6.880084974691272">
        <ele>2065</ele>
        <time>2015-07-07T18:10:40Z</time>
      </trkpt>
      <trkpt lat="45.299409963190556" lon="6.879934016615152">
        <ele>2069</ele>
        <time>2015-07-07T18:11:00Z</time>
      </trkpt>
      <trkpt lat="45.299233021214604" lon="6.879454990848899">
        <ele>2072</ele>
        <time>2015-07-07T18:11:20Z</time>
      </trkpt>
      <trkpt lat="45.299185998737812" lon="6.879144022241235">
        <ele>2066</ele>
        <time>2015-07-07T18:11:40Z</time>
      </trkpt>
      <trkpt lat="45.29922497458756" lon="6.8788540083915">
        <ele>2080</ele>
        <time>2015-07-07T18:12:00Z</time>
      </trkpt>
      <trkpt lat="45.299213994294405" lon="6.877839965745807">
        <ele>2083</ele>
        <time>2015-07-07T18:12:20Z</time>
      </trkpt>
      <trkpt lat="45.299087008461356" lon="6.877649025991559">
        <ele>2060</ele>
        <time>2015-07-07T18:12:40Z</time>
      </trkpt>
      <trkpt lat="45.299072004854679" lon="6.877341996878386">
        <ele>2058</ele>
        <time>2015-07-07T18:13:00Z</time>
      </trkpt>
      <trkpt lat="45.299290018156171" lon="6.877100011333823">
        <ele>2080</ele>
        <time>2015-07-07T18:13:20Z</time>
      </trkpt>
      <trkpt lat="45.299257999286056" lon="6.876700026914477">
        <ele>2069</ele>
        <time>2015-07-07T18:13:40Z</time>
      </trkpt>
      <trkpt lat="45.299293035641313" lon="6.876135002821684">
        <ele>2066</ele>
        <time>2015-07-07T18:14:00Z</time>
      </trkpt>
      <trkpt lat="45.299381967633963" lon="6.87584800645709">
        <ele>2063</ele>
        <time>2015-07-07T18:14:20Z</time>
      </trkpt>
      <trkpt lat="45.299751022830606" lon="6.875557992607355">
        <ele>2065</ele>
        <time>2015-07-07T18:14:40Z</time>
      </trkpt>
      <trkpt lat="45.300089986994863" lon="6.875578025355935">
        <ele>2091</ele>
        <time>2015-07-07T18:15:00Z</time>
      </trkpt>
      <trkpt lat="45.300174979493022" lon="6.875402005389333">
        <ele>2093</ele>
        <time>2015-07-07T18:15:20Z</time>
      </trkpt>
      <trkpt lat="45.300155030563474" lon="6.874534981325269">
        <ele>2087</ele>
        <time>2015-07-07T18:15:40Z</time>
      </trkpt>
      <trkpt lat="45.300266006961465" lon="6.874202974140644">
        <ele>2087</ele>
        <time>2015-07-07T18:16:00Z</time>
      </trkpt>
      <trkpt lat="45.300107002258301" lon="6.873827967792749">
        <ele>2082</ele>
        <time>2015-07-07T18:16:20Z</time>
      </trkpt>
      <trkpt lat="45.300141032785177" lon="6.873639961704612">
        <ele>2082</ele>
        <time>2015-07-07T18:16:40Z</time>
      </trkpt>
      <trkpt lat="45.300280004739761" lon="6.873339973390102">
        <ele>2083</ele>
        <time>2015-07-07T18:17:00Z</time>
      </trkpt>
      <trkpt lat="45.300238011404872" lon="6.873065968975425">
        <ele>2081</ele>
        <time>2015-07-07T18:17:20Z</time>
      </trkpt>
      <trkpt lat="45.300286961719394" lon="6.872632037848234">
        <ele>2081</ele>
        <time>2015-07-07T18:17:40Z</time>
      </trkpt>
      <trkpt lat="45.300088981166482" lon="6.872040024027228">
        <ele>2080</ele>
        <time>2015-07-07T18:18:00Z</time>
      </trkpt>
      <trkpt lat="45.299686985090375" lon="6.871410040184856">
        <ele>2064</ele>
        <time>2015-07-07T18:18:20Z</time>
      </trkpt>
      <trkpt lat="45.299484981223941" lon="6.871053976938129">
        <ele>2062</ele>
        <time>2015-07-07T18:18:40Z</time>
      </trkpt>
      <trkpt lat="45.299317007884383" lon="6.870950041338801">
        <ele>2058</ele>
        <time>2015-07-07T18:19:00Z</time>
      </trkpt>
      <trkpt lat="45.29913897626102" lon="6.870589032769203">
        <ele>2049</ele>
        <time>2015-07-07T18:19:20Z</time>
      </trkpt>
      <trkpt lat="45.298839993774891" lon="6.870242021977902">
        <ele>2050</ele>
        <time>2015-07-07T18:19:40Z</time>
      </trkpt>
      <trkpt lat="45.298667997121811" lon="6.869959970936179">
        <ele>2060</ele>
        <time>2015-07-07T18:20:00Z</time>
      </trkpt>
      <trkpt lat="45.298656011000276" lon="6.869521010667086">
        <ele>2066</ele>
        <time>2015-07-07T18:20:20Z</time>
      </trkpt>
      <trkpt lat="45.2985580265522" lon="6.869194032624364">
        <ele>2065</ele>
        <time>2015-07-07T18:20:40Z</time>
      </trkpt>
      <trkpt lat="45.298272036015987" lon="6.868974007666111">
        <ele>2054</ele>
        <time>2015-07-07T18:21:00Z</time>
      </trkpt>
      <trkpt lat="45.29817002825439" lon="6.868807040154934">
        <ele>2053</ele>
        <time>2015-07-07T18:21:20Z</time>
      </trkpt>
      <trkpt lat="45.297782029956579" lon="6.868409989401698">
        <ele>2047</ele>
        <time>2015-07-07T18:21:40Z</time>
      </trkpt>
      <trkpt lat="45.297698965296149" lon="6.868078988045454">
        <ele>2055</ele>
        <time>2015-07-07T18:22:00Z</time>
      </trkpt>
      <trkpt lat="45.297710029408336" lon="6.867634998634458">
        <ele>2056</ele>
        <time>2015-07-07T18:22:20Z</time>
      </trkpt>
      <trkpt lat="45.297821005806327" lon="6.867343978956342">
        <ele>2062</ele>
        <time>2015-07-07T18:22:40Z</time>
      </trkpt>
      <trkpt lat="45.297889988869429" lon="6.866741990670562">
        <ele>2064</ele>
        <time>2015-07-07T18:23:00Z</time>
      </trkpt>
      <trkpt lat="45.297952014952898" lon="6.86628601513803">
        <ele>2061</ele>
        <time>2015-07-07T18:23:20Z</time>
      </trkpt>
      <trkpt lat="45.297870961949229" lon="6.865700958296657">
        <ele>2051</ele>
        <time>2015-07-07T18:23:40Z</time>
      </trkpt>
      <trkpt lat="45.297788986936212" lon="6.865723002701998">
        <ele>2049</ele>
        <time>2015-07-07T18:24:00Z</time>
      </trkpt>
      <trkpt lat="45.297669041901827" lon="6.866068001836538">
        <ele>2053</ele>
        <time>2015-07-07T18:24:20Z</time>
      </trkpt>
      <trkpt lat="45.297555970028043" lon="6.866616010665894">
        <ele>2049</ele>
        <time>2015-07-07T18:24:40Z</time>
      </trkpt>
      <trkpt lat="45.297393025830388" lon="6.866879034787417">
        <ele>2033</ele>
        <time>2015-07-07T18:25:00Z</time>
      </trkpt>
      <trkpt lat="45.297236032783985" lon="6.866779960691929">
        <ele>2030</ele>
        <time>2015-07-07T18:25:20Z</time>
      </trkpt>
      <trkpt lat="45.296924980357289" lon="6.865715039893985">
        <ele>2018</ele>
        <time>2015-07-07T18:25:40Z</time>
      </trkpt>
      <trkpt lat="45.296857003122568" lon="6.86473703943193">
        <ele>2013</ele>
        <time>2015-07-07T18:26:00Z</time>
      </trkpt>
      <trkpt lat="45.296836970373988" lon="6.863947967067361">
        <ele>2010</ele>
        <time>2015-07-07T18:26:20Z</time>
      </trkpt>
      <trkpt lat="45.297007039189339" lon="6.863491991534829">
        <ele>2012</ele>
        <time>2015-07-07T18:26:40Z</time>
      </trkpt>
      <trkpt lat="45.297079039737582" lon="6.862987987697125">
        <ele>2013</ele>
        <time>2015-07-07T18:27:00Z</time>
      </trkpt>
      <trkpt lat="45.297252964228392" lon="6.862597977742553">
        <ele>2017</ele>
        <time>2015-07-07T18:27:20Z</time>
      </trkpt>
      <trkpt lat="45.297108963131905" lon="6.862200004979968">
        <ele>2014</ele>
        <time>2015-07-07T18:27:40Z</time>
      </trkpt>
      <trkpt lat="45.297177024185658" lon="6.86168703250587">
        <ele>2016</ele>
        <time>2015-07-07T18:28:00Z</time>
      </trkpt>
      <trkpt lat="45.297135030850768" lon="6.860970966517925">
        <ele>2018</ele>
        <time>2015-07-07T18:28:20Z</time>
      </trkpt>
      <trkpt lat="45.296812998130918" lon="6.860230006277561">
        <ele>2018</ele>
        <time>2015-07-07T18:28:40Z</time>
      </trkpt>
      <trkpt lat="45.296551985666156" lon="6.859721979126334">
        <ele>2001</ele>
        <time>2015-07-07T18:29:00Z</time>
      </trkpt>
      <trkpt lat="45.296371020376682" lon="6.85921504162252">
        <ele>2001</ele>
        <time>2015-07-07T18:29:20Z</time>
      </trkpt>
      <trkpt lat="45.296305976808071" lon="6.858957968652248">
        <ele>2004</ele>
        <time>2015-07-07T18:29:40Z</time>
      </trkpt>
      <trkpt lat="45.296259960159659" lon="6.858399985358119">
        <ele>2005</ele>
        <time>2015-07-07T18:30:00Z</time>
      </trkpt>
      <trkpt lat="45.295974975451827" lon="6.857571015134454">
        <ele>2004</ele>
        <time>2015-07-07T18:30:20Z</time>
      </trkpt>
      <trkpt lat="45.295848995447159" lon="6.856870036572218">
        <ele>2005</ele>
        <time>2015-07-07T18:30:40Z</time>
      </trkpt>
      <trkpt lat="45.295967012643814" lon="6.856372989714146">
        <ele>2007</ele>
        <time>2015-07-07T18:31:00Z</time>
      </trkpt>
      <trkpt lat="45.295962989330292" lon="6.855956995859742">
        <ele>2003</ele>
        <time>2015-07-07T18:31:20Z</time>
      </trkpt>
      <trkpt lat="45.295859975740314" lon="6.855530021712184">
        <ele>2004</ele>
        <time>2015-07-07T18:31:40Z</time>
      </trkpt>
      <trkpt lat="45.295905992388725" lon="6.855295998975635">
        <ele>2004</ele>
        <time>2015-07-07T18:32:00Z</time>
      </trkpt>
      <trkpt lat="45.295834997668862" lon="6.854707002639771">
        <ele>2001</ele>
        <time>2015-07-07T18:32:20Z</time>
      </trkpt>
      <trkpt lat="45.295846983790398" lon="6.854181960225105">
        <ele>1986</ele>
        <time>2015-07-07T18:32:40Z</time>
      </trkpt>
      <trkpt lat="45.295783029869199" lon="6.85388901270926">
        <ele>1972</ele>
        <time>2015-07-07T18:33:00Z</time>
      </trkpt>
      <trkpt lat="45.295772971585393" lon="6.853347960859537">
        <ele>1979</ele>
        <time>2015-07-07T18:33:20Z</time>
      </trkpt>
      <trkpt lat="45.295644979923964" lon="6.852951999753714">
        <ele>1969</ele>
        <time>2015-07-07T18:33:40Z</time>
      </trkpt>
      <trkpt lat="45.295566022396088" lon="6.852415977045894">
        <ele>1970</ele>
        <time>2015-07-07T18:34:00Z</time>
      </trkpt>
      <trkpt lat="45.295604998245835" lon="6.851849025115371">
        <ele>1969</ele>
        <time>2015-07-07T18:34:20Z</time>
      </trkpt>
      <trkpt lat="45.295666018500924" lon="6.851564962416887">
        <ele>1970</ele>
        <time>2015-07-07T18:34:40Z</time>
      </trkpt>
      <trkpt lat="45.29561597853899" lon="6.851066993549466">
        <ele>1965</ele>
        <time>2015-07-07T18:35:00Z</time>
      </trkpt>
      <trkpt lat="45.295514976605773" lon="6.850784020498395">
        <ele>1961</ele>
        <time>2015-07-07T18:35:20Z</time>
      </trkpt>
      <trkpt lat="45.295309033244848" lon="6.849643997848034">
        <ele>1961</ele>
        <time>2015-07-07T18:35:40Z</time>
      </trkpt>
      <trkpt lat="45.295207025483251" lon="6.84924803674221">
        <ele>1957</ele>
        <time>2015-07-07T18:36:00Z</time>
      </trkpt>
      <trkpt lat="45.294844005256891" lon="6.848300965502858">
        <ele>1948</ele>
        <time>2015-07-07T18:36:20Z</time>
      </trkpt>
      <trkpt lat="45.294703021645546" lon="6.847763014957309">
        <ele>1944</ele>
        <time>2015-07-07T18:36:40Z</time>
      </trkpt>
      <trkpt lat="45.294538987800479" lon="6.847352972254157">
        <ele>1947</ele>
        <time>2015-07-07T18:37:00Z</time>
      </trkpt>
      <trkpt lat="45.294300019741058" lon="6.846268018707633">
        <ele>1946</ele>
        <time>2015-07-07T18:37:20Z</time>
      </trkpt>
      <trkpt lat="45.294395992532372" lon="6.845956966280937">
        <ele>1946</ele>
        <time>2015-07-07T18:37:40Z</time>
      </trkpt>
      <trkpt lat="45.294581986963749" lon="6.844937978312373">
        <ele>1962</ele>
        <time>2015-07-07T18:38:00Z</time>
      </trkpt>
      <trkpt lat="45.294622974470258" lon="6.843518000096083">
        <ele>1976</ele>
        <time>2015-07-07T18:38:20Z</time>
      </trkpt>
      <trkpt lat="45.294735040515661" lon="6.841990984976292">
        <ele>1997</ele>
        <time>2015-07-07T18:38:40Z</time>
      </trkpt>
      <trkpt lat="45.294952969998121" lon="6.842307988554239">
        <ele>2000</ele>
        <time>2015-07-07T18:39:00Z</time>
      </trkpt>
      <trkpt lat="45.295368041843176" lon="6.842627003788948">
        <ele>2025</ele>
        <time>2015-07-07T18:39:20Z</time>
      </trkpt>
      <trkpt lat="45.295537021011114" lon="6.842909976840019">
        <ele>2030</ele>
        <time>2015-07-07T18:39:40Z</time>
      </trkpt>
      <trkpt lat="45.295641040429473" lon="6.842901008203626">
        <ele>2032</ele>
        <time>2015-07-07T18:40:00Z</time>
      </trkpt>
      <trkpt lat="45.295941028743982" lon="6.843095971271396">
        <ele>2067</ele>
        <time>2015-07-07T18:40:20Z</time>
      </trkpt>
      <trkpt lat="45.295978998765349" lon="6.843339968472719">
        <ele>2059</ele>
        <time>2015-07-07T18:40:40Z</time>
      </trkpt>
      <trkpt lat="45.296135991811752" lon="6.843306021764875">
        <ele>2071</ele>
        <time>2015-07-07T18:41:00Z</time>
      </trkpt>
      <trkpt lat="45.29623799957335" lon="6.843548007309437">
        <ele>2072</ele>
        <time>2015-07-07T18:41:20Z</time>
      </trkpt>
      <trkpt lat="45.296150995418429" lon="6.84374799951911">
        <ele>2070</ele>
        <time>2015-07-07T18:41:40Z</time>
      </trkpt>
      <trkpt lat="45.296230036765337" lon="6.843870962038636">
        <ele>2072</ele>
        <time>2015-07-07T18:42:00Z</time>
      </trkpt>
      <trkpt lat="45.296293990686536" lon="6.84407003223896">
        <ele>2074</ele>
        <time>2015-07-07T18:42:20Z</time>
      </trkpt>
      <trkpt lat="45.29643296264112" lon="6.84407003223896">
        <ele>2080</ele>
        <time>2015-07-07T18:42:40Z</time>
      </trkpt>
      <trkpt lat="45.296501023694873" lon="6.84385797008872">
        <ele>2080</ele>
        <time>2015-07-07T18:43:00Z</time>
      </trkpt>
      <trkpt lat="45.296550979837775" lon="6.844104984775186">
        <ele>2086</ele>
        <time>2015-07-07T18:43:20Z</time>
      </trkpt>
      <trkpt lat="45.296742003411055" lon="6.843737019225955">
        <ele>2116</ele>
        <time>2015-07-07T18:43:40Z</time>
      </trkpt>
      <trkpt lat="45.296834036707878" lon="6.844228031113744">
        <ele>2110</ele>
        <time>2015-07-07T18:44:00Z</time>
      </trkpt>
      <trkpt lat="45.296996980905533" lon="6.844037007540464">
        <ele>2120</ele>
        <time>2015-07-07T18:44:20Z</time>
      </trkpt>
      <trkpt lat="45.297061018645763" lon="6.843226980417967">
        <ele>2132</ele>
        <time>2015-07-07T18:44:40Z</time>
      </trkpt>
      <trkpt lat="45.296887010335922" lon="6.842513009905815">
        <ele>2129</ele>
        <time>2015-07-07T18:45:00Z</time>
      </trkpt>
      <trkpt lat="45.296951970085502" lon="6.8422029633075">
        <ele>2144</ele>
        <time>2015-07-07T18:45:20Z</time>
      </trkpt>
      <trkpt lat="45.297194961458445" lon="6.842446038499475">
        <ele>2152</ele>
        <time>2015-07-07T18:45:40Z</time>
      </trkpt>
      <trkpt lat="45.297249024733901" lon="6.841783029958606">
        <ele>2157</ele>
        <time>2015-07-07T18:46:00Z</time>
      </trkpt>
      <trkpt lat="45.297372993081808" lon="6.841738019138575">
        <ele>2164</ele>
        <time>2015-07-07T18:46:20Z</time>
      </trkpt>
      <trkpt lat="45.297430995851755" lon="6.841663001105189">
        <ele>2172</ele>
        <time>2015-07-07T18:46:40Z</time>
      </trkpt>
      <trkpt lat="45.297520011663437" lon="6.841710023581982">
        <ele>2178</ele>
        <time>2015-07-07T18:47:00Z</time>
      </trkpt>
      <trkpt lat="45.297765014693141" lon="6.842546034604311">
        <ele>2183</ele>
        <time>2015-07-07T18:47:20Z</time>
      </trkpt>
      <trkpt lat="45.29787297360599" lon="6.84261099435389">
        <ele>2187</ele>
        <time>2015-07-07T18:47:40Z</time>
      </trkpt>
      <trkpt lat="45.298057040199637" lon="6.842231964692473">
        <ele>2198</ele>
        <time>2015-07-07T18:48:00Z</time>
      </trkpt>
      <trkpt lat="45.298133986070752" lon="6.842590039595962">
        <ele>2198</ele>
        <time>2015-07-07T18:48:20Z</time>
      </trkpt>
      <trkpt lat="45.298217972740531" lon="6.842873012647033">
        <ele>2195</ele>
        <time>2015-07-07T18:48:40Z</time>
      </trkpt>
      <trkpt lat="45.29832199215889" lon="6.842964962124825">
        <ele>2197</ele>
        <time>2015-07-07T18:49:00Z</time>
      </trkpt>
      <trkpt lat="45.298388041555882" lon="6.842880975455046">
        <ele>2227</ele>
        <time>2015-07-07T18:49:20Z</time>
      </trkpt>
      <trkpt lat="45.298485020175576" lon="6.8430180195719">
        <ele>2228</ele>
        <time>2015-07-07T18:49:40Z</time>
      </trkpt>
      <trkpt lat="45.298512009903789" lon="6.84329504147172">
        <ele>2224</ele>
        <time>2015-07-07T18:50:00Z</time>
      </trkpt>
      <trkpt lat="45.298603037372231" lon="6.843458991497755">
        <ele>2227</ele>
        <time>2015-07-07T18:50:20Z</time>
      </trkpt>
      <trkpt lat="45.298770004883409" lon="6.843454968184233">
        <ele>2233</ele>
        <time>2015-07-07T18:50:40Z</time>
      </trkpt>
      <trkpt lat="45.298846028745174" lon="6.843396965414286">
        <ele>2236</ele>
        <time>2015-07-07T18:51:00Z</time>
      </trkpt>
      <trkpt lat="45.298977037891746" lon="6.843697037547827">
        <ele>2238</ele>
        <time>2015-07-07T18:51:20Z</time>
      </trkpt>
      <trkpt lat="45.299021964892745" lon="6.843428984284401">
        <ele>2244</ele>
        <time>2015-07-07T18:51:40Z</time>
      </trkpt>
      <trkpt lat="45.299006961286068" lon="6.843145005404949">
        <ele>2244</ele>
        <time>2015-07-07T18:52:00Z</time>
      </trkpt>
      <trkpt lat="45.299188010394573" lon="6.84280302375555">
        <ele>2275</ele>
        <time>2015-07-07T18:52:20Z</time>
      </trkpt>
      <trkpt lat="45.299338968470693" lon="6.84265399351716">
        <ele>2276</ele>
        <time>2015-07-07T18:52:40Z</time>
      </trkpt>
      <trkpt lat="45.29928800649941" lon="6.842256020754576">
        <ele>2284</ele>
        <time>2015-07-07T18:53:00Z</time>
      </trkpt>
      <trkpt lat="45.298892967402935" lon="6.841181963682175">
        <ele>2267</ele>
        <time>2015-07-07T18:53:20Z</time>
      </trkpt>
      <trkpt lat="45.299041997641325" lon="6.841112980619073">
        <ele>2272</ele>
        <time>2015-07-07T18:53:40Z</time>
      </trkpt>
      <trkpt lat="45.299223968759179" lon="6.841129995882511">
        <ele>2298</ele>
        <time>2015-07-07T18:54:00Z</time>
      </trkpt>
      <trkpt lat="45.299499984830618" lon="6.84074099175632">
        <ele>2301</ele>
        <time>2015-07-07T18:54:20Z</time>
      </trkpt>
      <trkpt lat="45.299841966480017" lon="6.840867977589369">
        <ele>2311</ele>
        <time>2015-07-07T18:54:40Z</time>
      </trkpt>
      <trkpt lat="45.300230970606208" lon="6.841069981455803">
        <ele>2325</ele>
        <time>2015-07-07T18:55:00Z</time>
      </trkpt>
      <trkpt lat="45.300699016079307" lon="6.841420009732246">
        <ele>2331</ele>
        <time>2015-07-07T18:55:20Z</time>
      </trkpt>
      <trkpt lat="45.301212994381785" lon="6.84164104051888">
        <ele>2328</ele>
        <time>2015-07-07T18:55:40Z</time>
      </trkpt>
      <trkpt lat="45.301489010453224" lon="6.841583959758282">
        <ele>2326</ele>
        <time>2015-07-07T18:56:00Z</time>
      </trkpt>
      <trkpt lat="45.301701994612813" lon="6.841537021100521">
        <ele>2319</ele>
        <time>2015-07-07T18:56:20Z</time>
      </trkpt>
      <trkpt lat="45.301798973232508" lon="6.84157800860703">
        <ele>2318</ele>
        <time>2015-07-07T18:56:40Z</time>
      </trkpt>
      <trkpt lat="45.301881032064557" lon="6.841671969741583">
        <ele>2327</ele>
        <time>2015-07-07T18:57:00Z</time>
      </trkpt>
      <trkpt lat="45.302376989275217" lon="6.841797027736902">
        <ele>2318</ele>
        <time>2015-07-07T18:57:20Z</time>
      </trkpt>
      <trkpt lat="45.302618974819779" lon="6.84207203797996">
        <ele>2315</ele>
        <time>2015-07-07T18:57:40Z</time>
      </trkpt>
      <trkpt lat="45.303583983331919" lon="6.842371020466089">
        <ele>2307</ele>
        <time>2015-07-07T18:58:00Z</time>
      </trkpt>
      <trkpt lat="45.30380199663341" lon="6.842600014060736">
        <ele>2321</ele>
        <time>2015-07-07T18:58:20Z</time>
      </trkpt>
      <trkpt lat="45.303966030478477" lon="6.842819033190608">
        <ele>2322</ele>
        <time>2015-07-07T18:58:40Z</time>
      </trkpt>
      <trkpt lat="45.30408002436161" lon="6.842878963798285">
        <ele>2322</ele>
        <time>2015-07-07T18:59:00Z</time>
      </trkpt>
      <trkpt lat="45.304229976609349" lon="6.842993041500449">
        <ele>2314</ele>
        <time>2015-07-07T18:59:20Z</time>
      </trkpt>
      <trkpt lat="45.304275993257761" lon="6.843096977099776">
        <ele>2317</ele>
        <time>2015-07-07T18:59:40Z</time>
      </trkpt>
      <trkpt lat="45.304755019024014" lon="6.843177024275065">
        <ele>2311</ele>
        <time>2015-07-07T19:00:00Z</time>
      </trkpt>
      <trkpt lat="45.304826013743877" lon="6.843281965702772">
        <ele>2311</ele>
        <time>2015-07-07T19:00:20Z</time>
      </trkpt>
      <trkpt lat="45.304972026497126" lon="6.843365030363202">
        <ele>2316</ele>
        <time>2015-07-07T19:00:40Z</time>
      </trkpt>
      <trkpt lat="45.305037992075086" lon="6.843520011752844">
        <ele>2318</ele>
        <time>2015-07-07T19:01:00Z</time>
      </trkpt>
      <trkpt lat="45.30509197153151" lon="6.843780018389225">
        <ele>2324</ele>
        <time>2015-07-07T19:01:20Z</time>
      </trkpt>
      <trkpt lat="45.30554199591279" lon="6.843993002548814">
        <ele>2326</ele>
        <time>2015-07-07T19:01:40Z</time>
      </trkpt>
      <trkpt lat="45.305794961750507" lon="6.843959977850318">
        <ele>2326</ele>
        <time>2015-07-07T19:02:00Z</time>
      </trkpt>
      <trkpt lat="45.306104002520442" lon="6.844258038327098">
        <ele>2336</ele>
        <time>2015-07-07T19:02:20Z</time>
      </trkpt>
      <trkpt lat="45.306337019428611" lon="6.844245968386531">
        <ele>2334</ele>
        <time>2015-07-07T19:02:40Z</time>
      </trkpt>
      <trkpt lat="45.306524019688368" lon="6.84441402554512">
        <ele>2334</ele>
        <time>2015-07-07T19:03:00Z</time>
      </trkpt>
      <trkpt lat="45.306939007714391" lon="6.844546962529421">
        <ele>2325</ele>
        <time>2015-07-07T19:03:20Z</time>
      </trkpt>
      <trkpt lat="45.307188034057617" lon="6.84484301134944">
        <ele>2326</ele>
        <time>2015-07-07T19:03:40Z</time>
      </trkpt>
      <trkpt lat="45.307322982698679" lon="6.845074016600847">
        <ele>2339</ele>
        <time>2015-07-07T19:04:00Z</time>
      </trkpt>
      <trkpt lat="45.307712992653251" lon="6.84540200047195">
        <ele>2334</ele>
        <time>2015-07-07T19:04:20Z</time>
      </trkpt>
      <trkpt lat="45.308264018967748" lon="6.84551197104156">
        <ele>2331</ele>
        <time>2015-07-07T19:04:40Z</time>
      </trkpt>
      <trkpt lat="45.308510027825832" lon="6.845687991008163">
        <ele>2326</ele>
        <time>2015-07-07T19:05:00Z</time>
      </trkpt>
      <trkpt lat="45.308883022516966" lon="6.845751022920013">
        <ele>2323</ele>
        <time>2015-07-07T19:05:20Z</time>
      </trkpt>
      <trkpt lat="45.309244031086564" lon="6.846080012619495">
        <ele>2334</ele>
        <time>2015-07-07T19:05:40Z</time>
      </trkpt>
      <trkpt lat="45.309333968907595" lon="6.846238011494279">
        <ele>2337</ele>
        <time>2015-07-07T19:06:00Z</time>
      </trkpt>
      <trkpt lat="45.309668993577361" lon="6.846510004252195">
        <ele>2340</ele>
        <time>2015-07-07T19:06:20Z</time>
      </trkpt>
      <trkpt lat="45.309800002723932" lon="6.846655011177063">
        <ele>2341</ele>
        <time>2015-07-07T19:06:40Z</time>
      </trkpt>
      <trkpt lat="45.310283973813057" lon="6.846807980909944">
        <ele>2343</ele>
        <time>2015-07-07T19:07:00Z</time>
      </trkpt>
      <trkpt lat="45.310411965474486" lon="6.847194973379374">
        <ele>2347</ele>
        <time>2015-07-07T19:07:20Z</time>
      </trkpt>
      <trkpt lat="45.310585973784328" lon="6.847519017755985">
        <ele>2363</ele>
        <time>2015-07-07T19:07:40Z</time>
      </trkpt>
      <trkpt lat="45.310671972110868" lon="6.847828980535269">
        <ele>2367</ele>
        <time>2015-07-07T19:08:00Z</time>
      </trkpt>
      <trkpt lat="45.310812033712864" lon="6.847994020208716">
        <ele>2370</ele>
        <time>2015-07-07T19:08:20Z</time>
      </trkpt>
      <trkpt lat="45.310973972082138" lon="6.848375983536243">
        <ele>2375</ele>
        <time>2015-07-07T19:08:40Z</time>
      </trkpt>
      <trkpt lat="45.311166001483798" lon="6.848597014322877">
        <ele>2375</ele>
        <time>2015-07-07T19:09:00Z</time>
      </trkpt>
      <trkpt lat="45.311273960396647" lon="6.848850985988975">
        <ele>2377</ele>
        <time>2015-07-07T19:09:20Z</time>
      </trkpt>
      <trkpt lat="45.311442017555237" lon="6.849003033712506">
        <ele>2376</ele>
        <time>2015-07-07T19:09:40Z</time>
      </trkpt>
      <trkpt lat="45.312197981402278" lon="6.850137021392584">
        <ele>2405</ele>
        <time>2015-07-07T19:10:00Z</time>
      </trkpt>
      <trkpt lat="45.312421023845673" lon="6.850275993347168">
        <ele>2403</ele>
        <time>2015-07-07T19:10:20Z</time>
      </trkpt>
      <trkpt lat="45.312595032155514" lon="6.8505800049752">
        <ele>2394</ele>
        <time>2015-07-07T19:10:40Z</time>
      </trkpt>
      <trkpt lat="45.312672983855009" lon="6.850867001339793">
        <ele>2410</ele>
        <time>2015-07-07T19:11:00Z</time>
      </trkpt>
      <trkpt lat="45.312871970236301" lon="6.851190961897373">
        <ele>2409</ele>
        <time>2015-07-07T19:11:20Z</time>
      </trkpt>
      <trkpt lat="45.313002979382873" lon="6.85167501680553">
        <ele>2427</ele>
        <time>2015-07-07T19:11:40Z</time>
      </trkpt>
      <trkpt lat="45.313127031549811" lon="6.851837038993835">
        <ele>2425</ele>
        <time>2015-07-07T19:12:00Z</time>
      </trkpt>
      <trkpt lat="45.313159972429276" lon="6.852030996233225">
        <ele>2429</ele>
        <time>2015-07-07T19:12:20Z</time>
      </trkpt>
      <trkpt lat="45.313464989885688" lon="6.852412959560752">
        <ele>2418</ele>
        <time>2015-07-07T19:12:40Z</time>
      </trkpt>
      <trkpt lat="45.313563980162144" lon="6.853060964494944">
        <ele>2432</ele>
        <time>2015-07-07T19:13:00Z</time>
      </trkpt>
      <trkpt lat="45.313458032906055" lon="6.853462960571051">
        <ele>2448</ele>
        <time>2015-07-07T19:13:20Z</time>
      </trkpt>
      <trkpt lat="45.313477981835604" lon="6.853742999956012">
        <ele>2452</ele>
        <time>2015-07-07T19:13:40Z</time>
      </trkpt>
      <trkpt lat="45.313638998195529" lon="6.854077018797398">
        <ele>2455</ele>
        <time>2015-07-07T19:14:00Z</time>
      </trkpt>
      <trkpt lat="45.313708987087011" lon="6.854410031810403">
        <ele>2470</ele>
        <time>2015-07-07T19:14:20Z</time>
      </trkpt>
      <trkpt lat="45.313939992338419" lon="6.854442972689867">
        <ele>2469</ele>
        <time>2015-07-07T19:14:40Z</time>
      </trkpt>
      <trkpt lat="45.314046023413539" lon="6.85434197075665">
        <ele>2465</ele>
        <time>2015-07-07T19:15:00Z</time>
      </trkpt>
      <trkpt lat="45.314379958435893" lon="6.854450013488531">
        <ele>2462</ele>
        <time>2015-07-07T19:15:20Z</time>
      </trkpt>
      <trkpt lat="45.314466962590814" lon="6.854589991271496">
        <ele>2464</ele>
        <time>2015-07-07T19:15:40Z</time>
      </trkpt>
      <trkpt lat="45.314664021134377" lon="6.854666015133262">
        <ele>2465</ele>
        <time>2015-07-07T19:16:00Z</time>
      </trkpt>
      <trkpt lat="45.314819002524018" lon="6.854924010112882">
        <ele>2469</ele>
        <time>2015-07-07T19:16:20Z</time>
      </trkpt>
      <trkpt lat="45.315003991127014" lon="6.854804987087846">
        <ele>2467</ele>
        <time>2015-07-07T19:16:40Z</time>
      </trkpt>
      <trkpt lat="45.315453009679914" lon="6.854911018162966">
        <ele>2467</ele>
        <time>2015-07-07T19:17:00Z</time>
      </trkpt>
      <trkpt lat="45.315589969977736" lon="6.854721000418067">
        <ele>2465</ele>
        <time>2015-07-07T19:17:20Z</time>
      </trkpt>
      <trkpt lat="45.315916026011109" lon="6.854731980711222">
        <ele>2470</ele>
        <time>2015-07-07T19:17:40Z</time>
      </trkpt>
      <trkpt lat="45.316551038995385" lon="6.854559984058142">
        <ele>2469</ele>
        <time>2015-07-07T19:18:00Z</time>
      </trkpt>
      <trkpt lat="45.316768968477845" lon="6.854163017123938">
        <ele>2461</ele>
        <time>2015-07-07T19:18:20Z</time>
      </trkpt>
      <trkpt lat="45.317188985645771" lon="6.854025973007083">
        <ele>2458</ele>
        <time>2015-07-07T19:18:40Z</time>
      </trkpt>
      <trkpt lat="45.317451003938913" lon="6.854060003533959">
        <ele>2464</ele>
        <time>2015-07-07T19:19:00Z</time>
      </trkpt>
      <trkpt lat="45.31781000085175" lon="6.854480020701885">
        <ele>2481</ele>
        <time>2015-07-07T19:19:20Z</time>
      </trkpt>
      <trkpt lat="45.31800102442503" lon="6.854267036542296">
        <ele>2479</ele>
        <time>2015-07-07T19:19:40Z</time>
      </trkpt>
      <trkpt lat="45.318102026358247" lon="6.854076012969017">
        <ele>2465</ele>
        <time>2015-07-07T19:20:00Z</time>
      </trkpt>
      <trkpt lat="45.318369995802641" lon="6.853759009391069">
        <ele>2466</ele>
        <time>2015-07-07T19:20:20Z</time>
      </trkpt>
      <trkpt lat="45.318467980250716" lon="6.853764038532972">
        <ele>2466</ele>
        <time>2015-07-07T19:20:40Z</time>
      </trkpt>
      <trkpt lat="45.318794958293438" lon="6.853620037436485">
        <ele>2466</ele>
        <time>2015-07-07T19:21:00Z</time>
      </trkpt>
      <trkpt lat="45.319127971306443" lon="6.853805026039481">
        <ele>2469</ele>
        <time>2015-07-07T19:21:20Z</time>
      </trkpt>
      <trkpt lat="45.320083005353808" lon="6.854119012132287">
        <ele>2487</ele>
        <time>2015-07-07T19:21:40Z</time>
      </trkpt>
      <trkpt lat="45.320161040872335" lon="6.853710981085897">
        <ele>2483</ele>
        <time>2015-07-07T19:22:00Z</time>
      </trkpt>
      <trkpt lat="45.320332031697035" lon="6.853217035531998">
        <ele>2467</ele>
        <time>2015-07-07T19:22:20Z</time>
      </trkpt>
      <trkpt lat="45.320503022521734" lon="6.852889973670244">
        <ele>2465</ele>
        <time>2015-07-07T19:22:40Z</time>
      </trkpt>
      <trkpt lat="45.320474021136761" lon="6.852807998657227">
        <ele>2464</ele>
        <time>2015-07-07T19:23:00Z</time>
      </trkpt>
      <trkpt lat="45.320230023935437" lon="6.852896008640528">
        <ele>2463</ele>
        <time>2015-07-07T19:23:20Z</time>
      </trkpt>
      <trkpt lat="45.320233041420579" lon="6.852769022807479">
        <ele>2461</ele>
        <time>2015-07-07T19:23:40Z</time>
      </trkpt>
      <trkpt lat="45.320503022521734" lon="6.852452019229531">
        <ele>2446</ele>
        <time>2015-07-07T19:24:00Z</time>
      </trkpt>
      <trkpt lat="45.320914993062615" lon="6.852240040898323">
        <ele>2452</ele>
        <time>2015-07-07T19:24:20Z</time>
      </trkpt>
      <trkpt lat="45.321453027427197" lon="6.852075001224876">
        <ele>2451</ele>
        <time>2015-07-07T19:24:40Z</time>
      </trkpt>
      <trkpt lat="45.321621000766754" lon="6.852050023153424">
        <ele>2450</ele>
        <time>2015-07-07T19:25:00Z</time>
      </trkpt>
      <trkpt lat="45.321759972721338" lon="6.851727990433574">
        <ele>2448</ele>
        <time>2015-07-07T19:25:20Z</time>
      </trkpt>
      <trkpt lat="45.321854017674923" lon="6.85146002098918">
        <ele>2439</ele>
        <time>2015-07-07T19:25:40Z</time>
      </trkpt>
      <trkpt lat="45.322424992918968" lon="6.851405035704374">
        <ele>2444</ele>
        <time>2015-07-07T19:26:00Z</time>
      </trkpt>
      <trkpt lat="45.322581985965371" lon="6.850358974188566">
        <ele>2433</ele>
        <time>2015-07-07T19:26:20Z</time>
      </trkpt>
      <trkpt lat="45.322712995111942" lon="6.84984901919961">
        <ele>2418</ele>
        <time>2015-07-07T19:26:40Z</time>
      </trkpt>
      <trkpt lat="45.322839980944991" lon="6.849639974534512">
        <ele>2418</ele>
        <time>2015-07-07T19:27:00Z</time>
      </trkpt>
      <trkpt lat="45.323178023099899" lon="6.84931299649179">
        <ele>2418</ele>
        <time>2015-07-07T19:27:20Z</time>
      </trkpt>
      <trkpt lat="45.323422020301223" lon="6.848874036222696">
        <ele>2414</ele>
        <time>2015-07-07T19:27:40Z</time>
      </trkpt>
      <trkpt lat="45.323573984205723" lon="6.848950982093811">
        <ele>2415</ele>
        <time>2015-07-07T19:28:00Z</time>
      </trkpt>
      <trkpt lat="45.323742041364312" lon="6.848937990143895">
        <ele>2416</ele>
        <time>2015-07-07T19:28:20Z</time>
      </trkpt>
      <trkpt lat="45.323958965018392" lon="6.848455024883151">
        <ele>2412</ele>
        <time>2015-07-07T19:28:40Z</time>
      </trkpt>
      <trkpt lat="45.32462096773088" lon="6.847809031605721">
        <ele>2406</ele>
        <time>2015-07-07T19:29:00Z</time>
      </trkpt>
      <trkpt lat="45.324947023764253" lon="6.847312990576029">
        <ele>2395</ele>
        <time>2015-07-07T19:29:20Z</time>
      </trkpt>
      <trkpt lat="45.325053976848722" lon="6.846602037549019">
        <ele>2388</ele>
        <time>2015-07-07T19:29:40Z</time>
      </trkpt>
      <trkpt lat="45.325261009857059" lon="6.845872979611158">
        <ele>2383</ele>
        <time>2015-07-07T19:30:00Z</time>
      </trkpt>
      <trkpt lat="45.325410040095448" lon="6.845589000731707">
        <ele>2374</ele>
        <time>2015-07-07T19:30:20Z</time>
      </trkpt>
      <trkpt lat="45.325566027313471" lon="6.845005033537746">
        <ele>2373</ele>
        <time>2015-07-07T19:30:40Z</time>
      </trkpt>
      <trkpt lat="45.326020997017622" lon="6.844507986679673">
        <ele>2376</ele>
        <time>2015-07-07T19:31:00Z</time>
      </trkpt>
      <trkpt lat="45.326419975608587" lon="6.843979004770517">
        <ele>2367</ele>
        <time>2015-07-07T19:31:20Z</time>
      </trkpt>
      <trkpt lat="45.326908975839615" lon="6.843459997326136">
        <ele>2377</ele>
        <time>2015-07-07T19:31:40Z</time>
      </trkpt>
      <trkpt lat="45.327078960835934" lon="6.843394031748176">
        <ele>2381</ele>
        <time>2015-07-07T19:32:00Z</time>
      </trkpt>
      <trkpt lat="45.327289011329412" lon="6.843016007915139">
        <ele>2374</ele>
        <time>2015-07-07T19:32:20Z</time>
      </trkpt>
      <trkpt lat="45.327179040759802" lon="6.842756001278758">
        <ele>2370</ele>
        <time>2015-07-07T19:32:40Z</time>
      </trkpt>
      <trkpt lat="45.327148027718067" lon="6.842274963855743">
        <ele>2366</ele>
        <time>2015-07-07T19:33:00Z</time>
      </trkpt>
      <trkpt lat="45.327040990814567" lon="6.841943040490151">
        <ele>2364</ele>
        <time>2015-07-07T19:33:20Z</time>
      </trkpt>
      <trkpt lat="45.326859019696712" lon="6.841739024966955">
        <ele>2360</ele>
        <time>2015-07-07T19:33:40Z</time>
      </trkpt>
      <trkpt lat="45.326910987496376" lon="6.841308027505875">
        <ele>2364</ele>
        <time>2015-07-07T19:34:00Z</time>
      </trkpt>
      <trkpt lat="45.326868994161487" lon="6.841037962585688">
        <ele>2362</ele>
        <time>2015-07-07T19:34:20Z</time>
      </trkpt>
      <trkpt lat="45.326808979734778" lon="6.839765002951026">
        <ele>2364</ele>
        <time>2015-07-07T19:34:40Z</time>
      </trkpt>
      <trkpt lat="45.327019030228257" lon="6.839420003816485">
        <ele>2367</ele>
        <time>2015-07-07T19:35:00Z</time>
      </trkpt>
      <trkpt lat="45.326992040500045" lon="6.839260999113321">
        <ele>2366</ele>
        <time>2015-07-07T19:35:20Z</time>
      </trkpt>
      <trkpt lat="45.32670202665031" lon="6.839154968038201">
        <ele>2359</ele>
        <time>2015-07-07T19:35:40Z</time>
      </trkpt>
      <trkpt lat="45.326701020821929" lon="6.838967967778444">
        <ele>2364</ele>
        <time>2015-07-07T19:36:00Z</time>
      </trkpt>
      <trkpt lat="45.32653396949172" lon="6.838523978367448">
        <ele>2356</ele>
        <time>2015-07-07T19:36:20Z</time>
      </trkpt>
      <trkpt lat="45.326545033603907" lon="6.838192977011204">
        <ele>2362</ele>
        <time>2015-07-07T19:36:40Z</time>
      </trkpt>
      <trkpt lat="45.326478984206915" lon="6.837860969826579">
        <ele>2361</ele>
        <time>2015-07-07T19:37:00Z</time>
      </trkpt>
      <trkpt lat="45.326445959508419" lon="6.837442964315414">
        <ele>2366</ele>
        <time>2015-07-07T19:37:20Z</time>
      </trkpt>
      <trkpt lat="45.326601024717093" lon="6.83711196295917">
        <ele>2366</ele>
        <time>2015-07-07T19:37:40Z</time>
      </trkpt>
      <trkpt lat="45.326742008328438" lon="6.836738968268037">
        <ele>2368</ele>
        <time>2015-07-07T19:38:00Z</time>
      </trkpt>
      <trkpt lat="45.327207036316395" lon="6.835980992764235">
        <ele>2366</ele>
        <time>2015-07-07T19:38:20Z</time>
      </trkpt>
      <trkpt lat="45.328048998489976" lon="6.833961959928274">
        <ele>2343</ele>
        <time>2015-07-07T19:38:40Z</time>
      </trkpt>
      <trkpt lat="45.328948041424155" lon="6.833428032696247">
        <ele>2340</ele>
        <time>2015-07-07T19:39:00Z</time>
      </trkpt>
      <trkpt lat="45.329388007521629" lon="6.833098037168384">
        <ele>2342</ele>
        <time>2015-07-07T19:39:20Z</time>
      </trkpt>
      <trkpt lat="45.329381972551346" lon="6.832696041092277">
        <ele>2338</ele>
        <time>2015-07-07T19:39:40Z</time>
      </trkpt>
      <trkpt lat="45.329331010580063" lon="6.832068990916014">
        <ele>2333</ele>
        <time>2015-07-07T19:40:00Z</time>
      </trkpt>
      <trkpt lat="45.329382978379726" lon="6.83195298537612">
        <ele>2333</ele>
        <time>2015-07-07T19:40:20Z</time>
      </trkpt>
      <trkpt lat="45.329666035249829" lon="6.831917027011514">
        <ele>2337</ele>
        <time>2015-07-07T19:40:40Z</time>
      </trkpt>
      <trkpt lat="45.329681960865855" lon="6.83128897100687">
        <ele>2334</ele>
        <time>2015-07-07T19:41:00Z</time>
      </trkpt>
      <trkpt lat="45.329739041626453" lon="6.830404009670019">
        <ele>2327</ele>
        <time>2015-07-07T19:41:20Z</time>
      </trkpt>
      <trkpt lat="45.329611971974373" lon="6.829220987856388">
        <ele>2316</ele>
        <time>2015-07-07T19:41:40Z</time>
      </trkpt>
      <trkpt lat="45.329994019120932" lon="6.829412011429668">
        <ele>2318</ele>
        <time>2015-07-07T19:42:00Z</time>
      </trkpt>
      <trkpt lat="45.330471033230424" lon="6.829285025596619">
        <ele>2330</ele>
        <time>2015-07-07T19:42:20Z</time>
      </trkpt>
      <trkpt lat="45.330673037096858" lon="6.829334981739521">
        <ele>2331</ele>
        <time>2015-07-07T19:42:40Z</time>
      </trkpt>
      <trkpt lat="45.331236971542239" lon="6.829662965610623">
        <ele>2346</ele>
        <time>2015-07-07T19:43:00Z</time>
      </trkpt>
      <trkpt lat="45.331557998433709" lon="6.82973999530077">
        <ele>2349</ele>
        <time>2015-07-07T19:43:20Z</time>
      </trkpt>
      <trkpt lat="45.33171096816659" lon="6.829649973660708">
        <ele>2353</ele>
        <time>2015-07-07T19:43:40Z</time>
      </trkpt>
      <trkpt lat="45.331843988969922" lon="6.829788023605943">
        <ele>2354</ele>
        <time>2015-07-07T19:44:00Z</time>
      </trkpt>
      <trkpt lat="45.332539016380906" lon="6.830226983875036">
        <ele>2360</ele>
        <time>2015-07-07T19:44:20Z</time>
      </trkpt>
      <trkpt lat="45.332699026912451" lon="6.8304050154984">
        <ele>2363</ele>
        <time>2015-07-07T19:44:40Z</time>
      </trkpt>
      <trkpt lat="45.332745965570211" lon="6.830743979662657">
        <ele>2366</ele>
        <time>2015-07-07T19:45:00Z</time>
      </trkpt>
      <trkpt lat="45.332878986373544" lon="6.830897033214569">
        <ele>2376</ele>
        <time>2015-07-07T19:45:20Z</time>
      </trkpt>
      <trkpt lat="45.333617012947798" lon="6.831248989328742">
        <ele>2376</ele>
        <time>2015-07-07T19:45:40Z</time>
      </trkpt>
      <trkpt lat="45.33413995988667" lon="6.831332975998521">
        <ele>2377</ele>
        <time>2015-07-07T19:46:00Z</time>
      </trkpt>
      <trkpt lat="45.334469033405185" lon="6.831301040947437">
        <ele>2376</ele>
        <time>2015-07-07T19:46:20Z</time>
      </trkpt>
      <trkpt lat="45.334945963695645" lon="6.831398019567132">
        <ele>2376</ele>
        <time>2015-07-07T19:46:40Z</time>
      </trkpt>
      <trkpt lat="45.335120977833867" lon="6.831504972651601">
        <ele>2374</ele>
        <time>2015-07-07T19:47:00Z</time>
      </trkpt>
      <trkpt lat="45.335461031645536" lon="6.831570016220212">
        <ele>2372</ele>
        <time>2015-07-07T19:47:20Z</time>
      </trkpt>
      <trkpt lat="45.336355967447162" lon="6.832252973690629">
        <ele>2370</ele>
        <time>2015-07-07T19:47:40Z</time>
      </trkpt>
      <trkpt lat="45.336601976305246" lon="6.832335032522678">
        <ele>2370</ele>
        <time>2015-07-07T19:48:00Z</time>
      </trkpt>
      <trkpt lat="45.336843961849809" lon="6.832562014460564">
        <ele>2372</ele>
        <time>2015-07-07T19:48:20Z</time>
      </trkpt>
      <trkpt lat="45.337114026769996" lon="6.832692017778754">
        <ele>2373</ele>
        <time>2015-07-07T19:48:40Z</time>
      </trkpt>
      <trkpt lat="45.337369004264474" lon="6.832874994724989">
        <ele>2373</ele>
        <time>2015-07-07T19:49:00Z</time>
      </trkpt>
      <trkpt lat="45.337840989232063" lon="6.833089990541339">
        <ele>2368</ele>
        <time>2015-07-07T19:49:20Z</time>
      </trkpt>
      <trkpt lat="45.338193029165268" lon="6.833470026031137">
        <ele>2376</ele>
        <time>2015-07-07T19:49:40Z</time>
      </trkpt>
      <trkpt lat="45.338480025529861" lon="6.833569016307592">
        <ele>2374</ele>
        <time>2015-07-07T19:50:00Z</time>
      </trkpt>
      <trkpt lat="45.338608017191291" lon="6.833731960505247">
        <ele>2376</ele>
        <time>2015-07-07T19:50:20Z</time>
      </trkpt>
      <trkpt lat="45.338913034647703" lon="6.833731038495898">
        <ele>2374</ele>
        <time>2015-07-07T19:50:40Z</time>
      </trkpt>
      <trkpt lat="45.339085031300783" lon="6.833817036822438">
        <ele>2375</ele>
        <time>2015-07-07T19:51:00Z</time>
      </trkpt>
      <trkpt lat="45.33918796107173" lon="6.833966989070177">
        <ele>2373</ele>
        <time>2015-07-07T19:51:20Z</time>
      </trkpt>
      <trkpt lat="45.339522985741496" lon="6.834191037341952">
        <ele>2379</ele>
        <time>2015-07-07T19:51:40Z</time>
      </trkpt>
      <trkpt lat="45.339880976825953" lon="6.83427301235497">
        <ele>2375</ele>
        <time>2015-07-07T19:52:00Z</time>
      </trkpt>
      <trkpt lat="45.34062696620822" lon="6.834777016192675">
        <ele>2374</ele>
        <time>2015-07-07T19:52:20Z</time>
      </trkpt>
      <trkpt lat="45.341221997514367" lon="6.835099970921874">
        <ele>2377</ele>
        <time>2015-07-07T19:52:40Z</time>
      </trkpt>
      <trkpt lat="45.341428024694324" lon="6.835371963679791">
        <ele>2378</ele>
        <time>2015-07-07T19:53:00Z</time>
      </trkpt>
      <trkpt lat="45.342437960207462" lon="6.835874039679766">
        <ele>2380</ele>
        <time>2015-07-07T19:53:20Z</time>
      </trkpt>
      <trkpt lat="45.342616997659206" lon="6.83616598136723">
        <ele>2382</ele>
        <time>2015-07-07T19:53:40Z</time>
      </trkpt>
      <trkpt lat="45.342788994312286" lon="6.83616497553885">
        <ele>2383</ele>
        <time>2015-07-07T19:54:00Z</time>
      </trkpt>
      <trkpt lat="45.34320498816669" lon="6.835781000554562">
        <ele>2379</ele>
        <time>2015-07-07T19:54:20Z</time>
      </trkpt>
      <trkpt lat="45.343587035313249" lon="6.836045030504465">
        <ele>2379</ele>
        <time>2015-07-07T19:54:40Z</time>
      </trkpt>
      <trkpt lat="45.344639969989657" lon="6.836577029898763">
        <ele>2371</ele>
        <time>2015-07-07T19:55:00Z</time>
      </trkpt>
      <trkpt lat="45.34548201598227" lon="6.837295023724437">
        <ele>2369</ele>
        <time>2015-07-07T19:55:20Z</time>
      </trkpt>
      <trkpt lat="45.346065983176231" lon="6.83719402179122">
        <ele>2366</ele>
        <time>2015-07-07T19:55:40Z</time>
      </trkpt>
      <trkpt lat="45.346242003142834" lon="6.837426032871008">
        <ele>2366</ele>
        <time>2015-07-07T19:56:00Z</time>
      </trkpt>
      <trkpt lat="45.346901994198561" lon="6.837672041729093">
        <ele>2357</ele>
        <time>2015-07-07T19:56:20Z</time>
      </trkpt>
      <trkpt lat="45.347336009144783" lon="6.838078983128071">
        <ele>2352</ele>
        <time>2015-07-07T19:56:40Z</time>
      </trkpt>
      <trkpt lat="45.347891980782151" lon="6.838262965902686">
        <ele>2341</ele>
        <time>2015-07-07T19:57:00Z</time>
      </trkpt>
      <trkpt lat="45.348068000748754" lon="6.838439991697669">
        <ele>2337</ele>
        <time>2015-07-07T19:57:20Z</time>
      </trkpt>
      <trkpt lat="45.348563035950065" lon="6.838512998074293">
        <ele>2326</ele>
        <time>2015-07-07T19:57:40Z</time>
      </trkpt>
      <trkpt lat="45.349039966240525" lon="6.838619029149413">
        <ele>2321</ele>
        <time>2015-07-07T19:58:00Z</time>
      </trkpt>
      <trkpt lat="45.349480016157031" lon="6.838799994438887">
        <ele>2311</ele>
        <time>2015-07-07T19:58:20Z</time>
      </trkpt>
      <trkpt lat="45.34984496422112" lon="6.839052960276604">
        <ele>2307</ele>
        <time>2015-07-07T19:58:40Z</time>
      </trkpt>
      <trkpt lat="45.350074041634798" lon="6.839268039911985">
        <ele>2302</ele>
        <time>2015-07-07T19:59:00Z</time>
      </trkpt>
      <trkpt lat="45.350366989150643" lon="6.839397037401795">
        <ele>2301</ele>
        <time>2015-07-07T19:59:20Z</time>
      </trkpt>
      <trkpt lat="45.35113200545311" lon="6.839917972683907">
        <ele>2297</ele>
        <time>2015-07-07T19:59:40Z</time>
      </trkpt>
      <trkpt lat="45.351868020370603" lon="6.840552985668182">
        <ele>2290</ele>
        <time>2015-07-07T20:00:00Z</time>
      </trkpt>
      <trkpt lat="45.352186029776931" lon="6.840787008404732">
        <ele>2289</ele>
        <time>2015-07-07T20:00:20Z</time>
      </trkpt>
      <trkpt lat="45.352369006723166" lon="6.840994041413069">
        <ele>2286</ele>
        <time>2015-07-07T20:00:40Z</time>
      </trkpt>
      <trkpt lat="45.352617027238011" lon="6.841020025312901">
        <ele>2284</ele>
        <time>2015-07-07T20:01:00Z</time>
      </trkpt>
      <trkpt lat="45.352997984737158" lon="6.841224962845445">
        <ele>2281</ele>
        <time>2015-07-07T20:01:20Z</time>
      </trkpt>
      <trkpt lat="45.353519003838301" lon="6.841695019975305">
        <ele>2267</ele>
        <time>2015-07-07T20:01:40Z</time>
      </trkpt>
      <trkpt lat="45.354000963270664" lon="6.841719998046756">
        <ele>2261</ele>
        <time>2015-07-07T20:02:00Z</time>
      </trkpt>
      <trkpt lat="45.354204978793859" lon="6.841954020783305">
        <ele>2250</ele>
        <time>2015-07-07T20:02:20Z</time>
      </trkpt>
      <trkpt lat="45.354797998443246" lon="6.841747993603349">
        <ele>2244</ele>
        <time>2015-07-07T20:02:40Z</time>
      </trkpt>
      <trkpt lat="45.354832028970122" lon="6.842106990516186">
        <ele>2243</ele>
        <time>2015-07-07T20:03:00Z</time>
      </trkpt>
      <trkpt lat="45.355003019794822" lon="6.842080000787973">
        <ele>2234</ele>
        <time>2015-07-07T20:03:20Z</time>
      </trkpt>
      <trkpt lat="45.355170993134379" lon="6.841810019686818">
        <ele>2236</ele>
        <time>2015-07-07T20:03:40Z</time>
      </trkpt>
      <trkpt lat="45.355457989498973" lon="6.841861987486482">
        <ele>2232</ele>
        <time>2015-07-07T20:04:00Z</time>
      </trkpt>
      <trkpt lat="45.355797959491611" lon="6.842000037431717">
        <ele>2229</ele>
        <time>2015-07-07T20:04:20Z</time>
      </trkpt>
      <trkpt lat="45.356123009696603" lon="6.842029960826039">
        <ele>2222</ele>
        <time>2015-07-07T20:04:40Z</time>
      </trkpt>
      <trkpt lat="45.356328031048179" lon="6.841935999691486">
        <ele>2220</ele>
        <time>2015-07-07T20:05:00Z</time>
      </trkpt>
      <trkpt lat="45.356551995500922" lon="6.841896018013358">
        <ele>2218</ele>
        <time>2015-07-07T20:05:20Z</time>
      </trkpt>
      <trkpt lat="45.356658026576042" lon="6.841670041903853">
        <ele>2214</ele>
        <time>2015-07-07T20:05:40Z</time>
      </trkpt>
      <trkpt lat="45.356650985777378" lon="6.841444987803698">
        <ele>2216</ele>
        <time>2015-07-07T20:06:00Z</time>
      </trkpt>
      <trkpt lat="45.356733966618776" lon="6.841037040576339">
        <ele>2203</ele>
        <time>2015-07-07T20:06:20Z</time>
      </trkpt>
      <trkpt lat="45.35684997215867" lon="6.841074004769325">
        <ele>2202</ele>
        <time>2015-07-07T20:06:40Z</time>
      </trkpt>
      <trkpt lat="45.356718963012099" lon="6.840630015358329">
        <ele>2192</ele>
        <time>2015-07-07T20:07:00Z</time>
      </trkpt>
      <trkpt lat="45.356722986325622" lon="6.840432034805417">
        <ele>2186</ele>
        <time>2015-07-07T20:07:20Z</time>
      </trkpt>
      <trkpt lat="45.356555012986064" lon="6.840243022888899">
        <ele>2200</ele>
        <time>2015-07-07T20:07:40Z</time>
      </trkpt>
      <trkpt lat="45.356260975822806" lon="6.839684033766389">
        <ele>2192</ele>
        <time>2015-07-07T20:08:00Z</time>
      </trkpt>
      <trkpt lat="45.356170032173395" lon="6.839265022426844">
        <ele>2191</ele>
        <time>2015-07-07T20:08:20Z</time>
      </trkpt>
      <trkpt lat="45.356282014399767" lon="6.839305004104972">
        <ele>2188</ele>
        <time>2015-07-07T20:08:40Z</time>
      </trkpt>
      <trkpt lat="45.356453005224466" lon="6.839575991034508">
        <ele>2187</ele>
        <time>2015-07-07T20:09:00Z</time>
      </trkpt>
      <trkpt lat="45.356490975245833" lon="6.838553985580802">
        <ele>2171</ele>
        <time>2015-07-07T20:09:20Z</time>
      </trkpt>
      <trkpt lat="45.356681998819113" lon="6.838936032727361">
        <ele>2154</ele>
        <time>2015-07-07T20:09:40Z</time>
      </trkpt>
      <trkpt lat="45.356745030730963" lon="6.838812986388803">
        <ele>2151</ele>
        <time>2015-07-07T20:10:00Z</time>
      </trkpt>
      <trkpt lat="45.356961032375693" lon="6.839383961632848">
        <ele>2159</ele>
        <time>2015-07-07T20:10:20Z</time>
      </trkpt>
      <trkpt lat="45.357226990163326" lon="6.839668024331331">
        <ele>2157</ele>
        <time>2015-07-07T20:10:40Z</time>
      </trkpt>
      <trkpt lat="45.357422037050128" lon="6.839699959382415">
        <ele>2154</ele>
        <time>2015-07-07T20:11:00Z</time>
      </trkpt>
      <trkpt lat="45.357250962406397" lon="6.839427966624498">
        <ele>2153</ele>
        <time>2015-07-07T20:11:20Z</time>
      </trkpt>
      <trkpt lat="45.357554974034429" lon="6.839555958285928">
        <ele>2135</ele>
        <time>2015-07-07T20:11:40Z</time>
      </trkpt>
      <trkpt lat="45.357829984277487" lon="6.839770032092929">
        <ele>2134</ele>
        <time>2015-07-07T20:12:00Z</time>
      </trkpt>
      <trkpt lat="45.358575973659754" lon="6.840836964547634">
        <ele>2130</ele>
        <time>2015-07-07T20:12:20Z</time>
      </trkpt>
      <trkpt lat="45.358994984999299" lon="6.841008039191365">
        <ele>2122</ele>
        <time>2015-07-07T20:12:40Z</time>
      </trkpt>
      <trkpt lat="45.359364962205291" lon="6.841359995305538">
        <ele>2110</ele>
        <time>2015-07-07T20:13:00Z</time>
      </trkpt>
      <trkpt lat="45.359824961051345" lon="6.841742964461446">
        <ele>2111</ele>
        <time>2015-07-07T20:13:20Z</time>
      </trkpt>
      <trkpt lat="45.360086979344487" lon="6.84211403131485">
        <ele>2096</ele>
        <time>2015-07-07T20:13:40Z</time>
      </trkpt>
      <trkpt lat="45.360250007361174" lon="6.842291979119182">
        <ele>2095</ele>
        <time>2015-07-07T20:14:00Z</time>
      </trkpt>
      <trkpt lat="45.360367018729448" lon="6.842534970492125">
        <ele>2100</ele>
        <time>2015-07-07T20:14:20Z</time>
      </trkpt>
      <trkpt lat="45.360491992905736" lon="6.84259096160531">
        <ele>2096</ele>
        <time>2015-07-07T20:14:40Z</time>
      </trkpt>
      <trkpt lat="45.360336005687714" lon="6.841004015877843">
        <ele>2079</ele>
        <time>2015-07-07T20:15:00Z</time>
      </trkpt>
      <trkpt lat="45.360186975449324" lon="6.840629009529948">
        <ele>2072</ele>
        <time>2015-07-07T20:15:20Z</time>
      </trkpt>
      <trkpt lat="45.360648985952139" lon="6.840808968991041">
        <ele>2063</ele>
        <time>2015-07-07T20:15:40Z</time>
      </trkpt>
      <trkpt lat="45.361124994233251" lon="6.841866010800004">
        <ele>2063</ele>
        <time>2015-07-07T20:16:00Z</time>
      </trkpt>
      <trkpt lat="45.360991973429918" lon="6.840201029554009">
        <ele>2048</ele>
        <time>2015-07-07T20:16:20Z</time>
      </trkpt>
      <trkpt lat="45.360741019248962" lon="6.839179024100304">
        <ele>2040</ele>
        <time>2015-07-07T20:16:40Z</time>
      </trkpt>
      <trkpt lat="45.360555024817586" lon="6.838244022801518">
        <ele>2034</ele>
        <time>2015-07-07T20:17:00Z</time>
      </trkpt>
      <trkpt lat="45.360370958223939" lon="6.837540026754141">
        <ele>2034</ele>
        <time>2015-07-07T20:17:20Z</time>
      </trkpt>
      <trkpt lat="45.360240032896399" lon="6.836739974096417">
        <ele>2026</ele>
        <time>2015-07-07T20:17:40Z</time>
      </trkpt>
      <trkpt lat="45.360399037599564" lon="6.836554985493422">
        <ele>2022</ele>
        <time>2015-07-07T20:18:00Z</time>
      </trkpt>
      <trkpt lat="45.360432984307408" lon="6.836263965815306">
        <ele>2021</ele>
        <time>2015-07-07T20:18:20Z</time>
      </trkpt>
      <trkpt lat="45.360690979287028" lon="6.835958026349545">
        <ele>2020</ele>
        <time>2015-07-07T20:18:40Z</time>
      </trkpt>
      <trkpt lat="45.360794998705387" lon="6.835645968094468">
        <ele>2020</ele>
        <time>2015-07-07T20:19:00Z</time>
      </trkpt>
      <trkpt lat="45.360713023692369" lon="6.835466008633375">
        <ele>2021</ele>
        <time>2015-07-07T20:19:20Z</time>
      </trkpt>
      <trkpt lat="45.360402977094054" lon="6.835788963362575">
        <ele>2019</ele>
        <time>2015-07-07T20:19:40Z</time>
      </trkpt>
      <trkpt lat="45.360255958512425" lon="6.835765996947885">
        <ele>2018</ele>
        <time>2015-07-07T20:20:00Z</time>
      </trkpt>
      <trkpt lat="45.359882041811943" lon="6.835228968411684">
        <ele>2020</ele>
        <time>2015-07-07T20:20:20Z</time>
      </trkpt>
      <trkpt lat="45.359691018238664" lon="6.834349036216736">
        <ele>2019</ele>
        <time>2015-07-07T20:20:40Z</time>
      </trkpt>
      <trkpt lat="45.359408967196941" lon="6.833867998793721">
        <ele>2019</ele>
        <time>2015-07-07T20:21:00Z</time>
      </trkpt>
      <trkpt lat="45.35949002020061" lon="6.833591982722282">
        <ele>2019</ele>
        <time>2015-07-07T20:21:20Z</time>
      </trkpt>
      <trkpt lat="45.359672997146845" lon="6.833548983559012">
        <ele>2021</ele>
        <time>2015-07-07T20:21:40Z</time>
      </trkpt>
      <trkpt lat="45.359882041811943" lon="6.833719974383712">
        <ele>2021</ele>
        <time>2015-07-07T20:22:00Z</time>
      </trkpt>
      <trkpt lat="45.360257970169187" lon="6.833657026290894">
        <ele>2027</ele>
        <time>2015-07-07T20:22:20Z</time>
      </trkpt>
      <trkpt lat="45.360447987914085" lon="6.833443958312273">
        <ele>2028</ele>
        <time>2015-07-07T20:22:40Z</time>
      </trkpt>
      <trkpt lat="45.360520994290709" lon="6.833225023001432">
        <ele>2034</ele>
        <time>2015-07-07T20:23:00Z</time>
      </trkpt>
      <trkpt lat="45.360685028135777" lon="6.832970967516303">
        <ele>2036</ele>
        <time>2015-07-07T20:23:20Z</time>
      </trkpt>
      <trkpt lat="45.360811008140445" lon="6.832669973373413">
        <ele>2042</ele>
        <time>2015-07-07T20:23:40Z</time>
      </trkpt>
      <trkpt lat="45.360965989530087" lon="6.832518009468913">
        <ele>2047</ele>
        <time>2015-07-07T20:24:00Z</time>
      </trkpt>
      <trkpt lat="45.360847972333431" lon="6.832215003669262">
        <ele>2059</ele>
        <time>2015-07-07T20:24:20Z</time>
      </trkpt>
      <trkpt lat="45.360859036445618" lon="6.83199699036777">
        <ele>2064</ele>
        <time>2015-07-07T20:24:40Z</time>
      </trkpt>
      <trkpt lat="45.360721992328763" lon="6.831894982606173">
        <ele>2061</ele>
        <time>2015-07-07T20:25:00Z</time>
      </trkpt>
      <trkpt lat="45.360761974006891" lon="6.831749975681305">
        <ele>2067</ele>
        <time>2015-07-07T20:25:20Z</time>
      </trkpt>
      <trkpt lat="45.360669018700719" lon="6.831723991781473">
        <ele>2064</ele>
        <time>2015-07-07T20:25:40Z</time>
      </trkpt>
      <trkpt lat="45.360658038407564" lon="6.831493992358446">
        <ele>2079</ele>
        <time>2015-07-07T20:26:00Z</time>
      </trkpt>
      <trkpt lat="45.360948974266648" lon="6.831383015960455">
        <ele>2085</ele>
        <time>2015-07-07T20:26:20Z</time>
      </trkpt>
      <trkpt lat="45.361150978133082" lon="6.8312459718436">
        <ele>2088</ele>
        <time>2015-07-07T20:26:40Z</time>
      </trkpt>
      <trkpt lat="45.361360022798181" lon="6.831237003207207">
        <ele>2088</ele>
        <time>2015-07-07T20:27:00Z</time>
      </trkpt>
      <trkpt lat="45.361530007794499" lon="6.831155028194189">
        <ele>2089</ele>
        <time>2015-07-07T20:27:20Z</time>
      </trkpt>
      <trkpt lat="45.361739974468946" lon="6.831214036792517">
        <ele>2086</ele>
        <time>2015-07-07T20:27:40Z</time>
      </trkpt>
      <trkpt lat="45.361780961975455" lon="6.8310940079391">
        <ele>2089</ele>
        <time>2015-07-07T20:28:00Z</time>
      </trkpt>
      <trkpt lat="45.361439986154437" lon="6.830946989357472">
        <ele>2092</ele>
        <time>2015-07-07T20:28:20Z</time>
      </trkpt>
      <trkpt lat="45.361229013651609" lon="6.830970039591193">
        <ele>2092</ele>
        <time>2015-07-07T20:28:40Z</time>
      </trkpt>
      <trkpt lat="45.360675975680351" lon="6.83077197521925">
        <ele>2105</ele>
        <time>2015-07-07T20:29:00Z</time>
      </trkpt>
      <trkpt lat="45.360844032838941" lon="6.830635014921427">
        <ele>2110</ele>
        <time>2015-07-07T20:29:20Z</time>
      </trkpt>
      <trkpt lat="45.361019968986511" lon="6.830426976084709">
        <ele>2113</ele>
        <time>2015-07-07T20:29:40Z</time>
      </trkpt>
      <trkpt lat="45.361160030588508" lon="6.830378025770187">
        <ele>2113</ele>
        <time>2015-07-07T20:30:00Z</time>
      </trkpt>
      <trkpt lat="45.361433029174805" lon="6.830074014142156">
        <ele>2118</ele>
        <time>2015-07-07T20:30:20Z</time>
      </trkpt>
      <trkpt lat="45.361497988924384" lon="6.829848038032651">
        <ele>2131</ele>
        <time>2015-07-07T20:30:40Z</time>
      </trkpt>
      <trkpt lat="45.361057016998529" lon="6.829729015007615">
        <ele>2133</ele>
        <time>2015-07-07T20:31:00Z</time>
      </trkpt>
      <trkpt lat="45.360555024817586" lon="6.829797998070717">
        <ele>2121</ele>
        <time>2015-07-07T20:31:20Z</time>
      </trkpt>
      <trkpt lat="45.360279008746147" lon="6.829776037484407">
        <ele>2116</ele>
        <time>2015-07-07T20:31:40Z</time>
      </trkpt>
      <trkpt lat="45.360231986269355" lon="6.829663971439004">
        <ele>2117</ele>
        <time>2015-07-07T20:32:00Z</time>
      </trkpt>
      <trkpt lat="45.360388979315758" lon="6.82954897172749">
        <ele>2121</ele>
        <time>2015-07-07T20:32:20Z</time>
      </trkpt>
      <trkpt lat="45.360826011747122" lon="6.828975984826684">
        <ele>2150</ele>
        <time>2015-07-07T20:32:40Z</time>
      </trkpt>
      <trkpt lat="45.360882002860308" lon="6.828775992617011">
        <ele>2164</ele>
        <time>2015-07-07T20:33:00Z</time>
      </trkpt>
      <trkpt lat="45.361192971467972" lon="6.828552028164268">
        <ele>2168</ele>
        <time>2015-07-07T20:33:20Z</time>
      </trkpt>
      <trkpt lat="45.361070008948445" lon="6.828402997925878">
        <ele>2171</ele>
        <time>2015-07-07T20:33:40Z</time>
      </trkpt>
      <trkpt lat="45.360675975680351" lon="6.828372990712524">
        <ele>2165</ele>
        <time>2015-07-07T20:34:00Z</time>
      </trkpt>
      <trkpt lat="45.360379004850984" lon="6.828502994030714">
        <ele>2149</ele>
        <time>2015-07-07T20:34:20Z</time>
      </trkpt>
      <trkpt lat="45.360259981825948" lon="6.828353041782975">
        <ele>2147</ele>
        <time>2015-07-07T20:34:40Z</time>
      </trkpt>
      <trkpt lat="45.360224023461342" lon="6.827843002974987">
        <ele>2173</ele>
        <time>2015-07-07T20:35:00Z</time>
      </trkpt>
      <trkpt lat="45.360257970169187" lon="6.827599005773664">
        <ele>2177</ele>
        <time>2015-07-07T20:35:20Z</time>
      </trkpt>
      <trkpt lat="45.360351009294391" lon="6.827573021873832">
        <ele>2178</ele>
        <time>2015-07-07T20:35:40Z</time>
      </trkpt>
      <trkpt lat="45.360337011516094" lon="6.827317960560322">
        <ele>2197</ele>
        <time>2015-07-07T20:36:00Z</time>
      </trkpt>
      <trkpt lat="45.36026400513947" lon="6.827160967513919">
        <ele>2199</ele>
        <time>2015-07-07T20:36:20Z</time>
      </trkpt>
      <trkpt lat="45.360236009582877" lon="6.826737010851502">
        <ele>2204</ele>
        <time>2015-07-07T20:36:40Z</time>
      </trkpt>
      <trkpt lat="45.360594000667334" lon="6.82632302865386">
        <ele>2235</ele>
        <time>2015-07-07T20:37:00Z</time>
      </trkpt>
      <trkpt lat="45.360549995675683" lon="6.826175004243851">
        <ele>2238</ele>
        <time>2015-07-07T20:37:20Z</time>
      </trkpt>
      <trkpt lat="45.360735990107059" lon="6.825956990942359">
        <ele>2248</ele>
        <time>2015-07-07T20:37:40Z</time>
      </trkpt>
      <trkpt lat="45.360717969015241" lon="6.825845008715987">
        <ele>2250</ele>
        <time>2015-07-07T20:38:00Z</time>
      </trkpt>
      <trkpt lat="45.360847972333431" lon="6.825776025652885">
        <ele>2263</ele>
        <time>2015-07-07T20:38:20Z</time>
      </trkpt>
      <trkpt lat="45.360944028943777" lon="6.825672006234527">
        <ele>2270</ele>
        <time>2015-07-07T20:38:40Z</time>
      </trkpt>
      <trkpt lat="45.361046958714724" lon="6.825664965435863">
        <ele>2272</ele>
        <time>2015-07-07T20:39:00Z</time>
      </trkpt>
      <trkpt lat="45.3615109808743" lon="6.825366988778114">
        <ele>2282</ele>
        <time>2015-07-07T20:39:20Z</time>
      </trkpt>
      <trkpt lat="45.361781967803836" lon="6.825275039300323">
        <ele>2292</ele>
        <time>2015-07-07T20:39:40Z</time>
      </trkpt>
      <trkpt lat="45.362268034368753" lon="6.825226005166769">
        <ele>2296</ele>
        <time>2015-07-07T20:40:00Z</time>
      </trkpt>
      <trkpt lat="45.362427039071918" lon="6.825029030442238">
        <ele>2308</ele>
        <time>2015-07-07T20:40:20Z</time>
      </trkpt>
      <trkpt lat="45.362397031858563" lon="6.824917970225215">
        <ele>2319</ele>
        <time>2015-07-07T20:40:40Z</time>
      </trkpt>
      <trkpt lat="45.362522006034851" lon="6.824742034077644">
        <ele>2320</ele>
        <time>2015-07-07T20:41:00Z</time>
      </trkpt>
      <trkpt lat="45.362487975507975" lon="6.824632985517383">
        <ele>2324</ele>
        <time>2015-07-07T20:41:20Z</time>
      </trkpt>
      <trkpt lat="45.362137025222182" lon="6.824508011341095">
        <ele>2326</ele>
        <time>2015-07-07T20:41:40Z</time>
      </trkpt>
      <trkpt lat="45.362015990540385" lon="6.824211962521076">
        <ele>2331</ele>
        <time>2015-07-07T20:42:00Z</time>
      </trkpt>
      <trkpt lat="45.362136019393802" lon="6.824151026085019">
        <ele>2348</ele>
        <time>2015-07-07T20:42:20Z</time>
      </trkpt>
      <trkpt lat="45.36202403716743" lon="6.823957990854979">
        <ele>2350</ele>
        <time>2015-07-07T20:42:40Z</time>
      </trkpt>
      <trkpt lat="45.361749026924372" lon="6.823861012235284">
        <ele>2351</ele>
        <time>2015-07-07T20:43:00Z</time>
      </trkpt>
      <trkpt lat="45.361761013045907" lon="6.82363998144865">
        <ele>2356</ele>
        <time>2015-07-07T20:43:20Z</time>
      </trkpt>
      <trkpt lat="45.361724970862269" lon="6.823348961770535">
        <ele>2364</ele>
        <time>2015-07-07T20:43:40Z</time>
      </trkpt>
      <trkpt lat="45.361525984480977" lon="6.823452981188893">
        <ele>2362</ele>
        <time>2015-07-07T20:44:00Z</time>
      </trkpt>
      <trkpt lat="45.361175034195185" lon="6.823370000347495">
        <ele>2362</ele>
        <time>2015-07-07T20:44:20Z</time>
      </trkpt>
      <trkpt lat="45.361215015873313" lon="6.823115022853017">
        <ele>2379</ele>
        <time>2015-07-07T20:44:40Z</time>
      </trkpt>
      <trkpt lat="45.361190037801862" lon="6.822858033701778">
        <ele>2382</ele>
        <time>2015-07-07T20:45:00Z</time>
      </trkpt>
      <trkpt lat="45.361260026693344" lon="6.822666004300118">
        <ele>2385</ele>
        <time>2015-07-07T20:45:20Z</time>
      </trkpt>
      <trkpt lat="45.361223984509706" lon="6.822488978505135">
        <ele>2403</ele>
        <time>2015-07-07T20:45:40Z</time>
      </trkpt>
      <trkpt lat="45.361262038350105" lon="6.822352018207312">
        <ele>2405</ele>
        <time>2015-07-07T20:46:00Z</time>
      </trkpt>
      <trkpt lat="45.36120998673141" lon="6.822119001299143">
        <ele>2409</ele>
        <time>2015-07-07T20:46:20Z</time>
      </trkpt>
      <trkpt lat="45.360767003148794" lon="6.822174992412329">
        <ele>2408</ele>
        <time>2015-07-07T20:46:40Z</time>
      </trkpt>
      <trkpt lat="45.360451005399227" lon="6.821780037134886">
        <ele>2416</ele>
        <time>2015-07-07T20:47:00Z</time>
      </trkpt>
      <trkpt lat="45.359811969101429" lon="6.821465967223048">
        <ele>2422</ele>
        <time>2015-07-07T20:47:20Z</time>
      </trkpt>
      <trkpt lat="45.359680959954858" lon="6.821164973080158">
        <ele>2423</ele>
        <time>2015-07-07T20:47:40Z</time>
      </trkpt>
      <trkpt lat="45.359604014083743" lon="6.82080103084445">
        <ele>2435</ele>
        <time>2015-07-07T20:48:00Z</time>
      </trkpt>
      <trkpt lat="45.359466969966888" lon="6.8204789981246">
        <ele>2437</ele>
        <time>2015-07-07T20:48:20Z</time>
      </trkpt>
      <trkpt lat="45.359540982171893" lon="6.820204993709922">
        <ele>2440</ele>
        <time>2015-07-07T20:48:40Z</time>
      </trkpt>
      <trkpt lat="45.359508963301778" lon="6.819609962403774">
        <ele>2454</ele>
        <time>2015-07-07T20:49:00Z</time>
      </trkpt>
      <trkpt lat="45.359358005225658" lon="6.819522958248854">
        <ele>2454</ele>
        <time>2015-07-07T20:49:20Z</time>
      </trkpt>
      <trkpt lat="45.359042007476091" lon="6.819075029343367">
        <ele>2458</ele>
        <time>2015-07-07T20:49:40Z</time>
      </trkpt>
      <trkpt lat="45.358876967802644" lon="6.818646965548396">
        <ele>2463</ele>
        <time>2015-07-07T20:50:00Z</time>
      </trkpt>
      <trkpt lat="45.35871796309948" lon="6.818527020514011">
        <ele>2462</ele>
        <time>2015-07-07T20:50:20Z</time>
      </trkpt>
      <trkpt lat="45.358656020835042" lon="6.81828998029232">
        <ele>2471</ele>
        <time>2015-07-07T20:50:40Z</time>
      </trkpt>
      <trkpt lat="45.3582230117172" lon="6.81757802143693">
        <ele>2462</ele>
        <time>2015-07-07T20:51:00Z</time>
      </trkpt>
      <trkpt lat="45.357727976515889" lon="6.816991958767176">
        <ele>2466</ele>
        <time>2015-07-07T20:51:20Z</time>
      </trkpt>
      <trkpt lat="45.357348024845123" lon="6.816681995987892">
        <ele>2460</ele>
        <time>2015-07-07T20:51:40Z</time>
      </trkpt>
      <trkpt lat="45.357002019882202" lon="6.816233983263373">
        <ele>2470</ele>
        <time>2015-07-07T20:52:00Z</time>
      </trkpt>
      <trkpt lat="45.356876961886883" lon="6.815481036901474">
        <ele>2483</ele>
        <time>2015-07-07T20:52:20Z</time>
      </trkpt>
      <trkpt lat="45.356613015756011" lon="6.815094966441393">
        <ele>2475</ele>
        <time>2015-07-07T20:52:40Z</time>
      </trkpt>
      <trkpt lat="45.356650985777378" lon="6.814874019473791">
        <ele>2477</ele>
        <time>2015-07-07T20:53:00Z</time>
      </trkpt>
      <trkpt lat="45.356430038809776" lon="6.814405974000692">
        <ele>2475</ele>
        <time>2015-07-07T20:53:20Z</time>
      </trkpt>
      <trkpt lat="45.356441019102931" lon="6.813587984070182">
        <ele>2474</ele>
        <time>2015-07-07T20:53:40Z</time>
      </trkpt>
      <trkpt lat="45.356789035722613" lon="6.812333967536688">
        <ele>2482</ele>
        <time>2015-07-07T20:54:00Z</time>
      </trkpt>
      <trkpt lat="45.356732960790396" lon="6.812128024175763">
        <ele>2482</ele>
        <time>2015-07-07T20:54:20Z</time>
      </trkpt>
      <trkpt lat="45.356948040425777" lon="6.811455963179469">
        <ele>2478</ele>
        <time>2015-07-07T20:54:40Z</time>
      </trkpt>
      <trkpt lat="45.356930019333959" lon="6.811111969873309">
        <ele>2476</ele>
        <time>2015-07-07T20:55:00Z</time>
      </trkpt>
      <trkpt lat="45.356967989355326" lon="6.810787003487349">
        <ele>2473</ele>
        <time>2015-07-07T20:55:20Z</time>
      </trkpt>
      <trkpt lat="45.356816025450826" lon="6.810333039611578">
        <ele>2471</ele>
        <time>2015-07-07T20:55:40Z</time>
      </trkpt>
      <trkpt lat="45.356918033212423" lon="6.810095999389887">
        <ele>2472</ele>
        <time>2015-07-07T20:56:00Z</time>
      </trkpt>
      <trkpt lat="45.35714702680707" lon="6.809375993907452">
        <ele>2477</ele>
        <time>2015-07-07T20:56:20Z</time>
      </trkpt>
      <trkpt lat="45.357116013765335" lon="6.808975003659725">
        <ele>2471</ele>
        <time>2015-07-07T20:56:40Z</time>
      </trkpt>
      <trkpt lat="45.35719396546483" lon="6.808477034792304">
        <ele>2473</ele>
        <time>2015-07-07T20:57:00Z</time>
      </trkpt>
      <trkpt lat="45.357133029028773" lon="6.807919973507524">
        <ele>2471</ele>
        <time>2015-07-07T20:57:20Z</time>
      </trkpt>
      <trkpt lat="45.35684896633029" lon="6.807107012718916">
        <ele>2475</ele>
        <time>2015-07-07T20:57:40Z</time>
      </trkpt>
      <trkpt lat="45.356824994087219" lon="6.806595968082547">
        <ele>2484</ele>
        <time>2015-07-07T20:58:00Z</time>
      </trkpt>
      <trkpt lat="45.356861036270857" lon="6.806139992550015">
        <ele>2493</ele>
        <time>2015-07-07T20:58:20Z</time>
      </trkpt>
      <trkpt lat="45.356488041579723" lon="6.804826967418194">
        <ele>2470</ele>
        <time>2015-07-07T20:58:40Z</time>
      </trkpt>
      <trkpt lat="45.356603963300586" lon="6.8044070340693">
        <ele>2472</ele>
        <time>2015-07-07T20:59:00Z</time>
      </trkpt>
      <trkpt lat="45.356602035462856" lon="6.803853996098042">
        <ele>2468</ele>
        <time>2015-07-07T20:59:20Z</time>
      </trkpt>
      <trkpt lat="45.35665400326252" lon="6.803217977285385">
        <ele>2465</ele>
        <time>2015-07-07T20:59:40Z</time>
      </trkpt>
      <trkpt lat="45.356765985488892" lon="6.802929975092411">
        <ele>2481</ele>
        <time>2015-07-07T21:00:00Z</time>
      </trkpt>
      <trkpt lat="45.356781994923949" lon="6.802596040070057">
        <ele>2473</ele>
        <time>2015-07-07T21:00:20Z</time>
      </trkpt>
      <trkpt lat="45.35687000490725" lon="6.802068985998631">
        <ele>2476</ele>
        <time>2015-07-07T21:00:40Z</time>
      </trkpt>
      <trkpt lat="45.356800016015768" lon="6.801906041800976">
        <ele>2473</ele>
        <time>2015-07-07T21:01:00Z</time>
      </trkpt>
      <trkpt lat="45.356864975765347" lon="6.801662966609001">
        <ele>2470</ele>
        <time>2015-07-07T21:01:20Z</time>
      </trkpt>
      <trkpt lat="45.356670012697577" lon="6.800697958096862">
        <ele>2459</ele>
        <time>2015-07-07T21:01:40Z</time>
      </trkpt>
      <trkpt lat="45.356761962175369" lon="6.800350025296211">
        <ele>2465</ele>
        <time>2015-07-07T21:02:00Z</time>
      </trkpt>
      <trkpt lat="45.356578985229135" lon="6.800303002819419">
        <ele>2442</ele>
        <time>2015-07-07T21:02:20Z</time>
      </trkpt>
      <trkpt lat="45.356683004647493" lon="6.800070991739631">
        <ele>2454</ele>
        <time>2015-07-07T21:02:40Z</time>
      </trkpt>
      <trkpt lat="45.356315039098263" lon="6.799920033663511">
        <ele>2437</ele>
        <time>2015-07-07T21:03:00Z</time>
      </trkpt>
      <trkpt lat="45.356171038001776" lon="6.800034027546644">
        <ele>2436</ele>
        <time>2015-07-07T21:03:20Z</time>
      </trkpt>
      <trkpt lat="45.355915976688266" lon="6.800022041425109">
        <ele>2428</ele>
        <time>2015-07-07T21:03:40Z</time>
      </trkpt>
      <trkpt lat="45.355818998068571" lon="6.799912992864847">
        <ele>2423</ele>
        <time>2015-07-07T21:04:00Z</time>
      </trkpt>
      <trkpt lat="45.355690000578761" lon="6.799943000078201">
        <ele>2422</ele>
        <time>2015-07-07T21:04:20Z</time>
      </trkpt>
      <trkpt lat="45.355600984767079" lon="6.800063028931618">
        <ele>2424</ele>
        <time>2015-07-07T21:04:40Z</time>
      </trkpt>
      <trkpt lat="45.355274006724358" lon="6.800094963982701">
        <ele>2422</ele>
        <time>2015-07-07T21:05:00Z</time>
      </trkpt>
      <trkpt lat="45.355098992586136" lon="6.79948995821178">
        <ele>2420</ele>
        <time>2015-07-07T21:05:20Z</time>
      </trkpt>
      <trkpt lat="45.354955997318029" lon="6.799413012340665">
        <ele>2420</ele>
        <time>2015-07-07T21:05:40Z</time>
      </trkpt>
      <trkpt lat="45.354907969012856" lon="6.799304969608784">
        <ele>2420</ele>
        <time>2015-07-07T21:06:00Z</time>
      </trkpt>
      <trkpt lat="45.354754999279976" lon="6.79933799430728">
        <ele>2421</ele>
        <time>2015-07-07T21:06:20Z</time>
      </trkpt>
      <trkpt lat="45.354621978476644" lon="6.79929600097239">
        <ele>2422</ele>
        <time>2015-07-07T21:06:40Z</time>
      </trkpt>
      <trkpt lat="45.354135995730758" lon="6.799562964588404">
        <ele>2425</ele>
        <time>2015-07-07T21:07:00Z</time>
      </trkpt>
      <trkpt lat="45.354008004069328" lon="6.799792964011431">
        <ele>2423</ele>
        <time>2015-07-07T21:07:20Z</time>
      </trkpt>
      <trkpt lat="45.353393023833632" lon="6.799864964559674">
        <ele>2420</ele>
        <time>2015-07-07T21:07:40Z</time>
      </trkpt>
      <trkpt lat="45.352795980870724" lon="6.799264987930656">
        <ele>2423</ele>
        <time>2015-07-07T21:08:00Z</time>
      </trkpt>
      <trkpt lat="45.352332964539528" lon="6.798238037154079">
        <ele>2432</ele>
        <time>2015-07-07T21:08:20Z</time>
      </trkpt>
      <trkpt lat="45.352136995643377" lon="6.797604029998183">
        <ele>2435</ele>
        <time>2015-07-07T21:08:40Z</time>
      </trkpt>
      <trkpt lat="45.351854022592306" lon="6.796381026506424">
        <ele>2449</ele>
        <time>2015-07-07T21:09:00Z</time>
      </trkpt>
      <trkpt lat="45.351768024265766" lon="6.795865036547184">
        <ele>2447</ele>
        <time>2015-07-07T21:09:20Z</time>
      </trkpt>
      <trkpt lat="45.351420007646084" lon="6.795279979705811">
        <ele>2453</ele>
        <time>2015-07-07T21:09:40Z</time>
      </trkpt>
      <trkpt lat="45.351267959922552" lon="6.794899022206664">
        <ele>2462</ele>
        <time>2015-07-07T21:10:00Z</time>
      </trkpt>
      <trkpt lat="45.351048018783331" lon="6.795076970010996">
        <ele>2455</ele>
        <time>2015-07-07T21:10:20Z</time>
      </trkpt>
      <trkpt lat="45.350711988285184" lon="6.795212002471089">
        <ele>2463</ele>
        <time>2015-07-07T21:10:40Z</time>
      </trkpt>
      <trkpt lat="45.350560024380684" lon="6.795531017705798">
        <ele>2463</ele>
        <time>2015-07-07T21:11:00Z</time>
      </trkpt>
      <trkpt lat="45.350529011338949" lon="6.795367989689112">
        <ele>2464</ele>
        <time>2015-07-07T21:11:20Z</time>
      </trkpt>
      <trkpt lat="45.350347962230444" lon="6.795603018254042">
        <ele>2466</ele>
        <time>2015-07-07T21:11:40Z</time>
      </trkpt>
      <trkpt lat="45.350279984995723" lon="6.795544009655714">
        <ele>2467</ele>
        <time>2015-07-07T21:12:00Z</time>
      </trkpt>
      <trkpt lat="45.350318038836122" lon="6.795131033286452">
        <ele>2469</ele>
        <time>2015-07-07T21:12:20Z</time>
      </trkpt>
      <trkpt lat="45.350128021091223" lon="6.795227006077766">
        <ele>2471</ele>
        <time>2015-07-07T21:12:40Z</time>
      </trkpt>
      <trkpt lat="45.349999023601413" lon="6.795236980542541">
        <ele>2482</ele>
        <time>2015-07-07T21:13:00Z</time>
      </trkpt>
      <trkpt lat="45.350204966962337" lon="6.794544970616698">
        <ele>2477</ele>
        <time>2015-07-07T21:13:20Z</time>
      </trkpt>
      <trkpt lat="45.3498459700495" lon="6.794600961729884">
        <ele>2489</ele>
        <time>2015-07-07T21:13:40Z</time>
      </trkpt>
      <trkpt lat="45.349769024178386" lon="6.794344978407025">
        <ele>2490</ele>
        <time>2015-07-07T21:14:00Z</time>
      </trkpt>
      <trkpt lat="45.349619993939996" lon="6.794360987842083">
        <ele>2491</ele>
        <time>2015-07-07T21:14:20Z</time>
      </trkpt>
      <trkpt lat="45.349300978705287" lon="6.794582018628717">
        <ele>2492</ele>
        <time>2015-07-07T21:14:40Z</time>
      </trkpt>
      <trkpt lat="45.349097969010472" lon="6.794452015310526">
        <ele>2500</ele>
        <time>2015-07-07T21:15:00Z</time>
      </trkpt>
      <trkpt lat="45.348925972357392" lon="6.794214975088835">
        <ele>2501</ele>
        <time>2015-07-07T21:15:20Z</time>
      </trkpt>
      <trkpt lat="45.348480977118015" lon="6.794299967586994">
        <ele>2503</ele>
        <time>2015-07-07T21:15:40Z</time>
      </trkpt>
      <trkpt lat="45.348181994631886" lon="6.793950023129582">
        <ele>2511</ele>
        <time>2015-07-07T21:16:00Z</time>
      </trkpt>
      <trkpt lat="45.347979990765452" lon="6.794354030862451">
        <ele>2512</ele>
        <time>2015-07-07T21:16:20Z</time>
      </trkpt>
      <trkpt lat="45.347920982167125" lon="6.795076970010996">
        <ele>2515</ele>
        <time>2015-07-07T21:16:40Z</time>
      </trkpt>
      <trkpt lat="45.347786033526063" lon="6.795509979128838">
        <ele>2518</ele>
        <time>2015-07-07T21:17:00Z</time>
      </trkpt>
      <trkpt lat="45.347762983292341" lon="6.796891987323761">
        <ele>2526</ele>
        <time>2015-07-07T21:17:20Z</time>
      </trkpt>
      <trkpt lat="45.347888041287661" lon="6.797753982245922">
        <ele>2525</ele>
        <time>2015-07-07T21:17:40Z</time>
      </trkpt>
      <trkpt lat="45.348171014338732" lon="6.798536013811827">
        <ele>2520</ele>
        <time>2015-07-07T21:18:00Z</time>
      </trkpt>
      <trkpt lat="45.347683019936085" lon="6.798313977196813">
        <ele>2529</ele>
        <time>2015-07-07T21:18:20Z</time>
      </trkpt>
      <trkpt lat="45.347427036613226" lon="6.798526039347053">
        <ele>2529</ele>
        <time>2015-07-07T21:18:40Z</time>
      </trkpt>
      <trkpt lat="45.347353024408221" lon="6.798679009079933">
        <ele>2526</ele>
        <time>2015-07-07T21:19:00Z</time>
      </trkpt>
      <trkpt lat="45.346905011683702" lon="6.798181962221861">
        <ele>2538</ele>
        <time>2015-07-07T21:19:20Z</time>
      </trkpt>
      <trkpt lat="45.346046034246683" lon="6.798413973301649">
        <ele>2534</ele>
        <time>2015-07-07T21:19:40Z</time>
      </trkpt>
      <trkpt lat="45.345667004585266" lon="6.798395030200481">
        <ele>2539</ele>
        <time>2015-07-07T21:20:00Z</time>
      </trkpt>
      <trkpt lat="45.345514034852386" lon="6.79847801104188">
        <ele>2537</ele>
        <time>2015-07-07T21:20:20Z</time>
      </trkpt>
      <trkpt lat="45.345252016559243" lon="6.798334009945393">
        <ele>2540</ele>
        <time>2015-07-07T21:20:40Z</time>
      </trkpt>
      <trkpt lat="45.345017993822694" lon="6.798312971368432">
        <ele>2549</ele>
        <time>2015-07-07T21:21:00Z</time>
      </trkpt>
      <trkpt lat="45.344833005219698" lon="6.798227978870273">
        <ele>2548</ele>
        <time>2015-07-07T21:21:20Z</time>
      </trkpt>
      <trkpt lat="45.344439977779984" lon="6.79839301854372">
        <ele>2539</ele>
        <time>2015-07-07T21:21:40Z</time>
      </trkpt>
      <trkpt lat="45.344241997227073" lon="6.798356976360083">
        <ele>2542</ele>
        <time>2015-07-07T21:22:00Z</time>
      </trkpt>
      <trkpt lat="45.343758026137948" lon="6.798434006050229">
        <ele>2536</ele>
        <time>2015-07-07T21:22:20Z</time>
      </trkpt>
      <trkpt lat="45.343456026166677" lon="6.798797026276588">
        <ele>2531</ele>
        <time>2015-07-07T21:22:40Z</time>
      </trkpt>
      <trkpt lat="45.342922015115619" lon="6.798856034874916">
        <ele>2535</ele>
        <time>2015-07-07T21:23:00Z</time>
      </trkpt>
      <trkpt lat="45.342727974057198" lon="6.79912400431931">
        <ele>2534</ele>
        <time>2015-07-07T21:23:20Z</time>
      </trkpt>
      <trkpt lat="45.342715987935662" lon="6.799758011475205">
        <ele>2525</ele>
        <time>2015-07-07T21:23:40Z</time>
      </trkpt>
      <trkpt lat="45.342533010989428" lon="6.800252962857485">
        <ele>2522</ele>
        <time>2015-07-07T21:24:00Z</time>
      </trkpt>
      <trkpt lat="45.342386998236179" lon="6.800430994480848">
        <ele>2532</ele>
        <time>2015-07-07T21:24:20Z</time>
      </trkpt>
      <trkpt lat="45.342313991859555" lon="6.800867021083832">
        <ele>2530</ele>
        <time>2015-07-07T21:24:40Z</time>
      </trkpt>
      <trkpt lat="45.342135960236192" lon="6.801147982478142">
        <ele>2534</ele>
        <time>2015-07-07T21:25:00Z</time>
      </trkpt>
      <trkpt lat="45.341701023280621" lon="6.802422031760216">
        <ele>2533</ele>
        <time>2015-07-07T21:25:20Z</time>
      </trkpt>
      <trkpt lat="45.341532966122031" lon="6.802505012601614">
        <ele>2531</ele>
        <time>2015-07-07T21:25:40Z</time>
      </trkpt>
      <trkpt lat="45.341389970853925" lon="6.802121037617326">
        <ele>2537</ele>
        <time>2015-07-07T21:26:00Z</time>
      </trkpt>
      <trkpt lat="45.340961990877986" lon="6.801836974918842">
        <ele>2540</ele>
        <time>2015-07-07T21:26:20Z</time>
      </trkpt>
      <trkpt lat="45.340950004756451" lon="6.801700014621019">
        <ele>2542</ele>
        <time>2015-07-07T21:26:40Z</time>
      </trkpt>
      <trkpt lat="45.340779013931751" lon="6.801638994365931">
        <ele>2545</ele>
        <time>2015-07-07T21:27:00Z</time>
      </trkpt>
      <trkpt lat="45.340705001726747" lon="6.801026025786996">
        <ele>2549</ele>
        <time>2015-07-07T21:27:20Z</time>
      </trkpt>
      <trkpt lat="45.340538034215569" lon="6.800862997770309">
        <ele>2548</ele>
        <time>2015-07-07T21:27:40Z</time>
      </trkpt>
      <trkpt lat="45.340077029541135" lon="6.800641966983676">
        <ele>2547</ele>
        <time>2015-07-07T21:28:00Z</time>
      </trkpt>
      <trkpt lat="45.339604038745165" lon="6.800142992287874">
        <ele>2535</ele>
        <time>2015-07-07T21:28:20Z</time>
      </trkpt>
      <trkpt lat="45.339416032657027" lon="6.799717023968697">
        <ele>2536</ele>
        <time>2015-07-07T21:28:40Z</time>
      </trkpt>
      <trkpt lat="45.339283011853695" lon="6.799286026507616">
        <ele>2536</ele>
        <time>2015-07-07T21:29:00Z</time>
      </trkpt>
      <trkpt lat="45.338753024116158" lon="6.798795014619827">
        <ele>2530</ele>
        <time>2015-07-07T21:29:20Z</time>
      </trkpt>
      <trkpt lat="45.338244996964931" lon="6.798169976100326">
        <ele>2532</ele>
        <time>2015-07-07T21:29:40Z</time>
      </trkpt>
      <trkpt lat="45.337501019239426" lon="6.798181962221861">
        <ele>2531</ele>
        <time>2015-07-07T21:30:00Z</time>
      </trkpt>
      <trkpt lat="45.337324999272823" lon="6.79809202440083">
        <ele>2534</ele>
        <time>2015-07-07T21:30:20Z</time>
      </trkpt>
      <trkpt lat="45.336923003196716" lon="6.798721002414823">
        <ele>2532</ele>
        <time>2015-07-07T21:30:40Z</time>
      </trkpt>
      <trkpt lat="45.336653022095561" lon="6.798922000452876">
        <ele>2545</ele>
        <time>2015-07-07T21:31:00Z</time>
      </trkpt>
      <trkpt lat="45.336094032973051" lon="6.799950040876865">
        <ele>2534</ele>
        <time>2015-07-07T21:31:20Z</time>
      </trkpt>
      <trkpt lat="45.335883982479572" lon="6.800597961992025">
        <ele>2543</ele>
        <time>2015-07-07T21:31:40Z</time>
      </trkpt>
      <trkpt lat="45.335250981152058" lon="6.800951007753611">
        <ele>2545</ele>
        <time>2015-07-07T21:32:00Z</time>
      </trkpt>
      <trkpt lat="45.334919979795814" lon="6.800998030230403">
        <ele>2544</ele>
        <time>2015-07-07T21:32:20Z</time>
      </trkpt>
      <trkpt lat="45.334237022325397" lon="6.800669962540269">
        <ele>0</ele>
        <time>2015-07-07T21:32:40Z</time>
      </trkpt>
      <trkpt lat="45.333876013755798" lon="6.800581030547619">
        <ele>2556</ele>
        <time>2015-07-07T21:33:00Z</time>
      </trkpt>
      <trkpt lat="45.333349965512753" lon="6.800363017246127">
        <ele>2556</ele>
        <time>2015-07-07T21:33:20Z</time>
      </trkpt>
      <trkpt lat="45.332744959741831" lon="6.799943000078201">
        <ele>0</ele>
        <time>2015-07-07T21:33:40Z</time>
      </trkpt>
      <trkpt lat="45.33220399171114" lon="6.79972498677671">
        <ele>2548</ele>
        <time>2015-07-07T21:34:00Z</time>
      </trkpt>
      <trkpt lat="45.332020008936524" lon="6.799739990383387">
        <ele>2548</ele>
        <time>2015-07-07T21:34:20Z</time>
      </trkpt>
      <trkpt lat="45.331832002848387" lon="6.799592971801758">
        <ele>2548</ele>
        <time>2015-07-07T21:34:40Z</time>
      </trkpt>
      <trkpt lat="45.331243006512523" lon="6.799469003453851">
        <ele>2544</ele>
        <time>2015-07-07T21:35:00Z</time>
      </trkpt>
      <trkpt lat="45.330918040126562" lon="6.799118975177407">
        <ele>2557</ele>
        <time>2015-07-07T21:35:20Z</time>
      </trkpt>
      <trkpt lat="45.33029199577868" lon="6.79893096908927">
        <ele>2539</ele>
        <time>2015-07-07T21:35:40Z</time>
      </trkpt>
      <trkpt lat="45.330127961933613" lon="6.798730976879597">
        <ele>2538</ele>
        <time>2015-07-07T21:36:00Z</time>
      </trkpt>
      <trkpt lat="45.329937022179365" lon="6.798714967444539">
        <ele>2521</ele>
        <time>2015-07-07T21:36:20Z</time>
      </trkpt>
      <trkpt lat="45.329681038856506" lon="6.798581024631858">
        <ele>2521</ele>
        <time>2015-07-07T21:36:40Z</time>
      </trkpt>
      <trkpt lat="45.329570984467864" lon="6.798390001058579">
        <ele>2524</ele>
        <time>2015-07-07T21:37:00Z</time>
      </trkpt>
      <trkpt lat="45.329392030835152" lon="6.798411039635539">
        <ele>2527</ele>
        <time>2015-07-07T21:37:20Z</time>
      </trkpt>
      <trkpt lat="45.329112997278571" lon="6.798160001635552">
        <ele>2530</ele>
        <time>2015-07-07T21:37:40Z</time>
      </trkpt>
      <trkpt lat="45.328879980370402" lon="6.797781977802515">
        <ele>2523</ele>
        <time>2015-07-07T21:38:00Z</time>
      </trkpt>
      <trkpt lat="45.328793982043862" lon="6.797518031671643">
        <ele>2524</ele>
        <time>2015-07-07T21:38:20Z</time>
      </trkpt>
      <trkpt lat="45.328666996210814" lon="6.797485006973147">
        <ele>2532</ele>
        <time>2015-07-07T21:38:40Z</time>
      </trkpt>
      <trkpt lat="45.328649980947375" lon="6.79731803946197">
        <ele>2532</ele>
        <time>2015-07-07T21:39:00Z</time>
      </trkpt>
      <trkpt lat="45.328345969319344" lon="6.797131039202213">
        <ele>2532</ele>
        <time>2015-07-07T21:39:20Z</time>
      </trkpt>
      <trkpt lat="45.32837999984622" lon="6.797286020591855">
        <ele>2532</ele>
        <time>2015-07-07T21:39:40Z</time>
      </trkpt>
      <trkpt lat="45.328007005155087" lon="6.797114023938775">
        <ele>2526</ele>
        <time>2015-07-07T21:40:00Z</time>
      </trkpt>
      <trkpt lat="45.326770003885031" lon="6.7969970125705">
        <ele>2511</ele>
        <time>2015-07-07T21:40:20Z</time>
      </trkpt>
      <trkpt lat="45.326572023332119" lon="6.797029031440616">
        <ele>2495</ele>
        <time>2015-07-07T21:40:40Z</time>
      </trkpt>
      <trkpt lat="45.326254013925791" lon="6.796950995922089">
        <ele>2493</ele>
        <time>2015-07-07T21:41:00Z</time>
      </trkpt>
      <trkpt lat="45.325984032824636" lon="6.796744968742132">
        <ele>2498</ele>
        <time>2015-07-07T21:41:20Z</time>
      </trkpt>
      <trkpt lat="45.325794015079737" lon="6.796845970675349">
        <ele>2484</ele>
        <time>2015-07-07T21:41:40Z</time>
      </trkpt>
      <trkpt lat="45.325660994276404" lon="6.796823004260659">
        <ele>2481</ele>
        <time>2015-07-07T21:42:00Z</time>
      </trkpt>
      <trkpt lat="45.32539201900363" lon="6.796917971223593">
        <ele>2470</ele>
        <time>2015-07-07T21:42:20Z</time>
      </trkpt>
      <trkpt lat="45.324691962450743" lon="6.796888969838619">
        <ele>2456</ele>
        <time>2015-07-07T21:42:40Z</time>
      </trkpt>
      <trkpt lat="45.32414898276329" lon="6.796771036460996">
        <ele>2457</ele>
        <time>2015-07-07T21:43:00Z</time>
      </trkpt>
      <trkpt lat="45.323780011385679" lon="6.796884024515748">
        <ele>2442</ele>
        <time>2015-07-07T21:43:20Z</time>
      </trkpt>
      <trkpt lat="45.323278019204736" lon="6.796578001230955">
        <ele>2438</ele>
        <time>2015-07-07T21:43:40Z</time>
      </trkpt>
      <trkpt lat="45.322780972346663" lon="6.795919016003609">
        <ele>2433</ele>
        <time>2015-07-07T21:44:00Z</time>
      </trkpt>
      <trkpt lat="45.322589026764035" lon="6.795919016003609">
        <ele>2427</ele>
        <time>2015-07-07T21:44:20Z</time>
      </trkpt>
      <trkpt lat="45.322548039257526" lon="6.796024963259697">
        <ele>2428</ele>
        <time>2015-07-07T21:44:40Z</time>
      </trkpt>
      <trkpt lat="45.322370007634163" lon="6.795972995460033">
        <ele>2408</ele>
        <time>2015-07-07T21:45:00Z</time>
      </trkpt>
      <trkpt lat="45.322341006249189" lon="6.796118002384901">
        <ele>2403</ele>
        <time>2015-07-07T21:45:20Z</time>
      </trkpt>
      <trkpt lat="45.322248972952366" lon="6.796036027371883">
        <ele>2402</ele>
        <time>2015-07-07T21:45:40Z</time>
      </trkpt>
      <trkpt lat="45.322202034294605" lon="6.7961370293051">
        <ele>2399</ele>
        <time>2015-07-07T21:46:00Z</time>
      </trkpt>
      <trkpt lat="45.322082005441189" lon="6.796027980744839">
        <ele>2397</ele>
        <time>2015-07-07T21:46:20Z</time>
      </trkpt>
      <trkpt lat="45.322006987407804" lon="6.796026974916458">
        <ele>2395</ele>
        <time>2015-07-07T21:46:40Z</time>
      </trkpt>
      <trkpt lat="45.322047974914312" lon="6.796269966289401">
        <ele>2394</ele>
        <time>2015-07-07T21:47:00Z</time>
      </trkpt>
      <trkpt lat="45.321739017963409" lon="6.796259991824627">
        <ele>2389</ele>
        <time>2015-07-07T21:47:20Z</time>
      </trkpt>
      <trkpt lat="45.321490997448564" lon="6.79613602347672">
        <ele>2369</ele>
        <time>2015-07-07T21:47:40Z</time>
      </trkpt>
      <trkpt lat="45.321459984406829" lon="6.796277007088065">
        <ele>2366</ele>
        <time>2015-07-07T21:48:00Z</time>
      </trkpt>
      <trkpt lat="45.321344984695315" lon="6.796220010146499">
        <ele>2365</ele>
        <time>2015-07-07T21:48:20Z</time>
      </trkpt>
      <trkpt lat="45.321260998025537" lon="6.796097969636321">
        <ele>2365</ele>
        <time>2015-07-07T21:48:40Z</time>
      </trkpt>
      <trkpt lat="45.321098975837231" lon="6.796068968251348">
        <ele>2362</ele>
        <time>2015-07-07T21:49:00Z</time>
      </trkpt>
      <trkpt lat="45.321022029966116" lon="6.79588096216321">
        <ele>2361</ele>
        <time>2015-07-07T21:49:20Z</time>
      </trkpt>
      <trkpt lat="45.320803010836244" lon="6.795767974108458">
        <ele>2353</ele>
        <time>2015-07-07T21:49:40Z</time>
      </trkpt>
      <trkpt lat="45.320746013894677" lon="6.795597989112139">
        <ele>2350</ele>
        <time>2015-07-07T21:50:00Z</time>
      </trkpt>
      <trkpt lat="45.32070997171104" lon="6.795679964125156">
        <ele>2350</ele>
        <time>2015-07-07T21:50:20Z</time>
      </trkpt>
      <trkpt lat="45.320576028898358" lon="6.795568987727165">
        <ele>2347</ele>
        <time>2015-07-07T21:50:40Z</time>
      </trkpt>
      <trkpt lat="45.320506962016225" lon="6.795925972983241">
        <ele>2338</ele>
        <time>2015-07-07T21:51:00Z</time>
      </trkpt>
      <trkpt lat="45.320334965363145" lon="6.795612992718816">
        <ele>2342</ele>
        <time>2015-07-07T21:51:20Z</time>
      </trkpt>
      <trkpt lat="45.320032965391874" lon="6.795439990237355">
        <ele>2338</ele>
        <time>2015-07-07T21:51:40Z</time>
      </trkpt>
      <trkpt lat="45.319861974567175" lon="6.794745968654752">
        <ele>2321</ele>
        <time>2015-07-07T21:52:00Z</time>
      </trkpt>
      <trkpt lat="45.319618983194232" lon="6.794554023072124">
        <ele>2316</ele>
        <time>2015-07-07T21:52:20Z</time>
      </trkpt>
      <trkpt lat="45.319557040929794" lon="6.793852960690856">
        <ele>2319</ele>
        <time>2015-07-07T21:52:40Z</time>
      </trkpt>
      <trkpt lat="45.319412034004927" lon="6.793410982936621">
        <ele>2314</ele>
        <time>2015-07-07T21:53:00Z</time>
      </trkpt>
      <trkpt lat="45.319140963256359" lon="6.793230017647147">
        <ele>2294</ele>
        <time>2015-07-07T21:53:20Z</time>
      </trkpt>
      <trkpt lat="45.319011965766549" lon="6.7923569586128">
        <ele>2294</ele>
        <time>2015-07-07T21:53:40Z</time>
      </trkpt>
      <trkpt lat="45.318921022117138" lon="6.7920530308038">
        <ele>2293</ele>
        <time>2015-07-07T21:54:00Z</time>
      </trkpt>
      <trkpt lat="45.318803004920483" lon="6.791962003335357">
        <ele>2291</ele>
        <time>2015-07-07T21:54:20Z</time>
      </trkpt>
      <trkpt lat="45.318708037957549" lon="6.791780032217503">
        <ele>2290</ele>
        <time>2015-07-07T21:54:40Z</time>
      </trkpt>
      <trkpt lat="45.318351974710822" lon="6.79156000725925">
        <ele>2287</ele>
        <time>2015-07-07T21:55:00Z</time>
      </trkpt>
      <trkpt lat="45.318245021626353" lon="6.791629996150732">
        <ele>2280</ele>
        <time>2015-07-07T21:55:20Z</time>
      </trkpt>
      <trkpt lat="45.318059027194977" lon="6.791425980627537">
        <ele>2279</ele>
        <time>2015-07-07T21:55:40Z</time>
      </trkpt>
      <trkpt lat="45.317989960312843" lon="6.79151801392436">
        <ele>2278</ele>
        <time>2015-07-07T21:56:00Z</time>
      </trkpt>
      <trkpt lat="45.317929023876786" lon="6.79177600890398">
        <ele>2268</ele>
        <time>2015-07-07T21:56:20Z</time>
      </trkpt>
      <trkpt lat="45.317785022780299" lon="6.79168900474906">
        <ele>2267</ele>
        <time>2015-07-07T21:56:40Z</time>
      </trkpt>
      <trkpt lat="45.3177469689399" lon="6.791780032217503">
        <ele>2266</ele>
        <time>2015-07-07T21:57:00Z</time>
      </trkpt>
      <trkpt lat="45.317596010863781" lon="6.791650028899312">
        <ele>2269</ele>
        <time>2015-07-07T21:57:20Z</time>
      </trkpt>
      <trkpt lat="45.317389983683825" lon="6.791899977251887">
        <ele>2258</ele>
        <time>2015-07-07T21:57:40Z</time>
      </trkpt>
      <trkpt lat="45.3168869856745" lon="6.792026041075587">
        <ele>2255</ele>
        <time>2015-07-07T21:58:00Z</time>
      </trkpt>
      <trkpt lat="45.316798975691199" lon="6.79212000221014">
        <ele>2253</ele>
        <time>2015-07-07T21:58:20Z</time>
      </trkpt>
      <trkpt lat="45.316693028435111" lon="6.79199100472033">
        <ele>2255</ele>
        <time>2015-07-07T21:58:40Z</time>
      </trkpt>
      <trkpt lat="45.31626102514565" lon="6.79198999889195">
        <ele>2254</ele>
        <time>2015-07-07T21:59:00Z</time>
      </trkpt>
      <trkpt lat="45.316180977970362" lon="6.79184096865356">
        <ele>2256</ele>
        <time>2015-07-07T21:59:20Z</time>
      </trkpt>
      <trkpt lat="45.315988026559353" lon="6.79194699972868">
        <ele>2256</ele>
        <time>2015-07-07T21:59:40Z</time>
      </trkpt>
      <trkpt lat="45.315895993262529" lon="6.79213902913034">
        <ele>2252</ele>
        <time>2015-07-07T22:00:00Z</time>
      </trkpt>
      <trkpt lat="45.315688038244843" lon="6.792319994419813">
        <ele>2249</ele>
        <time>2015-07-07T22:00:20Z</time>
      </trkpt>
      <trkpt lat="45.315478993579745" lon="6.792640015482903">
        <ele>2235</ele>
        <time>2015-07-07T22:00:40Z</time>
      </trkpt>
      <trkpt lat="45.315258968621492" lon="6.792604979127646">
        <ele>2235</ele>
        <time>2015-07-07T22:01:00Z</time>
      </trkpt>
      <trkpt lat="45.315058976411819" lon="6.7927420232445">
        <ele>2234</ele>
        <time>2015-07-07T22:01:20Z</time>
      </trkpt>
      <trkpt lat="45.314918998628855" lon="6.792730037122965">
        <ele>2233</ele>
        <time>2015-07-07T22:01:40Z</time>
      </trkpt>
      <trkpt lat="45.314482972025871" lon="6.793116023764014">
        <ele>2225</ele>
        <time>2015-07-07T22:02:00Z</time>
      </trkpt>
      <trkpt lat="45.314429998397827" lon="6.793281985446811">
        <ele>2222</ele>
        <time>2015-07-07T22:02:20Z</time>
      </trkpt>
      <trkpt lat="45.31411400064826" lon="6.793603012338281">
        <ele>2208</ele>
        <time>2015-07-07T22:02:40Z</time>
      </trkpt>
      <trkpt lat="45.314021967351437" lon="6.793579962104559">
        <ele>2208</ele>
        <time>2015-07-07T22:03:00Z</time>
      </trkpt>
      <trkpt lat="45.313863968476653" lon="6.793876010924578">
        <ele>2205</ele>
        <time>2015-07-07T22:03:20Z</time>
      </trkpt>
      <trkpt lat="45.313546964898705" lon="6.794145992025733">
        <ele>2202</ele>
        <time>2015-07-07T22:03:40Z</time>
      </trkpt>
      <trkpt lat="45.313346972689033" lon="6.793958991765976">
        <ele>2203</ele>
        <time>2015-07-07T22:04:00Z</time>
      </trkpt>
      <trkpt lat="45.31301898881793" lon="6.79413802921772">
        <ele>2206</ele>
        <time>2015-07-07T22:04:20Z</time>
      </trkpt>
      <trkpt lat="45.312740039080381" lon="6.794214975088835">
        <ele>2197</ele>
        <time>2015-07-07T22:04:40Z</time>
      </trkpt>
      <trkpt lat="45.31256795860827" lon="6.794570032507181">
        <ele>2193</ele>
        <time>2015-07-07T22:05:00Z</time>
      </trkpt>
      <trkpt lat="45.312167974188924" lon="6.794577995315194">
        <ele>2193</ele>
        <time>2015-07-07T22:05:20Z</time>
      </trkpt>
      <trkpt lat="45.312035037204623" lon="6.794692995026708">
        <ele>2192</ele>
        <time>2015-07-07T22:05:40Z</time>
      </trkpt>
      <trkpt lat="45.311694983392954" lon="6.79465401917696">
        <ele>2191</ele>
        <time>2015-07-07T22:06:00Z</time>
      </trkpt>
      <trkpt lat="45.311569003388286" lon="6.79426996037364">
        <ele>2198</ele>
        <time>2015-07-07T22:06:20Z</time>
      </trkpt>
      <trkpt lat="45.311408992856741" lon="6.79428999312222">
        <ele>2196</ele>
        <time>2015-07-07T22:06:40Z</time>
      </trkpt>
      <trkpt lat="45.310864001512527" lon="6.795101026073098">
        <ele>2175</ele>
        <time>2015-07-07T22:07:00Z</time>
      </trkpt>
      <trkpt lat="45.310665015131235" lon="6.794734988361597">
        <ele>2194</ele>
        <time>2015-07-07T22:07:20Z</time>
      </trkpt>
      <trkpt lat="45.31054699793458" lon="6.794739011675119">
        <ele>2196</ele>
        <time>2015-07-07T22:07:40Z</time>
      </trkpt>
      <trkpt lat="45.31039897352457" lon="6.79514997638762">
        <ele>2177</ele>
        <time>2015-07-07T22:08:00Z</time>
      </trkpt>
      <trkpt lat="45.310281962156296" lon="6.795249972492456">
        <ele>2177</ele>
        <time>2015-07-07T22:08:20Z</time>
      </trkpt>
      <trkpt lat="45.31005104072392" lon="6.795639982447028">
        <ele>2171</ele>
        <time>2015-07-07T22:08:40Z</time>
      </trkpt>
      <trkpt lat="45.309812994673848" lon="6.795713994652033">
        <ele>2185</ele>
        <time>2015-07-07T22:09:00Z</time>
      </trkpt>
      <trkpt lat="45.309358024969697" lon="6.796242976561189">
        <ele>2167</ele>
        <time>2015-07-07T22:09:20Z</time>
      </trkpt>
      <trkpt lat="45.30889299698174" lon="6.796625023707748">
        <ele>2177</ele>
        <time>2015-07-07T22:09:40Z</time>
      </trkpt>
      <trkpt lat="45.308640031144023" lon="6.796759972348809">
        <ele>2149</ele>
        <time>2015-07-07T22:10:00Z</time>
      </trkpt>
      <trkpt lat="45.308340964838862" lon="6.796758966520429">
        <ele>2162</ele>
        <time>2015-07-07T22:10:20Z</time>
      </trkpt>
      <trkpt lat="45.307482993230224" lon="6.797058032825589">
        <ele>2168</ele>
        <time>2015-07-07T22:10:40Z</time>
      </trkpt>
      <trkpt lat="45.307114021852612" lon="6.797417029738426">
        <ele>2156</ele>
        <time>2015-07-07T22:11:00Z</time>
      </trkpt>
      <trkpt lat="45.30695996247232" lon="6.797433039173484">
        <ele>2157</ele>
        <time>2015-07-07T22:11:20Z</time>
      </trkpt>
      <trkpt lat="45.306754019111395" lon="6.797545021399856">
        <ele>2133</ele>
        <time>2015-07-07T22:11:40Z</time>
      </trkpt>
      <trkpt lat="45.306662991642952" lon="6.797714000567794">
        <ele>2134</ele>
        <time>2015-07-07T22:12:00Z</time>
      </trkpt>
      <trkpt lat="45.306179020553827" lon="6.798326969146729">
        <ele>2122</ele>
        <time>2015-07-07T22:12:20Z</time>
      </trkpt>
      <trkpt lat="45.305205965414643" lon="6.798886964097619">
        <ele>2100</ele>
        <time>2015-07-07T22:12:40Z</time>
      </trkpt>
      <trkpt lat="45.304442960768938" lon="6.798739023506641">
        <ele>2108</ele>
        <time>2015-07-07T22:13:00Z</time>
      </trkpt>
      <trkpt lat="45.304119000211358" lon="6.798986038193107">
        <ele>2100</ele>
        <time>2015-07-07T22:13:20Z</time>
      </trkpt>
      <trkpt lat="45.303797973319888" lon="6.79901797324419">
        <ele>2102</ele>
        <time>2015-07-07T22:13:40Z</time>
      </trkpt>
      <trkpt lat="45.303485998883843" lon="6.799211008474231">
        <ele>2083</ele>
        <time>2015-07-07T22:14:00Z</time>
      </trkpt>
      <trkpt lat="45.303132031112909" lon="6.799168009310961">
        <ele>2076</ele>
        <time>2015-07-07T22:14:20Z</time>
      </trkpt>
      <trkpt lat="45.303033040836453" lon="6.798873972147703">
        <ele>2091</ele>
        <time>2015-07-07T22:14:40Z</time>
      </trkpt>
      <trkpt lat="45.302870012819767" lon="6.798833990469575">
        <ele>2089</ele>
        <time>2015-07-07T22:15:00Z</time>
      </trkpt>
      <trkpt lat="45.302737997844815" lon="6.798580018803477">
        <ele>2091</ele>
        <time>2015-07-07T22:15:20Z</time>
      </trkpt>
      <trkpt lat="45.302509004250169" lon="6.798589993268251">
        <ele>2089</ele>
        <time>2015-07-07T22:15:40Z</time>
      </trkpt>
      <trkpt lat="45.302349999547005" lon="6.798296039924026">
        <ele>2084</ele>
        <time>2015-07-07T22:16:00Z</time>
      </trkpt>
      <trkpt lat="45.302276993170381" lon="6.797881973907352">
        <ele>2083</ele>
        <time>2015-07-07T22:16:20Z</time>
      </trkpt>
      <trkpt lat="45.302040036767721" lon="6.797700002789497">
        <ele>2079</ele>
        <time>2015-07-07T22:16:40Z</time>
      </trkpt>
      <trkpt lat="45.301948003470898" lon="6.797357015311718">
        <ele>2088</ele>
        <time>2015-07-07T22:17:00Z</time>
      </trkpt>
      <trkpt lat="45.301628988236189" lon="6.796745974570513">
        <ele>2075</ele>
        <time>2015-07-07T22:17:20Z</time>
      </trkpt>
      <trkpt lat="45.301378034055233" lon="6.795909963548183">
        <ele>2084</ele>
        <time>2015-07-07T22:17:40Z</time>
      </trkpt>
      <trkpt lat="45.301368981599808" lon="6.79555700160563">
        <ele>2089</ele>
        <time>2015-07-07T22:18:00Z</time>
      </trkpt>
      <trkpt lat="45.301460009068251" lon="6.795130027458072">
        <ele>2093</ele>
        <time>2015-07-07T22:18:20Z</time>
      </trkpt>
      <trkpt lat="45.301383985206485" lon="6.794822998344898">
        <ele>2092</ele>
        <time>2015-07-07T22:18:40Z</time>
      </trkpt>
      <trkpt lat="45.301921013742685" lon="6.793047040700913">
        <ele>2140</ele>
        <time>2015-07-07T22:19:00Z</time>
      </trkpt>
      <trkpt lat="45.301681039854884" lon="6.791892014443874">
        <ele>2155</ele>
        <time>2015-07-07T22:19:20Z</time>
      </trkpt>
      <trkpt lat="45.301799979060888" lon="6.791959991678596">
        <ele>2157</ele>
        <time>2015-07-07T22:19:40Z</time>
      </trkpt>
      <trkpt lat="45.301715992391109" lon="6.791442995890975">
        <ele>2172</ele>
        <time>2015-07-07T22:20:00Z</time>
      </trkpt>
      <trkpt lat="45.301280971616507" lon="6.791019961237907">
        <ele>2168</ele>
        <time>2015-07-07T22:20:20Z</time>
      </trkpt>
      <trkpt lat="45.300945024937391" lon="6.791327996179462">
        <ele>2161</ele>
        <time>2015-07-07T22:20:40Z</time>
      </trkpt>
      <trkpt lat="45.300804963335395" lon="6.791296983137727">
        <ele>2158</ele>
        <time>2015-07-07T22:21:00Z</time>
      </trkpt>
      <trkpt lat="45.300946030765772" lon="6.7911740206182">
        <ele>2164</ele>
        <time>2015-07-07T22:21:20Z</time>
      </trkpt>
      <trkpt lat="45.300952987745404" lon="6.790907979011536">
        <ele>2169</ele>
        <time>2015-07-07T22:21:40Z</time>
      </trkpt>
      <trkpt lat="45.30089900828898" lon="6.790866991505027">
        <ele>2171</ele>
        <time>2015-07-07T22:22:00Z</time>
      </trkpt>
      <trkpt lat="45.300924992188811" lon="6.79055099375546">
        <ele>2188</ele>
        <time>2015-07-07T22:22:20Z</time>
      </trkpt>
      <trkpt lat="45.300861038267612" lon="6.78984297439456">
        <ele>2209</ele>
        <time>2015-07-07T22:22:40Z</time>
      </trkpt>
      <trkpt lat="45.300156036391854" lon="6.789739038795233">
        <ele>2207</ele>
        <time>2015-07-07T22:23:00Z</time>
      </trkpt>
      <trkpt lat="45.300152013078332" lon="6.789469979703426">
        <ele>2212</ele>
        <time>2015-07-07T22:23:20Z</time>
      </trkpt>
      <trkpt lat="45.299854036420584" lon="6.789350034669042">
        <ele>2213</ele>
        <time>2015-07-07T22:23:40Z</time>
      </trkpt>
      <trkpt lat="45.29965203255415" lon="6.788664981722832">
        <ele>2226</ele>
        <time>2015-07-07T22:24:00Z</time>
      </trkpt>
      <trkpt lat="45.299376016482711" lon="6.788374967873097">
        <ele>2229</ele>
        <time>2015-07-07T22:24:20Z</time>
      </trkpt>
      <trkpt lat="45.29901098459959" lon="6.788809988647699">
        <ele>2236</ele>
        <time>2015-07-07T22:24:40Z</time>
      </trkpt>
      <trkpt lat="45.298973014578223" lon="6.788459038361907">
        <ele>2239</ele>
        <time>2015-07-07T22:25:00Z</time>
      </trkpt>
      <trkpt lat="45.298765981569886" lon="6.789076030254364">
        <ele>2238</ele>
        <time>2015-07-07T22:25:20Z</time>
      </trkpt>
      <trkpt lat="45.298232976347208" lon="6.789109976962209">
        <ele>2250</ele>
        <time>2015-07-07T22:25:40Z</time>
      </trkpt>
      <trkpt lat="45.298060979694128" lon="6.789297983050346">
        <ele>2239</ele>
        <time>2015-07-07T22:26:00Z</time>
      </trkpt>
      <trkpt lat="45.29793600551784" lon="6.789140990003943">
        <ele>2253</ele>
        <time>2015-07-07T22:26:20Z</time>
      </trkpt>
      <trkpt lat="45.297900969162583" lon="6.7887909617275">
        <ele>2257</ele>
        <time>2015-07-07T22:26:40Z</time>
      </trkpt>
      <trkpt lat="45.29761103913188" lon="6.788609996438026">
        <ele>2262</ele>
        <time>2015-07-07T22:27:00Z</time>
      </trkpt>
      <trkpt lat="45.297198984771967" lon="6.789038982242346">
        <ele>2272</ele>
        <time>2015-07-07T22:27:20Z</time>
      </trkpt>
      <trkpt lat="45.29698901809752" lon="6.789139984175563">
        <ele>2279</ele>
        <time>2015-07-07T22:27:40Z</time>
      </trkpt>
      <trkpt lat="45.296679977327585" lon="6.790008014068008">
        <ele>2252</ele>
        <time>2015-07-07T22:28:00Z</time>
      </trkpt>
      <trkpt lat="45.296552991494536" lon="6.790060987696052">
        <ele>2258</ele>
        <time>2015-07-07T22:28:20Z</time>
      </trkpt>
      <trkpt lat="45.296130962669849" lon="6.791179971769452">
        <ele>2244</ele>
        <time>2015-07-07T22:28:40Z</time>
      </trkpt>
      <trkpt lat="45.295935999602079" lon="6.79143100976944">
        <ele>2246</ele>
        <time>2015-07-07T22:29:00Z</time>
      </trkpt>
      <trkpt lat="45.295630982145667" lon="6.792930029332638">
        <ele>2226</ele>
        <time>2015-07-07T22:29:20Z</time>
      </trkpt>
      <trkpt lat="45.29546401463449" lon="6.793219037353993">
        <ele>2223</ele>
        <time>2015-07-07T22:29:40Z</time>
      </trkpt>
      <trkpt lat="45.295687979087234" lon="6.793440990149975">
        <ele>2206</ele>
        <time>2015-07-07T22:30:00Z</time>
      </trkpt>
      <trkpt lat="45.295125972479582" lon="6.793604018166661">
        <ele>2203</ele>
        <time>2015-07-07T22:30:20Z</time>
      </trkpt>
      <trkpt lat="45.294791031628847" lon="6.793786995112896">
        <ele>2187</ele>
        <time>2015-07-07T22:30:40Z</time>
      </trkpt>
      <trkpt lat="45.29419700615108" lon="6.79370996542275">
        <ele>2181</ele>
        <time>2015-07-07T22:31:00Z</time>
      </trkpt>
      <trkpt lat="45.294102039188147" lon="6.79338600486517">
        <ele>2174</ele>
        <time>2015-07-07T22:31:20Z</time>
      </trkpt>
      <trkpt lat="45.294113019481301" lon="6.792911002412438">
        <ele>2180</ele>
        <time>2015-07-07T22:31:40Z</time>
      </trkpt>
      <trkpt lat="45.293858963996172" lon="6.792430970817804">
        <ele>2197</ele>
        <time>2015-07-07T22:32:00Z</time>
      </trkpt>
      <trkpt lat="45.293806996196508" lon="6.792121008038521">
        <ele>2199</ele>
        <time>2015-07-07T22:32:20Z</time>
      </trkpt>
      <trkpt lat="45.293604992330074" lon="6.791768968105316">
        <ele>2197</ele>
        <time>2015-07-07T22:32:40Z</time>
      </trkpt>
      <trkpt lat="45.293417992070317" lon="6.791703002527356">
        <ele>2190</ele>
        <time>2015-07-07T22:33:00Z</time>
      </trkpt>
      <trkpt lat="45.293200984597206" lon="6.791379963979125">
        <ele>2184</ele>
        <time>2015-07-07T22:33:20Z</time>
      </trkpt>
      <trkpt lat="45.292914994060993" lon="6.791348028928042">
        <ele>2179</ele>
        <time>2015-07-07T22:33:40Z</time>
      </trkpt>
      <trkpt lat="45.292808040976524" lon="6.79078996181488">
        <ele>2199</ele>
        <time>2015-07-07T22:34:00Z</time>
      </trkpt>
      <trkpt lat="45.292446026578546" lon="6.791050974279642">
        <ele>2157</ele>
        <time>2015-07-07T22:34:20Z</time>
      </trkpt>
      <trkpt lat="45.291972029954195" lon="6.790222004055977">
        <ele>2173</ele>
        <time>2015-07-07T22:34:40Z</time>
      </trkpt>
      <trkpt lat="45.291934981942177" lon="6.789908017963171">
        <ele>2189</ele>
        <time>2015-07-07T22:35:00Z</time>
      </trkpt>
      <trkpt lat="45.29174798168242" lon="6.789828976616263">
        <ele>2184</ele>
        <time>2015-07-07T22:35:20Z</time>
      </trkpt>
      <trkpt lat="45.291547989472747" lon="6.789490012452006">
        <ele>2176</ele>
        <time>2015-07-07T22:35:40Z</time>
      </trkpt>
      <trkpt lat="45.291494010016322" lon="6.789202010259032">
        <ele>2181</ele>
        <time>2015-07-07T22:36:00Z</time>
      </trkpt>
      <trkpt lat="45.29136098921299" lon="6.78915498778224">
        <ele>2191</ele>
        <time>2015-07-07T22:36:20Z</time>
      </trkpt>
      <trkpt lat="45.291409017518163" lon="6.789000006392598">
        <ele>2193</ele>
        <time>2015-07-07T22:36:40Z</time>
      </trkpt>
      <trkpt lat="45.291111040860415" lon="6.788679985329509">
        <ele>2195</ele>
        <time>2015-07-07T22:37:00Z</time>
      </trkpt>
      <trkpt lat="45.290828989818692" lon="6.788660036399961">
        <ele>2195</ele>
        <time>2015-07-07T22:37:20Z</time>
      </trkpt>
      <trkpt lat="45.290989000350237" lon="6.788469012826681">
        <ele>2197</ele>
        <time>2015-07-07T22:37:40Z</time>
      </trkpt>
      <trkpt lat="45.290655987337232" lon="6.788210012018681">
        <ele>2216</ele>
        <time>2015-07-07T22:38:00Z</time>
      </trkpt>
      <trkpt lat="45.28998602181673" lon="6.788470018655062">
        <ele>2219</ele>
        <time>2015-07-07T22:38:20Z</time>
      </trkpt>
      <trkpt lat="45.290095992386341" lon="6.788149997591972">
        <ele>2226</ele>
        <time>2015-07-07T22:38:40Z</time>
      </trkpt>
      <trkpt lat="45.289778988808393" lon="6.788331968709827">
        <ele>2239</ele>
        <time>2015-07-07T22:39:00Z</time>
      </trkpt>
      <trkpt lat="45.289597017690539" lon="6.788276983425021">
        <ele>2246</ele>
        <time>2015-07-07T22:39:20Z</time>
      </trkpt>
      <trkpt lat="45.289810001850128" lon="6.788019994273782">
        <ele>2247</ele>
        <time>2015-07-07T22:39:40Z</time>
      </trkpt>
      <trkpt lat="45.289618978276849" lon="6.787919998168945">
        <ele>2252</ele>
        <time>2015-07-07T22:40:00Z</time>
      </trkpt>
      <trkpt lat="45.289989039301872" lon="6.787620009854436">
        <ele>2257</ele>
        <time>2015-07-07T22:40:20Z</time>
      </trkpt>
      <trkpt lat="45.289603974670172" lon="6.787438960745931">
        <ele>2281</ele>
        <time>2015-07-07T22:40:40Z</time>
      </trkpt>
      <trkpt lat="45.28921103104949" lon="6.787462010979652">
        <ele>2282</ele>
        <time>2015-07-07T22:41:00Z</time>
      </trkpt>
      <trkpt lat="45.289500961080194" lon="6.787030007690191">
        <ele>2290</ele>
        <time>2015-07-07T22:41:20Z</time>
      </trkpt>
      <trkpt lat="45.289140958338976" lon="6.787082981318235">
        <ele>2296</ele>
        <time>2015-07-07T22:41:40Z</time>
      </trkpt>
      <trkpt lat="45.288818003609776" lon="6.787321027368307">
        <ele>2291</ele>
        <time>2015-07-07T22:42:00Z</time>
      </trkpt>
      <trkpt lat="45.288581969216466" lon="6.787209967151284">
        <ele>2292</ele>
        <time>2015-07-07T22:42:20Z</time>
      </trkpt>
      <trkpt lat="45.288741979748011" lon="6.786927999928594">
        <ele>2297</ele>
        <time>2015-07-07T22:42:40Z</time>
      </trkpt>
      <trkpt lat="45.288455989211798" lon="6.786735970526934">
        <ele>2301</ele>
        <time>2015-07-07T22:43:00Z</time>
      </trkpt>
      <trkpt lat="45.288730999454856" lon="6.786370016634464">
        <ele>2320</ele>
        <time>2015-07-07T22:43:20Z</time>
      </trkpt>
      <trkpt lat="45.288334032520652" lon="6.786199025809765">
        <ele>2323</ele>
        <time>2015-07-07T22:43:40Z</time>
      </trkpt>
      <trkpt lat="45.288058016449213" lon="6.785689992830157">
        <ele>2345</ele>
        <time>2015-07-07T22:44:00Z</time>
      </trkpt>
      <trkpt lat="45.287669012323022" lon="6.785456975921989">
        <ele>2348</ele>
        <time>2015-07-07T22:44:20Z</time>
      </trkpt>
      <trkpt lat="45.287280008196831" lon="6.78503000177443">
        <ele>2349</ele>
        <time>2015-07-07T22:44:40Z</time>
      </trkpt>
      <trkpt lat="45.286887986585498" lon="6.784959007054567">
        <ele>2363</ele>
        <time>2015-07-07T22:45:00Z</time>
      </trkpt>
      <trkpt lat="45.286639966070652" lon="6.784706963226199">
        <ele>2357</ele>
        <time>2015-07-07T22:45:20Z</time>
      </trkpt>
      <trkpt lat="45.286301001906395" lon="6.784240007400513">
        <ele>2366</ele>
        <time>2015-07-07T22:45:40Z</time>
      </trkpt>
      <trkpt lat="45.285747963935137" lon="6.783904982730746">
        <ele>2383</ele>
        <time>2015-07-07T22:46:00Z</time>
      </trkpt>
      <trkpt lat="45.285335993394256" lon="6.783491000533104">
        <ele>2390</ele>
        <time>2015-07-07T22:46:20Z</time>
      </trkpt>
      <trkpt lat="45.284194964915514" lon="6.782721960917115">
        <ele>2415</ele>
        <time>2015-07-07T22:46:40Z</time>
      </trkpt>
      <trkpt lat="45.284097986295819" lon="6.782517023384571">
        <ele>2416</ele>
        <time>2015-07-07T22:47:00Z</time>
      </trkpt>
      <trkpt lat="45.28369196690619" lon="6.782242013141513">
        <ele>2425</ele>
        <time>2015-07-07T22:47:20Z</time>
      </trkpt>
      <trkpt lat="45.283524999395013" lon="6.7819560226053">
        <ele>2428</ele>
        <time>2015-07-07T22:47:40Z</time>
      </trkpt>
      <trkpt lat="45.283293994143605" lon="6.781834987923503">
        <ele>2423</ele>
        <time>2015-07-07T22:48:00Z</time>
      </trkpt>
      <trkpt lat="45.283045973628759" lon="6.781525025144219">
        <ele>2436</ele>
        <time>2015-07-07T22:48:20Z</time>
      </trkpt>
      <trkpt lat="45.282827960327268" lon="6.781471967697144">
        <ele>2434</ele>
        <time>2015-07-07T22:48:40Z</time>
      </trkpt>
      <trkpt lat="45.282539036124945" lon="6.781159993261099">
        <ele>2436</ele>
        <time>2015-07-07T22:49:00Z</time>
      </trkpt>
      <trkpt lat="45.282295038923621" lon="6.781135015189648">
        <ele>2417</ele>
        <time>2015-07-07T22:49:20Z</time>
      </trkpt>
      <trkpt lat="45.282162018120289" lon="6.780838966369629">
        <ele>2417</ele>
        <time>2015-07-07T22:49:40Z</time>
      </trkpt>
      <trkpt lat="45.282359998673201" lon="6.780720027163625">
        <ele>2431</ele>
        <time>2015-07-07T22:50:00Z</time>
      </trkpt>
      <trkpt lat="45.282389000058174" lon="6.780471000820398">
        <ele>2430</ele>
        <time>2015-07-07T22:50:20Z</time>
      </trkpt>
      <trkpt lat="45.282539036124945" lon="6.780319036915898">
        <ele>2452</ele>
        <time>2015-07-07T22:50:40Z</time>
      </trkpt>
      <trkpt lat="45.282414983958006" lon="6.779625015333295">
        <ele>2445</ele>
        <time>2015-07-07T22:51:00Z</time>
      </trkpt>
      <trkpt lat="45.282284980639815" lon="6.779525019228458">
        <ele>2444</ele>
        <time>2015-07-07T22:51:20Z</time>
      </trkpt>
      <trkpt lat="45.282199988141656" lon="6.779102990403771">
        <ele>2462</ele>
        <time>2015-07-07T22:51:40Z</time>
      </trkpt>
      <trkpt lat="45.281790029257536" lon="6.778580965474248">
        <ele>2462</ele>
        <time>2015-07-07T22:52:00Z</time>
      </trkpt>
      <trkpt lat="45.281680980697274" lon="6.778316013514996">
        <ele>2465</ele>
        <time>2015-07-07T22:52:20Z</time>
      </trkpt>
      <trkpt lat="45.281200027093291" lon="6.777838999405503">
        <ele>2459</ele>
        <time>2015-07-07T22:52:40Z</time>
      </trkpt>
      <trkpt lat="45.281011015176773" lon="6.777345975860953">
        <ele>2477</ele>
        <time>2015-07-07T22:53:00Z</time>
      </trkpt>
      <trkpt lat="45.280728964135051" lon="6.776948003098369">
        <ele>2462</ele>
        <time>2015-07-07T22:53:20Z</time>
      </trkpt>
      <trkpt lat="45.280598038807511" lon="6.776893017813563">
        <ele>2460</ele>
        <time>2015-07-07T22:53:40Z</time>
      </trkpt>
      <trkpt lat="45.280291009694338" lon="6.776353977620602">
        <ele>2479</ele>
        <time>2015-07-07T22:54:00Z</time>
      </trkpt>
      <trkpt lat="45.279445024207234" lon="6.775730028748512">
        <ele>2474</ele>
        <time>2015-07-07T22:54:20Z</time>
      </trkpt>
      <trkpt lat="45.27862099930644" lon="6.774945985525847">
        <ele>2464</ele>
        <time>2015-07-07T22:54:40Z</time>
      </trkpt>
      <trkpt lat="45.278548998758197" lon="6.774428989738226">
        <ele>2472</ele>
        <time>2015-07-07T22:55:00Z</time>
      </trkpt>
      <trkpt lat="45.277598993852735" lon="6.773623991757631">
        <ele>2448</ele>
        <time>2015-07-07T22:55:20Z</time>
      </trkpt>
      <trkpt lat="45.277449963614345" lon="6.773408995941281">
        <ele>2431</ele>
        <time>2015-07-07T22:55:40Z</time>
      </trkpt>
      <trkpt lat="45.27743898332119" lon="6.773591972887516">
        <ele>2419</ele>
        <time>2015-07-07T22:56:00Z</time>
      </trkpt>
      <trkpt lat="45.277323983609676" lon="6.773490970954299">
        <ele>2420</ele>
        <time>2015-07-07T22:56:20Z</time>
      </trkpt>
      <trkpt lat="45.27724795974791" lon="6.772950002923608">
        <ele>2434</ele>
        <time>2015-07-07T22:56:40Z</time>
      </trkpt>
      <trkpt lat="45.276614958420396" lon="6.772175012156367">
        <ele>2413</ele>
        <time>2015-07-07T22:57:00Z</time>
      </trkpt>
      <trkpt lat="45.276433993130922" lon="6.771775027737021">
        <ele>2418</ele>
        <time>2015-07-07T22:57:20Z</time>
      </trkpt>
      <trkpt lat="45.276264008134604" lon="6.77166698500514">
        <ele>2411</ele>
        <time>2015-07-07T22:57:40Z</time>
      </trkpt>
      <trkpt lat="45.276109026744962" lon="6.77136599086225">
        <ele>2423</ele>
        <time>2015-07-07T22:58:00Z</time>
      </trkpt>
      <trkpt lat="45.275894030928612" lon="6.77123598754406">
        <ele>2421</ele>
        <time>2015-07-07T22:58:20Z</time>
      </trkpt>
      <trkpt lat="45.275823036208749" lon="6.770972041413188">
        <ele>2404</ele>
        <time>2015-07-07T22:58:40Z</time>
      </trkpt>
      <trkpt lat="45.274625010788441" lon="6.769605958834291">
        <ele>2401</ele>
        <time>2015-07-07T22:59:00Z</time>
      </trkpt>
      <trkpt lat="45.274085970595479" lon="6.769431028515101">
        <ele>2395</ele>
        <time>2015-07-07T22:59:20Z</time>
      </trkpt>
      <trkpt lat="45.273670982569456" lon="6.769648035988212">
        <ele>2391</ele>
        <time>2015-07-07T22:59:40Z</time>
      </trkpt>
      <trkpt lat="45.273761004209518" lon="6.769715007394552">
        <ele>2389</ele>
        <time>2015-07-07T23:00:00Z</time>
      </trkpt>
      <trkpt lat="45.273633012548089" lon="6.769838975742459">
        <ele>2387</ele>
        <time>2015-07-07T23:00:20Z</time>
      </trkpt>
      <trkpt lat="45.273430002853274" lon="6.769872000440955">
        <ele>2382</ele>
        <time>2015-07-07T23:00:40Z</time>
      </trkpt>
      <trkpt lat="45.272822985425591" lon="6.770378015935421">
        <ele>2372</ele>
        <time>2015-07-07T23:01:00Z</time>
      </trkpt>
      <trkpt lat="45.272601032629609" lon="6.770717985928059">
        <ele>2366</ele>
        <time>2015-07-07T23:01:20Z</time>
      </trkpt>
      <trkpt lat="45.272312024608254" lon="6.770983021706343">
        <ele>2368</ele>
        <time>2015-07-07T23:01:40Z</time>
      </trkpt>
      <trkpt lat="45.272258967161179" lon="6.771488031372428">
        <ele>2363</ele>
        <time>2015-07-07T23:02:00Z</time>
      </trkpt>
      <trkpt lat="45.272150002419949" lon="6.771798999980092">
        <ele>2349</ele>
        <time>2015-07-07T23:02:20Z</time>
      </trkpt>
      <trkpt lat="45.27189502492547" lon="6.772040985524654">
        <ele>2351</ele>
        <time>2015-07-07T23:02:40Z</time>
      </trkpt>
      <trkpt lat="45.271762004122138" lon="6.772383973002434">
        <ele>2350</ele>
        <time>2015-07-07T23:03:00Z</time>
      </trkpt>
      <trkpt lat="45.271523036062717" lon="6.772769959643483">
        <ele>2364</ele>
        <time>2015-07-07T23:03:20Z</time>
      </trkpt>
      <trkpt lat="45.271407030522823" lon="6.773511003702879">
        <ele>2355</ele>
        <time>2015-07-07T23:03:40Z</time>
      </trkpt>
      <trkpt lat="45.271438965573907" lon="6.774047026410699">
        <ele>2348</ele>
        <time>2015-07-07T23:04:00Z</time>
      </trkpt>
      <trkpt lat="45.271392026916146" lon="6.774359000846744">
        <ele>2340</ele>
        <time>2015-07-07T23:04:20Z</time>
      </trkpt>
      <trkpt lat="45.271191028878093" lon="6.774636022746563">
        <ele>2344</ele>
        <time>2015-07-07T23:04:40Z</time>
      </trkpt>
      <trkpt lat="45.270937979221344" lon="6.775198029354215">
        <ele>2340</ele>
        <time>2015-07-07T23:05:00Z</time>
      </trkpt>
      <trkpt lat="45.270770005881786" lon="6.775334989652038">
        <ele>2354</ele>
        <time>2015-07-07T23:05:20Z</time>
      </trkpt>
      <trkpt lat="45.270511005073786" lon="6.775819966569543">
        <ele>2352</ele>
        <time>2015-07-07T23:05:40Z</time>
      </trkpt>
      <trkpt lat="45.270168017596006" lon="6.776029011234641">
        <ele>2351</ele>
        <time>2015-07-07T23:06:00Z</time>
      </trkpt>
      <trkpt lat="45.269882027059793" lon="6.776030017063022">
        <ele>2354</ele>
        <time>2015-07-07T23:06:20Z</time>
      </trkpt>
      <trkpt lat="45.26978999376297" lon="6.775842010974884">
        <ele>2354</ele>
        <time>2015-07-07T23:06:40Z</time>
      </trkpt>
      <trkpt lat="45.269373999908566" lon="6.775575969368219">
        <ele>2361</ele>
        <time>2015-07-07T23:07:00Z</time>
      </trkpt>
      <trkpt lat="45.269184987992048" lon="6.775373965501785">
        <ele>2364</ele>
        <time>2015-07-07T23:07:20Z</time>
      </trkpt>
      <trkpt lat="45.268917018547654" lon="6.775300959125161">
        <ele>2358</ele>
        <time>2015-07-07T23:07:40Z</time>
      </trkpt>
      <trkpt lat="45.268537988886237" lon="6.775018991902471">
        <ele>2357</ele>
        <time>2015-07-07T23:08:00Z</time>
      </trkpt>
      <trkpt lat="45.268166000023484" lon="6.774489004164934">
        <ele>2358</ele>
        <time>2015-07-07T23:08:20Z</time>
      </trkpt>
      <trkpt lat="45.268060974776745" lon="6.774130007252097">
        <ele>2370</ele>
        <time>2015-07-07T23:08:40Z</time>
      </trkpt>
      <trkpt lat="45.267932983115315" lon="6.773932026699185">
        <ele>2369</ele>
        <time>2015-07-07T23:09:00Z</time>
      </trkpt>
      <trkpt lat="45.26777196675539" lon="6.773508992046118">
        <ele>2371</ele>
        <time>2015-07-07T23:09:20Z</time>
      </trkpt>
      <trkpt lat="45.267157992348075" lon="6.772337034344673">
        <ele>2377</ele>
        <time>2015-07-07T23:09:40Z</time>
      </trkpt>
      <trkpt lat="45.266708973795176" lon="6.770874978974462">
        <ele>2384</ele>
        <time>2015-07-07T23:10:00Z</time>
      </trkpt>
      <trkpt lat="45.266719032078981" lon="6.770483963191509">
        <ele>2404</ele>
        <time>2015-07-07T23:10:20Z</time>
      </trkpt>
      <trkpt lat="45.26652499102056" lon="6.770268967375159">
        <ele>2378</ele>
        <time>2015-07-07T23:10:40Z</time>
      </trkpt>
      <trkpt lat="45.2662000246346" lon="6.769639989361167">
        <ele>2389</ele>
        <time>2015-07-07T23:11:00Z</time>
      </trkpt>
      <trkpt lat="45.26611695997417" lon="6.769309993833304">
        <ele>2391</ele>
        <time>2015-07-07T23:11:20Z</time>
      </trkpt>
      <trkpt lat="45.265981005504727" lon="6.769106984138489">
        <ele>2401</ele>
        <time>2015-07-07T23:11:40Z</time>
      </trkpt>
      <trkpt lat="45.265746982768178" lon="6.76855000667274">
        <ele>2394</ele>
        <time>2015-07-07T23:12:00Z</time>
      </trkpt>
      <trkpt lat="45.265190005302429" lon="6.76809998229146">
        <ele>2401</ele>
        <time>2015-07-07T23:12:20Z</time>
      </trkpt>
      <trkpt lat="45.265124961733818" lon="6.767866965383291">
        <ele>2406</ele>
        <time>2015-07-07T23:12:40Z</time>
      </trkpt>
      <trkpt lat="45.264880964532495" lon="6.767720030620694">
        <ele>2388</ele>
        <time>2015-07-07T23:13:00Z</time>
      </trkpt>
      <trkpt lat="45.264670997858047" lon="6.7672189604491">
        <ele>2412</ele>
        <time>2015-07-07T23:13:20Z</time>
      </trkpt>
      <trkpt lat="45.264304038137197" lon="6.76695903763175">
        <ele>2413</ele>
        <time>2015-07-07T23:13:40Z</time>
      </trkpt>
      <trkpt lat="45.263783019036055" lon="6.766725014895201">
        <ele>2395</ele>
        <time>2015-07-07T23:14:00Z</time>
      </trkpt>
      <trkpt lat="45.263496022671461" lon="6.766762984916568">
        <ele>2393</ele>
        <time>2015-07-07T23:14:20Z</time>
      </trkpt>
      <trkpt lat="45.263357972726226" lon="6.766458973288536">
        <ele>2408</ele>
        <time>2015-07-07T23:14:40Z</time>
      </trkpt>
      <trkpt lat="45.263563999906182" lon="6.765966033563018">
        <ele>2413</ele>
        <time>2015-07-07T23:15:00Z</time>
      </trkpt>
      <trkpt lat="45.263836998492479" lon="6.765663027763367">
        <ele>2422</ele>
        <time>2015-07-07T23:15:20Z</time>
      </trkpt>
      <trkpt lat="45.26398996822536" lon="6.765021979808807">
        <ele>2429</ele>
        <time>2015-07-07T23:15:40Z</time>
      </trkpt>
      <trkpt lat="45.264037996530533" lon="6.763940965756774">
        <ele>2421</ele>
        <time>2015-07-07T23:16:00Z</time>
      </trkpt>
      <trkpt lat="45.264127012342215" lon="6.763575011864305">
        <ele>2421</ele>
        <time>2015-07-07T23:16:20Z</time>
      </trkpt>
      <trkpt lat="45.264207981526852" lon="6.762909991666675">
        <ele>2452</ele>
        <time>2015-07-07T23:16:40Z</time>
      </trkpt>
      <trkpt lat="45.26433102786541" lon="6.762463990598917">
        <ele>2447</ele>
        <time>2015-07-07T23:17:00Z</time>
      </trkpt>
      <trkpt lat="45.264423983171582" lon="6.761954035609961">
        <ele>2456</ele>
        <time>2015-07-07T23:17:20Z</time>
      </trkpt>
      <trkpt lat="45.26437402702868" lon="6.761249033734202">
        <ele>2456</ele>
        <time>2015-07-07T23:17:40Z</time>
      </trkpt>
      <trkpt lat="45.26454602368176" lon="6.760710999369621">
        <ele>2467</ele>
        <time>2015-07-07T23:18:00Z</time>
      </trkpt>
      <trkpt lat="45.264496989548206" lon="6.760333981364965">
        <ele>2469</ele>
        <time>2015-07-07T23:18:20Z</time>
      </trkpt>
      <trkpt lat="45.264286017045379" lon="6.759994011372328">
        <ele>2472</ele>
        <time>2015-07-07T23:18:40Z</time>
      </trkpt>
      <trkpt lat="45.264025004580617" lon="6.759840035811067">
        <ele>2468</ele>
        <time>2015-07-07T23:19:00Z</time>
      </trkpt>
      <trkpt lat="45.263801962137222" lon="6.759588997811079">
        <ele>2474</ele>
        <time>2015-07-07T23:19:20Z</time>
      </trkpt>
      <trkpt lat="45.26355997659266" lon="6.759583968669176">
        <ele>2473</ele>
        <time>2015-07-07T23:19:40Z</time>
      </trkpt>
      <trkpt lat="45.263270968571305" lon="6.759840035811067">
        <ele>2456</ele>
        <time>2015-07-07T23:20:00Z</time>
      </trkpt>
      <trkpt lat="45.262915994971991" lon="6.75972000695765">
        <ele>2464</ele>
        <time>2015-07-07T23:20:20Z</time>
      </trkpt>
      <trkpt lat="45.262674009427428" lon="6.759524960070849">
        <ele>2471</ele>
        <time>2015-07-07T23:20:40Z</time>
      </trkpt>
      <trkpt lat="45.262383995577693" lon="6.759380958974361">
        <ele>2473</ele>
        <time>2015-07-07T23:21:00Z</time>
      </trkpt>
      <trkpt lat="45.262205963954329" lon="6.75918297842145">
        <ele>2473</ele>
        <time>2015-07-07T23:21:20Z</time>
      </trkpt>
      <trkpt lat="45.261317985132337" lon="6.759580029174686">
        <ele>2457</ele>
        <time>2015-07-07T23:21:40Z</time>
      </trkpt>
      <trkpt lat="45.260940967127681" lon="6.759580029174686">
        <ele>2460</ele>
        <time>2015-07-07T23:22:00Z</time>
      </trkpt>
      <trkpt lat="45.260415002703667" lon="6.759991999715567">
        <ele>2447</ele>
        <time>2015-07-07T23:22:20Z</time>
      </trkpt>
      <trkpt lat="45.260124988853931" lon="6.758917020633817">
        <ele>2461</ele>
        <time>2015-07-07T23:22:40Z</time>
      </trkpt>
      <trkpt lat="45.260153990238905" lon="6.758577972650528">
        <ele>2467</ele>
        <time>2015-07-07T23:23:00Z</time>
      </trkpt>
      <trkpt lat="45.259702960029244" lon="6.75828100182116">
        <ele>2462</ele>
        <time>2015-07-07T23:23:20Z</time>
      </trkpt>
      <trkpt lat="45.259187975898385" lon="6.758215958252549">
        <ele>2449</ele>
        <time>2015-07-07T23:23:40Z</time>
      </trkpt>
      <trkpt lat="45.258800983428955" lon="6.757970033213496">
        <ele>2440</ele>
        <time>2015-07-07T23:24:00Z</time>
      </trkpt>
      <trkpt lat="45.258541982620955" lon="6.757919993251562">
        <ele>2436</ele>
        <time>2015-07-07T23:24:20Z</time>
      </trkpt>
      <trkpt lat="45.258348025381565" lon="6.757755037397146">
        <ele>2436</ele>
        <time>2015-07-07T23:24:40Z</time>
      </trkpt>
      <trkpt lat="45.258308965712786" lon="6.757804993540049">
        <ele>2413</ele>
        <time>2015-07-07T23:25:00Z</time>
      </trkpt>
      <trkpt lat="45.258563021197915" lon="6.758075980469585">
        <ele>2434</ele>
        <time>2015-07-07T23:25:20Z</time>
      </trkpt>
      <trkpt lat="45.258735017850995" lon="6.758138006553054">
        <ele>2436</ele>
        <time>2015-07-07T23:25:40Z</time>
      </trkpt>
      <trkpt lat="45.259109018370509" lon="6.758588030934334">
        <ele>2421</ele>
        <time>2015-07-07T23:26:00Z</time>
      </trkpt>
      <trkpt lat="45.259527023881674" lon="6.758705964311957">
        <ele>2436</ele>
        <time>2015-07-07T23:26:20Z</time>
      </trkpt>
      <trkpt lat="45.25913299061358" lon="6.758751980960369">
        <ele>2415</ele>
        <time>2015-07-07T23:26:40Z</time>
      </trkpt>
      <trkpt lat="45.258700987324119" lon="6.75851502455771">
        <ele>2415</ele>
        <time>2015-07-07T23:27:00Z</time>
      </trkpt>
      <trkpt lat="45.25840301066637" lon="6.75860102288425">
        <ele>2412</ele>
        <time>2015-07-07T23:27:20Z</time>
      </trkpt>
      <trkpt lat="45.25805901736021" lon="6.758487029001117">
        <ele>2396</ele>
        <time>2015-07-07T23:27:40Z</time>
      </trkpt>
      <trkpt lat="45.257812002673745" lon="6.758191986009479">
        <ele>2397</ele>
        <time>2015-07-07T23:28:00Z</time>
      </trkpt>
      <trkpt lat="45.257690967991948" lon="6.757451025769115">
        <ele>2396</ele>
        <time>2015-07-07T23:28:20Z</time>
      </trkpt>
      <trkpt lat="45.257662972435355" lon="6.758313020691276">
        <ele>2389</ele>
        <time>2015-07-07T23:28:40Z</time>
      </trkpt>
      <trkpt lat="45.257732039317489" lon="6.758857006207109">
        <ele>2386</ele>
        <time>2015-07-07T23:29:00Z</time>
      </trkpt>
      <trkpt lat="45.25812498293817" lon="6.759391017258167">
        <ele>2376</ele>
        <time>2015-07-07T23:29:20Z</time>
      </trkpt>
      <trkpt lat="45.25859797373414" lon="6.759399985894561">
        <ele>2386</ele>
        <time>2015-07-07T23:29:40Z</time>
      </trkpt>
      <trkpt lat="45.258850017562509" lon="6.759735010564327">
        <ele>2383</ele>
        <time>2015-07-07T23:30:00Z</time>
      </trkpt>
      <trkpt lat="45.258525973185897" lon="6.759572988376021">
        <ele>2383</ele>
        <time>2015-07-07T23:30:20Z</time>
      </trkpt>
      <trkpt lat="45.257957009598613" lon="6.759841963648796">
        <ele>2367</ele>
        <time>2015-07-07T23:30:40Z</time>
      </trkpt>
      <trkpt lat="45.257767997682095" lon="6.759801981970668">
        <ele>2367</ele>
        <time>2015-07-07T23:31:00Z</time>
      </trkpt>
      <trkpt lat="45.257547972723842" lon="6.759858978912234">
        <ele>2363</ele>
        <time>2015-07-07T23:31:20Z</time>
      </trkpt>
      <trkpt lat="45.256958976387978" lon="6.759628979489207">
        <ele>2352</ele>
        <time>2015-07-07T23:31:40Z</time>
      </trkpt>
      <trkpt lat="45.256805000826716" lon="6.759294038638473">
        <ele>2350</ele>
        <time>2015-07-07T23:32:00Z</time>
      </trkpt>
      <trkpt lat="45.256721014156938" lon="6.75858199596405">
        <ele>2355</ele>
        <time>2015-07-07T23:32:20Z</time>
      </trkpt>
      <trkpt lat="45.256501995027065" lon="6.758401030674577">
        <ele>2339</ele>
        <time>2015-07-07T23:32:40Z</time>
      </trkpt>
      <trkpt lat="45.256323963403702" lon="6.757995011284947">
        <ele>2326</ele>
        <time>2015-07-07T23:33:00Z</time>
      </trkpt>
      <trkpt lat="45.256191026419401" lon="6.75787397660315">
        <ele>2322</ele>
        <time>2015-07-07T23:33:20Z</time>
      </trkpt>
      <trkpt lat="45.255977958440781" lon="6.757860984653235">
        <ele>2318</ele>
        <time>2015-07-07T23:33:40Z</time>
      </trkpt>
      <trkpt lat="45.256176022812724" lon="6.757770963013172">
        <ele>2320</ele>
        <time>2015-07-07T23:34:00Z</time>
      </trkpt>
      <trkpt lat="45.256411973387003" lon="6.757847992703319">
        <ele>2326</ele>
        <time>2015-07-07T23:34:20Z</time>
      </trkpt>
      <trkpt lat="45.256566032767296" lon="6.758006997406483">
        <ele>2330</ele>
        <time>2015-07-07T23:34:40Z</time>
      </trkpt>
      <trkpt lat="45.256674997508526" lon="6.757988976314664">
        <ele>2353</ele>
        <time>2015-07-07T23:35:00Z</time>
      </trkpt>
      <trkpt lat="45.256354976445436" lon="6.757566025480628">
        <ele>2323</ele>
        <time>2015-07-07T23:35:20Z</time>
      </trkpt>
      <trkpt lat="45.256135035306215" lon="6.757469968870282">
        <ele>2305</ele>
        <time>2015-07-07T23:35:40Z</time>
      </trkpt>
      <trkpt lat="45.255748964846134" lon="6.757439039647579">
        <ele>2288</ele>
        <time>2015-07-07T23:36:00Z</time>
      </trkpt>
      <trkpt lat="45.255851978436112" lon="6.757367039099336">
        <ele>2300</ele>
        <time>2015-07-07T23:36:20Z</time>
      </trkpt>
      <trkpt lat="45.256246011704206" lon="6.757311969995499">
        <ele>2307</ele>
        <time>2015-07-07T23:36:40Z</time>
      </trkpt>
      <trkpt lat="45.256568966433406" lon="6.757394028827548">
        <ele>2320</ele>
        <time>2015-07-07T23:37:00Z</time>
      </trkpt>
      <trkpt lat="45.256423959508538" lon="6.75711901858449">
        <ele>2308</ele>
        <time>2015-07-07T23:37:20Z</time>
      </trkpt>
      <trkpt lat="45.256471987813711" lon="6.756869992241263">
        <ele>2306</ele>
        <time>2015-07-07T23:37:40Z</time>
      </trkpt>
      <trkpt lat="45.256610959768295" lon="6.756760021671653">
        <ele>2307</ele>
        <time>2015-07-07T23:38:00Z</time>
      </trkpt>
      <trkpt lat="45.256698969751596" lon="6.756488028913736">
        <ele>2317</ele>
        <time>2015-07-07T23:38:20Z</time>
      </trkpt>
      <trkpt lat="45.256676003336906" lon="6.756141018122435">
        <ele>2310</ele>
        <time>2015-07-07T23:38:40Z</time>
      </trkpt>
      <trkpt lat="45.256810029968619" lon="6.756056025624275">
        <ele>2310</ele>
        <time>2015-07-07T23:39:00Z</time>
      </trkpt>
      <trkpt lat="45.256988983601332" lon="6.755810016766191">
        <ele>2301</ele>
        <time>2015-07-07T23:39:20Z</time>
      </trkpt>
      <trkpt lat="45.257080011069775" lon="6.755297966301441">
        <ele>2303</ele>
        <time>2015-07-07T23:39:40Z</time>
      </trkpt>
      <trkpt lat="45.256825033575296" lon="6.754494979977608">
        <ele>2288</ele>
        <time>2015-07-07T23:40:00Z</time>
      </trkpt>
      <trkpt lat="45.256659993901849" lon="6.754249976947904">
        <ele>2266</ele>
        <time>2015-07-07T23:40:20Z</time>
      </trkpt>
      <trkpt lat="45.256182979792356" lon="6.753799030557275">
        <ele>2243</ele>
        <time>2015-07-07T23:40:40Z</time>
      </trkpt>
      <trkpt lat="45.256191026419401" lon="6.752970982342959">
        <ele>2229</ele>
        <time>2015-07-07T23:41:00Z</time>
      </trkpt>
      <trkpt lat="45.25659897364676" lon="6.752560017630458">
        <ele>2239</ele>
        <time>2015-07-07T23:41:20Z</time>
      </trkpt>
      <trkpt lat="45.256817992776632" lon="6.752592958509922">
        <ele>2258</ele>
        <time>2015-07-07T23:41:40Z</time>
      </trkpt>
      <trkpt lat="45.257255025207996" lon="6.752448035404086">
        <ele>2258</ele>
        <time>2015-07-07T23:42:00Z</time>
      </trkpt>
      <trkpt lat="45.257115969434381" lon="6.752294981852174">
        <ele>2253</ele>
        <time>2015-07-07T23:42:20Z</time>
      </trkpt>
      <trkpt lat="45.256806006655097" lon="6.752295987680554">
        <ele>2247</ele>
        <time>2015-07-07T23:42:40Z</time>
      </trkpt>
      <trkpt lat="45.256915977224708" lon="6.752160033211112">
        <ele>2248</ele>
        <time>2015-07-07T23:43:00Z</time>
      </trkpt>
      <trkpt lat="45.256580030545592" lon="6.752119967713952">
        <ele>2216</ele>
        <time>2015-07-07T23:43:20Z</time>
      </trkpt>
      <trkpt lat="45.256571983918548" lon="6.751738004386425">
        <ele>2216</ele>
        <time>2015-07-07T23:43:40Z</time>
      </trkpt>
      <trkpt lat="45.256489003077149" lon="6.751430975273252">
        <ele>2198</ele>
        <time>2015-07-07T23:44:00Z</time>
      </trkpt>
      <trkpt lat="45.256695030257106" lon="6.750583983957768">
        <ele>2232</ele>
        <time>2015-07-07T23:44:20Z</time>
      </trkpt>
      <trkpt lat="45.256996024399996" lon="6.750239990651608">
        <ele>2243</ele>
        <time>2015-07-07T23:44:40Z</time>
      </trkpt>
      <trkpt lat="45.256999963894486" lon="6.749909995123744">
        <ele>2248</ele>
        <time>2015-07-07T23:45:00Z</time>
      </trkpt>
      <trkpt lat="45.256722019985318" lon="6.749659040942788">
        <ele>2244</ele>
        <time>2015-07-07T23:45:20Z</time>
      </trkpt>
      <trkpt lat="45.256529990583658" lon="6.748968036845326">
        <ele>2230</ele>
        <time>2015-07-07T23:45:40Z</time>
      </trkpt>
      <trkpt lat="45.256394036114216" lon="6.748813977465034">
        <ele>2228</ele>
        <time>2015-07-07T23:46:00Z</time>
      </trkpt>
      <trkpt lat="45.256283981725574" lon="6.748414998874068">
        <ele>2231</ele>
        <time>2015-07-07T23:46:20Z</time>
      </trkpt>
      <trkpt lat="45.256064962595701" lon="6.747716031968594">
        <ele>2242</ele>
        <time>2015-07-07T23:46:40Z</time>
      </trkpt>
      <trkpt lat="45.256106033921242" lon="6.747491983696818">
        <ele>2248</ele>
        <time>2015-07-07T23:47:00Z</time>
      </trkpt>
      <trkpt lat="45.255934959277511" lon="6.746834004297853">
        <ele>2244</ele>
        <time>2015-07-07T23:47:20Z</time>
      </trkpt>
      <trkpt lat="45.256150038912892" lon="6.746322037652135">
        <ele>2252</ele>
        <time>2015-07-07T23:47:40Z</time>
      </trkpt>
      <trkpt lat="45.256388001143932" lon="6.745961029082537">
        <ele>2257</ele>
        <time>2015-07-07T23:48:00Z</time>
      </trkpt>
      <trkpt lat="45.256660999730229" lon="6.74566799774766">
        <ele>2262</ele>
        <time>2015-07-07T23:48:20Z</time>
      </trkpt>
      <trkpt lat="45.256812963634729" lon="6.745532965287566">
        <ele>2280</ele>
        <time>2015-07-07T23:48:40Z</time>
      </trkpt>
      <trkpt lat="45.25692000053823" lon="6.745214033871889">
        <ele>2282</ele>
        <time>2015-07-07T23:49:00Z</time>
      </trkpt>
      <trkpt lat="45.256812041625381" lon="6.745100961998105">
        <ele>2279</ele>
        <time>2015-07-07T23:49:20Z</time>
      </trkpt>
      <trkpt lat="45.256342990323901" lon="6.744832992553711">
        <ele>2274</ele>
        <time>2015-07-07T23:49:40Z</time>
      </trkpt>
      <trkpt lat="45.256160013377666" lon="6.744806002825499">
        <ele>2271</ele>
        <time>2015-07-07T23:50:00Z</time>
      </trkpt>
      <trkpt lat="45.255849966779351" lon="6.744549013674259">
        <ele>2273</ele>
        <time>2015-07-07T23:50:20Z</time>
      </trkpt>
      <trkpt lat="45.255232974886894" lon="6.743772011250258">
        <ele>2263</ele>
        <time>2015-07-07T23:50:40Z</time>
      </trkpt>
      <trkpt lat="45.255077993497252" lon="6.743156025186181">
        <ele>2271</ele>
        <time>2015-07-07T23:51:00Z</time>
      </trkpt>
      <trkpt lat="45.255054021254182" lon="6.742629976943135">
        <ele>2275</ele>
        <time>2015-07-07T23:51:20Z</time>
      </trkpt>
      <trkpt lat="45.254867020994425" lon="6.742234015837312">
        <ele>2264</ele>
        <time>2015-07-07T23:51:40Z</time>
      </trkpt>
      <trkpt lat="45.254616988822818" lon="6.742051960900426">
        <ele>2261</ele>
        <time>2015-07-07T23:52:00Z</time>
      </trkpt>
      <trkpt lat="45.254295039921999" lon="6.741601014509797">
        <ele>2267</ele>
        <time>2015-07-07T23:52:20Z</time>
      </trkpt>
      <trkpt lat="45.253922967240214" lon="6.741498000919819">
        <ele>2249</ele>
        <time>2015-07-07T23:52:40Z</time>
      </trkpt>
      <trkpt lat="45.253432961180806" lon="6.741159036755562">
        <ele>2244</ele>
        <time>2015-07-07T23:53:00Z</time>
      </trkpt>
      <trkpt lat="45.253260964527726" lon="6.740798028185964">
        <ele>2236</ele>
        <time>2015-07-07T23:53:20Z</time>
      </trkpt>
      <trkpt lat="45.253231963142753" lon="6.740547996014357">
        <ele>2231</ele>
        <time>2015-07-07T23:53:40Z</time>
      </trkpt>
      <trkpt lat="45.253148982301354" lon="6.740396032109857">
        <ele>2230</ele>
        <time>2015-07-07T23:54:00Z</time>
      </trkpt>
      <trkpt lat="45.253044040873647" lon="6.740008033812046">
        <ele>2232</ele>
        <time>2015-07-07T23:54:20Z</time>
      </trkpt>
      <trkpt lat="45.253018978983164" lon="6.739380983635783">
        <ele>2236</ele>
        <time>2015-07-07T23:54:40Z</time>
      </trkpt>
      <trkpt lat="45.252922000363469" lon="6.738998014479876">
        <ele>2239</ele>
        <time>2015-07-07T23:55:00Z</time>
      </trkpt>
      <trkpt lat="45.252972040325403" lon="6.73834104090929">
        <ele>2245</ele>
        <time>2015-07-07T23:55:20Z</time>
      </trkpt>
      <trkpt lat="45.252513969317079" lon="6.737959999591112">
        <ele>2251</ele>
        <time>2015-07-07T23:55:40Z</time>
      </trkpt>
      <trkpt lat="45.252135023474693" lon="6.737470999360085">
        <ele>2253</ele>
        <time>2015-07-07T23:56:00Z</time>
      </trkpt>
      <trkpt lat="45.251740990206599" lon="6.737176962196827">
        <ele>2250</ele>
        <time>2015-07-07T23:56:20Z</time>
      </trkpt>
      <trkpt lat="45.251476038247347" lon="6.737044025212526">
        <ele>2234</ele>
        <time>2015-07-07T23:56:40Z</time>
      </trkpt>
      <trkpt lat="45.251177977770567" lon="6.736675975844264">
        <ele>2233</ele>
        <time>2015-07-07T23:57:00Z</time>
      </trkpt>
      <trkpt lat="45.250911014154553" lon="6.735997963696718">
        <ele>2244</ele>
        <time>2015-07-07T23:57:20Z</time>
      </trkpt>
      <trkpt lat="45.250893998891115" lon="6.735565960407257">
        <ele>2248</ele>
        <time>2015-07-07T23:57:40Z</time>
      </trkpt>
      <trkpt lat="45.250846976414323" lon="6.735134962946177">
        <ele>2243</ele>
        <time>2015-07-07T23:58:00Z</time>
      </trkpt>
      <trkpt lat="45.250920988619328" lon="6.734735984355211">
        <ele>2245</ele>
        <time>2015-07-07T23:58:20Z</time>
      </trkpt>
      <trkpt lat="45.250913025811315" lon="6.734058978036046">
        <ele>2242</ele>
        <time>2015-07-07T23:58:40Z</time>
      </trkpt>
      <trkpt lat="45.250866003334522" lon="6.733869966119528">
        <ele>2245</ele>
        <time>2015-07-07T23:59:00Z</time>
      </trkpt>
      <trkpt lat="45.251027019694448" lon="6.733520021662116">
        <ele>2247</ele>
        <time>2015-07-07T23:59:20Z</time>
      </trkpt>
      <trkpt lat="45.251349974423647" lon="6.73303596675396">
        <ele>2251</ele>
        <time>2015-07-07T23:59:40Z</time>
      </trkpt>
      <trkpt lat="45.251729004085064" lon="6.732989028096199">
        <ele>2260</ele>
        <time>2015-07-08T00:00:00Z</time>
      </trkpt>
      <trkpt lat="45.252809012308717" lon="6.733304020017386">
        <ele>2269</ele>
        <time>2015-07-08T00:00:20Z</time>
      </trkpt>
      <trkpt lat="45.25309600867331" lon="6.733435029163957">
        <ele>2282</ele>
        <time>2015-07-08T00:00:40Z</time>
      </trkpt>
      <trkpt lat="45.2535679936409" lon="6.73346302472055">
        <ele>2288</ele>
        <time>2015-07-08T00:01:00Z</time>
      </trkpt>
      <trkpt lat="45.254050958901644" lon="6.73363502137363">
        <ele>2293</ele>
        <time>2015-07-08T00:01:20Z</time>
      </trkpt>
      <trkpt lat="45.254413979128003" lon="6.7333809658885">
        <ele>2301</ele>
        <time>2015-07-08T00:01:40Z</time>
      </trkpt>
      <trkpt lat="45.254798959940672" lon="6.73340099863708">
        <ele>2307</ele>
        <time>2015-07-08T00:02:00Z</time>
      </trkpt>
      <trkpt lat="45.255326014012098" lon="6.733044013381004">
        <ele>2309</ele>
        <time>2015-07-08T00:02:20Z</time>
      </trkpt>
      <trkpt lat="45.256238970905542" lon="6.732116974890232">
        <ele>2311</ele>
        <time>2015-07-08T00:02:40Z</time>
      </trkpt>
      <trkpt lat="45.256480034440756" lon="6.732022007927299">
        <ele>2312</ele>
        <time>2015-07-08T00:03:00Z</time>
      </trkpt>
      <trkpt lat="45.256799971684813" lon="6.731562009081245">
        <ele>2316</ele>
        <time>2015-07-08T00:03:20Z</time>
      </trkpt>
      <trkpt lat="45.256930980831385" lon="6.731455978006125">
        <ele>2317</ele>
        <time>2015-07-08T00:03:40Z</time>
      </trkpt>
      <trkpt lat="45.257190987467766" lon="6.73090604133904">
        <ele>2317</ele>
        <time>2015-07-08T00:04:00Z</time>
      </trkpt>
      <trkpt lat="45.257058972492814" lon="6.730875028297305">
        <ele>2315</ele>
        <time>2015-07-08T00:04:20Z</time>
      </trkpt>
      <trkpt lat="45.256979009136558" lon="6.731240982189775">
        <ele>2316</ele>
        <time>2015-07-08T00:04:40Z</time>
      </trkpt>
      <trkpt lat="45.256692012771964" lon="6.731385989114642">
        <ele>2315</ele>
        <time>2015-07-08T00:05:00Z</time>
      </trkpt>
      <trkpt lat="45.256544994190335" lon="6.731267971917987">
        <ele>2300</ele>
        <time>2015-07-08T00:05:20Z</time>
      </trkpt>
      <trkpt lat="45.256687989458442" lon="6.730304975062609">
        <ele>2296</ele>
        <time>2015-07-08T00:05:40Z</time>
      </trkpt>
      <trkpt lat="45.256513981148601" lon="6.730517959222198">
        <ele>2285</ele>
        <time>2015-07-08T00:06:00Z</time>
      </trkpt>
      <trkpt lat="45.256690001115203" lon="6.729937009513378">
        <ele>2282</ele>
        <time>2015-07-08T00:06:20Z</time>
      </trkpt>
      <trkpt lat="45.257015973329544" lon="6.729742968454957">
        <ele>2282</ele>
        <time>2015-07-08T00:06:40Z</time>
      </trkpt>
      <trkpt lat="45.257258964702487" lon="6.729687983170152">
        <ele>2285</ele>
        <time>2015-07-08T00:07:00Z</time>
      </trkpt>
      <trkpt lat="45.257648974657059" lon="6.729405010119081">
        <ele>2294</ele>
        <time>2015-07-08T00:07:20Z</time>
      </trkpt>
      <trkpt lat="45.257993973791599" lon="6.729332003742456">
        <ele>2298</ele>
        <time>2015-07-08T00:07:40Z</time>
      </trkpt>
      <trkpt lat="45.258512981235981" lon="6.729068979620934">
        <ele>2297</ele>
        <time>2015-07-08T00:08:00Z</time>
      </trkpt>
      <trkpt lat="45.259189987555146" lon="6.728709982708097">
        <ele>2310</ele>
        <time>2015-07-08T00:08:20Z</time>
      </trkpt>
      <trkpt lat="45.259399032220244" lon="6.728298012167215">
        <ele>2292</ele>
        <time>2015-07-08T00:08:40Z</time>
      </trkpt>
      <trkpt lat="45.25990697555244" lon="6.728291977196932">
        <ele>2303</ele>
        <time>2015-07-08T00:09:00Z</time>
      </trkpt>
      <trkpt lat="45.260135969147086" lon="6.728119980543852">
        <ele>2306</ele>
        <time>2015-07-08T00:09:20Z</time>
      </trkpt>
      <trkpt lat="45.26108899153769" lon="6.727627040818334">
        <ele>2317</ele>
        <time>2015-07-08T00:09:40Z</time>
      </trkpt>
      <trkpt lat="45.261829029768705" lon="6.727009965106845">
        <ele>2324</ele>
        <time>2015-07-08T00:10:00Z</time>
      </trkpt>
      <trkpt lat="45.26246203109622" lon="6.72579500824213">
        <ele>2304</ele>
        <time>2015-07-08T00:10:20Z</time>
      </trkpt>
      <trkpt lat="45.262631010264158" lon="6.725806994363666">
        <ele>2305</ele>
        <time>2015-07-08T00:10:40Z</time>
      </trkpt>
      <trkpt lat="45.262789009138942" lon="6.726055014878511">
        <ele>2315</ele>
        <time>2015-07-08T00:11:00Z</time>
      </trkpt>
      <trkpt lat="45.263413041830063" lon="6.72620203346014">
        <ele>2314</ele>
        <time>2015-07-08T00:11:20Z</time>
      </trkpt>
      <trkpt lat="45.263629965484142" lon="6.726533034816384">
        <ele>2316</ele>
        <time>2015-07-08T00:11:40Z</time>
      </trkpt>
      <trkpt lat="45.263778995722532" lon="6.72652599401772">
        <ele>2316</ele>
        <time>2015-07-08T00:12:00Z</time>
      </trkpt>
      <trkpt lat="45.263842027634382" lon="6.726407976821065">
        <ele>2316</ele>
        <time>2015-07-08T00:12:20Z</time>
      </trkpt>
      <trkpt lat="45.263831969350576" lon="6.725978991016746">
        <ele>2314</ele>
        <time>2015-07-08T00:12:40Z</time>
      </trkpt>
      <trkpt lat="45.263994997367263" lon="6.726107988506556">
        <ele>2315</ele>
        <time>2015-07-08T00:13:00Z</time>
      </trkpt>
      <trkpt lat="45.264301020652056" lon="6.72598603181541">
        <ele>2320</ele>
        <time>2015-07-08T00:13:20Z</time>
      </trkpt>
      <trkpt lat="45.264774011448026" lon="6.726025007665157">
        <ele>2327</ele>
        <time>2015-07-08T00:13:40Z</time>
      </trkpt>
      <trkpt lat="45.264824973419309" lon="6.725810011848807">
        <ele>2328</ele>
        <time>2015-07-08T00:14:00Z</time>
      </trkpt>
      <trkpt lat="45.264968974515796" lon="6.725562997162342">
        <ele>2328</ele>
        <time>2015-07-08T00:14:20Z</time>
      </trkpt>
      <trkpt lat="45.264885993674397" lon="6.725073996931315">
        <ele>2331</ele>
        <time>2015-07-08T00:14:40Z</time>
      </trkpt>
      <trkpt lat="45.265076011419296" lon="6.724524982273579">
        <ele>2343</ele>
        <time>2015-07-08T00:15:00Z</time>
      </trkpt>
      <trkpt lat="45.265058996155858" lon="6.724153999239206">
        <ele>2333</ele>
        <time>2015-07-08T00:15:20Z</time>
      </trkpt>
      <trkpt lat="45.265159998089075" lon="6.723916959017515">
        <ele>2338</ele>
        <time>2015-07-08T00:15:40Z</time>
      </trkpt>
      <trkpt lat="45.265180030837655" lon="6.723509011790156">
        <ele>2335</ele>
        <time>2015-07-08T00:16:00Z</time>
      </trkpt>
      <trkpt lat="45.264820028096437" lon="6.722397990524769">
        <ele>2307</ele>
        <time>2015-07-08T00:16:20Z</time>
      </trkpt>
      <trkpt lat="45.264723971486092" lon="6.722188023850322">
        <ele>2301</ele>
        <time>2015-07-08T00:16:40Z</time>
      </trkpt>
      <trkpt lat="45.264712991192937" lon="6.721915025264025">
        <ele>2300</ele>
        <time>2015-07-08T00:17:00Z</time>
      </trkpt>
      <trkpt lat="45.264856992289424" lon="6.721640015020967">
        <ele>2299</ele>
        <time>2015-07-08T00:17:20Z</time>
      </trkpt>
      <trkpt lat="45.265009040012956" lon="6.721118995919824">
        <ele>2309</ele>
        <time>2015-07-08T00:17:40Z</time>
      </trkpt>
      <trkpt lat="45.265078023076057" lon="6.721057975664735">
        <ele>2307</ele>
        <time>2015-07-08T00:18:00Z</time>
      </trkpt>
      <trkpt lat="45.26521498337388" lon="6.72070199623704">
        <ele>2299</ele>
        <time>2015-07-08T00:18:20Z</time>
      </trkpt>
      <trkpt lat="45.265402989462018" lon="6.720494963228703">
        <ele>2303</ele>
        <time>2015-07-08T00:18:40Z</time>
      </trkpt>
      <trkpt lat="45.265392009168863" lon="6.720161028206348">
        <ele>2300</ele>
        <time>2015-07-08T00:19:00Z</time>
      </trkpt>
      <trkpt lat="45.265029994770885" lon="6.718986975029111">
        <ele>2282</ele>
        <time>2015-07-08T00:19:20Z</time>
      </trkpt>
      <trkpt lat="45.265163015574217" lon="6.718788994476199">
        <ele>2289</ele>
        <time>2015-07-08T00:19:40Z</time>
      </trkpt>
      <trkpt lat="45.265247002243996" lon="6.718435026705265">
        <ele>2288</ele>
        <time>2015-07-08T00:20:00Z</time>
      </trkpt>
      <trkpt lat="45.265206014737487" lon="6.717924987897277">
        <ele>2285</ele>
        <time>2015-07-08T00:20:20Z</time>
      </trkpt>
      <trkpt lat="45.26527801528573" lon="6.717388965189457">
        <ele>2281</ele>
        <time>2015-07-08T00:20:40Z</time>
      </trkpt>
      <trkpt lat="45.265142982825637" lon="6.716793011873961">
        <ele>2272</ele>
        <time>2015-07-08T00:21:00Z</time>
      </trkpt>
      <trkpt lat="45.265101995319128" lon="6.716157998889685">
        <ele>2271</ele>
        <time>2015-07-08T00:21:20Z</time>
      </trkpt>
      <trkpt lat="45.265053967013955" lon="6.715931016951799">
        <ele>2262</ele>
        <time>2015-07-08T00:21:40Z</time>
      </trkpt>
      <trkpt lat="45.265093026682734" lon="6.715705040842295">
        <ele>2264</ele>
        <time>2015-07-08T00:22:00Z</time>
      </trkpt>
      <trkpt lat="45.264951037243009" lon="6.715273959562182">
        <ele>2240</ele>
        <time>2015-07-08T00:22:20Z</time>
      </trkpt>
      <trkpt lat="45.264609977602959" lon="6.714823013171554">
        <ele>2237</ele>
        <time>2015-07-08T00:22:40Z</time>
      </trkpt>
      <trkpt lat="45.264488020911813" lon="6.71472997404635">
        <ele>2234</ele>
        <time>2015-07-08T00:23:00Z</time>
      </trkpt>
      <trkpt lat="45.264447033405304" lon="6.7143630143255">
        <ele>2234</ele>
        <time>2015-07-08T00:23:20Z</time>
      </trkpt>
      <trkpt lat="45.264510987326503" lon="6.714129997417331">
        <ele>2234</ele>
        <time>2015-07-08T00:23:40Z</time>
      </trkpt>
      <trkpt lat="45.264303032308817" lon="6.714054979383946">
        <ele>2228</ele>
        <time>2015-07-08T00:24:00Z</time>
      </trkpt>
      <trkpt lat="45.264091975986958" lon="6.714178025722504">
        <ele>2212</ele>
        <time>2015-07-08T00:24:20Z</time>
      </trkpt>
      <trkpt lat="45.26435500010848" lon="6.71333497390151">
        <ele>2224</ele>
        <time>2015-07-08T00:24:40Z</time>
      </trkpt>
      <trkpt lat="45.264263972640038" lon="6.713027022778988">
        <ele>2221</ele>
        <time>2015-07-08T00:25:00Z</time>
      </trkpt>
      <trkpt lat="45.264318035915494" lon="6.712742038071156">
        <ele>2221</ele>
        <time>2015-07-08T00:25:20Z</time>
      </trkpt>
      <trkpt lat="45.264209993183613" lon="6.712425034493208">
        <ele>2214</ele>
        <time>2015-07-08T00:25:40Z</time>
      </trkpt>
      <trkpt lat="45.264090970158577" lon="6.712325038388372">
        <ele>2215</ele>
        <time>2015-07-08T00:26:00Z</time>
      </trkpt>
      <trkpt lat="45.264020981267095" lon="6.712398966774344">
        <ele>2215</ele>
        <time>2015-07-08T00:26:20Z</time>
      </trkpt>
      <trkpt lat="45.263947974890471" lon="6.712316991761327">
        <ele>2217</ele>
        <time>2015-07-08T00:26:40Z</time>
      </trkpt>
      <trkpt lat="45.263971025124192" lon="6.712039969861507">
        <ele>2218</ele>
        <time>2015-07-08T00:27:00Z</time>
      </trkpt>
      <trkpt lat="45.263873040676117" lon="6.712116999551654">
        <ele>2218</ele>
        <time>2015-07-08T00:27:20Z</time>
      </trkpt>
      <trkpt lat="45.263797016814351" lon="6.711894040927291">
        <ele>2220</ele>
        <time>2015-07-08T00:27:40Z</time>
      </trkpt>
      <trkpt lat="45.263616973534226" lon="6.711845006793737">
        <ele>2222</ele>
        <time>2015-07-08T00:28:00Z</time>
      </trkpt>
      <trkpt lat="45.263470038771629" lon="6.712020020931959">
        <ele>2222</ele>
        <time>2015-07-08T00:28:20Z</time>
      </trkpt>
      <trkpt lat="45.263176001608372" lon="6.711777029559016">
        <ele>2234</ele>
        <time>2015-07-08T00:28:40Z</time>
      </trkpt>
      <trkpt lat="45.262911971658468" lon="6.711448039859533">
        <ele>2240</ele>
        <time>2015-07-08T00:29:00Z</time>
      </trkpt>
      <trkpt lat="45.262753972783685" lon="6.711415015161037">
        <ele>2242</ele>
        <time>2015-07-08T00:29:20Z</time>
      </trkpt>
      <trkpt lat="45.262615000829101" lon="6.711260033771396">
        <ele>2243</ele>
        <time>2015-07-08T00:29:40Z</time>
      </trkpt>
      <trkpt lat="45.262430012226105" lon="6.711201025173068">
        <ele>2247</ele>
        <time>2015-07-08T00:30:00Z</time>
      </trkpt>
      <trkpt lat="45.262297997251153" lon="6.711045959964395">
        <ele>2247</ele>
        <time>2015-07-08T00:30:20Z</time>
      </trkpt>
      <trkpt lat="45.262074032798409" lon="6.7109489813447">
        <ele>2248</ele>
        <time>2015-07-08T00:30:40Z</time>
      </trkpt>
      <trkpt lat="45.261752000078559" lon="6.710744965821505">
        <ele>2253</ele>
        <time>2015-07-08T00:31:00Z</time>
      </trkpt>
      <trkpt lat="45.261626020073891" lon="6.710557965561748">
        <ele>2259</ele>
        <time>2015-07-08T00:31:20Z</time>
      </trkpt>
      <trkpt lat="45.261341035366058" lon="6.71036995947361">
        <ele>2263</ele>
        <time>2015-07-08T00:31:40Z</time>
      </trkpt>
      <trkpt lat="45.261141965165734" lon="6.710374988615513">
        <ele>2265</ele>
        <time>2015-07-08T00:32:00Z</time>
      </trkpt>
      <trkpt lat="45.261250007897615" lon="6.709769982844591">
        <ele>2288</ele>
        <time>2015-07-08T00:32:20Z</time>
      </trkpt>
      <trkpt lat="45.261161997914314" lon="6.709796972572804">
        <ele>2289</ele>
        <time>2015-07-08T00:32:40Z</time>
      </trkpt>
      <trkpt lat="45.261072982102633" lon="6.709535038098693">
        <ele>2295</ele>
        <time>2015-07-08T00:33:00Z</time>
      </trkpt>
      <trkpt lat="45.26106895878911" lon="6.709292968735099">
        <ele>2300</ele>
        <time>2015-07-08T00:33:20Z</time>
      </trkpt>
      <trkpt lat="45.261003999039531" lon="6.709093982353807">
        <ele>2318</ele>
        <time>2015-07-08T00:33:40Z</time>
      </trkpt>
      <trkpt lat="45.261040041223168" lon="6.708759963512421">
        <ele>2324</ele>
        <time>2015-07-08T00:34:00Z</time>
      </trkpt>
      <trkpt lat="45.260906014591455" lon="6.708837999030948">
        <ele>2322</ele>
        <time>2015-07-08T00:34:20Z</time>
      </trkpt>
      <trkpt lat="45.260837031528354" lon="6.708379006013274">
        <ele>2336</ele>
        <time>2015-07-08T00:34:40Z</time>
      </trkpt>
      <trkpt lat="45.260288016870618" lon="6.709200013428927">
        <ele>2328</ele>
        <time>2015-07-08T00:35:00Z</time>
      </trkpt>
      <trkpt lat="45.260338978841901" lon="6.708911005407572">
        <ele>2346</ele>
        <time>2015-07-08T00:35:20Z</time>
      </trkpt>
      <trkpt lat="45.260177962481976" lon="6.709030028432608">
        <ele>2348</ele>
        <time>2015-07-08T00:35:40Z</time>
      </trkpt>
      <trkpt lat="45.260242000222206" lon="6.708762980997562">
        <ele>2350</ele>
        <time>2015-07-08T00:36:00Z</time>
      </trkpt>
      <trkpt lat="45.260174022987485" lon="6.7085400223732">
        <ele>2358</ele>
        <time>2015-07-08T00:36:20Z</time>
      </trkpt>
      <trkpt lat="45.259686028584838" lon="6.708804974332452">
        <ele>2370</ele>
        <time>2015-07-08T00:36:40Z</time>
      </trkpt>
      <trkpt lat="45.259858025237918" lon="6.708333995193243">
        <ele>2378</ele>
        <time>2015-07-08T00:37:00Z</time>
      </trkpt>
      <trkpt lat="45.259881997480989" lon="6.707536960020661">
        <ele>2391</ele>
        <time>2015-07-08T00:37:20Z</time>
      </trkpt>
      <trkpt lat="45.259975036606193" lon="6.707120966166258">
        <ele>2400</ele>
        <time>2015-07-08T00:37:40Z</time>
      </trkpt>
      <trkpt lat="45.259935976937413" lon="6.706641018390656">
        <ele>2400</ele>
        <time>2015-07-08T00:38:00Z</time>
      </trkpt>
      <trkpt lat="45.259987022727728" lon="6.705807019025087">
        <ele>2408</ele>
        <time>2015-07-08T00:38:20Z</time>
      </trkpt>
      <trkpt lat="45.259889038279653" lon="6.705237971618772">
        <ele>2415</ele>
        <time>2015-07-08T00:38:40Z</time>
      </trkpt>
      <trkpt lat="45.259892977774143" lon="6.705002021044493">
        <ele>2417</ele>
        <time>2015-07-08T00:39:00Z</time>
      </trkpt>
      <trkpt lat="45.259817037731409" lon="6.704851984977722">
        <ele>2421</ele>
        <time>2015-07-08T00:39:20Z</time>
      </trkpt>
      <trkpt lat="45.259787030518055" lon="6.704465998336673">
        <ele>2424</ele>
        <time>2015-07-08T00:39:40Z</time>
      </trkpt>
      <trkpt lat="45.259688962250948" lon="6.704272041097283">
        <ele>2424</ele>
        <time>2015-07-08T00:40:00Z</time>
      </trkpt>
      <trkpt lat="45.259514031931758" lon="6.704387040808797">
        <ele>2422</ele>
        <time>2015-07-08T00:40:20Z</time>
      </trkpt>
      <trkpt lat="45.259365001693368" lon="6.704580998048186">
        <ele>2421</ele>
        <time>2015-07-08T00:40:40Z</time>
      </trkpt>
      <trkpt lat="45.259010028094053" lon="6.704088980332017">
        <ele>2422</ele>
        <time>2015-07-08T00:41:00Z</time>
      </trkpt>
      <trkpt lat="45.258805006742477" lon="6.70448100194335">
        <ele>2413</ele>
        <time>2015-07-08T00:41:20Z</time>
      </trkpt>
      <trkpt lat="45.258469982072711" lon="6.704870006069541">
        <ele>2406</ele>
        <time>2015-07-08T00:41:40Z</time>
      </trkpt>
      <trkpt lat="45.25833897292614" lon="6.704937983304262">
        <ele>2401</ele>
        <time>2015-07-08T00:42:00Z</time>
      </trkpt>
      <trkpt lat="45.258241994306445" lon="6.704700021073222">
        <ele>2404</ele>
        <time>2015-07-08T00:42:20Z</time>
      </trkpt>
      <trkpt lat="45.258023981004953" lon="6.704723993316293">
        <ele>2404</ele>
        <time>2015-07-08T00:42:40Z</time>
      </trkpt>
      <trkpt lat="45.257138013839722" lon="6.705572996288538">
        <ele>2385</ele>
        <time>2015-07-08T00:43:00Z</time>
      </trkpt>
      <trkpt lat="45.256507024168968" lon="6.70590098015964">
        <ele>2375</ele>
        <time>2015-07-08T00:43:20Z</time>
      </trkpt>
      <trkpt lat="45.255890032276511" lon="6.706400960683823">
        <ele>2372</ele>
        <time>2015-07-08T00:43:40Z</time>
      </trkpt>
      <trkpt lat="45.25507103651762" lon="6.707283994182944">
        <ele>2382</ele>
        <time>2015-07-08T00:44:00Z</time>
      </trkpt>
      <trkpt lat="45.254928963258862" lon="6.708488976582885">
        <ele>2384</ele>
        <time>2015-07-08T00:44:20Z</time>
      </trkpt>
      <trkpt lat="45.254592010751367" lon="6.708891978487372">
        <ele>2387</ele>
        <time>2015-07-08T00:44:40Z</time>
      </trkpt>
      <trkpt lat="45.254350025206804" lon="6.709007984027267">
        <ele>2391</ele>
        <time>2015-07-08T00:45:00Z</time>
      </trkpt>
      <trkpt lat="45.254093036055565" lon="6.709232032299042">
        <ele>2395</ele>
        <time>2015-07-08T00:45:20Z</time>
      </trkpt>
      <trkpt lat="45.254027992486954" lon="6.709460020065308">
        <ele>2394</ele>
        <time>2015-07-08T00:45:40Z</time>
      </trkpt>
      <trkpt lat="45.25363496504724" lon="6.709478041157126">
        <ele>2397</ele>
        <time>2015-07-08T00:46:00Z</time>
      </trkpt>
      <trkpt lat="45.252834996208549" lon="6.710399966686964">
        <ele>2397</ele>
        <time>2015-07-08T00:46:20Z</time>
      </trkpt>
      <trkpt lat="45.252609020099044" lon="6.710602976381779">
        <ele>2396</ele>
        <time>2015-07-08T00:46:40Z</time>
      </trkpt>
      <trkpt lat="45.252399975433946" lon="6.711030034348369">
        <ele>2391</ele>
        <time>2015-07-08T00:47:00Z</time>
      </trkpt>
      <trkpt lat="45.252121025696397" lon="6.711089964956045">
        <ele>2391</ele>
        <time>2015-07-08T00:47:20Z</time>
      </trkpt>
      <trkpt lat="45.251364978030324" lon="6.712190005928278">
        <ele>2391</ele>
        <time>2015-07-08T00:47:40Z</time>
      </trkpt>
      <trkpt lat="45.251157023012638" lon="6.712993998080492">
        <ele>2391</ele>
        <time>2015-07-08T00:48:00Z</time>
      </trkpt>
      <trkpt lat="45.25122701190412" lon="6.713558016344905">
        <ele>2385</ele>
        <time>2015-07-08T00:48:20Z</time>
      </trkpt>
      <trkpt lat="45.251198010519147" lon="6.714003011584282">
        <ele>2382</ele>
        <time>2015-07-08T00:48:40Z</time>
      </trkpt>
      <trkpt lat="45.250800037756562" lon="6.714134020730853">
        <ele>2386</ele>
        <time>2015-07-08T00:49:00Z</time>
      </trkpt>
      <trkpt lat="45.250569032505155" lon="6.714577004313469">
        <ele>2368</ele>
        <time>2015-07-08T00:49:20Z</time>
      </trkpt>
      <trkpt lat="45.250377003103495" lon="6.714725028723478">
        <ele>2367</ele>
        <time>2015-07-08T00:49:40Z</time>
      </trkpt>
      <trkpt lat="45.250167036429048" lon="6.714638024568558">
        <ele>2369</ele>
        <time>2015-07-08T00:50:00Z</time>
      </trkpt>
      <trkpt lat="45.250180028378963" lon="6.714795017614961">
        <ele>2366</ele>
        <time>2015-07-08T00:50:20Z</time>
      </trkpt>
      <trkpt lat="45.250034015625715" lon="6.714641964063048">
        <ele>2370</ele>
        <time>2015-07-08T00:50:40Z</time>
      </trkpt>
      <trkpt lat="45.249999985098839" lon="6.714989980682731">
        <ele>2359</ele>
        <time>2015-07-08T00:51:00Z</time>
      </trkpt>
      <trkpt lat="45.249824970960617" lon="6.714974977076054">
        <ele>2363</ele>
        <time>2015-07-08T00:51:20Z</time>
      </trkpt>
      <trkpt lat="45.249620033428073" lon="6.715152002871037">
        <ele>2333</ele>
        <time>2015-07-08T00:51:40Z</time>
      </trkpt>
      <trkpt lat="45.249331025406718" lon="6.715143034234643">
        <ele>2335</ele>
        <time>2015-07-08T00:52:00Z</time>
      </trkpt>
      <trkpt lat="45.248451009392738" lon="6.715317964553833">
        <ele>2324</ele>
        <time>2015-07-08T00:52:20Z</time>
      </trkpt>
      <trkpt lat="45.24778800085187" lon="6.715185027569532">
        <ele>2312</ele>
        <time>2015-07-08T00:52:40Z</time>
      </trkpt>
      <trkpt lat="45.246399035677314" lon="6.715139010921121">
        <ele>2299</ele>
        <time>2015-07-08T00:53:00Z</time>
      </trkpt>
      <trkpt lat="45.246151015162468" lon="6.714980006217957">
        <ele>2328</ele>
        <time>2015-07-08T00:53:20Z</time>
      </trkpt>
      <trkpt lat="45.245528994128108" lon="6.715207993984222">
        <ele>2298</ele>
        <time>2015-07-08T00:53:40Z</time>
      </trkpt>
      <trkpt lat="45.24506002664566" lon="6.715261973440647">
        <ele>2295</ele>
        <time>2015-07-08T00:54:00Z</time>
      </trkpt>
      <trkpt lat="45.244752997532487" lon="6.715171029791236">
        <ele>2289</ele>
        <time>2015-07-08T00:54:20Z</time>
      </trkpt>
      <trkpt lat="45.244423002004623" lon="6.715258033946157">
        <ele>2284</ele>
        <time>2015-07-08T00:54:40Z</time>
      </trkpt>
      <trkpt lat="45.244203982874751" lon="6.71507396735251">
        <ele>2287</ele>
        <time>2015-07-08T00:55:00Z</time>
      </trkpt>
      <trkpt lat="45.24405101314187" lon="6.71505100093782">
        <ele>2285</ele>
        <time>2015-07-08T00:55:20Z</time>
      </trkpt>
      <trkpt lat="45.243910029530525" lon="6.714959973469377">
        <ele>2298</ele>
        <time>2015-07-08T00:55:40Z</time>
      </trkpt>
      <trkpt lat="45.243739038705826" lon="6.715197013691068">
        <ele>2282</ele>
        <time>2015-07-08T00:56:00Z</time>
      </trkpt>
      <trkpt lat="45.243261018767953" lon="6.715518962591887">
        <ele>2285</ele>
        <time>2015-07-08T00:56:20Z</time>
      </trkpt>
      <trkpt lat="45.242953989654779" lon="6.716196974739432">
        <ele>2260</ele>
        <time>2015-07-08T00:56:40Z</time>
      </trkpt>
      <trkpt lat="45.241852020844817" lon="6.715949960052967">
        <ele>2272</ele>
        <time>2015-07-08T00:57:00Z</time>
      </trkpt>
      <trkpt lat="45.241452036425471" lon="6.71599798835814">
        <ele>2269</ele>
        <time>2015-07-08T00:57:20Z</time>
      </trkpt>
      <trkpt lat="45.241051968187094" lon="6.716109970584512">
        <ele>2266</ele>
        <time>2015-07-08T00:57:40Z</time>
      </trkpt>
      <trkpt lat="45.240590963512659" lon="6.716114999726415">
        <ele>2265</ele>
        <time>2015-07-08T00:58:00Z</time>
      </trkpt>
      <trkpt lat="45.239268969744444" lon="6.716269981116056">
        <ele>2266</ele>
        <time>2015-07-08T00:58:20Z</time>
      </trkpt>
      <trkpt lat="45.239051962271333" lon="6.716146012768149">
        <ele>2271</ele>
        <time>2015-07-08T00:58:40Z</time>
      </trkpt>
      <trkpt lat="45.238811988383532" lon="6.716151963919401">
        <ele>2270</ele>
        <time>2015-07-08T00:59:00Z</time>
      </trkpt>
      <trkpt lat="45.237999027594924" lon="6.715839989483357">
        <ele>2275</ele>
        <time>2015-07-08T00:59:20Z</time>
      </trkpt>
      <trkpt lat="45.237549003213644" lon="6.716011986136437">
        <ele>2276</ele>
        <time>2015-07-08T00:59:40Z</time>
      </trkpt>
      <trkpt lat="45.236912984400988" lon="6.71559096314013">
        <ele>2289</ele>
        <time>2015-07-08T01:00:00Z</time>
      </trkpt>
      <trkpt lat="45.236668987199664" lon="6.715298015624285">
        <ele>2291</ele>
        <time>2015-07-08T01:00:20Z</time>
      </trkpt>
      <trkpt lat="45.236431024968624" lon="6.714827958494425">
        <ele>2297</ele>
        <time>2015-07-08T01:00:40Z</time>
      </trkpt>
      <trkpt lat="45.236189961433411" lon="6.713637979701161">
        <ele>2298</ele>
        <time>2015-07-08T01:01:00Z</time>
      </trkpt>
      <trkpt lat="45.236248970031738" lon="6.713174041360617">
        <ele>2299</ele>
        <time>2015-07-08T01:01:20Z</time>
      </trkpt>
      <trkpt lat="45.236386014148593" lon="6.712934989482164">
        <ele>2301</ele>
        <time>2015-07-08T01:01:40Z</time>
      </trkpt>
      <trkpt lat="45.236394982784986" lon="6.712631983682513">
        <ele>2302</ele>
        <time>2015-07-08T01:02:00Z</time>
      </trkpt>
      <trkpt lat="45.236339997500181" lon="6.712334007024765">
        <ele>2300</ele>
        <time>2015-07-08T01:02:20Z</time>
      </trkpt>
      <trkpt lat="45.236609978601336" lon="6.711549963802099">
        <ele>2304</ele>
        <time>2015-07-08T01:02:40Z</time>
      </trkpt>
      <trkpt lat="45.236480981111526" lon="6.710825012996793">
        <ele>2304</ele>
        <time>2015-07-08T01:03:00Z</time>
      </trkpt>
      <trkpt lat="45.236502019688487" lon="6.710322014987469">
        <ele>2301</ele>
        <time>2015-07-08T01:03:20Z</time>
      </trkpt>
      <trkpt lat="45.236568991094828" lon="6.710205003619194">
        <ele>2303</ele>
        <time>2015-07-08T01:03:40Z</time>
      </trkpt>
      <trkpt lat="45.236532026901841" lon="6.709929993376136">
        <ele>2305</ele>
        <time>2015-07-08T01:04:00Z</time>
      </trkpt>
      <trkpt lat="45.236680973321199" lon="6.709426995366812">
        <ele>2325</ele>
        <time>2015-07-08T01:04:20Z</time>
      </trkpt>
      <trkpt lat="45.236729001626372" lon="6.708699027076364">
        <ele>2334</ele>
        <time>2015-07-08T01:04:40Z</time>
      </trkpt>
      <trkpt lat="45.236564967781305" lon="6.70847799628973">
        <ele>2315</ele>
        <time>2015-07-08T01:05:00Z</time>
      </trkpt>
      <trkpt lat="45.236645014956594" lon="6.707881037145853">
        <ele>2320</ele>
        <time>2015-07-08T01:05:20Z</time>
      </trkpt>
      <trkpt lat="45.236799996346235" lon="6.707242000848055">
        <ele>2350</ele>
        <time>2015-07-08T01:05:40Z</time>
      </trkpt>
      <trkpt lat="45.236801002174616" lon="6.706907982006669">
        <ele>2354</ele>
        <time>2015-07-08T01:06:00Z</time>
      </trkpt>
      <trkpt lat="45.236389031633735" lon="6.706639006733894">
        <ele>2345</ele>
        <time>2015-07-08T01:06:20Z</time>
      </trkpt>
      <trkpt lat="45.236220974475145" lon="6.706170039251447">
        <ele>2344</ele>
        <time>2015-07-08T01:06:40Z</time>
      </trkpt>
      <trkpt lat="45.235741026699543" lon="6.705130012705922">
        <ele>2348</ele>
        <time>2015-07-08T01:07:00Z</time>
      </trkpt>
      <trkpt lat="45.23509101010859" lon="6.704614022746682">
        <ele>2351</ele>
        <time>2015-07-08T01:07:20Z</time>
      </trkpt>
      <trkpt lat="45.234501007944345" lon="6.703989990055561">
        <ele>2341</ele>
        <time>2015-07-08T01:07:40Z</time>
      </trkpt>
      <trkpt lat="45.234275031834841" lon="6.703509036451578">
        <ele>2341</ele>
        <time>2015-07-08T01:08:00Z</time>
      </trkpt>
      <trkpt lat="45.23386700078845" lon="6.702748965471983">
        <ele>2328</ele>
        <time>2015-07-08T01:08:20Z</time>
      </trkpt>
      <trkpt lat="45.233684023842216" lon="6.701568039134145">
        <ele>2332</ele>
        <time>2015-07-08T01:08:40Z</time>
      </trkpt>
      <trkpt lat="45.233878986909986" lon="6.700649969279766">
        <ele>2321</ele>
        <time>2015-07-08T01:09:00Z</time>
      </trkpt>
      <trkpt lat="45.234097000211477" lon="6.700457017868757">
        <ele>2321</ele>
        <time>2015-07-08T01:09:20Z</time>
      </trkpt>
      <trkpt lat="45.234239995479584" lon="6.700090980157256">
        <ele>2335</ele>
        <time>2015-07-08T01:09:40Z</time>
      </trkpt>
      <trkpt lat="45.234569991007447" lon="6.699640033766627">
        <ele>2343</ele>
        <time>2015-07-08T01:10:00Z</time>
      </trkpt>
      <trkpt lat="45.234314007684588" lon="6.698375036939979">
        <ele>2333</ele>
        <time>2015-07-08T01:10:20Z</time>
      </trkpt>
      <trkpt lat="45.233841016888618" lon="6.697983015328646">
        <ele>2310</ele>
        <time>2015-07-08T01:10:40Z</time>
      </trkpt>
      <trkpt lat="45.23375703021884" lon="6.69758596457541">
        <ele>2312</ele>
        <time>2015-07-08T01:11:00Z</time>
      </trkpt>
      <trkpt lat="45.233572041615844" lon="6.697431989014149">
        <ele>2315</ele>
        <time>2015-07-08T01:11:20Z</time>
      </trkpt>
      <trkpt lat="45.233410019427538" lon="6.697095958516002">
        <ele>2316</ele>
        <time>2015-07-08T01:11:40Z</time>
      </trkpt>
      <trkpt lat="45.233452012762427" lon="6.696753976866603">
        <ele>2314</ele>
        <time>2015-07-08T01:12:00Z</time>
      </trkpt>
      <trkpt lat="45.233382023870945" lon="6.696321973577142">
        <ele>2326</ele>
        <time>2015-07-08T01:12:20Z</time>
      </trkpt>
      <trkpt lat="45.233447989448905" lon="6.695933975279331">
        <ele>2324</ele>
        <time>2015-07-08T01:12:40Z</time>
      </trkpt>
      <trkpt lat="45.233208015561104" lon="6.695485962554812">
        <ele>2301</ele>
        <time>2015-07-08T01:13:00Z</time>
      </trkpt>
      <trkpt lat="45.233010035008192" lon="6.695408010855317">
        <ele>2296</ele>
        <time>2015-07-08T01:13:20Z</time>
      </trkpt>
      <trkpt lat="45.232945997267962" lon="6.695083966478705">
        <ele>2297</ele>
        <time>2015-07-08T01:13:40Z</time>
      </trkpt>
      <trkpt lat="45.232765031978488" lon="6.694765035063028">
        <ele>2295</ele>
        <time>2015-07-08T01:14:00Z</time>
      </trkpt>
      <trkpt lat="45.232700994238257" lon="6.695110034197569">
        <ele>2288</ele>
        <time>2015-07-08T01:14:20Z</time>
      </trkpt>
      <trkpt lat="45.232334034517407" lon="6.694639977067709">
        <ele>2259</ele>
        <time>2015-07-08T01:14:40Z</time>
      </trkpt>
      <trkpt lat="45.23223496042192" lon="6.69399599544704">
        <ele>2251</ele>
        <time>2015-07-08T01:15:00Z</time>
      </trkpt>
      <trkpt lat="45.232122978195548" lon="6.694230018183589">
        <ele>2252</ele>
        <time>2015-07-08T01:15:20Z</time>
      </trkpt>
      <trkpt lat="45.231898007914424" lon="6.69451299123466">
        <ele>2245</ele>
        <time>2015-07-08T01:15:40Z</time>
      </trkpt>
      <trkpt lat="45.231830030679703" lon="6.694793030619621">
        <ele>2242</ele>
        <time>2015-07-08T01:16:00Z</time>
      </trkpt>
      <trkpt lat="45.231728022918105" lon="6.694519026204944">
        <ele>2241</ele>
        <time>2015-07-08T01:16:20Z</time>
      </trkpt>
      <trkpt lat="45.231510009616613" lon="6.694880034774542">
        <ele>2208</ele>
        <time>2015-07-08T01:16:40Z</time>
      </trkpt>
      <trkpt lat="45.231501962989569" lon="6.69371897354722">
        <ele>2193</ele>
        <time>2015-07-08T01:17:00Z</time>
      </trkpt>
      <trkpt lat="45.231414958834648" lon="6.69373800046742">
        <ele>2191</ele>
        <time>2015-07-08T01:17:20Z</time>
      </trkpt>
      <trkpt lat="45.231098039075732" lon="6.694100014865398">
        <ele>2180</ele>
        <time>2015-07-08T01:17:40Z</time>
      </trkpt>
      <trkpt lat="45.230782041326165" lon="6.693079015240073">
        <ele>2135</ele>
        <time>2015-07-08T01:18:00Z</time>
      </trkpt>
      <trkpt lat="45.230549024417996" lon="6.693229973316193">
        <ele>2130</ele>
        <time>2015-07-08T01:18:20Z</time>
      </trkpt>
      <trkpt lat="45.230331011116505" lon="6.693874960765243">
        <ele>2130</ele>
        <time>2015-07-08T01:18:40Z</time>
      </trkpt>
      <trkpt lat="45.230026999488473" lon="6.694388017058373">
        <ele>2126</ele>
        <time>2015-07-08T01:19:00Z</time>
      </trkpt>
      <trkpt lat="45.229953993111849" lon="6.694201016798616">
        <ele>2106</ele>
        <time>2015-07-08T01:19:20Z</time>
      </trkpt>
      <trkpt lat="45.229808986186981" lon="6.694352980703116">
        <ele>2096</ele>
        <time>2015-07-08T01:19:40Z</time>
      </trkpt>
      <trkpt lat="45.229635983705521" lon="6.694364966824651">
        <ele>2090</ele>
        <time>2015-07-08T01:20:00Z</time>
      </trkpt>
      <trkpt lat="45.229479996487498" lon="6.69403899461031">
        <ele>2081</ele>
        <time>2015-07-08T01:20:20Z</time>
      </trkpt>
      <trkpt lat="45.229469016194344" lon="6.693510012701154">
        <ele>2080</ele>
        <time>2015-07-08T01:20:40Z</time>
      </trkpt>
      <trkpt lat="45.228728977963328" lon="6.692420030012727">
        <ele>2049</ele>
        <time>2015-07-08T01:21:00Z</time>
      </trkpt>
      <trkpt lat="45.227969996631145" lon="6.690694028511643">
        <ele>2022</ele>
        <time>2015-07-08T01:21:20Z</time>
      </trkpt>
      <trkpt lat="45.227271029725671" lon="6.690483978018165">
        <ele>1993</ele>
        <time>2015-07-08T01:21:40Z</time>
      </trkpt>
      <trkpt lat="45.226898035034537" lon="6.689830021932721">
        <ele>1988</ele>
        <time>2015-07-08T01:22:00Z</time>
      </trkpt>
      <trkpt lat="45.226921001449227" lon="6.689349990338087">
        <ele>1990</ele>
        <time>2015-07-08T01:22:20Z</time>
      </trkpt>
      <trkpt lat="45.226619001477957" lon="6.6887759976089">
        <ele>1968</ele>
        <time>2015-07-08T01:22:40Z</time>
      </trkpt>
      <trkpt lat="45.226135030388832" lon="6.688031014055014">
        <ele>1967</ele>
        <time>2015-07-08T01:23:00Z</time>
      </trkpt>
      <trkpt lat="45.225879969075322" lon="6.687319977208972">
        <ele>1972</ele>
        <time>2015-07-08T01:23:20Z</time>
      </trkpt>
      <trkpt lat="45.224892999976873" lon="6.685604033991695">
        <ele>1919</ele>
        <time>2015-07-08T01:23:40Z</time>
      </trkpt>
      <trkpt lat="45.224388996139169" lon="6.684853015467525">
        <ele>1915</ele>
        <time>2015-07-08T01:24:00Z</time>
      </trkpt>
      <trkpt lat="45.224239965900779" lon="6.684097973629832">
        <ele>1910</ele>
        <time>2015-07-08T01:24:20Z</time>
      </trkpt>
      <trkpt lat="45.224082972854376" lon="6.683515012264252">
        <ele>1884</ele>
        <time>2015-07-08T01:24:40Z</time>
      </trkpt>
      <trkpt lat="45.224060006439686" lon="6.683079991489649">
        <ele>1886</ele>
        <time>2015-07-08T01:25:00Z</time>
      </trkpt>
      <trkpt lat="45.223687011748552" lon="6.68155699968338">
        <ele>1890</ele>
        <time>2015-07-08T01:25:20Z</time>
      </trkpt>
      <trkpt lat="45.223412001505494" lon="6.680819978937507">
        <ele>1872</ele>
        <time>2015-07-08T01:25:40Z</time>
      </trkpt>
      <trkpt lat="45.223478972911835" lon="6.679919008165598">
        <ele>1886</ele>
        <time>2015-07-08T01:26:00Z</time>
      </trkpt>
      <trkpt lat="45.223666978999972" lon="6.679135970771313">
        <ele>1895</ele>
        <time>2015-07-08T01:26:20Z</time>
      </trkpt>
      <trkpt lat="45.223853979259729" lon="6.678797006607056">
        <ele>1902</ele>
        <time>2015-07-08T01:26:40Z</time>
      </trkpt>
      <trkpt lat="45.224040979519486" lon="6.678797006607056">
        <ele>1907</ele>
        <time>2015-07-08T01:27:00Z</time>
      </trkpt>
      <trkpt lat="45.224209036678076" lon="6.678559966385365">
        <ele>1935</ele>
        <time>2015-07-08T01:27:20Z</time>
      </trkpt>
      <trkpt lat="45.224232003092766" lon="6.678229970857501">
        <ele>1930</ele>
        <time>2015-07-08T01:27:40Z</time>
      </trkpt>
      <trkpt lat="45.224200990051031" lon="6.677771983668208">
        <ele>1934</ele>
        <time>2015-07-08T01:28:00Z</time>
      </trkpt>
      <trkpt lat="45.223991023376584" lon="6.677470989525318">
        <ele>1912</ele>
        <time>2015-07-08T01:28:20Z</time>
      </trkpt>
      <trkpt lat="45.224037962034345" lon="6.676754001528025">
        <ele>1905</ele>
        <time>2015-07-08T01:28:40Z</time>
      </trkpt>
      <trkpt lat="45.224220016971231" lon="6.676634978502989">
        <ele>1911</ele>
        <time>2015-07-08T01:29:00Z</time>
      </trkpt>
      <trkpt lat="45.224365023896098" lon="6.676366003230214">
        <ele>1916</ele>
        <time>2015-07-08T01:29:20Z</time>
      </trkpt>
      <trkpt lat="45.224339039996266" lon="6.675883959978819">
        <ele>1909</ele>
        <time>2015-07-08T01:29:40Z</time>
      </trkpt>
      <trkpt lat="45.224143993109465" lon="6.675431001931429">
        <ele>1886</ele>
        <time>2015-07-08T01:30:00Z</time>
      </trkpt>
      <trkpt lat="45.224293023347855" lon="6.67474796064198">
        <ele>1898</ele>
        <time>2015-07-08T01:30:20Z</time>
      </trkpt>
      <trkpt lat="45.224525034427643" lon="6.674160975962877">
        <ele>1887</ele>
        <time>2015-07-08T01:30:40Z</time>
      </trkpt>
      <trkpt lat="45.225184019654989" lon="6.673982022330165">
        <ele>1894</ele>
        <time>2015-07-08T01:31:00Z</time>
      </trkpt>
      <trkpt lat="45.225470010191202" lon="6.673964001238346">
        <ele>1894</ele>
        <time>2015-07-08T01:31:20Z</time>
      </trkpt>
      <trkpt lat="45.226021036505699" lon="6.673859981819987">
        <ele>1892</ele>
        <time>2015-07-08T01:31:40Z</time>
      </trkpt>
      <trkpt lat="45.226397970691323" lon="6.67403600178659">
        <ele>1892</ele>
        <time>2015-07-08T01:32:00Z</time>
      </trkpt>
      <trkpt lat="45.226537026464939" lon="6.67397003620863">
        <ele>1892</ele>
        <time>2015-07-08T01:32:20Z</time>
      </trkpt>
      <trkpt lat="45.226868027821183" lon="6.674171034246683">
        <ele>1897</ele>
        <time>2015-07-08T01:32:40Z</time>
      </trkpt>
      <trkpt lat="45.22765701636672" lon="6.67489699088037">
        <ele>1899</ele>
        <time>2015-07-08T01:33:00Z</time>
      </trkpt>
      <trkpt lat="45.228167977184057" lon="6.675270991399884">
        <ele>1909</ele>
        <time>2015-07-08T01:33:20Z</time>
      </trkpt>
      <trkpt lat="45.228240983560681" lon="6.675160015001893">
        <ele>1906</ele>
        <time>2015-07-08T01:33:40Z</time>
      </trkpt>
      <trkpt lat="45.227909982204437" lon="6.674157958477736">
        <ele>1893</ele>
        <time>2015-07-08T01:34:00Z</time>
      </trkpt>
      <trkpt lat="45.227609993889928" lon="6.67371497489512">
        <ele>1891</ele>
        <time>2015-07-08T01:34:20Z</time>
      </trkpt>
      <trkpt lat="45.227371025830507" lon="6.673099994659424">
        <ele>1886</ele>
        <time>2015-07-08T01:34:40Z</time>
      </trkpt>
      <trkpt lat="45.22735602222383" lon="6.672662040218711">
        <ele>1891</ele>
        <time>2015-07-08T01:35:00Z</time>
      </trkpt>
      <trkpt lat="45.227125016972423" lon="6.672043036669493">
        <ele>1901</ele>
        <time>2015-07-08T01:35:20Z</time>
      </trkpt>
      <trkpt lat="45.227060979232192" lon="6.671669958159328">
        <ele>1904</ele>
        <time>2015-07-08T01:35:40Z</time>
      </trkpt>
      <trkpt lat="45.22619697265327" lon="6.671295035630465">
        <ele>1893</ele>
        <time>2015-07-08T01:36:00Z</time>
      </trkpt>
      <trkpt lat="45.22585297934711" lon="6.670546028763056">
        <ele>1909</ele>
        <time>2015-07-08T01:36:20Z</time>
      </trkpt>
      <trkpt lat="45.225307988002896" lon="6.669859969988465">
        <ele>1898</ele>
        <time>2015-07-08T01:36:40Z</time>
      </trkpt>
      <trkpt lat="45.225012023001909" lon="6.668233964592218">
        <ele>1903</ele>
        <time>2015-07-08T01:37:00Z</time>
      </trkpt>
      <trkpt lat="45.224630981683731" lon="6.667804978787899">
        <ele>1896</ele>
        <time>2015-07-08T01:37:20Z</time>
      </trkpt>
      <trkpt lat="45.224362006410956" lon="6.667703976854682">
        <ele>1895</ele>
        <time>2015-07-08T01:37:40Z</time>
      </trkpt>
      <trkpt lat="45.223519038408995" lon="6.668003965169191">
        <ele>1876</ele>
        <time>2015-07-08T01:38:00Z</time>
      </trkpt>
      <trkpt lat="45.223102960735559" lon="6.667773965746164">
        <ele>1868</ele>
        <time>2015-07-08T01:38:20Z</time>
      </trkpt>
      <trkpt lat="45.222521005198359" lon="6.666927980259061">
        <ele>1873</ele>
        <time>2015-07-08T01:38:40Z</time>
      </trkpt>
      <trkpt lat="45.221650041639805" lon="6.666056010872126">
        <ele>1814</ele>
        <time>2015-07-08T01:39:00Z</time>
      </trkpt>
      <trkpt lat="45.221600001677871" lon="6.666890010237694">
        <ele>1805</ele>
        <time>2015-07-08T01:39:20Z</time>
      </trkpt>
      <trkpt lat="45.221480978652835" lon="6.666999980807304">
        <ele>1800</ele>
        <time>2015-07-08T01:39:40Z</time>
      </trkpt>
      <trkpt lat="45.221354998648167" lon="6.66656001470983">
        <ele>1802</ele>
        <time>2015-07-08T01:40:00Z</time>
      </trkpt>
      <trkpt lat="45.221036989241838" lon="6.66696703992784">
        <ele>1784</ele>
        <time>2015-07-08T01:40:20Z</time>
      </trkpt>
      <trkpt lat="45.220642033964396" lon="6.667630970478058">
        <ele>1748</ele>
        <time>2015-07-08T01:40:40Z</time>
      </trkpt>
      <trkpt lat="45.220249006524682" lon="6.666601002216339">
        <ele>1730</ele>
        <time>2015-07-08T01:41:00Z</time>
      </trkpt>
      <trkpt lat="45.219897972419858" lon="6.66636697947979">
        <ele>1696</ele>
        <time>2015-07-08T01:41:20Z</time>
      </trkpt>
      <trkpt lat="45.219861008226871" lon="6.666679037734866">
        <ele>1695</ele>
        <time>2015-07-08T01:41:40Z</time>
      </trkpt>
      <trkpt lat="45.219719018787146" lon="6.666938038542867">
        <ele>1685</ele>
        <time>2015-07-08T01:42:00Z</time>
      </trkpt>
      <trkpt lat="45.219291960820556" lon="6.666339989751577">
        <ele>1678</ele>
        <time>2015-07-08T01:42:20Z</time>
      </trkpt>
      <trkpt lat="45.219100015237927" lon="6.6663440130651">
        <ele>1645</ele>
        <time>2015-07-08T01:42:40Z</time>
      </trkpt>
      <trkpt lat="45.218954002484679" lon="6.666144020855427">
        <ele>1645</ele>
        <time>2015-07-08T01:43:00Z</time>
      </trkpt>
      <trkpt lat="45.218449998646975" lon="6.665754010900855">
        <ele>1636</ele>
        <time>2015-07-08T01:43:20Z</time>
      </trkpt>
      <trkpt lat="45.217851027846336" lon="6.665426027029753">
        <ele>1605</ele>
        <time>2015-07-08T01:43:40Z</time>
      </trkpt>
      <trkpt lat="45.217738961800933" lon="6.665241960436106">
        <ele>1604</ele>
        <time>2015-07-08T01:44:00Z</time>
      </trkpt>
      <trkpt lat="45.217177039012313" lon="6.66529300622642">
        <ele>1569</ele>
        <time>2015-07-08T01:44:20Z</time>
      </trkpt>
      <trkpt lat="45.216586031019688" lon="6.665299963206053">
        <ele>1536</ele>
        <time>2015-07-08T01:44:40Z</time>
      </trkpt>
      <trkpt lat="45.216125026345253" lon="6.665212037041783">
        <ele>1524</ele>
        <time>2015-07-08T01:45:00Z</time>
      </trkpt>
      <trkpt lat="45.215718001127243" lon="6.664307964965701">
        <ele>1498</ele>
        <time>2015-07-08T01:45:20Z</time>
      </trkpt>
      <trkpt lat="45.21551800891757" lon="6.664810040965676">
        <ele>1492</ele>
        <time>2015-07-08T01:45:40Z</time>
      </trkpt>
      <trkpt lat="45.215296978130937" lon="6.664822027087212">
        <ele>1485</ele>
        <time>2015-07-08T01:46:00Z</time>
      </trkpt>
      <trkpt lat="45.214950973168015" lon="6.664636032655835">
        <ele>1449</ele>
        <time>2015-07-08T01:46:20Z</time>
      </trkpt>
      <trkpt lat="45.21467998623848" lon="6.664899978786707">
        <ele>1448</ele>
        <time>2015-07-08T01:46:40Z</time>
      </trkpt>
      <trkpt lat="45.21384003572166" lon="6.66510097682476">
        <ele>1415</ele>
        <time>2015-07-08T01:47:00Z</time>
      </trkpt>
      <trkpt lat="45.214071040973067" lon="6.664627986028791">
        <ele>1407</ele>
        <time>2015-07-08T01:47:20Z</time>
      </trkpt>
      <trkpt lat="45.214248988777399" lon="6.663381010293961">
        <ele>1395</ele>
        <time>2015-07-08T01:47:40Z</time>
      </trkpt>
      <trkpt lat="45.214129965752363" lon="6.662794025614858">
        <ele>1374</ele>
        <time>2015-07-08T01:48:00Z</time>
      </trkpt>
      <trkpt lat="45.213873982429504" lon="6.662751026451588">
        <ele>1370</ele>
        <time>2015-07-08T01:48:20Z</time>
      </trkpt>
      <trkpt lat="45.213723024353385" lon="6.662493031471968">
        <ele>1379</ele>
        <time>2015-07-08T01:48:40Z</time>
      </trkpt>
      <trkpt lat="45.213511968031526" lon="6.662340983748436">
        <ele>1374</ele>
        <time>2015-07-08T01:49:00Z</time>
      </trkpt>
      <trkpt lat="45.213188007473946" lon="6.662417007610202">
        <ele>1355</ele>
        <time>2015-07-08T01:49:20Z</time>
      </trkpt>
      <trkpt lat="45.212633963674307" lon="6.662395969033241">
        <ele>1342</ele>
        <time>2015-07-08T01:49:40Z</time>
      </trkpt>
      <trkpt lat="45.212429026141763" lon="6.662298990413547">
        <ele>1327</ele>
        <time>2015-07-08T01:50:00Z</time>
      </trkpt>
      <trkpt lat="45.211986964568496" lon="6.662278035655618">
        <ele>1319</ele>
        <time>2015-07-08T01:50:20Z</time>
      </trkpt>
      <trkpt lat="45.212259963154793" lon="6.662718001753092">
        <ele>1311</ele>
        <time>2015-07-08T01:50:40Z</time>
      </trkpt>
      <trkpt lat="45.211882023140788" lon="6.662882035598159">
        <ele>1303</ele>
        <time>2015-07-08T01:51:00Z</time>
      </trkpt>
      <trkpt lat="45.21156501956284" lon="6.662916988134384">
        <ele>1280</ele>
        <time>2015-07-08T01:51:20Z</time>
      </trkpt>
      <trkpt lat="45.211346000432968" lon="6.662665028125048">
        <ele>1278</ele>
        <time>2015-07-08T01:51:40Z</time>
      </trkpt>
      <trkpt lat="45.210818024352193" lon="6.662808023393154">
        <ele>1252</ele>
        <time>2015-07-08T01:52:00Z</time>
      </trkpt>
      <trkpt lat="45.210260041058064" lon="6.66288597509265">
        <ele>1244</ele>
        <time>2015-07-08T01:52:20Z</time>
      </trkpt>
      <trkpt lat="45.210057031363249" lon="6.663152016699314">
        <ele>1239</ele>
        <time>2015-07-08T01:52:40Z</time>
      </trkpt>
      <trkpt lat="45.209756037220359" lon="6.663095019757748">
        <ele>1223</ele>
        <time>2015-07-08T01:53:00Z</time>
      </trkpt>
      <trkpt lat="45.209336020052433" lon="6.663272967562079">
        <ele>1214</ele>
        <time>2015-07-08T01:53:20Z</time>
      </trkpt>
      <trkpt lat="45.208604028448462" lon="6.663383021950722">
        <ele>1191</ele>
        <time>2015-07-08T01:53:40Z</time>
      </trkpt>
      <trkpt lat="45.208114022389054" lon="6.663515036925674">
        <ele>1173</ele>
        <time>2015-07-08T01:54:00Z</time>
      </trkpt>
      <trkpt lat="45.207759970799088" lon="6.663926001638174">
        <ele>1169</ele>
        <time>2015-07-08T01:54:20Z</time>
      </trkpt>
      <trkpt lat="45.207050023600459" lon="6.664298996329308">
        <ele>1153</ele>
        <time>2015-07-08T01:54:40Z</time>
      </trkpt>
      <trkpt lat="45.206918008625507" lon="6.664225989952683">
        <ele>1149</ele>
        <time>2015-07-08T01:55:00Z</time>
      </trkpt>
      <trkpt lat="45.206917002797127" lon="6.664047036319971">
        <ele>1148</ele>
        <time>2015-07-08T01:55:20Z</time>
      </trkpt>
      <trkpt lat="45.207062009721994" lon="6.663833968341351">
        <ele>1151</ele>
        <time>2015-07-08T01:55:40Z</time>
      </trkpt>
      <trkpt lat="45.207033008337021" lon="6.663616038858891">
        <ele>1150</ele>
        <time>2015-07-08T01:56:00Z</time>
      </trkpt>
      <trkpt lat="45.206883978098631" lon="6.663558958098292">
        <ele>1149</ele>
        <time>2015-07-08T01:56:20Z</time>
      </trkpt>
      <trkpt lat="45.206560017541051" lon="6.663704970851541">
        <ele>1140</ele>
        <time>2015-07-08T01:56:40Z</time>
      </trkpt>
      <trkpt lat="45.206118961796165" lon="6.664321040734649">
        <ele>1129</ele>
        <time>2015-07-08T01:57:00Z</time>
      </trkpt>
      <trkpt lat="45.205541029572487" lon="6.664619017392397">
        <ele>1118</ele>
        <time>2015-07-08T01:57:20Z</time>
      </trkpt>
      <trkpt lat="45.204924959689379" lon="6.66550699621439">
        <ele>1104</ele>
        <time>2015-07-08T01:57:40Z</time>
      </trkpt>
      <trkpt lat="45.204979022964835" lon="6.666262038052082">
        <ele>1100</ele>
        <time>2015-07-08T01:58:00Z</time>
      </trkpt>
      <trkpt lat="45.203959029167891" lon="6.667036022990942">
        <ele>1086</ele>
        <time>2015-07-08T01:58:20Z</time>
      </trkpt>
      <trkpt lat="45.204060031101108" lon="6.667559975758195">
        <ele>1084</ele>
        <time>2015-07-08T01:58:40Z</time>
      </trkpt>
      <trkpt lat="45.203932961449027" lon="6.667950991541147">
        <ele>1081</ele>
        <time>2015-07-08T01:59:00Z</time>
      </trkpt>
      <trkpt lat="45.203768005594611" lon="6.668103039264679">
        <ele>1080</ele>
        <time>2015-07-08T01:59:20Z</time>
      </trkpt>
      <trkpt lat="45.203557033091784" lon="6.668404033407569">
        <ele>1077</ele>
        <time>2015-07-08T01:59:40Z</time>
      </trkpt>
      <trkpt lat="45.203589973971248" lon="6.669013984501362">
        <ele>1075</ele>
        <time>2015-07-08T02:00:00Z</time>
      </trkpt>
      <trkpt lat="45.203077001497149" lon="6.669877991080284">
        <ele>1067</ele>
        <time>2015-07-08T02:00:20Z</time>
      </trkpt>
      <trkpt lat="45.203181020915508" lon="6.67004001326859">
        <ele>1067</ele>
        <time>2015-07-08T02:00:40Z</time>
      </trkpt>
      <trkpt lat="45.202363030984998" lon="6.670989012345672">
        <ele>1065</ele>
        <time>2015-07-08T02:01:00Z</time>
      </trkpt>
      <trkpt lat="45.202164966613054" lon="6.671225968748331">
        <ele>1066</ele>
        <time>2015-07-08T02:01:20Z</time>
      </trkpt>
      <trkpt lat="45.20196296274662" lon="6.671370975673199">
        <ele>1067</ele>
        <time>2015-07-08T02:01:40Z</time>
      </trkpt>
      <trkpt lat="45.201563984155655" lon="6.672658016905189">
        <ele>1072</ele>
        <time>2015-07-08T02:02:00Z</time>
      </trkpt>
      <trkpt lat="45.201482009142637" lon="6.67257503606379">
        <ele>1072</ele>
        <time>2015-07-08T02:02:20Z</time>
      </trkpt>
      <trkpt lat="45.201328033581376" lon="6.672900002449751">
        <ele>1073</ele>
        <time>2015-07-08T02:02:40Z</time>
      </trkpt>
      <trkpt lat="45.201648976653814" lon="6.673569967970252">
        <ele>1075</ele>
        <time>2015-07-08T02:03:00Z</time>
      </trkpt>
      <trkpt lat="45.201762970536947" lon="6.674475967884064">
        <ele>1078</ele>
        <time>2015-07-08T02:03:20Z</time>
      </trkpt>
      <trkpt lat="45.201540011912584" lon="6.675035040825605">
        <ele>1082</ele>
        <time>2015-07-08T02:03:40Z</time>
      </trkpt>
      <trkpt lat="45.20127103663981" lon="6.675452962517738">
        <ele>1084</ele>
        <time>2015-07-08T02:04:00Z</time>
      </trkpt>
      <trkpt lat="45.200846996158361" lon="6.676473040133715">
        <ele>1091</ele>
        <time>2015-07-08T02:04:20Z</time>
      </trkpt>
      <trkpt lat="45.20084397867322" lon="6.676892973482609">
        <ele>1094</ele>
        <time>2015-07-08T02:04:40Z</time>
      </trkpt>
      <trkpt lat="45.20075798034668" lon="6.677334029227495">
        <ele>1100</ele>
        <time>2015-07-08T02:05:00Z</time>
      </trkpt>
      <trkpt lat="45.200903993099928" lon="6.67766897007823">
        <ele>1099</ele>
        <time>2015-07-08T02:05:20Z</time>
      </trkpt>
      <trkpt lat="45.20090801641345" lon="6.678575975820422">
        <ele>1104</ele>
        <time>2015-07-08T02:05:40Z</time>
      </trkpt>
      <trkpt lat="45.201045982539654" lon="6.679444005712867">
        <ele>1111</ele>
        <time>2015-07-08T02:06:00Z</time>
      </trkpt>
      <trkpt lat="45.200957972556353" lon="6.680002994835377">
        <ele>1120</ele>
        <time>2015-07-08T02:06:20Z</time>
      </trkpt>
      <trkpt lat="45.200816988945007" lon="6.680389987304807">
        <ele>1135</ele>
        <time>2015-07-08T02:06:40Z</time>
      </trkpt>
      <trkpt lat="45.200547007843852" lon="6.680384036153555">
        <ele>1139</ele>
        <time>2015-07-08T02:07:00Z</time>
      </trkpt>
      <trkpt lat="45.200390014797449" lon="6.679929988458753">
        <ele>1130</ele>
        <time>2015-07-08T02:07:20Z</time>
      </trkpt>
      <trkpt lat="45.200196979567409" lon="6.678371038287878">
        <ele>1117</ele>
        <time>2015-07-08T02:07:40Z</time>
      </trkpt>
      <trkpt lat="45.199997993186116" lon="6.67751700617373">
        <ele>1116</ele>
        <time>2015-07-08T02:08:00Z</time>
      </trkpt>
      <trkpt lat="45.199719965457916" lon="6.676871012896299">
        <ele>1130</ele>
        <time>2015-07-08T02:08:20Z</time>
      </trkpt>
      <trkpt lat="45.199622986838222" lon="6.676396010443568">
        <ele>1121</ele>
        <time>2015-07-08T02:08:40Z</time>
      </trkpt>
      <trkpt lat="45.199214033782482" lon="6.675696037709713">
        <ele>1116</ele>
        <time>2015-07-08T02:09:00Z</time>
      </trkpt>
      <trkpt lat="45.19873701967299" lon="6.675573997199535">
        <ele>1131</ele>
        <time>2015-07-08T02:09:20Z</time>
      </trkpt>
      <trkpt lat="45.198530992493033" lon="6.675429996103048">
        <ele>1131</ele>
        <time>2015-07-08T02:09:40Z</time>
      </trkpt>
      <trkpt lat="45.19813503138721" lon="6.67539001442492">
        <ele>1143</ele>
        <time>2015-07-08T02:10:00Z</time>
      </trkpt>
      <trkpt lat="45.197622980922461" lon="6.675558993592858">
        <ele>1149</ele>
        <time>2015-07-08T02:10:20Z</time>
      </trkpt>
      <trkpt lat="45.197181003168225" lon="6.675340980291367">
        <ele>1166</ele>
        <time>2015-07-08T02:10:40Z</time>
      </trkpt>
      <trkpt lat="45.197109002619982" lon="6.67433699592948">
        <ele>1159</ele>
        <time>2015-07-08T02:11:00Z</time>
      </trkpt>
      <trkpt lat="45.196832986548543" lon="6.673522023484111">
        <ele>1155</ele>
        <time>2015-07-08T02:11:20Z</time>
      </trkpt>
      <trkpt lat="45.196507014334202" lon="6.673182975500822">
        <ele>1163</ele>
        <time>2015-07-08T02:11:40Z</time>
      </trkpt>
      <trkpt lat="45.195938972756267" lon="6.672759018838406">
        <ele>1166</ele>
        <time>2015-07-08T02:12:00Z</time>
      </trkpt>
      <trkpt lat="45.195258026942611" lon="6.672629015520215">
        <ele>1180</ele>
        <time>2015-07-08T02:12:20Z</time>
      </trkpt>
      <trkpt lat="45.194413969293237" lon="6.672196006402373">
        <ele>1190</ele>
        <time>2015-07-08T02:12:40Z</time>
      </trkpt>
      <trkpt lat="45.193596985191107" lon="6.670061973854899">
        <ele>1221</ele>
        <time>2015-07-08T02:13:00Z</time>
      </trkpt>
      <trkpt lat="45.193463964387774" lon="6.668804017826915">
        <ele>1202</ele>
        <time>2015-07-08T02:13:20Z</time>
      </trkpt>
      <trkpt lat="45.193247962743044" lon="6.667695008218288">
        <ele>1213</ele>
        <time>2015-07-08T02:13:40Z</time>
      </trkpt>
      <trkpt lat="45.192943029105663" lon="6.667571039870381">
        <ele>1224</ele>
        <time>2015-07-08T02:14:00Z</time>
      </trkpt>
      <trkpt lat="45.192666007205844" lon="6.666896967217326">
        <ele>1214</ele>
        <time>2015-07-08T02:14:20Z</time>
      </trkpt>
      <trkpt lat="45.192695008590817" lon="6.667824005708098">
        <ele>1234</ele>
        <time>2015-07-08T02:14:40Z</time>
      </trkpt>
      <trkpt lat="45.19300103187561" lon="6.668160036206245">
        <ele>1229</ele>
        <time>2015-07-08T02:15:00Z</time>
      </trkpt>
      <trkpt lat="45.192561987787485" lon="6.667979992926121">
        <ele>1239</ele>
        <time>2015-07-08T02:15:20Z</time>
      </trkpt>
      <trkpt lat="45.192478001117706" lon="6.667380016297102">
        <ele>1249</ele>
        <time>2015-07-08T02:15:40Z</time>
      </trkpt>
      <trkpt lat="45.192051026970148" lon="6.666850028559566">
        <ele>1254</ele>
        <time>2015-07-08T02:16:00Z</time>
      </trkpt>
      <trkpt lat="45.191699992865324" lon="6.666620029136539">
        <ele>1255</ele>
        <time>2015-07-08T02:16:20Z</time>
      </trkpt>
      <trkpt lat="45.191412996500731" lon="6.666346024721861">
        <ele>1271</ele>
        <time>2015-07-08T02:16:40Z</time>
      </trkpt>
      <trkpt lat="45.191064979881048" lon="6.666306965053082">
        <ele>1281</ele>
        <time>2015-07-08T02:17:00Z</time>
      </trkpt>
      <trkpt lat="45.190761974081397" lon="6.666016029193997">
        <ele>1308</ele>
        <time>2015-07-08T02:17:20Z</time>
      </trkpt>
      <trkpt lat="45.190799022093415" lon="6.664867959916592">
        <ele>1292</ele>
        <time>2015-07-08T02:17:40Z</time>
      </trkpt>
      <trkpt lat="45.190678993239999" lon="6.664446014910936">
        <ele>1294</ele>
        <time>2015-07-08T02:18:00Z</time>
      </trkpt>
      <trkpt lat="45.190482018515468" lon="6.664163963869214">
        <ele>1287</ele>
        <time>2015-07-08T02:18:20Z</time>
      </trkpt>
      <trkpt lat="45.190211031585932" lon="6.663557030260563">
        <ele>1290</ele>
        <time>2015-07-08T02:18:40Z</time>
      </trkpt>
      <trkpt lat="45.18960602581501" lon="6.662985971197486">
        <ele>1313</ele>
        <time>2015-07-08T02:19:00Z</time>
      </trkpt>
      <trkpt lat="45.189182991161942" lon="6.662725964561105">
        <ele>1318</ele>
        <time>2015-07-08T02:19:20Z</time>
      </trkpt>
      <trkpt lat="45.189071008935571" lon="6.662417007610202">
        <ele>1323</ele>
        <time>2015-07-08T02:19:40Z</time>
      </trkpt>
      <trkpt lat="45.188587959855795" lon="6.66209296323359">
        <ele>1331</ele>
        <time>2015-07-08T02:20:00Z</time>
      </trkpt>
      <trkpt lat="45.188190992921591" lon="6.66191996075213">
        <ele>1356</ele>
        <time>2015-07-08T02:20:20Z</time>
      </trkpt>
      <trkpt lat="45.187893016263843" lon="6.6616400051862">
        <ele>1342</ele>
        <time>2015-07-08T02:20:40Z</time>
      </trkpt>
      <trkpt lat="45.187580035999417" lon="6.660771975293756">
        <ele>1335</ele>
        <time>2015-07-08T02:21:00Z</time>
      </trkpt>
      <trkpt lat="45.18700797110796" lon="6.659676963463426">
        <ele>1339</ele>
        <time>2015-07-08T02:21:20Z</time>
      </trkpt>
      <trkpt lat="45.186454011127353" lon="6.659271027892828">
        <ele>1365</ele>
        <time>2015-07-08T02:21:40Z</time>
      </trkpt>
      <trkpt lat="45.186131978407502" lon="6.658838018774986">
        <ele>1357</ele>
        <time>2015-07-08T02:22:00Z</time>
      </trkpt>
      <trkpt lat="45.18574096262455" lon="6.658522021025419">
        <ele>1372</ele>
        <time>2015-07-08T02:22:20Z</time>
      </trkpt>
      <trkpt lat="45.185657981783152" lon="6.658711032941937">
        <ele>1380</ele>
        <time>2015-07-08T02:22:40Z</time>
      </trkpt>
      <trkpt lat="45.186117980629206" lon="6.659132977947593">
        <ele>1362</ele>
        <time>2015-07-08T02:23:00Z</time>
      </trkpt>
      <trkpt lat="45.186350997537374" lon="6.659615021198988">
        <ele>1376</ele>
        <time>2015-07-08T02:23:20Z</time>
      </trkpt>
      <trkpt lat="45.186763973906636" lon="6.660107038915157">
        <ele>1365</ele>
        <time>2015-07-08T02:23:40Z</time>
      </trkpt>
      <trkpt lat="45.186877967789769" lon="6.66114698164165">
        <ele>1385</ele>
        <time>2015-07-08T02:24:00Z</time>
      </trkpt>
      <trkpt lat="45.186721980571747" lon="6.661208001896739">
        <ele>1388</ele>
        <time>2015-07-08T02:24:20Z</time>
      </trkpt>
      <trkpt lat="45.186549983918667" lon="6.660369979217649">
        <ele>1394</ele>
        <time>2015-07-08T02:24:40Z</time>
      </trkpt>
      <trkpt lat="45.185140985995531" lon="6.659347973763943">
        <ele>1416</ele>
        <time>2015-07-08T02:25:00Z</time>
      </trkpt>
      <trkpt lat="45.184981981292367" lon="6.659197015687823">
        <ele>1421</ele>
        <time>2015-07-08T02:25:20Z</time>
      </trkpt>
      <trkpt lat="45.184747958555818" lon="6.659121997654438">
        <ele>1424</ele>
        <time>2015-07-08T02:25:40Z</time>
      </trkpt>
      <trkpt lat="45.184460040181875" lon="6.658853022381663">
        <ele>1430</ele>
        <time>2015-07-08T02:26:00Z</time>
      </trkpt>
      <trkpt lat="45.183884035795927" lon="6.658390006050468">
        <ele>1457</ele>
        <time>2015-07-08T02:26:20Z</time>
      </trkpt>
      <trkpt lat="45.183772975578904" lon="6.657979963347316">
        <ele>1444</ele>
        <time>2015-07-08T02:26:40Z</time>
      </trkpt>
      <trkpt lat="45.183328986167908" lon="6.657620966434479">
        <ele>1466</ele>
        <time>2015-07-08T02:27:00Z</time>
      </trkpt>
      <trkpt lat="45.183044001460075" lon="6.657241014763713">
        <ele>1461</ele>
        <time>2015-07-08T02:27:20Z</time>
      </trkpt>
      <trkpt lat="45.182578973472118" lon="6.656800964847207">
        <ele>1461</ele>
        <time>2015-07-08T02:27:40Z</time>
      </trkpt>
      <trkpt lat="45.182347968220711" lon="6.656790990382433">
        <ele>1465</ele>
        <time>2015-07-08T02:28:00Z</time>
      </trkpt>
      <trkpt lat="45.18146401271224" lon="6.657273033633828">
        <ele>1472</ele>
        <time>2015-07-08T02:28:20Z</time>
      </trkpt>
      <trkpt lat="45.181245999410748" lon="6.657518036663532">
        <ele>1494</ele>
        <time>2015-07-08T02:28:40Z</time>
      </trkpt>
      <trkpt lat="45.180794969201088" lon="6.657568998634815">
        <ele>1492</ele>
        <time>2015-07-08T02:29:00Z</time>
      </trkpt>
      <trkpt lat="45.180362965911627" lon="6.657271021977067">
        <ele>1483</ele>
        <time>2015-07-08T02:29:20Z</time>
      </trkpt>
      <trkpt lat="45.179772041738033" lon="6.657090978696942">
        <ele>1489</ele>
        <time>2015-07-08T02:29:40Z</time>
      </trkpt>
      <trkpt lat="45.179572971537709" lon="6.657431032508612">
        <ele>1492</ele>
        <time>2015-07-08T02:30:00Z</time>
      </trkpt>
      <trkpt lat="45.178703013807535" lon="6.657650973647833">
        <ele>1513</ele>
        <time>2015-07-08T02:30:20Z</time>
      </trkpt>
      <trkpt lat="45.178248966112733" lon="6.658150032162666">
        <ele>1527</ele>
        <time>2015-07-08T02:30:40Z</time>
      </trkpt>
      <trkpt lat="45.178043022751808" lon="6.657886002212763">
        <ele>1529</ele>
        <time>2015-07-08T02:31:00Z</time>
      </trkpt>
      <trkpt lat="45.17809197306633" lon="6.65727898478508">
        <ele>1527</ele>
        <time>2015-07-08T02:31:20Z</time>
      </trkpt>
      <trkpt lat="45.178374024108052" lon="6.656147008761764">
        <ele>1506</ele>
        <time>2015-07-08T02:31:40Z</time>
      </trkpt>
      <trkpt lat="45.178237985819578" lon="6.655840985476971">
        <ele>1517</ele>
        <time>2015-07-08T02:32:00Z</time>
      </trkpt>
      <trkpt lat="45.177723001688719" lon="6.655931007117033">
        <ele>1529</ele>
        <time>2015-07-08T02:32:20Z</time>
      </trkpt>
      <trkpt lat="45.177402980625629" lon="6.655691033229232">
        <ele>1529</ele>
        <time>2015-07-08T02:32:40Z</time>
      </trkpt>
      <trkpt lat="45.177655024453998" lon="6.656213980168104">
        <ele>1530</ele>
        <time>2015-07-08T02:33:00Z</time>
      </trkpt>
      <trkpt lat="45.177628034725785" lon="6.656554033979774">
        <ele>1535</ele>
        <time>2015-07-08T02:33:20Z</time>
      </trkpt>
      <trkpt lat="45.17701699398458" lon="6.656541964039207">
        <ele>1548</ele>
        <time>2015-07-08T02:33:40Z</time>
      </trkpt>
      <trkpt lat="45.176447024568915" lon="6.655690027400851">
        <ele>1545</ele>
        <time>2015-07-08T02:34:00Z</time>
      </trkpt>
      <trkpt lat="45.175518980249763" lon="6.6549570299685">
        <ele>1541</ele>
        <time>2015-07-08T02:34:20Z</time>
      </trkpt>
      <trkpt lat="45.174983963370323" lon="6.654439028352499">
        <ele>1548</ele>
        <time>2015-07-08T02:34:40Z</time>
      </trkpt>
      <trkpt lat="45.174857983365655" lon="6.654605995863676">
        <ele>1552</ele>
        <time>2015-07-08T02:35:00Z</time>
      </trkpt>
      <trkpt lat="45.1750179938972" lon="6.654988965019584">
        <ele>1555</ele>
        <time>2015-07-08T02:35:20Z</time>
      </trkpt>
      <trkpt lat="45.174968959763646" lon="6.655219970270991">
        <ele>1562</ele>
        <time>2015-07-08T02:35:40Z</time>
      </trkpt>
      <trkpt lat="45.174609962850809" lon="6.655160961672664">
        <ele>1566</ele>
        <time>2015-07-08T02:36:00Z</time>
      </trkpt>
      <trkpt lat="45.173327028751373" lon="6.654457971453667">
        <ele>1580</ele>
        <time>2015-07-08T02:36:20Z</time>
      </trkpt>
      <trkpt lat="45.173201970756054" lon="6.654515974223614">
        <ele>1581</ele>
        <time>2015-07-08T02:36:40Z</time>
      </trkpt>
      <trkpt lat="45.172295970842242" lon="6.653460022062063">
        <ele>1586</ele>
        <time>2015-07-08T02:37:00Z</time>
      </trkpt>
      <trkpt lat="45.171700017526746" lon="6.652949983254075">
        <ele>1584</ele>
        <time>2015-07-08T02:37:20Z</time>
      </trkpt>
      <trkpt lat="45.17125703394413" lon="6.652178009971976">
        <ele>1588</ele>
        <time>2015-07-08T02:37:40Z</time>
      </trkpt>
      <trkpt lat="45.170780019834638" lon="6.651851031929255">
        <ele>1599</ele>
        <time>2015-07-08T02:38:00Z</time>
      </trkpt>
      <trkpt lat="45.170583967119455" lon="6.651762016117573">
        <ele>1601</ele>
        <time>2015-07-08T02:38:20Z</time>
      </trkpt>
      <trkpt lat="45.169836971908808" lon="6.650577988475561">
        <ele>1592</ele>
        <time>2015-07-08T02:38:40Z</time>
      </trkpt>
      <trkpt lat="45.169489961117506" lon="6.650311024859548">
        <ele>1594</ele>
        <time>2015-07-08T02:39:00Z</time>
      </trkpt>
      <trkpt lat="45.167801007628441" lon="6.649778019636869">
        <ele>1609</ele>
        <time>2015-07-08T02:39:20Z</time>
      </trkpt>
      <trkpt lat="45.167355006560683" lon="6.649439977481961">
        <ele>1620</ele>
        <time>2015-07-08T02:39:40Z</time>
      </trkpt>
      <trkpt lat="45.167114026844501" lon="6.649193968623877">
        <ele>1622</ele>
        <time>2015-07-08T02:40:00Z</time>
      </trkpt>
      <trkpt lat="45.166958039626479" lon="6.649085003882647">
        <ele>1616</ele>
        <time>2015-07-08T02:40:20Z</time>
      </trkpt>
      <trkpt lat="45.166414976119995" lon="6.649152981117368">
        <ele>1630</ele>
        <time>2015-07-08T02:40:40Z</time>
      </trkpt>
      <trkpt lat="45.165938967838883" lon="6.649430003017187">
        <ele>1643</ele>
        <time>2015-07-08T02:41:00Z</time>
      </trkpt>
      <trkpt lat="45.16558600589633" lon="6.649323971942067">
        <ele>1657</ele>
        <time>2015-07-08T02:41:20Z</time>
      </trkpt>
      <trkpt lat="45.165592040866613" lon="6.649016020819545">
        <ele>1650</ele>
        <time>2015-07-08T02:41:40Z</time>
      </trkpt>
      <trkpt lat="45.16584400087595" lon="6.648568008095026">
        <ele>1634</ele>
        <time>2015-07-08T02:42:00Z</time>
      </trkpt>
      <trkpt lat="45.165730006992817" lon="6.648329962044954">
        <ele>1637</ele>
        <time>2015-07-08T02:42:20Z</time>
      </trkpt>
      <trkpt lat="45.165275959298015" lon="6.648378996178508">
        <ele>1652</ele>
        <time>2015-07-08T02:42:40Z</time>
      </trkpt>
      <trkpt lat="45.164642035961151" lon="6.647811960428953">
        <ele>1656</ele>
        <time>2015-07-08T02:43:00Z</time>
      </trkpt>
      <trkpt lat="45.164336012676358" lon="6.64733100682497">
        <ele>1650</ele>
        <time>2015-07-08T02:43:20Z</time>
      </trkpt>
      <trkpt lat="45.163658000528812" lon="6.646934039890766">
        <ele>1658</ele>
        <time>2015-07-08T02:43:40Z</time>
      </trkpt>
      <trkpt lat="45.163204036653042" lon="6.646891040727496">
        <ele>1661</ele>
        <time>2015-07-08T02:44:00Z</time>
      </trkpt>
      <trkpt lat="45.162854008376598" lon="6.647263029590249">
        <ele>1668</ele>
        <time>2015-07-08T02:44:20Z</time>
      </trkpt>
      <trkpt lat="45.161921018734574" lon="6.647389009594917">
        <ele>1680</ele>
        <time>2015-07-08T02:44:40Z</time>
      </trkpt>
      <trkpt lat="45.161738963797688" lon="6.64722103625536">
        <ele>1679</ele>
        <time>2015-07-08T02:45:00Z</time>
      </trkpt>
      <trkpt lat="45.161540983244777" lon="6.646688031032682">
        <ele>1678</ele>
        <time>2015-07-08T02:45:20Z</time>
      </trkpt>
      <trkpt lat="45.161240994930267" lon="6.646662969142199">
        <ele>1671</ele>
        <time>2015-07-08T02:45:40Z</time>
      </trkpt>
      <trkpt lat="45.160957016050816" lon="6.646832032129169">
        <ele>1688</ele>
        <time>2015-07-08T02:46:00Z</time>
      </trkpt>
      <trkpt lat="45.160115975886583" lon="6.646781992167234">
        <ele>1709</ele>
        <time>2015-07-08T02:46:20Z</time>
      </trkpt>
      <trkpt lat="45.159822022542357" lon="6.646555010229349">
        <ele>1712</ele>
        <time>2015-07-08T02:46:40Z</time>
      </trkpt>
      <trkpt lat="45.159724038094282" lon="6.646113032475114">
        <ele>1709</ele>
        <time>2015-07-08T02:47:00Z</time>
      </trkpt>
      <trkpt lat="45.159498983994126" lon="6.645767027512193">
        <ele>1697</ele>
        <time>2015-07-08T02:47:20Z</time>
      </trkpt>
      <trkpt lat="45.159181980416179" lon="6.64556996896863">
        <ele>1701</ele>
        <time>2015-07-08T02:47:40Z</time>
      </trkpt>
      <trkpt lat="45.158706977963448" lon="6.64552403613925">
        <ele>1717</ele>
        <time>2015-07-08T02:48:00Z</time>
      </trkpt>
      <trkpt lat="45.158226024359465" lon="6.645387997850776">
        <ele>1733</ele>
        <time>2015-07-08T02:48:20Z</time>
      </trkpt>
      <trkpt lat="45.157955959439278" lon="6.645444994792342">
        <ele>1737</ele>
        <time>2015-07-08T02:48:40Z</time>
      </trkpt>
      <trkpt lat="45.157073009759188" lon="6.644794978201389">
        <ele>1747</ele>
        <time>2015-07-08T02:49:00Z</time>
      </trkpt>
      <trkpt lat="45.156827000901103" lon="6.6441710293293">
        <ele>1748</ele>
        <time>2015-07-08T02:49:20Z</time>
      </trkpt>
      <trkpt lat="45.156367002055049" lon="6.643795017153025">
        <ele>1756</ele>
        <time>2015-07-08T02:49:40Z</time>
      </trkpt>
      <trkpt lat="45.15578898601234" lon="6.643736008554697">
        <ele>1784</ele>
        <time>2015-07-08T02:50:00Z</time>
      </trkpt>
      <trkpt lat="45.155543982982635" lon="6.643889984115958">
        <ele>1789</ele>
        <time>2015-07-08T02:50:20Z</time>
      </trkpt>
      <trkpt lat="45.155261009931564" lon="6.643410958349705">
        <ele>1791</ele>
        <time>2015-07-08T02:50:40Z</time>
      </trkpt>
      <trkpt lat="45.154976025223732" lon="6.643397966399789">
        <ele>1802</ele>
        <time>2015-07-08T02:51:00Z</time>
      </trkpt>
      <trkpt lat="45.154751976951957" lon="6.643408024683595">
        <ele>1812</ele>
        <time>2015-07-08T02:51:20Z</time>
      </trkpt>
      <trkpt lat="45.154573023319244" lon="6.642936039716005">
        <ele>1800</ele>
        <time>2015-07-08T02:51:40Z</time>
      </trkpt>
      <trkpt lat="45.154299018904567" lon="6.642893040552735">
        <ele>1803</ele>
        <time>2015-07-08T02:52:00Z</time>
      </trkpt>
      <trkpt lat="45.154146971181035" lon="6.642485009506345">
        <ele>1804</ele>
        <time>2015-07-08T02:52:20Z</time>
      </trkpt>
      <trkpt lat="45.153914960101247" lon="6.64210899733007">
        <ele>1813</ele>
        <time>2015-07-08T02:52:40Z</time>
      </trkpt>
      <trkpt lat="45.153526039794087" lon="6.64189400151372">
        <ele>1818</ele>
        <time>2015-07-08T02:53:00Z</time>
      </trkpt>
      <trkpt lat="45.15325203537941" lon="6.641829963773489">
        <ele>1835</ele>
        <time>2015-07-08T02:53:20Z</time>
      </trkpt>
      <trkpt lat="45.153128989040852" lon="6.64172301068902">
        <ele>1837</ele>
        <time>2015-07-08T02:53:40Z</time>
      </trkpt>
      <trkpt lat="45.152865964919329" lon="6.641926020383835">
        <ele>1847</ele>
        <time>2015-07-08T02:54:00Z</time>
      </trkpt>
      <trkpt lat="45.152576034888625" lon="6.641383962705731">
        <ele>1841</ele>
        <time>2015-07-08T02:54:20Z</time>
      </trkpt>
      <trkpt lat="45.152376964688301" lon="6.640852969139814">
        <ele>1859</ele>
        <time>2015-07-08T02:54:40Z</time>
      </trkpt>
      <trkpt lat="45.152191976085305" lon="6.639388985931873">
        <ele>1864</ele>
        <time>2015-07-08T02:55:00Z</time>
      </trkpt>
      <trkpt lat="45.151915038004518" lon="6.639202991500497">
        <ele>1874</ele>
        <time>2015-07-08T02:55:20Z</time>
      </trkpt>
      <trkpt lat="45.151821998879313" lon="6.63886402733624">
        <ele>1871</ele>
        <time>2015-07-08T02:55:40Z</time>
      </trkpt>
      <trkpt lat="45.151441041380167" lon="6.638503018766642">
        <ele>1894</ele>
        <time>2015-07-08T02:56:00Z</time>
      </trkpt>
      <trkpt lat="45.151077015325427" lon="6.637364001944661">
        <ele>1899</ele>
        <time>2015-07-08T02:56:20Z</time>
      </trkpt>
      <trkpt lat="45.150707038119435" lon="6.637122016400099">
        <ele>1908</ele>
        <time>2015-07-08T02:56:40Z</time>
      </trkpt>
      <trkpt lat="45.150399003177881" lon="6.636729994788766">
        <ele>1912</ele>
        <time>2015-07-08T02:57:00Z</time>
      </trkpt>
      <trkpt lat="45.150304958224297" lon="6.636399999260902">
        <ele>1916</ele>
        <time>2015-07-08T02:57:20Z</time>
      </trkpt>
      <trkpt lat="45.150090968236327" lon="6.636004960164428">
        <ele>1917</ele>
        <time>2015-07-08T02:57:40Z</time>
      </trkpt>
      <trkpt lat="45.149929029867053" lon="6.635500034317374">
        <ele>1923</ele>
        <time>2015-07-08T02:58:00Z</time>
      </trkpt>
      <trkpt lat="45.149543965235353" lon="6.635182024911046">
        <ele>1924</ele>
        <time>2015-07-08T02:58:20Z</time>
      </trkpt>
      <trkpt lat="45.149349002167583" lon="6.634729988873005">
        <ele>1920</ele>
        <time>2015-07-08T02:58:40Z</time>
      </trkpt>
      <trkpt lat="45.148919010534883" lon="6.634535025805235">
        <ele>1918</ele>
        <time>2015-07-08T02:59:00Z</time>
      </trkpt>
      <trkpt lat="45.148669984191656" lon="6.634490014985204">
        <ele>1919</ele>
        <time>2015-07-08T02:59:20Z</time>
      </trkpt>
      <trkpt lat="45.148347029462457" lon="6.633978970348835">
        <ele>1915</ele>
        <time>2015-07-08T02:59:40Z</time>
      </trkpt>
      <trkpt lat="45.147978980094194" lon="6.633531963452697">
        <ele>1922</ele>
        <time>2015-07-08T03:00:00Z</time>
      </trkpt>
      <trkpt lat="45.147743029519916" lon="6.632510963827372">
        <ele>1921</ele>
        <time>2015-07-08T03:00:20Z</time>
      </trkpt>
      <trkpt lat="45.147369029000401" lon="6.632279958575964">
        <ele>1930</ele>
        <time>2015-07-08T03:00:40Z</time>
      </trkpt>
      <trkpt lat="45.147121008485556" lon="6.632360005751252">
        <ele>1933</ele>
        <time>2015-07-08T03:01:00Z</time>
      </trkpt>
      <trkpt lat="45.147056970745325" lon="6.632127994671464">
        <ele>1934</ele>
        <time>2015-07-08T03:01:20Z</time>
      </trkpt>
      <trkpt lat="45.147381015121937" lon="6.631890032440424">
        <ele>1931</ele>
        <time>2015-07-08T03:01:40Z</time>
      </trkpt>
      <trkpt lat="45.147300967946649" lon="6.631630025804043">
        <ele>1934</ele>
        <time>2015-07-08T03:02:00Z</time>
      </trkpt>
      <trkpt lat="45.147140035405755" lon="6.631670007482171">
        <ele>1934</ele>
        <time>2015-07-08T03:02:20Z</time>
      </trkpt>
      <trkpt lat="45.146984970197082" lon="6.630989983677864">
        <ele>1941</ele>
        <time>2015-07-08T03:02:40Z</time>
      </trkpt>
      <trkpt lat="45.146965021267533" lon="6.630567032843828">
        <ele>1950</ele>
        <time>2015-07-08T03:03:00Z</time>
      </trkpt>
      <trkpt lat="45.146805010735989" lon="6.630064034834504">
        <ele>1955</ele>
        <time>2015-07-08T03:03:20Z</time>
      </trkpt>
      <trkpt lat="45.146919004619122" lon="6.629479983821511">
        <ele>1971</ele>
        <time>2015-07-08T03:03:40Z</time>
      </trkpt>
      <trkpt lat="45.146087016910315" lon="6.629505967721343">
        <ele>1982</ele>
        <time>2015-07-08T03:04:00Z</time>
      </trkpt>
      <trkpt lat="45.146763017401099" lon="6.628709016367793">
        <ele>1994</ele>
        <time>2015-07-08T03:04:20Z</time>
      </trkpt>
      <trkpt lat="45.146140996366739" lon="6.628733994439244">
        <ele>2008</ele>
        <time>2015-07-08T03:04:40Z</time>
      </trkpt>
      <trkpt lat="45.146491024643183" lon="6.628215992823243">
        <ele>2020</ele>
        <time>2015-07-08T03:05:00Z</time>
      </trkpt>
      <trkpt lat="45.146606024354696" lon="6.627934025600553">
        <ele>2025</ele>
        <time>2015-07-08T03:05:20Z</time>
      </trkpt>
      <trkpt lat="45.146374013274908" lon="6.627552984282374">
        <ele>2030</ele>
        <time>2015-07-08T03:05:40Z</time>
      </trkpt>
      <trkpt lat="45.146274017170072" lon="6.626895004883409">
        <ele>2048</ele>
        <time>2015-07-08T03:06:00Z</time>
      </trkpt>
      <trkpt lat="45.14577898196876" lon="6.625761017203331">
        <ele>2070</ele>
        <time>2015-07-08T03:06:20Z</time>
      </trkpt>
      <trkpt lat="45.145124020054936" lon="6.625073030591011">
        <ele>2082</ele>
        <time>2015-07-08T03:06:40Z</time>
      </trkpt>
      <trkpt lat="45.144750019535422" lon="6.62449199706316">
        <ele>2095</ele>
        <time>2015-07-08T03:07:00Z</time>
      </trkpt>
      <trkpt lat="45.144515996798873" lon="6.62395597435534">
        <ele>2099</ele>
        <time>2015-07-08T03:07:20Z</time>
      </trkpt>
      <trkpt lat="45.144384987652302" lon="6.624379009008408">
        <ele>2100</ele>
        <time>2015-07-08T03:07:40Z</time>
      </trkpt>
      <trkpt lat="45.144133027642965" lon="6.62410500459373">
        <ele>2105</ele>
        <time>2015-07-08T03:08:00Z</time>
      </trkpt>
      <trkpt lat="45.144106037914753" lon="6.62391004152596">
        <ele>2108</ele>
        <time>2015-07-08T03:08:20Z</time>
      </trkpt>
      <trkpt lat="45.143802026286721" lon="6.6234399843961">
        <ele>2109</ele>
        <time>2015-07-08T03:08:40Z</time>
      </trkpt>
      <trkpt lat="45.143790962174535" lon="6.623230017721653">
        <ele>2106</ele>
        <time>2015-07-08T03:09:00Z</time>
      </trkpt>
      <trkpt lat="45.143512012436986" lon="6.622892981395125">
        <ele>2108</ele>
        <time>2015-07-08T03:09:20Z</time>
      </trkpt>
      <trkpt lat="45.143311014398932" lon="6.623042011633515">
        <ele>2122</ele>
        <time>2015-07-08T03:09:40Z</time>
      </trkpt>
      <trkpt lat="45.143010020256042" lon="6.622596010565758">
        <ele>2123</ele>
        <time>2015-07-08T03:10:00Z</time>
      </trkpt>
      <trkpt lat="45.142808016389608" lon="6.622440023347735">
        <ele>2121</ele>
        <time>2015-07-08T03:10:20Z</time>
      </trkpt>
      <trkpt lat="45.142448013648391" lon="6.62189100869">
        <ele>2130</ele>
        <time>2015-07-08T03:10:40Z</time>
      </trkpt>
      <trkpt lat="45.142245003953576" lon="6.621778020635247">
        <ele>2131</ele>
        <time>2015-07-08T03:11:00Z</time>
      </trkpt>
      <trkpt lat="45.141650978475809" lon="6.621969966217876">
        <ele>2152</ele>
        <time>2015-07-08T03:11:20Z</time>
      </trkpt>
      <trkpt lat="45.140217002481222" lon="6.621318021789193">
        <ele>2170</ele>
        <time>2015-07-08T03:11:40Z</time>
      </trkpt>
      <trkpt lat="45.140356980264187" lon="6.621765028685331">
        <ele>2185</ele>
        <time>2015-07-08T03:12:00Z</time>
      </trkpt>
      <trkpt lat="45.139750968664885" lon="6.621210984885693">
        <ele>2188</ele>
        <time>2015-07-08T03:12:20Z</time>
      </trkpt>
      <trkpt lat="45.13950596563518" lon="6.621176032349467">
        <ele>2192</ele>
        <time>2015-07-08T03:12:40Z</time>
      </trkpt>
      <trkpt lat="45.139336986467242" lon="6.621033037081361">
        <ele>2193</ele>
        <time>2015-07-08T03:13:00Z</time>
      </trkpt>
      <trkpt lat="45.138584040105343" lon="6.620661970227957">
        <ele>2206</ele>
        <time>2015-07-08T03:13:20Z</time>
      </trkpt>
      <trkpt lat="45.138201992958784" lon="6.619893014431">
        <ele>2208</ele>
        <time>2015-07-08T03:13:40Z</time>
      </trkpt>
      <trkpt lat="45.138043994084001" lon="6.619677012786269">
        <ele>2208</ele>
        <time>2015-07-08T03:14:00Z</time>
      </trkpt>
      <trkpt lat="45.137680973857641" lon="6.619611969217658">
        <ele>2211</ele>
        <time>2015-07-08T03:14:20Z</time>
      </trkpt>
      <trkpt lat="45.137626994401217" lon="6.62000298500061">
        <ele>2228</ele>
        <time>2015-07-08T03:14:40Z</time>
      </trkpt>
      <trkpt lat="45.137217035517097" lon="6.619908018037677">
        <ele>2228</ele>
        <time>2015-07-08T03:15:00Z</time>
      </trkpt>
      <trkpt lat="45.136826019734144" lon="6.619988987222314">
        <ele>2236</ele>
        <time>2015-07-08T03:15:20Z</time>
      </trkpt>
      <trkpt lat="45.136661985889077" lon="6.619920004159212">
        <ele>2244</ele>
        <time>2015-07-08T03:15:40Z</time>
      </trkpt>
      <trkpt lat="45.135855982080102" lon="6.620329963043332">
        <ele>2263</ele>
        <time>2015-07-08T03:16:00Z</time>
      </trkpt>
      <trkpt lat="45.135414004325867" lon="6.620084960013628">
        <ele>2275</ele>
        <time>2015-07-08T03:16:20Z</time>
      </trkpt>
      <trkpt lat="45.134987030178308" lon="6.619819002225995">
        <ele>2277</ele>
        <time>2015-07-08T03:16:40Z</time>
      </trkpt>
      <trkpt lat="45.134380012750626" lon="6.619810033589602">
        <ele>2284</ele>
        <time>2015-07-08T03:17:00Z</time>
      </trkpt>
      <trkpt lat="45.134048005566001" lon="6.619409965351224">
        <ele>2293</ele>
        <time>2015-07-08T03:17:20Z</time>
      </trkpt>
      <trkpt lat="45.134101985022426" lon="6.619140990078449">
        <ele>2284</ele>
        <time>2015-07-08T03:17:40Z</time>
      </trkpt>
      <trkpt lat="45.133754974231124" lon="6.618636986240745">
        <ele>2281</ele>
        <time>2015-07-08T03:18:00Z</time>
      </trkpt>
      <trkpt lat="45.133124990388751" lon="6.618489967659116">
        <ele>2290</ele>
        <time>2015-07-08T03:18:20Z</time>
      </trkpt>
      <trkpt lat="45.131568973883986" lon="6.617035958915949">
        <ele>2284</ele>
        <time>2015-07-08T03:18:40Z</time>
      </trkpt>
      <trkpt lat="45.13069499284029" lon="6.616333974525333">
        <ele>2285</ele>
        <time>2015-07-08T03:19:00Z</time>
      </trkpt>
      <trkpt lat="45.130248991772532" lon="6.616124007850885">
        <ele>2285</ele>
        <time>2015-07-08T03:19:20Z</time>
      </trkpt>
      <trkpt lat="45.129817994311452" lon="6.615741960704327">
        <ele>2281</ele>
        <time>2015-07-08T03:19:40Z</time>
      </trkpt>
      <trkpt lat="45.128909982740879" lon="6.615150030702353">
        <ele>2286</ele>
        <time>2015-07-08T03:20:00Z</time>
      </trkpt>
      <trkpt lat="45.128571018576622" lon="6.614439999684691">
        <ele>2282</ele>
        <time>2015-07-08T03:20:20Z</time>
      </trkpt>
      <trkpt lat="45.128162987530231" lon="6.613980000838637">
        <ele>2286</ele>
        <time>2015-07-08T03:20:40Z</time>
      </trkpt>
      <trkpt lat="45.127844978123903" lon="6.613584961742163">
        <ele>2287</ele>
        <time>2015-07-08T03:21:00Z</time>
      </trkpt>
      <trkpt lat="45.127619002014399" lon="6.613158993422985">
        <ele>2286</ele>
        <time>2015-07-08T03:21:20Z</time>
      </trkpt>
      <trkpt lat="45.127151040360332" lon="6.612724978476763">
        <ele>2302</ele>
        <time>2015-07-08T03:21:40Z</time>
      </trkpt>
      <trkpt lat="45.12687100097537" lon="6.612085020169616">
        <ele>2303</ele>
        <time>2015-07-08T03:22:00Z</time>
      </trkpt>
      <trkpt lat="45.126560032367706" lon="6.611628038808703">
        <ele>2320</ele>
        <time>2015-07-08T03:22:20Z</time>
      </trkpt>
      <trkpt lat="45.125851007178426" lon="6.611150018870831">
        <ele>2324</ele>
        <time>2015-07-08T03:22:40Z</time>
      </trkpt>
      <trkpt lat="45.125368963927031" lon="6.611126968637109">
        <ele>2340</ele>
        <time>2015-07-08T03:23:00Z</time>
      </trkpt>
      <trkpt lat="45.125118009746075" lon="6.611346993595362">
        <ele>2345</ele>
        <time>2015-07-08T03:23:20Z</time>
      </trkpt>
      <trkpt lat="45.124621968716383" lon="6.611451013013721">
        <ele>2366</ele>
        <time>2015-07-08T03:23:40Z</time>
      </trkpt>
      <trkpt lat="45.124139003455639" lon="6.610975004732609">
        <ele>2387</ele>
        <time>2015-07-08T03:24:00Z</time>
      </trkpt>
      <trkpt lat="45.12388302013278" lon="6.610554987564683">
        <ele>2390</ele>
        <time>2015-07-08T03:24:20Z</time>
      </trkpt>
      <trkpt lat="45.123809007927775" lon="6.610371004790068">
        <ele>2391</ele>
        <time>2015-07-08T03:24:40Z</time>
      </trkpt>
      <trkpt lat="45.123521005734801" lon="6.609883010387421">
        <ele>2393</ele>
        <time>2015-07-08T03:25:00Z</time>
      </trkpt>
      <trkpt lat="45.123248007148504" lon="6.609545974060893">
        <ele>2407</ele>
        <time>2015-07-08T03:25:20Z</time>
      </trkpt>
      <trkpt lat="45.122062973678112" lon="6.609628032892942">
        <ele>2427</ele>
        <time>2015-07-08T03:25:40Z</time>
      </trkpt>
      <trkpt lat="45.121963983401656" lon="6.609756024554372">
        <ele>2428</ele>
        <time>2015-07-08T03:26:00Z</time>
      </trkpt>
      <trkpt lat="45.12182199396193" lon="6.609714031219482">
        <ele>2429</ele>
        <time>2015-07-08T03:26:20Z</time>
      </trkpt>
      <trkpt lat="45.121724009513855" lon="6.609485959634185">
        <ele>2429</ele>
        <time>2015-07-08T03:26:40Z</time>
      </trkpt>
      <trkpt lat="45.121413040906191" lon="6.609077006578445">
        <ele>2438</ele>
        <time>2015-07-08T03:27:00Z</time>
      </trkpt>
      <trkpt lat="45.12128496542573" lon="6.608708035200834">
        <ele>2439</ele>
        <time>2015-07-08T03:27:20Z</time>
      </trkpt>
      <trkpt lat="45.120892021805048" lon="6.608315007761121">
        <ele>2440</ele>
        <time>2015-07-08T03:27:40Z</time>
      </trkpt>
      <trkpt lat="45.120589016005397" lon="6.608157008886337">
        <ele>2437</ele>
        <time>2015-07-08T03:28:00Z</time>
      </trkpt>
      <trkpt lat="45.12012499384582" lon="6.608265973627567">
        <ele>2432</ele>
        <time>2015-07-08T03:28:20Z</time>
      </trkpt>
      <trkpt lat="45.119933970272541" lon="6.608396982774139">
        <ele>2426</ele>
        <time>2015-07-08T03:28:40Z</time>
      </trkpt>
      <trkpt lat="45.119586959481239" lon="6.608362030237913">
        <ele>2420</ele>
        <time>2015-07-08T03:29:00Z</time>
      </trkpt>
      <trkpt lat="45.119383027777076" lon="6.608493961393833">
        <ele>2416</ele>
        <time>2015-07-08T03:29:20Z</time>
      </trkpt>
      <trkpt lat="45.119072981178761" lon="6.608476024121046">
        <ele>2406</ele>
        <time>2015-07-08T03:29:40Z</time>
      </trkpt>
      <trkpt lat="45.118893021717668" lon="6.60913098603487">
        <ele>2404</ele>
        <time>2015-07-08T03:30:00Z</time>
      </trkpt>
      <trkpt lat="45.118450038135052" lon="6.6093660145998">
        <ele>2404</ele>
        <time>2015-07-08T03:30:20Z</time>
      </trkpt>
      <trkpt lat="45.118093974888325" lon="6.609336007386446">
        <ele>2394</ele>
        <time>2015-07-08T03:30:40Z</time>
      </trkpt>
      <trkpt lat="45.117932036519051" lon="6.609458969905973">
        <ele>2393</ele>
        <time>2015-07-08T03:31:00Z</time>
      </trkpt>
      <trkpt lat="45.117588965222239" lon="6.609526025131345">
        <ele>2391</ele>
        <time>2015-07-08T03:31:20Z</time>
      </trkpt>
      <trkpt lat="45.116967028006911" lon="6.609754012897611">
        <ele>2382</ele>
        <time>2015-07-08T03:31:40Z</time>
      </trkpt>
      <trkpt lat="45.116411978378892" lon="6.609545974060893">
        <ele>2377</ele>
        <time>2015-07-08T03:32:00Z</time>
      </trkpt>
      <trkpt lat="45.116273006424308" lon="6.609441032633185">
        <ele>2376</ele>
        <time>2015-07-08T03:32:20Z</time>
      </trkpt>
      <trkpt lat="45.11602096259594" lon="6.609480008482933">
        <ele>2376</ele>
        <time>2015-07-08T03:32:40Z</time>
      </trkpt>
      <trkpt lat="45.115352002903819" lon="6.609304994344711">
        <ele>2369</ele>
        <time>2015-07-08T03:33:00Z</time>
      </trkpt>
      <trkpt lat="45.11498998850584" lon="6.609312035143375">
        <ele>2361</ele>
        <time>2015-07-08T03:33:20Z</time>
      </trkpt>
      <trkpt lat="45.114764012396336" lon="6.609081029891968">
        <ele>2359</ele>
        <time>2015-07-08T03:33:40Z</time>
      </trkpt>
      <trkpt lat="45.114318011328578" lon="6.608924036845565">
        <ele>2354</ele>
        <time>2015-07-08T03:34:00Z</time>
      </trkpt>
      <trkpt lat="45.11397996917367" lon="6.608435036614537">
        <ele>2344</ele>
        <time>2015-07-08T03:34:20Z</time>
      </trkpt>
      <trkpt lat="45.113789029419422" lon="6.608274020254612">
        <ele>2340</ele>
        <time>2015-07-08T03:34:40Z</time>
      </trkpt>
      <trkpt lat="45.113546038046479" lon="6.607812009751797">
        <ele>2336</ele>
        <time>2015-07-08T03:35:00Z</time>
      </trkpt>
      <trkpt lat="45.113382004201412" lon="6.607618974521756">
        <ele>2332</ele>
        <time>2015-07-08T03:35:20Z</time>
      </trkpt>
      <trkpt lat="45.113083021715283" lon="6.607136009261012">
        <ele>2323</ele>
        <time>2015-07-08T03:35:40Z</time>
      </trkpt>
      <trkpt lat="45.113041028380394" lon="6.606880025938153">
        <ele>2322</ele>
        <time>2015-07-08T03:36:00Z</time>
      </trkpt>
      <trkpt lat="45.112867020070553" lon="6.606586994603276">
        <ele>2318</ele>
        <time>2015-07-08T03:36:20Z</time>
      </trkpt>
      <trkpt lat="45.1124950312078" lon="6.606250964105129">
        <ele>2313</ele>
        <time>2015-07-08T03:36:40Z</time>
      </trkpt>
      <trkpt lat="45.112206023186445" lon="6.606253981590271">
        <ele>2313</ele>
        <time>2015-07-08T03:37:00Z</time>
      </trkpt>
      <trkpt lat="45.111820958554745" lon="6.606128001585603">
        <ele>2310</ele>
        <time>2015-07-08T03:37:20Z</time>
      </trkpt>
      <trkpt lat="45.111544020473957" lon="6.60610101185739">
        <ele>2306</ele>
        <time>2015-07-08T03:37:40Z</time>
      </trkpt>
      <trkpt lat="45.111255012452602" lon="6.605962961912155">
        <ele>2305</ele>
        <time>2015-07-08T03:38:00Z</time>
      </trkpt>
      <trkpt lat="45.111110005527735" lon="6.606021970510483">
        <ele>2304</ele>
        <time>2015-07-08T03:38:20Z</time>
      </trkpt>
      <trkpt lat="45.110919987782836" lon="6.605931026861072">
        <ele>2299</ele>
        <time>2015-07-08T03:38:40Z</time>
      </trkpt>
      <trkpt lat="45.11049997061491" lon="6.605706978589296">
        <ele>2282</ele>
        <time>2015-07-08T03:39:00Z</time>
      </trkpt>
      <trkpt lat="45.110258990898728" lon="6.605837987735868">
        <ele>2285</ele>
        <time>2015-07-08T03:39:20Z</time>
      </trkpt>
      <trkpt lat="45.109373023733497" lon="6.605775039643049">
        <ele>2248</ele>
        <time>2015-07-08T03:39:40Z</time>
      </trkpt>
      <trkpt lat="45.10901796631515" lon="6.605917029082775">
        <ele>2240</ele>
        <time>2015-07-08T03:40:00Z</time>
      </trkpt>
      <trkpt lat="45.108784027397633" lon="6.60592901520431">
        <ele>2235</ele>
        <time>2015-07-08T03:40:20Z</time>
      </trkpt>
      <trkpt lat="45.108367027714849" lon="6.606141999363899">
        <ele>2229</ele>
        <time>2015-07-08T03:40:40Z</time>
      </trkpt>
      <trkpt lat="45.108099980279803" lon="6.606064969673753">
        <ele>2214</ele>
        <time>2015-07-08T03:41:00Z</time>
      </trkpt>
      <trkpt lat="45.107601005584002" lon="6.606536032631993">
        <ele>2210</ele>
        <time>2015-07-08T03:41:20Z</time>
      </trkpt>
      <trkpt lat="45.107247037813067" lon="6.606193967163563">
        <ele>2205</ele>
        <time>2015-07-08T03:41:40Z</time>
      </trkpt>
      <trkpt lat="45.106827020645142" lon="6.606107968837023">
        <ele>2205</ele>
        <time>2015-07-08T03:42:00Z</time>
      </trkpt>
      <trkpt lat="45.106552010402083" lon="6.605979977175593">
        <ele>2205</ele>
        <time>2015-07-08T03:42:20Z</time>
      </trkpt>
      <trkpt lat="45.105969971045852" lon="6.605960028246045">
        <ele>2207</ele>
        <time>2015-07-08T03:42:40Z</time>
      </trkpt>
      <trkpt lat="45.105456998571754" lon="6.606326987966895">
        <ele>2205</ele>
        <time>2015-07-08T03:43:00Z</time>
      </trkpt>
      <trkpt lat="45.104900021106005" lon="6.606330005452037">
        <ele>2206</ele>
        <time>2015-07-08T03:43:20Z</time>
      </trkpt>
      <trkpt lat="45.104309013113379" lon="6.606580037623644">
        <ele>2202</ele>
        <time>2015-07-08T03:43:40Z</time>
      </trkpt>
      <trkpt lat="45.103909028694034" lon="6.606390019878745">
        <ele>2207</ele>
        <time>2015-07-08T03:44:00Z</time>
      </trkpt>
      <trkpt lat="45.10349202901125" lon="6.606479035690427">
        <ele>2205</ele>
        <time>2015-07-08T03:44:20Z</time>
      </trkpt>
      <trkpt lat="45.103389015421271" lon="6.60665899515152">
        <ele>2200</ele>
        <time>2015-07-08T03:44:40Z</time>
      </trkpt>
      <trkpt lat="45.10278400965035" lon="6.606590012088418">
        <ele>2202</ele>
        <time>2015-07-08T03:45:00Z</time>
      </trkpt>
      <trkpt lat="45.101929977536201" lon="6.60653100349009">
        <ele>2195</ele>
        <time>2015-07-08T03:45:20Z</time>
      </trkpt>
      <trkpt lat="45.09932697750628" lon="6.606520023196936">
        <ele>2176</ele>
        <time>2015-07-08T03:45:40Z</time>
      </trkpt>
      <trkpt lat="45.098862033337355" lon="6.606759997084737">
        <ele>2167</ele>
        <time>2015-07-08T03:46:00Z</time>
      </trkpt>
      <trkpt lat="45.098386025056243" lon="6.606754967942834">
        <ele>2170</ele>
        <time>2015-07-08T03:46:20Z</time>
      </trkpt>
      <trkpt lat="45.097850002348423" lon="6.606941968202591">
        <ele>2166</ele>
        <time>2015-07-08T03:46:40Z</time>
      </trkpt>
      <trkpt lat="45.097308028489351" lon="6.607169033959508">
        <ele>2165</ele>
        <time>2015-07-08T03:47:00Z</time>
      </trkpt>
      <trkpt lat="45.096118971705437" lon="6.607170039787889">
        <ele>2160</ele>
        <time>2015-07-08T03:47:20Z</time>
      </trkpt>
      <trkpt lat="45.095261000096798" lon="6.607329966500402">
        <ele>2156</ele>
        <time>2015-07-08T03:47:40Z</time>
      </trkpt>
      <trkpt lat="45.094768982380629" lon="6.607050010934472">
        <ele>2151</ele>
        <time>2015-07-08T03:48:00Z</time>
      </trkpt>
      <trkpt lat="45.093620996922255" lon="6.606796961277723">
        <ele>2134</ele>
        <time>2015-07-08T03:48:20Z</time>
      </trkpt>
      <trkpt lat="45.093371970579028" lon="6.606879020109773">
        <ele>2132</ele>
        <time>2015-07-08T03:48:40Z</time>
      </trkpt>
      <trkpt lat="45.093124033883214" lon="6.606876002624631">
        <ele>2125</ele>
        <time>2015-07-08T03:49:00Z</time>
      </trkpt>
      <trkpt lat="45.092584993690252" lon="6.606785980984569">
        <ele>2122</ele>
        <time>2015-07-08T03:49:20Z</time>
      </trkpt>
      <trkpt lat="45.092174028977752" lon="6.606599986553192">
        <ele>2115</ele>
        <time>2015-07-08T03:49:40Z</time>
      </trkpt>
      <trkpt lat="45.091831041499972" lon="6.60659302957356">
        <ele>2107</ele>
        <time>2015-07-08T03:50:00Z</time>
      </trkpt>
      <trkpt lat="45.091781001538038" lon="6.606074022129178">
        <ele>2113</ele>
        <time>2015-07-08T03:50:20Z</time>
      </trkpt>
      <trkpt lat="45.091664995998144" lon="6.605828013271093">
        <ele>2110</ele>
        <time>2015-07-08T03:50:40Z</time>
      </trkpt>
      <trkpt lat="45.091476989910007" lon="6.605786019936204">
        <ele>2109</ele>
        <time>2015-07-08T03:51:00Z</time>
      </trkpt>
      <trkpt lat="45.091480007395148" lon="6.606075027957559">
        <ele>2092</ele>
        <time>2015-07-08T03:51:20Z</time>
      </trkpt>
      <trkpt lat="45.091167027130723" lon="6.606275020167232">
        <ele>2083</ele>
        <time>2015-07-08T03:51:40Z</time>
      </trkpt>
      <trkpt lat="45.09103300049901" lon="6.606221962720156">
        <ele>2081</ele>
        <time>2015-07-08T03:52:00Z</time>
      </trkpt>
      <trkpt lat="45.090838959440589" lon="6.606324976310134">
        <ele>2076</ele>
        <time>2015-07-08T03:52:20Z</time>
      </trkpt>
      <trkpt lat="45.090836025774479" lon="6.606605015695095">
        <ele>2064</ele>
        <time>2015-07-08T03:52:40Z</time>
      </trkpt>
      <trkpt lat="45.090649025514722" lon="6.606603004038334">
        <ele>2054</ele>
        <time>2015-07-08T03:53:00Z</time>
      </trkpt>
      <trkpt lat="45.090549029409885" lon="6.60678899846971">
        <ele>2051</ele>
        <time>2015-07-08T03:53:20Z</time>
      </trkpt>
      <trkpt lat="45.089357038959861" lon="6.606667963787913">
        <ele>2021</ele>
        <time>2015-07-08T03:53:40Z</time>
      </trkpt>
      <trkpt lat="45.089232986792922" lon="6.606535026803613">
        <ele>2020</ele>
        <time>2015-07-08T03:54:00Z</time>
      </trkpt>
      <trkpt lat="45.088794026523829" lon="6.606694031506777">
        <ele>2005</ele>
        <time>2015-07-08T03:54:20Z</time>
      </trkpt>
      <trkpt lat="45.088192960247397" lon="6.607207003980875">
        <ele>1990</ele>
        <time>2015-07-08T03:54:40Z</time>
      </trkpt>
      <trkpt lat="45.088053988292813" lon="6.607441026717424">
        <ele>1990</ele>
        <time>2015-07-08T03:55:00Z</time>
      </trkpt>
      <trkpt lat="45.087827006354928" lon="6.607486037537456">
        <ele>1987</ele>
        <time>2015-07-08T03:55:20Z</time>
      </trkpt>
      <trkpt lat="45.086940033361316" lon="6.60784101113677">
        <ele>1970</ele>
        <time>2015-07-08T03:55:40Z</time>
      </trkpt>
      <trkpt lat="45.086701987311244" lon="6.607742020860314">
        <ele>1968</ele>
        <time>2015-07-08T03:56:00Z</time>
      </trkpt>
      <trkpt lat="45.086557986214757" lon="6.607588967308402">
        <ele>1960</ele>
        <time>2015-07-08T03:56:20Z</time>
      </trkpt>
      <trkpt lat="45.086020035669208" lon="6.607510009780526">
        <ele>1949</ele>
        <time>2015-07-08T03:56:40Z</time>
      </trkpt>
      <trkpt lat="45.085876034572721" lon="6.607355028390884">
        <ele>1948</ele>
        <time>2015-07-08T03:57:00Z</time>
      </trkpt>
      <trkpt lat="45.085747037082911" lon="6.607341030612588">
        <ele>1938</ele>
        <time>2015-07-08T03:57:20Z</time>
      </trkpt>
      <trkpt lat="45.085671013221145" lon="6.607209015637636">
        <ele>1937</ele>
        <time>2015-07-08T03:57:40Z</time>
      </trkpt>
      <trkpt lat="45.085543021559715" lon="6.607287973165512">
        <ele>1935</ele>
        <time>2015-07-08T03:58:00Z</time>
      </trkpt>
      <trkpt lat="45.085300030186772" lon="6.60702302120626">
        <ele>1933</ele>
        <time>2015-07-08T03:58:20Z</time>
      </trkpt>
      <trkpt lat="45.085078999400139" lon="6.60736701451242">
        <ele>1925</ele>
        <time>2015-07-08T03:58:40Z</time>
      </trkpt>
      <trkpt lat="45.085071036592126" lon="6.60706602036953">
        <ele>1931</ele>
        <time>2015-07-08T03:59:00Z</time>
      </trkpt>
      <trkpt lat="45.084954025223851" lon="6.606972981244326">
        <ele>1926</ele>
        <time>2015-07-08T03:59:20Z</time>
      </trkpt>
      <trkpt lat="45.084784962236881" lon="6.606967030093074">
        <ele>1926</ele>
        <time>2015-07-08T03:59:40Z</time>
      </trkpt>
      <trkpt lat="45.084751015529037" lon="6.607455024495721">
        <ele>1922</ele>
        <time>2015-07-08T04:00:00Z</time>
      </trkpt>
      <trkpt lat="45.084283975884318" lon="6.608296986669302">
        <ele>1909</ele>
        <time>2015-07-08T04:00:20Z</time>
      </trkpt>
      <trkpt lat="45.083808973431587" lon="6.609220001846552">
        <ele>1904</ele>
        <time>2015-07-08T04:00:40Z</time>
      </trkpt>
      <trkpt lat="45.083280997350812" lon="6.609814027324319">
        <ele>1904</ele>
        <time>2015-07-08T04:01:00Z</time>
      </trkpt>
      <trkpt lat="45.083116041496396" lon="6.610065987333655">
        <ele>1900</ele>
        <time>2015-07-08T04:01:20Z</time>
      </trkpt>
      <trkpt lat="45.082711027935147" lon="6.610406963154674">
        <ele>1899</ele>
        <time>2015-07-08T04:01:40Z</time>
      </trkpt>
      <trkpt lat="45.082302996888757" lon="6.610476030036807">
        <ele>1896</ele>
        <time>2015-07-08T04:02:00Z</time>
      </trkpt>
      <trkpt lat="45.081789018586278" lon="6.610588012263179">
        <ele>1894</ele>
        <time>2015-07-08T04:02:20Z</time>
      </trkpt>
      <trkpt lat="45.081004975363612" lon="6.610478041693568">
        <ele>1892</ele>
        <time>2015-07-08T04:02:40Z</time>
      </trkpt>
      <trkpt lat="45.080680008977652" lon="6.610935023054481">
        <ele>1880</ele>
        <time>2015-07-08T04:03:00Z</time>
      </trkpt>
      <trkpt lat="45.080053964629769" lon="6.611190000548959">
        <ele>1875</ele>
        <time>2015-07-08T04:03:20Z</time>
      </trkpt>
      <trkpt lat="45.079608969390392" lon="6.611220007762313">
        <ele>1868</ele>
        <time>2015-07-08T04:03:40Z</time>
      </trkpt>
      <trkpt lat="45.079342005774379" lon="6.611580010503531">
        <ele>1862</ele>
        <time>2015-07-08T04:04:00Z</time>
      </trkpt>
      <trkpt lat="45.078547988086939" lon="6.611480014398694">
        <ele>1854</ele>
        <time>2015-07-08T04:04:20Z</time>
      </trkpt>
      <trkpt lat="45.078177005052567" lon="6.611357973888516">
        <ele>1851</ele>
        <time>2015-07-08T04:04:40Z</time>
      </trkpt>
      <trkpt lat="45.077694039791822" lon="6.611371971666813">
        <ele>1850</ele>
        <time>2015-07-08T04:05:00Z</time>
      </trkpt>
      <trkpt lat="45.07693799212575" lon="6.611729040741921">
        <ele>1847</ele>
        <time>2015-07-08T04:05:20Z</time>
      </trkpt>
      <trkpt lat="45.076663987711072" lon="6.612471006810665">
        <ele>1844</ele>
        <time>2015-07-08T04:05:40Z</time>
      </trkpt>
      <trkpt lat="45.076687959954143" lon="6.612873002886772">
        <ele>1831</ele>
        <time>2015-07-08T04:06:00Z</time>
      </trkpt>
      <trkpt lat="45.076563991606236" lon="6.613328978419304">
        <ele>1836</ele>
        <time>2015-07-08T04:06:20Z</time>
      </trkpt>
      <trkpt lat="45.076075997203588" lon="6.614041021093726">
        <ele>1830</ele>
        <time>2015-07-08T04:06:40Z</time>
      </trkpt>
      <trkpt lat="45.075956974178553" lon="6.614466989412904">
        <ele>1817</ele>
        <time>2015-07-08T04:07:00Z</time>
      </trkpt>
      <trkpt lat="45.075823031365871" lon="6.614475036039949">
        <ele>1823</ele>
        <time>2015-07-08T04:07:20Z</time>
      </trkpt>
      <trkpt lat="45.075609041377902" lon="6.614348972216249">
        <ele>1825</ele>
        <time>2015-07-08T04:07:40Z</time>
      </trkpt>
      <trkpt lat="45.075336964800954" lon="6.614455003291369">
        <ele>1824</ele>
        <time>2015-07-08T04:08:00Z</time>
      </trkpt>
      <trkpt lat="45.075220037251711" lon="6.614589029923081">
        <ele>1822</ele>
        <time>2015-07-08T04:08:20Z</time>
      </trkpt>
      <trkpt lat="45.075085004791617" lon="6.61460897885263">
        <ele>1822</ele>
        <time>2015-07-08T04:08:40Z</time>
      </trkpt>
      <trkpt lat="45.075076036155224" lon="6.614934029057622">
        <ele>1816</ele>
        <time>2015-07-08T04:09:00Z</time>
      </trkpt>
      <trkpt lat="45.07472600787878" lon="6.615283973515034">
        <ele>1814</ele>
        <time>2015-07-08T04:09:20Z</time>
      </trkpt>
      <trkpt lat="45.074398024007678" lon="6.61628301255405">
        <ele>1794</ele>
        <time>2015-07-08T04:09:40Z</time>
      </trkpt>
      <trkpt lat="45.074047995731235" lon="6.61679900251329">
        <ele>1793</ele>
        <time>2015-07-08T04:10:00Z</time>
      </trkpt>
      <trkpt lat="45.073786983266473" lon="6.617873981595039">
        <ele>1785</ele>
        <time>2015-07-08T04:10:20Z</time>
      </trkpt>
      <trkpt lat="45.073310974985361" lon="6.618925994262099">
        <ele>1786</ele>
        <time>2015-07-08T04:10:40Z</time>
      </trkpt>
      <trkpt lat="45.072997994720936" lon="6.619323967024684">
        <ele>1779</ele>
        <time>2015-07-08T04:11:00Z</time>
      </trkpt>
      <trkpt lat="45.07279003970325" lon="6.61972101777792">
        <ele>1777</ele>
        <time>2015-07-08T04:11:20Z</time>
      </trkpt>
      <trkpt lat="45.072370022535324" lon="6.620028968900442">
        <ele>1771</ele>
        <time>2015-07-08T04:11:40Z</time>
      </trkpt>
      <trkpt lat="45.071842968463898" lon="6.620722990483046">
        <ele>1766</ele>
        <time>2015-07-08T04:12:00Z</time>
      </trkpt>
      <trkpt lat="45.07139696739614" lon="6.621038988232613">
        <ele>1764</ele>
        <time>2015-07-08T04:12:20Z</time>
      </trkpt>
      <trkpt lat="45.070661958307028" lon="6.622267020866275">
        <ele>1767</ele>
        <time>2015-07-08T04:12:40Z</time>
      </trkpt>
      <trkpt lat="45.07057998329401" lon="6.6228580288589">
        <ele>1765</ele>
        <time>2015-07-08T04:13:00Z</time>
      </trkpt>
      <trkpt lat="45.070361969992518" lon="6.62313798442483">
        <ele>1766</ele>
        <time>2015-07-08T04:13:20Z</time>
      </trkpt>
      <trkpt lat="45.070154014974833" lon="6.623688004910946">
        <ele>1762</ele>
        <time>2015-07-08T04:13:40Z</time>
      </trkpt>
      <trkpt lat="45.070130964741111" lon="6.622712016105652">
        <ele>1770</ele>
        <time>2015-07-08T04:14:00Z</time>
      </trkpt>
      <trkpt lat="45.070086037740111" lon="6.622572038322687">
        <ele>1772</ele>
        <time>2015-07-08T04:14:20Z</time>
      </trkpt>
      <trkpt lat="45.069788983091712" lon="6.622950984165072">
        <ele>1779</ele>
        <time>2015-07-08T04:14:40Z</time>
      </trkpt>
      <trkpt lat="45.069530988112092" lon="6.622638003900647">
        <ele>1782</ele>
        <time>2015-07-08T04:15:00Z</time>
      </trkpt>
      <trkpt lat="45.068392977118492" lon="6.621787995100021">
        <ele>1813</ele>
        <time>2015-07-08T04:15:20Z</time>
      </trkpt>
      <trkpt lat="45.068143028765917" lon="6.621464034542441">
        <ele>1834</ele>
        <time>2015-07-08T04:15:40Z</time>
      </trkpt>
      <trkpt lat="45.067848991602659" lon="6.621217019855976">
        <ele>1841</ele>
        <time>2015-07-08T04:16:00Z</time>
      </trkpt>
      <trkpt lat="45.06757004186511" lon="6.62086296826601">
        <ele>1848</ele>
        <time>2015-07-08T04:16:20Z</time>
      </trkpt>
      <trkpt lat="45.067422017455101" lon="6.620861040428281">
        <ele>1860</ele>
        <time>2015-07-08T04:16:40Z</time>
      </trkpt>
      <trkpt lat="45.067280028015375" lon="6.622178005054593">
        <ele>1861</ele>
        <time>2015-07-08T04:17:00Z</time>
      </trkpt>
      <trkpt lat="45.066649960353971" lon="6.622340027242899">
        <ele>1894</ele>
        <time>2015-07-08T04:17:20Z</time>
      </trkpt>
      <trkpt lat="45.066951960325241" lon="6.621939959004521">
        <ele>1874</ele>
        <time>2015-07-08T04:17:40Z</time>
      </trkpt>
      <trkpt lat="45.066871996968985" lon="6.621339982375503">
        <ele>1888</ele>
        <time>2015-07-08T04:18:00Z</time>
      </trkpt>
      <trkpt lat="45.066700000315905" lon="6.621780032292008">
        <ele>1890</ele>
        <time>2015-07-08T04:18:20Z</time>
      </trkpt>
      <trkpt lat="45.066478969529271" lon="6.621880028396845">
        <ele>1910</ele>
        <time>2015-07-08T04:18:40Z</time>
      </trkpt>
      <trkpt lat="45.066618025302887" lon="6.621549027040601">
        <ele>1916</ele>
        <time>2015-07-08T04:19:00Z</time>
      </trkpt>
      <trkpt lat="45.066680973395705" lon="6.621090034022927">
        <ele>1897</ele>
        <time>2015-07-08T04:19:20Z</time>
      </trkpt>
      <trkpt lat="45.066271014511585" lon="6.621588002890348">
        <ele>1932</ele>
        <time>2015-07-08T04:19:40Z</time>
      </trkpt>
      <trkpt lat="45.066059036180377" lon="6.62169998511672">
        <ele>1928</ele>
        <time>2015-07-08T04:20:00Z</time>
      </trkpt>
      <trkpt lat="45.066399006173015" lon="6.621129009872675">
        <ele>1932</ele>
        <time>2015-07-08T04:20:20Z</time>
      </trkpt>
      <trkpt lat="45.066299010068178" lon="6.620530039072037">
        <ele>1940</ele>
        <time>2015-07-08T04:20:40Z</time>
      </trkpt>
      <trkpt lat="45.06608996540308" lon="6.620543031021953">
        <ele>1947</ele>
        <time>2015-07-08T04:21:00Z</time>
      </trkpt>
      <trkpt lat="45.065739015117288" lon="6.619989993050695">
        <ele>1979</ele>
        <time>2015-07-08T04:21:20Z</time>
      </trkpt>
      <trkpt lat="45.065639019012451" lon="6.619669971987605">
        <ele>1991</ele>
        <time>2015-07-08T04:21:40Z</time>
      </trkpt>
      <trkpt lat="45.065505998209119" lon="6.620865985751152">
        <ele>1982</ele>
        <time>2015-07-08T04:22:00Z</time>
      </trkpt>
      <trkpt lat="45.065192012116313" lon="6.62096799351275">
        <ele>1995</ele>
        <time>2015-07-08T04:22:20Z</time>
      </trkpt>
      <trkpt lat="45.064509976655245" lon="6.621651034802198">
        <ele>2014</ele>
        <time>2015-07-08T04:22:40Z</time>
      </trkpt>
      <trkpt lat="45.064120972529054" lon="6.621360015124083">
        <ele>2043</ele>
        <time>2015-07-08T04:23:00Z</time>
      </trkpt>
      <trkpt lat="45.063599031418562" lon="6.621728986501694">
        <ele>2035</ele>
        <time>2015-07-08T04:23:20Z</time>
      </trkpt>
      <trkpt lat="45.063318992033601" lon="6.621819008141756">
        <ele>2064</ele>
        <time>2015-07-08T04:23:40Z</time>
      </trkpt>
      <trkpt lat="45.063159987330437" lon="6.622202983126044">
        <ele>2067</ele>
        <time>2015-07-08T04:24:00Z</time>
      </trkpt>
      <trkpt lat="45.063311029225588" lon="6.622480005025864">
        <ele>2048</ele>
        <time>2015-07-08T04:24:20Z</time>
      </trkpt>
      <trkpt lat="45.063106007874012" lon="6.62232200615108">
        <ele>2067</ele>
        <time>2015-07-08T04:24:40Z</time>
      </trkpt>
      <trkpt lat="45.063161998987198" lon="6.622619982808828">
        <ele>2061</ele>
        <time>2015-07-08T04:25:00Z</time>
      </trkpt>
      <trkpt lat="45.063335001468658" lon="6.622778987511993">
        <ele>2030</ele>
        <time>2015-07-08T04:25:20Z</time>
      </trkpt>
      <trkpt lat="45.062939040362835" lon="6.622739005833864">
        <ele>2072</ele>
        <time>2015-07-08T04:25:40Z</time>
      </trkpt>
      <trkpt lat="45.062878020107746" lon="6.622515041381121">
        <ele>2074</ele>
        <time>2015-07-08T04:26:00Z</time>
      </trkpt>
      <trkpt lat="45.062862010672688" lon="6.622184040024877">
        <ele>2077</ele>
        <time>2015-07-08T04:26:20Z</time>
      </trkpt>
      <trkpt lat="45.062724966555834" lon="6.622596010565758">
        <ele>2081</ele>
        <time>2015-07-08T04:26:40Z</time>
      </trkpt>
      <trkpt lat="45.062824040651321" lon="6.623127004131675">
        <ele>2078</ele>
        <time>2015-07-08T04:27:00Z</time>
      </trkpt>
      <trkpt lat="45.063041970133781" lon="6.623390028253198">
        <ele>2071</ele>
        <time>2015-07-08T04:27:20Z</time>
      </trkpt>
      <trkpt lat="45.062899980694056" lon="6.623849021270871">
        <ele>2076</ele>
        <time>2015-07-08T04:27:40Z</time>
      </trkpt>
      <trkpt lat="45.062710968777537" lon="6.624126965180039">
        <ele>2083</ele>
        <time>2015-07-08T04:28:00Z</time>
      </trkpt>
      <trkpt lat="45.062472000718117" lon="6.624293010681868">
        <ele>2095</ele>
        <time>2015-07-08T04:28:20Z</time>
      </trkpt>
      <trkpt lat="45.062339985743165" lon="6.624630969017744">
        <ele>2095</ele>
        <time>2015-07-08T04:28:40Z</time>
      </trkpt>
      <trkpt lat="45.061227958649397" lon="6.625337982550263">
        <ele>2107</ele>
        <time>2015-07-08T04:29:00Z</time>
      </trkpt>
      <trkpt lat="45.061093010008335" lon="6.625300012528896">
        <ele>2110</ele>
        <time>2015-07-08T04:29:20Z</time>
      </trkpt>
      <trkpt lat="45.060857981443405" lon="6.625563036650419">
        <ele>2109</ele>
        <time>2015-07-08T04:29:40Z</time>
      </trkpt>
      <trkpt lat="45.060261022299528" lon="6.625830000266433">
        <ele>2129</ele>
        <time>2015-07-08T04:30:00Z</time>
      </trkpt>
      <trkpt lat="45.060063041746616" lon="6.626098975539208">
        <ele>2121</ele>
        <time>2015-07-08T04:30:20Z</time>
      </trkpt>
      <trkpt lat="45.05932099185884" lon="6.625966960564256">
        <ele>2132</ele>
        <time>2015-07-08T04:30:40Z</time>
      </trkpt>
      <trkpt lat="45.058555975556374" lon="6.62593100219965">
        <ele>2138</ele>
        <time>2015-07-08T04:31:00Z</time>
      </trkpt>
      <trkpt lat="45.057519972324371" lon="6.626605996862054">
        <ele>2154</ele>
        <time>2015-07-08T04:31:20Z</time>
      </trkpt>
      <trkpt lat="45.057120993733406" lon="6.627034982666373">
        <ele>2166</ele>
        <time>2015-07-08T04:31:40Z</time>
      </trkpt>
      <trkpt lat="45.056861992925406" lon="6.628009965643287">
        <ele>2178</ele>
        <time>2015-07-08T04:32:00Z</time>
      </trkpt>
      <trkpt lat="45.056407023221254" lon="6.628515981137753">
        <ele>2190</ele>
        <time>2015-07-08T04:32:20Z</time>
      </trkpt>
      <trkpt lat="45.056050959974527" lon="6.62909097969532">
        <ele>2193</ele>
        <time>2015-07-08T04:32:40Z</time>
      </trkpt>
      <trkpt lat="45.055709984153509" lon="6.629493981599808">
        <ele>2194</ele>
        <time>2015-07-08T04:33:00Z</time>
      </trkpt>
      <trkpt lat="45.055171027779579" lon="6.629707971587777">
        <ele>2194</ele>
        <time>2015-07-08T04:33:20Z</time>
      </trkpt>
      <trkpt lat="45.054622013121843" lon="6.630573989823461">
        <ele>2193</ele>
        <time>2015-07-08T04:33:40Z</time>
      </trkpt>
      <trkpt lat="45.05347796715796" lon="6.631171032786369">
        <ele>2194</ele>
        <time>2015-07-08T04:34:00Z</time>
      </trkpt>
      <trkpt lat="45.052727032452822" lon="6.631268011406064">
        <ele>2187</ele>
        <time>2015-07-08T04:34:20Z</time>
      </trkpt>
      <trkpt lat="45.051977019757032" lon="6.631417963653803">
        <ele>2179</ele>
        <time>2015-07-08T04:34:40Z</time>
      </trkpt>
      <trkpt lat="45.051551973447204" lon="6.631440008059144">
        <ele>2174</ele>
        <time>2015-07-08T04:35:00Z</time>
      </trkpt>
      <trkpt lat="45.051448959857225" lon="6.631570011377335">
        <ele>2173</ele>
        <time>2015-07-08T04:35:20Z</time>
      </trkpt>
      <trkpt lat="45.050266021862626" lon="6.631578980013728">
        <ele>2166</ele>
        <time>2015-07-08T04:35:40Z</time>
      </trkpt>
      <trkpt lat="45.049512991681695" lon="6.631786013022065">
        <ele>2160</ele>
        <time>2015-07-08T04:36:00Z</time>
      </trkpt>
      <trkpt lat="45.048557035624981" lon="6.63194702938199">
        <ele>2155</ele>
        <time>2015-07-08T04:36:20Z</time>
      </trkpt>
      <trkpt lat="45.047911964356899" lon="6.631834041327238">
        <ele>2148</ele>
        <time>2015-07-08T04:36:40Z</time>
      </trkpt>
      <trkpt lat="45.047251973301172" lon="6.631892966106534">
        <ele>2141</ele>
        <time>2015-07-08T04:37:00Z</time>
      </trkpt>
      <trkpt lat="45.046760039404035" lon="6.632025986909866">
        <ele>2138</ele>
        <time>2015-07-08T04:37:20Z</time>
      </trkpt>
      <trkpt lat="45.046092001721263" lon="6.632068986073136">
        <ele>2131</ele>
        <time>2015-07-08T04:37:40Z</time>
      </trkpt>
      <trkpt lat="45.045515997335315" lon="6.631908975541592">
        <ele>2124</ele>
        <time>2015-07-08T04:38:00Z</time>
      </trkpt>
      <trkpt lat="45.045055998489261" lon="6.631932025775313">
        <ele>2121</ele>
        <time>2015-07-08T04:38:20Z</time>
      </trkpt>
      <trkpt lat="45.044702030718327" lon="6.632093964144588">
        <ele>2115</ele>
        <time>2015-07-08T04:38:40Z</time>
      </trkpt>
      <trkpt lat="45.044318977743387" lon="6.632130006328225">
        <ele>2114</ele>
        <time>2015-07-08T04:39:00Z</time>
      </trkpt>
      <trkpt lat="45.044032987207174" lon="6.632568966597319">
        <ele>2106</ele>
        <time>2015-07-08T04:39:20Z</time>
      </trkpt>
      <trkpt lat="45.043816985562444" lon="6.63263401016593">
        <ele>2105</ele>
        <time>2015-07-08T04:39:40Z</time>
      </trkpt>
      <trkpt lat="45.043450025841594" lon="6.632913965731859">
        <ele>2103</ele>
        <time>2015-07-08T04:40:00Z</time>
      </trkpt>
      <trkpt lat="45.04294996149838" lon="6.633496005088091">
        <ele>2091</ele>
        <time>2015-07-08T04:40:20Z</time>
      </trkpt>
      <trkpt lat="45.042032981291413" lon="6.634819004684687">
        <ele>2079</ele>
        <time>2015-07-08T04:40:40Z</time>
      </trkpt>
      <trkpt lat="45.041914964094758" lon="6.63525796495378">
        <ele>2082</ele>
        <time>2015-07-08T04:41:00Z</time>
      </trkpt>
      <trkpt lat="45.041325967758894" lon="6.6358130145818">
        <ele>2066</ele>
        <time>2015-07-08T04:41:20Z</time>
      </trkpt>
      <trkpt lat="45.041140979155898" lon="6.636191960424185">
        <ele>2069</ele>
        <time>2015-07-08T04:41:40Z</time>
      </trkpt>
      <trkpt lat="45.040983986109495" lon="6.636248035356402">
        <ele>2068</ele>
        <time>2015-07-08T04:42:00Z</time>
      </trkpt>
      <trkpt lat="45.040600011125207" lon="6.636690013110638">
        <ele>2066</ele>
        <time>2015-07-08T04:42:20Z</time>
      </trkpt>
      <trkpt lat="45.040133977308869" lon="6.637044986709952">
        <ele>2063</ele>
        <time>2015-07-08T04:42:40Z</time>
      </trkpt>
      <trkpt lat="45.039120018482208" lon="6.637308010831475">
        <ele>2048</ele>
        <time>2015-07-08T04:43:00Z</time>
      </trkpt>
      <trkpt lat="45.038923965767026" lon="6.63755401968956">
        <ele>2061</ele>
        <time>2015-07-08T04:43:20Z</time>
      </trkpt>
      <trkpt lat="45.038723973557353" lon="6.637570029124618">
        <ele>2058</ele>
        <time>2015-07-08T04:43:40Z</time>
      </trkpt>
      <trkpt lat="45.038939975202084" lon="6.637284038588405">
        <ele>2043</ele>
        <time>2015-07-08T04:44:00Z</time>
      </trkpt>
      <trkpt lat="45.038937041535974" lon="6.636959994211793">
        <ele>2036</ele>
        <time>2015-07-08T04:44:20Z</time>
      </trkpt>
      <trkpt lat="45.039077019318938" lon="6.636678026989102">
        <ele>2033</ele>
        <time>2015-07-08T04:44:40Z</time>
      </trkpt>
      <trkpt lat="45.038696983829141" lon="6.636807024478912">
        <ele>2030</ele>
        <time>2015-07-08T04:45:00Z</time>
      </trkpt>
      <trkpt lat="45.038818018510938" lon="6.63652203977108">
        <ele>2013</ele>
        <time>2015-07-08T04:45:20Z</time>
      </trkpt>
      <trkpt lat="45.038833022117615" lon="6.636345013976097">
        <ele>2010</ele>
        <time>2015-07-08T04:45:40Z</time>
      </trkpt>
      <trkpt lat="45.038601011037827" lon="6.636499995365739">
        <ele>2009</ele>
        <time>2015-07-08T04:46:00Z</time>
      </trkpt>
      <trkpt lat="45.038628000766039" lon="6.635980987921357">
        <ele>2003</ele>
        <time>2015-07-08T04:46:20Z</time>
      </trkpt>
      <trkpt lat="45.038483999669552" lon="6.636132029816508">
        <ele>2003</ele>
        <time>2015-07-08T04:46:40Z</time>
      </trkpt>
      <trkpt lat="45.038360031321645" lon="6.636059023439884">
        <ele>2001</ele>
        <time>2015-07-08T04:47:00Z</time>
      </trkpt>
      <trkpt lat="45.038195997476578" lon="6.636412991210818">
        <ele>1992</ele>
        <time>2015-07-08T04:47:20Z</time>
      </trkpt>
      <trkpt lat="45.038101030513644" lon="6.636333027854562">
        <ele>1988</ele>
        <time>2015-07-08T04:47:40Z</time>
      </trkpt>
      <trkpt lat="45.038062976673245" lon="6.636145021766424">
        <ele>1985</ele>
        <time>2015-07-08T04:48:00Z</time>
      </trkpt>
      <trkpt lat="45.0379410199821" lon="6.635967995971441">
        <ele>1982</ele>
        <time>2015-07-08T04:48:20Z</time>
      </trkpt>
      <trkpt lat="45.038029029965401" lon="6.63555602543056">
        <ele>1967</ele>
        <time>2015-07-08T04:48:40Z</time>
      </trkpt>
      <trkpt lat="45.037753013893962" lon="6.635797005146742">
        <ele>1963</ele>
        <time>2015-07-08T04:49:00Z</time>
      </trkpt>
      <trkpt lat="45.037667015567422" lon="6.636090036481619">
        <ele>1977</ele>
        <time>2015-07-08T04:49:20Z</time>
      </trkpt>
      <trkpt lat="45.03732000477612" lon="6.635901024565101">
        <ele>1955</ele>
        <time>2015-07-08T04:49:40Z</time>
      </trkpt>
      <trkpt lat="45.037196958437562" lon="6.635690974071622">
        <ele>1940</ele>
        <time>2015-07-08T04:50:00Z</time>
      </trkpt>
      <trkpt lat="45.03731899894774" lon="6.635140031576157">
        <ele>1936</ele>
        <time>2015-07-08T04:50:20Z</time>
      </trkpt>
      <trkpt lat="45.036757998168468" lon="6.635170038789511">
        <ele>1925</ele>
        <time>2015-07-08T04:50:40Z</time>
      </trkpt>
      <trkpt lat="45.036627994850278" lon="6.634917994961143">
        <ele>1907</ele>
        <time>2015-07-08T04:51:00Z</time>
      </trkpt>
      <trkpt lat="45.036479970440269" lon="6.635225024074316">
        <ele>1911</ele>
        <time>2015-07-08T04:51:20Z</time>
      </trkpt>
      <trkpt lat="45.036400007084012" lon="6.634796038269997">
        <ele>1897</ele>
        <time>2015-07-08T04:51:40Z</time>
      </trkpt>
      <trkpt lat="45.036259023472667" lon="6.634420026093721">
        <ele>1890</ele>
        <time>2015-07-08T04:52:00Z</time>
      </trkpt>
      <trkpt lat="45.036461027339101" lon="6.634200001135469">
        <ele>1892</ele>
        <time>2015-07-08T04:52:20Z</time>
      </trkpt>
      <trkpt lat="45.037037031725049" lon="6.634048037230969">
        <ele>1895</ele>
        <time>2015-07-08T04:52:40Z</time>
      </trkpt>
      <trkpt lat="45.037067960947752" lon="6.633917028084397">
        <ele>1894</ele>
        <time>2015-07-08T04:53:00Z</time>
      </trkpt>
      <trkpt lat="45.036449041217566" lon="6.633789958432317">
        <ele>1876</ele>
        <time>2015-07-08T04:53:20Z</time>
      </trkpt>
      <trkpt lat="45.036431020125747" lon="6.633356027305126">
        <ele>1872</ele>
        <time>2015-07-08T04:53:40Z</time>
      </trkpt>
      <trkpt lat="45.036579966545105" lon="6.632986972108483">
        <ele>1874</ele>
        <time>2015-07-08T04:54:00Z</time>
      </trkpt>
      <trkpt lat="45.035678995773196" lon="6.632769964635372">
        <ele>1856</ele>
        <time>2015-07-08T04:54:20Z</time>
      </trkpt>
      <trkpt lat="45.035087987780571" lon="6.632911032065749">
        <ele>1849</ele>
        <time>2015-07-08T04:54:40Z</time>
      </trkpt>
      <trkpt lat="45.034668976441026" lon="6.632908014580607">
        <ele>1837</ele>
        <time>2015-07-08T04:55:00Z</time>
      </trkpt>
      <trkpt lat="45.033202981576324" lon="6.633140025660396">
        <ele>1822</ele>
        <time>2015-07-08T04:55:20Z</time>
      </trkpt>
      <trkpt lat="45.032538967207074" lon="6.632821010425687">
        <ele>1818</ele>
        <time>2015-07-08T04:55:40Z</time>
      </trkpt>
      <trkpt lat="45.031977966427803" lon="6.632286999374628">
        <ele>1789</ele>
        <time>2015-07-08T04:56:00Z</time>
      </trkpt>
      <trkpt lat="45.03145401366055" lon="6.63203302770853">
        <ele>1776</ele>
        <time>2015-07-08T04:56:20Z</time>
      </trkpt>
      <trkpt lat="45.030929977074265" lon="6.631949963048101">
        <ele>1771</ele>
        <time>2015-07-08T04:56:40Z</time>
      </trkpt>
      <trkpt lat="45.03076502121985" lon="6.631763968616724">
        <ele>1762</ele>
        <time>2015-07-08T04:57:00Z</time>
      </trkpt>
      <trkpt lat="45.030048033222556" lon="6.631670007482171">
        <ele>1755</ele>
        <time>2015-07-08T04:57:20Z</time>
      </trkpt>
      <trkpt lat="45.029081013053656" lon="6.631850972771645">
        <ele>1753</ele>
        <time>2015-07-08T04:57:40Z</time>
      </trkpt>
      <trkpt lat="45.028461003676057" lon="6.63242002017796">
        <ele>1748</ele>
        <time>2015-07-08T04:58:00Z</time>
      </trkpt>
      <trkpt lat="45.02748099155724" lon="6.632669968530536">
        <ele>1728</ele>
        <time>2015-07-08T04:58:20Z</time>
      </trkpt>
      <trkpt lat="45.026852013543248" lon="6.632929975166917">
        <ele>1725</ele>
        <time>2015-07-08T04:58:40Z</time>
      </trkpt>
      <trkpt lat="45.026259999722242" lon="6.633549984544516">
        <ele>1707</ele>
        <time>2015-07-08T04:59:00Z</time>
      </trkpt>
      <trkpt lat="45.025044037029147" lon="6.634120959788561">
        <ele>1680</ele>
        <time>2015-07-08T04:59:20Z</time>
      </trkpt>
      <trkpt lat="45.024402989074588" lon="6.633996991440654">
        <ele>1671</ele>
        <time>2015-07-08T04:59:40Z</time>
      </trkpt>
      <trkpt lat="45.023910971358418" lon="6.634209975600243">
        <ele>1661</ele>
        <time>2015-07-08T05:00:00Z</time>
      </trkpt>
      <trkpt lat="45.023543005809188" lon="6.63405398838222">
        <ele>1658</ele>
        <time>2015-07-08T05:00:20Z</time>
      </trkpt>
      <trkpt lat="45.023129023611546" lon="6.633939994499087">
        <ele>1652</ele>
        <time>2015-07-08T05:00:40Z</time>
      </trkpt>
      <trkpt lat="45.022854013368487" lon="6.63366699591279">
        <ele>1650</ele>
        <time>2015-07-08T05:01:00Z</time>
      </trkpt>
      <trkpt lat="45.022308016195893" lon="6.633970001712441">
        <ele>1642</ele>
        <time>2015-07-08T05:01:20Z</time>
      </trkpt>
      <trkpt lat="45.021928986534476" lon="6.633731033653021">
        <ele>1639</ele>
        <time>2015-07-08T05:01:40Z</time>
      </trkpt>
      <trkpt lat="45.02161399461329" lon="6.633448982611299">
        <ele>1633</ele>
        <time>2015-07-08T05:02:00Z</time>
      </trkpt>
      <trkpt lat="45.021607037633657" lon="6.632436029613018">
        <ele>1631</ele>
        <time>2015-07-08T05:02:20Z</time>
      </trkpt>
      <trkpt lat="45.021448032930493" lon="6.632319018244743">
        <ele>1629</ele>
        <time>2015-07-08T05:02:40Z</time>
      </trkpt>
      <trkpt lat="45.021172016859055" lon="6.632374003529549">
        <ele>1627</ele>
        <time>2015-07-08T05:03:00Z</time>
      </trkpt>
      <trkpt lat="45.020984010770917" lon="6.632221033796668">
        <ele>1626</ele>
        <time>2015-07-08T05:03:20Z</time>
      </trkpt>
      <trkpt lat="45.020929025486112" lon="6.631848039105535">
        <ele>1625</ele>
        <time>2015-07-08T05:03:40Z</time>
      </trkpt>
      <trkpt lat="45.020813019946218" lon="6.631618039682508">
        <ele>1622</ele>
        <time>2015-07-08T05:04:00Z</time>
      </trkpt>
      <trkpt lat="45.020802039653063" lon="6.631365995854139">
        <ele>1620</ele>
        <time>2015-07-08T05:04:20Z</time>
      </trkpt>
      <trkpt lat="45.020611016079783" lon="6.630907002836466">
        <ele>1619</ele>
        <time>2015-07-08T05:04:40Z</time>
      </trkpt>
      <trkpt lat="45.02049601636827" lon="6.630438035354018">
        <ele>1617</ele>
        <time>2015-07-08T05:05:00Z</time>
      </trkpt>
      <trkpt lat="45.019987989217043" lon="6.630279030650854">
        <ele>1611</ele>
        <time>2015-07-08T05:05:20Z</time>
      </trkpt>
      <trkpt lat="45.020048003643751" lon="6.631552996113896">
        <ele>1616</ele>
        <time>2015-07-08T05:05:40Z</time>
      </trkpt>
      <trkpt lat="45.020198961719871" lon="6.63272000849247">
        <ele>1619</ele>
        <time>2015-07-08T05:06:00Z</time>
      </trkpt>
      <trkpt lat="45.020111035555601" lon="6.633789958432317">
        <ele>1621</ele>
        <time>2015-07-08T05:06:20Z</time>
      </trkpt>
      <trkpt lat="45.020298035815358" lon="6.63499603047967">
        <ele>1622</ele>
        <time>2015-07-08T05:06:40Z</time>
      </trkpt>
      <trkpt lat="45.020228968933225" lon="6.635730033740401">
        <ele>1619</ele>
        <time>2015-07-08T05:07:00Z</time>
      </trkpt>
      <trkpt lat="45.019843988120556" lon="6.635764986276627">
        <ele>1614</ele>
        <time>2015-07-08T05:07:20Z</time>
      </trkpt>
      <trkpt lat="45.019442997872829" lon="6.635864982381463">
        <ele>1610</ele>
        <time>2015-07-08T05:07:40Z</time>
      </trkpt>
      <trkpt lat="45.019065979868174" lon="6.635816032066941">
        <ele>1607</ele>
        <time>2015-07-08T05:08:00Z</time>
      </trkpt>
      <trkpt lat="45.018787030130625" lon="6.636122977361083">
        <ele>1603</ele>
        <time>2015-07-08T05:08:20Z</time>
      </trkpt>
      <trkpt lat="45.018314039334655" lon="6.636509969830513">
        <ele>1597</ele>
        <time>2015-07-08T05:08:40Z</time>
      </trkpt>
      <trkpt lat="45.017807018011808" lon="6.637172978371382">
        <ele>1593</ele>
        <time>2015-07-08T05:09:00Z</time>
      </trkpt>
      <trkpt lat="45.017566960304976" lon="6.636878019198775">
        <ele>1592</ele>
        <time>2015-07-08T05:09:20Z</time>
      </trkpt>
      <trkpt lat="45.01725398004055" lon="6.635790970176458">
        <ele>1589</ele>
        <time>2015-07-08T05:09:40Z</time>
      </trkpt>
      <trkpt lat="45.016943011432886" lon="6.636149967089295">
        <ele>1586</ele>
        <time>2015-07-08T05:10:00Z</time>
      </trkpt>
      <trkpt lat="45.016880985349417" lon="6.636379966512322">
        <ele>1586</ele>
        <time>2015-07-08T05:10:20Z</time>
      </trkpt>
      <trkpt lat="45.016660038381815" lon="6.636350965127349">
        <ele>1587</ele>
        <time>2015-07-08T05:10:40Z</time>
      </trkpt>
      <trkpt lat="45.016354015097022" lon="6.636690013110638">
        <ele>1583</ele>
        <time>2015-07-08T05:11:00Z</time>
      </trkpt>
      <trkpt lat="45.016142958775163" lon="6.637429967522621">
        <ele>1581</ele>
        <time>2015-07-08T05:11:20Z</time>
      </trkpt>
      <trkpt lat="45.016171038150787" lon="6.638569990172982">
        <ele>1572</ele>
        <time>2015-07-08T05:11:40Z</time>
      </trkpt>
      <trkpt lat="45.015693018212914" lon="6.639099977910519">
        <ele>1581</ele>
        <time>2015-07-08T05:12:00Z</time>
      </trkpt>
      <trkpt lat="45.01570500433445" lon="6.639412036165595">
        <ele>1582</ele>
        <time>2015-07-08T05:12:20Z</time>
      </trkpt>
      <trkpt lat="45.015580030158162" lon="6.640045959502459">
        <ele>1580</ele>
        <time>2015-07-08T05:12:40Z</time>
      </trkpt>
      <trkpt lat="45.015743980184197" lon="6.641389997676015">
        <ele>1575</ele>
        <time>2015-07-08T05:13:00Z</time>
      </trkpt>
      <trkpt lat="45.015995018184185" lon="6.642113020643592">
        <ele>1562</ele>
        <time>2015-07-08T05:13:20Z</time>
      </trkpt>
      <trkpt lat="45.01598403789103" lon="6.642863033339381">
        <ele>1560</ele>
        <time>2015-07-08T05:13:40Z</time>
      </trkpt>
      <trkpt lat="45.015693018212914" lon="6.643977994099259">
        <ele>1567</ele>
        <time>2015-07-08T05:14:00Z</time>
      </trkpt>
      <trkpt lat="45.015762001276016" lon="6.645234022289515">
        <ele>1571</ele>
        <time>2015-07-08T05:14:20Z</time>
      </trkpt>
      <trkpt lat="45.015903990715742" lon="6.645568963140249">
        <ele>1564</ele>
        <time>2015-07-08T05:14:40Z</time>
      </trkpt>
      <trkpt lat="45.015988983213902" lon="6.646348983049393">
        <ele>1563</ele>
        <time>2015-07-08T05:15:00Z</time>
      </trkpt>
      <trkpt lat="45.015907008200884" lon="6.64713897742331">
        <ele>1563</ele>
        <time>2015-07-08T05:15:20Z</time>
      </trkpt>
      <trkpt lat="45.015544993802905" lon="6.647702995687723">
        <ele>1573</ele>
        <time>2015-07-08T05:15:40Z</time>
      </trkpt>
      <trkpt lat="45.015148026868701" lon="6.647829981520772">
        <ele>1575</ele>
        <time>2015-07-08T05:16:00Z</time>
      </trkpt>
      <trkpt lat="45.015338966622949" lon="6.648229965940118">
        <ele>1574</ele>
        <time>2015-07-08T05:16:20Z</time>
      </trkpt>
      <trkpt lat="45.014678975567222" lon="6.649709958583117">
        <ele>1577</ele>
        <time>2015-07-08T05:16:40Z</time>
      </trkpt>
      <trkpt lat="45.013741040602326" lon="6.650890968739986">
        <ele>1577</ele>
        <time>2015-07-08T05:17:00Z</time>
      </trkpt>
      <trkpt lat="45.013038972392678" lon="6.651460016146302">
        <ele>1581</ele>
        <time>2015-07-08T05:17:20Z</time>
      </trkpt>
      <trkpt lat="45.012389961630106" lon="6.651794034987688">
        <ele>1581</ele>
        <time>2015-07-08T05:17:40Z</time>
      </trkpt>
      <trkpt lat="45.011534001678228" lon="6.652554022148252">
        <ele>1579</ele>
        <time>2015-07-08T05:18:00Z</time>
      </trkpt>
      <trkpt lat="45.010959003120661" lon="6.653163973242044">
        <ele>1577</ele>
        <time>2015-07-08T05:18:20Z</time>
      </trkpt>
      <trkpt lat="45.010107988491654" lon="6.653580972924829">
        <ele>1571</ele>
        <time>2015-07-08T05:18:40Z</time>
      </trkpt>
      <trkpt lat="45.009910007938743" lon="6.653932007029653">
        <ele>1567</ele>
        <time>2015-07-08T05:19:00Z</time>
      </trkpt>
      <trkpt lat="45.009063016623259" lon="6.654646983370185">
        <ele>1556</ele>
        <time>2015-07-08T05:19:20Z</time>
      </trkpt>
      <trkpt lat="45.00853001140058" lon="6.655446030199528">
        <ele>1547</ele>
        <time>2015-07-08T05:19:40Z</time>
      </trkpt>
      <trkpt lat="45.00795098952949" lon="6.656095962971449">
        <ele>1537</ele>
        <time>2015-07-08T05:20:00Z</time>
      </trkpt>
      <trkpt lat="45.007472969591618" lon="6.656209034845233">
        <ele>1534</ele>
        <time>2015-07-08T05:20:20Z</time>
      </trkpt>
      <trkpt lat="45.00719603151083" lon="6.656509023159742">
        <ele>1531</ele>
        <time>2015-07-08T05:20:40Z</time>
      </trkpt>
      <trkpt lat="45.006995033472776" lon="6.656895009800792">
        <ele>1524</ele>
        <time>2015-07-08T05:21:00Z</time>
      </trkpt>
      <trkpt lat="45.005913013592362" lon="6.65826603770256">
        <ele>1508</ele>
        <time>2015-07-08T05:21:20Z</time>
      </trkpt>
      <trkpt lat="45.005167024210095" lon="6.658428981900215">
        <ele>1505</ele>
        <time>2015-07-08T05:21:40Z</time>
      </trkpt>
      <trkpt lat="45.00431802123785" lon="6.658637020736933">
        <ele>1499</ele>
        <time>2015-07-08T05:22:00Z</time>
      </trkpt>
      <trkpt lat="45.003746962174773" lon="6.659216964617372">
        <ele>1490</ele>
        <time>2015-07-08T05:22:20Z</time>
      </trkpt>
      <trkpt lat="45.003040032461286" lon="6.659411005675793">
        <ele>1497</ele>
        <time>2015-07-08T05:22:40Z</time>
      </trkpt>
      <trkpt lat="45.002799974754453" lon="6.660249028354883">
        <ele>1493</ele>
        <time>2015-07-08T05:23:00Z</time>
      </trkpt>
      <trkpt lat="45.002834005281329" lon="6.661266004666686">
        <ele>1486</ele>
        <time>2015-07-08T05:23:20Z</time>
      </trkpt>
      <trkpt lat="45.003300039097667" lon="6.660879012197256">
        <ele>1485</ele>
        <time>2015-07-08T05:23:40Z</time>
      </trkpt>
      <trkpt lat="45.003680996596813" lon="6.660829978063703">
        <ele>1487</ele>
        <time>2015-07-08T05:24:00Z</time>
      </trkpt>
      <trkpt lat="45.003719972446561" lon="6.661174977198243">
        <ele>1489</ele>
        <time>2015-07-08T05:24:20Z</time>
      </trkpt>
      <trkpt lat="45.00363196246326" lon="6.661664983257651">
        <ele>1489</ele>
        <time>2015-07-08T05:24:40Z</time>
      </trkpt>
      <trkpt lat="45.00354403629899" lon="6.6619629599154">
        <ele>1492</ele>
        <time>2015-07-08T05:25:00Z</time>
      </trkpt>
      <trkpt lat="45.003529032692313" lon="6.662595961242914">
        <ele>1499</ele>
        <time>2015-07-08T05:25:20Z</time>
      </trkpt>
      <trkpt lat="45.003089988604188" lon="6.663854001089931">
        <ele>1506</ele>
        <time>2015-07-08T05:25:40Z</time>
      </trkpt>
      <trkpt lat="45.002994015812874" lon="6.664649024605751">
        <ele>1524</ele>
        <time>2015-07-08T05:26:00Z</time>
      </trkpt>
      <trkpt lat="45.002708025276661" lon="6.664850022643805">
        <ele>1523</ele>
        <time>2015-07-08T05:26:20Z</time>
      </trkpt>
      <trkpt lat="45.002159010618925" lon="6.665576985105872">
        <ele>1531</ele>
        <time>2015-07-08T05:26:40Z</time>
      </trkpt>
      <trkpt lat="45.001910990104079" lon="6.666276035830379">
        <ele>1550</ele>
        <time>2015-07-08T05:27:00Z</time>
      </trkpt>
      <trkpt lat="45.001330962404609" lon="6.666832007467747">
        <ele>1555</ele>
        <time>2015-07-08T05:27:20Z</time>
      </trkpt>
      <trkpt lat="45.001400029286742" lon="6.666939966380596">
        <ele>1556</ele>
        <time>2015-07-08T05:27:40Z</time>
      </trkpt>
      <trkpt lat="45.001750979572535" lon="6.666712984442711">
        <ele>1561</ele>
        <time>2015-07-08T05:28:00Z</time>
      </trkpt>
      <trkpt lat="45.002002017572522" lon="6.666789008304477">
        <ele>1571</ele>
        <time>2015-07-08T05:28:20Z</time>
      </trkpt>
      <trkpt lat="45.001750979572535" lon="6.66692303493619">
        <ele>1569</ele>
        <time>2015-07-08T05:28:40Z</time>
      </trkpt>
      <trkpt lat="45.001494996249676" lon="6.667275996878743">
        <ele>1563</ele>
        <time>2015-07-08T05:29:00Z</time>
      </trkpt>
      <trkpt lat="45.001488039270043" lon="6.667438019067049">
        <ele>1566</ele>
        <time>2015-07-08T05:29:20Z</time>
      </trkpt>
      <trkpt lat="45.001761959865689" lon="6.667226040735841">
        <ele>1576</ele>
        <time>2015-07-08T05:29:40Z</time>
      </trkpt>
      <trkpt lat="45.002392027527094" lon="6.667059995234013">
        <ele>1581</ele>
        <time>2015-07-08T05:30:00Z</time>
      </trkpt>
      <trkpt lat="45.001937979832292" lon="6.667565004900098">
        <ele>1596</ele>
        <time>2015-07-08T05:30:20Z</time>
      </trkpt>
      <trkpt lat="45.001658024266362" lon="6.668147966265678">
        <ele>1593</ele>
        <time>2015-07-08T05:30:40Z</time>
      </trkpt>
      <trkpt lat="45.001056035980582" lon="6.668788008391857">
        <ele>1607</ele>
        <time>2015-07-08T05:31:00Z</time>
      </trkpt>
      <trkpt lat="45.001884000375867" lon="6.668555997312069">
        <ele>1626</ele>
        <time>2015-07-08T05:31:20Z</time>
      </trkpt>
      <trkpt lat="45.002270992845297" lon="6.668217033147812">
        <ele>1617</ele>
        <time>2015-07-08T05:31:40Z</time>
      </trkpt>
      <trkpt lat="45.002953028306365" lon="6.667801961302757">
        <ele>1632</ele>
        <time>2015-07-08T05:32:00Z</time>
      </trkpt>
      <trkpt lat="45.002880021929741" lon="6.667968006804586">
        <ele>1634</ele>
        <time>2015-07-08T05:32:20Z</time>
      </trkpt>
      <trkpt lat="45.002568969503045" lon="6.66838500648737">
        <ele>1645</ele>
        <time>2015-07-08T05:32:40Z</time>
      </trkpt>
      <trkpt lat="45.002310974523425" lon="6.66892102919519">
        <ele>1643</ele>
        <time>2015-07-08T05:33:00Z</time>
      </trkpt>
      <trkpt lat="45.001453002914786" lon="6.670194994658232">
        <ele>1661</ele>
        <time>2015-07-08T05:33:20Z</time>
      </trkpt>
      <trkpt lat="45.001479992642999" lon="6.670340001583099">
        <ele>1663</ele>
        <time>2015-07-08T05:33:40Z</time>
      </trkpt>
      <trkpt lat="45.001680990681052" lon="6.670073037967086">
        <ele>1670</ele>
        <time>2015-07-08T05:34:00Z</time>
      </trkpt>
      <trkpt lat="45.001919036731124" lon="6.669870028272271">
        <ele>1665</ele>
        <time>2015-07-08T05:34:20Z</time>
      </trkpt>
      <trkpt lat="45.00199900008738" lon="6.669943034648895">
        <ele>1668</ele>
        <time>2015-07-08T05:34:40Z</time>
      </trkpt>
      <trkpt lat="45.001818034797907" lon="6.670101033523679">
        <ele>1679</ele>
        <time>2015-07-08T05:35:00Z</time>
      </trkpt>
      <trkpt lat="45.001640003174543" lon="6.670489031821489">
        <ele>1668</ele>
        <time>2015-07-08T05:35:20Z</time>
      </trkpt>
      <trkpt lat="45.00169700011611" lon="6.670638984069228">
        <ele>1692</ele>
        <time>2015-07-08T05:35:40Z</time>
      </trkpt>
      <trkpt lat="45.001832032576203" lon="6.670329021289945">
        <ele>1688</ele>
        <time>2015-07-08T05:36:00Z</time>
      </trkpt>
      <trkpt lat="45.002538962289691" lon="6.669796016067267">
        <ele>1699</ele>
        <time>2015-07-08T05:36:20Z</time>
      </trkpt>
      <trkpt lat="45.003181016072631" lon="6.669450011104345">
        <ele>1703</ele>
        <time>2015-07-08T05:36:40Z</time>
      </trkpt>
      <trkpt lat="45.003553004935384" lon="6.66905103251338">
        <ele>1705</ele>
        <time>2015-07-08T05:37:00Z</time>
      </trkpt>
      <trkpt lat="45.003742016851902" lon="6.669026976451278">
        <ele>1711</ele>
        <time>2015-07-08T05:37:20Z</time>
      </trkpt>
      <trkpt lat="45.003507994115353" lon="6.669313972815871">
        <ele>1726</ele>
        <time>2015-07-08T05:37:40Z</time>
      </trkpt>
      <trkpt lat="45.003441022709012" lon="6.669580014422536">
        <ele>1736</ele>
        <time>2015-07-08T05:38:00Z</time>
      </trkpt>
      <trkpt lat="45.003177998587489" lon="6.669740024954081">
        <ele>1712</ele>
        <time>2015-07-08T05:38:20Z</time>
      </trkpt>
      <trkpt lat="45.002657985314727" lon="6.670581987127662">
        <ele>1736</ele>
        <time>2015-07-08T05:38:40Z</time>
      </trkpt>
      <trkpt lat="45.002398984506726" lon="6.671401988714933">
        <ele>1734</ele>
        <time>2015-07-08T05:39:00Z</time>
      </trkpt>
      <trkpt lat="45.002365037798882" lon="6.672058962285519">
        <ele>1751</ele>
        <time>2015-07-08T05:39:20Z</time>
      </trkpt>
      <trkpt lat="45.002217013388872" lon="6.672779973596335">
        <ele>1768</ele>
        <time>2015-07-08T05:39:40Z</time>
      </trkpt>
      <trkpt lat="45.002331007272005" lon="6.673379028216004">
        <ele>1772</ele>
        <time>2015-07-08T05:40:00Z</time>
      </trkpt>
      <trkpt lat="45.002201003953815" lon="6.674020998179913">
        <ele>1748</ele>
        <time>2015-07-08T05:40:20Z</time>
      </trkpt>
      <trkpt lat="45.002422034740448" lon="6.674747038632631">
        <ele>1746</ele>
        <time>2015-07-08T05:40:40Z</time>
      </trkpt>
      <trkpt lat="45.003054030239582" lon="6.675463020801544">
        <ele>1795</ele>
        <time>2015-07-08T05:41:00Z</time>
      </trkpt>
      <trkpt lat="45.003284029662609" lon="6.675856970250607">
        <ele>1795</ele>
        <time>2015-07-08T05:41:20Z</time>
      </trkpt>
      <trkpt lat="45.003501959145069" lon="6.675937017425895">
        <ele>1814</ele>
        <time>2015-07-08T05:41:40Z</time>
      </trkpt>
      <trkpt lat="45.00360899604857" lon="6.676220996305347">
        <ele>1817</ele>
        <time>2015-07-08T05:42:00Z</time>
      </trkpt>
      <trkpt lat="45.00376196578145" lon="6.676375977694988">
        <ele>1820</ele>
        <time>2015-07-08T05:42:20Z</time>
      </trkpt>
      <trkpt lat="45.003857016563416" lon="6.676754001528025">
        <ele>1807</ele>
        <time>2015-07-08T05:42:40Z</time>
      </trkpt>
      <trkpt lat="45.00405902042985" lon="6.677219029515982">
        <ele>1803</ele>
        <time>2015-07-08T05:43:00Z</time>
      </trkpt>
      <trkpt lat="45.004522036761045" lon="6.677611973136663">
        <ele>1818</ele>
        <time>2015-07-08T05:43:20Z</time>
      </trkpt>
      <trkpt lat="45.004765028133988" lon="6.677940962836146">
        <ele>1819</ele>
        <time>2015-07-08T05:43:40Z</time>
      </trkpt>
      <trkpt lat="45.005152020603418" lon="6.678190995007753">
        <ele>1845</ele>
        <time>2015-07-08T05:44:00Z</time>
      </trkpt>
      <trkpt lat="45.005669016391039" lon="6.678756019100547">
        <ele>1829</ele>
        <time>2015-07-08T05:44:20Z</time>
      </trkpt>
      <trkpt lat="45.005959030240774" lon="6.678840005770326">
        <ele>1861</ele>
        <time>2015-07-08T05:44:40Z</time>
      </trkpt>
      <trkpt lat="45.006655985489488" lon="6.680188989266753">
        <ele>1841</ele>
        <time>2015-07-08T05:45:00Z</time>
      </trkpt>
      <trkpt lat="45.00666000880301" lon="6.680849986150861">
        <ele>1844</ele>
        <time>2015-07-08T05:45:20Z</time>
      </trkpt>
      <trkpt lat="45.006881961598992" lon="6.681239996105433">
        <ele>1850</ele>
        <time>2015-07-08T05:45:40Z</time>
      </trkpt>
      <trkpt lat="45.006968965753913" lon="6.681698989123106">
        <ele>1839</ele>
        <time>2015-07-08T05:46:00Z</time>
      </trkpt>
      <trkpt lat="45.007873037829995" lon="6.682743038982153">
        <ele>1848</ele>
        <time>2015-07-08T05:46:20Z</time>
      </trkpt>
      <trkpt lat="45.008361032232642" lon="6.684313975274563">
        <ele>1853</ele>
        <time>2015-07-08T05:46:40Z</time>
      </trkpt>
      <trkpt lat="45.008178977295756" lon="6.684910012409091">
        <ele>1845</ele>
        <time>2015-07-08T05:47:00Z</time>
      </trkpt>
      <trkpt lat="45.008301017805934" lon="6.685340004041791">
        <ele>1847</ele>
        <time>2015-07-08T05:47:20Z</time>
      </trkpt>
      <trkpt lat="45.008793035522103" lon="6.685922965407372">
        <ele>1845</ele>
        <time>2015-07-08T05:47:40Z</time>
      </trkpt>
      <trkpt lat="45.009541036561131" lon="6.687540002167225">
        <ele>1856</ele>
        <time>2015-07-08T05:48:00Z</time>
      </trkpt>
      <trkpt lat="45.009559979662299" lon="6.688799969851971">
        <ele>1858</ele>
        <time>2015-07-08T05:48:20Z</time>
      </trkpt>
      <trkpt lat="45.009482027962804" lon="6.689689960330725">
        <ele>1862</ele>
        <time>2015-07-08T05:48:40Z</time>
      </trkpt>
      <trkpt lat="45.009578000754118" lon="6.690268982201815">
        <ele>1866</ele>
        <time>2015-07-08T05:49:00Z</time>
      </trkpt>
      <trkpt lat="45.009222021326423" lon="6.690273005515337">
        <ele>1868</ele>
        <time>2015-07-08T05:49:20Z</time>
      </trkpt>
      <trkpt lat="45.009558973833919" lon="6.691587958484888">
        <ele>1871</ele>
        <time>2015-07-08T05:49:40Z</time>
      </trkpt>
      <trkpt lat="45.009784027934074" lon="6.69270702637732">
        <ele>1875</ele>
        <time>2015-07-08T05:50:00Z</time>
      </trkpt>
      <trkpt lat="45.00994898378849" lon="6.692956974729896">
        <ele>1875</ele>
        <time>2015-07-08T05:50:20Z</time>
      </trkpt>
      <trkpt lat="45.010295994579792" lon="6.694315010681748">
        <ele>1874</ele>
        <time>2015-07-08T05:50:40Z</time>
      </trkpt>
      <trkpt lat="45.010382998734713" lon="6.69588795863092">
        <ele>1881</ele>
        <time>2015-07-08T05:51:00Z</time>
      </trkpt>
      <trkpt lat="45.010104971006513" lon="6.696023996919394">
        <ele>1882</ele>
        <time>2015-07-08T05:51:20Z</time>
      </trkpt>
      <trkpt lat="45.009857034310699" lon="6.697353031486273">
        <ele>1890</ele>
        <time>2015-07-08T05:51:40Z</time>
      </trkpt>
      <trkpt lat="45.009605996310711" lon="6.697672968730331">
        <ele>1894</ele>
        <time>2015-07-08T05:52:00Z</time>
      </trkpt>
      <trkpt lat="45.009136022999883" lon="6.699055982753635">
        <ele>1903</ele>
        <time>2015-07-08T05:52:20Z</time>
      </trkpt>
      <trkpt lat="45.008792029693723" lon="6.699473988264799">
        <ele>1908</ele>
        <time>2015-07-08T05:52:40Z</time>
      </trkpt>
      <trkpt lat="45.008705025538802" lon="6.69988595880568">
        <ele>1909</ele>
        <time>2015-07-08T05:53:00Z</time>
      </trkpt>
      <trkpt lat="45.007726019248366" lon="6.700524995103478">
        <ele>1925</ele>
        <time>2015-07-08T05:53:20Z</time>
      </trkpt>
      <trkpt lat="45.007080025970936" lon="6.700809979811311">
        <ele>1941</ele>
        <time>2015-07-08T05:53:40Z</time>
      </trkpt>
      <trkpt lat="45.006568981334567" lon="6.7011300008744">
        <ele>1958</ele>
        <time>2015-07-08T05:54:00Z</time>
      </trkpt>
      <trkpt lat="45.006214007735252" lon="6.701170988380909">
        <ele>1962</ele>
        <time>2015-07-08T05:54:20Z</time>
      </trkpt>
      <trkpt lat="45.005950983613729" lon="6.701050037518144">
        <ele>1964</ele>
        <time>2015-07-08T05:54:40Z</time>
      </trkpt>
      <trkpt lat="45.005470030009747" lon="6.70115003362298">
        <ele>1980</ele>
        <time>2015-07-08T05:55:00Z</time>
      </trkpt>
      <trkpt lat="45.004372000694275" lon="6.701939022168517">
        <ele>2007</ele>
        <time>2015-07-08T05:55:20Z</time>
      </trkpt>
      <trkpt lat="45.003815023228526" lon="6.70211898162961">
        <ele>2021</ele>
        <time>2015-07-08T05:55:40Z</time>
      </trkpt>
      <trkpt lat="45.003441022709012" lon="6.70244000852108">
        <ele>2025</ele>
        <time>2015-07-08T05:56:00Z</time>
      </trkpt>
      <trkpt lat="45.003181016072631" lon="6.702410001307726">
        <ele>2033</ele>
        <time>2015-07-08T05:56:20Z</time>
      </trkpt>
      <trkpt lat="45.002627978101373" lon="6.702649975195527">
        <ele>2047</ele>
        <time>2015-07-08T05:56:40Z</time>
      </trkpt>
      <trkpt lat="45.002269987016916" lon="6.702671013772488">
        <ele>2057</ele>
        <time>2015-07-08T05:57:00Z</time>
      </trkpt>
      <trkpt lat="45.001368010416627" lon="6.703209970146418">
        <ele>2072</ele>
        <time>2015-07-08T05:57:20Z</time>
      </trkpt>
      <trkpt lat="45.000919997692108" lon="6.703554969280958">
        <ele>2082</ele>
        <time>2015-07-08T05:57:40Z</time>
      </trkpt>
      <trkpt lat="45.000461004674435" lon="6.703577013686299">
        <ele>2088</ele>
        <time>2015-07-08T05:58:00Z</time>
      </trkpt>
      <trkpt lat="45.000030007213354" lon="6.703779017552733">
        <ele>2093</ele>
        <time>2015-07-08T05:58:20Z</time>
      </trkpt>
      <trkpt lat="44.999476969242096" lon="6.703756973147392">
        <ele>2104</ele>
        <time>2015-07-08T05:58:40Z</time>
      </trkpt>
      <trkpt lat="44.998985035344958" lon="6.703639039769769">
        <ele>2118</ele>
        <time>2015-07-08T05:59:00Z</time>
      </trkpt>
      <trkpt lat="44.998611034825444" lon="6.703980015590787">
        <ele>2125</ele>
        <time>2015-07-08T05:59:20Z</time>
      </trkpt>
      <trkpt lat="44.997761026024818" lon="6.703751021996141">
        <ele>2139</ele>
        <time>2015-07-08T05:59:40Z</time>
      </trkpt>
      <trkpt lat="44.997174041345716" lon="6.703672986477613">
        <ele>2150</ele>
        <time>2015-07-08T06:00:00Z</time>
      </trkpt>
      <trkpt lat="44.996689986437559" lon="6.703805001452565">
        <ele>2154</ele>
        <time>2015-07-08T06:00:20Z</time>
      </trkpt>
      <trkpt lat="44.996521007269621" lon="6.703902985900641">
        <ele>2163</ele>
        <time>2015-07-08T06:00:40Z</time>
      </trkpt>
      <trkpt lat="44.996358985081315" lon="6.703829979524016">
        <ele>2164</ele>
        <time>2015-07-08T06:01:00Z</time>
      </trkpt>
      <trkpt lat="44.995644008740783" lon="6.704013962298632">
        <ele>2175</ele>
        <time>2015-07-08T06:01:20Z</time>
      </trkpt>
      <trkpt lat="44.995368998497725" lon="6.703960988670588">
        <ele>2178</ele>
        <time>2015-07-08T06:01:40Z</time>
      </trkpt>
      <trkpt lat="44.994848985224962" lon="6.704045981168747">
        <ele>2184</ele>
        <time>2015-07-08T06:02:00Z</time>
      </trkpt>
      <trkpt lat="44.994200980290771" lon="6.704295007511973">
        <ele>2187</ele>
        <time>2015-07-08T06:02:20Z</time>
      </trkpt>
      <trkpt lat="44.993751961737871" lon="6.704748971387744">
        <ele>2193</ele>
        <time>2015-07-08T06:02:40Z</time>
      </trkpt>
      <trkpt lat="44.993194984272122" lon="6.704677976667881">
        <ele>2194</ele>
        <time>2015-07-08T06:03:00Z</time>
      </trkpt>
      <trkpt lat="44.992711013182998" lon="6.704933037981391">
        <ele>2197</ele>
        <time>2015-07-08T06:03:20Z</time>
      </trkpt>
      <trkpt lat="44.991839965805411" lon="6.70519002713263">
        <ele>2210</ele>
        <time>2015-07-08T06:03:40Z</time>
      </trkpt>
      <trkpt lat="44.991560010239482" lon="6.705338973551989">
        <ele>2213</ele>
        <time>2015-07-08T06:04:00Z</time>
      </trkpt>
      <trkpt lat="44.991076961159706" lon="6.70542798936367">
        <ele>2214</ele>
        <time>2015-07-08T06:04:20Z</time>
      </trkpt>
      <trkpt lat="44.990593995898962" lon="6.705603003501892">
        <ele>2217</ele>
        <time>2015-07-08T06:04:40Z</time>
      </trkpt>
      <trkpt lat="44.989964012056589" lon="6.705467971041799">
        <ele>2223</ele>
        <time>2015-07-08T06:05:00Z</time>
      </trkpt>
      <trkpt lat="44.989220034331083" lon="6.705430001020432">
        <ele>2226</ele>
        <time>2015-07-08T06:05:20Z</time>
      </trkpt>
      <trkpt lat="44.988837987184525" lon="6.705629993230104">
        <ele>2233</ele>
        <time>2015-07-08T06:05:40Z</time>
      </trkpt>
      <trkpt lat="44.988296013325453" lon="6.70561901293695">
        <ele>2244</ele>
        <time>2015-07-08T06:06:00Z</time>
      </trkpt>
      <trkpt lat="44.98768899589777" lon="6.705987984314561">
        <ele>2249</ele>
        <time>2015-07-08T06:06:20Z</time>
      </trkpt>
      <trkpt lat="44.987280964851379" lon="6.705997958779335">
        <ele>2257</ele>
        <time>2015-07-08T06:06:40Z</time>
      </trkpt>
      <trkpt lat="44.986168015748262" lon="6.706147994846106">
        <ele>2267</ele>
        <time>2015-07-08T06:07:00Z</time>
      </trkpt>
      <trkpt lat="44.9851109739393" lon="6.706619979813695">
        <ele>2275</ele>
        <time>2015-07-08T06:07:20Z</time>
      </trkpt>
      <trkpt lat="44.984549973160028" lon="6.706699021160603">
        <ele>2289</ele>
        <time>2015-07-08T06:07:40Z</time>
      </trkpt>
      <trkpt lat="44.983298974111676" lon="6.70632996596396">
        <ele>2303</ele>
        <time>2015-07-08T06:08:00Z</time>
      </trkpt>
      <trkpt lat="44.982749037444592" lon="6.70634999871254">
        <ele>2305</ele>
        <time>2015-07-08T06:08:20Z</time>
      </trkpt>
      <trkpt lat="44.981728037819266" lon="6.70624103397131">
        <ele>2319</ele>
        <time>2015-07-08T06:08:40Z</time>
      </trkpt>
      <trkpt lat="44.981599040329456" lon="6.706130979582667">
        <ele>2329</ele>
        <time>2015-07-08T06:09:00Z</time>
      </trkpt>
      <trkpt lat="44.980733022093773" lon="6.706231981515884">
        <ele>2342</ele>
        <time>2015-07-08T06:09:20Z</time>
      </trkpt>
      <trkpt lat="44.979579001665115" lon="6.70686598867178">
        <ele>2361</ele>
        <time>2015-07-08T06:09:40Z</time>
      </trkpt>
      <trkpt lat="44.9786869995296" lon="6.706990040838718">
        <ele>2379</ele>
        <time>2015-07-08T06:10:00Z</time>
      </trkpt>
      <trkpt lat="44.97836597263813" lon="6.706827012822032">
        <ele>2382</ele>
        <time>2015-07-08T06:10:20Z</time>
      </trkpt>
      <trkpt lat="44.977908991277218" lon="6.706792982295156">
        <ele>2400</ele>
        <time>2015-07-08T06:10:40Z</time>
      </trkpt>
      <trkpt lat="44.977175993844867" lon="6.70639299787581">
        <ele>2413</ele>
        <time>2015-07-08T06:11:00Z</time>
      </trkpt>
      <trkpt lat="44.976231018081307" lon="6.706280009821057">
        <ele>2429</ele>
        <time>2015-07-08T06:11:20Z</time>
      </trkpt>
      <trkpt lat="44.97587202116847" lon="6.706482013687491">
        <ele>2432</ele>
        <time>2015-07-08T06:11:40Z</time>
      </trkpt>
      <trkpt lat="44.975803038105369" lon="6.707364041358233">
        <ele>2427</ele>
        <time>2015-07-08T06:12:00Z</time>
      </trkpt>
      <trkpt lat="44.975956007838249" lon="6.707888999953866">
        <ele>2438</ele>
        <time>2015-07-08T06:12:20Z</time>
      </trkpt>
      <trkpt lat="44.975727014243603" lon="6.708673965185881">
        <ele>2447</ele>
        <time>2015-07-08T06:12:40Z</time>
      </trkpt>
      <trkpt lat="44.975200966000557" lon="6.709040002897382">
        <ele>2449</ele>
        <time>2015-07-08T06:13:00Z</time>
      </trkpt>
      <trkpt lat="44.974078964442015" lon="6.709200013428927">
        <ele>2444</ele>
        <time>2015-07-08T06:13:20Z</time>
      </trkpt>
      <trkpt lat="44.97322803363204" lon="6.709660012274981">
        <ele>2440</ele>
        <time>2015-07-08T06:13:40Z</time>
      </trkpt>
      <trkpt lat="44.972851015627384" lon="6.71038999222219">
        <ele>2447</ele>
        <time>2015-07-08T06:14:00Z</time>
      </trkpt>
      <trkpt lat="44.972322033718228" lon="6.710761981084943">
        <ele>2438</ele>
        <time>2015-07-08T06:14:20Z</time>
      </trkpt>
      <trkpt lat="44.971990026533604" lon="6.711175963282585">
        <ele>2442</ele>
        <time>2015-07-08T06:14:40Z</time>
      </trkpt>
      <trkpt lat="44.971455009654164" lon="6.711447034031153">
        <ele>2439</ele>
        <time>2015-07-08T06:15:00Z</time>
      </trkpt>
      <trkpt lat="44.971022000536323" lon="6.711882976815105">
        <ele>2446</ele>
        <time>2015-07-08T06:15:20Z</time>
      </trkpt>
      <trkpt lat="44.970733998343349" lon="6.712008034810424">
        <ele>2444</ele>
        <time>2015-07-08T06:15:40Z</time>
      </trkpt>
      <trkpt lat="44.970165034756064" lon="6.712590996176004">
        <ele>2458</ele>
        <time>2015-07-08T06:16:00Z</time>
      </trkpt>
      <trkpt lat="44.969571009278297" lon="6.712747989222407">
        <ele>2457</ele>
        <time>2015-07-08T06:16:20Z</time>
      </trkpt>
      <trkpt lat="44.969605961814523" lon="6.713087037205696">
        <ele>2462</ele>
        <time>2015-07-08T06:16:40Z</time>
      </trkpt>
      <trkpt lat="44.969460032880306" lon="6.713630016893148">
        <ele>2483</ele>
        <time>2015-07-08T06:17:00Z</time>
      </trkpt>
      <trkpt lat="44.968943959102035" lon="6.714827036485076">
        <ele>2504</ele>
        <time>2015-07-08T06:17:20Z</time>
      </trkpt>
      <trkpt lat="44.968090010806918" lon="6.715800007805228">
        <ele>2512</ele>
        <time>2015-07-08T06:17:40Z</time>
      </trkpt>
      <trkpt lat="44.968709014356136" lon="6.716843973845244">
        <ele>2490</ele>
        <time>2015-07-08T06:18:00Z</time>
      </trkpt>
      <trkpt lat="44.968973966315389" lon="6.717556016519666">
        <ele>2472</ele>
        <time>2015-07-08T06:18:20Z</time>
      </trkpt>
      <trkpt lat="44.969649966806173" lon="6.719060987234116">
        <ele>2462</ele>
        <time>2015-07-08T06:18:40Z</time>
      </trkpt>
      <trkpt lat="44.969311002641916" lon="6.71984201297164">
        <ele>2442</ele>
        <time>2015-07-08T06:19:00Z</time>
      </trkpt>
      <trkpt lat="44.96953203342855" lon="6.720752958208323">
        <ele>2434</ele>
        <time>2015-07-08T06:19:20Z</time>
      </trkpt>
      <trkpt lat="44.969466989859939" lon="6.721384031698108">
        <ele>2425</ele>
        <time>2015-07-08T06:19:40Z</time>
      </trkpt>
      <trkpt lat="44.969113022089005" lon="6.722138989716768">
        <ele>2414</ele>
        <time>2015-07-08T06:20:00Z</time>
      </trkpt>
      <trkpt lat="44.968052040785551" lon="6.722368989139795">
        <ele>2400</ele>
        <time>2015-07-08T06:20:20Z</time>
      </trkpt>
      <trkpt lat="44.967303033918142" lon="6.722406037151814">
        <ele>2387</ele>
        <time>2015-07-08T06:20:40Z</time>
      </trkpt>
      <trkpt lat="44.966571964323521" lon="6.72282999381423">
        <ele>2377</ele>
        <time>2015-07-08T06:21:00Z</time>
      </trkpt>
      <trkpt lat="44.965662024915218" lon="6.723016994073987">
        <ele>2358</ele>
        <time>2015-07-08T06:21:20Z</time>
      </trkpt>
      <trkpt lat="44.96523798443377" lon="6.723311031237245">
        <ele>2353</ele>
        <time>2015-07-08T06:21:40Z</time>
      </trkpt>
      <trkpt lat="44.964760970324278" lon="6.723413038998842">
        <ele>2342</ele>
        <time>2015-07-08T06:22:00Z</time>
      </trkpt>
      <trkpt lat="44.964238023385406" lon="6.723686037585139">
        <ele>2337</ele>
        <time>2015-07-08T06:22:20Z</time>
      </trkpt>
      <trkpt lat="44.963760003447533" lon="6.723787961527705">
        <ele>2329</ele>
        <time>2015-07-08T06:22:40Z</time>
      </trkpt>
      <trkpt lat="44.962944025173783" lon="6.724768979474902">
        <ele>2305</ele>
        <time>2015-07-08T06:23:00Z</time>
      </trkpt>
      <trkpt lat="44.962429041042924" lon="6.724822036921978">
        <ele>2291</ele>
        <time>2015-07-08T06:23:20Z</time>
      </trkpt>
      <trkpt lat="44.961196985095739" lon="6.725251022726297">
        <ele>2270</ele>
        <time>2015-07-08T06:23:40Z</time>
      </trkpt>
      <trkpt lat="44.961062958464026" lon="6.725530978292227">
        <ele>2269</ele>
        <time>2015-07-08T06:24:00Z</time>
      </trkpt>
      <trkpt lat="44.960567001253366" lon="6.726093990728259">
        <ele>2265</ele>
        <time>2015-07-08T06:24:20Z</time>
      </trkpt>
      <trkpt lat="44.960459964349866" lon="6.727005019783974">
        <ele>2258</ele>
        <time>2015-07-08T06:24:40Z</time>
      </trkpt>
      <trkpt lat="44.959902986884117" lon="6.72787900082767">
        <ele>2247</ele>
        <time>2015-07-08T06:25:00Z</time>
      </trkpt>
      <trkpt lat="44.959548013284802" lon="6.728250989690423">
        <ele>2245</ele>
        <time>2015-07-08T06:25:20Z</time>
      </trkpt>
      <trkpt lat="44.95913302525878" lon="6.728838980197907">
        <ele>2234</ele>
        <time>2015-07-08T06:25:40Z</time>
      </trkpt>
      <trkpt lat="44.958709990605712" lon="6.728979963809252">
        <ele>2232</ele>
        <time>2015-07-08T06:26:00Z</time>
      </trkpt>
      <trkpt lat="44.958530031144619" lon="6.728950040414929">
        <ele>2232</ele>
        <time>2015-07-08T06:26:20Z</time>
      </trkpt>
      <trkpt lat="44.958437997847795" lon="6.729184985160828">
        <ele>2222</ele>
        <time>2015-07-08T06:26:40Z</time>
      </trkpt>
      <trkpt lat="44.95801898650825" lon="6.729421019554138">
        <ele>2217</ele>
        <time>2015-07-08T06:27:00Z</time>
      </trkpt>
      <trkpt lat="44.957722015678883" lon="6.730020996183157">
        <ele>2199</ele>
        <time>2015-07-08T06:27:20Z</time>
      </trkpt>
      <trkpt lat="44.957946985960007" lon="6.730862958356738">
        <ele>2178</ele>
        <time>2015-07-08T06:27:40Z</time>
      </trkpt>
      <trkpt lat="44.957519005984068" lon="6.731084994971752">
        <ele>2176</ele>
        <time>2015-07-08T06:28:00Z</time>
      </trkpt>
      <trkpt lat="44.957152968272567" lon="6.73191899433732">
        <ele>2153</ele>
        <time>2015-07-08T06:28:20Z</time>
      </trkpt>
      <trkpt lat="44.956501023843884" lon="6.732148993760347">
        <ele>2148</ele>
        <time>2015-07-08T06:28:40Z</time>
      </trkpt>
      <trkpt lat="44.956538993865252" lon="6.732373964041472">
        <ele>2145</ele>
        <time>2015-07-08T06:29:00Z</time>
      </trkpt>
      <trkpt lat="44.956403039395809" lon="6.732986010611057">
        <ele>2136</ele>
        <time>2015-07-08T06:29:20Z</time>
      </trkpt>
      <trkpt lat="44.956210004165769" lon="6.733417008072138">
        <ele>2130</ele>
        <time>2015-07-08T06:29:40Z</time>
      </trkpt>
      <trkpt lat="44.956207992509007" lon="6.733620017766953">
        <ele>2130</ele>
        <time>2015-07-08T06:30:00Z</time>
      </trkpt>
      <trkpt lat="44.956016968935728" lon="6.733994018286467">
        <ele>2130</ele>
        <time>2015-07-08T06:30:20Z</time>
      </trkpt>
      <trkpt lat="44.955790992826223" lon="6.734670018777251">
        <ele>2111</ele>
        <time>2015-07-08T06:30:40Z</time>
      </trkpt>
      <trkpt lat="44.955593012273312" lon="6.735021974891424">
        <ele>2096</ele>
        <time>2015-07-08T06:31:00Z</time>
      </trkpt>
      <trkpt lat="44.955325964838266" lon="6.735004959627986">
        <ele>2091</ele>
        <time>2015-07-08T06:31:20Z</time>
      </trkpt>
      <trkpt lat="44.954907959327102" lon="6.735234959051013">
        <ele>2077</ele>
        <time>2015-07-08T06:31:40Z</time>
      </trkpt>
      <trkpt lat="44.954245034605265" lon="6.735063968226314">
        <ele>2070</ele>
        <time>2015-07-08T06:32:00Z</time>
      </trkpt>
      <trkpt lat="44.954159036278725" lon="6.734915021806955">
        <ele>2073</ele>
        <time>2015-07-08T06:32:20Z</time>
      </trkpt>
      <trkpt lat="44.953069975599647" lon="6.735503012314439">
        <ele>2054</ele>
        <time>2015-07-08T06:32:40Z</time>
      </trkpt>
      <trkpt lat="44.952777028083801" lon="6.735526984557509">
        <ele>2054</ele>
        <time>2015-07-08T06:33:00Z</time>
      </trkpt>
      <trkpt lat="44.952286016196012" lon="6.735830996185541">
        <ele>2051</ele>
        <time>2015-07-08T06:33:20Z</time>
      </trkpt>
      <trkpt lat="44.951430978253484" lon="6.735709039494395">
        <ele>2053</ele>
        <time>2015-07-08T06:33:40Z</time>
      </trkpt>
      <trkpt lat="44.950866959989071" lon="6.736038029193878">
        <ele>2033</ele>
        <time>2015-07-08T06:34:00Z</time>
      </trkpt>
      <trkpt lat="44.950172016397119" lon="6.736871022731066">
        <ele>2005</ele>
        <time>2015-07-08T06:34:20Z</time>
      </trkpt>
      <trkpt lat="44.949084967374802" lon="6.737489020451903">
        <ele>1989</ele>
        <time>2015-07-08T06:34:40Z</time>
      </trkpt>
      <trkpt lat="44.948455989360809" lon="6.737572001293302">
        <ele>1980</ele>
        <time>2015-07-08T06:35:00Z</time>
      </trkpt>
      <trkpt lat="44.94817603379488" lon="6.737678032368422">
        <ele>1976</ele>
        <time>2015-07-08T06:35:20Z</time>
      </trkpt>
      <trkpt lat="44.947730032727122" lon="6.737620029598475">
        <ele>1974</ele>
        <time>2015-07-08T06:35:40Z</time>
      </trkpt>
      <trkpt lat="44.947021007537842" lon="6.737665962427855">
        <ele>1968</ele>
        <time>2015-07-08T06:36:00Z</time>
      </trkpt>
      <trkpt lat="44.946049964055419" lon="6.737978020682931">
        <ele>1962</ele>
        <time>2015-07-08T06:36:20Z</time>
      </trkpt>
      <trkpt lat="44.945162991061807" lon="6.738494010642171">
        <ele>1953</ele>
        <time>2015-07-08T06:36:40Z</time>
      </trkpt>
      <trkpt lat="44.943850971758366" lon="6.738848984241486">
        <ele>1953</ele>
        <time>2015-07-08T06:37:00Z</time>
      </trkpt>
      <trkpt lat="44.943329030647874" lon="6.739150984212756">
        <ele>1948</ele>
        <time>2015-07-08T06:37:20Z</time>
      </trkpt>
      <trkpt lat="44.942879006266594" lon="6.739083006978035">
        <ele>1951</ele>
        <time>2015-07-08T06:37:40Z</time>
      </trkpt>
      <trkpt lat="44.942381037399173" lon="6.739334966987371">
        <ele>1938</ele>
        <time>2015-07-08T06:38:00Z</time>
      </trkpt>
      <trkpt lat="44.941975018009543" lon="6.739307977259159">
        <ele>1935</ele>
        <time>2015-07-08T06:38:20Z</time>
      </trkpt>
      <trkpt lat="44.941707970574498" lon="6.73963000997901">
        <ele>1932</ele>
        <time>2015-07-08T06:38:40Z</time>
      </trkpt>
      <trkpt lat="44.940712032839656" lon="6.739707961678505">
        <ele>1918</ele>
        <time>2015-07-08T06:39:00Z</time>
      </trkpt>
      <trkpt lat="44.940387988463044" lon="6.73932901583612">
        <ele>1921</ele>
        <time>2015-07-08T06:39:20Z</time>
      </trkpt>
      <trkpt lat="44.939934024587274" lon="6.739811981096864">
        <ele>1912</ele>
        <time>2015-07-08T06:39:40Z</time>
      </trkpt>
      <trkpt lat="44.93969002738595" lon="6.739822961390019">
        <ele>1913</ele>
        <time>2015-07-08T06:40:00Z</time>
      </trkpt>
      <trkpt lat="44.939361037686467" lon="6.740239961072803">
        <ele>1895</ele>
        <time>2015-07-08T06:40:20Z</time>
      </trkpt>
      <trkpt lat="44.938877988606691" lon="6.73986897803843">
        <ele>1913</ele>
        <time>2015-07-08T06:40:40Z</time>
      </trkpt>
      <trkpt lat="44.938493007794023" lon="6.739841988310218">
        <ele>1911</ele>
        <time>2015-07-08T06:41:00Z</time>
      </trkpt>
      <trkpt lat="44.93765196762979" lon="6.740308022126555">
        <ele>1895</ele>
        <time>2015-07-08T06:41:20Z</time>
      </trkpt>
      <trkpt lat="44.937068000435829" lon="6.740840021520853">
        <ele>1869</ele>
        <time>2015-07-08T06:41:40Z</time>
      </trkpt>
      <trkpt lat="44.936772035434842" lon="6.740792999044061">
        <ele>1877</ele>
        <time>2015-07-08T06:42:00Z</time>
      </trkpt>
      <trkpt lat="44.936513034626842" lon="6.74025203101337">
        <ele>1873</ele>
        <time>2015-07-08T06:42:20Z</time>
      </trkpt>
      <trkpt lat="44.936042977496982" lon="6.73868503421545">
        <ele>1884</ele>
        <time>2015-07-08T06:42:40Z</time>
      </trkpt>
      <trkpt lat="44.935790011659265" lon="6.73715902492404">
        <ele>1870</ele>
        <time>2015-07-08T06:43:00Z</time>
      </trkpt>
      <trkpt lat="44.935276033356786" lon="6.736921984702349">
        <ele>1865</ele>
        <time>2015-07-08T06:43:20Z</time>
      </trkpt>
      <trkpt lat="44.934368021786213" lon="6.734284032136202">
        <ele>1855</ele>
        <time>2015-07-08T06:43:40Z</time>
      </trkpt>
      <trkpt lat="44.934205999597907" lon="6.73260597512126">
        <ele>1850</ele>
        <time>2015-07-08T06:44:00Z</time>
      </trkpt>
      <trkpt lat="44.934188984334469" lon="6.732109012082219">
        <ele>1853</ele>
        <time>2015-07-08T06:44:20Z</time>
      </trkpt>
      <trkpt lat="44.934218991547823" lon="6.731499982997775">
        <ele>1851</ele>
        <time>2015-07-08T06:44:40Z</time>
      </trkpt>
      <trkpt lat="44.933346016332507" lon="6.728976024314761">
        <ele>1852</ele>
        <time>2015-07-08T06:45:00Z</time>
      </trkpt>
      <trkpt lat="44.931727973744273" lon="6.726593971252441">
        <ele>1852</ele>
        <time>2015-07-08T06:45:20Z</time>
      </trkpt>
    </trkseg>
  </trk>

</gpx>