<?xml version="1.0" encoding="utf-8"?><gpx creator="Garmin Desktop App" version="1.1" xsi:schemaLocation="http://www.topografix.com/GPX/1/1 http://www.topografix.com/GPX/1/1/gpx.xsd http://www.garmin.com/xmlschemas/WaypointExtension/v1 http://www8.garmin.com/xmlschemas/WaypointExtensionv1.xsd http://www.garmin.com/xmlschemas/TrackPointExtension/v1 http://www.garmin.com/xmlschemas/TrackPointExtensionv1.xsd http://www.garmin.com/xmlschemas/GpxExtensions/v3 http://www8.garmin.com/xmlschemas/GpxExtensionsv3.xsd http://www.garmin.com/xmlschemas/ActivityExtension/v1 http://www8.garmin.com/xmlschemas/ActivityExtensionv1.xsd http://www.garmin.com/xmlschemas/AdventuresExtensions/v1 http://www8.garmin.com/xmlschemas/AdventuresExtensionv1.xsd http://www.garmin.com/xmlschemas/PressureExtension/v1 http://www.garmin.com/xmlschemas/PressureExtensionv1.xsd http://www.garmin.com/xmlschemas/TripExtensions/v1 http://www.garmin.com/xmlschemas/TripExtensionsv1.xsd http://www.garmin.com/xmlschemas/TripMetaDataExtensions/v1 http://www.garmin.com/xmlschemas/TripMetaDataExtensionsv1.xsd http://www.garmin.com/xmlschemas/ViaPointTransportationModeExtensions/v1 http://www.garmin.com/xmlschemas/ViaPointTransportationModeExtensionsv1.xsd http://www.garmin.com/xmlschemas/CreationTimeExtension/v1 http://www.garmin.com/xmlschemas/CreationTimeExtensionsv1.xsd http://www.garmin.com/xmlschemas/AccelerationExtension/v1 http://www.garmin.com/xmlschemas/AccelerationExtensionv1.xsd http://www.garmin.com/xmlschemas/PowerExtension/v1 http://www.garmin.com/xmlschemas/PowerExtensionv1.xsd http://www.garmin.com/xmlschemas/VideoExtension/v1 http://www.garmin.com/xmlschemas/VideoExtensionv1.xsd" xmlns="http://www.topografix.com/GPX/1/1" xmlns:xsi="http://www.w3.org/2001/XMLSchema-instance" xmlns:wptx1="http://www.garmin.com/xmlschemas/WaypointExtension/v1" xmlns:gpxtrx="http://www.garmin.com/xmlschemas/GpxExtensions/v3" xmlns:gpxtpx="http://www.garmin.com/xmlschemas/TrackPointExtension/v1" xmlns:gpxx="http://www.garmin.com/xmlschemas/GpxExtensions/v3" xmlns:trp="http://www.garmin.com/xmlschemas/TripExtensions/v1" xmlns:adv="http://www.garmin.com/xmlschemas/AdventuresExtensions/v1" xmlns:prs="http://www.garmin.com/xmlschemas/PressureExtension/v1" xmlns:tmd="http://www.garmin.com/xmlschemas/TripMetaDataExtensions/v1" xmlns:vptm="http://www.garmin.com/xmlschemas/ViaPointTransportationModeExtensions/v1" xmlns:ctx="http://www.garmin.com/xmlschemas/CreationTimeExtension/v1" xmlns:gpxacc="http://www.garmin.com/xmlschemas/AccelerationExtension/v1" xmlns:gpxpx="http://www.garmin.com/xmlschemas/PowerExtension/v1" xmlns:vidx1="http://www.garmin.com/xmlschemas/VideoExtension/v1">

  <metadata>
    <link href="http://www.garmin.com">
      <text>Garmin International</text>
    </link>
    <time>2018-04-18T11:07:19Z</time>
    <bounds maxlat="44.930801019072533" maxlon="6.885637985542417" minlat="44.284092010930181" minlon="6.632639961317182" />
  </metadata>

  <trk>
    <name>Part 13 - FR Montgenevre to St Dalmas-le-Selvage</name>
    <desc>Randonnée avec le GR5 à travers les Hautes-Alpes et les Alpes-Maritimes de Montgenèvre à St Dalmas-le-Selvage. Gîtes d'étapes, Chambres d'hôtes, Hôtels, Camping, Refuges, Auberges.</desc>
    <extensions>
      <gpxx:TrackExtension>
        <gpxx:DisplayColor>Blue</gpxx:DisplayColor>
      </gpxx:TrackExtension>
    </extensions>
    <trkseg>
      <trkpt lat="44.930801019072533" lon="6.72424997203052">
        <ele>1852</ele>
        <time>2015-08-02T07:24:11Z</time>
      </trkpt>
      <trkpt lat="44.930412014946342" lon="6.722191963344812">
        <ele>1849</ele>
        <time>2015-08-02T07:24:31Z</time>
      </trkpt>
      <trkpt lat="44.929935000836849" lon="6.720712976530194">
        <ele>1844</ele>
        <time>2015-08-02T07:24:51Z</time>
      </trkpt>
      <trkpt lat="44.92931398563087" lon="6.719170035794377">
        <ele>1840</ele>
        <time>2015-08-02T07:25:11Z</time>
      </trkpt>
      <trkpt lat="44.929131008684635" lon="6.718390015885234">
        <ele>1832</ele>
        <time>2015-08-02T07:25:31Z</time>
      </trkpt>
      <trkpt lat="44.929198985919356" lon="6.717140022665262">
        <ele>1828</ele>
        <time>2015-08-02T07:25:51Z</time>
      </trkpt>
      <trkpt lat="44.92879900150001" lon="6.714490000158548">
        <ele>1807</ele>
        <time>2015-08-02T07:26:11Z</time>
      </trkpt>
      <trkpt lat="44.928580988198519" lon="6.713434970006347">
        <ele>1804</ele>
        <time>2015-08-02T07:26:31Z</time>
      </trkpt>
      <trkpt lat="44.927703989669681" lon="6.71066801995039">
        <ele>1790</ele>
        <time>2015-08-02T07:26:51Z</time>
      </trkpt>
      <trkpt lat="44.927467033267021" lon="6.710784025490284">
        <ele>1788</ele>
        <time>2015-08-02T07:27:11Z</time>
      </trkpt>
      <trkpt lat="44.926956994459033" lon="6.709785992279649">
        <ele>1782</ele>
        <time>2015-08-02T07:27:31Z</time>
      </trkpt>
      <trkpt lat="44.926566984504461" lon="6.708724005147815">
        <ele>1774</ele>
        <time>2015-08-02T07:27:51Z</time>
      </trkpt>
      <trkpt lat="44.926601015031338" lon="6.708370037376881">
        <ele>1765</ele>
        <time>2015-08-02T07:28:11Z</time>
      </trkpt>
      <trkpt lat="44.926208993420005" lon="6.707350965589285">
        <ele>1756</ele>
        <time>2015-08-02T07:28:31Z</time>
      </trkpt>
      <trkpt lat="44.92619700729847" lon="6.706690974533558">
        <ele>1753</ele>
        <time>2015-08-02T07:28:51Z</time>
      </trkpt>
      <trkpt lat="44.92553299292922" lon="6.706153023988009">
        <ele>1753</ele>
        <time>2015-08-02T07:29:11Z</time>
      </trkpt>
      <trkpt lat="44.925387986004353" lon="6.705572996288538">
        <ele>1745</ele>
        <time>2015-08-02T07:29:31Z</time>
      </trkpt>
      <trkpt lat="44.925121022388339" lon="6.704036006703973">
        <ele>1724</ele>
        <time>2015-08-02T07:29:51Z</time>
      </trkpt>
      <trkpt lat="44.924645014107227" lon="6.703515993431211">
        <ele>1723</ele>
        <time>2015-08-02T07:30:11Z</time>
      </trkpt>
      <trkpt lat="44.92460997775197" lon="6.702760029584169">
        <ele>1704</ele>
        <time>2015-08-02T07:30:31Z</time>
      </trkpt>
      <trkpt lat="44.924401016905904" lon="6.702689034864306">
        <ele>1705</ele>
        <time>2015-08-02T07:30:51Z</time>
      </trkpt>
      <trkpt lat="44.92443798109889" lon="6.702528018504381">
        <ele>1704</ele>
        <time>2015-08-02T07:31:11Z</time>
      </trkpt>
      <trkpt lat="44.924109997227788" lon="6.702049998566508">
        <ele>1697</ele>
        <time>2015-08-02T07:31:31Z</time>
      </trkpt>
      <trkpt lat="44.923991980031133" lon="6.701394030824304">
        <ele>1683</ele>
        <time>2015-08-02T07:31:51Z</time>
      </trkpt>
      <trkpt lat="44.923782013356686" lon="6.700730016455054">
        <ele>1672</ele>
        <time>2015-08-02T07:32:11Z</time>
      </trkpt>
      <trkpt lat="44.923782013356686" lon="6.699735000729561">
        <ele>1657</ele>
        <time>2015-08-02T07:32:31Z</time>
      </trkpt>
      <trkpt lat="44.92370598949492" lon="6.699062017723918">
        <ele>1651</ele>
        <time>2015-08-02T07:32:51Z</time>
      </trkpt>
      <trkpt lat="44.923843033611774" lon="6.698545021936297">
        <ele>1645</ele>
        <time>2015-08-02T07:33:11Z</time>
      </trkpt>
      <trkpt lat="44.923888966441154" lon="6.697699958458543">
        <ele>1634</ele>
        <time>2015-08-02T07:33:31Z</time>
      </trkpt>
      <trkpt lat="44.923675982281566" lon="6.697204001247883">
        <ele>1624</ele>
        <time>2015-08-02T07:33:51Z</time>
      </trkpt>
      <trkpt lat="44.923400972038507" lon="6.697135018184781">
        <ele>1626</ele>
        <time>2015-08-02T07:34:11Z</time>
      </trkpt>
      <trkpt lat="44.923222018405795" lon="6.696828994899988">
        <ele>1629</ele>
        <time>2015-08-02T07:34:31Z</time>
      </trkpt>
      <trkpt lat="44.922875007614493" lon="6.696869982406497">
        <ele>1633</ele>
        <time>2015-08-02T07:34:51Z</time>
      </trkpt>
      <trkpt lat="44.92278398014605" lon="6.696693040430546">
        <ele>1632</ele>
        <time>2015-08-02T07:35:11Z</time>
      </trkpt>
      <trkpt lat="44.922833014279604" lon="6.696414006873965">
        <ele>1618</ele>
        <time>2015-08-02T07:35:31Z</time>
      </trkpt>
      <trkpt lat="44.922759002074599" lon="6.696175038814545">
        <ele>1616</ele>
        <time>2015-08-02T07:35:51Z</time>
      </trkpt>
      <trkpt lat="44.922473011538386" lon="6.695635998621583">
        <ele>1610</ele>
        <time>2015-08-02T07:36:11Z</time>
      </trkpt>
      <trkpt lat="44.922340996563435" lon="6.695244982838631">
        <ele>1605</ele>
        <time>2015-08-02T07:36:31Z</time>
      </trkpt>
      <trkpt lat="44.922297997400165" lon="6.6951999720186">
        <ele>1605</ele>
        <time>2015-08-02T07:36:51Z</time>
      </trkpt>
      <trkpt lat="44.922164976596832" lon="6.6948770172894">
        <ele>1593</ele>
        <time>2015-08-02T07:37:11Z</time>
      </trkpt>
      <trkpt lat="44.922001026570797" lon="6.694735027849674">
        <ele>1594</ele>
        <time>2015-08-02T07:37:31Z</time>
      </trkpt>
      <trkpt lat="44.921738002449274" lon="6.694624973461032">
        <ele>1596</ele>
        <time>2015-08-02T07:37:51Z</time>
      </trkpt>
      <trkpt lat="44.921745965257287" lon="6.694075036793947">
        <ele>1593</ele>
        <time>2015-08-02T07:38:11Z</time>
      </trkpt>
      <trkpt lat="44.921925002709031" lon="6.693312032148242">
        <ele>1589</ele>
        <time>2015-08-02T07:38:31Z</time>
      </trkpt>
      <trkpt lat="44.921951992437243" lon="6.692908024415374">
        <ele>1586</ele>
        <time>2015-08-02T07:38:51Z</time>
      </trkpt>
      <trkpt lat="44.922133963555098" lon="6.692704008892179">
        <ele>1581</ele>
        <time>2015-08-02T07:39:11Z</time>
      </trkpt>
      <trkpt lat="44.921970013529062" lon="6.692447019740939">
        <ele>1588</ele>
        <time>2015-08-02T07:39:31Z</time>
      </trkpt>
      <trkpt lat="44.922001026570797" lon="6.692206040024757">
        <ele>1585</ele>
        <time>2015-08-02T07:39:51Z</time>
      </trkpt>
      <trkpt lat="44.922190960496664" lon="6.691675968468189">
        <ele>1577</ele>
        <time>2015-08-02T07:40:11Z</time>
      </trkpt>
      <trkpt lat="44.922063974663615" lon="6.691351002082229">
        <ele>1574</ele>
        <time>2015-08-02T07:40:31Z</time>
      </trkpt>
      <trkpt lat="44.922012006863952" lon="6.690951017662883">
        <ele>1572</ele>
        <time>2015-08-02T07:40:51Z</time>
      </trkpt>
      <trkpt lat="44.921734984964132" lon="6.690791007131338">
        <ele>1576</ele>
        <time>2015-08-02T07:41:11Z</time>
      </trkpt>
      <trkpt lat="44.921597018837929" lon="6.690560001879931">
        <ele>1584</ele>
        <time>2015-08-02T07:41:31Z</time>
      </trkpt>
      <trkpt lat="44.921313961967826" lon="6.690405020490289">
        <ele>1585</ele>
        <time>2015-08-02T07:41:51Z</time>
      </trkpt>
      <trkpt lat="44.92116903886199" lon="6.689770007506013">
        <ele>1564</ele>
        <time>2015-08-02T07:42:11Z</time>
      </trkpt>
      <trkpt lat="44.920765031129122" lon="6.689528021961451">
        <ele>1582</ele>
        <time>2015-08-02T07:42:31Z</time>
      </trkpt>
      <trkpt lat="44.920599991455674" lon="6.689171036705375">
        <ele>1576</ele>
        <time>2015-08-02T07:42:51Z</time>
      </trkpt>
      <trkpt lat="44.920340990647674" lon="6.6890540253371">
        <ele>1567</ele>
        <time>2015-08-02T07:43:11Z</time>
      </trkpt>
      <trkpt lat="44.920247029513121" lon="6.68849503621459">
        <ele>1561</ele>
        <time>2015-08-02T07:43:31Z</time>
      </trkpt>
      <trkpt lat="44.920081989839673" lon="6.688154982402921">
        <ele>1547</ele>
        <time>2015-08-02T07:43:51Z</time>
      </trkpt>
      <trkpt lat="44.919947041198611" lon="6.687988014891744">
        <ele>1553</ele>
        <time>2015-08-02T07:44:11Z</time>
      </trkpt>
      <trkpt lat="44.919584020972252" lon="6.68776698410511">
        <ele>1551</ele>
        <time>2015-08-02T07:44:31Z</time>
      </trkpt>
      <trkpt lat="44.919254025444388" lon="6.687689032405615">
        <ele>1550</ele>
        <time>2015-08-02T07:44:51Z</time>
      </trkpt>
      <trkpt lat="44.918860998004675" lon="6.687222998589277">
        <ele>1531</ele>
        <time>2015-08-02T07:45:11Z</time>
      </trkpt>
      <trkpt lat="44.918921012431383" lon="6.687113028019667">
        <ele>1529</ele>
        <time>2015-08-02T07:45:31Z</time>
      </trkpt>
      <trkpt lat="44.919231981039047" lon="6.687382003292441">
        <ele>1534</ele>
        <time>2015-08-02T07:45:51Z</time>
      </trkpt>
      <trkpt lat="44.919270034879446" lon="6.687330035492778">
        <ele>1530</ele>
        <time>2015-08-02T07:46:11Z</time>
      </trkpt>
      <trkpt lat="44.918991001322865" lon="6.686873976141214">
        <ele>1523</ele>
        <time>2015-08-02T07:46:31Z</time>
      </trkpt>
      <trkpt lat="44.91854902356863" lon="6.686640037223697">
        <ele>1503</ele>
        <time>2015-08-02T07:46:51Z</time>
      </trkpt>
      <trkpt lat="44.918063962832093" lon="6.686779009178281">
        <ele>1515</ele>
        <time>2015-08-02T07:47:11Z</time>
      </trkpt>
      <trkpt lat="44.917644029483199" lon="6.687101041898131">
        <ele>1517</ele>
        <time>2015-08-02T07:47:31Z</time>
      </trkpt>
      <trkpt lat="44.917434984818101" lon="6.687002973631024">
        <ele>1513</ele>
        <time>2015-08-02T07:47:51Z</time>
      </trkpt>
      <trkpt lat="44.917099038138986" lon="6.686423029750586">
        <ele>1508</ele>
        <time>2015-08-02T07:48:11Z</time>
      </trkpt>
      <trkpt lat="44.917148994281888" lon="6.685720039531589">
        <ele>1498</ele>
        <time>2015-08-02T07:48:31Z</time>
      </trkpt>
      <trkpt lat="44.917029971256852" lon="6.684929961338639">
        <ele>1486</ele>
        <time>2015-08-02T07:48:51Z</time>
      </trkpt>
      <trkpt lat="44.917122004553676" lon="6.68462997302413">
        <ele>1482</ele>
        <time>2015-08-02T07:49:11Z</time>
      </trkpt>
      <trkpt lat="44.916686983779073" lon="6.684004012495279">
        <ele>1470</ele>
        <time>2015-08-02T07:49:31Z</time>
      </trkpt>
      <trkpt lat="44.916308959946036" lon="6.683939974755049">
        <ele>1481</ele>
        <time>2015-08-02T07:49:51Z</time>
      </trkpt>
      <trkpt lat="44.916141992434859" lon="6.683439994230866">
        <ele>1476</ele>
        <time>2015-08-02T07:50:11Z</time>
      </trkpt>
      <trkpt lat="44.915177989751101" lon="6.682552015408874">
        <ele>1465</ele>
        <time>2015-08-02T07:50:31Z</time>
      </trkpt>
      <trkpt lat="44.914470976218581" lon="6.681625982746482">
        <ele>1446</ele>
        <time>2015-08-02T07:50:51Z</time>
      </trkpt>
      <trkpt lat="44.914527973160148" lon="6.681112004444003">
        <ele>1443</ele>
        <time>2015-08-02T07:51:11Z</time>
      </trkpt>
      <trkpt lat="44.914901973679662" lon="6.681089960038662">
        <ele>1440</ele>
        <time>2015-08-02T07:51:31Z</time>
      </trkpt>
      <trkpt lat="44.91483299061656" lon="6.680354028940201">
        <ele>1435</ele>
        <time>2015-08-02T07:51:51Z</time>
      </trkpt>
      <trkpt lat="44.915012028068304" lon="6.680389987304807">
        <ele>1424</ele>
        <time>2015-08-02T07:52:11Z</time>
      </trkpt>
      <trkpt lat="44.915564982220531" lon="6.680771028622985">
        <ele>1418</ele>
        <time>2015-08-02T07:52:31Z</time>
      </trkpt>
      <trkpt lat="44.916107039898634" lon="6.680126041173935">
        <ele>1407</ele>
        <time>2015-08-02T07:52:51Z</time>
      </trkpt>
      <trkpt lat="44.916420020163059" lon="6.678819973021746">
        <ele>1395</ele>
        <time>2015-08-02T07:53:11Z</time>
      </trkpt>
      <trkpt lat="44.91595096886158" lon="6.679360019043088">
        <ele>1402</ele>
        <time>2015-08-02T07:53:31Z</time>
      </trkpt>
      <trkpt lat="44.915482001379132" lon="6.679650032892823">
        <ele>1415</ele>
        <time>2015-08-02T07:53:51Z</time>
      </trkpt>
      <trkpt lat="44.915100038051605" lon="6.679469989612699">
        <ele>1419</ele>
        <time>2015-08-02T07:54:11Z</time>
      </trkpt>
      <trkpt lat="44.914905996993184" lon="6.678693993017077">
        <ele>1428</ele>
        <time>2015-08-02T07:54:31Z</time>
      </trkpt>
      <trkpt lat="44.914586981758475" lon="6.6782489977777">
        <ele>1426</ele>
        <time>2015-08-02T07:54:51Z</time>
      </trkpt>
      <trkpt lat="44.914462007582188" lon="6.677876003086567">
        <ele>1426</ele>
        <time>2015-08-02T07:55:11Z</time>
      </trkpt>
      <trkpt lat="44.914100999012589" lon="6.677309973165393">
        <ele>1429</ele>
        <time>2015-08-02T07:55:31Z</time>
      </trkpt>
      <trkpt lat="44.913528012111783" lon="6.677059018984437">
        <ele>1429</ele>
        <time>2015-08-02T07:55:51Z</time>
      </trkpt>
      <trkpt lat="44.913121992722154" lon="6.677139988169074">
        <ele>1433</ele>
        <time>2015-08-02T07:56:11Z</time>
      </trkpt>
      <trkpt lat="44.912335015833378" lon="6.677178964018822">
        <ele>1439</ele>
        <time>2015-08-02T07:56:31Z</time>
      </trkpt>
      <trkpt lat="44.912022035568953" lon="6.677364036440849">
        <ele>1444</ele>
        <time>2015-08-02T07:56:51Z</time>
      </trkpt>
      <trkpt lat="44.911688016727567" lon="6.676950976252556">
        <ele>1438</ele>
        <time>2015-08-02T07:57:11Z</time>
      </trkpt>
      <trkpt lat="44.911300018429756" lon="6.67661402374506">
        <ele>1444</ele>
        <time>2015-08-02T07:57:31Z</time>
      </trkpt>
      <trkpt lat="44.910888969898224" lon="6.675645997747779">
        <ele>1432</ele>
        <time>2015-08-02T07:57:51Z</time>
      </trkpt>
      <trkpt lat="44.91019100882113" lon="6.674860026687384">
        <ele>1444</ele>
        <time>2015-08-02T07:58:11Z</time>
      </trkpt>
      <trkpt lat="44.909923039376736" lon="6.674480997025967">
        <ele>1466</ele>
        <time>2015-08-02T07:58:31Z</time>
      </trkpt>
      <trkpt lat="44.909538980573416" lon="6.673528980463743">
        <ele>1445</ele>
        <time>2015-08-02T07:58:51Z</time>
      </trkpt>
      <trkpt lat="44.909037994220853" lon="6.673183981329203">
        <ele>1454</ele>
        <time>2015-08-02T07:59:11Z</time>
      </trkpt>
      <trkpt lat="44.908727025613189" lon="6.67274602688849">
        <ele>1454</ele>
        <time>2015-08-02T07:59:31Z</time>
      </trkpt>
      <trkpt lat="44.908336009830236" lon="6.672408990561962">
        <ele>1452</ele>
        <time>2015-08-02T07:59:51Z</time>
      </trkpt>
      <trkpt lat="44.908171975985169" lon="6.672050999477506">
        <ele>1468</ele>
        <time>2015-08-02T08:00:11Z</time>
      </trkpt>
      <trkpt lat="44.908111961558461" lon="6.670923968777061">
        <ele>1450</ele>
        <time>2015-08-02T08:00:31Z</time>
      </trkpt>
      <trkpt lat="44.907584991306067" lon="6.670134980231524">
        <ele>1443</ele>
        <time>2015-08-02T08:00:51Z</time>
      </trkpt>
      <trkpt lat="44.90737896412611" lon="6.670049987733364">
        <ele>1452</ele>
        <time>2015-08-02T08:01:11Z</time>
      </trkpt>
      <trkpt lat="44.907210990786552" lon="6.669819988310337">
        <ele>1446</ele>
        <time>2015-08-02T08:01:31Z</time>
      </trkpt>
      <trkpt lat="44.906730959191918" lon="6.669480018317699">
        <ele>1447</ele>
        <time>2015-08-02T08:01:51Z</time>
      </trkpt>
      <trkpt lat="44.906519986689091" lon="6.669134013354778">
        <ele>1448</ele>
        <time>2015-08-02T08:02:11Z</time>
      </trkpt>
      <trkpt lat="44.906707992777228" lon="6.668602013960481">
        <ele>1430</ele>
        <time>2015-08-02T08:02:31Z</time>
      </trkpt>
      <trkpt lat="44.90647497586906" lon="6.66832197457552">
        <ele>1429</ele>
        <time>2015-08-02T08:02:51Z</time>
      </trkpt>
      <trkpt lat="44.906425019726157" lon="6.667678998783231">
        <ele>1421</ele>
        <time>2015-08-02T08:03:11Z</time>
      </trkpt>
      <trkpt lat="44.906247993931174" lon="6.667436007410288">
        <ele>1405</ele>
        <time>2015-08-02T08:03:31Z</time>
      </trkpt>
      <trkpt lat="44.906069962307811" lon="6.66729100048542">
        <ele>1406</ele>
        <time>2015-08-02T08:03:51Z</time>
      </trkpt>
      <trkpt lat="44.906166018918157" lon="6.667179018259049">
        <ele>1403</ele>
        <time>2015-08-02T08:04:11Z</time>
      </trkpt>
      <trkpt lat="44.906368022784591" lon="6.667125038802624">
        <ele>1400</ele>
        <time>2015-08-02T08:04:31Z</time>
      </trkpt>
      <trkpt lat="44.906169036403298" lon="6.666739974170923">
        <ele>1397</ele>
        <time>2015-08-02T08:04:51Z</time>
      </trkpt>
      <trkpt lat="44.905772991478443" lon="6.666486002504826">
        <ele>1392</ele>
        <time>2015-08-02T08:05:11Z</time>
      </trkpt>
      <trkpt lat="44.905102020129561" lon="6.665611015632749">
        <ele>1380</ele>
        <time>2015-08-02T08:05:31Z</time>
      </trkpt>
      <trkpt lat="44.905018033459783" lon="6.665202984586358">
        <ele>1376</ele>
        <time>2015-08-02T08:05:51Z</time>
      </trkpt>
      <trkpt lat="44.904858022928238" lon="6.664772992953658">
        <ele>1367</ele>
        <time>2015-08-02T08:06:11Z</time>
      </trkpt>
      <trkpt lat="44.904666999354959" lon="6.664668973535299">
        <ele>1365</ele>
        <time>2015-08-02T08:06:31Z</time>
      </trkpt>
      <trkpt lat="44.904449991881847" lon="6.664419025182724">
        <ele>1362</ele>
        <time>2015-08-02T08:06:51Z</time>
      </trkpt>
      <trkpt lat="44.90406802855432" lon="6.664410978555679">
        <ele>1358</ele>
        <time>2015-08-02T08:07:11Z</time>
      </trkpt>
      <trkpt lat="44.903710037469864" lon="6.664219032973051">
        <ele>1356</ele>
        <time>2015-08-02T08:07:31Z</time>
      </trkpt>
      <trkpt lat="44.903365960344672" lon="6.664465041831136">
        <ele>1357</ele>
        <time>2015-08-02T08:07:51Z</time>
      </trkpt>
      <trkpt lat="44.903196981176734" lon="6.66443201713264">
        <ele>1359</ele>
        <time>2015-08-02T08:08:11Z</time>
      </trkpt>
      <trkpt lat="44.903073012828827" lon="6.664140997454524">
        <ele>1347</ele>
        <time>2015-08-02T08:08:31Z</time>
      </trkpt>
      <trkpt lat="44.902975028380752" lon="6.663550995290279">
        <ele>1343</ele>
        <time>2015-08-02T08:08:51Z</time>
      </trkpt>
      <trkpt lat="44.902808982878923" lon="6.662959987297654">
        <ele>1336</ele>
        <time>2015-08-02T08:09:11Z</time>
      </trkpt>
      <trkpt lat="44.902854999527335" lon="6.662285998463631">
        <ele>1327</ele>
        <time>2015-08-02T08:09:31Z</time>
      </trkpt>
      <trkpt lat="44.90271401591599" lon="6.661802027374506">
        <ele>1325</ele>
        <time>2015-08-02T08:09:51Z</time>
      </trkpt>
      <trkpt lat="44.902604967355728" lon="6.661069029942155">
        <ele>1315</ele>
        <time>2015-08-02T08:10:11Z</time>
      </trkpt>
      <trkpt lat="44.902508994564414" lon="6.660676002502441">
        <ele>1311</ele>
        <time>2015-08-02T08:10:31Z</time>
      </trkpt>
      <trkpt lat="44.902465995401144" lon="6.660153977572918">
        <ele>1313</ele>
        <time>2015-08-02T08:10:51Z</time>
      </trkpt>
      <trkpt lat="44.902404975146055" lon="6.659948034211993">
        <ele>1309</ele>
        <time>2015-08-02T08:11:11Z</time>
      </trkpt>
      <trkpt lat="44.902268014848232" lon="6.659690961241722">
        <ele>1308</ele>
        <time>2015-08-02T08:11:31Z</time>
      </trkpt>
      <trkpt lat="44.902259968221188" lon="6.659343028441072">
        <ele>1306</ele>
        <time>2015-08-02T08:11:51Z</time>
      </trkpt>
      <trkpt lat="44.902034997940063" lon="6.659161979332566">
        <ele>1299</ele>
        <time>2015-08-02T08:12:11Z</time>
      </trkpt>
      <trkpt lat="44.902080008760095" lon="6.65891001932323">
        <ele>1297</ele>
        <time>2015-08-02T08:12:31Z</time>
      </trkpt>
      <trkpt lat="44.901633001863956" lon="6.658193031325936">
        <ele>1299</ele>
        <time>2015-08-02T08:12:51Z</time>
      </trkpt>
      <trkpt lat="44.901499981060624" lon="6.657840991392732">
        <ele>1299</ele>
        <time>2015-08-02T08:13:11Z</time>
      </trkpt>
      <trkpt lat="44.901298983022571" lon="6.657481994479895">
        <ele>1296</ele>
        <time>2015-08-02T08:13:31Z</time>
      </trkpt>
      <trkpt lat="44.901440972462296" lon="6.656172992661595">
        <ele>1290</ele>
        <time>2015-08-02T08:13:51Z</time>
      </trkpt>
      <trkpt lat="44.901462011039257" lon="6.655003968626261">
        <ele>1285</ele>
        <time>2015-08-02T08:14:11Z</time>
      </trkpt>
      <trkpt lat="44.901255983859301" lon="6.65448303334415">
        <ele>1287</ele>
        <time>2015-08-02T08:14:31Z</time>
      </trkpt>
      <trkpt lat="44.901370983570814" lon="6.653852965682745">
        <ele>1281</ele>
        <time>2015-08-02T08:14:51Z</time>
      </trkpt>
      <trkpt lat="44.901223964989185" lon="6.653638975694776">
        <ele>1282</ele>
        <time>2015-08-02T08:15:11Z</time>
      </trkpt>
      <trkpt lat="44.901032019406557" lon="6.653156010434032">
        <ele>1278</ele>
        <time>2015-08-02T08:15:31Z</time>
      </trkpt>
      <trkpt lat="44.900776036083698" lon="6.652888962998986">
        <ele>1292</ele>
        <time>2015-08-02T08:15:51Z</time>
      </trkpt>
      <trkpt lat="44.900917019695044" lon="6.652556033805013">
        <ele>1277</ele>
        <time>2015-08-02T08:16:11Z</time>
      </trkpt>
      <trkpt lat="44.900363981723785" lon="6.651801997795701">
        <ele>1294</ele>
        <time>2015-08-02T08:16:31Z</time>
      </trkpt>
      <trkpt lat="44.900440005585551" lon="6.651530005037785">
        <ele>1289</ele>
        <time>2015-08-02T08:16:51Z</time>
      </trkpt>
      <trkpt lat="44.900009008124471" lon="6.650518979877234">
        <ele>1296</ele>
        <time>2015-08-02T08:17:11Z</time>
      </trkpt>
      <trkpt lat="44.899895014241338" lon="6.649845996871591">
        <ele>1312</ele>
        <time>2015-08-02T08:17:31Z</time>
      </trkpt>
      <trkpt lat="44.89957801066339" lon="6.649620020762086">
        <ele>1315</ele>
        <time>2015-08-02T08:17:51Z</time>
      </trkpt>
      <trkpt lat="44.89957801066339" lon="6.649409970268607">
        <ele>1313</ele>
        <time>2015-08-02T08:18:11Z</time>
      </trkpt>
      <trkpt lat="44.899193029850721" lon="6.649158010259271">
        <ele>1316</ele>
        <time>2015-08-02T08:18:31Z</time>
      </trkpt>
      <trkpt lat="44.898990020155907" lon="6.649331012740731">
        <ele>1333</ele>
        <time>2015-08-02T08:18:51Z</time>
      </trkpt>
      <trkpt lat="44.898891029879451" lon="6.648910995572805">
        <ele>1314</ele>
        <time>2015-08-02T08:19:11Z</time>
      </trkpt>
      <trkpt lat="44.8984619602561" lon="6.648467006161809">
        <ele>1312</ele>
        <time>2015-08-02T08:19:31Z</time>
      </trkpt>
      <trkpt lat="44.898240007460117" lon="6.648148996755481">
        <ele>1301</ele>
        <time>2015-08-02T08:19:51Z</time>
      </trkpt>
      <trkpt lat="44.897911017760634" lon="6.647829981520772">
        <ele>1291</ele>
        <time>2015-08-02T08:20:11Z</time>
      </trkpt>
      <trkpt lat="44.89803297445178" lon="6.64775999262929">
        <ele>1289</ele>
        <time>2015-08-02T08:20:31Z</time>
      </trkpt>
      <trkpt lat="44.898337991908193" lon="6.647930983453989">
        <ele>1287</ele>
        <time>2015-08-02T08:20:51Z</time>
      </trkpt>
      <trkpt lat="44.898681985214353" lon="6.647629989311099">
        <ele>1280</ele>
        <time>2015-08-02T08:21:11Z</time>
      </trkpt>
      <trkpt lat="44.898910978808999" lon="6.647069994360209">
        <ele>1295</ele>
        <time>2015-08-02T08:21:31Z</time>
      </trkpt>
      <trkpt lat="44.898741999641061" lon="6.646662969142199">
        <ele>1323</ele>
        <time>2015-08-02T08:21:51Z</time>
      </trkpt>
      <trkpt lat="44.89837596192956" lon="6.646360969170928">
        <ele>1319</ele>
        <time>2015-08-02T08:22:11Z</time>
      </trkpt>
      <trkpt lat="44.898165995255113" lon="6.646069027483463">
        <ele>1298</ele>
        <time>2015-08-02T08:22:31Z</time>
      </trkpt>
      <trkpt lat="44.897968014702201" lon="6.646076990291476">
        <ele>1289</ele>
        <time>2015-08-02T08:22:51Z</time>
      </trkpt>
      <trkpt lat="44.8978609777987" lon="6.645985040813685">
        <ele>1285</ele>
        <time>2015-08-02T08:23:11Z</time>
      </trkpt>
      <trkpt lat="44.897915041074157" lon="6.645814971998334">
        <ele>1297</ele>
        <time>2015-08-02T08:23:31Z</time>
      </trkpt>
      <trkpt lat="44.898162977769971" lon="6.645885966718197">
        <ele>1305</ele>
        <time>2015-08-02T08:23:51Z</time>
      </trkpt>
      <trkpt lat="44.897865001112223" lon="6.64552696980536">
        <ele>1296</ele>
        <time>2015-08-02T08:24:11Z</time>
      </trkpt>
      <trkpt lat="44.897719994187355" lon="6.645467961207032">
        <ele>1292</ele>
        <time>2015-08-02T08:24:31Z</time>
      </trkpt>
      <trkpt lat="44.897806998342276" lon="6.645190017297864">
        <ele>1296</ele>
        <time>2015-08-02T08:24:51Z</time>
      </trkpt>
      <trkpt lat="44.8979870416224" lon="6.644680984318256">
        <ele>1301</ele>
        <time>2015-08-02T08:25:11Z</time>
      </trkpt>
      <trkpt lat="44.898120984435081" lon="6.644407985731959">
        <ele>1304</ele>
        <time>2015-08-02T08:25:31Z</time>
      </trkpt>
      <trkpt lat="44.898058036342263" lon="6.64438602514565">
        <ele>1302</ele>
        <time>2015-08-02T08:25:51Z</time>
      </trkpt>
      <trkpt lat="44.89792300388217" lon="6.644648965448141">
        <ele>1299</ele>
        <time>2015-08-02T08:26:11Z</time>
      </trkpt>
      <trkpt lat="44.8977280408144" lon="6.644475040957332">
        <ele>1292</ele>
        <time>2015-08-02T08:26:31Z</time>
      </trkpt>
      <trkpt lat="44.897857960313559" lon="6.643912028521299">
        <ele>1289</ele>
        <time>2015-08-02T08:26:51Z</time>
      </trkpt>
      <trkpt lat="44.897980000823736" lon="6.643639029935002">
        <ele>1291</ele>
        <time>2015-08-02T08:27:11Z</time>
      </trkpt>
      <trkpt lat="44.897987963631749" lon="6.642890023067594">
        <ele>1285</ele>
        <time>2015-08-02T08:27:31Z</time>
      </trkpt>
      <trkpt lat="44.898228021338582" lon="6.642435975372791">
        <ele>1291</ele>
        <time>2015-08-02T08:27:51Z</time>
      </trkpt>
      <trkpt lat="44.898474030196667" lon="6.64247302338481">
        <ele>1301</ele>
        <time>2015-08-02T08:28:11Z</time>
      </trkpt>
      <trkpt lat="44.898811988532543" lon="6.642422983422875">
        <ele>1304</ele>
        <time>2015-08-02T08:28:31Z</time>
      </trkpt>
      <trkpt lat="44.898819029331207" lon="6.641800040379167">
        <ele>1297</ele>
        <time>2015-08-02T08:28:51Z</time>
      </trkpt>
      <trkpt lat="44.898967975750566" lon="6.641470966860652">
        <ele>1288</ele>
        <time>2015-08-02T08:29:11Z</time>
      </trkpt>
      <trkpt lat="44.898877032101154" lon="6.641221018508077">
        <ele>1285</ele>
        <time>2015-08-02T08:29:31Z</time>
      </trkpt>
      <trkpt lat="44.898728001862764" lon="6.64118598215282">
        <ele>1284</ele>
        <time>2015-08-02T08:29:51Z</time>
      </trkpt>
      <trkpt lat="44.898493979126215" lon="6.640797983855009">
        <ele>1278</ele>
        <time>2015-08-02T08:30:11Z</time>
      </trkpt>
      <trkpt lat="44.897658973932266" lon="6.640909966081381">
        <ele>1269</ele>
        <time>2015-08-02T08:30:31Z</time>
      </trkpt>
      <trkpt lat="44.897335013374686" lon="6.641105012968183">
        <ele>1253</ele>
        <time>2015-08-02T08:30:51Z</time>
      </trkpt>
      <trkpt lat="44.897127980366349" lon="6.641055978834629">
        <ele>1250</ele>
        <time>2015-08-02T08:31:11Z</time>
      </trkpt>
      <trkpt lat="44.896895969286561" lon="6.640563039109111">
        <ele>1252</ele>
        <time>2015-08-02T08:31:31Z</time>
      </trkpt>
      <trkpt lat="44.896579971536994" lon="6.640140004456043">
        <ele>1242</ele>
        <time>2015-08-02T08:31:51Z</time>
      </trkpt>
      <trkpt lat="44.896259028464556" lon="6.639901036396623">
        <ele>1238</ele>
        <time>2015-08-02T08:32:11Z</time>
      </trkpt>
      <trkpt lat="44.896121984347701" lon="6.639314973726869">
        <ele>1235</ele>
        <time>2015-08-02T08:32:31Z</time>
      </trkpt>
      <trkpt lat="44.895844040438533" lon="6.639355961233378">
        <ele>1231</ele>
        <time>2015-08-02T08:32:51Z</time>
      </trkpt>
      <trkpt lat="44.895782014355063" lon="6.638656994327903">
        <ele>1230</ele>
        <time>2015-08-02T08:33:11Z</time>
      </trkpt>
      <trkpt lat="44.895253032445908" lon="6.637198962271214">
        <ele>1220</ele>
        <time>2015-08-02T08:33:31Z</time>
      </trkpt>
      <trkpt lat="44.895262001082301" lon="6.637109024450183">
        <ele>1219</ele>
        <time>2015-08-02T08:33:51Z</time>
      </trkpt>
      <trkpt lat="44.895156975835562" lon="6.636814987286925">
        <ele>1217</ele>
        <time>2015-08-02T08:34:11Z</time>
      </trkpt>
      <trkpt lat="44.894308978691697" lon="6.637500962242484">
        <ele>1227</ele>
        <time>2015-08-02T08:34:31Z</time>
      </trkpt>
      <trkpt lat="44.893700033426285" lon="6.637704977765679">
        <ele>1230</ele>
        <time>2015-08-02T08:34:51Z</time>
      </trkpt>
      <trkpt lat="44.892973992973566" lon="6.637595007196069">
        <ele>1230</ele>
        <time>2015-08-02T08:35:11Z</time>
      </trkpt>
      <trkpt lat="44.892631005495787" lon="6.637371964752674">
        <ele>1221</ele>
        <time>2015-08-02T08:35:31Z</time>
      </trkpt>
      <trkpt lat="44.892550958320498" lon="6.637213965877891">
        <ele>1219</ele>
        <time>2015-08-02T08:35:51Z</time>
      </trkpt>
      <trkpt lat="44.892075033858418" lon="6.637097038328648">
        <ele>1221</ele>
        <time>2015-08-02T08:36:11Z</time>
      </trkpt>
      <trkpt lat="44.891783008351922" lon="6.636933004483581">
        <ele>1219</ele>
        <time>2015-08-02T08:36:31Z</time>
      </trkpt>
      <trkpt lat="44.891620986163616" lon="6.636757990345359">
        <ele>1218</ele>
        <time>2015-08-02T08:36:51Z</time>
      </trkpt>
      <trkpt lat="44.891225025057793" lon="6.63684600032866">
        <ele>1222</ele>
        <time>2015-08-02T08:37:11Z</time>
      </trkpt>
      <trkpt lat="44.89040301181376" lon="6.636579036712647">
        <ele>1213</ele>
        <time>2015-08-02T08:37:31Z</time>
      </trkpt>
      <trkpt lat="44.88975903019309" lon="6.636037984862924">
        <ele>1212</ele>
        <time>2015-08-02T08:37:51Z</time>
      </trkpt>
      <trkpt lat="44.889361979439855" lon="6.635314039885998">
        <ele>1209</ele>
        <time>2015-08-02T08:38:11Z</time>
      </trkpt>
      <trkpt lat="44.889129968360066" lon="6.634318018332124">
        <ele>1209</ele>
        <time>2015-08-02T08:38:31Z</time>
      </trkpt>
      <trkpt lat="44.88758803345263" lon="6.633674958720803">
        <ele>1216</ele>
        <time>2015-08-02T08:38:51Z</time>
      </trkpt>
      <trkpt lat="44.887054022401571" lon="6.633662972599268">
        <ele>1218</ele>
        <time>2015-08-02T08:39:11Z</time>
      </trkpt>
      <trkpt lat="44.887486025691032" lon="6.634298991411924">
        <ele>1223</ele>
        <time>2015-08-02T08:39:31Z</time>
      </trkpt>
      <trkpt lat="44.887427017092705" lon="6.63465497083962">
        <ele>1224</ele>
        <time>2015-08-02T08:39:51Z</time>
      </trkpt>
      <trkpt lat="44.886786974966526" lon="6.635525012388825">
        <ele>1225</ele>
        <time>2015-08-02T08:40:11Z</time>
      </trkpt>
      <trkpt lat="44.886376010254025" lon="6.63684600032866">
        <ele>1231</ele>
        <time>2015-08-02T08:40:31Z</time>
      </trkpt>
      <trkpt lat="44.886479023844004" lon="6.636985978111625">
        <ele>1231</ele>
        <time>2015-08-02T08:40:51Z</time>
      </trkpt>
      <trkpt lat="44.886229997500777" lon="6.637894995510578">
        <ele>1232</ele>
        <time>2015-08-02T08:41:11Z</time>
      </trkpt>
      <trkpt lat="44.885940989479423" lon="6.638573007658124">
        <ele>1237</ele>
        <time>2015-08-02T08:41:31Z</time>
      </trkpt>
      <trkpt lat="44.885414019227028" lon="6.639011967927218">
        <ele>1234</ele>
        <time>2015-08-02T08:41:51Z</time>
      </trkpt>
      <trkpt lat="44.885124005377293" lon="6.639773966744542">
        <ele>1240</ele>
        <time>2015-08-02T08:42:11Z</time>
      </trkpt>
      <trkpt lat="44.885326009243727" lon="6.640404034405947">
        <ele>1246</ele>
        <time>2015-08-02T08:42:31Z</time>
      </trkpt>
      <trkpt lat="44.885345036163926" lon="6.64103401824832">
        <ele>1246</ele>
        <time>2015-08-02T08:42:51Z</time>
      </trkpt>
      <trkpt lat="44.885489959269762" lon="6.641846979036927">
        <ele>1251</ele>
        <time>2015-08-02T08:43:11Z</time>
      </trkpt>
      <trkpt lat="44.885429022833705" lon="6.642657006159425">
        <ele>1259</ele>
        <time>2015-08-02T08:43:31Z</time>
      </trkpt>
      <trkpt lat="44.885227018967271" lon="6.642916006967425">
        <ele>1258</ele>
        <time>2015-08-02T08:43:51Z</time>
      </trkpt>
      <trkpt lat="44.884681021794677" lon="6.64303201250732">
        <ele>1251</ele>
        <time>2015-08-02T08:44:11Z</time>
      </trkpt>
      <trkpt lat="44.884509025141597" lon="6.643376005813479">
        <ele>1253</ele>
        <time>2015-08-02T08:44:31Z</time>
      </trkpt>
      <trkpt lat="44.884464014321566" lon="6.644510999321938">
        <ele>1261</ele>
        <time>2015-08-02T08:44:51Z</time>
      </trkpt>
      <trkpt lat="44.884276008233428" lon="6.644514016807079">
        <ele>1259</ele>
        <time>2015-08-02T08:45:11Z</time>
      </trkpt>
      <trkpt lat="44.88410803489387" lon="6.644603032618761">
        <ele>1260</ele>
        <time>2015-08-02T08:45:31Z</time>
      </trkpt>
      <trkpt lat="44.884136030450463" lon="6.644906038418412">
        <ele>1257</ele>
        <time>2015-08-02T08:45:51Z</time>
      </trkpt>
      <trkpt lat="44.883933020755649" lon="6.645539961755276">
        <ele>1267</ele>
        <time>2015-08-02T08:46:11Z</time>
      </trkpt>
      <trkpt lat="44.883844004943967" lon="6.646196013316512">
        <ele>1273</ele>
        <time>2015-08-02T08:46:31Z</time>
      </trkpt>
      <trkpt lat="44.883724981918931" lon="6.646651988849044">
        <ele>1275</ele>
        <time>2015-08-02T08:46:51Z</time>
      </trkpt>
      <trkpt lat="44.883712995797396" lon="6.64704903960228">
        <ele>1275</ele>
        <time>2015-08-02T08:47:11Z</time>
      </trkpt>
      <trkpt lat="44.883807962760329" lon="6.647351961582899">
        <ele>1273</ele>
        <time>2015-08-02T08:47:31Z</time>
      </trkpt>
      <trkpt lat="44.883796982467175" lon="6.647692015394568">
        <ele>1274</ele>
        <time>2015-08-02T08:47:51Z</time>
      </trkpt>
      <trkpt lat="44.883467992767692" lon="6.648059980943799">
        <ele>1277</ele>
        <time>2015-08-02T08:48:11Z</time>
      </trkpt>
      <trkpt lat="44.883312005549669" lon="6.64834002032876">
        <ele>1280</ele>
        <time>2015-08-02T08:48:31Z</time>
      </trkpt>
      <trkpt lat="44.883063985034823" lon="6.648556021973491">
        <ele>1291</ele>
        <time>2015-08-02T08:48:51Z</time>
      </trkpt>
      <trkpt lat="44.883110001683235" lon="6.649169996380806">
        <ele>1288</ele>
        <time>2015-08-02T08:49:11Z</time>
      </trkpt>
      <trkpt lat="44.882935993373394" lon="6.649214001372457">
        <ele>1294</ele>
        <time>2015-08-02T08:49:31Z</time>
      </trkpt>
      <trkpt lat="44.882800960913301" lon="6.649172008037567">
        <ele>1298</ele>
        <time>2015-08-02T08:49:51Z</time>
      </trkpt>
      <trkpt lat="44.882682021707296" lon="6.64883497171104">
        <ele>1298</ele>
        <time>2015-08-02T08:50:11Z</time>
      </trkpt>
      <trkpt lat="44.88258495926857" lon="6.648873025551438">
        <ele>1300</ele>
        <time>2015-08-02T08:50:31Z</time>
      </trkpt>
      <trkpt lat="44.88249896094203" lon="6.64922196418047">
        <ele>1313</ele>
        <time>2015-08-02T08:50:51Z</time>
      </trkpt>
      <trkpt lat="44.882377004250884" lon="6.649250965565443">
        <ele>1318</ele>
        <time>2015-08-02T08:51:11Z</time>
      </trkpt>
      <trkpt lat="44.882339034229517" lon="6.649120040237904">
        <ele>1319</ele>
        <time>2015-08-02T08:51:31Z</time>
      </trkpt>
      <trkpt lat="44.882278013974428" lon="6.64838201366365">
        <ele>1323</ele>
        <time>2015-08-02T08:51:51Z</time>
      </trkpt>
      <trkpt lat="44.882044997066259" lon="6.649085003882647">
        <ele>1330</ele>
        <time>2015-08-02T08:52:11Z</time>
      </trkpt>
      <trkpt lat="44.882110962644219" lon="6.649981029331684">
        <ele>1329</ele>
        <time>2015-08-02T08:52:31Z</time>
      </trkpt>
      <trkpt lat="44.882041979581118" lon="6.650414960458875">
        <ele>1335</ele>
        <time>2015-08-02T08:52:51Z</time>
      </trkpt>
      <trkpt lat="44.881899990141392" lon="6.650785021483898">
        <ele>1342</ele>
        <time>2015-08-02T08:53:11Z</time>
      </trkpt>
      <trkpt lat="44.881843999028206" lon="6.651493040844798">
        <ele>1353</ele>
        <time>2015-08-02T08:53:31Z</time>
      </trkpt>
      <trkpt lat="44.88176797516644" lon="6.65177701972425">
        <ele>1365</ele>
        <time>2015-08-02T08:53:51Z</time>
      </trkpt>
      <trkpt lat="44.881546022370458" lon="6.650912007316947">
        <ele>1368</ele>
        <time>2015-08-02T08:54:11Z</time>
      </trkpt>
      <trkpt lat="44.881517020985484" lon="6.650580000132322">
        <ele>1369</ele>
        <time>2015-08-02T08:54:31Z</time>
      </trkpt>
      <trkpt lat="44.881362961605191" lon="6.650151014328003">
        <ele>1372</ele>
        <time>2015-08-02T08:54:51Z</time>
      </trkpt>
      <trkpt lat="44.881354998797178" lon="6.648446973413229">
        <ele>1373</ele>
        <time>2015-08-02T08:55:11Z</time>
      </trkpt>
      <trkpt lat="44.881438985466957" lon="6.648111026734114">
        <ele>1373</ele>
        <time>2015-08-02T08:55:31Z</time>
      </trkpt>
      <trkpt lat="44.88157301209867" lon="6.647796034812927">
        <ele>1373</ele>
        <time>2015-08-02T08:55:51Z</time>
      </trkpt>
      <trkpt lat="44.881492964923382" lon="6.647036969661713">
        <ele>1376</ele>
        <time>2015-08-02T08:56:11Z</time>
      </trkpt>
      <trkpt lat="44.881526995450258" lon="6.646431963890791">
        <ele>1368</ele>
        <time>2015-08-02T08:56:31Z</time>
      </trkpt>
      <trkpt lat="44.880935987457633" lon="6.645038975402713">
        <ele>1353</ele>
        <time>2015-08-02T08:56:51Z</time>
      </trkpt>
      <trkpt lat="44.880657959729433" lon="6.644621975719929">
        <ele>1357</ele>
        <time>2015-08-02T08:57:11Z</time>
      </trkpt>
      <trkpt lat="44.880763990804553" lon="6.644173040986061">
        <ele>1345</ele>
        <time>2015-08-02T08:57:31Z</time>
      </trkpt>
      <trkpt lat="44.880825011059642" lon="6.643546996638179">
        <ele>1338</ele>
        <time>2015-08-02T08:57:51Z</time>
      </trkpt>
      <trkpt lat="44.880565004423261" lon="6.642148979008198">
        <ele>1323</ele>
        <time>2015-08-02T08:58:11Z</time>
      </trkpt>
      <trkpt lat="44.880240960046649" lon="6.641510026529431">
        <ele>1317</ele>
        <time>2015-08-02T08:58:31Z</time>
      </trkpt>
      <trkpt lat="44.879722036421299" lon="6.64073302410543">
        <ele>1311</ele>
        <time>2015-08-02T08:58:51Z</time>
      </trkpt>
      <trkpt lat="44.879631008952856" lon="6.640272019430995">
        <ele>1309</ele>
        <time>2015-08-02T08:59:11Z</time>
      </trkpt>
      <trkpt lat="44.878555024042726" lon="6.638195989653468">
        <ele>1296</ele>
        <time>2015-08-02T08:59:31Z</time>
      </trkpt>
      <trkpt lat="44.877989999949932" lon="6.637592995539308">
        <ele>1294</ele>
        <time>2015-08-02T08:59:51Z</time>
      </trkpt>
      <trkpt lat="44.87736102193594" lon="6.636169999837875">
        <ele>1282</ele>
        <time>2015-08-02T09:00:11Z</time>
      </trkpt>
      <trkpt lat="44.877119958400726" lon="6.635790970176458">
        <ele>1277</ele>
        <time>2015-08-02T09:00:31Z</time>
      </trkpt>
      <trkpt lat="44.877289021387696" lon="6.635092003270984">
        <ele>1273</ele>
        <time>2015-08-02T09:00:51Z</time>
      </trkpt>
      <trkpt lat="44.876369023695588" lon="6.634320029988885">
        <ele>1271</ele>
        <time>2015-08-02T09:01:11Z</time>
      </trkpt>
      <trkpt lat="44.875980019569397" lon="6.634399993345141">
        <ele>1271</ele>
        <time>2015-08-02T09:01:31Z</time>
      </trkpt>
      <trkpt lat="44.875133028253913" lon="6.633727010339499">
        <ele>1266</ele>
        <time>2015-08-02T09:01:51Z</time>
      </trkpt>
      <trkpt lat="44.875083994120359" lon="6.633288972079754">
        <ele>1263</ele>
        <time>2015-08-02T09:02:11Z</time>
      </trkpt>
      <trkpt lat="44.874974023550749" lon="6.633347980678082">
        <ele>1265</ele>
        <time>2015-08-02T09:02:31Z</time>
      </trkpt>
      <trkpt lat="44.874340016394854" lon="6.633909987285733">
        <ele>1267</ele>
        <time>2015-08-02T09:02:51Z</time>
      </trkpt>
      <trkpt lat="44.873379031196237" lon="6.633400032296777">
        <ele>1273</ele>
        <time>2015-08-02T09:03:11Z</time>
      </trkpt>
      <trkpt lat="44.872802020981908" lon="6.63289200514555">
        <ele>1284</ele>
        <time>2015-08-02T09:03:31Z</time>
      </trkpt>
      <trkpt lat="44.872316960245371" lon="6.632639961317182">
        <ele>1296</ele>
        <time>2015-08-02T09:03:51Z</time>
      </trkpt>
      <trkpt lat="44.871574994176626" lon="6.632920000702143">
        <ele>1314</ele>
        <time>2015-08-02T09:04:11Z</time>
      </trkpt>
      <trkpt lat="44.87145597115159" lon="6.63338603451848">
        <ele>1318</ele>
        <time>2015-08-02T09:04:31Z</time>
      </trkpt>
      <trkpt lat="44.871301995590329" lon="6.633736984804273">
        <ele>1322</ele>
        <time>2015-08-02T09:04:51Z</time>
      </trkpt>
      <trkpt lat="44.871169980615377" lon="6.634217016398907">
        <ele>1324</ele>
        <time>2015-08-02T09:05:11Z</time>
      </trkpt>
      <trkpt lat="44.870749963447452" lon="6.635010028257966">
        <ele>1337</ele>
        <time>2015-08-02T09:05:31Z</time>
      </trkpt>
      <trkpt lat="44.870662037283182" lon="6.635739002376795">
        <ele>1338</ele>
        <time>2015-08-02T09:05:51Z</time>
      </trkpt>
      <trkpt lat="44.870376968756318" lon="6.636293968185782">
        <ele>1347</ele>
        <time>2015-08-02T09:06:11Z</time>
      </trkpt>
      <trkpt lat="44.870373029261827" lon="6.637299964204431">
        <ele>1346</ele>
        <time>2015-08-02T09:06:31Z</time>
      </trkpt>
      <trkpt lat="44.870260041207075" lon="6.637321002781391">
        <ele>1349</ele>
        <time>2015-08-02T09:06:51Z</time>
      </trkpt>
      <trkpt lat="44.869987964630127" lon="6.636633016169071">
        <ele>1369</ele>
        <time>2015-08-02T09:07:11Z</time>
      </trkpt>
      <trkpt lat="44.869953012093902" lon="6.635702038183808">
        <ele>1377</ele>
        <time>2015-08-02T09:07:31Z</time>
      </trkpt>
      <trkpt lat="44.869861984625459" lon="6.635779989883304">
        <ele>1378</ele>
        <time>2015-08-02T09:07:51Z</time>
      </trkpt>
      <trkpt lat="44.869728963822126" lon="6.636684983968735">
        <ele>1382</ele>
        <time>2015-08-02T09:08:11Z</time>
      </trkpt>
      <trkpt lat="44.869751008227468" lon="6.637517977505922">
        <ele>1376</ele>
        <time>2015-08-02T09:08:31Z</time>
      </trkpt>
      <trkpt lat="44.869483960792422" lon="6.637531975284219">
        <ele>1387</ele>
        <time>2015-08-02T09:08:51Z</time>
      </trkpt>
      <trkpt lat="44.869278017431498" lon="6.637664996087551">
        <ele>1394</ele>
        <time>2015-08-02T09:09:11Z</time>
      </trkpt>
      <trkpt lat="44.869306012988091" lon="6.637356039136648">
        <ele>1396</ele>
        <time>2015-08-02T09:09:31Z</time>
      </trkpt>
      <trkpt lat="44.869232000783086" lon="6.636552968993783">
        <ele>1405</ele>
        <time>2015-08-02T09:09:51Z</time>
      </trkpt>
      <trkpt lat="44.869043994694948" lon="6.636004960164428">
        <ele>1424</ele>
        <time>2015-08-02T09:10:11Z</time>
      </trkpt>
      <trkpt lat="44.869037959724665" lon="6.635746965184808">
        <ele>1419</ele>
        <time>2015-08-02T09:10:31Z</time>
      </trkpt>
      <trkpt lat="44.868816006928682" lon="6.635629031807184">
        <ele>1425</ele>
        <time>2015-08-02T09:10:51Z</time>
      </trkpt>
      <trkpt lat="44.868620038032532" lon="6.635817037895322">
        <ele>1431</ele>
        <time>2015-08-02T09:11:11Z</time>
      </trkpt>
      <trkpt lat="44.868347961455584" lon="6.635907981544733">
        <ele>1444</ele>
        <time>2015-08-02T09:11:31Z</time>
      </trkpt>
      <trkpt lat="44.868552982807159" lon="6.636061035096645">
        <ele>1437</ele>
        <time>2015-08-02T09:11:51Z</time>
      </trkpt>
      <trkpt lat="44.868585001677275" lon="6.636305032297969">
        <ele>1437</ele>
        <time>2015-08-02T09:12:11Z</time>
      </trkpt>
      <trkpt lat="44.868378974497318" lon="6.636548023670912">
        <ele>1449</ele>
        <time>2015-08-02T09:12:31Z</time>
      </trkpt>
      <trkpt lat="44.868323989212513" lon="6.636748015880585">
        <ele>1463</ele>
        <time>2015-08-02T09:12:51Z</time>
      </trkpt>
      <trkpt lat="44.86780196428299" lon="6.636790009215474">
        <ele>1475</ele>
        <time>2015-08-02T09:13:11Z</time>
      </trkpt>
      <trkpt lat="44.867794001474977" lon="6.637157974764705">
        <ele>1476</ele>
        <time>2015-08-02T09:13:31Z</time>
      </trkpt>
      <trkpt lat="44.867550004273653" lon="6.636809958145022">
        <ele>1480</ele>
        <time>2015-08-02T09:13:51Z</time>
      </trkpt>
      <trkpt lat="44.86713401041925" lon="6.636890005320311">
        <ele>1498</ele>
        <time>2015-08-02T09:14:11Z</time>
      </trkpt>
      <trkpt lat="44.866897976025939" lon="6.636779028922319">
        <ele>1502</ele>
        <time>2015-08-02T09:14:31Z</time>
      </trkpt>
      <trkpt lat="44.866631012409925" lon="6.636732006445527">
        <ele>1513</ele>
        <time>2015-08-02T09:14:51Z</time>
      </trkpt>
      <trkpt lat="44.866562029346824" lon="6.636577025055885">
        <ele>1515</ele>
        <time>2015-08-02T09:15:11Z</time>
      </trkpt>
      <trkpt lat="44.866498997434974" lon="6.636748015880585">
        <ele>1518</ele>
        <time>2015-08-02T09:15:31Z</time>
      </trkpt>
      <trkpt lat="44.866481982171535" lon="6.637380011379719">
        <ele>1519</ele>
        <time>2015-08-02T09:15:51Z</time>
      </trkpt>
      <trkpt lat="44.86636396497488" lon="6.63753398694098">
        <ele>1528</ele>
        <time>2015-08-02T09:16:11Z</time>
      </trkpt>
      <trkpt lat="44.866301016882062" lon="6.637989962473512">
        <ele>1534</ele>
        <time>2015-08-02T09:16:31Z</time>
      </trkpt>
      <trkpt lat="44.866362037137151" lon="6.638324987143278">
        <ele>1534</ele>
        <time>2015-08-02T09:16:51Z</time>
      </trkpt>
      <trkpt lat="44.866348039358854" lon="6.63869203068316">
        <ele>1542</ele>
        <time>2015-08-02T09:17:11Z</time>
      </trkpt>
      <trkpt lat="44.866172019392252" lon="6.638408973813057">
        <ele>1545</ele>
        <time>2015-08-02T09:17:31Z</time>
      </trkpt>
      <trkpt lat="44.865940008312464" lon="6.638539982959628">
        <ele>1549</ele>
        <time>2015-08-02T09:17:51Z</time>
      </trkpt>
      <trkpt lat="44.865883011370897" lon="6.638965029269457">
        <ele>1553</ele>
        <time>2015-08-02T09:18:11Z</time>
      </trkpt>
      <trkpt lat="44.865773040801287" lon="6.638852963224053">
        <ele>1571</ele>
        <time>2015-08-02T09:18:31Z</time>
      </trkpt>
      <trkpt lat="44.865940008312464" lon="6.639708001166582">
        <ele>1553</ele>
        <time>2015-08-02T09:18:51Z</time>
      </trkpt>
      <trkpt lat="44.865596015006304" lon="6.640164982527494">
        <ele>1577</ele>
        <time>2015-08-02T09:19:11Z</time>
      </trkpt>
      <trkpt lat="44.865317987278104" lon="6.640960006043315">
        <ele>1574</ele>
        <time>2015-08-02T09:19:31Z</time>
      </trkpt>
      <trkpt lat="44.864898975938559" lon="6.641580015420914">
        <ele>1591</ele>
        <time>2015-08-02T09:19:51Z</time>
      </trkpt>
      <trkpt lat="44.864765033125877" lon="6.642184015363455">
        <ele>1585</ele>
        <time>2015-08-02T09:20:11Z</time>
      </trkpt>
      <trkpt lat="44.864186011254787" lon="6.643125973641872">
        <ele>1573</ele>
        <time>2015-08-02T09:20:31Z</time>
      </trkpt>
      <trkpt lat="44.86386900767684" lon="6.643251031637192">
        <ele>1604</ele>
        <time>2015-08-02T09:20:51Z</time>
      </trkpt>
      <trkpt lat="44.863707991316915" lon="6.643719999119639">
        <ele>1585</ele>
        <time>2015-08-02T09:21:11Z</time>
      </trkpt>
      <trkpt lat="44.863391993567348" lon="6.644019987434149">
        <ele>1587</ele>
        <time>2015-08-02T09:21:31Z</time>
      </trkpt>
      <trkpt lat="44.8631820268929" lon="6.644120989367366">
        <ele>1607</ele>
        <time>2015-08-02T09:21:51Z</time>
      </trkpt>
      <trkpt lat="44.862868962809443" lon="6.644660029560328">
        <ele>1602</ele>
        <time>2015-08-02T09:22:11Z</time>
      </trkpt>
      <trkpt lat="44.862850019708276" lon="6.645090021193028">
        <ele>1589</ele>
        <time>2015-08-02T09:22:31Z</time>
      </trkpt>
      <trkpt lat="44.862484987825155" lon="6.645845985040069">
        <ele>1600</ele>
        <time>2015-08-02T09:22:51Z</time>
      </trkpt>
      <trkpt lat="44.861900014802814" lon="6.646617958322167">
        <ele>1612</ele>
        <time>2015-08-02T09:23:11Z</time>
      </trkpt>
      <trkpt lat="44.861331973224878" lon="6.64705197326839">
        <ele>1615</ele>
        <time>2015-08-02T09:23:31Z</time>
      </trkpt>
      <trkpt lat="44.860956966876984" lon="6.647103019058704">
        <ele>1620</ele>
        <time>2015-08-02T09:23:51Z</time>
      </trkpt>
      <trkpt lat="44.860654966905713" lon="6.647375011816621">
        <ele>1631</ele>
        <time>2015-08-02T09:24:11Z</time>
      </trkpt>
      <trkpt lat="44.86045103520155" lon="6.647926038131118">
        <ele>1617</ele>
        <time>2015-08-02T09:24:31Z</time>
      </trkpt>
      <trkpt lat="44.860064964741468" lon="6.648000972345471">
        <ele>1622</ele>
        <time>2015-08-02T09:24:51Z</time>
      </trkpt>
      <trkpt lat="44.859634973108768" lon="6.648486033082008">
        <ele>1633</ele>
        <time>2015-08-02T09:25:11Z</time>
      </trkpt>
      <trkpt lat="44.859534977003932" lon="6.649151975288987">
        <ele>1628</ele>
        <time>2015-08-02T09:25:31Z</time>
      </trkpt>
      <trkpt lat="44.859081013128161" lon="6.649381974712014">
        <ele>1635</ele>
        <time>2015-08-02T09:25:51Z</time>
      </trkpt>
      <trkpt lat="44.858681028708816" lon="6.649260018020868">
        <ele>1641</ele>
        <time>2015-08-02T09:26:11Z</time>
      </trkpt>
      <trkpt lat="44.858490005135536" lon="6.649452969431877">
        <ele>1642</ele>
        <time>2015-08-02T09:26:31Z</time>
      </trkpt>
      <trkpt lat="44.858235027641058" lon="6.650012964382768">
        <ele>1641</ele>
        <time>2015-08-02T09:26:51Z</time>
      </trkpt>
      <trkpt lat="44.858123967424035" lon="6.650562984868884">
        <ele>1641</ele>
        <time>2015-08-02T09:27:11Z</time>
      </trkpt>
      <trkpt lat="44.857734041288495" lon="6.650885017588735">
        <ele>1635</ele>
        <time>2015-08-02T09:27:31Z</time>
      </trkpt>
      <trkpt lat="44.857250992208719" lon="6.651017032563686">
        <ele>1651</ele>
        <time>2015-08-02T09:27:51Z</time>
      </trkpt>
      <trkpt lat="44.857105985283852" lon="6.651512989774346">
        <ele>1646</ele>
        <time>2015-08-02T09:28:11Z</time>
      </trkpt>
      <trkpt lat="44.856829969212413" lon="6.651708036661148">
        <ele>1636</ele>
        <time>2015-08-02T09:28:31Z</time>
      </trkpt>
      <trkpt lat="44.856356978416443" lon="6.651656990870833">
        <ele>1666</ele>
        <time>2015-08-02T09:28:51Z</time>
      </trkpt>
      <trkpt lat="44.85579002648592" lon="6.652285968884826">
        <ele>1658</ele>
        <time>2015-08-02T09:29:11Z</time>
      </trkpt>
      <trkpt lat="44.855504035949707" lon="6.652369033545256">
        <ele>1662</ele>
        <time>2015-08-02T09:29:31Z</time>
      </trkpt>
      <trkpt lat="44.854770032688975" lon="6.652816962450743">
        <ele>1657</ele>
        <time>2015-08-02T09:29:51Z</time>
      </trkpt>
      <trkpt lat="44.854267034679651" lon="6.652777986600995">
        <ele>1664</ele>
        <time>2015-08-02T09:30:11Z</time>
      </trkpt>
      <trkpt lat="44.853847017511725" lon="6.653430014848709">
        <ele>1652</ele>
        <time>2015-08-02T09:30:31Z</time>
      </trkpt>
      <trkpt lat="44.853477040305734" lon="6.653681974858046">
        <ele>1654</ele>
        <time>2015-08-02T09:30:51Z</time>
      </trkpt>
      <trkpt lat="44.853069009259343" lon="6.653633024543524">
        <ele>1671</ele>
        <time>2015-08-02T09:31:11Z</time>
      </trkpt>
      <trkpt lat="44.852790981531143" lon="6.653828993439674">
        <ele>1671</ele>
        <time>2015-08-02T09:31:31Z</time>
      </trkpt>
      <trkpt lat="44.852703977376223" lon="6.65435696952045">
        <ele>1656</ele>
        <time>2015-08-02T09:31:51Z</time>
      </trkpt>
      <trkpt lat="44.852371970191598" lon="6.654901960864663">
        <ele>1657</ele>
        <time>2015-08-02T09:32:11Z</time>
      </trkpt>
      <trkpt lat="44.851952036842704" lon="6.655032970011234">
        <ele>1664</ele>
        <time>2015-08-02T09:32:31Z</time>
      </trkpt>
      <trkpt lat="44.851273018866777" lon="6.654786039143801">
        <ele>1670</ele>
        <time>2015-08-02T09:32:51Z</time>
      </trkpt>
      <trkpt lat="44.849823033437133" lon="6.655561029911041">
        <ele>1683</ele>
        <time>2015-08-02T09:33:11Z</time>
      </trkpt>
      <trkpt lat="44.849143009632826" lon="6.656486978754401">
        <ele>1685</ele>
        <time>2015-08-02T09:33:31Z</time>
      </trkpt>
      <trkpt lat="44.848718969151378" lon="6.656885035336018">
        <ele>1688</ele>
        <time>2015-08-02T09:33:51Z</time>
      </trkpt>
      <trkpt lat="44.847954036667943" lon="6.657056026160717">
        <ele>1692</ele>
        <time>2015-08-02T09:34:11Z</time>
      </trkpt>
      <trkpt lat="44.847465036436915" lon="6.657358026131988">
        <ele>1698</ele>
        <time>2015-08-02T09:34:31Z</time>
      </trkpt>
      <trkpt lat="44.846718041226268" lon="6.657469002529979">
        <ele>1706</ele>
        <time>2015-08-02T09:34:51Z</time>
      </trkpt>
      <trkpt lat="44.845653958618641" lon="6.65873902849853">
        <ele>1720</ele>
        <time>2015-08-02T09:35:11Z</time>
      </trkpt>
      <trkpt lat="44.845111984759569" lon="6.658899961039424">
        <ele>1719</ele>
        <time>2015-08-02T09:35:31Z</time>
      </trkpt>
      <trkpt lat="44.844950968399644" lon="6.659267004579306">
        <ele>1718</ele>
        <time>2015-08-02T09:35:51Z</time>
      </trkpt>
      <trkpt lat="44.843799965456128" lon="6.660078959539533">
        <ele>1729</ele>
        <time>2015-08-02T09:36:11Z</time>
      </trkpt>
      <trkpt lat="44.843253968283534" lon="6.660289010033011">
        <ele>1730</ele>
        <time>2015-08-02T09:36:31Z</time>
      </trkpt>
      <trkpt lat="44.842747030779719" lon="6.660038977861404">
        <ele>1732</ele>
        <time>2015-08-02T09:36:51Z</time>
      </trkpt>
      <trkpt lat="44.842337993904948" lon="6.660030009225011">
        <ele>1735</ele>
        <time>2015-08-02T09:37:11Z</time>
      </trkpt>
      <trkpt lat="44.8416100256145" lon="6.660150038078427">
        <ele>1741</ele>
        <time>2015-08-02T09:37:31Z</time>
      </trkpt>
      <trkpt lat="44.841849999502301" lon="6.660710033029318">
        <ele>1737</ele>
        <time>2015-08-02T09:37:51Z</time>
      </trkpt>
      <trkpt lat="44.841628968715668" lon="6.661087973043323">
        <ele>1744</ele>
        <time>2015-08-02T09:38:11Z</time>
      </trkpt>
      <trkpt lat="44.841537019237876" lon="6.661728015169501">
        <ele>1752</ele>
        <time>2015-08-02T09:38:31Z</time>
      </trkpt>
      <trkpt lat="44.841401986777782" lon="6.66204602457583">
        <ele>1759</ele>
        <time>2015-08-02T09:38:51Z</time>
      </trkpt>
      <trkpt lat="44.841365022584796" lon="6.6622409876436">
        <ele>1762</ele>
        <time>2015-08-02T09:39:11Z</time>
      </trkpt>
      <trkpt lat="44.841025974601507" lon="6.662862002849579">
        <ele>1777</ele>
        <time>2015-08-02T09:39:31Z</time>
      </trkpt>
      <trkpt lat="44.840968977659941" lon="6.66338000446558">
        <ele>1786</ele>
        <time>2015-08-02T09:39:51Z</time>
      </trkpt>
      <trkpt lat="44.840736966580153" lon="6.66395902633667">
        <ele>1801</ele>
        <time>2015-08-02T09:40:11Z</time>
      </trkpt>
      <trkpt lat="44.840651974081993" lon="6.664473004639149">
        <ele>1811</ele>
        <time>2015-08-02T09:40:31Z</time>
      </trkpt>
      <trkpt lat="44.840420968830585" lon="6.664901990443468">
        <ele>1818</ele>
        <time>2015-08-02T09:40:51Z</time>
      </trkpt>
      <trkpt lat="44.840289037674665" lon="6.665342962369323">
        <ele>1827</ele>
        <time>2015-08-02T09:41:11Z</time>
      </trkpt>
      <trkpt lat="44.839973039925098" lon="6.665763985365629">
        <ele>1837</ele>
        <time>2015-08-02T09:41:31Z</time>
      </trkpt>
      <trkpt lat="44.839626029133797" lon="6.666724970564246">
        <ele>1855</ele>
        <time>2015-08-02T09:41:51Z</time>
      </trkpt>
      <trkpt lat="44.839264014735818" lon="6.667151022702456">
        <ele>1859</ele>
        <time>2015-08-02T09:42:11Z</time>
      </trkpt>
      <trkpt lat="44.838855983689427" lon="6.667877985164523">
        <ele>1878</ele>
        <time>2015-08-02T09:42:31Z</time>
      </trkpt>
      <trkpt lat="44.838637970387936" lon="6.668015029281378">
        <ele>1882</ele>
        <time>2015-08-02T09:42:51Z</time>
      </trkpt>
      <trkpt lat="44.838450970128179" lon="6.66827998124063">
        <ele>1886</ele>
        <time>2015-08-02T09:43:11Z</time>
      </trkpt>
      <trkpt lat="44.838145030662417" lon="6.668547028675675">
        <ele>1899</ele>
        <time>2015-08-02T09:43:31Z</time>
      </trkpt>
      <trkpt lat="44.837991977110505" lon="6.668822038918734">
        <ele>1901</ele>
        <time>2015-08-02T09:43:51Z</time>
      </trkpt>
      <trkpt lat="44.83787203207612" lon="6.66887803003192">
        <ele>1903</ele>
        <time>2015-08-02T09:44:11Z</time>
      </trkpt>
      <trkpt lat="44.83770196326077" lon="6.66928899474442">
        <ele>1906</ele>
        <time>2015-08-02T09:44:31Z</time>
      </trkpt>
      <trkpt lat="44.837299967184663" lon="6.669628964737058">
        <ele>1924</ele>
        <time>2015-08-02T09:44:51Z</time>
      </trkpt>
      <trkpt lat="44.836987992748618" lon="6.669707000255585">
        <ele>1931</ele>
        <time>2015-08-02T09:45:11Z</time>
      </trkpt>
      <trkpt lat="44.836113005876541" lon="6.670203041285276">
        <ele>1961</ele>
        <time>2015-08-02T09:45:31Z</time>
      </trkpt>
      <trkpt lat="44.835915025323629" lon="6.670896979048848">
        <ele>1964</ele>
        <time>2015-08-02T09:45:51Z</time>
      </trkpt>
      <trkpt lat="44.835525015369058" lon="6.671267040073872">
        <ele>1974</ele>
        <time>2015-08-02T09:46:11Z</time>
      </trkpt>
      <trkpt lat="44.835233995690942" lon="6.671380028128624">
        <ele>1977</ele>
        <time>2015-08-02T09:46:31Z</time>
      </trkpt>
      <trkpt lat="44.834621027112007" lon="6.671948991715908">
        <ele>1987</ele>
        <time>2015-08-02T09:46:51Z</time>
      </trkpt>
      <trkpt lat="44.834203021600842" lon="6.671989979222417">
        <ele>1989</ele>
        <time>2015-08-02T09:47:11Z</time>
      </trkpt>
      <trkpt lat="44.833541018888354" lon="6.672181002795696">
        <ele>1998</ele>
        <time>2015-08-02T09:47:31Z</time>
      </trkpt>
      <trkpt lat="44.833256034180522" lon="6.672130962833762">
        <ele>2011</ele>
        <time>2015-08-02T09:47:51Z</time>
      </trkpt>
      <trkpt lat="44.83248196542263" lon="6.67266103439033">
        <ele>2017</ele>
        <time>2015-08-02T09:48:11Z</time>
      </trkpt>
      <trkpt lat="44.831587029621005" lon="6.673255981877446">
        <ele>2031</ele>
        <time>2015-08-02T09:48:31Z</time>
      </trkpt>
      <trkpt lat="44.830900970846415" lon="6.673738025128841">
        <ele>2036</ele>
        <time>2015-08-02T09:48:51Z</time>
      </trkpt>
      <trkpt lat="44.830306023359299" lon="6.674218978732824">
        <ele>2051</ele>
        <time>2015-08-02T09:49:11Z</time>
      </trkpt>
      <trkpt lat="44.829806964844465" lon="6.674371026456356">
        <ele>2065</ele>
        <time>2015-08-02T09:49:31Z</time>
      </trkpt>
      <trkpt lat="44.829544024541974" lon="6.674624998122454">
        <ele>2068</ele>
        <time>2015-08-02T09:49:51Z</time>
      </trkpt>
      <trkpt lat="44.829288963228464" lon="6.675008973106742">
        <ele>2070</ele>
        <time>2015-08-02T09:50:11Z</time>
      </trkpt>
      <trkpt lat="44.828529981896281" lon="6.675451034680009">
        <ele>2083</ele>
        <time>2015-08-02T09:50:31Z</time>
      </trkpt>
      <trkpt lat="44.827801007777452" lon="6.675829980522394">
        <ele>2102</ele>
        <time>2015-08-02T09:50:51Z</time>
      </trkpt>
      <trkpt lat="44.827567990869284" lon="6.676140027120709">
        <ele>2101</ele>
        <time>2015-08-02T09:51:11Z</time>
      </trkpt>
      <trkpt lat="44.82798800803721" lon="6.676697004586458">
        <ele>2105</ele>
        <time>2015-08-02T09:51:31Z</time>
      </trkpt>
      <trkpt lat="44.828148018568754" lon="6.676991963759065">
        <ele>2106</ele>
        <time>2015-08-02T09:51:51Z</time>
      </trkpt>
      <trkpt lat="44.828353961929679" lon="6.677158009260893">
        <ele>2105</ele>
        <time>2015-08-02T09:52:11Z</time>
      </trkpt>
      <trkpt lat="44.828255977481604" lon="6.677308967337012">
        <ele>2109</ele>
        <time>2015-08-02T09:52:31Z</time>
      </trkpt>
      <trkpt lat="44.827548963949084" lon="6.677508037537336">
        <ele>2117</ele>
        <time>2015-08-02T09:52:51Z</time>
      </trkpt>
      <trkpt lat="44.826718987897038" lon="6.677955966442823">
        <ele>2127</ele>
        <time>2015-08-02T09:53:11Z</time>
      </trkpt>
      <trkpt lat="44.825951037928462" lon="6.678189989179373">
        <ele>2133</ele>
        <time>2015-08-02T09:53:31Z</time>
      </trkpt>
      <trkpt lat="44.825645014643669" lon="6.678080018609762">
        <ele>2138</ele>
        <time>2015-08-02T09:53:51Z</time>
      </trkpt>
      <trkpt lat="44.825538983568549" lon="6.678481008857489">
        <ele>2144</ele>
        <time>2015-08-02T09:54:11Z</time>
      </trkpt>
      <trkpt lat="44.825329016894102" lon="6.678510010242462">
        <ele>2145</ele>
        <time>2015-08-02T09:54:31Z</time>
      </trkpt>
      <trkpt lat="44.825157020241022" lon="6.67822795920074">
        <ele>2142</ele>
        <time>2015-08-02T09:54:51Z</time>
      </trkpt>
      <trkpt lat="44.825022993609309" lon="6.678236005827785">
        <ele>2143</ele>
        <time>2015-08-02T09:55:11Z</time>
      </trkpt>
      <trkpt lat="44.824862983077765" lon="6.678700027987361">
        <ele>2153</ele>
        <time>2015-08-02T09:55:31Z</time>
      </trkpt>
      <trkpt lat="44.824585039168596" lon="6.67848402634263">
        <ele>2154</ele>
        <time>2015-08-02T09:55:51Z</time>
      </trkpt>
      <trkpt lat="44.824419999495149" lon="6.678461981937289">
        <ele>2155</ele>
        <time>2015-08-02T09:56:11Z</time>
      </trkpt>
      <trkpt lat="44.824211038649082" lon="6.678780997171998">
        <ele>2158</ele>
        <time>2015-08-02T09:56:31Z</time>
      </trkpt>
      <trkpt lat="44.824024038389325" lon="6.678489977493882">
        <ele>2160</ele>
        <time>2015-08-02T09:56:51Z</time>
      </trkpt>
      <trkpt lat="44.823894035071135" lon="6.678525013849139">
        <ele>2162</ele>
        <time>2015-08-02T09:57:11Z</time>
      </trkpt>
      <trkpt lat="44.823875008150935" lon="6.678796000778675">
        <ele>2164</ele>
        <time>2015-08-02T09:57:31Z</time>
      </trkpt>
      <trkpt lat="44.824011968448758" lon="6.679255999624729">
        <ele>2171</ele>
        <time>2015-08-02T09:57:51Z</time>
      </trkpt>
      <trkpt lat="44.823867967352271" lon="6.679571997374296">
        <ele>2175</ele>
        <time>2015-08-02T09:58:11Z</time>
      </trkpt>
      <trkpt lat="44.823273019865155" lon="6.679316014051437">
        <ele>2177</ele>
        <time>2015-08-02T09:58:31Z</time>
      </trkpt>
      <trkpt lat="44.822558965533972" lon="6.6795389726758">
        <ele>2186</ele>
        <time>2015-08-02T09:58:51Z</time>
      </trkpt>
      <trkpt lat="44.822079017758369" lon="6.679984973743558">
        <ele>2192</ele>
        <time>2015-08-02T09:59:11Z</time>
      </trkpt>
      <trkpt lat="44.821839965879917" lon="6.680013975128532">
        <ele>2200</ele>
        <time>2015-08-02T09:59:31Z</time>
      </trkpt>
      <trkpt lat="44.821632010862231" lon="6.679937029257417">
        <ele>2197</ele>
        <time>2015-08-02T09:59:51Z</time>
      </trkpt>
      <trkpt lat="44.821208976209164" lon="6.679867040365934">
        <ele>2198</ele>
        <time>2015-08-02T10:00:11Z</time>
      </trkpt>
      <trkpt lat="44.820644035935402" lon="6.680216984823346">
        <ele>2213</ele>
        <time>2015-08-02T10:00:31Z</time>
      </trkpt>
      <trkpt lat="44.820587038993835" lon="6.680144984275103">
        <ele>2212</ele>
        <time>2015-08-02T10:00:51Z</time>
      </trkpt>
      <trkpt lat="44.819709034636617" lon="6.680431980639696">
        <ele>2222</ele>
        <time>2015-08-02T10:01:11Z</time>
      </trkpt>
      <trkpt lat="44.819394964724779" lon="6.68078200891614">
        <ele>2227</ele>
        <time>2015-08-02T10:01:31Z</time>
      </trkpt>
      <trkpt lat="44.819057006388903" lon="6.681061964482069">
        <ele>2240</ele>
        <time>2015-08-02T10:01:51Z</time>
      </trkpt>
      <trkpt lat="44.818976959213614" lon="6.681484999135137">
        <ele>2245</ele>
        <time>2015-08-02T10:02:11Z</time>
      </trkpt>
      <trkpt lat="44.818756012246013" lon="6.681783981621265">
        <ele>2257</ele>
        <time>2015-08-02T10:02:31Z</time>
      </trkpt>
      <trkpt lat="44.818303976207972" lon="6.682013981044292">
        <ele>2265</ele>
        <time>2015-08-02T10:02:51Z</time>
      </trkpt>
      <trkpt lat="44.81782897375524" lon="6.68232997879386">
        <ele>2270</ele>
        <time>2015-08-02T10:03:11Z</time>
      </trkpt>
      <trkpt lat="44.817520016804338" lon="6.682718982920051">
        <ele>2281</ele>
        <time>2015-08-02T10:03:31Z</time>
      </trkpt>
      <trkpt lat="44.817188009619713" lon="6.683698995038867">
        <ele>2302</ele>
        <time>2015-08-02T10:03:51Z</time>
      </trkpt>
      <trkpt lat="44.817065969109535" lon="6.684222025796771">
        <ele>2317</ele>
        <time>2015-08-02T10:04:11Z</time>
      </trkpt>
      <trkpt lat="44.816907970234752" lon="6.684320010244846">
        <ele>2317</ele>
        <time>2015-08-02T10:04:31Z</time>
      </trkpt>
      <trkpt lat="44.816748965531588" lon="6.684322021901608">
        <ele>2315</ele>
        <time>2015-08-02T10:04:51Z</time>
      </trkpt>
      <trkpt lat="44.81664402410388" lon="6.684588985517621">
        <ele>2322</ele>
        <time>2015-08-02T10:05:11Z</time>
      </trkpt>
      <trkpt lat="44.816389968618751" lon="6.684819990769029">
        <ele>2326</ele>
        <time>2015-08-02T10:05:31Z</time>
      </trkpt>
      <trkpt lat="44.816353004425764" lon="6.685114027932286">
        <ele>2335</ele>
        <time>2015-08-02T10:05:51Z</time>
      </trkpt>
      <trkpt lat="44.816291984170675" lon="6.685279989615083">
        <ele>2337</ele>
        <time>2015-08-02T10:06:11Z</time>
      </trkpt>
      <trkpt lat="44.816402038559318" lon="6.6853809915483">
        <ele>2337</ele>
        <time>2015-08-02T10:06:31Z</time>
      </trkpt>
      <trkpt lat="44.816178996115923" lon="6.686292020604014">
        <ele>2353</ele>
        <time>2015-08-02T10:06:51Z</time>
      </trkpt>
      <trkpt lat="44.815658982843161" lon="6.687450986355543">
        <ele>2379</ele>
        <time>2015-08-02T10:07:11Z</time>
      </trkpt>
      <trkpt lat="44.815338039770722" lon="6.687671011313796">
        <ele>2397</ele>
        <time>2015-08-02T10:07:31Z</time>
      </trkpt>
      <trkpt lat="44.815175011754036" lon="6.687606973573566">
        <ele>2395</ele>
        <time>2015-08-02T10:07:51Z</time>
      </trkpt>
      <trkpt lat="44.814721969887614" lon="6.687638992443681">
        <ele>2409</ele>
        <time>2015-08-02T10:08:11Z</time>
      </trkpt>
      <trkpt lat="44.814349981024861" lon="6.687456015497446">
        <ele>2400</ele>
        <time>2015-08-02T10:08:31Z</time>
      </trkpt>
      <trkpt lat="44.813986960798502" lon="6.687929006293416">
        <ele>2439</ele>
        <time>2015-08-02T10:08:51Z</time>
      </trkpt>
      <trkpt lat="44.813685966655612" lon="6.687689032405615">
        <ele>2440</ele>
        <time>2015-08-02T10:09:11Z</time>
      </trkpt>
      <trkpt lat="44.813586976379156" lon="6.687517035752535">
        <ele>2441</ele>
        <time>2015-08-02T10:09:31Z</time>
      </trkpt>
      <trkpt lat="44.813125971704721" lon="6.687244037166238">
        <ele>2452</ele>
        <time>2015-08-02T10:09:51Z</time>
      </trkpt>
      <trkpt lat="44.812965961173177" lon="6.68727102689445">
        <ele>2455</ele>
        <time>2015-08-02T10:10:11Z</time>
      </trkpt>
      <trkpt lat="44.812961015850306" lon="6.687626000493765">
        <ele>2462</ele>
        <time>2015-08-02T10:10:31Z</time>
      </trkpt>
      <trkpt lat="44.81241200119257" lon="6.687796991318464">
        <ele>2473</ele>
        <time>2015-08-02T10:10:51Z</time>
      </trkpt>
      <trkpt lat="44.812429016456008" lon="6.687869997695088">
        <ele>2474</ele>
        <time>2015-08-02T10:11:11Z</time>
      </trkpt>
      <trkpt lat="44.812072031199932" lon="6.68810997158289">
        <ele>2471</ele>
        <time>2015-08-02T10:11:31Z</time>
      </trkpt>
      <trkpt lat="44.8119199834764" lon="6.688703997060657">
        <ele>2464</ele>
        <time>2015-08-02T10:11:51Z</time>
      </trkpt>
      <trkpt lat="44.811829039826989" lon="6.689560040831566">
        <ele>2459</ele>
        <time>2015-08-02T10:12:11Z</time>
      </trkpt>
      <trkpt lat="44.811680009588599" lon="6.689040027558804">
        <ele>2452</ele>
        <time>2015-08-02T10:12:31Z</time>
      </trkpt>
      <trkpt lat="44.811642039567232" lon="6.689319983124733">
        <ele>2429</ele>
        <time>2015-08-02T10:12:51Z</time>
      </trkpt>
      <trkpt lat="44.811539025977254" lon="6.689019994810224">
        <ele>2433</ele>
        <time>2015-08-02T10:13:11Z</time>
      </trkpt>
      <trkpt lat="44.811450010165572" lon="6.689625000581145">
        <ele>2418</ele>
        <time>2015-08-02T10:13:31Z</time>
      </trkpt>
      <trkpt lat="44.811228979378939" lon="6.689061988145113">
        <ele>2422</ele>
        <time>2015-08-02T10:13:51Z</time>
      </trkpt>
      <trkpt lat="44.811095036566257" lon="6.689431965351105">
        <ele>2408</ele>
        <time>2015-08-02T10:14:11Z</time>
      </trkpt>
      <trkpt lat="44.810883980244398" lon="6.689717033877969">
        <ele>2401</ele>
        <time>2015-08-02T10:14:31Z</time>
      </trkpt>
      <trkpt lat="44.810713995248079" lon="6.690252972766757">
        <ele>2375</ele>
        <time>2015-08-02T10:14:51Z</time>
      </trkpt>
      <trkpt lat="44.810545016080141" lon="6.690484983846545">
        <ele>2373</ele>
        <time>2015-08-02T10:15:11Z</time>
      </trkpt>
      <trkpt lat="44.810040006414056" lon="6.690909024327993">
        <ele>2361</ele>
        <time>2015-08-02T10:15:31Z</time>
      </trkpt>
      <trkpt lat="44.809672962874174" lon="6.691085966303945">
        <ele>2345</ele>
        <time>2015-08-02T10:15:51Z</time>
      </trkpt>
      <trkpt lat="44.809445980936289" lon="6.69141897931695">
        <ele>2340</ele>
        <time>2015-08-02T10:16:11Z</time>
      </trkpt>
      <trkpt lat="44.809254035353661" lon="6.691945027559996">
        <ele>2338</ele>
        <time>2015-08-02T10:16:31Z</time>
      </trkpt>
      <trkpt lat="44.808741984888911" lon="6.692575011402369">
        <ele>2317</ele>
        <time>2015-08-02T10:16:51Z</time>
      </trkpt>
      <trkpt lat="44.80873997323215" lon="6.692437967285514">
        <ele>2314</ele>
        <time>2015-08-02T10:17:11Z</time>
      </trkpt>
      <trkpt lat="44.808647017925978" lon="6.69230000115931">
        <ele>2312</ele>
        <time>2015-08-02T10:17:31Z</time>
      </trkpt>
      <trkpt lat="44.80856797657907" lon="6.692398991435766">
        <ele>2310</ele>
        <time>2015-08-02T10:17:51Z</time>
      </trkpt>
      <trkpt lat="44.808113006874919" lon="6.692652963101864">
        <ele>2293</ele>
        <time>2015-08-02T10:18:11Z</time>
      </trkpt>
      <trkpt lat="44.807552006095648" lon="6.692893020808697">
        <ele>2286</ele>
        <time>2015-08-02T10:18:31Z</time>
      </trkpt>
      <trkpt lat="44.807246988639235" lon="6.693307003006339">
        <ele>2271</ele>
        <time>2015-08-02T10:18:51Z</time>
      </trkpt>
      <trkpt lat="44.807086978107691" lon="6.693792985752225">
        <ele>2269</ele>
        <time>2015-08-02T10:19:11Z</time>
      </trkpt>
      <trkpt lat="44.806600995361805" lon="6.694367984309793">
        <ele>2248</ele>
        <time>2015-08-02T10:19:31Z</time>
      </trkpt>
      <trkpt lat="44.806509967893362" lon="6.694526989012957">
        <ele>2245</ele>
        <time>2015-08-02T10:19:51Z</time>
      </trkpt>
      <trkpt lat="44.806218026205897" lon="6.694750031456351">
        <ele>2240</ele>
        <time>2015-08-02T10:20:11Z</time>
      </trkpt>
      <trkpt lat="44.805885013192892" lon="6.69464098289609">
        <ele>2236</ele>
        <time>2015-08-02T10:20:31Z</time>
      </trkpt>
      <trkpt lat="44.805792979896069" lon="6.694768974557519">
        <ele>2219</ele>
        <time>2015-08-02T10:20:51Z</time>
      </trkpt>
      <trkpt lat="44.805774036794901" lon="6.694978019222617">
        <ele>2223</ele>
        <time>2015-08-02T10:21:11Z</time>
      </trkpt>
      <trkpt lat="44.80573195964098" lon="6.695025963708758">
        <ele>2219</ele>
        <time>2015-08-02T10:21:31Z</time>
      </trkpt>
      <trkpt lat="44.805892976000905" lon="6.695288987830281">
        <ele>2233</ele>
        <time>2015-08-02T10:21:51Z</time>
      </trkpt>
      <trkpt lat="44.805875960737467" lon="6.695400970056653">
        <ele>2233</ele>
        <time>2015-08-02T10:22:11Z</time>
      </trkpt>
      <trkpt lat="44.805980985984206" lon="6.695706993341446">
        <ele>2231</ele>
        <time>2015-08-02T10:22:31Z</time>
      </trkpt>
      <trkpt lat="44.805892976000905" lon="6.695944033563137">
        <ele>2230</ele>
        <time>2015-08-02T10:22:51Z</time>
      </trkpt>
      <trkpt lat="44.805470025166869" lon="6.696319961920381">
        <ele>2209</ele>
        <time>2015-08-02T10:23:11Z</time>
      </trkpt>
      <trkpt lat="44.805395007133484" lon="6.696221977472305">
        <ele>2207</ele>
        <time>2015-08-02T10:23:31Z</time>
      </trkpt>
      <trkpt lat="44.805054031312466" lon="6.696189036592841">
        <ele>2201</ele>
        <time>2015-08-02T10:23:51Z</time>
      </trkpt>
      <trkpt lat="44.805171964690089" lon="6.695954008027911">
        <ele>2198</ele>
        <time>2015-08-02T10:24:11Z</time>
      </trkpt>
      <trkpt lat="44.805126031860709" lon="6.695775976404548">
        <ele>2194</ele>
        <time>2015-08-02T10:24:31Z</time>
      </trkpt>
      <trkpt lat="44.8049589805305" lon="6.695767007768154">
        <ele>2181</ele>
        <time>2015-08-02T10:24:51Z</time>
      </trkpt>
      <trkpt lat="44.80482897721231" lon="6.695704981684685">
        <ele>2177</ele>
        <time>2015-08-02T10:25:11Z</time>
      </trkpt>
      <trkpt lat="44.804694028571248" lon="6.695918971672654">
        <ele>2174</ele>
        <time>2015-08-02T10:25:31Z</time>
      </trkpt>
      <trkpt lat="44.80439898557961" lon="6.696176966652274">
        <ele>2168</ele>
        <time>2015-08-02T10:25:51Z</time>
      </trkpt>
      <trkpt lat="44.80424802750349" lon="6.696411995217204">
        <ele>2166</ele>
        <time>2015-08-02T10:26:11Z</time>
      </trkpt>
      <trkpt lat="44.804250039160252" lon="6.696207979694009">
        <ele>2166</ele>
        <time>2015-08-02T10:26:31Z</time>
      </trkpt>
      <trkpt lat="44.803948039188981" lon="6.696668984368444">
        <ele>2148</ele>
        <time>2015-08-02T10:26:51Z</time>
      </trkpt>
      <trkpt lat="44.804074019193649" lon="6.697523016482592">
        <ele>2134</ele>
        <time>2015-08-02T10:27:11Z</time>
      </trkpt>
      <trkpt lat="44.804344000294805" lon="6.697773970663548">
        <ele>2144</ele>
        <time>2015-08-02T10:27:31Z</time>
      </trkpt>
      <trkpt lat="44.80459202080965" lon="6.6977349948138">
        <ele>2153</ele>
        <time>2015-08-02T10:27:51Z</time>
      </trkpt>
      <trkpt lat="44.805500032380223" lon="6.698579974472523">
        <ele>2170</ele>
        <time>2015-08-02T10:28:11Z</time>
      </trkpt>
      <trkpt lat="44.805658031255007" lon="6.698791030794382">
        <ele>2159</ele>
        <time>2015-08-02T10:28:31Z</time>
      </trkpt>
      <trkpt lat="44.805938992649317" lon="6.698968978598714">
        <ele>2175</ele>
        <time>2015-08-02T10:28:51Z</time>
      </trkpt>
      <trkpt lat="44.80618298985064" lon="6.699528973549604">
        <ele>2118</ele>
        <time>2015-08-02T10:29:11Z</time>
      </trkpt>
      <trkpt lat="44.806335959583521" lon="6.700336989015341">
        <ele>2097</ele>
        <time>2015-08-02T10:29:31Z</time>
      </trkpt>
      <trkpt lat="44.806061033159494" lon="6.699655959382653">
        <ele>2111</ele>
        <time>2015-08-02T10:29:51Z</time>
      </trkpt>
      <trkpt lat="44.806178966537118" lon="6.701056994497776">
        <ele>2080</ele>
        <time>2015-08-02T10:30:11Z</time>
      </trkpt>
      <trkpt lat="44.805879984050989" lon="6.700081005692482">
        <ele>2082</ele>
        <time>2015-08-02T10:30:31Z</time>
      </trkpt>
      <trkpt lat="44.805717961862683" lon="6.699760984629393">
        <ele>2081</ele>
        <time>2015-08-02T10:30:51Z</time>
      </trkpt>
      <trkpt lat="44.805832039564848" lon="6.700362972915173">
        <ele>2066</ele>
        <time>2015-08-02T10:31:11Z</time>
      </trkpt>
      <trkpt lat="44.805931029841304" lon="6.702039018273354">
        <ele>2061</ele>
        <time>2015-08-02T10:31:31Z</time>
      </trkpt>
      <trkpt lat="44.806301007047296" lon="6.70258903875947">
        <ele>2053</ele>
        <time>2015-08-02T10:31:51Z</time>
      </trkpt>
      <trkpt lat="44.806409971788526" lon="6.702980976551771">
        <ele>2049</ele>
        <time>2015-08-02T10:32:11Z</time>
      </trkpt>
      <trkpt lat="44.806685987859964" lon="6.703417003154755">
        <ele>2050</ele>
        <time>2015-08-02T10:32:31Z</time>
      </trkpt>
      <trkpt lat="44.80633202008903" lon="6.705048037692905">
        <ele>2010</ele>
        <time>2015-08-02T10:32:51Z</time>
      </trkpt>
      <trkpt lat="44.805976962670684" lon="6.705661006271839">
        <ele>1998</ele>
        <time>2015-08-02T10:33:11Z</time>
      </trkpt>
      <trkpt lat="44.805835979059339" lon="6.706207003444433">
        <ele>1992</ele>
        <time>2015-08-02T10:33:31Z</time>
      </trkpt>
      <trkpt lat="44.805358964949846" lon="6.706828018650413">
        <ele>1967</ele>
        <time>2015-08-02T10:33:51Z</time>
      </trkpt>
      <trkpt lat="44.804966021329165" lon="6.707536038011313">
        <ele>1957</ele>
        <time>2015-08-02T10:34:11Z</time>
      </trkpt>
      <trkpt lat="44.804748008027673" lon="6.707670986652374">
        <ele>1951</ele>
        <time>2015-08-02T10:34:31Z</time>
      </trkpt>
      <trkpt lat="44.804562013596296" lon="6.707904003560543">
        <ele>1947</ele>
        <time>2015-08-02T10:34:51Z</time>
      </trkpt>
      <trkpt lat="44.804476015269756" lon="6.708097960799933">
        <ele>1946</ele>
        <time>2015-08-02T10:35:11Z</time>
      </trkpt>
      <trkpt lat="44.804252972826362" lon="6.708379006013274">
        <ele>1942</ele>
        <time>2015-08-02T10:35:31Z</time>
      </trkpt>
      <trkpt lat="44.803829016163945" lon="6.70875602401793">
        <ele>1934</ele>
        <time>2015-08-02T10:35:51Z</time>
      </trkpt>
      <trkpt lat="44.803009014576674" lon="6.709219962358475">
        <ele>1922</ele>
        <time>2015-08-02T10:36:11Z</time>
      </trkpt>
      <trkpt lat="44.802748002111912" lon="6.709521040320396">
        <ele>1920</ele>
        <time>2015-08-02T10:36:31Z</time>
      </trkpt>
      <trkpt lat="44.802501993253827" lon="6.709929993376136">
        <ele>1917</ele>
        <time>2015-08-02T10:36:51Z</time>
      </trkpt>
      <trkpt lat="44.802360003814101" lon="6.710385968908668">
        <ele>1911</ele>
        <time>2015-08-02T10:37:11Z</time>
      </trkpt>
      <trkpt lat="44.802182978019118" lon="6.710568023845553">
        <ele>1910</ele>
        <time>2015-08-02T10:37:31Z</time>
      </trkpt>
      <trkpt lat="44.80177603662014" lon="6.711158026009798">
        <ele>1906</ele>
        <time>2015-08-02T10:37:51Z</time>
      </trkpt>
      <trkpt lat="44.801228027790785" lon="6.711601009592414">
        <ele>1895</ele>
        <time>2015-08-02T10:38:11Z</time>
      </trkpt>
      <trkpt lat="44.800929967314005" lon="6.711624981835485">
        <ele>1892</ele>
        <time>2015-08-02T10:38:31Z</time>
      </trkpt>
      <trkpt lat="44.800621010363102" lon="6.711928993463516">
        <ele>1883</ele>
        <time>2015-08-02T10:38:51Z</time>
      </trkpt>
      <trkpt lat="44.800201999023557" lon="6.712927026674151">
        <ele>1873</ele>
        <time>2015-08-02T10:39:11Z</time>
      </trkpt>
      <trkpt lat="44.800247009843588" lon="6.713554998859763">
        <ele>1864</ele>
        <time>2015-08-02T10:39:31Z</time>
      </trkpt>
      <trkpt lat="44.799910979345441" lon="6.714895013719797">
        <ele>1851</ele>
        <time>2015-08-02T10:39:51Z</time>
      </trkpt>
      <trkpt lat="44.79949900880456" lon="6.716107036918402">
        <ele>1842</ele>
        <time>2015-08-02T10:40:11Z</time>
      </trkpt>
      <trkpt lat="44.799469001591206" lon="6.717036003246903">
        <ele>1844</ele>
        <time>2015-08-02T10:40:31Z</time>
      </trkpt>
      <trkpt lat="44.798949994146824" lon="6.717849969863892">
        <ele>1838</ele>
        <time>2015-08-02T10:40:51Z</time>
      </trkpt>
      <trkpt lat="44.798757964745164" lon="6.718437960371375">
        <ele>1838</ele>
        <time>2015-08-02T10:41:11Z</time>
      </trkpt>
      <trkpt lat="44.798518996685743" lon="6.718800980597735">
        <ele>1836</ele>
        <time>2015-08-02T10:41:31Z</time>
      </trkpt>
      <trkpt lat="44.798466023057699" lon="6.719489973038435">
        <ele>1834</ele>
        <time>2015-08-02T10:41:51Z</time>
      </trkpt>
      <trkpt lat="44.798321016132832" lon="6.720179971307516">
        <ele>1826</ele>
        <time>2015-08-02T10:42:11Z</time>
      </trkpt>
      <trkpt lat="44.798043994233012" lon="6.720525976270437">
        <ele>1825</ele>
        <time>2015-08-02T10:42:31Z</time>
      </trkpt>
      <trkpt lat="44.79778298176825" lon="6.721000978723168">
        <ele>1827</ele>
        <time>2015-08-02T10:42:51Z</time>
      </trkpt>
      <trkpt lat="44.797491040080786" lon="6.721267020329833">
        <ele>1821</ele>
        <time>2015-08-02T10:43:11Z</time>
      </trkpt>
      <trkpt lat="44.797107987105846" lon="6.721682008355856">
        <ele>1819</ele>
        <time>2015-08-02T10:43:31Z</time>
      </trkpt>
      <trkpt lat="44.796760976314545" lon="6.722435960546136">
        <ele>1814</ele>
        <time>2015-08-02T10:43:51Z</time>
      </trkpt>
      <trkpt lat="44.795406041666865" lon="6.723557040095329">
        <ele>1809</ele>
        <time>2015-08-02T10:44:11Z</time>
      </trkpt>
      <trkpt lat="44.794916035607457" lon="6.724518025293946">
        <ele>1806</ele>
        <time>2015-08-02T10:44:31Z</time>
      </trkpt>
      <trkpt lat="44.79438797570765" lon="6.725735999643803">
        <ele>1804</ele>
        <time>2015-08-02T10:44:51Z</time>
      </trkpt>
      <trkpt lat="44.79412897489965" lon="6.725958958268166">
        <ele>1799</ele>
        <time>2015-08-02T10:45:11Z</time>
      </trkpt>
      <trkpt lat="44.79406401515007" lon="6.726384004577994">
        <ele>1799</ele>
        <time>2015-08-02T10:45:31Z</time>
      </trkpt>
      <trkpt lat="44.793747011572123" lon="6.726604029536247">
        <ele>1798</ele>
        <time>2015-08-02T10:45:51Z</time>
      </trkpt>
      <trkpt lat="44.793201014399529" lon="6.726662032306194">
        <ele>1796</ele>
        <time>2015-08-02T10:46:11Z</time>
      </trkpt>
      <trkpt lat="44.792922986671329" lon="6.727006025612354">
        <ele>1790</ele>
        <time>2015-08-02T10:46:31Z</time>
      </trkpt>
      <trkpt lat="44.792897002771497" lon="6.727458983659744">
        <ele>1788</ele>
        <time>2015-08-02T10:46:51Z</time>
      </trkpt>
      <trkpt lat="44.792618975043297" lon="6.727966004982591">
        <ele>1783</ele>
        <time>2015-08-02T10:47:11Z</time>
      </trkpt>
      <trkpt lat="44.792463993653655" lon="6.728343022987247">
        <ele>1777</ele>
        <time>2015-08-02T10:47:31Z</time>
      </trkpt>
      <trkpt lat="44.792060991749167" lon="6.728969989344478">
        <ele>1774</ele>
        <time>2015-08-02T10:47:51Z</time>
      </trkpt>
      <trkpt lat="44.791693026199937" lon="6.729459995403886">
        <ele>1771</ele>
        <time>2015-08-02T10:48:11Z</time>
      </trkpt>
      <trkpt lat="44.790775962173939" lon="6.731169987469912">
        <ele>1752</ele>
        <time>2015-08-02T10:48:31Z</time>
      </trkpt>
      <trkpt lat="44.790042964741588" lon="6.732402965426445">
        <ele>1746</ele>
        <time>2015-08-02T10:48:51Z</time>
      </trkpt>
      <trkpt lat="44.789279960095882" lon="6.732931025326252">
        <ele>1742</ele>
        <time>2015-08-02T10:49:11Z</time>
      </trkpt>
      <trkpt lat="44.787626964971423" lon="6.733120959252119">
        <ele>1730</ele>
        <time>2015-08-02T10:49:31Z</time>
      </trkpt>
      <trkpt lat="44.786680983379483" lon="6.733064968138933">
        <ele>1721</ele>
        <time>2015-08-02T10:49:51Z</time>
      </trkpt>
      <trkpt lat="44.786087041720748" lon="6.733219027519226">
        <ele>1714</ele>
        <time>2015-08-02T10:50:11Z</time>
      </trkpt>
      <trkpt lat="44.783535003662109" lon="6.734769009053707">
        <ele>1693</ele>
        <time>2015-08-02T10:50:31Z</time>
      </trkpt>
      <trkpt lat="44.78261299431324" lon="6.734960032626987">
        <ele>1687</ele>
        <time>2015-08-02T10:50:51Z</time>
      </trkpt>
      <trkpt lat="44.781371969729662" lon="6.734960032626987">
        <ele>1680</ele>
        <time>2015-08-02T10:51:11Z</time>
      </trkpt>
      <trkpt lat="44.781413963064551" lon="6.735396981239319">
        <ele>1685</ele>
        <time>2015-08-02T10:51:31Z</time>
      </trkpt>
      <trkpt lat="44.781124033033848" lon="6.736192004755139">
        <ele>1690</ele>
        <time>2015-08-02T10:51:51Z</time>
      </trkpt>
      <trkpt lat="44.780358010903001" lon="6.736448993906379">
        <ele>1683</ele>
        <time>2015-08-02T10:52:11Z</time>
      </trkpt>
      <trkpt lat="44.779803967103362" lon="6.737071014940739">
        <ele>1682</ele>
        <time>2015-08-02T10:52:31Z</time>
      </trkpt>
      <trkpt lat="44.779448993504047" lon="6.738294018432498">
        <ele>1688</ele>
        <time>2015-08-02T10:52:51Z</time>
      </trkpt>
      <trkpt lat="44.779017996042967" lon="6.738139959052205">
        <ele>1681</ele>
        <time>2015-08-02T10:53:11Z</time>
      </trkpt>
      <trkpt lat="44.779034005478024" lon="6.738410023972392">
        <ele>1691</ele>
        <time>2015-08-02T10:53:31Z</time>
      </trkpt>
      <trkpt lat="44.778827978298068" lon="6.738567017018795">
        <ele>1694</ele>
        <time>2015-08-02T10:53:51Z</time>
      </trkpt>
      <trkpt lat="44.778694035485387" lon="6.738870022818446">
        <ele>1699</ele>
        <time>2015-08-02T10:54:11Z</time>
      </trkpt>
      <trkpt lat="44.777820976451039" lon="6.739209992811084">
        <ele>1725</ele>
        <time>2015-08-02T10:54:31Z</time>
      </trkpt>
      <trkpt lat="44.777470026165247" lon="6.739490032196045">
        <ele>1729</ele>
        <time>2015-08-02T10:54:51Z</time>
      </trkpt>
      <trkpt lat="44.776183990761638" lon="6.739840982481837">
        <ele>1738</ele>
        <time>2015-08-02T10:55:11Z</time>
      </trkpt>
      <trkpt lat="44.775954997166991" lon="6.740138959139586">
        <ele>1758</ele>
        <time>2015-08-02T10:55:31Z</time>
      </trkpt>
      <trkpt lat="44.775578984990716" lon="6.740220012143254">
        <ele>1763</ele>
        <time>2015-08-02T10:55:51Z</time>
      </trkpt>
      <trkpt lat="44.775218982249498" lon="6.740429978817701">
        <ele>1769</ele>
        <time>2015-08-02T10:56:11Z</time>
      </trkpt>
      <trkpt lat="44.774699974805117" lon="6.740269968286157">
        <ele>1765</ele>
        <time>2015-08-02T10:56:31Z</time>
      </trkpt>
      <trkpt lat="44.773685010150075" lon="6.74038102850318">
        <ele>1761</ele>
        <time>2015-08-02T10:56:51Z</time>
      </trkpt>
      <trkpt lat="44.77320103906095" lon="6.740614967420697">
        <ele>1760</ele>
        <time>2015-08-02T10:57:11Z</time>
      </trkpt>
      <trkpt lat="44.772700974717736" lon="6.741030961275101">
        <ele>1774</ele>
        <time>2015-08-02T10:57:31Z</time>
      </trkpt>
      <trkpt lat="44.77197996340692" lon="6.74091998487711">
        <ele>1770</ele>
        <time>2015-08-02T10:57:51Z</time>
      </trkpt>
      <trkpt lat="44.769740989431739" lon="6.742099989205599">
        <ele>1755</ele>
        <time>2015-08-02T10:58:11Z</time>
      </trkpt>
      <trkpt lat="44.769277973100543" lon="6.742704994976521">
        <ele>1767</ele>
        <time>2015-08-02T10:58:31Z</time>
      </trkpt>
      <trkpt lat="44.769028024747968" lon="6.742966007441282">
        <ele>1749</ele>
        <time>2015-08-02T10:58:51Z</time>
      </trkpt>
      <trkpt lat="44.768970021978021" lon="6.743320981040597">
        <ele>1756</ele>
        <time>2015-08-02T10:59:11Z</time>
      </trkpt>
      <trkpt lat="44.768790984526277" lon="6.743612000718713">
        <ele>1767</ele>
        <time>2015-08-02T10:59:31Z</time>
      </trkpt>
      <trkpt lat="44.768504993990064" lon="6.743740998208523">
        <ele>1765</ele>
        <time>2015-08-02T10:59:51Z</time>
      </trkpt>
      <trkpt lat="44.767981041222811" lon="6.743708979338408">
        <ele>1747</ele>
        <time>2015-08-02T11:00:11Z</time>
      </trkpt>
      <trkpt lat="44.767517019063234" lon="6.743578976020217">
        <ele>1737</ele>
        <time>2015-08-02T11:00:31Z</time>
      </trkpt>
      <trkpt lat="44.767071017995477" lon="6.74384300597012">
        <ele>1718</ele>
        <time>2015-08-02T11:00:51Z</time>
      </trkpt>
      <trkpt lat="44.76671596057713" lon="6.744203008711338">
        <ele>1720</ele>
        <time>2015-08-02T11:01:11Z</time>
      </trkpt>
      <trkpt lat="44.766542036086321" lon="6.744956038892269">
        <ele>1721</ele>
        <time>2015-08-02T11:01:31Z</time>
      </trkpt>
      <trkpt lat="44.766246993094683" lon="6.745718959718943">
        <ele>1727</ele>
        <time>2015-08-02T11:01:51Z</time>
      </trkpt>
      <trkpt lat="44.765721028670669" lon="6.746782036498189">
        <ele>1723</ele>
        <time>2015-08-02T11:02:11Z</time>
      </trkpt>
      <trkpt lat="44.765758998692036" lon="6.747314035892487">
        <ele>1730</ele>
        <time>2015-08-02T11:02:31Z</time>
      </trkpt>
      <trkpt lat="44.765434032306075" lon="6.747239017859101">
        <ele>1720</ele>
        <time>2015-08-02T11:02:51Z</time>
      </trkpt>
      <trkpt lat="44.764668010175228" lon="6.747919041663408">
        <ele>1703</ele>
        <time>2015-08-02T11:03:11Z</time>
      </trkpt>
      <trkpt lat="44.764481009915471" lon="6.748460009694099">
        <ele>1709</ele>
        <time>2015-08-02T11:03:31Z</time>
      </trkpt>
      <trkpt lat="44.763853037729859" lon="6.74839697778225">
        <ele>1687</ele>
        <time>2015-08-02T11:03:51Z</time>
      </trkpt>
      <trkpt lat="44.763240991160274" lon="6.748858988285065">
        <ele>1678</ele>
        <time>2015-08-02T11:04:11Z</time>
      </trkpt>
      <trkpt lat="44.762959023937583" lon="6.749150007963181">
        <ele>1678</ele>
        <time>2015-08-02T11:04:31Z</time>
      </trkpt>
      <trkpt lat="44.762820973992348" lon="6.75024501979351">
        <ele>1690</ele>
        <time>2015-08-02T11:04:51Z</time>
      </trkpt>
      <trkpt lat="44.763255994766951" lon="6.751273982226849">
        <ele>1701</ele>
        <time>2015-08-02T11:05:11Z</time>
      </trkpt>
      <trkpt lat="44.763245014473796" lon="6.751917963847518">
        <ele>1706</ele>
        <time>2015-08-02T11:05:31Z</time>
      </trkpt>
      <trkpt lat="44.763134038075805" lon="6.752969976514578">
        <ele>1716</ele>
        <time>2015-08-02T11:05:51Z</time>
      </trkpt>
      <trkpt lat="44.763270998373628" lon="6.752955978736281">
        <ele>1718</ele>
        <time>2015-08-02T11:06:11Z</time>
      </trkpt>
      <trkpt lat="44.763295976445079" lon="6.75303996540606">
        <ele>1720</ele>
        <time>2015-08-02T11:06:31Z</time>
      </trkpt>
      <trkpt lat="44.763489011675119" lon="6.75308003090322">
        <ele>1740</ele>
        <time>2015-08-02T11:06:51Z</time>
      </trkpt>
      <trkpt lat="44.763385998085141" lon="6.753340037539601">
        <ele>1740</ele>
        <time>2015-08-02T11:07:11Z</time>
      </trkpt>
      <trkpt lat="44.76359898224473" lon="6.753280023112893">
        <ele>1742</ele>
        <time>2015-08-02T11:07:31Z</time>
      </trkpt>
      <trkpt lat="44.763565035536885" lon="6.753530977293849">
        <ele>1752</ele>
        <time>2015-08-02T11:07:51Z</time>
      </trkpt>
      <trkpt lat="44.763781959190965" lon="6.753398962318897">
        <ele>1757</ele>
        <time>2015-08-02T11:08:11Z</time>
      </trkpt>
      <trkpt lat="44.763779025524855" lon="6.753524020314217">
        <ele>1757</ele>
        <time>2015-08-02T11:08:31Z</time>
      </trkpt>
      <trkpt lat="44.763661008328199" lon="6.75368101336062">
        <ele>1757</ele>
        <time>2015-08-02T11:08:51Z</time>
      </trkpt>
      <trkpt lat="44.763726973906159" lon="6.754021989181638">
        <ele>1761</ele>
        <time>2015-08-02T11:09:11Z</time>
      </trkpt>
      <trkpt lat="44.763607028871775" lon="6.754580978304148">
        <ele>1770</ele>
        <time>2015-08-02T11:09:31Z</time>
      </trkpt>
      <trkpt lat="44.763752035796642" lon="6.754913991317153">
        <ele>1774</ele>
        <time>2015-08-02T11:09:51Z</time>
      </trkpt>
      <trkpt lat="44.763839961960912" lon="6.755701974034309">
        <ele>1785</ele>
        <time>2015-08-02T11:10:11Z</time>
      </trkpt>
      <trkpt lat="44.763996032997966" lon="6.755843041464686">
        <ele>1797</ele>
        <time>2015-08-02T11:10:31Z</time>
      </trkpt>
      <trkpt lat="44.764060992747545" lon="6.756095001474023">
        <ele>1797</ele>
        <time>2015-08-02T11:10:51Z</time>
      </trkpt>
      <trkpt lat="44.763945993036032" lon="6.756380992010236">
        <ele>1797</ele>
        <time>2015-08-02T11:11:11Z</time>
      </trkpt>
      <trkpt lat="44.763591019436717" lon="6.756903016939759">
        <ele>1804</ele>
        <time>2015-08-02T11:11:31Z</time>
      </trkpt>
      <trkpt lat="44.763594958931208" lon="6.757234018296003">
        <ele>1809</ele>
        <time>2015-08-02T11:11:51Z</time>
      </trkpt>
      <trkpt lat="44.763531005010009" lon="6.75765504129231">
        <ele>1821</ele>
        <time>2015-08-02T11:12:11Z</time>
      </trkpt>
      <trkpt lat="44.763516001403332" lon="6.757969027385116">
        <ele>1825</ele>
        <time>2015-08-02T11:12:31Z</time>
      </trkpt>
      <trkpt lat="44.763577021658421" lon="6.75834696739912">
        <ele>1835</ele>
        <time>2015-08-02T11:12:51Z</time>
      </trkpt>
      <trkpt lat="44.763366971164942" lon="6.758990027010441">
        <ele>1839</ele>
        <time>2015-08-02T11:13:11Z</time>
      </trkpt>
      <trkpt lat="44.763249037787318" lon="6.759266965091229">
        <ele>1834</ele>
        <time>2015-08-02T11:13:31Z</time>
      </trkpt>
      <trkpt lat="44.763121968135238" lon="6.759795024991036">
        <ele>1834</ele>
        <time>2015-08-02T11:13:51Z</time>
      </trkpt>
      <trkpt lat="44.762912001460791" lon="6.760312020778656">
        <ele>1840</ele>
        <time>2015-08-02T11:14:11Z</time>
      </trkpt>
      <trkpt lat="44.762827008962631" lon="6.760699013248086">
        <ele>1840</ele>
        <time>2015-08-02T11:14:31Z</time>
      </trkpt>
      <trkpt lat="44.762443033978343" lon="6.761741973459721">
        <ele>1847</ele>
        <time>2015-08-02T11:14:51Z</time>
      </trkpt>
      <trkpt lat="44.762130975723267" lon="6.762072974815965">
        <ele>1845</ele>
        <time>2015-08-02T11:15:11Z</time>
      </trkpt>
      <trkpt lat="44.761883039027452" lon="6.762410011142492">
        <ele>1845</ele>
        <time>2015-08-02T11:15:31Z</time>
      </trkpt>
      <trkpt lat="44.761650022119284" lon="6.763076959177852">
        <ele>1849</ele>
        <time>2015-08-02T11:15:51Z</time>
      </trkpt>
      <trkpt lat="44.761360008269548" lon="6.763322968035936">
        <ele>1847</ele>
        <time>2015-08-02T11:16:11Z</time>
      </trkpt>
      <trkpt lat="44.761288007721305" lon="6.763721024617553">
        <ele>1851</ele>
        <time>2015-08-02T11:16:31Z</time>
      </trkpt>
      <trkpt lat="44.761325977742672" lon="6.764085972681642">
        <ele>1853</ele>
        <time>2015-08-02T11:16:51Z</time>
      </trkpt>
      <trkpt lat="44.761246014386415" lon="6.764436000958085">
        <ele>1854</ele>
        <time>2015-08-02T11:17:11Z</time>
      </trkpt>
      <trkpt lat="44.76101802662015" lon="6.764849983155727">
        <ele>1853</ele>
        <time>2015-08-02T11:17:31Z</time>
      </trkpt>
      <trkpt lat="44.760900009423494" lon="6.765365973114967">
        <ele>1855</ele>
        <time>2015-08-02T11:17:51Z</time>
      </trkpt>
      <trkpt lat="44.760737987235188" lon="6.765518020838499">
        <ele>1853</ele>
        <time>2015-08-02T11:18:11Z</time>
      </trkpt>
      <trkpt lat="44.760566996410489" lon="6.765887998044491">
        <ele>1854</ele>
        <time>2015-08-02T11:18:31Z</time>
      </trkpt>
      <trkpt lat="44.760456020012498" lon="6.766339028254151">
        <ele>1853</ele>
        <time>2015-08-02T11:18:51Z</time>
      </trkpt>
      <trkpt lat="44.760490972548723" lon="6.766646979376674">
        <ele>1852</ele>
        <time>2015-08-02T11:19:11Z</time>
      </trkpt>
      <trkpt lat="44.760791966691613" lon="6.767727993428707">
        <ele>1858</ele>
        <time>2015-08-02T11:19:31Z</time>
      </trkpt>
      <trkpt lat="44.759892001748085" lon="6.769745014607906">
        <ele>1860</ele>
        <time>2015-08-02T11:19:51Z</time>
      </trkpt>
      <trkpt lat="44.759799968451262" lon="6.770335016772151">
        <ele>1855</ele>
        <time>2015-08-02T11:20:11Z</time>
      </trkpt>
      <trkpt lat="44.759938018396497" lon="6.770925018936396">
        <ele>1848</ele>
        <time>2015-08-02T11:20:31Z</time>
      </trkpt>
      <trkpt lat="44.760429030284286" lon="6.771763041615486">
        <ele>1828</ele>
        <time>2015-08-02T11:20:51Z</time>
      </trkpt>
      <trkpt lat="44.760176986455917" lon="6.771836970001459">
        <ele>1827</ele>
        <time>2015-08-02T11:21:11Z</time>
      </trkpt>
      <trkpt lat="44.76065500639379" lon="6.772298980504274">
        <ele>1822</ele>
        <time>2015-08-02T11:21:31Z</time>
      </trkpt>
      <trkpt lat="44.760845024138689" lon="6.77286702208221">
        <ele>1813</ele>
        <time>2015-08-02T11:21:51Z</time>
      </trkpt>
      <trkpt lat="44.760566996410489" lon="6.773762963712215">
        <ele>1795</ele>
        <time>2015-08-02T11:22:11Z</time>
      </trkpt>
      <trkpt lat="44.760238006711006" lon="6.774246012791991">
        <ele>1789</ele>
        <time>2015-08-02T11:22:31Z</time>
      </trkpt>
      <trkpt lat="44.760143039748073" lon="6.774985967203975">
        <ele>1788</ele>
        <time>2015-08-02T11:22:51Z</time>
      </trkpt>
      <trkpt lat="44.759959978982806" lon="6.775474967435002">
        <ele>1769</ele>
        <time>2015-08-02T11:23:11Z</time>
      </trkpt>
      <trkpt lat="44.759807009249926" lon="6.776509964838624">
        <ele>1765</ele>
        <time>2015-08-02T11:23:31Z</time>
      </trkpt>
      <trkpt lat="44.759631995111704" lon="6.776247024536133">
        <ele>1760</ele>
        <time>2015-08-02T11:23:51Z</time>
      </trkpt>
      <trkpt lat="44.759616991505027" lon="6.776537038385868">
        <ele>1760</ele>
        <time>2015-08-02T11:24:11Z</time>
      </trkpt>
      <trkpt lat="44.759425967931747" lon="6.776376022025943">
        <ele>1755</ele>
        <time>2015-08-02T11:24:31Z</time>
      </trkpt>
      <trkpt lat="44.759277021512389" lon="6.776799978688359">
        <ele>1747</ele>
        <time>2015-08-02T11:24:51Z</time>
      </trkpt>
      <trkpt lat="44.759090021252632" lon="6.776782963424921">
        <ele>1731</ele>
        <time>2015-08-02T11:25:11Z</time>
      </trkpt>
      <trkpt lat="44.75925799459219" lon="6.777748977765441">
        <ele>1736</ele>
        <time>2015-08-02T11:25:31Z</time>
      </trkpt>
      <trkpt lat="44.759501991793513" lon="6.778704011812806">
        <ele>1716</ele>
        <time>2015-08-02T11:25:51Z</time>
      </trkpt>
      <trkpt lat="44.759304011240602" lon="6.778639974072576">
        <ele>1715</ele>
        <time>2015-08-02T11:26:11Z</time>
      </trkpt>
      <trkpt lat="44.75891500711441" lon="6.778189027681947">
        <ele>1708</ele>
        <time>2015-08-02T11:26:31Z</time>
      </trkpt>
      <trkpt lat="44.759121034294367" lon="6.778939962387085">
        <ele>1694</ele>
        <time>2015-08-02T11:26:51Z</time>
      </trkpt>
      <trkpt lat="44.759521018713713" lon="6.779545973986387">
        <ele>1691</ele>
        <time>2015-08-02T11:27:11Z</time>
      </trkpt>
      <trkpt lat="44.759220024570823" lon="6.77952996455133">
        <ele>1690</ele>
        <time>2015-08-02T11:27:31Z</time>
      </trkpt>
      <trkpt lat="44.759480031207204" lon="6.78002298809588">
        <ele>1671</ele>
        <time>2015-08-02T11:27:51Z</time>
      </trkpt>
      <trkpt lat="44.759217007085681" lon="6.780076967552304">
        <ele>1674</ele>
        <time>2015-08-02T11:28:11Z</time>
      </trkpt>
      <trkpt lat="44.759398978203535" lon="6.780494973063469">
        <ele>1668</ele>
        <time>2015-08-02T11:28:31Z</time>
      </trkpt>
      <trkpt lat="44.75932496599853" lon="6.781026972457767">
        <ele>1654</ele>
        <time>2015-08-02T11:28:51Z</time>
      </trkpt>
      <trkpt lat="44.758952977135777" lon="6.781724011525512">
        <ele>1644</ele>
        <time>2015-08-02T11:29:11Z</time>
      </trkpt>
      <trkpt lat="44.7589379735291" lon="6.782059958204627">
        <ele>1638</ele>
        <time>2015-08-02T11:29:31Z</time>
      </trkpt>
      <trkpt lat="44.759247014299035" lon="6.782792033627629">
        <ele>1601</ele>
        <time>2015-08-02T11:29:51Z</time>
      </trkpt>
      <trkpt lat="44.759176019579172" lon="6.78326896391809">
        <ele>1597</ele>
        <time>2015-08-02T11:30:11Z</time>
      </trkpt>
      <trkpt lat="44.75891500711441" lon="6.783644976094365">
        <ele>1576</ele>
        <time>2015-08-02T11:30:31Z</time>
      </trkpt>
      <trkpt lat="44.75818301551044" lon="6.783623015508056">
        <ele>1568</ele>
        <time>2015-08-02T11:30:51Z</time>
      </trkpt>
      <trkpt lat="44.758112020790577" lon="6.78429901599884">
        <ele>1551</ele>
        <time>2015-08-02T11:31:11Z</time>
      </trkpt>
      <trkpt lat="44.757949998602271" lon="6.784668993204832">
        <ele>1543</ele>
        <time>2015-08-02T11:31:31Z</time>
      </trkpt>
      <trkpt lat="44.757984029129148" lon="6.785065960139036">
        <ele>1519</ele>
        <time>2015-08-02T11:31:51Z</time>
      </trkpt>
      <trkpt lat="44.757751012220979" lon="6.785131003707647">
        <ele>1520</ele>
        <time>2015-08-02T11:32:11Z</time>
      </trkpt>
      <trkpt lat="44.757850002497435" lon="6.785490000620484">
        <ele>1510</ele>
        <time>2015-08-02T11:32:31Z</time>
      </trkpt>
      <trkpt lat="44.757647998631001" lon="6.785460999235511">
        <ele>1512</ele>
        <time>2015-08-02T11:32:51Z</time>
      </trkpt>
      <trkpt lat="44.757450018078089" lon="6.785704996436834">
        <ele>1500</ele>
        <time>2015-08-02T11:33:11Z</time>
      </trkpt>
      <trkpt lat="44.757122034206986" lon="6.785672977566719">
        <ele>1491</ele>
        <time>2015-08-02T11:33:31Z</time>
      </trkpt>
      <trkpt lat="44.757206020876765" lon="6.785786971449852">
        <ele>1493</ele>
        <time>2015-08-02T11:33:51Z</time>
      </trkpt>
      <trkpt lat="44.757077023386955" lon="6.785816978663206">
        <ele>1488</ele>
        <time>2015-08-02T11:34:11Z</time>
      </trkpt>
      <trkpt lat="44.757182970643044" lon="6.785986963659525">
        <ele>1476</ele>
        <time>2015-08-02T11:34:31Z</time>
      </trkpt>
      <trkpt lat="44.756985995918512" lon="6.786098023876548">
        <ele>1469</ele>
        <time>2015-08-02T11:34:51Z</time>
      </trkpt>
      <trkpt lat="44.757177019491792" lon="6.786350989714265">
        <ele>1469</ele>
        <time>2015-08-02T11:35:11Z</time>
      </trkpt>
      <trkpt lat="44.757046010345221" lon="6.786373034119606">
        <ele>1467</ele>
        <time>2015-08-02T11:35:31Z</time>
      </trkpt>
      <trkpt lat="44.757166039198637" lon="6.786514017730951">
        <ele>1467</ele>
        <time>2015-08-02T11:35:51Z</time>
      </trkpt>
      <trkpt lat="44.757103007286787" lon="6.786756003275514">
        <ele>1446</ele>
        <time>2015-08-02T11:36:11Z</time>
      </trkpt>
      <trkpt lat="44.757294030860066" lon="6.786643015220761">
        <ele>1467</ele>
        <time>2015-08-02T11:36:31Z</time>
      </trkpt>
      <trkpt lat="44.757300987839699" lon="6.787072001025081">
        <ele>1441</ele>
        <time>2015-08-02T11:36:51Z</time>
      </trkpt>
      <trkpt lat="44.757156986743212" lon="6.787039982154965">
        <ele>1441</ele>
        <time>2015-08-02T11:37:11Z</time>
      </trkpt>
      <trkpt lat="44.756870996206999" lon="6.787309041246772">
        <ele>1436</ele>
        <time>2015-08-02T11:37:31Z</time>
      </trkpt>
      <trkpt lat="44.756524991244078" lon="6.787023972719908">
        <ele>1423</ele>
        <time>2015-08-02T11:37:51Z</time>
      </trkpt>
      <trkpt lat="44.756324999034405" lon="6.7867929674685">
        <ele>1421</ele>
        <time>2015-08-02T11:38:11Z</time>
      </trkpt>
      <trkpt lat="44.75601595826447" lon="6.786745022982359">
        <ele>1410</ele>
        <time>2015-08-02T11:38:31Z</time>
      </trkpt>
      <trkpt lat="44.756069015711546" lon="6.785515984520316">
        <ele>1429</ele>
        <time>2015-08-02T11:38:51Z</time>
      </trkpt>
      <trkpt lat="44.755892995744944" lon="6.78509303368628">
        <ele>1419</ele>
        <time>2015-08-02T11:39:11Z</time>
      </trkpt>
      <trkpt lat="44.755825018510222" lon="6.785613968968391">
        <ele>1390</ele>
        <time>2015-08-02T11:39:31Z</time>
      </trkpt>
      <trkpt lat="44.75566802546382" lon="6.786175975576043">
        <ele>1384</ele>
        <time>2015-08-02T11:39:51Z</time>
      </trkpt>
      <trkpt lat="44.755482031032443" lon="6.786438999697566">
        <ele>1379</ele>
        <time>2015-08-02T11:40:11Z</time>
      </trkpt>
      <trkpt lat="44.75541296415031" lon="6.786734964698553">
        <ele>1374</ele>
        <time>2015-08-02T11:40:31Z</time>
      </trkpt>
      <trkpt lat="44.755480019375682" lon="6.787085998803377">
        <ele>1374</ele>
        <time>2015-08-02T11:40:51Z</time>
      </trkpt>
      <trkpt lat="44.755753017961979" lon="6.787695027887821">
        <ele>1375</ele>
        <time>2015-08-02T11:41:11Z</time>
      </trkpt>
      <trkpt lat="44.756030961871147" lon="6.787765016779304">
        <ele>1393</ele>
        <time>2015-08-02T11:41:31Z</time>
      </trkpt>
      <trkpt lat="44.756362969055772" lon="6.788176987320185">
        <ele>1395</ele>
        <time>2015-08-02T11:41:51Z</time>
      </trkpt>
      <trkpt lat="44.757050033658743" lon="6.78833800368011">
        <ele>1403</ele>
        <time>2015-08-02T11:42:11Z</time>
      </trkpt>
      <trkpt lat="44.7571109700948" lon="6.788644026964903">
        <ele>1405</ele>
        <time>2015-08-02T11:42:31Z</time>
      </trkpt>
      <trkpt lat="44.756431030109525" lon="6.789180971682072">
        <ele>1394</ele>
        <time>2015-08-02T11:42:51Z</time>
      </trkpt>
      <trkpt lat="44.756404962390661" lon="6.789937019348145">
        <ele>1393</ele>
        <time>2015-08-02T11:43:11Z</time>
      </trkpt>
      <trkpt lat="44.756475035101175" lon="6.790066016837955">
        <ele>1389</ele>
        <time>2015-08-02T11:43:31Z</time>
      </trkpt>
      <trkpt lat="44.756522979587317" lon="6.791481971740723">
        <ele>1370</ele>
        <time>2015-08-02T11:43:51Z</time>
      </trkpt>
      <trkpt lat="44.75723996758461" lon="6.792232990264893">
        <ele>1369</ele>
        <time>2015-08-02T11:44:11Z</time>
      </trkpt>
      <trkpt lat="44.757354967296124" lon="6.792727019637823">
        <ele>1357</ele>
        <time>2015-08-02T11:44:31Z</time>
      </trkpt>
      <trkpt lat="44.757263017818332" lon="6.793242003768683">
        <ele>1355</ele>
        <time>2015-08-02T11:44:51Z</time>
      </trkpt>
      <trkpt lat="44.756791032850742" lon="6.793294977396727">
        <ele>1349</ele>
        <time>2015-08-02T11:45:11Z</time>
      </trkpt>
      <trkpt lat="44.756362969055772" lon="6.792747974395752">
        <ele>1347</ele>
        <time>2015-08-02T11:45:31Z</time>
      </trkpt>
      <trkpt lat="44.756173035129905" lon="6.792168030515313">
        <ele>1354</ele>
        <time>2015-08-02T11:45:51Z</time>
      </trkpt>
      <trkpt lat="44.75601595826447" lon="6.79216300137341">
        <ele>1354</ele>
        <time>2015-08-02T11:46:11Z</time>
      </trkpt>
      <trkpt lat="44.75571102462709" lon="6.792383026331663">
        <ele>1354</ele>
        <time>2015-08-02T11:46:31Z</time>
      </trkpt>
      <trkpt lat="44.755572974681854" lon="6.792790973559022">
        <ele>1356</ele>
        <time>2015-08-02T11:46:51Z</time>
      </trkpt>
      <trkpt lat="44.75545696914196" lon="6.792761972174048">
        <ele>1358</ele>
        <time>2015-08-02T11:47:11Z</time>
      </trkpt>
      <trkpt lat="44.755225963890553" lon="6.79287102073431">
        <ele>1362</ele>
        <time>2015-08-02T11:47:31Z</time>
      </trkpt>
      <trkpt lat="44.755352027714252" lon="6.792383026331663">
        <ele>1361</ele>
        <time>2015-08-02T11:47:51Z</time>
      </trkpt>
      <trkpt lat="44.75506603717804" lon="6.792371962219477">
        <ele>1365</ele>
        <time>2015-08-02T11:48:11Z</time>
      </trkpt>
      <trkpt lat="44.754672003909945" lon="6.79265895858407">
        <ele>1382</ele>
        <time>2015-08-02T11:48:31Z</time>
      </trkpt>
      <trkpt lat="44.754506964236498" lon="6.79300001822412">
        <ele>1387</ele>
        <time>2015-08-02T11:48:51Z</time>
      </trkpt>
      <trkpt lat="44.753978988155723" lon="6.793380975723267">
        <ele>1421</ele>
        <time>2015-08-02T11:49:11Z</time>
      </trkpt>
      <trkpt lat="44.753431985154748" lon="6.792582012712956">
        <ele>1430</ele>
        <time>2015-08-02T11:49:31Z</time>
      </trkpt>
      <trkpt lat="44.753013979643583" lon="6.792297028005123">
        <ele>1447</ele>
        <time>2015-08-02T11:49:51Z</time>
      </trkpt>
      <trkpt lat="44.752738969400525" lon="6.791675006970763">
        <ele>1450</ele>
        <time>2015-08-02T11:50:11Z</time>
      </trkpt>
      <trkpt lat="44.75176197476685" lon="6.791750025004149">
        <ele>1478</ele>
        <time>2015-08-02T11:50:31Z</time>
      </trkpt>
      <trkpt lat="44.75126601755619" lon="6.791470991447568">
        <ele>1471</ele>
        <time>2015-08-02T11:50:51Z</time>
      </trkpt>
      <trkpt lat="44.750758996233344" lon="6.791771985590458">
        <ele>1492</ele>
        <time>2015-08-02T11:51:11Z</time>
      </trkpt>
      <trkpt lat="44.750311989337206" lon="6.792255034670234">
        <ele>1511</ele>
        <time>2015-08-02T11:51:31Z</time>
      </trkpt>
      <trkpt lat="44.749452006071806" lon="6.79201296530664">
        <ele>1519</ele>
        <time>2015-08-02T11:51:51Z</time>
      </trkpt>
      <trkpt lat="44.748847000300884" lon="6.791995028033853">
        <ele>1532</ele>
        <time>2015-08-02T11:52:11Z</time>
      </trkpt>
      <trkpt lat="44.748272001743317" lon="6.792146991938353">
        <ele>1548</ele>
        <time>2015-08-02T11:52:31Z</time>
      </trkpt>
      <trkpt lat="44.74793597124517" lon="6.792786028236151">
        <ele>1561</ele>
        <time>2015-08-02T11:52:51Z</time>
      </trkpt>
      <trkpt lat="44.7475700173527" lon="6.793291959911585">
        <ele>1567</ele>
        <time>2015-08-02T11:53:11Z</time>
      </trkpt>
      <trkpt lat="44.747077999636531" lon="6.793766962364316">
        <ele>1587</ele>
        <time>2015-08-02T11:53:31Z</time>
      </trkpt>
      <trkpt lat="44.74711999297142" lon="6.7938800342381">
        <ele>1588</ele>
        <time>2015-08-02T11:53:51Z</time>
      </trkpt>
      <trkpt lat="44.747370025143027" lon="6.793653974309564">
        <ele>1583</ele>
        <time>2015-08-02T11:54:11Z</time>
      </trkpt>
      <trkpt lat="44.747414030134678" lon="6.793805016204715">
        <ele>1586</ele>
        <time>2015-08-02T11:54:31Z</time>
      </trkpt>
      <trkpt lat="44.747112030163407" lon="6.794148003682494">
        <ele>1589</ele>
        <time>2015-08-02T11:54:51Z</time>
      </trkpt>
      <trkpt lat="44.746901979669929" lon="6.794877983629704">
        <ele>1604</ele>
        <time>2015-08-02T11:55:11Z</time>
      </trkpt>
      <trkpt lat="44.747464992105961" lon="6.794714033603668">
        <ele>1611</ele>
        <time>2015-08-02T11:55:31Z</time>
      </trkpt>
      <trkpt lat="44.747477984055877" lon="6.794904973357916">
        <ele>1620</ele>
        <time>2015-08-02T11:55:51Z</time>
      </trkpt>
      <trkpt lat="44.747176989912987" lon="6.795148970559239">
        <ele>1624</ele>
        <time>2015-08-02T11:56:11Z</time>
      </trkpt>
      <trkpt lat="44.74696702323854" lon="6.79557996802032">
        <ele>1625</ele>
        <time>2015-08-02T11:56:31Z</time>
      </trkpt>
      <trkpt lat="44.746908014640212" lon="6.796176005154848">
        <ele>1642</ele>
        <time>2015-08-02T11:56:51Z</time>
      </trkpt>
      <trkpt lat="44.746605008840561" lon="6.7969970125705">
        <ele>1648</ele>
        <time>2015-08-02T11:57:11Z</time>
      </trkpt>
      <trkpt lat="44.746307032182813" lon="6.797280991449952">
        <ele>1652</ele>
        <time>2015-08-02T11:57:31Z</time>
      </trkpt>
      <trkpt lat="44.745628014206886" lon="6.797458017244935">
        <ele>1659</ele>
        <time>2015-08-02T11:57:51Z</time>
      </trkpt>
      <trkpt lat="44.745110012590885" lon="6.797392973676324">
        <ele>1664</ele>
        <time>2015-08-02T11:58:11Z</time>
      </trkpt>
      <trkpt lat="44.744781022891402" lon="6.79800502024591">
        <ele>1682</ele>
        <time>2015-08-02T11:58:31Z</time>
      </trkpt>
      <trkpt lat="44.744492014870048" lon="6.798272989690304">
        <ele>1687</ele>
        <time>2015-08-02T11:58:51Z</time>
      </trkpt>
      <trkpt lat="44.743820037692785" lon="6.798197971656919">
        <ele>1707</ele>
        <time>2015-08-02T11:59:11Z</time>
      </trkpt>
      <trkpt lat="44.742954019457102" lon="6.797478972002864">
        <ele>1724</ele>
        <time>2015-08-02T11:59:31Z</time>
      </trkpt>
      <trkpt lat="44.74217601120472" lon="6.797821959480643">
        <ele>1745</ele>
        <time>2015-08-02T11:59:51Z</time>
      </trkpt>
      <trkpt lat="44.741505039855838" lon="6.79757603444159">
        <ele>1755</ele>
        <time>2015-08-02T12:00:11Z</time>
      </trkpt>
      <trkpt lat="44.740977985784411" lon="6.79755499586463">
        <ele>1763</ele>
        <time>2015-08-02T12:00:31Z</time>
      </trkpt>
      <trkpt lat="44.740657964721322" lon="6.797978030517697">
        <ele>1777</ele>
        <time>2015-08-02T12:00:51Z</time>
      </trkpt>
      <trkpt lat="44.740034015849233" lon="6.798216998577118">
        <ele>1786</ele>
        <time>2015-08-02T12:01:11Z</time>
      </trkpt>
      <trkpt lat="44.739713994786143" lon="6.798498965799809">
        <ele>1798</ele>
        <time>2015-08-02T12:01:31Z</time>
      </trkpt>
      <trkpt lat="44.739226000383496" lon="6.798503994941711">
        <ele>1797</ele>
        <time>2015-08-02T12:01:51Z</time>
      </trkpt>
      <trkpt lat="44.738878989592195" lon="6.798725025728345">
        <ele>1803</ele>
        <time>2015-08-02T12:02:11Z</time>
      </trkpt>
      <trkpt lat="44.738571038469672" lon="6.799226012080908">
        <ele>1819</ele>
        <time>2015-08-02T12:02:31Z</time>
      </trkpt>
      <trkpt lat="44.738350007683039" lon="6.799333970993757">
        <ele>1819</ele>
        <time>2015-08-02T12:02:51Z</time>
      </trkpt>
      <trkpt lat="44.738007020205259" lon="6.799850966781378">
        <ele>1831</ele>
        <time>2015-08-02T12:03:11Z</time>
      </trkpt>
      <trkpt lat="44.73760100081563" lon="6.799757005646825">
        <ele>1832</ele>
        <time>2015-08-02T12:03:31Z</time>
      </trkpt>
      <trkpt lat="44.737134966999292" lon="6.799534969031811">
        <ele>1827</ele>
        <time>2015-08-02T12:03:51Z</time>
      </trkpt>
      <trkpt lat="44.737016027793288" lon="6.799694979563355">
        <ele>1828</ele>
        <time>2015-08-02T12:04:11Z</time>
      </trkpt>
      <trkpt lat="44.736928017809987" lon="6.800091024488211">
        <ele>1841</ele>
        <time>2015-08-02T12:04:31Z</time>
      </trkpt>
      <trkpt lat="44.736470030620694" lon="6.800957964733243">
        <ele>1862</ele>
        <time>2015-08-02T12:04:51Z</time>
      </trkpt>
      <trkpt lat="44.736265009269118" lon="6.800781022757292">
        <ele>1849</ele>
        <time>2015-08-02T12:05:11Z</time>
      </trkpt>
      <trkpt lat="44.735863013193011" lon="6.800883030518889">
        <ele>1862</ele>
        <time>2015-08-02T12:05:31Z</time>
      </trkpt>
      <trkpt lat="44.735552966594696" lon="6.800731988623738">
        <ele>1855</ele>
        <time>2015-08-02T12:05:51Z</time>
      </trkpt>
      <trkpt lat="44.735090034082532" lon="6.800891999155283">
        <ele>1866</ele>
        <time>2015-08-02T12:06:11Z</time>
      </trkpt>
      <trkpt lat="44.734703041613102" lon="6.800795020535588">
        <ele>1859</ele>
        <time>2015-08-02T12:06:31Z</time>
      </trkpt>
      <trkpt lat="44.734338009729981" lon="6.801171032711864">
        <ele>1876</ele>
        <time>2015-08-02T12:06:51Z</time>
      </trkpt>
      <trkpt lat="44.733983958140016" lon="6.800956036895514">
        <ele>1874</ele>
        <time>2015-08-02T12:07:11Z</time>
      </trkpt>
      <trkpt lat="44.733599983155727" lon="6.801298018544912">
        <ele>1880</ele>
        <time>2015-08-02T12:07:31Z</time>
      </trkpt>
      <trkpt lat="44.73334601148963" lon="6.801094003021717">
        <ele>1876</ele>
        <time>2015-08-02T12:07:51Z</time>
      </trkpt>
      <trkpt lat="44.733043005689979" lon="6.801130967214704">
        <ele>1883</ele>
        <time>2015-08-02T12:08:11Z</time>
      </trkpt>
      <trkpt lat="44.732153015211225" lon="6.801028959453106">
        <ele>1892</ele>
        <time>2015-08-02T12:08:31Z</time>
      </trkpt>
      <trkpt lat="44.732018988579512" lon="6.801167009398341">
        <ele>1894</ele>
        <time>2015-08-02T12:08:51Z</time>
      </trkpt>
      <trkpt lat="44.731769962236285" lon="6.801925990730524">
        <ele>1913</ele>
        <time>2015-08-02T12:09:11Z</time>
      </trkpt>
      <trkpt lat="44.730972005054355" lon="6.801939988508821">
        <ele>1915</ele>
        <time>2015-08-02T12:09:31Z</time>
      </trkpt>
      <trkpt lat="44.730088971555233" lon="6.802284987643361">
        <ele>1925</ele>
        <time>2015-08-02T12:09:51Z</time>
      </trkpt>
      <trkpt lat="44.72969401627779" lon="6.802501995116472">
        <ele>1944</ele>
        <time>2015-08-02T12:10:11Z</time>
      </trkpt>
      <trkpt lat="44.729496035724878" lon="6.802505012601614">
        <ele>1945</ele>
        <time>2015-08-02T12:10:31Z</time>
      </trkpt>
      <trkpt lat="44.72851200029254" lon="6.80292502976954">
        <ele>1948</ele>
        <time>2015-08-02T12:10:51Z</time>
      </trkpt>
      <trkpt lat="44.728381996974349" lon="6.802915977314115">
        <ele>1948</ele>
        <time>2015-08-02T12:11:11Z</time>
      </trkpt>
      <trkpt lat="44.72819097340107" lon="6.803144970908761">
        <ele>1950</ele>
        <time>2015-08-02T12:11:31Z</time>
      </trkpt>
      <trkpt lat="44.727669032290578" lon="6.803410006687045">
        <ele>1957</ele>
        <time>2015-08-02T12:11:51Z</time>
      </trkpt>
      <trkpt lat="44.727214984595776" lon="6.803545961156488">
        <ele>1960</ele>
        <time>2015-08-02T12:12:11Z</time>
      </trkpt>
      <trkpt lat="44.726735036820173" lon="6.803954998031259">
        <ele>1968</ele>
        <time>2015-08-02T12:12:31Z</time>
      </trkpt>
      <trkpt lat="44.726384002715349" lon="6.804239982739091">
        <ele>1984</ele>
        <time>2015-08-02T12:12:51Z</time>
      </trkpt>
      <trkpt lat="44.726258022710681" lon="6.804629992693663">
        <ele>1990</ele>
        <time>2015-08-02T12:13:11Z</time>
      </trkpt>
      <trkpt lat="44.726284006610513" lon="6.804997036233544">
        <ele>1993</ele>
        <time>2015-08-02T12:13:31Z</time>
      </trkpt>
      <trkpt lat="44.725769022479653" lon="6.805076999589801">
        <ele>2006</ele>
        <time>2015-08-02T12:13:51Z</time>
      </trkpt>
      <trkpt lat="44.725368032231927" lon="6.804877007380128">
        <ele>2001</ele>
        <time>2015-08-02T12:14:11Z</time>
      </trkpt>
      <trkpt lat="44.724030029028654" lon="6.80501002818346">
        <ele>2040</ele>
        <time>2015-08-02T12:14:31Z</time>
      </trkpt>
      <trkpt lat="44.722478035837412" lon="6.804724959656596">
        <ele>2074</ele>
        <time>2015-08-02T12:14:51Z</time>
      </trkpt>
      <trkpt lat="44.721793988719583" lon="6.803961033001542">
        <ele>2076</ele>
        <time>2015-08-02T12:15:11Z</time>
      </trkpt>
      <trkpt lat="44.721355028450489" lon="6.803584014996886">
        <ele>2083</ele>
        <time>2015-08-02T12:15:31Z</time>
      </trkpt>
      <trkpt lat="44.720698976889253" lon="6.803460968658328">
        <ele>2086</ele>
        <time>2015-08-02T12:15:51Z</time>
      </trkpt>
      <trkpt lat="44.720423966646194" lon="6.80331596173346">
        <ele>2091</ele>
        <time>2015-08-02T12:16:11Z</time>
      </trkpt>
      <trkpt lat="44.719348987564445" lon="6.803574040532112">
        <ele>2099</ele>
        <time>2015-08-02T12:16:31Z</time>
      </trkpt>
      <trkpt lat="44.719139020889997" lon="6.803406989201903">
        <ele>2101</ele>
        <time>2015-08-02T12:16:51Z</time>
      </trkpt>
      <trkpt lat="44.718897035345435" lon="6.803361978381872">
        <ele>2107</ele>
        <time>2015-08-02T12:17:11Z</time>
      </trkpt>
      <trkpt lat="44.718760997056961" lon="6.803209008648992">
        <ele>2113</ele>
        <time>2015-08-02T12:17:31Z</time>
      </trkpt>
      <trkpt lat="44.71830703318119" lon="6.803252007812262">
        <ele>2121</ele>
        <time>2015-08-02T12:17:51Z</time>
      </trkpt>
      <trkpt lat="44.717723987996578" lon="6.803476978093386">
        <ele>2127</ele>
        <time>2015-08-02T12:18:11Z</time>
      </trkpt>
      <trkpt lat="44.717109007760882" lon="6.80389498360455">
        <ele>2135</ele>
        <time>2015-08-02T12:18:31Z</time>
      </trkpt>
      <trkpt lat="44.716614978387952" lon="6.804098999127746">
        <ele>2138</ele>
        <time>2015-08-02T12:18:51Z</time>
      </trkpt>
      <trkpt lat="44.716251036152244" lon="6.804355988278985">
        <ele>2140</ele>
        <time>2015-08-02T12:19:11Z</time>
      </trkpt>
      <trkpt lat="44.715141020715237" lon="6.80434500798583">
        <ele>2158</ele>
        <time>2015-08-02T12:19:31Z</time>
      </trkpt>
      <trkpt lat="44.714493015781045" lon="6.80462496355176">
        <ele>2172</ele>
        <time>2015-08-02T12:19:51Z</time>
      </trkpt>
      <trkpt lat="44.714035028591752" lon="6.80456000380218">
        <ele>2183</ele>
        <time>2015-08-02T12:20:11Z</time>
      </trkpt>
      <trkpt lat="44.713402027264237" lon="6.80466796271503">
        <ele>2186</ele>
        <time>2015-08-02T12:20:31Z</time>
      </trkpt>
      <trkpt lat="44.712939010933042" lon="6.8048179987818">
        <ele>2197</ele>
        <time>2015-08-02T12:20:51Z</time>
      </trkpt>
      <trkpt lat="44.712688978761435" lon="6.804796038195491">
        <ele>2199</ele>
        <time>2015-08-02T12:21:11Z</time>
      </trkpt>
      <trkpt lat="44.712052037939429" lon="6.805081022903323">
        <ele>2209</ele>
        <time>2015-08-02T12:21:31Z</time>
      </trkpt>
      <trkpt lat="44.711391041055322" lon="6.805026959627867">
        <ele>2226</ele>
        <time>2015-08-02T12:21:51Z</time>
      </trkpt>
      <trkpt lat="44.711465975269675" lon="6.804791009053588">
        <ele>2235</ele>
        <time>2015-08-02T12:22:11Z</time>
      </trkpt>
      <trkpt lat="44.711403027176857" lon="6.804662011563778">
        <ele>2238</ele>
        <time>2015-08-02T12:22:31Z</time>
      </trkpt>
      <trkpt lat="44.711817009374499" lon="6.80385198444128">
        <ele>2240</ele>
        <time>2015-08-02T12:22:51Z</time>
      </trkpt>
      <trkpt lat="44.712058994919062" lon="6.803261982277036">
        <ele>2254</ele>
        <time>2015-08-02T12:23:11Z</time>
      </trkpt>
      <trkpt lat="44.711608970537782" lon="6.803327025845647">
        <ele>2260</ele>
        <time>2015-08-02T12:23:31Z</time>
      </trkpt>
      <trkpt lat="44.711620034649968" lon="6.803015973418951">
        <ele>2266</ele>
        <time>2015-08-02T12:23:51Z</time>
      </trkpt>
      <trkpt lat="44.711423981934786" lon="6.803107000887394">
        <ele>2267</ele>
        <time>2015-08-02T12:24:11Z</time>
      </trkpt>
      <trkpt lat="44.711205968633294" lon="6.803071964532137">
        <ele>2269</ele>
        <time>2015-08-02T12:24:31Z</time>
      </trkpt>
      <trkpt lat="44.711162969470024" lon="6.802941039204598">
        <ele>2270</ele>
        <time>2015-08-02T12:24:51Z</time>
      </trkpt>
      <trkpt lat="44.71102399751544" lon="6.802927041426301">
        <ele>2271</ele>
        <time>2015-08-02T12:25:11Z</time>
      </trkpt>
      <trkpt lat="44.710717974230647" lon="6.803053021430969">
        <ele>2275</ele>
        <time>2015-08-02T12:25:31Z</time>
      </trkpt>
      <trkpt lat="44.710499960929155" lon="6.803039023652673">
        <ele>2275</ele>
        <time>2015-08-02T12:25:51Z</time>
      </trkpt>
      <trkpt lat="44.710221011191607" lon="6.802907008677721">
        <ele>2274</ele>
        <time>2015-08-02T12:26:11Z</time>
      </trkpt>
      <trkpt lat="44.709937032312155" lon="6.802997030317783">
        <ele>2279</ele>
        <time>2015-08-02T12:26:31Z</time>
      </trkpt>
      <trkpt lat="44.709182996302843" lon="6.802832996472716">
        <ele>2278</ele>
        <time>2015-08-02T12:26:51Z</time>
      </trkpt>
      <trkpt lat="44.708917960524559" lon="6.802951013669372">
        <ele>2285</ele>
        <time>2015-08-02T12:27:11Z</time>
      </trkpt>
      <trkpt lat="44.708750993013382" lon="6.802918994799256">
        <ele>2285</ele>
        <time>2015-08-02T12:27:31Z</time>
      </trkpt>
      <trkpt lat="44.708491992205381" lon="6.803037011995912">
        <ele>2288</ele>
        <time>2015-08-02T12:27:51Z</time>
      </trkpt>
      <trkpt lat="44.708327958360314" lon="6.802935004234314">
        <ele>2288</ele>
        <time>2015-08-02T12:28:11Z</time>
      </trkpt>
      <trkpt lat="44.708100976422429" lon="6.802970040589571">
        <ele>2288</ele>
        <time>2015-08-02T12:28:31Z</time>
      </trkpt>
      <trkpt lat="44.707896960899234" lon="6.802746998146176">
        <ele>2284</ele>
        <time>2015-08-02T12:28:51Z</time>
      </trkpt>
      <trkpt lat="44.707489013671875" lon="6.802886975929141">
        <ele>2277</ele>
        <time>2015-08-02T12:29:11Z</time>
      </trkpt>
      <trkpt lat="44.70726203173399" lon="6.803139019757509">
        <ele>2281</ele>
        <time>2015-08-02T12:29:31Z</time>
      </trkpt>
      <trkpt lat="44.707142002880573" lon="6.803465997800231">
        <ele>2298</ele>
        <time>2015-08-02T12:29:51Z</time>
      </trkpt>
      <trkpt lat="44.706913009285927" lon="6.803605975583196">
        <ele>2295</ele>
        <time>2015-08-02T12:30:11Z</time>
      </trkpt>
      <trkpt lat="44.706752998754382" lon="6.804313994944096">
        <ele>2314</ele>
        <time>2015-08-02T12:30:31Z</time>
      </trkpt>
      <trkpt lat="44.706332981586456" lon="6.804570984095335">
        <ele>2298</ele>
        <time>2015-08-02T12:30:51Z</time>
      </trkpt>
      <trkpt lat="44.70595202408731" lon="6.80533298291266">
        <ele>2316</ele>
        <time>2015-08-02T12:31:11Z</time>
      </trkpt>
      <trkpt lat="44.70573803409934" lon="6.80528998374939">
        <ele>2301</ele>
        <time>2015-08-02T12:31:31Z</time>
      </trkpt>
      <trkpt lat="44.705539969727397" lon="6.805664990097284">
        <ele>2307</ele>
        <time>2015-08-02T12:31:51Z</time>
      </trkpt>
      <trkpt lat="44.705231012776494" lon="6.805546972900629">
        <ele>2302</ele>
        <time>2015-08-02T12:32:11Z</time>
      </trkpt>
      <trkpt lat="44.704867992550135" lon="6.80550497956574">
        <ele>2292</ele>
        <time>2015-08-02T12:32:31Z</time>
      </trkpt>
      <trkpt lat="44.704134995117784" lon="6.805750988423824">
        <ele>2292</ele>
        <time>2015-08-02T12:32:51Z</time>
      </trkpt>
      <trkpt lat="44.703863002359867" lon="6.805691979825497">
        <ele>2285</ele>
        <time>2015-08-02T12:33:11Z</time>
      </trkpt>
      <trkpt lat="44.703178033232689" lon="6.805675970390439">
        <ele>2274</ele>
        <time>2015-08-02T12:33:31Z</time>
      </trkpt>
      <trkpt lat="44.702246971428394" lon="6.80649102665484">
        <ele>2279</ele>
        <time>2015-08-02T12:33:51Z</time>
      </trkpt>
      <trkpt lat="44.701972967013717" lon="6.806351970881224">
        <ele>2275</ele>
        <time>2015-08-02T12:34:11Z</time>
      </trkpt>
      <trkpt lat="44.701415989547968" lon="6.806654976680875">
        <ele>2271</ele>
        <time>2015-08-02T12:34:31Z</time>
      </trkpt>
      <trkpt lat="44.701194958761334" lon="6.806851029396057">
        <ele>2286</ele>
        <time>2015-08-02T12:34:51Z</time>
      </trkpt>
      <trkpt lat="44.701026985421777" lon="6.806875001639128">
        <ele>2283</ele>
        <time>2015-08-02T12:35:11Z</time>
      </trkpt>
      <trkpt lat="44.700157027691603" lon="6.807327959686518">
        <ele>2283</ele>
        <time>2015-08-02T12:35:31Z</time>
      </trkpt>
      <trkpt lat="44.699546992778778" lon="6.807178007438779">
        <ele>2288</ele>
        <time>2015-08-02T12:35:51Z</time>
      </trkpt>
      <trkpt lat="44.699012981727719" lon="6.80687801912427">
        <ele>2290</ele>
        <time>2015-08-02T12:36:11Z</time>
      </trkpt>
      <trkpt lat="44.698554994538426" lon="6.806888999417424">
        <ele>2290</ele>
        <time>2015-08-02T12:36:31Z</time>
      </trkpt>
      <trkpt lat="44.698249977082014" lon="6.807135008275509">
        <ele>2291</ele>
        <time>2015-08-02T12:36:51Z</time>
      </trkpt>
      <trkpt lat="44.697616975754499" lon="6.807242967188358">
        <ele>2289</ele>
        <time>2015-08-02T12:37:11Z</time>
      </trkpt>
      <trkpt lat="44.697246998548508" lon="6.807563994079828">
        <ele>2296</ele>
        <time>2015-08-02T12:37:31Z</time>
      </trkpt>
      <trkpt lat="44.696894036605954" lon="6.808069003745914">
        <ele>2298</ele>
        <time>2015-08-02T12:37:51Z</time>
      </trkpt>
      <trkpt lat="44.696708964183927" lon="6.808530008420348">
        <ele>2311</ele>
        <time>2015-08-02T12:38:11Z</time>
      </trkpt>
      <trkpt lat="44.696274027228355" lon="6.808711979538202">
        <ele>2304</ele>
        <time>2015-08-02T12:38:31Z</time>
      </trkpt>
      <trkpt lat="44.695742027834058" lon="6.808707034215331">
        <ele>2299</ele>
        <time>2015-08-02T12:38:51Z</time>
      </trkpt>
      <trkpt lat="44.695179015398026" lon="6.808636961504817">
        <ele>2299</ele>
        <time>2015-08-02T12:39:11Z</time>
      </trkpt>
      <trkpt lat="44.694763021543622" lon="6.808155002072454">
        <ele>2287</ele>
        <time>2015-08-02T12:39:31Z</time>
      </trkpt>
      <trkpt lat="44.694253988564014" lon="6.808133963495493">
        <ele>2291</ele>
        <time>2015-08-02T12:39:51Z</time>
      </trkpt>
      <trkpt lat="44.694151980802417" lon="6.807989040389657">
        <ele>2291</ele>
        <time>2015-08-02T12:40:11Z</time>
      </trkpt>
      <trkpt lat="44.693919969722629" lon="6.808112002909184">
        <ele>2293</ele>
        <time>2015-08-02T12:40:31Z</time>
      </trkpt>
      <trkpt lat="44.693570025265217" lon="6.807715035974979">
        <ele>2287</ele>
        <time>2015-08-02T12:40:51Z</time>
      </trkpt>
      <trkpt lat="44.693150008097291" lon="6.807854007929564">
        <ele>2291</ele>
        <time>2015-08-02T12:41:11Z</time>
      </trkpt>
      <trkpt lat="44.692608034238219" lon="6.807768009603024">
        <ele>2287</ele>
        <time>2015-08-02T12:41:31Z</time>
      </trkpt>
      <trkpt lat="44.691746039316058" lon="6.807768009603024">
        <ele>2292</ele>
        <time>2015-08-02T12:41:51Z</time>
      </trkpt>
      <trkpt lat="44.691348988562822" lon="6.807445976883173">
        <ele>2290</ele>
        <time>2015-08-02T12:42:11Z</time>
      </trkpt>
      <trkpt lat="44.691006001085043" lon="6.80670602247119">
        <ele>2290</ele>
        <time>2015-08-02T12:42:31Z</time>
      </trkpt>
      <trkpt lat="44.690711963921785" lon="6.806614995002747">
        <ele>2290</ele>
        <time>2015-08-02T12:42:51Z</time>
      </trkpt>
      <trkpt lat="44.690388003364205" lon="6.806652965024114">
        <ele>2292</ele>
        <time>2015-08-02T12:43:11Z</time>
      </trkpt>
      <trkpt lat="44.690086003392935" lon="6.806358005851507">
        <ele>2292</ele>
        <time>2015-08-02T12:43:31Z</time>
      </trkpt>
      <trkpt lat="44.689938984811306" lon="6.80632296949625">
        <ele>2298</ele>
        <time>2015-08-02T12:43:51Z</time>
      </trkpt>
      <trkpt lat="44.689677972346544" lon="6.806008983403444">
        <ele>2295</ele>
        <time>2015-08-02T12:44:11Z</time>
      </trkpt>
      <trkpt lat="44.689443027600646" lon="6.806075032800436">
        <ele>2296</ele>
        <time>2015-08-02T12:44:31Z</time>
      </trkpt>
      <trkpt lat="44.689275976270437" lon="6.805952992290258">
        <ele>2296</ele>
        <time>2015-08-02T12:44:51Z</time>
      </trkpt>
      <trkpt lat="44.689055029302835" lon="6.805993979796767">
        <ele>2289</ele>
        <time>2015-08-02T12:45:11Z</time>
      </trkpt>
      <trkpt lat="44.68870198354125" lon="6.805961038917303">
        <ele>2283</ele>
        <time>2015-08-02T12:45:31Z</time>
      </trkpt>
      <trkpt lat="44.688494028523564" lon="6.805833969265223">
        <ele>2278</ele>
        <time>2015-08-02T12:45:51Z</time>
      </trkpt>
      <trkpt lat="44.688493022695184" lon="6.80614703334868">
        <ele>2281</ele>
        <time>2015-08-02T12:46:11Z</time>
      </trkpt>
      <trkpt lat="44.688401995226741" lon="6.806189026683569">
        <ele>2280</ele>
        <time>2015-08-02T12:46:31Z</time>
      </trkpt>
      <trkpt lat="44.688169984146953" lon="6.805989034473896">
        <ele>2261</ele>
        <time>2015-08-02T12:46:51Z</time>
      </trkpt>
      <trkpt lat="44.688152968883514" lon="6.805788958445191">
        <ele>2263</ele>
        <time>2015-08-02T12:47:11Z</time>
      </trkpt>
      <trkpt lat="44.6880569960922" lon="6.805835980921984">
        <ele>2258</ele>
        <time>2015-08-02T12:47:31Z</time>
      </trkpt>
      <trkpt lat="44.688022965565324" lon="6.806044019758701">
        <ele>2256</ele>
        <time>2015-08-02T12:47:51Z</time>
      </trkpt>
      <trkpt lat="44.687940990552306" lon="6.80588903836906">
        <ele>2254</ele>
        <time>2015-08-02T12:48:11Z</time>
      </trkpt>
      <trkpt lat="44.687900003045797" lon="6.806075032800436">
        <ele>2253</ele>
        <time>2015-08-02T12:48:31Z</time>
      </trkpt>
      <trkpt lat="44.687889022752643" lon="6.806497983634472">
        <ele>2253</ele>
        <time>2015-08-02T12:48:51Z</time>
      </trkpt>
      <trkpt lat="44.687962029129267" lon="6.806733012199402">
        <ele>2258</ele>
        <time>2015-08-02T12:49:11Z</time>
      </trkpt>
      <trkpt lat="44.687768993899226" lon="6.806560009717941">
        <ele>2249</ele>
        <time>2015-08-02T12:49:31Z</time>
      </trkpt>
      <trkpt lat="44.687443021684885" lon="6.806129012256861">
        <ele>2223</ele>
        <time>2015-08-02T12:49:51Z</time>
      </trkpt>
      <trkpt lat="44.687377978116274" lon="6.805898007005453">
        <ele>2226</ele>
        <time>2015-08-02T12:50:11Z</time>
      </trkpt>
      <trkpt lat="44.687269013375044" lon="6.806177962571383">
        <ele>2220</ele>
        <time>2015-08-02T12:50:31Z</time>
      </trkpt>
      <trkpt lat="44.687287034466863" lon="6.806563027203083">
        <ele>2223</ele>
        <time>2015-08-02T12:50:51Z</time>
      </trkpt>
      <trkpt lat="44.687155019491911" lon="6.806395975872874">
        <ele>2218</ele>
        <time>2015-08-02T12:51:11Z</time>
      </trkpt>
      <trkpt lat="44.687126018106937" lon="6.806555986404419">
        <ele>2218</ele>
        <time>2015-08-02T12:51:31Z</time>
      </trkpt>
      <trkpt lat="44.687029039487243" lon="6.806378960609436">
        <ele>2215</ele>
        <time>2015-08-02T12:51:51Z</time>
      </trkpt>
      <trkpt lat="44.687029961496592" lon="6.806614995002747">
        <ele>2215</ele>
        <time>2015-08-02T12:52:11Z</time>
      </trkpt>
      <trkpt lat="44.686905993148685" lon="6.806367980316281">
        <ele>2212</ele>
        <time>2015-08-02T12:52:31Z</time>
      </trkpt>
      <trkpt lat="44.686695020645857" lon="6.805773032829166">
        <ele>2201</ele>
        <time>2015-08-02T12:52:51Z</time>
      </trkpt>
      <trkpt lat="44.686436019837856" lon="6.805451000109315">
        <ele>2185</ele>
        <time>2015-08-02T12:53:11Z</time>
      </trkpt>
      <trkpt lat="44.686137959361076" lon="6.805269028991461">
        <ele>2179</ele>
        <time>2015-08-02T12:53:31Z</time>
      </trkpt>
      <trkpt lat="44.685688018798828" lon="6.804702999070287">
        <ele>2158</ele>
        <time>2015-08-02T12:53:51Z</time>
      </trkpt>
      <trkpt lat="44.68543597497046" lon="6.804502001032233">
        <ele>2154</ele>
        <time>2015-08-02T12:54:11Z</time>
      </trkpt>
      <trkpt lat="44.685246041044593" lon="6.80415297858417">
        <ele>2161</ele>
        <time>2015-08-02T12:54:31Z</time>
      </trkpt>
      <trkpt lat="44.684705995023251" lon="6.803907975554466">
        <ele>2138</ele>
        <time>2015-08-02T12:54:51Z</time>
      </trkpt>
      <trkpt lat="44.684570962563157" lon="6.803714018315077">
        <ele>2138</ele>
        <time>2015-08-02T12:55:11Z</time>
      </trkpt>
      <trkpt lat="44.684406006708741" lon="6.803616033867002">
        <ele>2136</ele>
        <time>2015-08-02T12:55:31Z</time>
      </trkpt>
      <trkpt lat="44.684511031955481" lon="6.803867993876338">
        <ele>2134</ele>
        <time>2015-08-02T12:55:51Z</time>
      </trkpt>
      <trkpt lat="44.684531986713409" lon="6.804077960550785">
        <ele>2132</ele>
        <time>2015-08-02T12:56:11Z</time>
      </trkpt>
      <trkpt lat="44.684210037812591" lon="6.803874028846622">
        <ele>2128</ele>
        <time>2015-08-02T12:56:31Z</time>
      </trkpt>
      <trkpt lat="44.684052960947156" lon="6.803648974746466">
        <ele>2111</ele>
        <time>2015-08-02T12:56:51Z</time>
      </trkpt>
      <trkpt lat="44.683919018134475" lon="6.803605975583196">
        <ele>2109</ele>
        <time>2015-08-02T12:57:11Z</time>
      </trkpt>
      <trkpt lat="44.683102034032345" lon="6.802866021171212">
        <ele>2094</ele>
        <time>2015-08-02T12:57:31Z</time>
      </trkpt>
      <trkpt lat="44.683032967150211" lon="6.8027129676193">
        <ele>2095</ele>
        <time>2015-08-02T12:57:51Z</time>
      </trkpt>
      <trkpt lat="44.682766003534198" lon="6.802596962079406">
        <ele>2088</ele>
        <time>2015-08-02T12:58:11Z</time>
      </trkpt>
      <trkpt lat="44.682486969977617" lon="6.80232597514987">
        <ele>2075</ele>
        <time>2015-08-02T12:58:31Z</time>
      </trkpt>
      <trkpt lat="44.682402983307838" lon="6.802081977948546">
        <ele>2075</ele>
        <time>2015-08-02T12:58:51Z</time>
      </trkpt>
      <trkpt lat="44.68199503608048" lon="6.801803028210998">
        <ele>2068</ele>
        <time>2015-08-02T12:59:11Z</time>
      </trkpt>
      <trkpt lat="44.681486003100872" lon="6.801247978582978">
        <ele>2053</ele>
        <time>2015-08-02T12:59:31Z</time>
      </trkpt>
      <trkpt lat="44.681301014497876" lon="6.801105989143252">
        <ele>2050</ele>
        <time>2015-08-02T12:59:51Z</time>
      </trkpt>
      <trkpt lat="44.681328004226089" lon="6.801353003829718">
        <ele>2049</ele>
        <time>2015-08-02T13:00:11Z</time>
      </trkpt>
      <trkpt lat="44.681110996752977" lon="6.801111018285155">
        <ele>2045</ele>
        <time>2015-08-02T13:00:31Z</time>
      </trkpt>
      <trkpt lat="44.681217027828097" lon="6.80191601626575">
        <ele>2027</ele>
        <time>2015-08-02T13:00:51Z</time>
      </trkpt>
      <trkpt lat="44.680457962676883" lon="6.801258958876133">
        <ele>2007</ele>
        <time>2015-08-02T13:01:11Z</time>
      </trkpt>
      <trkpt lat="44.679887993261218" lon="6.800875989720225">
        <ele>1980</ele>
        <time>2015-08-02T13:01:31Z</time>
      </trkpt>
      <trkpt lat="44.679744997993112" lon="6.800717990845442">
        <ele>1974</ele>
        <time>2015-08-02T13:01:51Z</time>
      </trkpt>
      <trkpt lat="44.679641984403133" lon="6.80079996585846">
        <ele>1969</ele>
        <time>2015-08-02T13:02:11Z</time>
      </trkpt>
      <trkpt lat="44.679511981084943" lon="6.800424037501216">
        <ele>1965</ele>
        <time>2015-08-02T13:02:31Z</time>
      </trkpt>
      <trkpt lat="44.679348031058908" lon="6.801089979708195">
        <ele>1953</ele>
        <time>2015-08-02T13:02:51Z</time>
      </trkpt>
      <trkpt lat="44.679250968620181" lon="6.800732994452119">
        <ele>1950</ele>
        <time>2015-08-02T13:03:11Z</time>
      </trkpt>
      <trkpt lat="44.679253986105323" lon="6.800504000857472">
        <ele>1957</ele>
        <time>2015-08-02T13:03:31Z</time>
      </trkpt>
      <trkpt lat="44.679189026355743" lon="6.800334015861154">
        <ele>1957</ele>
        <time>2015-08-02T13:03:51Z</time>
      </trkpt>
      <trkpt lat="44.679062040522695" lon="6.7997030261904">
        <ele>1923</ele>
        <time>2015-08-02T13:04:11Z</time>
      </trkpt>
      <trkpt lat="44.679080983623862" lon="6.79957302287221">
        <ele>1922</ele>
        <time>2015-08-02T13:04:31Z</time>
      </trkpt>
      <trkpt lat="44.678962966427207" lon="6.799035994336009">
        <ele>1923</ele>
        <time>2015-08-02T13:04:51Z</time>
      </trkpt>
      <trkpt lat="44.67890496365726" lon="6.799330031499267">
        <ele>1920</ele>
        <time>2015-08-02T13:05:11Z</time>
      </trkpt>
      <trkpt lat="44.678813014179468" lon="6.799031971022487">
        <ele>1915</ele>
        <time>2015-08-02T13:05:31Z</time>
      </trkpt>
      <trkpt lat="44.678720980882645" lon="6.798449009656906">
        <ele>1910</ele>
        <time>2015-08-02T13:05:51Z</time>
      </trkpt>
      <trkpt lat="44.678719975054264" lon="6.798295034095645">
        <ele>1910</ele>
        <time>2015-08-02T13:06:11Z</time>
      </trkpt>
      <trkpt lat="44.67864696867764" lon="6.798167964443564">
        <ele>1907</ele>
        <time>2015-08-02T13:06:31Z</time>
      </trkpt>
      <trkpt lat="44.678573040291667" lon="6.797709977254272">
        <ele>1905</ele>
        <time>2015-08-02T13:06:51Z</time>
      </trkpt>
      <trkpt lat="44.678242038935423" lon="6.797280991449952">
        <ele>1881</ele>
        <time>2015-08-02T13:07:11Z</time>
      </trkpt>
      <trkpt lat="44.678055038675666" lon="6.797623978927732">
        <ele>1873</ele>
        <time>2015-08-02T13:07:31Z</time>
      </trkpt>
      <trkpt lat="44.677368979901075" lon="6.796749997884035">
        <ele>1856</ele>
        <time>2015-08-02T13:07:51Z</time>
      </trkpt>
      <trkpt lat="44.677325980737805" lon="6.796455038711429">
        <ele>1855</ele>
        <time>2015-08-02T13:08:11Z</time>
      </trkpt>
      <trkpt lat="44.677200000733137" lon="6.79663198068738">
        <ele>1853</ele>
        <time>2015-08-02T13:08:31Z</time>
      </trkpt>
      <trkpt lat="44.676852989941835" lon="6.79600995965302">
        <ele>1845</ele>
        <time>2015-08-02T13:08:51Z</time>
      </trkpt>
      <trkpt lat="44.676658026874065" lon="6.795935025438666">
        <ele>1830</ele>
        <time>2015-08-02T13:09:11Z</time>
      </trkpt>
      <trkpt lat="44.676550989970565" lon="6.795543003827334">
        <ele>1825</ele>
        <time>2015-08-02T13:09:31Z</time>
      </trkpt>
      <trkpt lat="44.676560964435339" lon="6.795159028843045">
        <ele>1827</ele>
        <time>2015-08-02T13:09:51Z</time>
      </trkpt>
      <trkpt lat="44.676280003041029" lon="6.794258980080485">
        <ele>1826</ele>
        <time>2015-08-02T13:10:11Z</time>
      </trkpt>
      <trkpt lat="44.675419013947248" lon="6.79259198717773">
        <ele>1812</ele>
        <time>2015-08-02T13:10:31Z</time>
      </trkpt>
      <trkpt lat="44.675366040319204" lon="6.792329968884587">
        <ele>1816</ele>
        <time>2015-08-02T13:10:51Z</time>
      </trkpt>
      <trkpt lat="44.675524039193988" lon="6.790982997044921">
        <ele>1825</ele>
        <time>2015-08-02T13:11:11Z</time>
      </trkpt>
      <trkpt lat="44.675491014495492" lon="6.790698012337089">
        <ele>1824</ele>
        <time>2015-08-02T13:11:31Z</time>
      </trkpt>
      <trkpt lat="44.67516303062439" lon="6.79031303152442">
        <ele>1817</ele>
        <time>2015-08-02T13:11:51Z</time>
      </trkpt>
      <trkpt lat="44.675320023670793" lon="6.789710959419608">
        <ele>1819</ele>
        <time>2015-08-02T13:12:11Z</time>
      </trkpt>
      <trkpt lat="44.675196977332234" lon="6.789121041074395">
        <ele>1814</ele>
        <time>2015-08-02T13:12:31Z</time>
      </trkpt>
      <trkpt lat="44.674931019544601" lon="6.788922976702452">
        <ele>1790</ele>
        <time>2015-08-02T13:12:51Z</time>
      </trkpt>
      <trkpt lat="44.674663972109556" lon="6.788499020040035">
        <ele>1786</ele>
        <time>2015-08-02T13:13:11Z</time>
      </trkpt>
      <trkpt lat="44.674603035673499" lon="6.787319015711546">
        <ele>1798</ele>
        <time>2015-08-02T13:13:31Z</time>
      </trkpt>
      <trkpt lat="44.673698963597417" lon="6.786374961957336">
        <ele>1770</ele>
        <time>2015-08-02T13:13:51Z</time>
      </trkpt>
      <trkpt lat="44.673605002462864" lon="6.786337997764349">
        <ele>1767</ele>
        <time>2015-08-02T13:14:11Z</time>
      </trkpt>
      <trkpt lat="44.673671973869205" lon="6.785747995600104">
        <ele>1777</ele>
        <time>2015-08-02T13:14:31Z</time>
      </trkpt>
      <trkpt lat="44.673396963626146" lon="6.785562001168728">
        <ele>1772</ele>
        <time>2015-08-02T13:14:51Z</time>
      </trkpt>
      <trkpt lat="44.673478016629815" lon="6.785742966458201">
        <ele>1769</ele>
        <time>2015-08-02T13:15:11Z</time>
      </trkpt>
      <trkpt lat="44.673122959211469" lon="6.785542974248529">
        <ele>1745</ele>
        <time>2015-08-02T13:15:31Z</time>
      </trkpt>
      <trkpt lat="44.672730015590787" lon="6.784668993204832">
        <ele>1743</ele>
        <time>2015-08-02T13:15:51Z</time>
      </trkpt>
      <trkpt lat="44.672710988670588" lon="6.784315025433898">
        <ele>1744</ele>
        <time>2015-08-02T13:16:11Z</time>
      </trkpt>
      <trkpt lat="44.672514013946056" lon="6.784164989367127">
        <ele>1736</ele>
        <time>2015-08-02T13:16:31Z</time>
      </trkpt>
      <trkpt lat="44.672432038933039" lon="6.783928032964468">
        <ele>1730</ele>
        <time>2015-08-02T13:16:51Z</time>
      </trkpt>
      <trkpt lat="44.672001041471958" lon="6.783709013834596">
        <ele>1723</ele>
        <time>2015-08-02T13:17:11Z</time>
      </trkpt>
      <trkpt lat="44.671359993517399" lon="6.78292497061193">
        <ele>1703</ele>
        <time>2015-08-02T13:17:31Z</time>
      </trkpt>
      <trkpt lat="44.671468958258629" lon="6.783467028290033">
        <ele>1704</ele>
        <time>2015-08-02T13:17:51Z</time>
      </trkpt>
      <trkpt lat="44.671158995479345" lon="6.782931005582213">
        <ele>1699</ele>
        <time>2015-08-02T13:18:11Z</time>
      </trkpt>
      <trkpt lat="44.670596988871694" lon="6.781279016286135">
        <ele>1679</ele>
        <time>2015-08-02T13:18:31Z</time>
      </trkpt>
      <trkpt lat="44.670478971675038" lon="6.781160999089479">
        <ele>1678</ele>
        <time>2015-08-02T13:18:51Z</time>
      </trkpt>
      <trkpt lat="44.66985703445971" lon="6.780099011957645">
        <ele>1665</ele>
        <time>2015-08-02T13:19:11Z</time>
      </trkpt>
      <trkpt lat="44.669562997296453" lon="6.77952996455133">
        <ele>1659</ele>
        <time>2015-08-02T13:19:31Z</time>
      </trkpt>
      <trkpt lat="44.668769985437393" lon="6.778420032933354">
        <ele>1652</ele>
        <time>2015-08-02T13:19:51Z</time>
      </trkpt>
      <trkpt lat="44.668520037084818" lon="6.778259016573429">
        <ele>1650</ele>
        <time>2015-08-02T13:20:11Z</time>
      </trkpt>
      <trkpt lat="44.668395984917879" lon="6.778114009648562">
        <ele>1650</ele>
        <time>2015-08-02T13:20:31Z</time>
      </trkpt>
      <trkpt lat="44.66822499409318" lon="6.778243007138372">
        <ele>1650</ele>
        <time>2015-08-02T13:20:51Z</time>
      </trkpt>
      <trkpt lat="44.66786096803844" lon="6.777890967205167">
        <ele>1648</ele>
        <time>2015-08-02T13:21:11Z</time>
      </trkpt>
      <trkpt lat="44.667733982205391" lon="6.777840005233884">
        <ele>1647</ele>
        <time>2015-08-02T13:21:31Z</time>
      </trkpt>
      <trkpt lat="44.666826976463199" lon="6.776850018650293">
        <ele>1642</ele>
        <time>2015-08-02T13:21:51Z</time>
      </trkpt>
      <trkpt lat="44.666467979550362" lon="6.776384990662336">
        <ele>1639</ele>
        <time>2015-08-02T13:22:11Z</time>
      </trkpt>
      <trkpt lat="44.66626999899745" lon="6.776019036769867">
        <ele>1639</ele>
        <time>2015-08-02T13:22:31Z</time>
      </trkpt>
      <trkpt lat="44.666136978194118" lon="6.776038985699415">
        <ele>1638</ele>
        <time>2015-08-02T13:22:51Z</time>
      </trkpt>
      <trkpt lat="44.665609002113342" lon="6.775463987141848">
        <ele>1635</ele>
        <time>2015-08-02T13:23:11Z</time>
      </trkpt>
      <trkpt lat="44.665172975510359" lon="6.774868033826351">
        <ele>1634</ele>
        <time>2015-08-02T13:23:31Z</time>
      </trkpt>
      <trkpt lat="44.664761004969478" lon="6.775754000991583">
        <ele>1638</ele>
        <time>2015-08-02T13:23:51Z</time>
      </trkpt>
      <trkpt lat="44.664646005257964" lon="6.775630032643676">
        <ele>1639</ele>
        <time>2015-08-02T13:24:11Z</time>
      </trkpt>
      <trkpt lat="44.664446013048291" lon="6.775896996259689">
        <ele>1637</ele>
        <time>2015-08-02T13:24:31Z</time>
      </trkpt>
      <trkpt lat="44.663909990340471" lon="6.776485992595553">
        <ele>1647</ele>
        <time>2015-08-02T13:24:51Z</time>
      </trkpt>
      <trkpt lat="44.663658030331135" lon="6.777067026123405">
        <ele>1644</ele>
        <time>2015-08-02T13:25:11Z</time>
      </trkpt>
      <trkpt lat="44.663211023434997" lon="6.777958022430539">
        <ele>1648</ele>
        <time>2015-08-02T13:25:31Z</time>
      </trkpt>
      <trkpt lat="44.662968032062054" lon="6.778208976611495">
        <ele>1649</ele>
        <time>2015-08-02T13:25:51Z</time>
      </trkpt>
      <trkpt lat="44.662400996312499" lon="6.778680039569736">
        <ele>1655</ele>
        <time>2015-08-02T13:26:11Z</time>
      </trkpt>
      <trkpt lat="44.662147024646401" lon="6.779396021738648">
        <ele>1648</ele>
        <time>2015-08-02T13:26:31Z</time>
      </trkpt>
      <trkpt lat="44.661876037716866" lon="6.779712019488215">
        <ele>1648</ele>
        <time>2015-08-02T13:26:51Z</time>
      </trkpt>
      <trkpt lat="44.661415033042431" lon="6.779835987836123">
        <ele>1664</ele>
        <time>2015-08-02T13:27:11Z</time>
      </trkpt>
      <trkpt lat="44.66115896590054" lon="6.780131030827761">
        <ele>1658</ele>
        <time>2015-08-02T13:27:31Z</time>
      </trkpt>
      <trkpt lat="44.660941958427429" lon="6.780748022720218">
        <ele>1653</ele>
        <time>2015-08-02T13:27:51Z</time>
      </trkpt>
      <trkpt lat="44.660492017865181" lon="6.781177008524537">
        <ele>1660</ele>
        <time>2015-08-02T13:28:11Z</time>
      </trkpt>
      <trkpt lat="44.660346005111933" lon="6.781869018450379">
        <ele>1651</ele>
        <time>2015-08-02T13:28:31Z</time>
      </trkpt>
      <trkpt lat="44.660050962120295" lon="6.782222986221314">
        <ele>1652</ele>
        <time>2015-08-02T13:28:51Z</time>
      </trkpt>
      <trkpt lat="44.659355012699962" lon="6.782577037811279">
        <ele>1657</ele>
        <time>2015-08-02T13:29:11Z</time>
      </trkpt>
      <trkpt lat="44.658339964225888" lon="6.784288035705686">
        <ele>1657</ele>
        <time>2015-08-02T13:29:31Z</time>
      </trkpt>
      <trkpt lat="44.657880971208215" lon="6.784860016778112">
        <ele>1661</ele>
        <time>2015-08-02T13:29:51Z</time>
      </trkpt>
      <trkpt lat="44.657236989587545" lon="6.785089010372758">
        <ele>1666</ele>
        <time>2015-08-02T13:30:11Z</time>
      </trkpt>
      <trkpt lat="44.657069016247988" lon="6.785266036167741">
        <ele>1667</ele>
        <time>2015-08-02T13:30:31Z</time>
      </trkpt>
      <trkpt lat="44.656874975189567" lon="6.785672977566719">
        <ele>1667</ele>
        <time>2015-08-02T13:30:51Z</time>
      </trkpt>
      <trkpt lat="44.656271981075406" lon="6.786327017471194">
        <ele>1669</ele>
        <time>2015-08-02T13:31:11Z</time>
      </trkpt>
      <trkpt lat="44.655961012467742" lon="6.78655500523746">
        <ele>1669</ele>
        <time>2015-08-02T13:31:31Z</time>
      </trkpt>
      <trkpt lat="44.655818017199636" lon="6.786719039082527">
        <ele>1668</ele>
        <time>2015-08-02T13:31:51Z</time>
      </trkpt>
      <trkpt lat="44.655083008110523" lon="6.787040987983346">
        <ele>1672</ele>
        <time>2015-08-02T13:32:11Z</time>
      </trkpt>
      <trkpt lat="44.654390998184681" lon="6.787049034610391">
        <ele>1684</ele>
        <time>2015-08-02T13:32:31Z</time>
      </trkpt>
      <trkpt lat="44.653538977727294" lon="6.786895981058478">
        <ele>1702</ele>
        <time>2015-08-02T13:32:51Z</time>
      </trkpt>
      <trkpt lat="44.653277965262532" lon="6.787383975461125">
        <ele>1705</ele>
        <time>2015-08-02T13:33:11Z</time>
      </trkpt>
      <trkpt lat="44.653064981102943" lon="6.787594025954604">
        <ele>1699</ele>
        <time>2015-08-02T13:33:31Z</time>
      </trkpt>
      <trkpt lat="44.652801034972072" lon="6.787980012595654">
        <ele>1700</ele>
        <time>2015-08-02T13:33:51Z</time>
      </trkpt>
      <trkpt lat="44.652336006984115" lon="6.788506982848048">
        <ele>1702</ele>
        <time>2015-08-02T13:34:11Z</time>
      </trkpt>
      <trkpt lat="44.651869973167777" lon="6.789340982213616">
        <ele>1691</ele>
        <time>2015-08-02T13:34:31Z</time>
      </trkpt>
      <trkpt lat="44.651354989036918" lon="6.789829982444644">
        <ele>1696</ele>
        <time>2015-08-02T13:34:51Z</time>
      </trkpt>
      <trkpt lat="44.650999009609222" lon="6.78995001129806">
        <ele>1696</ele>
        <time>2015-08-02T13:35:11Z</time>
      </trkpt>
      <trkpt lat="44.650763981044292" lon="6.790188979357481">
        <ele>1695</ele>
        <time>2015-08-02T13:35:31Z</time>
      </trkpt>
      <trkpt lat="44.650362990796566" lon="6.789905000478029">
        <ele>1713</ele>
        <time>2015-08-02T13:35:51Z</time>
      </trkpt>
      <trkpt lat="44.650101978331804" lon="6.78996903821826">
        <ele>1715</ele>
        <time>2015-08-02T13:36:11Z</time>
      </trkpt>
      <trkpt lat="44.650161992758512" lon="6.790435994043946">
        <ele>1701</ele>
        <time>2015-08-02T13:36:31Z</time>
      </trkpt>
      <trkpt lat="44.650088986381888" lon="6.790972016751766">
        <ele>1696</ele>
        <time>2015-08-02T13:36:51Z</time>
      </trkpt>
      <trkpt lat="44.649783968925476" lon="6.791286002844572">
        <ele>1698</ele>
        <time>2015-08-02T13:37:11Z</time>
      </trkpt>
      <trkpt lat="44.649439975619316" lon="6.79149798117578">
        <ele>1698</ele>
        <time>2015-08-02T13:37:31Z</time>
      </trkpt>
      <trkpt lat="44.649521028622985" lon="6.791176032274962">
        <ele>1701</ele>
        <time>2015-08-02T13:37:51Z</time>
      </trkpt>
      <trkpt lat="44.649422038346529" lon="6.791114006191492">
        <ele>1702</ele>
        <time>2015-08-02T13:38:11Z</time>
      </trkpt>
      <trkpt lat="44.649435030296445" lon="6.790901022031903">
        <ele>1704</ele>
        <time>2015-08-02T13:38:31Z</time>
      </trkpt>
      <trkpt lat="44.649371998384595" lon="6.790837990120053">
        <ele>1706</ele>
        <time>2015-08-02T13:38:51Z</time>
      </trkpt>
      <trkpt lat="44.649506025016308" lon="6.79010096937418">
        <ele>1724</ele>
        <time>2015-08-02T13:39:11Z</time>
      </trkpt>
      <trkpt lat="44.649600991979241" lon="6.789331007748842">
        <ele>1751</ele>
        <time>2015-08-02T13:39:31Z</time>
      </trkpt>
      <trkpt lat="44.64998496696353" lon="6.788958013057709">
        <ele>1769</ele>
        <time>2015-08-02T13:39:51Z</time>
      </trkpt>
      <trkpt lat="44.650191999971867" lon="6.788664981722832">
        <ele>1757</ele>
        <time>2015-08-02T13:40:11Z</time>
      </trkpt>
      <trkpt lat="44.65045502409339" lon="6.788545036688447">
        <ele>1754</ele>
        <time>2015-08-02T13:40:31Z</time>
      </trkpt>
      <trkpt lat="44.650573963299394" lon="6.788371028378606">
        <ele>1753</ele>
        <time>2015-08-02T13:40:51Z</time>
      </trkpt>
      <trkpt lat="44.650690974667668" lon="6.788371028378606">
        <ele>1752</ele>
        <time>2015-08-02T13:41:11Z</time>
      </trkpt>
      <trkpt lat="44.650932960212231" lon="6.787876999005675">
        <ele>1758</ele>
        <time>2015-08-02T13:41:31Z</time>
      </trkpt>
      <trkpt lat="44.650663984939456" lon="6.787840034812689">
        <ele>1786</ele>
        <time>2015-08-02T13:41:51Z</time>
      </trkpt>
      <trkpt lat="44.650902030989528" lon="6.787346005439758">
        <ele>1790</ele>
        <time>2015-08-02T13:42:11Z</time>
      </trkpt>
      <trkpt lat="44.650486037135124" lon="6.787286996841431">
        <ele>1828</ele>
        <time>2015-08-02T13:42:31Z</time>
      </trkpt>
      <trkpt lat="44.650673037394881" lon="6.786960018798709">
        <ele>1837</ele>
        <time>2015-08-02T13:42:51Z</time>
      </trkpt>
      <trkpt lat="44.6501540299505" lon="6.787164034321904">
        <ele>1841</ele>
        <time>2015-08-02T13:43:11Z</time>
      </trkpt>
      <trkpt lat="44.650034001097083" lon="6.787424962967634">
        <ele>1834</ele>
        <time>2015-08-02T13:43:31Z</time>
      </trkpt>
      <trkpt lat="44.649761002510786" lon="6.787611041218042">
        <ele>1844</ele>
        <time>2015-08-02T13:43:51Z</time>
      </trkpt>
      <trkpt lat="44.649364035576582" lon="6.788128959015012">
        <ele>1850</ele>
        <time>2015-08-02T13:44:11Z</time>
      </trkpt>
      <trkpt lat="44.649337967857718" lon="6.787929972633719">
        <ele>1855</ele>
        <time>2015-08-02T13:44:31Z</time>
      </trkpt>
      <trkpt lat="44.649169994518161" lon="6.788097023963928">
        <ele>1854</ele>
        <time>2015-08-02T13:44:51Z</time>
      </trkpt>
      <trkpt lat="44.649243000894785" lon="6.787767028436065">
        <ele>1866</ele>
        <time>2015-08-02T13:45:11Z</time>
      </trkpt>
      <trkpt lat="44.649071004241705" lon="6.787979006767273">
        <ele>1890</ele>
        <time>2015-08-02T13:45:31Z</time>
      </trkpt>
      <trkpt lat="44.649036973714828" lon="6.787668038159609">
        <ele>1901</ele>
        <time>2015-08-02T13:45:51Z</time>
      </trkpt>
      <trkpt lat="44.648916022852063" lon="6.787869036197662">
        <ele>1897</ele>
        <time>2015-08-02T13:46:11Z</time>
      </trkpt>
      <trkpt lat="44.648875035345554" lon="6.787664014846087">
        <ele>1902</ele>
        <time>2015-08-02T13:46:31Z</time>
      </trkpt>
      <trkpt lat="44.648793982341886" lon="6.787798041477799">
        <ele>1901</ele>
        <time>2015-08-02T13:46:51Z</time>
      </trkpt>
      <trkpt lat="44.648789037019014" lon="6.787426974624395">
        <ele>1933</ele>
        <time>2015-08-02T13:47:11Z</time>
      </trkpt>
      <trkpt lat="44.648478990420699" lon="6.787871969863772">
        <ele>1906</ele>
        <time>2015-08-02T13:47:31Z</time>
      </trkpt>
      <trkpt lat="44.648315040394664" lon="6.787864007055759">
        <ele>1931</ele>
        <time>2015-08-02T13:47:51Z</time>
      </trkpt>
      <trkpt lat="44.648043969646096" lon="6.787726962938905">
        <ele>1938</ele>
        <time>2015-08-02T13:48:11Z</time>
      </trkpt>
      <trkpt lat="44.647397976368666" lon="6.787912035360932">
        <ele>1968</ele>
        <time>2015-08-02T13:48:31Z</time>
      </trkpt>
      <trkpt lat="44.647248024120927" lon="6.787883033975959">
        <ele>1970</ele>
        <time>2015-08-02T13:48:51Z</time>
      </trkpt>
      <trkpt lat="44.646988017484546" lon="6.788176987320185">
        <ele>1972</ele>
        <time>2015-08-02T13:49:11Z</time>
      </trkpt>
      <trkpt lat="44.646286033093929" lon="6.78797397762537">
        <ele>1999</ele>
        <time>2015-08-02T13:49:31Z</time>
      </trkpt>
      <trkpt lat="44.645755961537361" lon="6.788041032850742">
        <ele>2014</ele>
        <time>2015-08-02T13:49:51Z</time>
      </trkpt>
      <trkpt lat="44.645084990188479" lon="6.78801697678864">
        <ele>2020</ele>
        <time>2015-08-02T13:50:11Z</time>
      </trkpt>
      <trkpt lat="44.644851973280311" lon="6.787748001515865">
        <ele>2036</ele>
        <time>2015-08-02T13:50:31Z</time>
      </trkpt>
      <trkpt lat="44.644157029688358" lon="6.787507021799684">
        <ele>2054</ele>
        <time>2015-08-02T13:50:51Z</time>
      </trkpt>
      <trkpt lat="44.643800966441631" lon="6.78760701790452">
        <ele>2064</ele>
        <time>2015-08-02T13:51:11Z</time>
      </trkpt>
      <trkpt lat="44.643439035862684" lon="6.788021000102162">
        <ele>2066</ele>
        <time>2015-08-02T13:51:31Z</time>
      </trkpt>
      <trkpt lat="44.642933020368218" lon="6.788414027541876">
        <ele>2077</ele>
        <time>2015-08-02T13:51:51Z</time>
      </trkpt>
      <trkpt lat="44.64265801012516" lon="6.788382008671761">
        <ele>2086</ele>
        <time>2015-08-02T13:52:11Z</time>
      </trkpt>
      <trkpt lat="44.641934987157583" lon="6.788434982299805">
        <ele>2114</ele>
        <time>2015-08-02T13:52:31Z</time>
      </trkpt>
      <trkpt lat="44.641769025474787" lon="6.788579989224672">
        <ele>2116</ele>
        <time>2015-08-02T13:52:51Z</time>
      </trkpt>
      <trkpt lat="44.641829039901495" lon="6.788301039487124">
        <ele>2129</ele>
        <time>2015-08-02T13:53:11Z</time>
      </trkpt>
      <trkpt lat="44.641685038805008" lon="6.788364993408322">
        <ele>2126</ele>
        <time>2015-08-02T13:53:31Z</time>
      </trkpt>
      <trkpt lat="44.642032971605659" lon="6.787876999005675">
        <ele>2132</ele>
        <time>2015-08-02T13:53:51Z</time>
      </trkpt>
      <trkpt lat="44.641387984156609" lon="6.787982024252415">
        <ele>2155</ele>
        <time>2015-08-02T13:54:11Z</time>
      </trkpt>
      <trkpt lat="44.641139963641763" lon="6.788151003420353">
        <ele>2157</ele>
        <time>2015-08-02T13:54:31Z</time>
      </trkpt>
      <trkpt lat="44.641169970855117" lon="6.788488961756229">
        <ele>2145</ele>
        <time>2015-08-02T13:54:51Z</time>
      </trkpt>
      <trkpt lat="44.640878029167652" lon="6.788744023069739">
        <ele>2148</ele>
        <time>2015-08-02T13:55:11Z</time>
      </trkpt>
      <trkpt lat="44.640650041401386" lon="6.789008975028992">
        <ele>2163</ele>
        <time>2015-08-02T13:55:31Z</time>
      </trkpt>
      <trkpt lat="44.640376958996058" lon="6.789141995832324">
        <ele>2168</ele>
        <time>2015-08-02T13:55:51Z</time>
      </trkpt>
      <trkpt lat="44.640133967623115" lon="6.789350034669042">
        <ele>2168</ele>
        <time>2015-08-02T13:56:11Z</time>
      </trkpt>
      <trkpt lat="44.639937998726964" lon="6.789410971105099">
        <ele>2178</ele>
        <time>2015-08-02T13:56:31Z</time>
      </trkpt>
      <trkpt lat="44.639687966555357" lon="6.789733003824949">
        <ele>2179</ele>
        <time>2015-08-02T13:56:51Z</time>
      </trkpt>
      <trkpt lat="44.638930996879935" lon="6.790586030110717">
        <ele>2195</ele>
        <time>2015-08-02T13:57:11Z</time>
      </trkpt>
      <trkpt lat="44.638619022443891" lon="6.7907440289855">
        <ele>2197</ele>
        <time>2015-08-02T13:57:31Z</time>
      </trkpt>
      <trkpt lat="44.638423975557089" lon="6.79070002399385">
        <ele>2198</ele>
        <time>2015-08-02T13:57:51Z</time>
      </trkpt>
      <trkpt lat="44.638076964765787" lon="6.790693989023566">
        <ele>2205</ele>
        <time>2015-08-02T13:58:11Z</time>
      </trkpt>
      <trkpt lat="44.63743600063026" lon="6.790977967903018">
        <ele>2208</ele>
        <time>2015-08-02T13:58:31Z</time>
      </trkpt>
      <trkpt lat="44.63694297708571" lon="6.790886018425226">
        <ele>2212</ele>
        <time>2015-08-02T13:58:51Z</time>
      </trkpt>
      <trkpt lat="44.636525977402925" lon="6.791122974827886">
        <ele>2220</ele>
        <time>2015-08-02T13:59:11Z</time>
      </trkpt>
      <trkpt lat="44.636043012142181" lon="6.791187012568116">
        <ele>2223</ele>
        <time>2015-08-02T13:59:31Z</time>
      </trkpt>
      <trkpt lat="44.635605979710817" lon="6.791463028639555">
        <ele>2225</ele>
        <time>2015-08-02T13:59:51Z</time>
      </trkpt>
      <trkpt lat="44.635456027463078" lon="6.791680958122015">
        <ele>2227</ele>
        <time>2015-08-02T14:00:11Z</time>
      </trkpt>
      <trkpt lat="44.635225022211671" lon="6.791753964498639">
        <ele>2226</ele>
        <time>2015-08-02T14:00:31Z</time>
      </trkpt>
      <trkpt lat="44.634994016960263" lon="6.791936019435525">
        <ele>2226</ele>
        <time>2015-08-02T14:00:51Z</time>
      </trkpt>
      <trkpt lat="44.634764017537236" lon="6.791993016377091">
        <ele>2226</ele>
        <time>2015-08-02T14:01:11Z</time>
      </trkpt>
      <trkpt lat="44.634518008679152" lon="6.792126037180424">
        <ele>2227</ele>
        <time>2015-08-02T14:01:31Z</time>
      </trkpt>
      <trkpt lat="44.63402003981173" lon="6.792476987466216">
        <ele>2228</ele>
        <time>2015-08-02T14:01:51Z</time>
      </trkpt>
      <trkpt lat="44.633835973218083" lon="6.792717967182398">
        <ele>2228</ele>
        <time>2015-08-02T14:02:11Z</time>
      </trkpt>
      <trkpt lat="44.633685015141964" lon="6.792754009366036">
        <ele>2227</ele>
        <time>2015-08-02T14:02:31Z</time>
      </trkpt>
      <trkpt lat="44.633403969928622" lon="6.792974034324288">
        <ele>2227</ele>
        <time>2015-08-02T14:02:51Z</time>
      </trkpt>
      <trkpt lat="44.633301040157676" lon="6.792908990755677">
        <ele>2228</ele>
        <time>2015-08-02T14:03:11Z</time>
      </trkpt>
      <trkpt lat="44.633200038224459" lon="6.793080987408757">
        <ele>2228</ele>
        <time>2015-08-02T14:03:31Z</time>
      </trkpt>
      <trkpt lat="44.633022006601095" lon="6.793156005442143">
        <ele>2229</ele>
        <time>2015-08-02T14:03:51Z</time>
      </trkpt>
      <trkpt lat="44.632906001061201" lon="6.793335964903235">
        <ele>2228</ele>
        <time>2015-08-02T14:04:11Z</time>
      </trkpt>
      <trkpt lat="44.632842969149351" lon="6.793590020388365">
        <ele>2227</ele>
        <time>2015-08-02T14:04:31Z</time>
      </trkpt>
      <trkpt lat="44.632742973044515" lon="6.79379403591156">
        <ele>2227</ele>
        <time>2015-08-02T14:04:51Z</time>
      </trkpt>
      <trkpt lat="44.63273199275136" lon="6.794035015627742">
        <ele>2226</ele>
        <time>2015-08-02T14:05:11Z</time>
      </trkpt>
      <trkpt lat="44.63215003721416" lon="6.794580006971955">
        <ele>2222</ele>
        <time>2015-08-02T14:05:31Z</time>
      </trkpt>
      <trkpt lat="44.63193504139781" lon="6.794696012511849">
        <ele>2223</ele>
        <time>2015-08-02T14:05:51Z</time>
      </trkpt>
      <trkpt lat="44.631810989230871" lon="6.795001029968262">
        <ele>2216</ele>
        <time>2015-08-02T14:06:11Z</time>
      </trkpt>
      <trkpt lat="44.631751980632544" lon="6.795543003827334">
        <ele>2209</ele>
        <time>2015-08-02T14:06:31Z</time>
      </trkpt>
      <trkpt lat="44.631430031731725" lon="6.796181034296751">
        <ele>2212</ele>
        <time>2015-08-02T14:06:51Z</time>
      </trkpt>
      <trkpt lat="44.631123002618551" lon="6.796776987612248">
        <ele>2203</ele>
        <time>2015-08-02T14:07:11Z</time>
      </trkpt>
      <trkpt lat="44.630902977660298" lon="6.796977985650301">
        <ele>2204</ele>
        <time>2015-08-02T14:07:31Z</time>
      </trkpt>
      <trkpt lat="44.63073299266398" lon="6.797323990613222">
        <ele>2212</ele>
        <time>2015-08-02T14:07:51Z</time>
      </trkpt>
      <trkpt lat="44.630526965484023" lon="6.797581985592842">
        <ele>2210</ele>
        <time>2015-08-02T14:08:11Z</time>
      </trkpt>
      <trkpt lat="44.630249021574855" lon="6.79772699251771">
        <ele>2215</ele>
        <time>2015-08-02T14:08:31Z</time>
      </trkpt>
      <trkpt lat="44.630198981612921" lon="6.798118008300662">
        <ele>2213</ele>
        <time>2015-08-02T14:08:51Z</time>
      </trkpt>
      <trkpt lat="44.630047017708421" lon="6.798143992200494">
        <ele>2215</ele>
        <time>2015-08-02T14:09:11Z</time>
      </trkpt>
      <trkpt lat="44.6296819858253" lon="6.798524027690291">
        <ele>2220</ele>
        <time>2015-08-02T14:09:31Z</time>
      </trkpt>
      <trkpt lat="44.629519963636994" lon="6.798871038481593">
        <ele>2220</ele>
        <time>2015-08-02T14:09:51Z</time>
      </trkpt>
      <trkpt lat="44.629367999732494" lon="6.798976985737681">
        <ele>2221</ele>
        <time>2015-08-02T14:10:11Z</time>
      </trkpt>
      <trkpt lat="44.629291975870728" lon="6.799292983487248">
        <ele>2219</ele>
        <time>2015-08-02T14:10:31Z</time>
      </trkpt>
      <trkpt lat="44.629367999732494" lon="6.799622979015112">
        <ele>2219</ele>
        <time>2015-08-02T14:10:51Z</time>
      </trkpt>
      <trkpt lat="44.629333969205618" lon="6.799920033663511">
        <ele>2221</ele>
        <time>2015-08-02T14:11:11Z</time>
      </trkpt>
      <trkpt lat="44.629131965339184" lon="6.800386989489198">
        <ele>2240</ele>
        <time>2015-08-02T14:11:31Z</time>
      </trkpt>
      <trkpt lat="44.629180999472737" lon="6.801161980256438">
        <ele>2241</ele>
        <time>2015-08-02T14:11:51Z</time>
      </trkpt>
      <trkpt lat="44.62916499003768" lon="6.801952980458736">
        <ele>2269</ele>
        <time>2015-08-02T14:12:11Z</time>
      </trkpt>
      <trkpt lat="44.6288410294801" lon="6.80232304148376">
        <ele>2277</ele>
        <time>2015-08-02T14:12:31Z</time>
      </trkpt>
      <trkpt lat="44.628360997885466" lon="6.803152011707425">
        <ele>2298</ele>
        <time>2015-08-02T14:12:51Z</time>
      </trkpt>
      <trkpt lat="44.62823904119432" lon="6.803455017507076">
        <ele>2307</ele>
        <time>2015-08-02T14:13:11Z</time>
      </trkpt>
      <trkpt lat="44.627903010696173" lon="6.803702032193542">
        <ele>2311</ele>
        <time>2015-08-02T14:13:31Z</time>
      </trkpt>
      <trkpt lat="44.62742599658668" lon="6.804326986894012">
        <ele>2320</ele>
        <time>2015-08-02T14:13:51Z</time>
      </trkpt>
      <trkpt lat="44.627262968569994" lon="6.804620018228889">
        <ele>2323</ele>
        <time>2015-08-02T14:14:11Z</time>
      </trkpt>
      <trkpt lat="44.627083009108901" lon="6.80475102737546">
        <ele>2324</ele>
        <time>2015-08-02T14:14:31Z</time>
      </trkpt>
      <trkpt lat="44.626900032162666" lon="6.805038023740053">
        <ele>2334</ele>
        <time>2015-08-02T14:14:51Z</time>
      </trkpt>
      <trkpt lat="44.626552015542984" lon="6.805328037589788">
        <ele>2343</ele>
        <time>2015-08-02T14:15:11Z</time>
      </trkpt>
      <trkpt lat="44.626273987814784" lon="6.805305993184447">
        <ele>2345</ele>
        <time>2015-08-02T14:15:31Z</time>
      </trkpt>
      <trkpt lat="44.626010041683912" lon="6.805678987875581">
        <ele>2350</ele>
        <time>2015-08-02T14:15:51Z</time>
      </trkpt>
      <trkpt lat="44.625046961009502" lon="6.80679202079773">
        <ele>2379</ele>
        <time>2015-08-02T14:16:11Z</time>
      </trkpt>
      <trkpt lat="44.624439021572471" lon="6.807735990732908">
        <ele>2401</ele>
        <time>2015-08-02T14:16:31Z</time>
      </trkpt>
      <trkpt lat="44.624473974108696" lon="6.808164976537228">
        <ele>2406</ele>
        <time>2015-08-02T14:16:51Z</time>
      </trkpt>
      <trkpt lat="44.624276999384165" lon="6.808081995695829">
        <ele>2404</ele>
        <time>2015-08-02T14:17:11Z</time>
      </trkpt>
      <trkpt lat="44.624126963317394" lon="6.80823496542871">
        <ele>2407</ele>
        <time>2015-08-02T14:17:31Z</time>
      </trkpt>
      <trkpt lat="44.624057980254292" lon="6.808831002563238">
        <ele>2409</ele>
        <time>2015-08-02T14:17:51Z</time>
      </trkpt>
      <trkpt lat="44.623852036893368" lon="6.809117998927832">
        <ele>2410</ele>
        <time>2015-08-02T14:18:11Z</time>
      </trkpt>
      <trkpt lat="44.62362295947969" lon="6.809543967247009">
        <ele>2402</ele>
        <time>2015-08-02T14:18:31Z</time>
      </trkpt>
      <trkpt lat="44.623159021139145" lon="6.809611022472382">
        <ele>2406</ele>
        <time>2015-08-02T14:18:51Z</time>
      </trkpt>
      <trkpt lat="44.622779991477728" lon="6.809821994975209">
        <ele>2407</ele>
        <time>2015-08-02T14:19:11Z</time>
      </trkpt>
      <trkpt lat="44.62239601649344" lon="6.810158025473356">
        <ele>2407</ele>
        <time>2015-08-02T14:19:31Z</time>
      </trkpt>
      <trkpt lat="44.622124023735523" lon="6.810719026252627">
        <ele>2404</ele>
        <time>2015-08-02T14:19:51Z</time>
      </trkpt>
      <trkpt lat="44.621796039864421" lon="6.810756996273994">
        <ele>2404</ele>
        <time>2015-08-02T14:20:11Z</time>
      </trkpt>
      <trkpt lat="44.621356995776296" lon="6.810472011566162">
        <ele>2405</ele>
        <time>2015-08-02T14:20:31Z</time>
      </trkpt>
      <trkpt lat="44.6211720071733" lon="6.810696981847286">
        <ele>2403</ele>
        <time>2015-08-02T14:20:51Z</time>
      </trkpt>
      <trkpt lat="44.621039992198348" lon="6.810719026252627">
        <ele>2402</ele>
        <time>2015-08-02T14:21:11Z</time>
      </trkpt>
      <trkpt lat="44.620899008587003" lon="6.811008034273982">
        <ele>2395</ele>
        <time>2015-08-02T14:21:31Z</time>
      </trkpt>
      <trkpt lat="44.620502041652799" lon="6.811175001785159">
        <ele>2399</ele>
        <time>2015-08-02T14:21:51Z</time>
      </trkpt>
      <trkpt lat="44.620342031121254" lon="6.811191011220217">
        <ele>2400</ele>
        <time>2015-08-02T14:22:11Z</time>
      </trkpt>
      <trkpt lat="44.620182020589709" lon="6.811501979827881">
        <ele>2400</ele>
        <time>2015-08-02T14:22:31Z</time>
      </trkpt>
      <trkpt lat="44.61979896761477" lon="6.811627959832549">
        <ele>2406</ele>
        <time>2015-08-02T14:22:51Z</time>
      </trkpt>
      <trkpt lat="44.619422033429146" lon="6.811624020338059">
        <ele>2409</ele>
        <time>2015-08-02T14:23:11Z</time>
      </trkpt>
      <trkpt lat="44.619091032072902" lon="6.811696020886302">
        <ele>2409</ele>
        <time>2015-08-02T14:23:31Z</time>
      </trkpt>
      <trkpt lat="44.618990030139685" lon="6.81182099506259">
        <ele>2407</ele>
        <time>2015-08-02T14:23:51Z</time>
      </trkpt>
      <trkpt lat="44.619022971019149" lon="6.811943035572767">
        <ele>2406</ele>
        <time>2015-08-02T14:24:11Z</time>
      </trkpt>
      <trkpt lat="44.618988018482924" lon="6.812451984733343">
        <ele>2405</ele>
        <time>2015-08-02T14:24:31Z</time>
      </trkpt>
      <trkpt lat="44.618713008239865" lon="6.812849035486579">
        <ele>2403</ele>
        <time>2015-08-02T14:24:51Z</time>
      </trkpt>
      <trkpt lat="44.618570012971759" lon="6.813406012952328">
        <ele>2407</ele>
        <time>2015-08-02T14:25:11Z</time>
      </trkpt>
      <trkpt lat="44.618457024917006" lon="6.81360499933362">
        <ele>2408</ele>
        <time>2015-08-02T14:25:31Z</time>
      </trkpt>
      <trkpt lat="44.617888983339071" lon="6.813502991572022">
        <ele>2427</ele>
        <time>2015-08-02T14:25:51Z</time>
      </trkpt>
      <trkpt lat="44.617447005584836" lon="6.81360499933362">
        <ele>2436</ele>
        <time>2015-08-02T14:26:11Z</time>
      </trkpt>
      <trkpt lat="44.617596035823226" lon="6.813755035400391">
        <ele>2434</ele>
        <time>2015-08-02T14:26:31Z</time>
      </trkpt>
      <trkpt lat="44.617644986137748" lon="6.81390498764813">
        <ele>2438</ele>
        <time>2015-08-02T14:26:51Z</time>
      </trkpt>
      <trkpt lat="44.617309961467981" lon="6.813981011509895">
        <ele>2447</ele>
        <time>2015-08-02T14:27:11Z</time>
      </trkpt>
      <trkpt lat="44.617363018915057" lon="6.814130041748285">
        <ele>2451</ele>
        <time>2015-08-02T14:27:31Z</time>
      </trkpt>
      <trkpt lat="44.616824984550476" lon="6.814603032544255">
        <ele>2469</ele>
        <time>2015-08-02T14:27:51Z</time>
      </trkpt>
      <trkpt lat="44.616561960428953" lon="6.81497803889215">
        <ele>2475</ele>
        <time>2015-08-02T14:28:11Z</time>
      </trkpt>
      <trkpt lat="44.615898029878736" lon="6.815525041893125">
        <ele>2480</ele>
        <time>2015-08-02T14:28:31Z</time>
      </trkpt>
      <trkpt lat="44.615333005785942" lon="6.815830981358886">
        <ele>2485</ele>
        <time>2015-08-02T14:28:51Z</time>
      </trkpt>
      <trkpt lat="44.614830007776618" lon="6.816455014050007">
        <ele>2494</ele>
        <time>2015-08-02T14:29:11Z</time>
      </trkpt>
      <trkpt lat="44.614673014730215" lon="6.816746033728123">
        <ele>2496</ele>
        <time>2015-08-02T14:29:31Z</time>
      </trkpt>
      <trkpt lat="44.614357016980648" lon="6.817068988457322">
        <ele>2498</ele>
        <time>2015-08-02T14:29:51Z</time>
      </trkpt>
      <trkpt lat="44.614139003679156" lon="6.817349027842283">
        <ele>2502</ele>
        <time>2015-08-02T14:30:11Z</time>
      </trkpt>
      <trkpt lat="44.613992990925908" lon="6.817446006461978">
        <ele>2502</ele>
        <time>2015-08-02T14:30:31Z</time>
      </trkpt>
      <trkpt lat="44.613845972344279" lon="6.817618003115058">
        <ele>2507</ele>
        <time>2015-08-02T14:30:51Z</time>
      </trkpt>
      <trkpt lat="44.613785035908222" lon="6.81807397864759">
        <ele>2509</ele>
        <time>2015-08-02T14:31:11Z</time>
      </trkpt>
      <trkpt lat="44.613641034811735" lon="6.81845803745091">
        <ele>2517</ele>
        <time>2015-08-02T14:31:31Z</time>
      </trkpt>
      <trkpt lat="44.613571967929602" lon="6.818500030785799">
        <ele>2517</ele>
        <time>2015-08-02T14:31:51Z</time>
      </trkpt>
      <trkpt lat="44.613473983481526" lon="6.818787027150393">
        <ele>2520</ele>
        <time>2015-08-02T14:32:11Z</time>
      </trkpt>
      <trkpt lat="44.613269967958331" lon="6.819220958277583">
        <ele>2527</ele>
        <time>2015-08-02T14:32:31Z</time>
      </trkpt>
      <trkpt lat="44.61330802179873" lon="6.819618009030819">
        <ele>2528</ele>
        <time>2015-08-02T14:32:51Z</time>
      </trkpt>
      <trkpt lat="44.612822039052844" lon="6.820146990939975">
        <ele>2535</ele>
        <time>2015-08-02T14:33:11Z</time>
      </trkpt>
      <trkpt lat="44.612526996061206" lon="6.820389982312918">
        <ele>2536</ele>
        <time>2015-08-02T14:33:31Z</time>
      </trkpt>
      <trkpt lat="44.612247040495276" lon="6.820707991719246">
        <ele>2538</ele>
        <time>2015-08-02T14:33:51Z</time>
      </trkpt>
      <trkpt lat="44.611937999725342" lon="6.820921981707215">
        <ele>2543</ele>
        <time>2015-08-02T14:34:11Z</time>
      </trkpt>
      <trkpt lat="44.611538015305996" lon="6.821474013850093">
        <ele>2550</ele>
        <time>2015-08-02T14:34:31Z</time>
      </trkpt>
      <trkpt lat="44.611342968419194" lon="6.821843991056085">
        <ele>2554</ele>
        <time>2015-08-02T14:34:51Z</time>
      </trkpt>
      <trkpt lat="44.610877018421888" lon="6.822476992383599">
        <ele>2556</ele>
        <time>2015-08-02T14:35:11Z</time>
      </trkpt>
      <trkpt lat="44.61083603091538" lon="6.823025001212955">
        <ele>2557</ele>
        <time>2015-08-02T14:35:31Z</time>
      </trkpt>
      <trkpt lat="44.610484996810555" lon="6.822612024843693">
        <ele>0</ele>
        <time>2015-08-02T14:35:51Z</time>
      </trkpt>
      <trkpt lat="44.610245022922754" lon="6.822282029315829">
        <ele>2559</ele>
        <time>2015-08-02T14:36:11Z</time>
      </trkpt>
      <trkpt lat="44.610229013487697" lon="6.822448996827006">
        <ele>2559</ele>
        <time>2015-08-02T14:36:31Z</time>
      </trkpt>
      <trkpt lat="44.610069002956152" lon="6.822298960760236">
        <ele>2559</ele>
        <time>2015-08-02T14:36:51Z</time>
      </trkpt>
      <trkpt lat="44.609928019344807" lon="6.822343971580267">
        <ele>0</ele>
        <time>2015-08-02T14:37:11Z</time>
      </trkpt>
      <trkpt lat="44.609772032126784" lon="6.822230983525515">
        <ele>0</ele>
        <time>2015-08-02T14:37:31Z</time>
      </trkpt>
      <trkpt lat="44.609589977189898" lon="6.821838961914182">
        <ele>0</ele>
        <time>2015-08-02T14:37:51Z</time>
      </trkpt>
      <trkpt lat="44.609508002176881" lon="6.82172697968781">
        <ele>0</ele>
        <time>2015-08-02T14:38:11Z</time>
      </trkpt>
      <trkpt lat="44.609486041590571" lon="6.822343971580267">
        <ele>0</ele>
        <time>2015-08-02T14:38:31Z</time>
      </trkpt>
      <trkpt lat="44.609373975545168" lon="6.822259984910488">
        <ele>0</ele>
        <time>2015-08-02T14:38:51Z</time>
      </trkpt>
      <trkpt lat="44.609293006360531" lon="6.822010958567262">
        <ele>0</ele>
        <time>2015-08-02T14:39:11Z</time>
      </trkpt>
      <trkpt lat="44.609000980854034" lon="6.821436965838075">
        <ele>0</ele>
        <time>2015-08-02T14:39:31Z</time>
      </trkpt>
      <trkpt lat="44.609177000820637" lon="6.822144985198975">
        <ele>0</ele>
        <time>2015-08-02T14:39:51Z</time>
      </trkpt>
      <trkpt lat="44.608980026096106" lon="6.821825969964266">
        <ele>0</ele>
        <time>2015-08-02T14:40:11Z</time>
      </trkpt>
      <trkpt lat="44.608653970062733" lon="6.821549031883478">
        <ele>0</ele>
        <time>2015-08-02T14:40:31Z</time>
      </trkpt>
      <trkpt lat="44.608364040032029" lon="6.821405030786991">
        <ele>0</ele>
        <time>2015-08-02T14:40:51Z</time>
      </trkpt>
      <trkpt lat="44.608264965936542" lon="6.821185005828738">
        <ele>0</ele>
        <time>2015-08-02T14:41:11Z</time>
      </trkpt>
      <trkpt lat="44.608064973726869" lon="6.821174025535584">
        <ele>0</ele>
        <time>2015-08-02T14:41:31Z</time>
      </trkpt>
      <trkpt lat="44.607814019545913" lon="6.821049973368645">
        <ele>0</ele>
        <time>2015-08-02T14:41:51Z</time>
      </trkpt>
      <trkpt lat="44.607400959357619" lon="6.821176959201694">
        <ele>0</ele>
        <time>2015-08-02T14:42:11Z</time>
      </trkpt>
      <trkpt lat="44.60705503821373" lon="6.821185005828738">
        <ele>0</ele>
        <time>2015-08-02T14:42:31Z</time>
      </trkpt>
      <trkpt lat="44.607087979093194" lon="6.821402013301849">
        <ele>0</ele>
        <time>2015-08-02T14:42:51Z</time>
      </trkpt>
      <trkpt lat="44.606896033510566" lon="6.821409976109862">
        <ele>0</ele>
        <time>2015-08-02T14:43:11Z</time>
      </trkpt>
      <trkpt lat="44.606981026008725" lon="6.821577027440071">
        <ele>0</ele>
        <time>2015-08-02T14:43:31Z</time>
      </trkpt>
      <trkpt lat="44.606846999377012" lon="6.82153201662004">
        <ele>0</ele>
        <time>2015-08-02T14:43:51Z</time>
      </trkpt>
      <trkpt lat="44.606942972168326" lon="6.821723962202668">
        <ele>0</ele>
        <time>2015-08-02T14:44:11Z</time>
      </trkpt>
      <trkpt lat="44.606723031029105" lon="6.821622960269451">
        <ele>0</ele>
        <time>2015-08-02T14:44:31Z</time>
      </trkpt>
      <trkpt lat="44.606830989941955" lon="6.821854971349239">
        <ele>0</ele>
        <time>2015-08-02T14:44:51Z</time>
      </trkpt>
      <trkpt lat="44.606609037145972" lon="6.821796968579292">
        <ele>0</ele>
        <time>2015-08-02T14:45:11Z</time>
      </trkpt>
      <trkpt lat="44.606774998828769" lon="6.82213400490582">
        <ele>0</ele>
        <time>2015-08-02T14:45:31Z</time>
      </trkpt>
      <trkpt lat="44.606871977448463" lon="6.822537006810308">
        <ele>0</ele>
        <time>2015-08-02T14:45:51Z</time>
      </trkpt>
      <trkpt lat="44.606524966657162" lon="6.822512028738856">
        <ele>0</ele>
        <time>2015-08-02T14:46:11Z</time>
      </trkpt>
      <trkpt lat="44.606235036626458" lon="6.822680002078414">
        <ele>0</ele>
        <time>2015-08-02T14:46:31Z</time>
      </trkpt>
      <trkpt lat="44.606090029701591" lon="6.822686959058046">
        <ele>0</ele>
        <time>2015-08-02T14:46:51Z</time>
      </trkpt>
      <trkpt lat="44.606060022488236" lon="6.822424018755555">
        <ele>0</ele>
        <time>2015-08-02T14:47:11Z</time>
      </trkpt>
      <trkpt lat="44.605678981170058" lon="6.822460982948542">
        <ele>0</ele>
        <time>2015-08-02T14:47:31Z</time>
      </trkpt>
      <trkpt lat="44.605447975918651" lon="6.822784021496773">
        <ele>0</ele>
        <time>2015-08-02T14:47:51Z</time>
      </trkpt>
      <trkpt lat="44.605261981487274" lon="6.82340101338923">
        <ele>0</ele>
        <time>2015-08-02T14:48:11Z</time>
      </trkpt>
      <trkpt lat="44.605244966223836" lon="6.824274994432926">
        <ele>2559</ele>
        <time>2015-08-02T14:48:31Z</time>
      </trkpt>
      <trkpt lat="44.605183023959398" lon="6.824881006032229">
        <ele>2559</ele>
        <time>2015-08-02T14:48:51Z</time>
      </trkpt>
      <trkpt lat="44.604941960424185" lon="6.825331030413508">
        <ele>2550</ele>
        <time>2015-08-02T14:49:11Z</time>
      </trkpt>
      <trkpt lat="44.604878006502986" lon="6.825523981824517">
        <ele>2546</ele>
        <time>2015-08-02T14:49:31Z</time>
      </trkpt>
      <trkpt lat="44.605067018419504" lon="6.825663959607482">
        <ele>2545</ele>
        <time>2015-08-02T14:49:51Z</time>
      </trkpt>
      <trkpt lat="44.605082022026181" lon="6.825856994837523">
        <ele>2540</ele>
        <time>2015-08-02T14:50:11Z</time>
      </trkpt>
      <trkpt lat="44.604867026209831" lon="6.826039971783757">
        <ele>2535</ele>
        <time>2015-08-02T14:50:31Z</time>
      </trkpt>
      <trkpt lat="44.604824027046561" lon="6.826339960098267">
        <ele>2531</ele>
        <time>2015-08-02T14:50:51Z</time>
      </trkpt>
      <trkpt lat="44.604369979351759" lon="6.826670039445162">
        <ele>2517</ele>
        <time>2015-08-02T14:51:11Z</time>
      </trkpt>
      <trkpt lat="44.604079965502024" lon="6.82705401442945">
        <ele>2509</ele>
        <time>2015-08-02T14:51:31Z</time>
      </trkpt>
      <trkpt lat="44.603808978572488" lon="6.827601017430425">
        <ele>2502</ele>
        <time>2015-08-02T14:51:51Z</time>
      </trkpt>
      <trkpt lat="44.603439001366496" lon="6.827985998243094">
        <ele>2498</ele>
        <time>2015-08-02T14:52:11Z</time>
      </trkpt>
      <trkpt lat="44.602526966482401" lon="6.828351030126214">
        <ele>2479</ele>
        <time>2015-08-02T14:52:31Z</time>
      </trkpt>
      <trkpt lat="44.601959008723497" lon="6.828037966042757">
        <ele>2469</ele>
        <time>2015-08-02T14:52:51Z</time>
      </trkpt>
      <trkpt lat="44.60179204121232" lon="6.828051041811705">
        <ele>2468</ele>
        <time>2015-08-02T14:53:11Z</time>
      </trkpt>
      <trkpt lat="44.601156022399664" lon="6.828689994290471">
        <ele>2463</ele>
        <time>2015-08-02T14:53:31Z</time>
      </trkpt>
      <trkpt lat="44.600673979148269" lon="6.828969027847052">
        <ele>2462</ele>
        <time>2015-08-02T14:53:51Z</time>
      </trkpt>
      <trkpt lat="44.600205011665821" lon="6.82969800196588">
        <ele>2451</ele>
        <time>2015-08-02T14:54:11Z</time>
      </trkpt>
      <trkpt lat="44.599841991439462" lon="6.830463018268347">
        <ele>2433</ele>
        <time>2015-08-02T14:54:31Z</time>
      </trkpt>
      <trkpt lat="44.599712993949652" lon="6.830990994349122">
        <ele>2421</ele>
        <time>2015-08-02T14:54:51Z</time>
      </trkpt>
      <trkpt lat="44.599373023957014" lon="6.831141030415893">
        <ele>2416</ele>
        <time>2015-08-02T14:55:11Z</time>
      </trkpt>
      <trkpt lat="44.599281996488571" lon="6.831435989588499">
        <ele>2412</ele>
        <time>2015-08-02T14:55:31Z</time>
      </trkpt>
      <trkpt lat="44.599035987630486" lon="6.831626007333398">
        <ele>2400</ele>
        <time>2015-08-02T14:55:51Z</time>
      </trkpt>
      <trkpt lat="44.598728036507964" lon="6.831794986501336">
        <ele>2388</ele>
        <time>2015-08-02T14:56:11Z</time>
      </trkpt>
      <trkpt lat="44.598610019311309" lon="6.831626007333398">
        <ele>2391</ele>
        <time>2015-08-02T14:56:31Z</time>
      </trkpt>
      <trkpt lat="44.59857196547091" lon="6.83111404068768">
        <ele>2395</ele>
        <time>2015-08-02T14:56:51Z</time>
      </trkpt>
      <trkpt lat="44.598164018243551" lon="6.831172965466976">
        <ele>2382</ele>
        <time>2015-08-02T14:57:11Z</time>
      </trkpt>
      <trkpt lat="44.59809897467494" lon="6.830907007679343">
        <ele>2385</ele>
        <time>2015-08-02T14:57:31Z</time>
      </trkpt>
      <trkpt lat="44.597776019945741" lon="6.83085797354579">
        <ele>2385</ele>
        <time>2015-08-02T14:57:51Z</time>
      </trkpt>
      <trkpt lat="44.597380980849266" lon="6.830636020749807">
        <ele>2400</ele>
        <time>2015-08-02T14:58:11Z</time>
      </trkpt>
      <trkpt lat="44.596961969509721" lon="6.830802988260984">
        <ele>2390</ele>
        <time>2015-08-02T14:58:31Z</time>
      </trkpt>
      <trkpt lat="44.596333997324109" lon="6.830598972737789">
        <ele>2365</ele>
        <time>2015-08-02T14:58:51Z</time>
      </trkpt>
      <trkpt lat="44.59603501483798" lon="6.830417001619935">
        <ele>2363</ele>
        <time>2015-08-02T14:59:11Z</time>
      </trkpt>
      <trkpt lat="44.595947004854679" lon="6.830121958628297">
        <ele>2369</ele>
        <time>2015-08-02T14:59:31Z</time>
      </trkpt>
      <trkpt lat="44.595681969076395" lon="6.829856000840664">
        <ele>2359</ele>
        <time>2015-08-02T14:59:51Z</time>
      </trkpt>
      <trkpt lat="44.595355996862054" lon="6.8294189684093">
        <ele>2352</ele>
        <time>2015-08-02T15:00:11Z</time>
      </trkpt>
      <trkpt lat="44.595074029639363" lon="6.829285025596619">
        <ele>2344</ele>
        <time>2015-08-02T15:00:31Z</time>
      </trkpt>
      <trkpt lat="44.594516968354583" lon="6.828731987625361">
        <ele>2323</ele>
        <time>2015-08-02T15:00:51Z</time>
      </trkpt>
      <trkpt lat="44.594253022223711" lon="6.828743973746896">
        <ele>2316</ele>
        <time>2015-08-02T15:01:11Z</time>
      </trkpt>
      <trkpt lat="44.593468979001045" lon="6.82763596996665">
        <ele>2284</ele>
        <time>2015-08-02T15:01:31Z</time>
      </trkpt>
      <trkpt lat="44.593452969565988" lon="6.827483000233769">
        <ele>2286</ele>
        <time>2015-08-02T15:01:51Z</time>
      </trkpt>
      <trkpt lat="44.593309974297881" lon="6.827416028827429">
        <ele>2268</ele>
        <time>2015-08-02T15:02:11Z</time>
      </trkpt>
      <trkpt lat="44.592671021819115" lon="6.826726030558348">
        <ele>2244</ele>
        <time>2015-08-02T15:02:31Z</time>
      </trkpt>
      <trkpt lat="44.592583011835814" lon="6.827241014689207">
        <ele>2243</ele>
        <time>2015-08-02T15:02:51Z</time>
      </trkpt>
      <trkpt lat="44.592429958283901" lon="6.827745018526912">
        <ele>2205</ele>
        <time>2015-08-02T15:03:11Z</time>
      </trkpt>
      <trkpt lat="44.592125024646521" lon="6.827182006090879">
        <ele>2203</ele>
        <time>2015-08-02T15:03:31Z</time>
      </trkpt>
      <trkpt lat="44.592010024935007" lon="6.827542008832097">
        <ele>2191</ele>
        <time>2015-08-02T15:03:51Z</time>
      </trkpt>
      <trkpt lat="44.591856971383095" lon="6.827341010794044">
        <ele>2191</ele>
        <time>2015-08-02T15:04:11Z</time>
      </trkpt>
      <trkpt lat="44.591799974441528" lon="6.827085027471185">
        <ele>2194</ele>
        <time>2015-08-02T15:04:31Z</time>
      </trkpt>
      <trkpt lat="44.591742977499962" lon="6.82705401442945">
        <ele>2192</ele>
        <time>2015-08-02T15:04:51Z</time>
      </trkpt>
      <trkpt lat="44.591648010537028" lon="6.827628007158637">
        <ele>2158</ele>
        <time>2015-08-02T15:05:11Z</time>
      </trkpt>
      <trkpt lat="44.591431003063917" lon="6.827230034396052">
        <ele>2151</ele>
        <time>2015-08-02T15:05:31Z</time>
      </trkpt>
      <trkpt lat="44.591338969767094" lon="6.827514013275504">
        <ele>2143</ele>
        <time>2015-08-02T15:05:51Z</time>
      </trkpt>
      <trkpt lat="44.59130896255374" lon="6.827820036560297">
        <ele>2139</ele>
        <time>2015-08-02T15:06:11Z</time>
      </trkpt>
      <trkpt lat="44.591049961745739" lon="6.827578973025084">
        <ele>2128</ele>
        <time>2015-08-02T15:06:31Z</time>
      </trkpt>
      <trkpt lat="44.590934962034225" lon="6.828184984624386">
        <ele>2120</ele>
        <time>2015-08-02T15:06:51Z</time>
      </trkpt>
      <trkpt lat="44.59079397842288" lon="6.828270982950926">
        <ele>2099</ele>
        <time>2015-08-02T15:07:11Z</time>
      </trkpt>
      <trkpt lat="44.590751985087991" lon="6.828046012669802">
        <ele>2091</ele>
        <time>2015-08-02T15:07:31Z</time>
      </trkpt>
      <trkpt lat="44.590439004823565" lon="6.828007958829403">
        <ele>2081</ele>
        <time>2015-08-02T15:07:51Z</time>
      </trkpt>
      <trkpt lat="44.590137004852295" lon="6.827273033559322">
        <ele>2077</ele>
        <time>2015-08-02T15:08:11Z</time>
      </trkpt>
      <trkpt lat="44.590048994868994" lon="6.82692501693964">
        <ele>2077</ele>
        <time>2015-08-02T15:08:31Z</time>
      </trkpt>
      <trkpt lat="44.589898036792874" lon="6.826789984479547">
        <ele>2050</ele>
        <time>2015-08-02T15:08:51Z</time>
      </trkpt>
      <trkpt lat="44.589871969074011" lon="6.826647995039821">
        <ele>2055</ele>
        <time>2015-08-02T15:09:11Z</time>
      </trkpt>
      <trkpt lat="44.589677006006241" lon="6.826281035318971">
        <ele>2046</ele>
        <time>2015-08-02T15:09:31Z</time>
      </trkpt>
      <trkpt lat="44.589472990483046" lon="6.826012982055545">
        <ele>2041</ele>
        <time>2015-08-02T15:09:51Z</time>
      </trkpt>
      <trkpt lat="44.58935497328639" lon="6.825969982892275">
        <ele>2037</ele>
        <time>2015-08-02T15:10:11Z</time>
      </trkpt>
      <trkpt lat="44.589135032147169" lon="6.826849998906255">
        <ele>1998</ele>
        <time>2015-08-02T15:10:31Z</time>
      </trkpt>
      <trkpt lat="44.588904026895761" lon="6.826961981132627">
        <ele>1989</ele>
        <time>2015-08-02T15:10:51Z</time>
      </trkpt>
      <trkpt lat="44.588763965293765" lon="6.826978996396065">
        <ele>1985</ele>
        <time>2015-08-02T15:11:11Z</time>
      </trkpt>
      <trkpt lat="44.588745022192597" lon="6.827691039070487">
        <ele>1974</ele>
        <time>2015-08-02T15:11:31Z</time>
      </trkpt>
      <trkpt lat="44.588401028886437" lon="6.828222032636404">
        <ele>1950</ele>
        <time>2015-08-02T15:11:51Z</time>
      </trkpt>
      <trkpt lat="44.588492978364229" lon="6.828656969591975">
        <ele>1940</ele>
        <time>2015-08-02T15:12:11Z</time>
      </trkpt>
      <trkpt lat="44.588457019999623" lon="6.828876994550228">
        <ele>1934</ele>
        <time>2015-08-02T15:12:31Z</time>
      </trkpt>
      <trkpt lat="44.588290974497795" lon="6.828952012583613">
        <ele>1906</ele>
        <time>2015-08-02T15:12:51Z</time>
      </trkpt>
      <trkpt lat="44.587811026722193" lon="6.828817985951901">
        <ele>1898</ele>
        <time>2015-08-02T15:13:11Z</time>
      </trkpt>
      <trkpt lat="44.586876025423408" lon="6.827359031885862">
        <ele>1887</ele>
        <time>2015-08-02T15:13:31Z</time>
      </trkpt>
      <trkpt lat="44.586623981595039" lon="6.826683031395078">
        <ele>1882</ele>
        <time>2015-08-02T15:13:51Z</time>
      </trkpt>
      <trkpt lat="44.585415981709957" lon="6.824987959116697">
        <ele>1877</ele>
        <time>2015-08-02T15:14:11Z</time>
      </trkpt>
      <trkpt lat="44.584988001734018" lon="6.824300978332758">
        <ele>1871</ele>
        <time>2015-08-02T15:14:31Z</time>
      </trkpt>
      <trkpt lat="44.583882009610534" lon="6.823046961799264">
        <ele>1865</ele>
        <time>2015-08-02T15:14:51Z</time>
      </trkpt>
      <trkpt lat="44.583510020747781" lon="6.822279011830688">
        <ele>1869</ele>
        <time>2015-08-02T15:15:11Z</time>
      </trkpt>
      <trkpt lat="44.582969974726439" lon="6.821651039645076">
        <ele>1869</ele>
        <time>2015-08-02T15:15:31Z</time>
      </trkpt>
      <trkpt lat="44.582321969792247" lon="6.821104036644101">
        <ele>1864</ele>
        <time>2015-08-02T15:15:51Z</time>
      </trkpt>
      <trkpt lat="44.581238022074103" lon="6.821201015263796">
        <ele>1857</ele>
        <time>2015-08-02T15:16:11Z</time>
      </trkpt>
      <trkpt lat="44.580605020746589" lon="6.8208899628371">
        <ele>1858</ele>
        <time>2015-08-02T15:16:31Z</time>
      </trkpt>
      <trkpt lat="44.579980988055468" lon="6.821147035807371">
        <ele>1843</ele>
        <time>2015-08-02T15:16:51Z</time>
      </trkpt>
      <trkpt lat="44.579716036096215" lon="6.821115016937256">
        <ele>1840</ele>
        <time>2015-08-02T15:17:11Z</time>
      </trkpt>
      <trkpt lat="44.579188982024789" lon="6.820063004270196">
        <ele>1850</ele>
        <time>2015-08-02T15:17:31Z</time>
      </trkpt>
      <trkpt lat="44.578814981505275" lon="6.819924032315612">
        <ele>1846</ele>
        <time>2015-08-02T15:17:51Z</time>
      </trkpt>
      <trkpt lat="44.578250963240862" lon="6.819291030988097">
        <ele>1835</ele>
        <time>2015-08-02T15:18:11Z</time>
      </trkpt>
      <trkpt lat="44.577927002683282" lon="6.819388009607792">
        <ele>1826</ele>
        <time>2015-08-02T15:18:31Z</time>
      </trkpt>
      <trkpt lat="44.577288972213864" lon="6.818791972473264">
        <ele>1820</ele>
        <time>2015-08-02T15:18:51Z</time>
      </trkpt>
      <trkpt lat="44.576659994199872" lon="6.817927965894342">
        <ele>1822</ele>
        <time>2015-08-02T15:19:11Z</time>
      </trkpt>
      <trkpt lat="44.576369980350137" lon="6.817917991429567">
        <ele>1822</ele>
        <time>2015-08-02T15:19:31Z</time>
      </trkpt>
      <trkpt lat="44.575557019561529" lon="6.818474968895316">
        <ele>1799</ele>
        <time>2015-08-02T15:19:51Z</time>
      </trkpt>
      <trkpt lat="44.574412973597646" lon="6.818174980580807">
        <ele>1797</ele>
        <time>2015-08-02T15:20:11Z</time>
      </trkpt>
      <trkpt lat="44.574097981676459" lon="6.817826963961124">
        <ele>1786</ele>
        <time>2015-08-02T15:20:31Z</time>
      </trkpt>
      <trkpt lat="44.573744013905525" lon="6.817607022821903">
        <ele>1783</ele>
        <time>2015-08-02T15:20:51Z</time>
      </trkpt>
      <trkpt lat="44.573502028360963" lon="6.817080974578857">
        <ele>1797</ele>
        <time>2015-08-02T15:21:11Z</time>
      </trkpt>
      <trkpt lat="44.572974974289536" lon="6.816641008481383">
        <ele>1798</ele>
        <time>2015-08-02T15:21:31Z</time>
      </trkpt>
      <trkpt lat="44.57154200412333" lon="6.816255021840334">
        <ele>1766</ele>
        <time>2015-08-02T15:21:51Z</time>
      </trkpt>
      <trkpt lat="44.571108995005488" lon="6.815889989957213">
        <ele>1762</ele>
        <time>2015-08-02T15:22:11Z</time>
      </trkpt>
      <trkpt lat="44.570752009749413" lon="6.815075017511845">
        <ele>1760</ele>
        <time>2015-08-02T15:22:31Z</time>
      </trkpt>
      <trkpt lat="44.570412039756775" lon="6.814688025042415">
        <ele>1762</ele>
        <time>2015-08-02T15:22:51Z</time>
      </trkpt>
      <trkpt lat="44.570140969008207" lon="6.814173040911555">
        <ele>1760</ele>
        <time>2015-08-02T15:23:11Z</time>
      </trkpt>
      <trkpt lat="44.56971500068903" lon="6.813996015116572">
        <ele>1756</ele>
        <time>2015-08-02T15:23:31Z</time>
      </trkpt>
      <trkpt lat="44.569388022646308" lon="6.813626037910581">
        <ele>1756</ele>
        <time>2015-08-02T15:23:51Z</time>
      </trkpt>
      <trkpt lat="44.567833011969924" lon="6.812757002189755">
        <ele>1742</ele>
        <time>2015-08-02T15:24:11Z</time>
      </trkpt>
      <trkpt lat="44.567554984241724" lon="6.812821039929986">
        <ele>1739</ele>
        <time>2015-08-02T15:24:31Z</time>
      </trkpt>
      <trkpt lat="44.566937992349267" lon="6.812649965286255">
        <ele>1730</ele>
        <time>2015-08-02T15:24:51Z</time>
      </trkpt>
      <trkpt lat="44.565982958301902" lon="6.811898024752736">
        <ele>1735</ele>
        <time>2015-08-02T15:25:11Z</time>
      </trkpt>
      <trkpt lat="44.564789962023497" lon="6.811619997024536">
        <ele>1723</ele>
        <time>2015-08-02T15:25:31Z</time>
      </trkpt>
      <trkpt lat="44.564246982336044" lon="6.811610022559762">
        <ele>1717</ele>
        <time>2015-08-02T15:25:51Z</time>
      </trkpt>
      <trkpt lat="44.563781032338738" lon="6.810782980173826">
        <ele>1719</ele>
        <time>2015-08-02T15:26:11Z</time>
      </trkpt>
      <trkpt lat="44.563244003802538" lon="6.810644008219242">
        <ele>1709</ele>
        <time>2015-08-02T15:26:31Z</time>
      </trkpt>
      <trkpt lat="44.562558028846979" lon="6.810031961649656">
        <ele>1712</ele>
        <time>2015-08-02T15:26:51Z</time>
      </trkpt>
      <trkpt lat="44.562198026105762" lon="6.810027016326785">
        <ele>1708</ele>
        <time>2015-08-02T15:27:11Z</time>
      </trkpt>
      <trkpt lat="44.561210973188281" lon="6.810386013239622">
        <ele>1704</ele>
        <time>2015-08-02T15:27:31Z</time>
      </trkpt>
      <trkpt lat="44.560051001608372" lon="6.809410024434328">
        <ele>1707</ele>
        <time>2015-08-02T15:27:51Z</time>
      </trkpt>
      <trkpt lat="44.559669960290194" lon="6.808648025617003">
        <ele>1704</ele>
        <time>2015-08-02T15:28:11Z</time>
      </trkpt>
      <trkpt lat="44.558093994855881" lon="6.806631004437804">
        <ele>1702</ele>
        <time>2015-08-02T15:28:31Z</time>
      </trkpt>
      <trkpt lat="44.55693100579083" lon="6.806351970881224">
        <ele>1689</ele>
        <time>2015-08-02T15:28:51Z</time>
      </trkpt>
      <trkpt lat="44.556134976446629" lon="6.805991968140006">
        <ele>1691</ele>
        <time>2015-08-02T15:29:11Z</time>
      </trkpt>
      <trkpt lat="44.554711980745196" lon="6.805085968226194">
        <ele>1687</ele>
        <time>2015-08-02T15:29:31Z</time>
      </trkpt>
      <trkpt lat="44.553920980542898" lon="6.804441986605525">
        <ele>1682</ele>
        <time>2015-08-02T15:29:51Z</time>
      </trkpt>
      <trkpt lat="44.553742026910186" lon="6.802961993962526">
        <ele>1688</ele>
        <time>2015-08-02T15:30:11Z</time>
      </trkpt>
      <trkpt lat="44.552711974829435" lon="6.802101004868746">
        <ele>1668</ele>
        <time>2015-08-02T15:30:31Z</time>
      </trkpt>
      <trkpt lat="44.552232027053833" lon="6.801531035453081">
        <ele>1667</ele>
        <time>2015-08-02T15:30:51Z</time>
      </trkpt>
      <trkpt lat="44.551525013521314" lon="6.800967017188668">
        <ele>1658</ele>
        <time>2015-08-02T15:31:11Z</time>
      </trkpt>
      <trkpt lat="44.551200969144702" lon="6.800554040819407">
        <ele>1660</ele>
        <time>2015-08-02T15:31:31Z</time>
      </trkpt>
      <trkpt lat="44.550488004460931" lon="6.799796987324953">
        <ele>1662</ele>
        <time>2015-08-02T15:31:51Z</time>
      </trkpt>
      <trkpt lat="44.549484020099044" lon="6.799495993182063">
        <ele>1651</ele>
        <time>2015-08-02T15:32:11Z</time>
      </trkpt>
      <trkpt lat="44.54908998683095" lon="6.799265993759036">
        <ele>1648</ele>
        <time>2015-08-02T15:32:31Z</time>
      </trkpt>
      <trkpt lat="44.548312984406948" lon="6.798563003540039">
        <ele>1644</ele>
        <time>2015-08-02T15:32:51Z</time>
      </trkpt>
      <trkpt lat="44.547992963343859" lon="6.79809101857245">
        <ele>1646</ele>
        <time>2015-08-02T15:33:11Z</time>
      </trkpt>
      <trkpt lat="44.547871006652713" lon="6.797178983688355">
        <ele>1658</ele>
        <time>2015-08-02T15:33:31Z</time>
      </trkpt>
      <trkpt lat="44.547558026388288" lon="6.796857034787536">
        <ele>1656</ele>
        <time>2015-08-02T15:33:51Z</time>
      </trkpt>
      <trkpt lat="44.547336995601654" lon="6.796067962422967">
        <ele>1662</ele>
        <time>2015-08-02T15:34:11Z</time>
      </trkpt>
      <trkpt lat="44.547076988965273" lon="6.795611986890435">
        <ele>1675</ele>
        <time>2015-08-02T15:34:31Z</time>
      </trkpt>
      <trkpt lat="44.546394031494856" lon="6.795183001086116">
        <ele>1655</ele>
        <time>2015-08-02T15:34:51Z</time>
      </trkpt>
      <trkpt lat="44.546051966026425" lon="6.795408977195621">
        <ele>1650</ele>
        <time>2015-08-02T15:35:11Z</time>
      </trkpt>
      <trkpt lat="44.545441009104252" lon="6.795344017446041">
        <ele>1642</ele>
        <time>2015-08-02T15:35:31Z</time>
      </trkpt>
      <trkpt lat="44.545077988877892" lon="6.794926011934876">
        <ele>1651</ele>
        <time>2015-08-02T15:35:51Z</time>
      </trkpt>
      <trkpt lat="44.544756961986423" lon="6.793809961527586">
        <ele>1649</ele>
        <time>2015-08-02T15:36:11Z</time>
      </trkpt>
      <trkpt lat="44.544314984232187" lon="6.793488012626767">
        <ele>1642</ele>
        <time>2015-08-02T15:36:31Z</time>
      </trkpt>
      <trkpt lat="44.544292017817497" lon="6.793133961036801">
        <ele>1650</ele>
        <time>2015-08-02T15:36:51Z</time>
      </trkpt>
      <trkpt lat="44.543865965679288" lon="6.792903961613774">
        <ele>1631</ele>
        <time>2015-08-02T15:37:11Z</time>
      </trkpt>
      <trkpt lat="44.543556002900004" lon="6.792340027168393">
        <ele>1638</ele>
        <time>2015-08-02T15:37:31Z</time>
      </trkpt>
      <trkpt lat="44.543305970728397" lon="6.792287975549698">
        <ele>1619</ele>
        <time>2015-08-02T15:37:51Z</time>
      </trkpt>
      <trkpt lat="44.543102039024234" lon="6.79213902913034">
        <ele>1618</ele>
        <time>2015-08-02T15:38:11Z</time>
      </trkpt>
      <trkpt lat="44.542933981865644" lon="6.792130982503295">
        <ele>1615</ele>
        <time>2015-08-02T15:38:31Z</time>
      </trkpt>
      <trkpt lat="44.542630976065993" lon="6.791678024455905">
        <ele>1608</ele>
        <time>2015-08-02T15:38:51Z</time>
      </trkpt>
      <trkpt lat="44.542553024366498" lon="6.791379963979125">
        <ele>1620</ele>
        <time>2015-08-02T15:39:11Z</time>
      </trkpt>
      <trkpt lat="44.542152034118772" lon="6.790774036198854">
        <ele>1611</ele>
        <time>2015-08-02T15:39:31Z</time>
      </trkpt>
      <trkpt lat="44.542056983336806" lon="6.790119996294379">
        <ele>1611</ele>
        <time>2015-08-02T15:39:51Z</time>
      </trkpt>
      <trkpt lat="44.541962016373873" lon="6.789733003824949">
        <ele>1613</ele>
        <time>2015-08-02T15:40:11Z</time>
      </trkpt>
      <trkpt lat="44.542197966948152" lon="6.788739999756217">
        <ele>1621</ele>
        <time>2015-08-02T15:40:31Z</time>
      </trkpt>
      <trkpt lat="44.542071986943483" lon="6.78775898180902">
        <ele>1623</ele>
        <time>2015-08-02T15:40:51Z</time>
      </trkpt>
      <trkpt lat="44.542061006650329" lon="6.786718033254147">
        <ele>1630</ele>
        <time>2015-08-02T15:41:11Z</time>
      </trkpt>
      <trkpt lat="44.541964028030634" lon="6.786414021626115">
        <ele>1636</ele>
        <time>2015-08-02T15:41:31Z</time>
      </trkpt>
      <trkpt lat="44.541652975603938" lon="6.786013031378388">
        <ele>1621</ele>
        <time>2015-08-02T15:41:51Z</time>
      </trkpt>
      <trkpt lat="44.541366985067725" lon="6.785425040870905">
        <ele>1626</ele>
        <time>2015-08-02T15:42:11Z</time>
      </trkpt>
      <trkpt lat="44.541147965937853" lon="6.785238040611148">
        <ele>1624</ele>
        <time>2015-08-02T15:42:31Z</time>
      </trkpt>
      <trkpt lat="44.540867004543543" lon="6.784932017326355">
        <ele>1623</ele>
        <time>2015-08-02T15:42:51Z</time>
      </trkpt>
      <trkpt lat="44.540695007890463" lon="6.784573020413518">
        <ele>1621</ele>
        <time>2015-08-02T15:43:11Z</time>
      </trkpt>
      <trkpt lat="44.540690984576941" lon="6.784319970756769">
        <ele>1626</ele>
        <time>2015-08-02T15:43:31Z</time>
      </trkpt>
      <trkpt lat="44.540508007630706" lon="6.783960973843932">
        <ele>1632</ele>
        <time>2015-08-02T15:43:51Z</time>
      </trkpt>
      <trkpt lat="44.539993023499846" lon="6.783660985529423">
        <ele>1621</ele>
        <time>2015-08-02T15:44:11Z</time>
      </trkpt>
      <trkpt lat="44.539608964696527" lon="6.783693004399538">
        <ele>1619</ele>
        <time>2015-08-02T15:44:31Z</time>
      </trkpt>
      <trkpt lat="44.538878984749317" lon="6.783498963341117">
        <ele>1625</ele>
        <time>2015-08-02T15:44:51Z</time>
      </trkpt>
      <trkpt lat="44.538673041388392" lon="6.783006023615599">
        <ele>1621</ele>
        <time>2015-08-02T15:45:11Z</time>
      </trkpt>
      <trkpt lat="44.538256963714957" lon="6.782539989799261">
        <ele>1609</ele>
        <time>2015-08-02T15:45:31Z</time>
      </trkpt>
      <trkpt lat="44.537747008726001" lon="6.782878031954169">
        <ele>1609</ele>
        <time>2015-08-02T15:45:51Z</time>
      </trkpt>
      <trkpt lat="44.537640977650881" lon="6.783063020557165">
        <ele>1610</ele>
        <time>2015-08-02T15:46:11Z</time>
      </trkpt>
      <trkpt lat="44.536904040724039" lon="6.783831976354122">
        <ele>1611</ele>
        <time>2015-08-02T15:46:31Z</time>
      </trkpt>
      <trkpt lat="44.536636993288994" lon="6.783992992714047">
        <ele>1594</ele>
        <time>2015-08-02T15:46:51Z</time>
      </trkpt>
      <trkpt lat="44.536396013572812" lon="6.784319970756769">
        <ele>1601</ele>
        <time>2015-08-02T15:47:11Z</time>
      </trkpt>
      <trkpt lat="44.536407999694347" lon="6.784615013748407">
        <ele>1604</ele>
        <time>2015-08-02T15:47:31Z</time>
      </trkpt>
      <trkpt lat="44.53660799190402" lon="6.784826992079616">
        <ele>1612</ele>
        <time>2015-08-02T15:47:51Z</time>
      </trkpt>
      <trkpt lat="44.536578990519047" lon="6.785070989280939">
        <ele>1622</ele>
        <time>2015-08-02T15:48:11Z</time>
      </trkpt>
      <trkpt lat="44.536428032442927" lon="6.785189006477594">
        <ele>1619</ele>
        <time>2015-08-02T15:48:31Z</time>
      </trkpt>
      <trkpt lat="44.536224016919732" lon="6.785769034177065">
        <ele>1621</ele>
        <time>2015-08-02T15:48:51Z</time>
      </trkpt>
      <trkpt lat="44.536035005003214" lon="6.785770962014794">
        <ele>1624</ele>
        <time>2015-08-02T15:49:11Z</time>
      </trkpt>
      <trkpt lat="44.535800982266665" lon="6.786037003621459">
        <ele>1644</ele>
        <time>2015-08-02T15:49:31Z</time>
      </trkpt>
      <trkpt lat="44.53544600866735" lon="6.785687981173396">
        <ele>1622</ele>
        <time>2015-08-02T15:49:51Z</time>
      </trkpt>
      <trkpt lat="44.535037977620959" lon="6.785730980336666">
        <ele>1629</ele>
        <time>2015-08-02T15:50:11Z</time>
      </trkpt>
      <trkpt lat="44.534622989594936" lon="6.785870958119631">
        <ele>1644</ele>
        <time>2015-08-02T15:50:31Z</time>
      </trkpt>
      <trkpt lat="44.533775998279452" lon="6.787125980481505">
        <ele>1664</ele>
        <time>2015-08-02T15:50:51Z</time>
      </trkpt>
      <trkpt lat="44.533485984429717" lon="6.787405014038086">
        <ele>1664</ele>
        <time>2015-08-02T15:51:11Z</time>
      </trkpt>
      <trkpt lat="44.533065967261791" lon="6.788296010345221">
        <ele>1682</ele>
        <time>2015-08-02T15:51:31Z</time>
      </trkpt>
      <trkpt lat="44.532890031114221" lon="6.788305984809995">
        <ele>1681</ele>
        <time>2015-08-02T15:51:51Z</time>
      </trkpt>
      <trkpt lat="44.532891036942601" lon="6.788723990321159">
        <ele>1703</ele>
        <time>2015-08-02T15:52:11Z</time>
      </trkpt>
      <trkpt lat="44.533139979466796" lon="6.788928005844355">
        <ele>1706</ele>
        <time>2015-08-02T15:52:31Z</time>
      </trkpt>
      <trkpt lat="44.533680025488138" lon="6.789186000823975">
        <ele>1725</ele>
        <time>2015-08-02T15:52:51Z</time>
      </trkpt>
      <trkpt lat="44.533863002434373" lon="6.789453970268369">
        <ele>1730</ele>
        <time>2015-08-02T15:53:11Z</time>
      </trkpt>
      <trkpt lat="44.533695029094815" lon="6.789819002151489">
        <ele>1733</ele>
        <time>2015-08-02T15:53:31Z</time>
      </trkpt>
      <trkpt lat="44.534042039886117" lon="6.790076997131109">
        <ele>1746</ele>
        <time>2015-08-02T15:53:51Z</time>
      </trkpt>
      <trkpt lat="44.534232979640365" lon="6.790495002642274">
        <ele>1749</ele>
        <time>2015-08-02T15:54:11Z</time>
      </trkpt>
      <trkpt lat="44.533638032153249" lon="6.791062960401177">
        <ele>1778</ele>
        <time>2015-08-02T15:54:31Z</time>
      </trkpt>
      <trkpt lat="44.533454971387982" lon="6.791493035852909">
        <ele>1788</ele>
        <time>2015-08-02T15:54:51Z</time>
      </trkpt>
      <trkpt lat="44.533614981919527" lon="6.791824959218502">
        <ele>1801</ele>
        <time>2015-08-02T15:55:11Z</time>
      </trkpt>
      <trkpt lat="44.533801982179284" lon="6.792566003277898">
        <ele>1820</ele>
        <time>2015-08-02T15:55:31Z</time>
      </trkpt>
      <trkpt lat="44.533643983304501" lon="6.792673040181398">
        <ele>1824</ele>
        <time>2015-08-02T15:55:51Z</time>
      </trkpt>
      <trkpt lat="44.533515991643071" lon="6.792640015482903">
        <ele>1826</ele>
        <time>2015-08-02T15:56:11Z</time>
      </trkpt>
      <trkpt lat="44.533326979726553" lon="6.792903039604425">
        <ele>1847</ele>
        <time>2015-08-02T15:56:31Z</time>
      </trkpt>
      <trkpt lat="44.533578017726541" lon="6.793455993756652">
        <ele>1845</ele>
        <time>2015-08-02T15:56:51Z</time>
      </trkpt>
      <trkpt lat="44.533504005521536" lon="6.793766962364316">
        <ele>1849</ele>
        <time>2015-08-02T15:57:11Z</time>
      </trkpt>
      <trkpt lat="44.532845020294189" lon="6.794271972030401">
        <ele>1888</ele>
        <time>2015-08-02T15:57:31Z</time>
      </trkpt>
      <trkpt lat="44.532507983967662" lon="6.794678997248411">
        <ele>1896</ele>
        <time>2015-08-02T15:57:51Z</time>
      </trkpt>
      <trkpt lat="44.531833995133638" lon="6.794260991737247">
        <ele>1912</ele>
        <time>2015-08-02T15:58:11Z</time>
      </trkpt>
      <trkpt lat="44.531391011551023" lon="6.79418102838099">
        <ele>1926</ele>
        <time>2015-08-02T15:58:31Z</time>
      </trkpt>
      <trkpt lat="44.531024973839521" lon="6.794185973703861">
        <ele>1933</ele>
        <time>2015-08-02T15:58:51Z</time>
      </trkpt>
      <trkpt lat="44.530357019975781" lon="6.794465007260442">
        <ele>1938</ele>
        <time>2015-08-02T15:59:11Z</time>
      </trkpt>
      <trkpt lat="44.529906995594501" lon="6.794802965596318">
        <ele>1939</ele>
        <time>2015-08-02T15:59:31Z</time>
      </trkpt>
      <trkpt lat="44.529594015330076" lon="6.795236980542541">
        <ele>1962</ele>
        <time>2015-08-02T15:59:51Z</time>
      </trkpt>
      <trkpt lat="44.529337026178837" lon="6.795381987467408">
        <ele>1963</ele>
        <time>2015-08-02T16:00:11Z</time>
      </trkpt>
      <trkpt lat="44.529052041471004" lon="6.795381987467408">
        <ele>1963</ele>
        <time>2015-08-02T16:00:31Z</time>
      </trkpt>
      <trkpt lat="44.528778037056327" lon="6.795188030228019">
        <ele>1961</ele>
        <time>2015-08-02T16:00:51Z</time>
      </trkpt>
      <trkpt lat="44.52827101573348" lon="6.794078014791012">
        <ele>1918</ele>
        <time>2015-08-02T16:01:11Z</time>
      </trkpt>
      <trkpt lat="44.528045961633325" lon="6.794065022841096">
        <ele>1909</ele>
        <time>2015-08-02T16:01:31Z</time>
      </trkpt>
      <trkpt lat="44.527653018012643" lon="6.794341038912535">
        <ele>1924</ele>
        <time>2015-08-02T16:01:51Z</time>
      </trkpt>
      <trkpt lat="44.527720995247364" lon="6.794148003682494">
        <ele>1906</ele>
        <time>2015-08-02T16:02:11Z</time>
      </trkpt>
      <trkpt lat="44.527083970606327" lon="6.794497026130557">
        <ele>1906</ele>
        <time>2015-08-02T16:02:31Z</time>
      </trkpt>
      <trkpt lat="44.527351018041372" lon="6.794088995084167">
        <ele>1897</ele>
        <time>2015-08-02T16:02:51Z</time>
      </trkpt>
      <trkpt lat="44.526885990053415" lon="6.794379008933902">
        <ele>1900</ele>
        <time>2015-08-02T16:03:11Z</time>
      </trkpt>
      <trkpt lat="44.526511989533901" lon="6.7953219730407">
        <ele>1895</ele>
        <time>2015-08-02T16:03:31Z</time>
      </trkpt>
      <trkpt lat="44.52612298540771" lon="6.795505033805966">
        <ele>1891</ele>
        <time>2015-08-02T16:03:51Z</time>
      </trkpt>
      <trkpt lat="44.525181027129292" lon="6.796685038134456">
        <ele>1888</ele>
        <time>2015-08-02T16:04:11Z</time>
      </trkpt>
      <trkpt lat="44.525081031024456" lon="6.797650968655944">
        <ele>1886</ele>
        <time>2015-08-02T16:04:31Z</time>
      </trkpt>
      <trkpt lat="44.525096034631133" lon="6.798520004376769">
        <ele>1890</ele>
        <time>2015-08-02T16:04:51Z</time>
      </trkpt>
      <trkpt lat="44.52517599798739" lon="6.79879903793335">
        <ele>1894</ele>
        <time>2015-08-02T16:05:11Z</time>
      </trkpt>
      <trkpt lat="44.525509011000395" lon="6.800225973129273">
        <ele>1893</ele>
        <time>2015-08-02T16:05:31Z</time>
      </trkpt>
      <trkpt lat="44.525473974645138" lon="6.801111018285155">
        <ele>1894</ele>
        <time>2015-08-02T16:05:51Z</time>
      </trkpt>
      <trkpt lat="44.525539018213749" lon="6.801609992980957">
        <ele>1896</ele>
        <time>2015-08-02T16:06:11Z</time>
      </trkpt>
      <trkpt lat="44.525974038988352" lon="6.802897034212947">
        <ele>1910</ele>
        <time>2015-08-02T16:06:31Z</time>
      </trkpt>
      <trkpt lat="44.525997005403042" lon="6.80449596606195">
        <ele>1915</ele>
        <time>2015-08-02T16:06:51Z</time>
      </trkpt>
      <trkpt lat="44.525700034573674" lon="6.80537598207593">
        <ele>1909</ele>
        <time>2015-08-02T16:07:11Z</time>
      </trkpt>
      <trkpt lat="44.525586040690541" lon="6.80632003583014">
        <ele>1913</ele>
        <time>2015-08-02T16:07:31Z</time>
      </trkpt>
      <trkpt lat="44.525417983531952" lon="6.807065019384027">
        <ele>1915</ele>
        <time>2015-08-02T16:07:51Z</time>
      </trkpt>
      <trkpt lat="44.525157976895571" lon="6.807569023221731">
        <ele>1914</ele>
        <time>2015-08-02T16:08:11Z</time>
      </trkpt>
      <trkpt lat="44.524822030216455" lon="6.807859037071466">
        <ele>1917</ele>
        <time>2015-08-02T16:08:31Z</time>
      </trkpt>
      <trkpt lat="44.524589013308287" lon="6.80823496542871">
        <ele>1919</ele>
        <time>2015-08-02T16:08:51Z</time>
      </trkpt>
      <trkpt lat="44.524039998650551" lon="6.808519028127194">
        <ele>1930</ele>
        <time>2015-08-02T16:09:11Z</time>
      </trkpt>
      <trkpt lat="44.523817040026188" lon="6.808867966756225">
        <ele>1934</ele>
        <time>2015-08-02T16:09:31Z</time>
      </trkpt>
      <trkpt lat="44.52375803142786" lon="6.809421004727483">
        <ele>1939</ele>
        <time>2015-08-02T16:09:51Z</time>
      </trkpt>
      <trkpt lat="44.523620987311006" lon="6.809856025502086">
        <ele>1942</ele>
        <time>2015-08-02T16:10:11Z</time>
      </trkpt>
      <trkpt lat="44.523461982607841" lon="6.810000026598573">
        <ele>1946</ele>
        <time>2015-08-02T16:10:31Z</time>
      </trkpt>
      <trkpt lat="44.523250004276633" lon="6.810750961303711">
        <ele>1958</ele>
        <time>2015-08-02T16:10:51Z</time>
      </trkpt>
      <trkpt lat="44.522808026522398" lon="6.81160700507462">
        <ele>1966</ele>
        <time>2015-08-02T16:11:11Z</time>
      </trkpt>
      <trkpt lat="44.522396977990866" lon="6.81218502111733">
        <ele>1981</ele>
        <time>2015-08-02T16:11:31Z</time>
      </trkpt>
      <trkpt lat="44.522231016308069" lon="6.812333967536688">
        <ele>1983</ele>
        <time>2015-08-02T16:11:51Z</time>
      </trkpt>
      <trkpt lat="44.521945025771856" lon="6.812738981097937">
        <ele>1990</ele>
        <time>2015-08-02T16:12:11Z</time>
      </trkpt>
      <trkpt lat="44.52174000442028" lon="6.813106024637818">
        <ele>1993</ele>
        <time>2015-08-02T16:12:31Z</time>
      </trkpt>
      <trkpt lat="44.521499024704099" lon="6.813400983810425">
        <ele>2001</ele>
        <time>2015-08-02T16:12:51Z</time>
      </trkpt>
      <trkpt lat="44.520869962871075" lon="6.813760986551642">
        <ele>2005</ele>
        <time>2015-08-02T16:13:11Z</time>
      </trkpt>
      <trkpt lat="44.520423961803317" lon="6.814232971519232">
        <ele>2015</ele>
        <time>2015-08-02T16:13:31Z</time>
      </trkpt>
      <trkpt lat="44.520328994840384" lon="6.814604038372636">
        <ele>2016</ele>
        <time>2015-08-02T16:13:51Z</time>
      </trkpt>
      <trkpt lat="44.520324971526861" lon="6.814906038343906">
        <ele>2017</ele>
        <time>2015-08-02T16:14:11Z</time>
      </trkpt>
      <trkpt lat="44.520210977643728" lon="6.815638029947877">
        <ele>2023</ele>
        <time>2015-08-02T16:14:31Z</time>
      </trkpt>
      <trkpt lat="44.520058007910848" lon="6.815794017165899">
        <ele>2029</ele>
        <time>2015-08-02T16:14:51Z</time>
      </trkpt>
      <trkpt lat="44.519808981567621" lon="6.815755963325501">
        <ele>2033</ele>
        <time>2015-08-02T16:15:11Z</time>
      </trkpt>
      <trkpt lat="44.519782997667789" lon="6.816104985773563">
        <ele>2041</ele>
        <time>2015-08-02T16:15:31Z</time>
      </trkpt>
      <trkpt lat="44.519488960504532" lon="6.815970959141851">
        <ele>2043</ele>
        <time>2015-08-02T16:15:51Z</time>
      </trkpt>
      <trkpt lat="44.51913801021874" lon="6.816410003229976">
        <ele>2053</ele>
        <time>2015-08-02T16:16:11Z</time>
      </trkpt>
      <trkpt lat="44.518977999687195" lon="6.816447973251343">
        <ele>2052</ele>
        <time>2015-08-02T16:16:31Z</time>
      </trkpt>
      <trkpt lat="44.518852019682527" lon="6.816657017916441">
        <ele>2053</ele>
        <time>2015-08-02T16:16:51Z</time>
      </trkpt>
      <trkpt lat="44.518975988030434" lon="6.816852986812592">
        <ele>2063</ele>
        <time>2015-08-02T16:17:11Z</time>
      </trkpt>
      <trkpt lat="44.519039019942284" lon="6.817049039527774">
        <ele>2065</ele>
        <time>2015-08-02T16:17:31Z</time>
      </trkpt>
      <trkpt lat="44.518951009958982" lon="6.81715096347034">
        <ele>2066</ele>
        <time>2015-08-02T16:17:51Z</time>
      </trkpt>
      <trkpt lat="44.518741965293884" lon="6.817139983177185">
        <ele>2066</ele>
        <time>2015-08-02T16:18:11Z</time>
      </trkpt>
      <trkpt lat="44.518714975565672" lon="6.81757902726531">
        <ele>2078</ele>
        <time>2015-08-02T16:18:31Z</time>
      </trkpt>
      <trkpt lat="44.51840995810926" lon="6.817550025880337">
        <ele>2077</ele>
        <time>2015-08-02T16:18:51Z</time>
      </trkpt>
      <trkpt lat="44.518226981163025" lon="6.817801985889673">
        <ele>2080</ele>
        <time>2015-08-02T16:19:11Z</time>
      </trkpt>
      <trkpt lat="44.518256988376379" lon="6.818118989467621">
        <ele>2085</ele>
        <time>2015-08-02T16:19:31Z</time>
      </trkpt>
      <trkpt lat="44.518036041408777" lon="6.818452002480626">
        <ele>2095</ele>
        <time>2015-08-02T16:19:51Z</time>
      </trkpt>
      <trkpt lat="44.517763964831829" lon="6.819163039326668">
        <ele>2102</ele>
        <time>2015-08-02T16:20:11Z</time>
      </trkpt>
      <trkpt lat="44.517330033704638" lon="6.819911040365696">
        <ele>2117</ele>
        <time>2015-08-02T16:20:31Z</time>
      </trkpt>
      <trkpt lat="44.516788981854916" lon="6.821294976398349">
        <ele>2146</ele>
        <time>2015-08-02T16:20:51Z</time>
      </trkpt>
      <trkpt lat="44.516311967745423" lon="6.821916997432709">
        <ele>2156</ele>
        <time>2015-08-02T16:21:11Z</time>
      </trkpt>
      <trkpt lat="44.516441971063614" lon="6.822052029892802">
        <ele>2158</ele>
        <time>2015-08-02T16:21:31Z</time>
      </trkpt>
      <trkpt lat="44.516449011862278" lon="6.822289992123842">
        <ele>2162</ele>
        <time>2015-08-02T16:21:51Z</time>
      </trkpt>
      <trkpt lat="44.516236027702689" lon="6.822674972936511">
        <ele>2173</ele>
        <time>2015-08-02T16:22:11Z</time>
      </trkpt>
      <trkpt lat="44.51595900580287" lon="6.822801036760211">
        <ele>2173</ele>
        <time>2015-08-02T16:22:31Z</time>
      </trkpt>
      <trkpt lat="44.515678966417909" lon="6.823162967339158">
        <ele>2172</ele>
        <time>2015-08-02T16:22:51Z</time>
      </trkpt>
      <trkpt lat="44.515675026923418" lon="6.823449963703752">
        <ele>2182</ele>
        <time>2015-08-02T16:23:11Z</time>
      </trkpt>
      <trkpt lat="44.515418959781528" lon="6.824067961424589">
        <ele>2187</ele>
        <time>2015-08-02T16:23:31Z</time>
      </trkpt>
      <trkpt lat="44.51523195952177" lon="6.824141973629594">
        <ele>2186</ele>
        <time>2015-08-02T16:23:51Z</time>
      </trkpt>
      <trkpt lat="44.514983016997576" lon="6.824581017717719">
        <ele>2192</ele>
        <time>2015-08-02T16:24:11Z</time>
      </trkpt>
      <trkpt lat="44.514351021498442" lon="6.825456004589796">
        <ele>2199</ele>
        <time>2015-08-02T16:24:31Z</time>
      </trkpt>
      <trkpt lat="44.514300981536508" lon="6.82610996067524">
        <ele>2207</ele>
        <time>2015-08-02T16:24:51Z</time>
      </trkpt>
      <trkpt lat="44.513278976082802" lon="6.827688021585345">
        <ele>2202</ele>
        <time>2015-08-02T16:25:11Z</time>
      </trkpt>
      <trkpt lat="44.513061968609691" lon="6.827779971063137">
        <ele>2202</ele>
        <time>2015-08-02T16:25:31Z</time>
      </trkpt>
      <trkpt lat="44.512378005310893" lon="6.828793007880449">
        <ele>2208</ele>
        <time>2015-08-02T16:25:51Z</time>
      </trkpt>
      <trkpt lat="44.512076005339622" lon="6.829161979258061">
        <ele>2207</ele>
        <time>2015-08-02T16:26:11Z</time>
      </trkpt>
      <trkpt lat="44.511794038116932" lon="6.829664977267385">
        <ele>2217</ele>
        <time>2015-08-02T16:26:31Z</time>
      </trkpt>
      <trkpt lat="44.511734023690224" lon="6.830027997493744">
        <ele>2222</ele>
        <time>2015-08-02T16:26:51Z</time>
      </trkpt>
      <trkpt lat="44.511451972648501" lon="6.830875994637609">
        <ele>2231</ele>
        <time>2015-08-02T16:27:11Z</time>
      </trkpt>
      <trkpt lat="44.511128012090921" lon="6.831253012642264">
        <ele>2231</ele>
        <time>2015-08-02T16:27:31Z</time>
      </trkpt>
      <trkpt lat="44.511075038462877" lon="6.831692978739739">
        <ele>2242</ele>
        <time>2015-08-02T16:27:51Z</time>
      </trkpt>
      <trkpt lat="44.51045997440815" lon="6.832230007275939">
        <ele>2241</ele>
        <time>2015-08-02T16:28:11Z</time>
      </trkpt>
      <trkpt lat="44.510109024122357" lon="6.832322040572763">
        <ele>2240</ele>
        <time>2015-08-02T16:28:31Z</time>
      </trkpt>
      <trkpt lat="44.50977299362421" lon="6.832628985866904">
        <ele>2245</ele>
        <time>2015-08-02T16:28:51Z</time>
      </trkpt>
      <trkpt lat="44.509461019188166" lon="6.833505984395742">
        <ele>2255</ele>
        <time>2015-08-02T16:29:11Z</time>
      </trkpt>
      <trkpt lat="44.509220039471984" lon="6.8333700299263">
        <ele>2250</ele>
        <time>2015-08-02T16:29:31Z</time>
      </trkpt>
      <trkpt lat="44.508967995643616" lon="6.834439979866147">
        <ele>2262</ele>
        <time>2015-08-02T16:29:51Z</time>
      </trkpt>
      <trkpt lat="44.508776972070336" lon="6.834608959034085">
        <ele>2264</ele>
        <time>2015-08-02T16:30:11Z</time>
      </trkpt>
      <trkpt lat="44.508692985400558" lon="6.834950018674135">
        <ele>2266</ele>
        <time>2015-08-02T16:30:31Z</time>
      </trkpt>
      <trkpt lat="44.508369024842978" lon="6.835201978683472">
        <ele>2269</ele>
        <time>2015-08-02T16:30:51Z</time>
      </trkpt>
      <trkpt lat="44.508262993767858" lon="6.835654014721513">
        <ele>2273</ele>
        <time>2015-08-02T16:31:11Z</time>
      </trkpt>
      <trkpt lat="44.508049003779888" lon="6.836170004680753">
        <ele>2279</ele>
        <time>2015-08-02T16:31:31Z</time>
      </trkpt>
      <trkpt lat="44.506898000836372" lon="6.836823038756847">
        <ele>2301</ele>
        <time>2015-08-02T16:31:51Z</time>
      </trkpt>
      <trkpt lat="44.506519977003336" lon="6.837163008749485">
        <ele>2318</ele>
        <time>2015-08-02T16:32:11Z</time>
      </trkpt>
      <trkpt lat="44.506278997287154" lon="6.837320001795888">
        <ele>2321</ele>
        <time>2015-08-02T16:32:31Z</time>
      </trkpt>
      <trkpt lat="44.50558103621006" lon="6.837640022858977">
        <ele>2337</ele>
        <time>2015-08-02T16:32:51Z</time>
      </trkpt>
      <trkpt lat="44.504761034622788" lon="6.838820027187467">
        <ele>2345</ele>
        <time>2015-08-02T16:33:11Z</time>
      </trkpt>
      <trkpt lat="44.504322996363044" lon="6.839142981916666">
        <ele>2346</ele>
        <time>2015-08-02T16:33:31Z</time>
      </trkpt>
      <trkpt lat="44.50424998998642" lon="6.839680010452867">
        <ele>2350</ele>
        <time>2015-08-02T16:33:51Z</time>
      </trkpt>
      <trkpt lat="44.504072964191437" lon="6.839844966307282">
        <ele>2354</ele>
        <time>2015-08-02T16:34:11Z</time>
      </trkpt>
      <trkpt lat="44.503850005567074" lon="6.840149983763695">
        <ele>2360</ele>
        <time>2015-08-02T16:34:31Z</time>
      </trkpt>
      <trkpt lat="44.50330400839448" lon="6.841059001162648">
        <ele>2377</ele>
        <time>2015-08-02T16:34:51Z</time>
      </trkpt>
      <trkpt lat="44.503102004528046" lon="6.841497039422393">
        <ele>2382</ele>
        <time>2015-08-02T16:35:11Z</time>
      </trkpt>
      <trkpt lat="44.502648962661624" lon="6.842011017724872">
        <ele>2402</ele>
        <time>2015-08-02T16:35:31Z</time>
      </trkpt>
      <trkpt lat="44.50261702761054" lon="6.842148983851075">
        <ele>2405</ele>
        <time>2015-08-02T16:35:51Z</time>
      </trkpt>
      <trkpt lat="44.502443019300699" lon="6.842124005779624">
        <ele>2426</ele>
        <time>2015-08-02T16:36:11Z</time>
      </trkpt>
      <trkpt lat="44.502246966585517" lon="6.841981010511518">
        <ele>2426</ele>
        <time>2015-08-02T16:36:31Z</time>
      </trkpt>
      <trkpt lat="44.502170020714402" lon="6.842101961374283">
        <ele>2431</ele>
        <time>2015-08-02T16:36:51Z</time>
      </trkpt>
      <trkpt lat="44.501834996044636" lon="6.841645985841751">
        <ele>2428</ele>
        <time>2015-08-02T16:37:11Z</time>
      </trkpt>
      <trkpt lat="44.501673979684711" lon="6.84215703047812">
        <ele>2443</ele>
        <time>2015-08-02T16:37:31Z</time>
      </trkpt>
      <trkpt lat="44.501788979396224" lon="6.842831019312143">
        <ele>2461</ele>
        <time>2015-08-02T16:37:51Z</time>
      </trkpt>
      <trkpt lat="44.501964999362826" lon="6.843387996777892">
        <ele>2480</ele>
        <time>2015-08-02T16:38:11Z</time>
      </trkpt>
      <trkpt lat="44.501977991312742" lon="6.843695025891066">
        <ele>2483</ele>
        <time>2015-08-02T16:38:31Z</time>
      </trkpt>
      <trkpt lat="44.501858968287706" lon="6.843732995912433">
        <ele>2485</ele>
        <time>2015-08-02T16:38:51Z</time>
      </trkpt>
      <trkpt lat="44.501761989668012" lon="6.844098027795553">
        <ele>2495</ele>
        <time>2015-08-02T16:39:11Z</time>
      </trkpt>
      <trkpt lat="44.501429982483387" lon="6.844250997528434">
        <ele>2504</ele>
        <time>2015-08-02T16:39:31Z</time>
      </trkpt>
      <trkpt lat="44.500988004729152" lon="6.844597002491355">
        <ele>2506</ele>
        <time>2015-08-02T16:39:51Z</time>
      </trkpt>
      <trkpt lat="44.500820031389594" lon="6.845003021880984">
        <ele>2511</ele>
        <time>2015-08-02T16:40:11Z</time>
      </trkpt>
      <trkpt lat="44.500548960641026" lon="6.845498979091644">
        <ele>2519</ele>
        <time>2015-08-02T16:40:31Z</time>
      </trkpt>
      <trkpt lat="44.500447036698461" lon="6.845851019024849">
        <ele>2522</ele>
        <time>2015-08-02T16:40:51Z</time>
      </trkpt>
      <trkpt lat="44.500261964276433" lon="6.846210015937686">
        <ele>2521</ele>
        <time>2015-08-02T16:41:11Z</time>
      </trkpt>
      <trkpt lat="44.500131038948894" lon="6.846608994528651">
        <ele>2519</ele>
        <time>2015-08-02T16:41:31Z</time>
      </trkpt>
      <trkpt lat="44.500022996217012" lon="6.846772022545338">
        <ele>2519</ele>
        <time>2015-08-02T16:41:51Z</time>
      </trkpt>
      <trkpt lat="44.499723007902503" lon="6.846764981746674">
        <ele>2514</ele>
        <time>2015-08-02T16:42:11Z</time>
      </trkpt>
      <trkpt lat="44.499346995726228" lon="6.846574964001775">
        <ele>2514</ele>
        <time>2015-08-02T16:42:31Z</time>
      </trkpt>
      <trkpt lat="44.49892396107316" lon="6.846561972051859">
        <ele>2509</ele>
        <time>2015-08-02T16:42:51Z</time>
      </trkpt>
      <trkpt lat="44.498606035485864" lon="6.846438003703952">
        <ele>2506</ele>
        <time>2015-08-02T16:43:11Z</time>
      </trkpt>
      <trkpt lat="44.498218959197402" lon="6.846388969570398">
        <ele>2497</ele>
        <time>2015-08-02T16:43:31Z</time>
      </trkpt>
      <trkpt lat="44.497655024752021" lon="6.846645958721638">
        <ele>2492</ele>
        <time>2015-08-02T16:43:51Z</time>
      </trkpt>
      <trkpt lat="44.497436005622149" lon="6.846991963684559">
        <ele>2490</ele>
        <time>2015-08-02T16:44:11Z</time>
      </trkpt>
      <trkpt lat="44.497624011710286" lon="6.847672993317246">
        <ele>2494</ele>
        <time>2015-08-02T16:44:31Z</time>
      </trkpt>
      <trkpt lat="44.497612025588751" lon="6.848028972744942">
        <ele>2493</ele>
        <time>2015-08-02T16:44:51Z</time>
      </trkpt>
      <trkpt lat="44.497821992263198" lon="6.848172973841429">
        <ele>2495</ele>
        <time>2015-08-02T16:45:11Z</time>
      </trkpt>
      <trkpt lat="44.497639015316963" lon="6.848763981834054">
        <ele>2497</ele>
        <time>2015-08-02T16:45:31Z</time>
      </trkpt>
      <trkpt lat="44.49737498536706" lon="6.849062964320183">
        <ele>2486</ele>
        <time>2015-08-02T16:45:51Z</time>
      </trkpt>
      <trkpt lat="44.497227966785431" lon="6.848980989307165">
        <ele>2484</ele>
        <time>2015-08-02T16:46:11Z</time>
      </trkpt>
      <trkpt lat="44.49705102480948" lon="6.849128007888794">
        <ele>2482</ele>
        <time>2015-08-02T16:46:31Z</time>
      </trkpt>
      <trkpt lat="44.496933007612824" lon="6.84946303255856">
        <ele>2479</ele>
        <time>2015-08-02T16:46:51Z</time>
      </trkpt>
      <trkpt lat="44.49627703987062" lon="6.849867962300777">
        <ele>2466</ele>
        <time>2015-08-02T16:47:11Z</time>
      </trkpt>
      <trkpt lat="44.495780998840928" lon="6.849878020584583">
        <ele>2460</ele>
        <time>2015-08-02T16:47:31Z</time>
      </trkpt>
      <trkpt lat="44.495429964736104" lon="6.850054962560535">
        <ele>2458</ele>
        <time>2015-08-02T16:47:51Z</time>
      </trkpt>
      <trkpt lat="44.495086977258325" lon="6.850189995020628">
        <ele>2456</ele>
        <time>2015-08-02T16:48:11Z</time>
      </trkpt>
      <trkpt lat="44.494697973132133" lon="6.850542034953833">
        <ele>2451</ele>
        <time>2015-08-02T16:48:31Z</time>
      </trkpt>
      <trkpt lat="44.494076035916805" lon="6.850542034953833">
        <ele>2442</ele>
        <time>2015-08-02T16:48:51Z</time>
      </trkpt>
      <trkpt lat="44.493401041254401" lon="6.850628033280373">
        <ele>2438</ele>
        <time>2015-08-02T16:49:11Z</time>
      </trkpt>
      <trkpt lat="44.492851020768285" lon="6.85049501247704">
        <ele>2436</ele>
        <time>2015-08-02T16:49:31Z</time>
      </trkpt>
      <trkpt lat="44.492187006399035" lon="6.85073004104197">
        <ele>2433</ele>
        <time>2015-08-02T16:49:51Z</time>
      </trkpt>
      <trkpt lat="44.491845024749637" lon="6.850501969456673">
        <ele>2433</ele>
        <time>2015-08-02T16:50:11Z</time>
      </trkpt>
      <trkpt lat="44.491871008649468" lon="6.850348999723792">
        <ele>2433</ele>
        <time>2015-08-02T16:50:31Z</time>
      </trkpt>
      <trkpt lat="44.491636985912919" lon="6.850296026095748">
        <ele>2428</ele>
        <time>2015-08-02T16:50:51Z</time>
      </trkpt>
      <trkpt lat="44.49103600345552" lon="6.849846001714468">
        <ele>2423</ele>
        <time>2015-08-02T16:51:11Z</time>
      </trkpt>
      <trkpt lat="44.490217007696629" lon="6.849320037290454">
        <ele>2407</ele>
        <time>2015-08-02T16:51:31Z</time>
      </trkpt>
      <trkpt lat="44.490012992173433" lon="6.849310984835029">
        <ele>2405</ele>
        <time>2015-08-02T16:51:51Z</time>
      </trkpt>
      <trkpt lat="44.489822974428535" lon="6.849061036482453">
        <ele>2390</ele>
        <time>2015-08-02T16:52:11Z</time>
      </trkpt>
      <trkpt lat="44.48959699831903" lon="6.848934972658753">
        <ele>2384</ele>
        <time>2015-08-02T16:52:31Z</time>
      </trkpt>
      <trkpt lat="44.489313019439578" lon="6.848999010398984">
        <ele>2383</ele>
        <time>2015-08-02T16:52:51Z</time>
      </trkpt>
      <trkpt lat="44.489244036376476" lon="6.848831959068775">
        <ele>2381</ele>
        <time>2015-08-02T16:53:11Z</time>
      </trkpt>
      <trkpt lat="44.489047983661294" lon="6.848979983478785">
        <ele>2372</ele>
        <time>2015-08-02T16:53:31Z</time>
      </trkpt>
      <trkpt lat="44.48882301338017" lon="6.849289024248719">
        <ele>2378</ele>
        <time>2015-08-02T16:53:51Z</time>
      </trkpt>
      <trkpt lat="44.488510033115745" lon="6.849534027278423">
        <ele>2375</ele>
        <time>2015-08-02T16:54:11Z</time>
      </trkpt>
      <trkpt lat="44.488197974860668" lon="6.849645003676415">
        <ele>2365</ele>
        <time>2015-08-02T16:54:31Z</time>
      </trkpt>
      <trkpt lat="44.487765971571207" lon="6.850385963916779">
        <ele>2375</ele>
        <time>2015-08-02T16:54:51Z</time>
      </trkpt>
      <trkpt lat="44.487695982679725" lon="6.850381018593907">
        <ele>2375</ele>
        <time>2015-08-02T16:55:11Z</time>
      </trkpt>
      <trkpt lat="44.487511999905109" lon="6.849818006157875">
        <ele>2365</ele>
        <time>2015-08-02T16:55:31Z</time>
      </trkpt>
      <trkpt lat="44.487239001318812" lon="6.849625976756215">
        <ele>2358</ele>
        <time>2015-08-02T16:55:51Z</time>
      </trkpt>
      <trkpt lat="44.486267035827041" lon="6.849522963166237">
        <ele>2361</ele>
        <time>2015-08-02T16:56:11Z</time>
      </trkpt>
      <trkpt lat="44.486110964789987" lon="6.849415004253388">
        <ele>2360</ele>
        <time>2015-08-02T16:56:31Z</time>
      </trkpt>
      <trkpt lat="44.485946008935571" lon="6.849554982036352">
        <ele>2361</ele>
        <time>2015-08-02T16:56:51Z</time>
      </trkpt>
      <trkpt lat="44.485766971483827" lon="6.849561017006636">
        <ele>2365</ele>
        <time>2015-08-02T16:57:11Z</time>
      </trkpt>
      <trkpt lat="44.485449967905879" lon="6.849108980968595">
        <ele>2354</ele>
        <time>2015-08-02T16:57:31Z</time>
      </trkpt>
      <trkpt lat="44.484970020130277" lon="6.848848974332213">
        <ele>2362</ele>
        <time>2015-08-02T16:57:51Z</time>
      </trkpt>
      <trkpt lat="44.484642036259174" lon="6.848717965185642">
        <ele>2364</ele>
        <time>2015-08-02T16:58:11Z</time>
      </trkpt>
      <trkpt lat="44.484435003250837" lon="6.848482014611363">
        <ele>2365</ele>
        <time>2015-08-02T16:58:31Z</time>
      </trkpt>
      <trkpt lat="44.484326960518956" lon="6.848202981054783">
        <ele>2359</ele>
        <time>2015-08-02T16:58:51Z</time>
      </trkpt>
      <trkpt lat="44.483852041885257" lon="6.847322965040803">
        <ele>2362</ele>
        <time>2015-08-02T16:59:11Z</time>
      </trkpt>
      <trkpt lat="44.483615001663566" lon="6.847217017784715">
        <ele>2364</ele>
        <time>2015-08-02T16:59:31Z</time>
      </trkpt>
      <trkpt lat="44.483492961153388" lon="6.847351966425777">
        <ele>2365</ele>
        <time>2015-08-02T16:59:51Z</time>
      </trkpt>
      <trkpt lat="44.483127007260919" lon="6.847558999434114">
        <ele>2375</ele>
        <time>2015-08-02T17:00:11Z</time>
      </trkpt>
      <trkpt lat="44.482500962913036" lon="6.848026961088181">
        <ele>2383</ele>
        <time>2015-08-02T17:00:31Z</time>
      </trkpt>
      <trkpt lat="44.482341958209872" lon="6.848170040175319">
        <ele>2390</ele>
        <time>2015-08-02T17:00:51Z</time>
      </trkpt>
      <trkpt lat="44.482154035940766" lon="6.848199963569641">
        <ele>2391</ele>
        <time>2015-08-02T17:01:11Z</time>
      </trkpt>
      <trkpt lat="44.481522040441632" lon="6.848390987142921">
        <ele>2397</ele>
        <time>2015-08-02T17:01:31Z</time>
      </trkpt>
      <trkpt lat="44.481327999383211" lon="6.848578993231058">
        <ele>2401</ele>
        <time>2015-08-02T17:01:51Z</time>
      </trkpt>
      <trkpt lat="44.481162037700415" lon="6.848572958260775">
        <ele>2402</ele>
        <time>2015-08-02T17:02:11Z</time>
      </trkpt>
      <trkpt lat="44.480904964730144" lon="6.848700027912855">
        <ele>2404</ele>
        <time>2015-08-02T17:02:31Z</time>
      </trkpt>
      <trkpt lat="44.48042300529778" lon="6.849062964320183">
        <ele>2410</ele>
        <time>2015-08-02T17:02:51Z</time>
      </trkpt>
      <trkpt lat="44.480071971192956" lon="6.849749023094773">
        <ele>2417</ele>
        <time>2015-08-02T17:03:11Z</time>
      </trkpt>
      <trkpt lat="44.479494960978627" lon="6.850159987807274">
        <ele>2429</ele>
        <time>2015-08-02T17:03:31Z</time>
      </trkpt>
      <trkpt lat="44.479183992370963" lon="6.849809037521482">
        <ele>2426</ele>
        <time>2015-08-02T17:03:51Z</time>
      </trkpt>
      <trkpt lat="44.479317013174295" lon="6.849479964002967">
        <ele>2425</ele>
        <time>2015-08-02T17:04:11Z</time>
      </trkpt>
      <trkpt lat="44.479259010404348" lon="6.849280977621675">
        <ele>2428</ele>
        <time>2015-08-02T17:04:31Z</time>
      </trkpt>
      <trkpt lat="44.479087013751268" lon="6.849263962358236">
        <ele>2438</ele>
        <time>2015-08-02T17:04:51Z</time>
      </trkpt>
      <trkpt lat="44.478798005729914" lon="6.849654978141189">
        <ele>2447</ele>
        <time>2015-08-02T17:05:11Z</time>
      </trkpt>
      <trkpt lat="44.478719970211387" lon="6.850736998021603">
        <ele>2447</ele>
        <time>2015-08-02T17:05:31Z</time>
      </trkpt>
      <trkpt lat="44.478636989369988" lon="6.850911006331444">
        <ele>2453</ele>
        <time>2015-08-02T17:05:51Z</time>
      </trkpt>
      <trkpt lat="44.478344041854143" lon="6.851150980219245">
        <ele>2456</ele>
        <time>2015-08-02T17:06:11Z</time>
      </trkpt>
      <trkpt lat="44.477858981117606" lon="6.85137502849102">
        <ele>2476</ele>
        <time>2015-08-02T17:06:31Z</time>
      </trkpt>
      <trkpt lat="44.477579025551677" lon="6.851824969053268">
        <ele>2481</ele>
        <time>2015-08-02T17:06:51Z</time>
      </trkpt>
      <trkpt lat="44.477366963401437" lon="6.852253032848239">
        <ele>2488</ele>
        <time>2015-08-02T17:07:11Z</time>
      </trkpt>
      <trkpt lat="44.477386996150017" lon="6.851829998195171">
        <ele>2488</ele>
        <time>2015-08-02T17:07:31Z</time>
      </trkpt>
      <trkpt lat="44.477298986166716" lon="6.851599998772144">
        <ele>2492</ele>
        <time>2015-08-02T17:07:51Z</time>
      </trkpt>
      <trkpt lat="44.477195972576737" lon="6.852003000676632">
        <ele>2490</ele>
        <time>2015-08-02T17:08:11Z</time>
      </trkpt>
      <trkpt lat="44.476871006190777" lon="6.85274999588728">
        <ele>2497</ele>
        <time>2015-08-02T17:08:31Z</time>
      </trkpt>
      <trkpt lat="44.476357027888298" lon="6.85339598916471">
        <ele>2507</ele>
        <time>2015-08-02T17:08:51Z</time>
      </trkpt>
      <trkpt lat="44.476000964641571" lon="6.853063981980085">
        <ele>2510</ele>
        <time>2015-08-02T17:09:11Z</time>
      </trkpt>
      <trkpt lat="44.47591002099216" lon="6.852797018364072">
        <ele>2512</ele>
        <time>2015-08-02T17:09:31Z</time>
      </trkpt>
      <trkpt lat="44.475985961034894" lon="6.852417988702655">
        <ele>2519</ele>
        <time>2015-08-02T17:09:51Z</time>
      </trkpt>
      <trkpt lat="44.476207997649908" lon="6.851964024826884">
        <ele>2519</ele>
        <time>2015-08-02T17:10:11Z</time>
      </trkpt>
      <trkpt lat="44.476192994043231" lon="6.851228009909391">
        <ele>2520</ele>
        <time>2015-08-02T17:10:31Z</time>
      </trkpt>
      <trkpt lat="44.476058967411518" lon="6.851860005408526">
        <ele>2525</ele>
        <time>2015-08-02T17:10:51Z</time>
      </trkpt>
      <trkpt lat="44.475495032966137" lon="6.852330984547734">
        <ele>2537</ele>
        <time>2015-08-02T17:11:11Z</time>
      </trkpt>
      <trkpt lat="44.475360000506043" lon="6.85255503281951">
        <ele>2533</ele>
        <time>2015-08-02T17:11:31Z</time>
      </trkpt>
      <trkpt lat="44.475448010489345" lon="6.852252027019858">
        <ele>2539</ele>
        <time>2015-08-02T17:11:51Z</time>
      </trkpt>
      <trkpt lat="44.475254975259304" lon="6.852571964263916">
        <ele>2535</ele>
        <time>2015-08-02T17:12:11Z</time>
      </trkpt>
      <trkpt lat="44.475046014413238" lon="6.852828031405807">
        <ele>2536</ele>
        <time>2015-08-02T17:12:31Z</time>
      </trkpt>
      <trkpt lat="44.475104017183185" lon="6.852394016459584">
        <ele>2543</ele>
        <time>2015-08-02T17:12:51Z</time>
      </trkpt>
      <trkpt lat="44.475093958899379" lon="6.852163011208177">
        <ele>2542</ele>
        <time>2015-08-02T17:13:11Z</time>
      </trkpt>
      <trkpt lat="44.475171994417906" lon="6.851862017065287">
        <ele>2544</ele>
        <time>2015-08-02T17:13:31Z</time>
      </trkpt>
      <trkpt lat="44.474707972258329" lon="6.850975966081023">
        <ele>2514</ele>
        <time>2015-08-02T17:13:51Z</time>
      </trkpt>
      <trkpt lat="44.474800005555153" lon="6.851605027914047">
        <ele>2532</ele>
        <time>2015-08-02T17:14:11Z</time>
      </trkpt>
      <trkpt lat="44.474461041390896" lon="6.850899020209909">
        <ele>2507</ele>
        <time>2015-08-02T17:14:31Z</time>
      </trkpt>
      <trkpt lat="44.474418964236975" lon="6.851594969630241">
        <ele>2512</ele>
        <time>2015-08-02T17:14:51Z</time>
      </trkpt>
      <trkpt lat="44.474087040871382" lon="6.850816961377859">
        <ele>2490</ele>
        <time>2015-08-02T17:15:11Z</time>
      </trkpt>
      <trkpt lat="44.474034989252687" lon="6.850373977795243">
        <ele>2484</ele>
        <time>2015-08-02T17:15:31Z</time>
      </trkpt>
      <trkpt lat="44.473900040611625" lon="6.850081030279398">
        <ele>2484</ele>
        <time>2015-08-02T17:15:51Z</time>
      </trkpt>
      <trkpt lat="44.47348396293819" lon="6.849580965936184">
        <ele>2477</ele>
        <time>2015-08-02T17:16:11Z</time>
      </trkpt>
      <trkpt lat="44.47331196628511" lon="6.849503014236689">
        <ele>2449</ele>
        <time>2015-08-02T17:16:31Z</time>
      </trkpt>
      <trkpt lat="44.47316000238061" lon="6.84959102421999">
        <ele>2446</ele>
        <time>2015-08-02T17:16:51Z</time>
      </trkpt>
      <trkpt lat="44.472904019057751" lon="6.849579960107803">
        <ele>2440</ele>
        <time>2015-08-02T17:17:11Z</time>
      </trkpt>
      <trkpt lat="44.472826989367604" lon="6.849280977621675">
        <ele>2438</ele>
        <time>2015-08-02T17:17:31Z</time>
      </trkpt>
      <trkpt lat="44.472599001601338" lon="6.849559005349875">
        <ele>2434</ele>
        <time>2015-08-02T17:17:51Z</time>
      </trkpt>
      <trkpt lat="44.472542004659772" lon="6.849393965676427">
        <ele>2431</ele>
        <time>2015-08-02T17:18:11Z</time>
      </trkpt>
      <trkpt lat="44.472407978028059" lon="6.849315008148551">
        <ele>2409</ele>
        <time>2015-08-02T17:18:31Z</time>
      </trkpt>
      <trkpt lat="44.47219499386847" lon="6.848963974043727">
        <ele>2399</ele>
        <time>2015-08-02T17:18:51Z</time>
      </trkpt>
      <trkpt lat="44.472146965563297" lon="6.849017031490803">
        <ele>2398</ele>
        <time>2015-08-02T17:19:11Z</time>
      </trkpt>
      <trkpt lat="44.471840020269156" lon="6.848759036511183">
        <ele>2389</ele>
        <time>2015-08-02T17:19:31Z</time>
      </trkpt>
      <trkpt lat="44.471803978085518" lon="6.848921980708838">
        <ele>2387</ele>
        <time>2015-08-02T17:19:51Z</time>
      </trkpt>
      <trkpt lat="44.471607003360987" lon="6.849105963483453">
        <ele>2366</ele>
        <time>2015-08-02T17:20:11Z</time>
      </trkpt>
      <trkpt lat="44.471482029184699" lon="6.849392959848046">
        <ele>2361</ele>
        <time>2015-08-02T17:20:31Z</time>
      </trkpt>
      <trkpt lat="44.471320006996393" lon="6.849562022835016">
        <ele>2356</ele>
        <time>2015-08-02T17:20:51Z</time>
      </trkpt>
      <trkpt lat="44.471273990347981" lon="6.84978699311614">
        <ele>2356</ele>
        <time>2015-08-02T17:21:11Z</time>
      </trkpt>
      <trkpt lat="44.471000991761684" lon="6.850123023614287">
        <ele>2355</ele>
        <time>2015-08-02T17:21:31Z</time>
      </trkpt>
      <trkpt lat="44.470619028434157" lon="6.850297031924129">
        <ele>2335</ele>
        <time>2015-08-02T17:21:51Z</time>
      </trkpt>
      <trkpt lat="44.469945039600134" lon="6.850465005263686">
        <ele>2317</ele>
        <time>2015-08-02T17:22:11Z</time>
      </trkpt>
      <trkpt lat="44.469759967178106" lon="6.850549997761846">
        <ele>2317</ele>
        <time>2015-08-02T17:22:31Z</time>
      </trkpt>
      <trkpt lat="44.469255963340402" lon="6.850543040782213">
        <ele>2312</ele>
        <time>2015-08-02T17:22:51Z</time>
      </trkpt>
      <trkpt lat="44.468190036714077" lon="6.850288985297084">
        <ele>2274</ele>
        <time>2015-08-02T17:23:11Z</time>
      </trkpt>
      <trkpt lat="44.467717967927456" lon="6.849991008639336">
        <ele>2259</ele>
        <time>2015-08-02T17:23:31Z</time>
      </trkpt>
      <trkpt lat="44.467506995424628" lon="6.84965698979795">
        <ele>2258</ele>
        <time>2015-08-02T17:23:51Z</time>
      </trkpt>
      <trkpt lat="44.467396019026637" lon="6.849628994241357">
        <ele>2243</ele>
        <time>2015-08-02T17:24:11Z</time>
      </trkpt>
      <trkpt lat="44.467258974909782" lon="6.849787998944521">
        <ele>2242</ele>
        <time>2015-08-02T17:24:31Z</time>
      </trkpt>
      <trkpt lat="44.466793024912477" lon="6.849837033078075">
        <ele>2232</ele>
        <time>2015-08-02T17:24:51Z</time>
      </trkpt>
      <trkpt lat="44.466624967753887" lon="6.849754974246025">
        <ele>2212</ele>
        <time>2015-08-02T17:25:11Z</time>
      </trkpt>
      <trkpt lat="44.466441990807652" lon="6.849790010601282">
        <ele>2209</ele>
        <time>2015-08-02T17:25:31Z</time>
      </trkpt>
      <trkpt lat="44.466396979987621" lon="6.849530003964901">
        <ele>2206</ele>
        <time>2015-08-02T17:25:51Z</time>
      </trkpt>
      <trkpt lat="44.466269994154572" lon="6.84969998896122">
        <ele>2203</ele>
        <time>2015-08-02T17:26:11Z</time>
      </trkpt>
      <trkpt lat="44.466228000819683" lon="6.849520029500127">
        <ele>2201</ele>
        <time>2015-08-02T17:26:31Z</time>
      </trkpt>
      <trkpt lat="44.466148037463427" lon="6.84969998896122">
        <ele>2200</ele>
        <time>2015-08-02T17:26:51Z</time>
      </trkpt>
      <trkpt lat="44.466067990288138" lon="6.849499996751547">
        <ele>2197</ele>
        <time>2015-08-02T17:27:11Z</time>
      </trkpt>
      <trkpt lat="44.466033037751913" lon="6.849776012822986">
        <ele>2197</ele>
        <time>2015-08-02T17:27:31Z</time>
      </trkpt>
      <trkpt lat="44.465944021940231" lon="6.850052028894424">
        <ele>2193</ele>
        <time>2015-08-02T17:27:51Z</time>
      </trkpt>
      <trkpt lat="44.465912003070116" lon="6.849889000877738">
        <ele>2192</ele>
        <time>2015-08-02T17:28:11Z</time>
      </trkpt>
      <trkpt lat="44.465650990605354" lon="6.850030990317464">
        <ele>2172</ele>
        <time>2015-08-02T17:28:31Z</time>
      </trkpt>
      <trkpt lat="44.465496009215713" lon="6.850721994414926">
        <ele>2163</ele>
        <time>2015-08-02T17:28:51Z</time>
      </trkpt>
      <trkpt lat="44.465194009244442" lon="6.850308012217283">
        <ele>2154</ele>
        <time>2015-08-02T17:29:11Z</time>
      </trkpt>
      <trkpt lat="44.464999968186021" lon="6.849819011986256">
        <ele>2147</ele>
        <time>2015-08-02T17:29:31Z</time>
      </trkpt>
      <trkpt lat="44.464920004829764" lon="6.850410019978881">
        <ele>2128</ele>
        <time>2015-08-02T17:29:51Z</time>
      </trkpt>
      <trkpt lat="44.464649017900229" lon="6.84989201836288">
        <ele>2123</ele>
        <time>2015-08-02T17:30:11Z</time>
      </trkpt>
      <trkpt lat="44.464596966281533" lon="6.849439982324839">
        <ele>2121</ele>
        <time>2015-08-02T17:30:31Z</time>
      </trkpt>
      <trkpt lat="44.464499987661839" lon="6.849223980680108">
        <ele>2118</ele>
        <time>2015-08-02T17:30:51Z</time>
      </trkpt>
      <trkpt lat="44.464420024305582" lon="6.848779991269112">
        <ele>2113</ele>
        <time>2015-08-02T17:31:11Z</time>
      </trkpt>
      <trkpt lat="44.463389972224832" lon="6.847666036337614">
        <ele>2083</ele>
        <time>2015-08-02T17:31:31Z</time>
      </trkpt>
      <trkpt lat="44.462775997817516" lon="6.847591018304229">
        <ele>2067</ele>
        <time>2015-08-02T17:31:51Z</time>
      </trkpt>
      <trkpt lat="44.46252797730267" lon="6.848089993000031">
        <ele>2066</ele>
        <time>2015-08-02T17:32:11Z</time>
      </trkpt>
      <trkpt lat="44.461680985987186" lon="6.848509004339576">
        <ele>2042</ele>
        <time>2015-08-02T17:32:31Z</time>
      </trkpt>
      <trkpt lat="44.461261974647641" lon="6.849499996751547">
        <ele>2018</ele>
        <time>2015-08-02T17:32:51Z</time>
      </trkpt>
      <trkpt lat="44.46099903434515" lon="6.849450040608645">
        <ele>2013</ele>
        <time>2015-08-02T17:33:11Z</time>
      </trkpt>
      <trkpt lat="44.460891997441649" lon="6.849739970639348">
        <ele>2011</ele>
        <time>2015-08-02T17:33:31Z</time>
      </trkpt>
      <trkpt lat="44.460510034114122" lon="6.850058985874057">
        <ele>1985</ele>
        <time>2015-08-02T17:33:51Z</time>
      </trkpt>
      <trkpt lat="44.460281040519476" lon="6.850099973380566">
        <ele>1979</ele>
        <time>2015-08-02T17:34:11Z</time>
      </trkpt>
      <trkpt lat="44.460236029699445" lon="6.850761976093054">
        <ele>1974</ele>
        <time>2015-08-02T17:34:31Z</time>
      </trkpt>
      <trkpt lat="44.460105020552874" lon="6.850955011323094">
        <ele>1964</ele>
        <time>2015-08-02T17:34:51Z</time>
      </trkpt>
      <trkpt lat="44.459974011406302" lon="6.850933972746134">
        <ele>1954</ele>
        <time>2015-08-02T17:35:11Z</time>
      </trkpt>
      <trkpt lat="44.459743006154895" lon="6.851212000474334">
        <ele>1943</ele>
        <time>2015-08-02T17:35:31Z</time>
      </trkpt>
      <trkpt lat="44.459467995911837" lon="6.851229015737772">
        <ele>1938</ele>
        <time>2015-08-02T17:35:51Z</time>
      </trkpt>
      <trkpt lat="44.458992993459105" lon="6.85103103518486">
        <ele>1920</ele>
        <time>2015-08-02T17:36:11Z</time>
      </trkpt>
      <trkpt lat="44.458671966567636" lon="6.851021982729435">
        <ele>1915</ele>
        <time>2015-08-02T17:36:31Z</time>
      </trkpt>
      <trkpt lat="44.45777895860374" lon="6.851400006562471">
        <ele>1885</ele>
        <time>2015-08-02T17:36:51Z</time>
      </trkpt>
      <trkpt lat="44.457568991929293" lon="6.851300010457635">
        <ele>1884</ele>
        <time>2015-08-02T17:37:11Z</time>
      </trkpt>
      <trkpt lat="44.457682985812426" lon="6.851845001801848">
        <ele>1868</ele>
        <time>2015-08-02T17:37:31Z</time>
      </trkpt>
      <trkpt lat="44.457523981109262" lon="6.852129986509681">
        <ele>1863</ele>
        <time>2015-08-02T17:37:51Z</time>
      </trkpt>
      <trkpt lat="44.457692038267851" lon="6.8524070084095">
        <ele>1859</ele>
        <time>2015-08-02T17:38:11Z</time>
      </trkpt>
      <trkpt lat="44.457612996920943" lon="6.852525025606155">
        <ele>1846</ele>
        <time>2015-08-02T17:38:31Z</time>
      </trkpt>
      <trkpt lat="44.457672005519271" lon="6.852653017267585">
        <ele>1847</ele>
        <time>2015-08-02T17:38:51Z</time>
      </trkpt>
      <trkpt lat="44.457600004971027" lon="6.852893996983767">
        <ele>1844</ele>
        <time>2015-08-02T17:39:11Z</time>
      </trkpt>
      <trkpt lat="44.457514006644487" lon="6.852931967005134">
        <ele>1842</ele>
        <time>2015-08-02T17:39:31Z</time>
      </trkpt>
      <trkpt lat="44.457672005519271" lon="6.853037998080254">
        <ele>1841</ele>
        <time>2015-08-02T17:39:51Z</time>
      </trkpt>
      <trkpt lat="44.457384003326297" lon="6.853257017210126">
        <ele>1820</ele>
        <time>2015-08-02T17:40:11Z</time>
      </trkpt>
      <trkpt lat="44.457375034689903" lon="6.853371011093259">
        <ele>1813</ele>
        <time>2015-08-02T17:40:31Z</time>
      </trkpt>
      <trkpt lat="44.457166995853186" lon="6.853388026356697">
        <ele>1804</ele>
        <time>2015-08-02T17:40:51Z</time>
      </trkpt>
      <trkpt lat="44.457236984744668" lon="6.85361098498106">
        <ele>1804</ele>
        <time>2015-08-02T17:41:11Z</time>
      </trkpt>
      <trkpt lat="44.457054007798433" lon="6.853678962215781">
        <ele>1800</ele>
        <time>2015-08-02T17:41:31Z</time>
      </trkpt>
      <trkpt lat="44.456182038411498" lon="6.85313698835671">
        <ele>1783</ele>
        <time>2015-08-02T17:41:51Z</time>
      </trkpt>
      <trkpt lat="44.45569203235209" lon="6.85294495895505">
        <ele>1767</ele>
        <time>2015-08-02T17:42:11Z</time>
      </trkpt>
      <trkpt lat="44.455593964084983" lon="6.853021988645196">
        <ele>1766</ele>
        <time>2015-08-02T17:42:31Z</time>
      </trkpt>
      <trkpt lat="44.455170007422566" lon="6.852676989510655">
        <ele>1761</ele>
        <time>2015-08-02T17:42:51Z</time>
      </trkpt>
      <trkpt lat="44.454910000786185" lon="6.85202001594007">
        <ele>1749</ele>
        <time>2015-08-02T17:43:11Z</time>
      </trkpt>
      <trkpt lat="44.454417983070016" lon="6.851346027106047">
        <ele>1745</ele>
        <time>2015-08-02T17:43:31Z</time>
      </trkpt>
      <trkpt lat="44.45335297845304" lon="6.850989041849971">
        <ele>1726</ele>
        <time>2015-08-02T17:43:51Z</time>
      </trkpt>
      <trkpt lat="44.452870013192296" lon="6.850160993635654">
        <ele>1714</ele>
        <time>2015-08-02T17:44:11Z</time>
      </trkpt>
      <trkpt lat="44.452880993485451" lon="6.849569985643029">
        <ele>1709</ele>
        <time>2015-08-02T17:44:31Z</time>
      </trkpt>
      <trkpt lat="44.452698016539216" lon="6.849178969860077">
        <ele>1705</ele>
        <time>2015-08-02T17:44:51Z</time>
      </trkpt>
      <trkpt lat="44.45262098684907" lon="6.848787032067776">
        <ele>1703</ele>
        <time>2015-08-02T17:45:11Z</time>
      </trkpt>
      <trkpt lat="44.452361986041069" lon="6.848284034058452">
        <ele>1694</ele>
        <time>2015-08-02T17:45:31Z</time>
      </trkpt>
      <trkpt lat="44.45191296748817" lon="6.847737031057477">
        <ele>1689</ele>
        <time>2015-08-02T17:45:51Z</time>
      </trkpt>
      <trkpt lat="44.451755974441767" lon="6.847639968618751">
        <ele>1687</ele>
        <time>2015-08-02T17:46:11Z</time>
      </trkpt>
      <trkpt lat="44.45085902698338" lon="6.846459964290261">
        <ele>1679</ele>
        <time>2015-08-02T17:46:31Z</time>
      </trkpt>
      <trkpt lat="44.45047396235168" lon="6.847419021651149">
        <ele>1680</ele>
        <time>2015-08-02T17:46:51Z</time>
      </trkpt>
      <trkpt lat="44.450446972623467" lon="6.848137015476823">
        <ele>1683</ele>
        <time>2015-08-02T17:47:11Z</time>
      </trkpt>
      <trkpt lat="44.449111986905336" lon="6.850124029442668">
        <ele>1682</ele>
        <time>2015-08-02T17:47:31Z</time>
      </trkpt>
      <trkpt lat="44.448523996397853" lon="6.851803008466959">
        <ele>1688</ele>
        <time>2015-08-02T17:47:51Z</time>
      </trkpt>
      <trkpt lat="44.448342025279999" lon="6.852102996781468">
        <ele>1690</ele>
        <time>2015-08-02T17:48:11Z</time>
      </trkpt>
      <trkpt lat="44.445736007764935" lon="6.853339998051524">
        <ele>1679</ele>
        <time>2015-08-02T17:48:31Z</time>
      </trkpt>
      <trkpt lat="44.444571007043123" lon="6.854206016287208">
        <ele>1681</ele>
        <time>2015-08-02T17:48:51Z</time>
      </trkpt>
      <trkpt lat="44.443652015179396" lon="6.855125008150935">
        <ele>1687</ele>
        <time>2015-08-02T17:49:11Z</time>
      </trkpt>
      <trkpt lat="44.443084979429841" lon="6.855872003361583">
        <ele>1689</ele>
        <time>2015-08-02T17:49:31Z</time>
      </trkpt>
      <trkpt lat="44.442878030240536" lon="6.856492012739182">
        <ele>1690</ele>
        <time>2015-08-02T17:49:51Z</time>
      </trkpt>
      <trkpt lat="44.442886998876929" lon="6.85689702630043">
        <ele>1694</ele>
        <time>2015-08-02T17:50:11Z</time>
      </trkpt>
      <trkpt lat="44.442788008600473" lon="6.857385020703077">
        <ele>1695</ele>
        <time>2015-08-02T17:50:31Z</time>
      </trkpt>
      <trkpt lat="44.442575024440885" lon="6.857667993754149">
        <ele>1699</ele>
        <time>2015-08-02T17:50:51Z</time>
      </trkpt>
      <trkpt lat="44.442338990047574" lon="6.858434015884996">
        <ele>1703</ele>
        <time>2015-08-02T17:51:11Z</time>
      </trkpt>
      <trkpt lat="44.441719986498356" lon="6.858829976990819">
        <ele>1703</ele>
        <time>2015-08-02T17:51:31Z</time>
      </trkpt>
      <trkpt lat="44.441353026777506" lon="6.859612008556724">
        <ele>1706</ele>
        <time>2015-08-02T17:51:51Z</time>
      </trkpt>
      <trkpt lat="44.441252024844289" lon="6.860232017934322">
        <ele>1713</ele>
        <time>2015-08-02T17:52:11Z</time>
      </trkpt>
      <trkpt lat="44.441026970744133" lon="6.860534017905593">
        <ele>1713</ele>
        <time>2015-08-02T17:52:31Z</time>
      </trkpt>
      <trkpt lat="44.440418025478721" lon="6.861716033890843">
        <ele>1728</ele>
        <time>2015-08-02T17:52:51Z</time>
      </trkpt>
      <trkpt lat="44.43985995836556" lon="6.862068995833397">
        <ele>1724</ele>
        <time>2015-08-02T17:53:11Z</time>
      </trkpt>
      <trkpt lat="44.439110029488802" lon="6.862969966605306">
        <ele>1731</ele>
        <time>2015-08-02T17:53:31Z</time>
      </trkpt>
      <trkpt lat="44.438951024785638" lon="6.862894026562572">
        <ele>1729</ele>
        <time>2015-08-02T17:53:51Z</time>
      </trkpt>
      <trkpt lat="44.438746003434062" lon="6.862925039604306">
        <ele>1727</ele>
        <time>2015-08-02T17:54:11Z</time>
      </trkpt>
      <trkpt lat="44.438405027613044" lon="6.863213963806629">
        <ele>1726</ele>
        <time>2015-08-02T17:54:31Z</time>
      </trkpt>
      <trkpt lat="44.438635027036071" lon="6.862492030486465">
        <ele>1717</ele>
        <time>2015-08-02T17:54:51Z</time>
      </trkpt>
      <trkpt lat="44.43813999183476" lon="6.862867958843708">
        <ele>1719</ele>
        <time>2015-08-02T17:55:11Z</time>
      </trkpt>
      <trkpt lat="44.437874034047127" lon="6.863028975203633">
        <ele>1720</ele>
        <time>2015-08-02T17:55:31Z</time>
      </trkpt>
      <trkpt lat="44.437985010445118" lon="6.862695962190628">
        <ele>1719</ele>
        <time>2015-08-02T17:55:51Z</time>
      </trkpt>
      <trkpt lat="44.437807984650135" lon="6.86261398717761">
        <ele>1720</ele>
        <time>2015-08-02T17:56:11Z</time>
      </trkpt>
      <trkpt lat="44.437316972762346" lon="6.862993016839027">
        <ele>1731</ele>
        <time>2015-08-02T17:56:31Z</time>
      </trkpt>
      <trkpt lat="44.436511974781752" lon="6.86370799317956">
        <ele>1744</ele>
        <time>2015-08-02T17:56:51Z</time>
      </trkpt>
      <trkpt lat="44.436213998124003" lon="6.864659003913403">
        <ele>1739</ele>
        <time>2015-08-02T17:57:11Z</time>
      </trkpt>
      <trkpt lat="44.436046024784446" lon="6.864934014156461">
        <ele>1742</ele>
        <time>2015-08-02T17:57:31Z</time>
      </trkpt>
      <trkpt lat="44.435387039557099" lon="6.866704020649195">
        <ele>1741</ele>
        <time>2015-08-02T17:57:51Z</time>
      </trkpt>
      <trkpt lat="44.434620011597872" lon="6.867206012830138">
        <ele>1756</ele>
        <time>2015-08-02T17:58:11Z</time>
      </trkpt>
      <trkpt lat="44.433981981128454" lon="6.868180995807052">
        <ele>1756</ele>
        <time>2015-08-02T17:58:31Z</time>
      </trkpt>
      <trkpt lat="44.433170026168227" lon="6.868630014359951">
        <ele>1770</ele>
        <time>2015-08-02T17:58:51Z</time>
      </trkpt>
      <trkpt lat="44.432248016819358" lon="6.869885958731175">
        <ele>1781</ele>
        <time>2015-08-02T17:59:11Z</time>
      </trkpt>
      <trkpt lat="44.431964959949255" lon="6.870127022266388">
        <ele>1780</ele>
        <time>2015-08-02T17:59:31Z</time>
      </trkpt>
      <trkpt lat="44.431687016040087" lon="6.870621973648667">
        <ele>1778</ele>
        <time>2015-08-02T17:59:51Z</time>
      </trkpt>
      <trkpt lat="44.431232968345284" lon="6.871152967214584">
        <ele>1782</ele>
        <time>2015-08-02T18:00:11Z</time>
      </trkpt>
      <trkpt lat="44.430741034448147" lon="6.87208604067564">
        <ele>1787</ele>
        <time>2015-08-02T18:00:31Z</time>
      </trkpt>
      <trkpt lat="44.430011976510286" lon="6.873000003397465">
        <ele>1784</ele>
        <time>2015-08-02T18:00:51Z</time>
      </trkpt>
      <trkpt lat="44.429496992379427" lon="6.873860992491245">
        <ele>1786</ele>
        <time>2015-08-02T18:01:11Z</time>
      </trkpt>
      <trkpt lat="44.429186023771763" lon="6.873615989461541">
        <ele>1791</ele>
        <time>2015-08-02T18:01:31Z</time>
      </trkpt>
      <trkpt lat="44.428829038515687" lon="6.873479029163718">
        <ele>1799</ele>
        <time>2015-08-02T18:01:51Z</time>
      </trkpt>
      <trkpt lat="44.428383037447929" lon="6.873726965859532">
        <ele>1801</ele>
        <time>2015-08-02T18:02:11Z</time>
      </trkpt>
      <trkpt lat="44.428428970277309" lon="6.874425010755658">
        <ele>1797</ele>
        <time>2015-08-02T18:02:31Z</time>
      </trkpt>
      <trkpt lat="44.428184973075986" lon="6.875258004292846">
        <ele>1810</ele>
        <time>2015-08-02T18:02:51Z</time>
      </trkpt>
      <trkpt lat="44.42681897431612" lon="6.878077005967498">
        <ele>1828</ele>
        <time>2015-08-02T18:03:11Z</time>
      </trkpt>
      <trkpt lat="44.426545975729823" lon="6.878503980115056">
        <ele>1841</ele>
        <time>2015-08-02T18:03:31Z</time>
      </trkpt>
      <trkpt lat="44.426380014047027" lon="6.878909999504685">
        <ele>1844</ele>
        <time>2015-08-02T18:03:51Z</time>
      </trkpt>
      <trkpt lat="44.426360987126827" lon="6.879699993878603">
        <ele>1842</ele>
        <time>2015-08-02T18:04:11Z</time>
      </trkpt>
      <trkpt lat="44.426059992983937" lon="6.880207015201449">
        <ele>1845</ele>
        <time>2015-08-02T18:04:31Z</time>
      </trkpt>
      <trkpt lat="44.425929989665747" lon="6.880780002102256">
        <ele>1849</ele>
        <time>2015-08-02T18:04:51Z</time>
      </trkpt>
      <trkpt lat="44.425560012459755" lon="6.881704023107886">
        <ele>1854</ele>
        <time>2015-08-02T18:05:11Z</time>
      </trkpt>
      <trkpt lat="44.425224987789989" lon="6.882047010585666">
        <ele>1858</ele>
        <time>2015-08-02T18:05:31Z</time>
      </trkpt>
      <trkpt lat="44.424702962860465" lon="6.882204003632069">
        <ele>1874</ele>
        <time>2015-08-02T18:05:51Z</time>
      </trkpt>
      <trkpt lat="44.423478031530976" lon="6.882731979712844">
        <ele>1888</ele>
        <time>2015-08-02T18:06:11Z</time>
      </trkpt>
      <trkpt lat="44.42307997494936" lon="6.88298000022769">
        <ele>1892</ele>
        <time>2015-08-02T18:06:31Z</time>
      </trkpt>
      <trkpt lat="44.422295009717345" lon="6.883056024089456">
        <ele>1900</ele>
        <time>2015-08-02T18:06:51Z</time>
      </trkpt>
      <trkpt lat="44.421787988394499" lon="6.883202036842704">
        <ele>1899</ele>
        <time>2015-08-02T18:07:11Z</time>
      </trkpt>
      <trkpt lat="44.421310974285007" lon="6.883260961622">
        <ele>1911</ele>
        <time>2015-08-02T18:07:31Z</time>
      </trkpt>
      <trkpt lat="44.420769000425935" lon="6.883600009605289">
        <ele>1907</ele>
        <time>2015-08-02T18:07:51Z</time>
      </trkpt>
      <trkpt lat="44.4205860234797" lon="6.884277015924454">
        <ele>1897</ele>
        <time>2015-08-02T18:08:11Z</time>
      </trkpt>
      <trkpt lat="44.420249992981553" lon="6.884709019213915">
        <ele>1899</ele>
        <time>2015-08-02T18:08:31Z</time>
      </trkpt>
      <trkpt lat="44.419793011620641" lon="6.88486902974546">
        <ele>1904</ele>
        <time>2015-08-02T18:08:51Z</time>
      </trkpt>
      <trkpt lat="44.41940501332283" lon="6.884857965633273">
        <ele>1907</ele>
        <time>2015-08-02T18:09:11Z</time>
      </trkpt>
      <trkpt lat="44.419123968109488" lon="6.885008001700044">
        <ele>1905</ele>
        <time>2015-08-02T18:09:31Z</time>
      </trkpt>
      <trkpt lat="44.418797995895147" lon="6.885049995034933">
        <ele>1906</ele>
        <time>2015-08-02T18:09:51Z</time>
      </trkpt>
      <trkpt lat="44.418033985421062" lon="6.885233977809548">
        <ele>1908</ele>
        <time>2015-08-02T18:10:11Z</time>
      </trkpt>
      <trkpt lat="44.417675994336605" lon="6.885637985542417">
        <ele>1907</ele>
        <time>2015-08-02T18:10:31Z</time>
      </trkpt>
      <trkpt lat="44.417238961905241" lon="6.885614013299346">
        <ele>1909</ele>
        <time>2015-08-02T18:10:51Z</time>
      </trkpt>
      <trkpt lat="44.416744010522962" lon="6.885242024436593">
        <ele>1912</ele>
        <time>2015-08-02T18:11:11Z</time>
      </trkpt>
      <trkpt lat="44.416158031672239" lon="6.88506399281323">
        <ele>1913</ele>
        <time>2015-08-02T18:11:31Z</time>
      </trkpt>
      <trkpt lat="44.415161004289985" lon="6.884855031967163">
        <ele>1920</ele>
        <time>2015-08-02T18:11:51Z</time>
      </trkpt>
      <trkpt lat="44.414028022438288" lon="6.88480599783361">
        <ele>1924</ele>
        <time>2015-08-02T18:12:11Z</time>
      </trkpt>
      <trkpt lat="44.41324096173048" lon="6.884295037016273">
        <ele>1928</ele>
        <time>2015-08-02T18:12:31Z</time>
      </trkpt>
      <trkpt lat="44.412928987294436" lon="6.884186994284391">
        <ele>1925</ele>
        <time>2015-08-02T18:12:51Z</time>
      </trkpt>
      <trkpt lat="44.412249969318509" lon="6.88351996243">
        <ele>1927</ele>
        <time>2015-08-02T18:13:11Z</time>
      </trkpt>
      <trkpt lat="44.411800028756261" lon="6.88330396078527">
        <ele>1930</ele>
        <time>2015-08-02T18:13:31Z</time>
      </trkpt>
      <trkpt lat="44.41141102463007" lon="6.883315024897456">
        <ele>1928</ele>
        <time>2015-08-02T18:13:51Z</time>
      </trkpt>
      <trkpt lat="44.410950019955635" lon="6.883148979395628">
        <ele>1928</ele>
        <time>2015-08-02T18:14:11Z</time>
      </trkpt>
      <trkpt lat="44.410548023879528" lon="6.882789982482791">
        <ele>1928</ele>
        <time>2015-08-02T18:14:31Z</time>
      </trkpt>
      <trkpt lat="44.410191960632801" lon="6.882226970046759">
        <ele>1937</ele>
        <time>2015-08-02T18:14:51Z</time>
      </trkpt>
      <trkpt lat="44.409813014790416" lon="6.881835032254458">
        <ele>1936</ele>
        <time>2015-08-02T18:15:11Z</time>
      </trkpt>
      <trkpt lat="44.409260982647538" lon="6.881637973710895">
        <ele>1936</ele>
        <time>2015-08-02T18:15:31Z</time>
      </trkpt>
      <trkpt lat="44.408831996843219" lon="6.881612995639443">
        <ele>1936</ele>
        <time>2015-08-02T18:15:51Z</time>
      </trkpt>
      <trkpt lat="44.408590011298656" lon="6.881657000631094">
        <ele>1935</ele>
        <time>2015-08-02T18:16:11Z</time>
      </trkpt>
      <trkpt lat="44.408264039084315" lon="6.881631016731262">
        <ele>1932</ele>
        <time>2015-08-02T18:16:31Z</time>
      </trkpt>
      <trkpt lat="44.407211020588875" lon="6.881116032600403">
        <ele>1932</ele>
        <time>2015-08-02T18:16:51Z</time>
      </trkpt>
      <trkpt lat="44.406826961785555" lon="6.88059501349926">
        <ele>1937</ele>
        <time>2015-08-02T18:17:11Z</time>
      </trkpt>
      <trkpt lat="44.406401999294758" lon="6.880399966612458">
        <ele>1935</ele>
        <time>2015-08-02T18:17:31Z</time>
      </trkpt>
      <trkpt lat="44.40610502846539" lon="6.880069971084595">
        <ele>1936</ele>
        <time>2015-08-02T18:17:51Z</time>
      </trkpt>
      <trkpt lat="44.405661961063743" lon="6.879759002476931">
        <ele>1943</ele>
        <time>2015-08-02T18:18:11Z</time>
      </trkpt>
      <trkpt lat="44.4054189696908" lon="6.879716003313661">
        <ele>1943</ele>
        <time>2015-08-02T18:18:31Z</time>
      </trkpt>
      <trkpt lat="44.404983026906848" lon="6.879463959485292">
        <ele>1945</ele>
        <time>2015-08-02T18:18:51Z</time>
      </trkpt>
      <trkpt lat="44.404317000880837" lon="6.879211999475956">
        <ele>1946</ele>
        <time>2015-08-02T18:19:11Z</time>
      </trkpt>
      <trkpt lat="44.40413000062108" lon="6.879055006429553">
        <ele>1952</ele>
        <time>2015-08-02T18:19:31Z</time>
      </trkpt>
      <trkpt lat="44.403927996754646" lon="6.879016030579805">
        <ele>1956</ele>
        <time>2015-08-02T18:19:51Z</time>
      </trkpt>
      <trkpt lat="44.403631025925279" lon="6.878561982885003">
        <ele>1963</ele>
        <time>2015-08-02T18:20:11Z</time>
      </trkpt>
      <trkpt lat="44.403198016807437" lon="6.878331983461976">
        <ele>1974</ele>
        <time>2015-08-02T18:20:31Z</time>
      </trkpt>
      <trkpt lat="44.402862992137671" lon="6.878301976248622">
        <ele>1974</ele>
        <time>2015-08-02T18:20:51Z</time>
      </trkpt>
      <trkpt lat="44.402582030743361" lon="6.878057979047298">
        <ele>1974</ele>
        <time>2015-08-02T18:21:11Z</time>
      </trkpt>
      <trkpt lat="44.402407016605139" lon="6.878111036494374">
        <ele>1970</ele>
        <time>2015-08-02T18:21:31Z</time>
      </trkpt>
      <trkpt lat="44.402100993320346" lon="6.878007017076016">
        <ele>1972</ele>
        <time>2015-08-02T18:21:51Z</time>
      </trkpt>
      <trkpt lat="44.401957998052239" lon="6.877892017364502">
        <ele>1973</ele>
        <time>2015-08-02T18:22:11Z</time>
      </trkpt>
      <trkpt lat="44.401617022231221" lon="6.877843989059329">
        <ele>1970</ele>
        <time>2015-08-02T18:22:31Z</time>
      </trkpt>
      <trkpt lat="44.401260958984494" lon="6.877705017104745">
        <ele>1971</ele>
        <time>2015-08-02T18:22:51Z</time>
      </trkpt>
      <trkpt lat="44.401050992310047" lon="6.87752497382462">
        <ele>1972</ele>
        <time>2015-08-02T18:23:11Z</time>
      </trkpt>
      <trkpt lat="44.400829039514065" lon="6.877404022961855">
        <ele>1979</ele>
        <time>2015-08-02T18:23:31Z</time>
      </trkpt>
      <trkpt lat="44.4005629979074" lon="6.877450961619616">
        <ele>1983</ele>
        <time>2015-08-02T18:23:51Z</time>
      </trkpt>
      <trkpt lat="44.400335010141134" lon="6.877344008535147">
        <ele>1985</ele>
        <time>2015-08-02T18:24:11Z</time>
      </trkpt>
      <trkpt lat="44.400000991299748" lon="6.877257004380226">
        <ele>1984</ele>
        <time>2015-08-02T18:24:31Z</time>
      </trkpt>
      <trkpt lat="44.399546021595597" lon="6.877250969409943">
        <ele>1982</ele>
        <time>2015-08-02T18:24:51Z</time>
      </trkpt>
      <trkpt lat="44.399218959733844" lon="6.877039996907115">
        <ele>1985</ele>
        <time>2015-08-02T18:25:11Z</time>
      </trkpt>
      <trkpt lat="44.398818975314498" lon="6.876940000802279">
        <ele>1981</ele>
        <time>2015-08-02T18:25:31Z</time>
      </trkpt>
      <trkpt lat="44.398380015045404" lon="6.877017030492425">
        <ele>1979</ele>
        <time>2015-08-02T18:25:51Z</time>
      </trkpt>
      <trkpt lat="44.397995034232736" lon="6.876953998580575">
        <ele>1977</ele>
        <time>2015-08-02T18:26:11Z</time>
      </trkpt>
      <trkpt lat="44.397368989884853" lon="6.877009989693761">
        <ele>1980</ele>
        <time>2015-08-02T18:26:31Z</time>
      </trkpt>
      <trkpt lat="44.396671028807759" lon="6.877349959686399">
        <ele>1977</ele>
        <time>2015-08-02T18:26:51Z</time>
      </trkpt>
      <trkpt lat="44.396309014409781" lon="6.877239989116788">
        <ele>1984</ele>
        <time>2015-08-02T18:27:11Z</time>
      </trkpt>
      <trkpt lat="44.396000979468226" lon="6.877349959686399">
        <ele>1983</ele>
        <time>2015-08-02T18:27:31Z</time>
      </trkpt>
      <trkpt lat="44.395757988095284" lon="6.87735197134316">
        <ele>1987</ele>
        <time>2015-08-02T18:27:51Z</time>
      </trkpt>
      <trkpt lat="44.395326990634203" lon="6.877568978816271">
        <ele>1982</ele>
        <time>2015-08-02T18:28:11Z</time>
      </trkpt>
      <trkpt lat="44.395191036164761" lon="6.877679033204913">
        <ele>1983</ele>
        <time>2015-08-02T18:28:31Z</time>
      </trkpt>
      <trkpt lat="44.394943015649915" lon="6.877746004611254">
        <ele>1987</ele>
        <time>2015-08-02T18:28:51Z</time>
      </trkpt>
      <trkpt lat="44.394420990720391" lon="6.877799984067679">
        <ele>1988</ele>
        <time>2015-08-02T18:29:11Z</time>
      </trkpt>
      <trkpt lat="44.394199959933758" lon="6.877602003514767">
        <ele>1993</ele>
        <time>2015-08-02T18:29:31Z</time>
      </trkpt>
      <trkpt lat="44.3936210218817" lon="6.877580964937806">
        <ele>1995</ele>
        <time>2015-08-02T18:29:51Z</time>
      </trkpt>
      <trkpt lat="44.39332103356719" lon="6.877447022125125">
        <ele>2006</ele>
        <time>2015-08-02T18:30:11Z</time>
      </trkpt>
      <trkpt lat="44.392940998077393" lon="6.877220962196589">
        <ele>2015</ele>
        <time>2015-08-02T18:30:31Z</time>
      </trkpt>
      <trkpt lat="44.39237697981298" lon="6.877097999677062">
        <ele>2013</ele>
        <time>2015-08-02T18:30:51Z</time>
      </trkpt>
      <trkpt lat="44.391777003183961" lon="6.876226030290127">
        <ele>2040</ele>
        <time>2015-08-02T18:31:11Z</time>
      </trkpt>
      <trkpt lat="44.39153996296227" lon="6.875943979248405">
        <ele>2043</ele>
        <time>2015-08-02T18:31:31Z</time>
      </trkpt>
      <trkpt lat="44.391323961317539" lon="6.876041041687131">
        <ele>2040</ele>
        <time>2015-08-02T18:31:51Z</time>
      </trkpt>
      <trkpt lat="44.391163028776646" lon="6.87589100562036">
        <ele>2042</ele>
        <time>2015-08-02T18:32:11Z</time>
      </trkpt>
      <trkpt lat="44.390933029353619" lon="6.87586703337729">
        <ele>2046</ele>
        <time>2015-08-02T18:32:31Z</time>
      </trkpt>
      <trkpt lat="44.390751980245113" lon="6.875772988423705">
        <ele>2056</ele>
        <time>2015-08-02T18:32:51Z</time>
      </trkpt>
      <trkpt lat="44.390865974128246" lon="6.875584982335568">
        <ele>2059</ele>
        <time>2015-08-02T18:33:11Z</time>
      </trkpt>
      <trkpt lat="44.390580989420414" lon="6.875024987384677">
        <ele>2071</ele>
        <time>2015-08-02T18:33:31Z</time>
      </trkpt>
      <trkpt lat="44.390497002750635" lon="6.874689962714911">
        <ele>2086</ele>
        <time>2015-08-02T18:33:51Z</time>
      </trkpt>
      <trkpt lat="44.390307990834117" lon="6.874839998781681">
        <ele>2085</ele>
        <time>2015-08-02T18:34:11Z</time>
      </trkpt>
      <trkpt lat="44.390118978917599" lon="6.874829018488526">
        <ele>2083</ele>
        <time>2015-08-02T18:34:31Z</time>
      </trkpt>
      <trkpt lat="44.389831982553005" lon="6.875193966552615">
        <ele>2080</ele>
        <time>2015-08-02T18:34:51Z</time>
      </trkpt>
      <trkpt lat="44.389176014810801" lon="6.875435030087829">
        <ele>2087</ele>
        <time>2015-08-02T18:35:11Z</time>
      </trkpt>
      <trkpt lat="44.388958001509309" lon="6.875634016469121">
        <ele>2103</ele>
        <time>2015-08-02T18:35:31Z</time>
      </trkpt>
      <trkpt lat="44.388881977647543" lon="6.875584982335568">
        <ele>2105</ele>
        <time>2015-08-02T18:35:51Z</time>
      </trkpt>
      <trkpt lat="44.388878038153052" lon="6.875247023999691">
        <ele>2107</ele>
        <time>2015-08-02T18:36:11Z</time>
      </trkpt>
      <trkpt lat="44.388714004307985" lon="6.874941000714898">
        <ele>2123</ele>
        <time>2015-08-02T18:36:31Z</time>
      </trkpt>
      <trkpt lat="44.388458020985126" lon="6.875236965715885">
        <ele>2116</ele>
        <time>2015-08-02T18:36:51Z</time>
      </trkpt>
      <trkpt lat="44.388398006558418" lon="6.875413991510868">
        <ele>2114</ele>
        <time>2015-08-02T18:37:11Z</time>
      </trkpt>
      <trkpt lat="44.388273032382131" lon="6.875536032021046">
        <ele>2129</ele>
        <time>2015-08-02T18:37:31Z</time>
      </trkpt>
      <trkpt lat="44.388205977156758" lon="6.875706017017365">
        <ele>2126</ele>
        <time>2015-08-02T18:37:51Z</time>
      </trkpt>
      <trkpt lat="44.388115033507347" lon="6.875815987586975">
        <ele>2128</ele>
        <time>2015-08-02T18:38:11Z</time>
      </trkpt>
      <trkpt lat="44.388031968846917" lon="6.875531002879143">
        <ele>2132</ele>
        <time>2015-08-02T18:38:31Z</time>
      </trkpt>
      <trkpt lat="44.387854021042585" lon="6.875593028962612">
        <ele>2135</ele>
        <time>2015-08-02T18:38:51Z</time>
      </trkpt>
      <trkpt lat="44.387614969164133" lon="6.875580037012696">
        <ele>2138</ele>
        <time>2015-08-02T18:39:11Z</time>
      </trkpt>
      <trkpt lat="44.387532994151115" lon="6.87541801482439">
        <ele>2139</ele>
        <time>2015-08-02T18:39:31Z</time>
      </trkpt>
      <trkpt lat="44.387405002489686" lon="6.875450033694506">
        <ele>2149</ele>
        <time>2015-08-02T18:39:51Z</time>
      </trkpt>
      <trkpt lat="44.387137033045292" lon="6.875175023451448">
        <ele>2152</ele>
        <time>2015-08-02T18:40:11Z</time>
      </trkpt>
      <trkpt lat="44.386669993400574" lon="6.875005960464478">
        <ele>2161</ele>
        <time>2015-08-02T18:40:31Z</time>
      </trkpt>
      <trkpt lat="44.386414010077715" lon="6.874721981585026">
        <ele>2167</ele>
        <time>2015-08-02T18:40:51Z</time>
      </trkpt>
      <trkpt lat="44.386321976780891" lon="6.874694991856813">
        <ele>2168</ele>
        <time>2015-08-02T18:41:11Z</time>
      </trkpt>
      <trkpt lat="44.3863629642874" lon="6.874203979969025">
        <ele>2173</ele>
        <time>2015-08-02T18:41:31Z</time>
      </trkpt>
      <trkpt lat="44.386203959584236" lon="6.873906003311276">
        <ele>2187</ele>
        <time>2015-08-02T18:41:51Z</time>
      </trkpt>
      <trkpt lat="44.38548001460731" lon="6.87339898198843">
        <ele>2193</ele>
        <time>2015-08-02T18:42:11Z</time>
      </trkpt>
      <trkpt lat="44.385446989908814" lon="6.873246012255549">
        <ele>2206</ele>
        <time>2015-08-02T18:42:31Z</time>
      </trkpt>
      <trkpt lat="44.385300977155566" lon="6.873170994222164">
        <ele>2206</ele>
        <time>2015-08-02T18:42:51Z</time>
      </trkpt>
      <trkpt lat="44.38457896001637" lon="6.872474038973451">
        <ele>2221</ele>
        <time>2015-08-02T18:43:11Z</time>
      </trkpt>
      <trkpt lat="44.383915029466152" lon="6.872388040646911">
        <ele>2228</ele>
        <time>2015-08-02T18:43:31Z</time>
      </trkpt>
      <trkpt lat="44.383583022281528" lon="6.872211014851928">
        <ele>2232</ele>
        <time>2015-08-02T18:43:51Z</time>
      </trkpt>
      <trkpt lat="44.383174991235137" lon="6.872200034558773">
        <ele>2243</ele>
        <time>2015-08-02T18:44:11Z</time>
      </trkpt>
      <trkpt lat="44.383053034543991" lon="6.872071959078312">
        <ele>2246</ele>
        <time>2015-08-02T18:44:31Z</time>
      </trkpt>
      <trkpt lat="44.382646009325981" lon="6.872291984036565">
        <ele>2247</ele>
        <time>2015-08-02T18:44:51Z</time>
      </trkpt>
      <trkpt lat="44.382504019886255" lon="6.872469009831548">
        <ele>2246</ele>
        <time>2015-08-02T18:45:11Z</time>
      </trkpt>
      <trkpt lat="44.38208500854671" lon="6.872485019266605">
        <ele>2262</ele>
        <time>2015-08-02T18:45:31Z</time>
      </trkpt>
      <trkpt lat="44.381170962005854" lon="6.872788025066257">
        <ele>2280</ele>
        <time>2015-08-02T18:45:51Z</time>
      </trkpt>
      <trkpt lat="44.380978010594845" lon="6.872897995635867">
        <ele>2281</ele>
        <time>2015-08-02T18:46:11Z</time>
      </trkpt>
      <trkpt lat="44.380465960130095" lon="6.87283898703754">
        <ele>2288</ele>
        <time>2015-08-02T18:46:31Z</time>
      </trkpt>
      <trkpt lat="44.380126995965838" lon="6.871970035135746">
        <ele>2287</ele>
        <time>2015-08-02T18:46:51Z</time>
      </trkpt>
      <trkpt lat="44.379661967977881" lon="6.871508024632931">
        <ele>2289</ele>
        <time>2015-08-02T18:47:11Z</time>
      </trkpt>
      <trkpt lat="44.379588961601257" lon="6.871277019381523">
        <ele>2291</ele>
        <time>2015-08-02T18:47:31Z</time>
      </trkpt>
      <trkpt lat="44.37944202683866" lon="6.871091024950147">
        <ele>2292</ele>
        <time>2015-08-02T18:47:51Z</time>
      </trkpt>
      <trkpt lat="44.378846995532513" lon="6.870753988623619">
        <ele>2301</ele>
        <time>2015-08-02T18:48:11Z</time>
      </trkpt>
      <trkpt lat="44.378656977787614" lon="6.870561959221959">
        <ele>2302</ele>
        <time>2015-08-02T18:48:31Z</time>
      </trkpt>
      <trkpt lat="44.378321031108499" lon="6.87032600864768">
        <ele>2305</ele>
        <time>2015-08-02T18:48:51Z</time>
      </trkpt>
      <trkpt lat="44.377978965640068" lon="6.870210003107786">
        <ele>2306</ele>
        <time>2015-08-02T18:49:11Z</time>
      </trkpt>
      <trkpt lat="44.37722803093493" lon="6.870211008936167">
        <ele>2316</ele>
        <time>2015-08-02T18:49:31Z</time>
      </trkpt>
      <trkpt lat="44.376844977959991" lon="6.870276974514127">
        <ele>2320</ele>
        <time>2015-08-02T18:49:51Z</time>
      </trkpt>
      <trkpt lat="44.376540966331959" lon="6.870438996702433">
        <ele>2326</ele>
        <time>2015-08-02T18:50:11Z</time>
      </trkpt>
      <trkpt lat="44.376364024356008" lon="6.870398009195924">
        <ele>2328</ele>
        <time>2015-08-02T18:50:31Z</time>
      </trkpt>
      <trkpt lat="44.375951969996095" lon="6.870393985882402">
        <ele>2330</ele>
        <time>2015-08-02T18:50:51Z</time>
      </trkpt>
      <trkpt lat="44.375541005283594" lon="6.870443020015955">
        <ele>2335</ele>
        <time>2015-08-02T18:51:11Z</time>
      </trkpt>
      <trkpt lat="44.375109001994133" lon="6.870403038337827">
        <ele>2337</ele>
        <time>2015-08-02T18:51:31Z</time>
      </trkpt>
      <trkpt lat="44.37460700981319" lon="6.870028031989932">
        <ele>2341</ele>
        <time>2015-08-02T18:51:51Z</time>
      </trkpt>
      <trkpt lat="44.374016001820564" lon="6.869957959279418">
        <ele>2348</ele>
        <time>2015-08-02T18:52:11Z</time>
      </trkpt>
      <trkpt lat="44.37381399795413" lon="6.869786968454719">
        <ele>2351</ele>
        <time>2015-08-02T18:52:31Z</time>
      </trkpt>
      <trkpt lat="44.373279986903071" lon="6.869598962366581">
        <ele>2355</ele>
        <time>2015-08-02T18:52:51Z</time>
      </trkpt>
      <trkpt lat="44.372894000262022" lon="6.869770037010312">
        <ele>2356</ele>
        <time>2015-08-02T18:53:11Z</time>
      </trkpt>
      <trkpt lat="44.372587976977229" lon="6.869796020910144">
        <ele>2358</ele>
        <time>2015-08-02T18:53:31Z</time>
      </trkpt>
      <trkpt lat="44.372367030009627" lon="6.869756961241365">
        <ele>2367</ele>
        <time>2015-08-02T18:53:51Z</time>
      </trkpt>
      <trkpt lat="44.372099982574582" lon="6.869786968454719">
        <ele>2371</ele>
        <time>2015-08-02T18:54:11Z</time>
      </trkpt>
      <trkpt lat="44.371894961223006" lon="6.870055021718144">
        <ele>2377</ele>
        <time>2015-08-02T18:54:31Z</time>
      </trkpt>
      <trkpt lat="44.371748026460409" lon="6.870049992576242">
        <ele>2379</ele>
        <time>2015-08-02T18:54:51Z</time>
      </trkpt>
      <trkpt lat="44.37166303396225" lon="6.870141020044684">
        <ele>2389</ele>
        <time>2015-08-02T18:55:11Z</time>
      </trkpt>
      <trkpt lat="44.371337983757257" lon="6.870118975639343">
        <ele>2395</ele>
        <time>2015-08-02T18:55:31Z</time>
      </trkpt>
      <trkpt lat="44.370777988806367" lon="6.870494987815619">
        <ele>2418</ele>
        <time>2015-08-02T18:55:51Z</time>
      </trkpt>
      <trkpt lat="44.370408011600375" lon="6.87056397087872">
        <ele>2423</ele>
        <time>2015-08-02T18:56:11Z</time>
      </trkpt>
      <trkpt lat="44.369856985285878" lon="6.870944006368518">
        <ele>2432</ele>
        <time>2015-08-02T18:56:31Z</time>
      </trkpt>
      <trkpt lat="44.369769981130958" lon="6.871366035193205">
        <ele>2431</ele>
        <time>2015-08-02T18:56:51Z</time>
      </trkpt>
      <trkpt lat="44.369500000029802" lon="6.871734000742436">
        <ele>2427</ele>
        <time>2015-08-02T18:57:11Z</time>
      </trkpt>
      <trkpt lat="44.369461024180055" lon="6.87195897102356">
        <ele>2428</ele>
        <time>2015-08-02T18:57:31Z</time>
      </trkpt>
      <trkpt lat="44.369221972301602" lon="6.872201962396503">
        <ele>2429</ele>
        <time>2015-08-02T18:57:51Z</time>
      </trkpt>
      <trkpt lat="44.368918966501951" lon="6.872313022613525">
        <ele>2436</ele>
        <time>2015-08-02T18:58:11Z</time>
      </trkpt>
      <trkpt lat="44.368775971233845" lon="6.872456017881632">
        <ele>2436</ele>
        <time>2015-08-02T18:58:31Z</time>
      </trkpt>
      <trkpt lat="44.368559969589114" lon="6.872543022036552">
        <ele>2439</ele>
        <time>2015-08-02T18:58:51Z</time>
      </trkpt>
      <trkpt lat="44.368327958509326" lon="6.872747959569097">
        <ele>2440</ele>
        <time>2015-08-02T18:59:11Z</time>
      </trkpt>
      <trkpt lat="44.367723036557436" lon="6.872801017016172">
        <ele>2443</ele>
        <time>2015-08-02T18:59:31Z</time>
      </trkpt>
      <trkpt lat="44.367394968867302" lon="6.873125983402133">
        <ele>2442</ele>
        <time>2015-08-02T18:59:51Z</time>
      </trkpt>
      <trkpt lat="44.367294972762465" lon="6.873450027778745">
        <ele>2444</ele>
        <time>2015-08-02T19:00:11Z</time>
      </trkpt>
      <trkpt lat="44.36700101941824" lon="6.873965011909604">
        <ele>2445</ele>
        <time>2015-08-02T19:00:31Z</time>
      </trkpt>
      <trkpt lat="44.366588965058327" lon="6.874519977718592">
        <ele>2443</ele>
        <time>2015-08-02T19:00:51Z</time>
      </trkpt>
      <trkpt lat="44.366265004500747" lon="6.875064969062805">
        <ele>2447</ele>
        <time>2015-08-02T19:01:11Z</time>
      </trkpt>
      <trkpt lat="44.366114968433976" lon="6.875469982624054">
        <ele>2446</ele>
        <time>2015-08-02T19:01:31Z</time>
      </trkpt>
      <trkpt lat="44.366076998412609" lon="6.87584800645709">
        <ele>2446</ele>
        <time>2015-08-02T19:01:51Z</time>
      </trkpt>
      <trkpt lat="44.365666033700109" lon="6.876732967793942">
        <ele>2438</ele>
        <time>2015-08-02T19:02:11Z</time>
      </trkpt>
      <trkpt lat="44.365721018984914" lon="6.877252981066704">
        <ele>2438</ele>
        <time>2015-08-02T19:02:31Z</time>
      </trkpt>
      <trkpt lat="44.365897960960865" lon="6.877741981297731">
        <ele>2443</ele>
        <time>2015-08-02T19:02:51Z</time>
      </trkpt>
      <trkpt lat="44.365926962345839" lon="6.878159986808896">
        <ele>2448</ele>
        <time>2015-08-02T19:03:11Z</time>
      </trkpt>
      <trkpt lat="44.366000974550843" lon="6.878450000658631">
        <ele>2459</ele>
        <time>2015-08-02T19:03:31Z</time>
      </trkpt>
      <trkpt lat="44.365953030064702" lon="6.878663990646601">
        <ele>2463</ele>
        <time>2015-08-02T19:03:51Z</time>
      </trkpt>
      <trkpt lat="44.365997035056353" lon="6.878815032541752">
        <ele>2466</ele>
        <time>2015-08-02T19:04:11Z</time>
      </trkpt>
      <trkpt lat="44.36556201428175" lon="6.879323981702328">
        <ele>2487</ele>
        <time>2015-08-02T19:04:31Z</time>
      </trkpt>
      <trkpt lat="44.365825960412621" lon="6.879405034705997">
        <ele>2488</ele>
        <time>2015-08-02T19:04:51Z</time>
      </trkpt>
      <trkpt lat="44.36541298404336" lon="6.879876013845205">
        <ele>2497</ele>
        <time>2015-08-02T19:05:11Z</time>
      </trkpt>
      <trkpt lat="44.365020962432027" lon="6.880128979682922">
        <ele>2513</ele>
        <time>2015-08-02T19:05:31Z</time>
      </trkpt>
      <trkpt lat="44.365204023197293" lon="6.88023098744452">
        <ele>2521</ele>
        <time>2015-08-02T19:05:51Z</time>
      </trkpt>
      <trkpt lat="44.365050969645381" lon="6.880277004092932">
        <ele>2520</ele>
        <time>2015-08-02T19:06:11Z</time>
      </trkpt>
      <trkpt lat="44.364759027957916" lon="6.880514966323972">
        <ele>2527</ele>
        <time>2015-08-02T19:06:31Z</time>
      </trkpt>
      <trkpt lat="44.364368012174964" lon="6.88093900680542">
        <ele>2544</ele>
        <time>2015-08-02T19:06:51Z</time>
      </trkpt>
      <trkpt lat="44.363996023312211" lon="6.880928026512265">
        <ele>2545</ele>
        <time>2015-08-02T19:07:11Z</time>
      </trkpt>
      <trkpt lat="44.363668961450458" lon="6.880770027637482">
        <ele>2532</ele>
        <time>2015-08-02T19:07:31Z</time>
      </trkpt>
      <trkpt lat="44.363380037248135" lon="6.880729962140322">
        <ele>2531</ele>
        <time>2015-08-02T19:07:51Z</time>
      </trkpt>
      <trkpt lat="44.363109972327948" lon="6.88089600764215">
        <ele>0</ele>
        <time>2015-08-02T19:08:11Z</time>
      </trkpt>
      <trkpt lat="44.362863963469863" lon="6.880869017913938">
        <ele>0</ele>
        <time>2015-08-02T19:08:31Z</time>
      </trkpt>
      <trkpt lat="44.362578978762031" lon="6.88093900680542">
        <ele>0</ele>
        <time>2015-08-02T19:08:51Z</time>
      </trkpt>
      <trkpt lat="44.361782027408481" lon="6.881592962890863">
        <ele>0</ele>
        <time>2015-08-02T19:09:11Z</time>
      </trkpt>
      <trkpt lat="44.360633958131075" lon="6.881871996447444">
        <ele>0</ele>
        <time>2015-08-02T19:09:31Z</time>
      </trkpt>
      <trkpt lat="44.360031969845295" lon="6.881807958707213">
        <ele>0</ele>
        <time>2015-08-02T19:09:51Z</time>
      </trkpt>
      <trkpt lat="44.359741033986211" lon="6.881622970104218">
        <ele>0</ele>
        <time>2015-08-02T19:10:11Z</time>
      </trkpt>
      <trkpt lat="44.359189001843333" lon="6.881159031763673">
        <ele>0</ele>
        <time>2015-08-02T19:10:31Z</time>
      </trkpt>
      <trkpt lat="44.358556000515819" lon="6.880905982106924">
        <ele>0</ele>
        <time>2015-08-02T19:10:51Z</time>
      </trkpt>
      <trkpt lat="44.358105976134539" lon="6.880829036235809">
        <ele>0</ele>
        <time>2015-08-02T19:11:11Z</time>
      </trkpt>
      <trkpt lat="44.357196036726236" lon="6.880912017077208">
        <ele>0</ele>
        <time>2015-08-02T19:11:31Z</time>
      </trkpt>
      <trkpt lat="44.356714999303222" lon="6.880569029599428">
        <ele>0</ele>
        <time>2015-08-02T19:11:51Z</time>
      </trkpt>
      <trkpt lat="44.356549959629774" lon="6.880343975499272">
        <ele>0</ele>
        <time>2015-08-02T19:12:11Z</time>
      </trkpt>
      <trkpt lat="44.356445018202066" lon="6.880354033783078">
        <ele>0</ele>
        <time>2015-08-02T19:12:31Z</time>
      </trkpt>
      <trkpt lat="44.356613997370005" lon="6.880820989608765">
        <ele>0</ele>
        <time>2015-08-02T19:12:51Z</time>
      </trkpt>
      <trkpt lat="44.356606034561992" lon="6.881035985425115">
        <ele>0</ele>
        <time>2015-08-02T19:13:11Z</time>
      </trkpt>
      <trkpt lat="44.356494974344969" lon="6.88128300011158">
        <ele>0</ele>
        <time>2015-08-02T19:13:31Z</time>
      </trkpt>
      <trkpt lat="44.356141006574035" lon="6.880944035947323">
        <ele>0</ele>
        <time>2015-08-02T19:13:51Z</time>
      </trkpt>
      <trkpt lat="44.355936991050839" lon="6.880924003198743">
        <ele>0</ele>
        <time>2015-08-02T19:14:11Z</time>
      </trkpt>
      <trkpt lat="44.355820985510945" lon="6.881016958504915">
        <ele>2548</ele>
        <time>2015-08-02T19:14:31Z</time>
      </trkpt>
      <trkpt lat="44.355658963322639" lon="6.880955016240478">
        <ele>2548</ele>
        <time>2015-08-02T19:14:51Z</time>
      </trkpt>
      <trkpt lat="44.355667009949684" lon="6.881195995956659">
        <ele>2547</ele>
        <time>2015-08-02T19:15:11Z</time>
      </trkpt>
      <trkpt lat="44.355522003024817" lon="6.881249975413084">
        <ele>2546</ele>
        <time>2015-08-02T19:15:31Z</time>
      </trkpt>
      <trkpt lat="44.355263002216816" lon="6.88147603534162">
        <ele>2543</ele>
        <time>2015-08-02T19:15:51Z</time>
      </trkpt>
      <trkpt lat="44.355412032455206" lon="6.881668986752629">
        <ele>2533</ele>
        <time>2015-08-02T19:16:11Z</time>
      </trkpt>
      <trkpt lat="44.355297032743692" lon="6.88186202198267">
        <ele>2532</ele>
        <time>2015-08-02T19:16:31Z</time>
      </trkpt>
      <trkpt lat="44.355146996676922" lon="6.881766971200705">
        <ele>2534</ele>
        <time>2015-08-02T19:16:51Z</time>
      </trkpt>
      <trkpt lat="44.355141967535019" lon="6.881875013932586">
        <ele>2532</ele>
        <time>2015-08-02T19:17:11Z</time>
      </trkpt>
      <trkpt lat="44.354934012517333" lon="6.881908960640431">
        <ele>2515</ele>
        <time>2015-08-02T19:17:31Z</time>
      </trkpt>
      <trkpt lat="44.354957984760404" lon="6.882031001150608">
        <ele>2511</ele>
        <time>2015-08-02T19:17:51Z</time>
      </trkpt>
      <trkpt lat="44.354692026972771" lon="6.882125968113542">
        <ele>2504</ele>
        <time>2015-08-02T19:18:11Z</time>
      </trkpt>
      <trkpt lat="44.354698983952403" lon="6.882221018895507">
        <ele>2503</ele>
        <time>2015-08-02T19:18:31Z</time>
      </trkpt>
      <trkpt lat="44.35441198758781" lon="6.882333001121879">
        <ele>2494</ele>
        <time>2015-08-02T19:18:51Z</time>
      </trkpt>
      <trkpt lat="44.354541990906" lon="6.882492005825043">
        <ele>2497</ele>
        <time>2015-08-02T19:19:11Z</time>
      </trkpt>
      <trkpt lat="44.35454098507762" lon="6.882617985829711">
        <ele>2486</ele>
        <time>2015-08-02T19:19:31Z</time>
      </trkpt>
      <trkpt lat="44.354302017018199" lon="6.882741032168269">
        <ele>2481</ele>
        <time>2015-08-02T19:19:51Z</time>
      </trkpt>
      <trkpt lat="44.354376029223204" lon="6.882890984416008">
        <ele>2481</ele>
        <time>2015-08-02T19:20:11Z</time>
      </trkpt>
      <trkpt lat="44.354343004524708" lon="6.883042026311159">
        <ele>2479</ele>
        <time>2015-08-02T19:20:31Z</time>
      </trkpt>
      <trkpt lat="44.354127002879977" lon="6.883191978558898">
        <ele>2460</ele>
        <time>2015-08-02T19:20:51Z</time>
      </trkpt>
      <trkpt lat="44.354033963754773" lon="6.883386019617319">
        <ele>2456</ele>
        <time>2015-08-02T19:21:11Z</time>
      </trkpt>
      <trkpt lat="44.354145023971796" lon="6.883653989061713">
        <ele>2451</ele>
        <time>2015-08-02T19:21:31Z</time>
      </trkpt>
      <trkpt lat="44.353914018720388" lon="6.883792961016297">
        <ele>2446</ele>
        <time>2015-08-02T19:21:51Z</time>
      </trkpt>
      <trkpt lat="44.353805975988507" lon="6.884104013442993">
        <ele>2444</ele>
        <time>2015-08-02T19:22:11Z</time>
      </trkpt>
      <trkpt lat="44.353965986520052" lon="6.884396960958839">
        <ele>2437</ele>
        <time>2015-08-02T19:22:31Z</time>
      </trkpt>
      <trkpt lat="44.353988030925393" lon="6.88457096926868">
        <ele>2435</ele>
        <time>2015-08-02T19:22:51Z</time>
      </trkpt>
      <trkpt lat="44.354556994512677" lon="6.884790994226933">
        <ele>2444</ele>
        <time>2015-08-02T19:23:11Z</time>
      </trkpt>
      <trkpt lat="44.354483988136053" lon="6.884929966181517">
        <ele>2442</ele>
        <time>2015-08-02T19:23:31Z</time>
      </trkpt>
      <trkpt lat="44.354027006775141" lon="6.885230960324407">
        <ele>2421</ele>
        <time>2015-08-02T19:23:51Z</time>
      </trkpt>
      <trkpt lat="44.353603972122073" lon="6.885187961161137">
        <ele>2417</ele>
        <time>2015-08-02T19:24:11Z</time>
      </trkpt>
      <trkpt lat="44.353178003802896" lon="6.884957039728761">
        <ele>2411</ele>
        <time>2015-08-02T19:24:31Z</time>
      </trkpt>
      <trkpt lat="44.353020004928112" lon="6.884726034477353">
        <ele>2407</ele>
        <time>2015-08-02T19:24:51Z</time>
      </trkpt>
      <trkpt lat="44.352884972468019" lon="6.884771967306733">
        <ele>2404</ele>
        <time>2015-08-02T19:25:11Z</time>
      </trkpt>
      <trkpt lat="44.352610968053341" lon="6.884668031707406">
        <ele>2399</ele>
        <time>2015-08-02T19:25:31Z</time>
      </trkpt>
      <trkpt lat="44.352496974170208" lon="6.884473990648985">
        <ele>2379</ele>
        <time>2015-08-02T19:25:51Z</time>
      </trkpt>
      <trkpt lat="44.352249037474394" lon="6.884951004758477">
        <ele>2377</ele>
        <time>2015-08-02T19:26:11Z</time>
      </trkpt>
      <trkpt lat="44.352077962830663" lon="6.884932983666658">
        <ele>2373</ele>
        <time>2015-08-02T19:26:31Z</time>
      </trkpt>
      <trkpt lat="44.351972015574574" lon="6.885139010846615">
        <ele>2372</ele>
        <time>2015-08-02T19:26:51Z</time>
      </trkpt>
      <trkpt lat="44.351919963955879" lon="6.884884033352137">
        <ele>2370</ele>
        <time>2015-08-02T19:27:11Z</time>
      </trkpt>
      <trkpt lat="44.351779986172915" lon="6.885031973943114">
        <ele>2367</ele>
        <time>2015-08-02T19:27:31Z</time>
      </trkpt>
      <trkpt lat="44.351799013093114" lon="6.884658979251981">
        <ele>2368</ele>
        <time>2015-08-02T19:27:51Z</time>
      </trkpt>
      <trkpt lat="44.351893980056047" lon="6.884125974029303">
        <ele>2366</ele>
        <time>2015-08-02T19:28:11Z</time>
      </trkpt>
      <trkpt lat="44.351718965917826" lon="6.883706962689757">
        <ele>2368</ele>
        <time>2015-08-02T19:28:31Z</time>
      </trkpt>
      <trkpt lat="44.350446006283164" lon="6.883787009865046">
        <ele>2318</ele>
        <time>2015-08-02T19:28:51Z</time>
      </trkpt>
      <trkpt lat="44.350048033520579" lon="6.883781980723143">
        <ele>2313</ele>
        <time>2015-08-02T19:29:11Z</time>
      </trkpt>
      <trkpt lat="44.349763970822096" lon="6.883669998496771">
        <ele>2299</ele>
        <time>2015-08-02T19:29:31Z</time>
      </trkpt>
      <trkpt lat="44.349354011937976" lon="6.883589029312134">
        <ele>2295</ele>
        <time>2015-08-02T19:29:51Z</time>
      </trkpt>
      <trkpt lat="44.349228031933308" lon="6.883340002968907">
        <ele>2291</ele>
        <time>2015-08-02T19:30:11Z</time>
      </trkpt>
      <trkpt lat="44.349088976159692" lon="6.883222991600633">
        <ele>2281</ele>
        <time>2015-08-02T19:30:31Z</time>
      </trkpt>
      <trkpt lat="44.348964001983404" lon="6.883202958852053">
        <ele>2277</ele>
        <time>2015-08-02T19:30:51Z</time>
      </trkpt>
      <trkpt lat="44.348896024748683" lon="6.883429018780589">
        <ele>2282</ele>
        <time>2015-08-02T19:31:11Z</time>
      </trkpt>
      <trkpt lat="44.348751017823815" lon="6.882993998005986">
        <ele>2271</ele>
        <time>2015-08-02T19:31:31Z</time>
      </trkpt>
      <trkpt lat="44.348773984238505" lon="6.882827030494809">
        <ele>2269</ele>
        <time>2015-08-02T19:31:51Z</time>
      </trkpt>
      <trkpt lat="44.348239973187447" lon="6.882285978645086">
        <ele>2245</ele>
        <time>2015-08-02T19:32:11Z</time>
      </trkpt>
      <trkpt lat="44.347668997943401" lon="6.882382035255432">
        <ele>2240</ele>
        <time>2015-08-02T19:32:31Z</time>
      </trkpt>
      <trkpt lat="44.347293991595507" lon="6.882343981415033">
        <ele>2226</ele>
        <time>2015-08-02T19:32:51Z</time>
      </trkpt>
      <trkpt lat="44.346947986632586" lon="6.882521007210016">
        <ele>2229</ele>
        <time>2015-08-02T19:33:11Z</time>
      </trkpt>
      <trkpt lat="44.346343986690044" lon="6.882532993331552">
        <ele>2210</ele>
        <time>2015-08-02T19:33:31Z</time>
      </trkpt>
      <trkpt lat="44.345917012542486" lon="6.882198974490166">
        <ele>2195</ele>
        <time>2015-08-02T19:33:51Z</time>
      </trkpt>
      <trkpt lat="44.345384007319808" lon="6.882504997774959">
        <ele>2188</ele>
        <time>2015-08-02T19:34:11Z</time>
      </trkpt>
      <trkpt lat="44.345295997336507" lon="6.882696021348238">
        <ele>2186</ele>
        <time>2015-08-02T19:34:31Z</time>
      </trkpt>
      <trkpt lat="44.345192983746529" lon="6.882531987503171">
        <ele>2184</ele>
        <time>2015-08-02T19:34:51Z</time>
      </trkpt>
      <trkpt lat="44.345073960721493" lon="6.882633995264769">
        <ele>2183</ele>
        <time>2015-08-02T19:35:11Z</time>
      </trkpt>
      <trkpt lat="44.344925014302135" lon="6.88261304050684">
        <ele>2175</ele>
        <time>2015-08-02T19:35:31Z</time>
      </trkpt>
      <trkpt lat="44.344667019322515" lon="6.882515978068113">
        <ele>2172</ele>
        <time>2015-08-02T19:35:51Z</time>
      </trkpt>
      <trkpt lat="44.34461303986609" lon="6.882343981415033">
        <ele>2166</ele>
        <time>2015-08-02T19:36:11Z</time>
      </trkpt>
      <trkpt lat="44.344115993008018" lon="6.882129991427064">
        <ele>2154</ele>
        <time>2015-08-02T19:36:31Z</time>
      </trkpt>
      <trkpt lat="44.343787003308535" lon="6.881660018116236">
        <ele>2140</ele>
        <time>2015-08-02T19:36:51Z</time>
      </trkpt>
      <trkpt lat="44.343640990555286" lon="6.881566978991032">
        <ele>2139</ele>
        <time>2015-08-02T19:37:11Z</time>
      </trkpt>
      <trkpt lat="44.343229020014405" lon="6.881162971258164">
        <ele>2125</ele>
        <time>2015-08-02T19:37:31Z</time>
      </trkpt>
      <trkpt lat="44.343082001432776" lon="6.880922997370362">
        <ele>2124</ele>
        <time>2015-08-02T19:37:51Z</time>
      </trkpt>
      <trkpt lat="44.342962978407741" lon="6.881028022617102">
        <ele>2123</ele>
        <time>2015-08-02T19:38:11Z</time>
      </trkpt>
      <trkpt lat="44.342517983168364" lon="6.880967002362013">
        <ele>2116</ele>
        <time>2015-08-02T19:38:31Z</time>
      </trkpt>
      <trkpt lat="44.342347998172045" lon="6.881070015951991">
        <ele>2109</ele>
        <time>2015-08-02T19:38:51Z</time>
      </trkpt>
      <trkpt lat="44.341503018513322" lon="6.881212005391717">
        <ele>2099</ele>
        <time>2015-08-02T19:39:11Z</time>
      </trkpt>
      <trkpt lat="44.341373015195131" lon="6.880990974605084">
        <ele>2098</ele>
        <time>2015-08-02T19:39:31Z</time>
      </trkpt>
      <trkpt lat="44.341288022696972" lon="6.880770027637482">
        <ele>2096</ele>
        <time>2015-08-02T19:39:51Z</time>
      </trkpt>
      <trkpt lat="44.341053999960423" lon="6.880471967160702">
        <ele>2095</ele>
        <time>2015-08-02T19:40:11Z</time>
      </trkpt>
      <trkpt lat="44.340762980282307" lon="6.879630004987121">
        <ele>2086</ele>
        <time>2015-08-02T19:40:31Z</time>
      </trkpt>
      <trkpt lat="44.340735990554094" lon="6.87900697812438">
        <ele>2087</ele>
        <time>2015-08-02T19:40:51Z</time>
      </trkpt>
      <trkpt lat="44.340387973934412" lon="6.878588972613215">
        <ele>2088</ele>
        <time>2015-08-02T19:41:11Z</time>
      </trkpt>
      <trkpt lat="44.340288983657956" lon="6.878380011767149">
        <ele>2088</ele>
        <time>2015-08-02T19:41:31Z</time>
      </trkpt>
      <trkpt lat="44.340152023360133" lon="6.878192005679011">
        <ele>2091</ele>
        <time>2015-08-02T19:41:51Z</time>
      </trkpt>
      <trkpt lat="44.33973896317184" lon="6.878039035946131">
        <ele>2084</ele>
        <time>2015-08-02T19:42:11Z</time>
      </trkpt>
      <trkpt lat="44.339482979848981" lon="6.877837032079697">
        <ele>2082</ele>
        <time>2015-08-02T19:42:31Z</time>
      </trkpt>
      <trkpt lat="44.33913798071444" lon="6.877681966871023">
        <ele>2074</ele>
        <time>2015-08-02T19:42:51Z</time>
      </trkpt>
      <trkpt lat="44.339289022609591" lon="6.876897001639009">
        <ele>2083</ele>
        <time>2015-08-02T19:43:11Z</time>
      </trkpt>
      <trkpt lat="44.339193971827626" lon="6.876849979162216">
        <ele>2082</ele>
        <time>2015-08-02T19:43:31Z</time>
      </trkpt>
      <trkpt lat="44.339317018166184" lon="6.876443037763238">
        <ele>2087</ele>
        <time>2015-08-02T19:43:51Z</time>
      </trkpt>
      <trkpt lat="44.33900797739625" lon="6.876131985336542">
        <ele>2084</ele>
        <time>2015-08-02T19:44:11Z</time>
      </trkpt>
      <trkpt lat="44.338932037353516" lon="6.875928975641727">
        <ele>2086</ele>
        <time>2015-08-02T19:44:31Z</time>
      </trkpt>
      <trkpt lat="44.338737996295094" lon="6.875794027000666">
        <ele>2101</ele>
        <time>2015-08-02T19:44:51Z</time>
      </trkpt>
      <trkpt lat="44.338482012972236" lon="6.875435030087829">
        <ele>2105</ele>
        <time>2015-08-02T19:45:11Z</time>
      </trkpt>
      <trkpt lat="44.338282020762563" lon="6.87535397708416">
        <ele>2097</ele>
        <time>2015-08-02T19:45:31Z</time>
      </trkpt>
      <trkpt lat="44.338132990524173" lon="6.875227997079492">
        <ele>2099</ele>
        <time>2015-08-02T19:45:51Z</time>
      </trkpt>
      <trkpt lat="44.337983038276434" lon="6.875198995694518">
        <ele>2097</ele>
        <time>2015-08-02T19:46:11Z</time>
      </trkpt>
      <trkpt lat="44.337625969201326" lon="6.874747965484858">
        <ele>2117</ele>
        <time>2015-08-02T19:46:31Z</time>
      </trkpt>
      <trkpt lat="44.33718197979033" lon="6.874361978843808">
        <ele>2123</ele>
        <time>2015-08-02T19:46:51Z</time>
      </trkpt>
      <trkpt lat="44.337040996178985" lon="6.874266006052494">
        <ele>2125</ele>
        <time>2015-08-02T19:47:11Z</time>
      </trkpt>
      <trkpt lat="44.336785012856126" lon="6.874018991366029">
        <ele>2151</ele>
        <time>2015-08-02T19:47:31Z</time>
      </trkpt>
      <trkpt lat="44.335835007950664" lon="6.873627975583077">
        <ele>2157</ele>
        <time>2015-08-02T19:47:51Z</time>
      </trkpt>
      <trkpt lat="44.335489002987742" lon="6.873220028355718">
        <ele>2179</ele>
        <time>2015-08-02T19:48:11Z</time>
      </trkpt>
      <trkpt lat="44.335174011066556" lon="6.872587027028203">
        <ele>2189</ele>
        <time>2015-08-02T19:48:31Z</time>
      </trkpt>
      <trkpt lat="44.33516001328826" lon="6.872099032625556">
        <ele>2210</ele>
        <time>2015-08-02T19:48:51Z</time>
      </trkpt>
      <trkpt lat="44.335129000246525" lon="6.871911026537418">
        <ele>2213</ele>
        <time>2015-08-02T19:49:11Z</time>
      </trkpt>
      <trkpt lat="44.335262021049857" lon="6.87187297269702">
        <ele>2214</ele>
        <time>2015-08-02T19:49:31Z</time>
      </trkpt>
      <trkpt lat="44.335133023560047" lon="6.871664011850953">
        <ele>2226</ele>
        <time>2015-08-02T19:49:51Z</time>
      </trkpt>
      <trkpt lat="44.334873016923666" lon="6.87170198187232">
        <ele>2218</ele>
        <time>2015-08-02T19:50:11Z</time>
      </trkpt>
      <trkpt lat="44.334877040237188" lon="6.871583964675665">
        <ele>2229</ele>
        <time>2015-08-02T19:50:31Z</time>
      </trkpt>
      <trkpt lat="44.334758017212152" lon="6.871583964675665">
        <ele>2235</ele>
        <time>2015-08-02T19:50:51Z</time>
      </trkpt>
      <trkpt lat="44.334686016663909" lon="6.87170198187232">
        <ele>2222</ele>
        <time>2015-08-02T19:51:11Z</time>
      </trkpt>
      <trkpt lat="44.33464796282351" lon="6.871605003252626">
        <ele>2238</ele>
        <time>2015-08-02T19:51:31Z</time>
      </trkpt>
      <trkpt lat="44.334513014182448" lon="6.871779011562467">
        <ele>2225</ele>
        <time>2015-08-02T19:51:51Z</time>
      </trkpt>
      <trkpt lat="44.334277985617518" lon="6.871953019872308">
        <ele>2228</ele>
        <time>2015-08-02T19:52:11Z</time>
      </trkpt>
      <trkpt lat="44.333950001746416" lon="6.871927035972476">
        <ele>2248</ele>
        <time>2015-08-02T19:52:31Z</time>
      </trkpt>
      <trkpt lat="44.333977997303009" lon="6.871663006022573">
        <ele>2253</ele>
        <time>2015-08-02T19:52:51Z</time>
      </trkpt>
      <trkpt lat="44.333951007574797" lon="6.871397970244288">
        <ele>2255</ele>
        <time>2015-08-02T19:53:11Z</time>
      </trkpt>
      <trkpt lat="44.334052009508014" lon="6.871223039925098">
        <ele>2257</ele>
        <time>2015-08-02T19:53:31Z</time>
      </trkpt>
      <trkpt lat="44.333836007863283" lon="6.871151961386204">
        <ele>2258</ele>
        <time>2015-08-02T19:53:51Z</time>
      </trkpt>
      <trkpt lat="44.333683038130403" lon="6.869798032566905">
        <ele>2261</ele>
        <time>2015-08-02T19:54:11Z</time>
      </trkpt>
      <trkpt lat="44.333470975980163" lon="6.869410034269095">
        <ele>2260</ele>
        <time>2015-08-02T19:54:31Z</time>
      </trkpt>
      <trkpt lat="44.333482040092349" lon="6.868805028498173">
        <ele>2259</ele>
        <time>2015-08-02T19:54:51Z</time>
      </trkpt>
      <trkpt lat="44.33359201066196" lon="6.868387022987008">
        <ele>2258</ele>
        <time>2015-08-02T19:55:11Z</time>
      </trkpt>
      <trkpt lat="44.333600979298353" lon="6.868064990267158">
        <ele>2260</ele>
        <time>2015-08-02T19:55:31Z</time>
      </trkpt>
      <trkpt lat="44.333468964323401" lon="6.867496026679874">
        <ele>2260</ele>
        <time>2015-08-02T19:55:51Z</time>
      </trkpt>
      <trkpt lat="44.333411967381835" lon="6.867177011445165">
        <ele>2262</ele>
        <time>2015-08-02T19:56:11Z</time>
      </trkpt>
      <trkpt lat="44.333432000130415" lon="6.866856990382075">
        <ele>2262</ele>
        <time>2015-08-02T19:56:31Z</time>
      </trkpt>
      <trkpt lat="44.333533002063632" lon="6.866721035912633">
        <ele>2263</ele>
        <time>2015-08-02T19:56:51Z</time>
      </trkpt>
      <trkpt lat="44.333753027021885" lon="6.866175960749388">
        <ele>2267</ele>
        <time>2015-08-02T19:57:11Z</time>
      </trkpt>
      <trkpt lat="44.333773981779814" lon="6.865801038220525">
        <ele>2267</ele>
        <time>2015-08-02T19:57:31Z</time>
      </trkpt>
      <trkpt lat="44.333758978173137" lon="6.865231990814209">
        <ele>2267</ele>
        <time>2015-08-02T19:57:51Z</time>
      </trkpt>
      <trkpt lat="44.333455972373486" lon="6.865193014964461">
        <ele>2263</ele>
        <time>2015-08-02T19:58:11Z</time>
      </trkpt>
      <trkpt lat="44.333170987665653" lon="6.864903001114726">
        <ele>2253</ele>
        <time>2015-08-02T19:58:31Z</time>
      </trkpt>
      <trkpt lat="44.332973007112741" lon="6.864842986688018">
        <ele>2250</ele>
        <time>2015-08-02T19:58:51Z</time>
      </trkpt>
      <trkpt lat="44.332545027136803" lon="6.864486001431942">
        <ele>2246</ele>
        <time>2015-08-02T19:59:11Z</time>
      </trkpt>
      <trkpt lat="44.33230496942997" lon="6.864780960604549">
        <ele>2236</ele>
        <time>2015-08-02T19:59:31Z</time>
      </trkpt>
      <trkpt lat="44.331846982240677" lon="6.865049013867974">
        <ele>2231</ele>
        <time>2015-08-02T19:59:51Z</time>
      </trkpt>
      <trkpt lat="44.331587981432676" lon="6.864921022206545">
        <ele>2222</ele>
        <time>2015-08-02T20:00:11Z</time>
      </trkpt>
      <trkpt lat="44.331443980336189" lon="6.864793030545116">
        <ele>2219</ele>
        <time>2015-08-02T20:00:31Z</time>
      </trkpt>
      <trkpt lat="44.331240970641375" lon="6.864634025841951">
        <ele>2215</ele>
        <time>2015-08-02T20:00:51Z</time>
      </trkpt>
      <trkpt lat="44.330988004803658" lon="6.864550961181521">
        <ele>2213</ele>
        <time>2015-08-02T20:01:11Z</time>
      </trkpt>
      <trkpt lat="44.330634959042072" lon="6.864695968106389">
        <ele>2197</ele>
        <time>2015-08-02T20:01:31Z</time>
      </trkpt>
      <trkpt lat="44.330508979037404" lon="6.864887997508049">
        <ele>2195</ele>
        <time>2015-08-02T20:01:51Z</time>
      </trkpt>
      <trkpt lat="44.330361960455775" lon="6.864893026649952">
        <ele>2192</ele>
        <time>2015-08-02T20:02:11Z</time>
      </trkpt>
      <trkpt lat="44.330290965735912" lon="6.864961003884673">
        <ele>2190</ele>
        <time>2015-08-02T20:02:31Z</time>
      </trkpt>
      <trkpt lat="44.330073958262801" lon="6.864776015281677">
        <ele>2188</ele>
        <time>2015-08-02T20:02:51Z</time>
      </trkpt>
      <trkpt lat="44.329953007400036" lon="6.86504096724093">
        <ele>2179</ele>
        <time>2015-08-02T20:03:11Z</time>
      </trkpt>
      <trkpt lat="44.329770030453801" lon="6.864819014444947">
        <ele>2174</ele>
        <time>2015-08-02T20:03:31Z</time>
      </trkpt>
      <trkpt lat="44.3292520288378" lon="6.864780960604549">
        <ele>2168</ele>
        <time>2015-08-02T20:03:51Z</time>
      </trkpt>
      <trkpt lat="44.32903996668756" lon="6.864595972001553">
        <ele>2156</ele>
        <time>2015-08-02T20:04:11Z</time>
      </trkpt>
      <trkpt lat="44.328778032213449" lon="6.864561019465327">
        <ele>2154</ele>
        <time>2015-08-02T20:04:31Z</time>
      </trkpt>
      <trkpt lat="44.328725980594754" lon="6.864406038075686">
        <ele>2153</ele>
        <time>2015-08-02T20:04:51Z</time>
      </trkpt>
      <trkpt lat="44.328574016690254" lon="6.864489018917084">
        <ele>2151</ele>
        <time>2015-08-02T20:05:11Z</time>
      </trkpt>
      <trkpt lat="44.328506961464882" lon="6.864406038075686">
        <ele>2150</ele>
        <time>2015-08-02T20:05:31Z</time>
      </trkpt>
      <trkpt lat="44.328232035040855" lon="6.864526988938451">
        <ele>2138</ele>
        <time>2015-08-02T20:05:51Z</time>
      </trkpt>
      <trkpt lat="44.328111000359058" lon="6.864497987553477">
        <ele>2137</ele>
        <time>2015-08-02T20:06:11Z</time>
      </trkpt>
      <trkpt lat="44.328042017295957" lon="6.864626985043287">
        <ele>2137</ele>
        <time>2015-08-02T20:06:31Z</time>
      </trkpt>
      <trkpt lat="44.327900027856231" lon="6.864488013088703">
        <ele>2135</ele>
        <time>2015-08-02T20:06:51Z</time>
      </trkpt>
      <trkpt lat="44.327787961810827" lon="6.864574011415243">
        <ele>2134</ele>
        <time>2015-08-02T20:07:11Z</time>
      </trkpt>
      <trkpt lat="44.327602973207831" lon="6.864349963143468">
        <ele>2130</ele>
        <time>2015-08-02T20:07:31Z</time>
      </trkpt>
      <trkpt lat="44.327507000416517" lon="6.8644829839468">
        <ele>2131</ele>
        <time>2015-08-02T20:07:51Z</time>
      </trkpt>
      <trkpt lat="44.327390994876623" lon="6.864444008097053">
        <ele>2118</ele>
        <time>2015-08-02T20:08:11Z</time>
      </trkpt>
      <trkpt lat="44.326737960800529" lon="6.864913981407881">
        <ele>2112</ele>
        <time>2015-08-02T20:08:31Z</time>
      </trkpt>
      <trkpt lat="44.326628996059299" lon="6.864764029160142">
        <ele>2098</ele>
        <time>2015-08-02T20:08:51Z</time>
      </trkpt>
      <trkpt lat="44.326526988297701" lon="6.865152027457953">
        <ele>2109</ele>
        <time>2015-08-02T20:09:11Z</time>
      </trkpt>
      <trkpt lat="44.326300006359816" lon="6.864723041653633">
        <ele>2092</ele>
        <time>2015-08-02T20:09:31Z</time>
      </trkpt>
      <trkpt lat="44.326019966974854" lon="6.864325990900397">
        <ele>2079</ele>
        <time>2015-08-02T20:09:51Z</time>
      </trkpt>
      <trkpt lat="44.326156005263329" lon="6.863434994593263">
        <ele>2069</ele>
        <time>2015-08-02T20:10:11Z</time>
      </trkpt>
      <trkpt lat="44.325885018333793" lon="6.862439978867769">
        <ele>2039</ele>
        <time>2015-08-02T20:10:31Z</time>
      </trkpt>
      <trkpt lat="44.325918965041637" lon="6.862239986658096">
        <ele>2041</ele>
        <time>2015-08-02T20:10:51Z</time>
      </trkpt>
      <trkpt lat="44.325802959501743" lon="6.862150970846415">
        <ele>2022</ele>
        <time>2015-08-02T20:11:11Z</time>
      </trkpt>
      <trkpt lat="44.32581402361393" lon="6.861964976415038">
        <ele>2020</ele>
        <time>2015-08-02T20:11:31Z</time>
      </trkpt>
      <trkpt lat="44.325865991413593" lon="6.861889958381653">
        <ele>2036</ele>
        <time>2015-08-02T20:11:51Z</time>
      </trkpt>
      <trkpt lat="44.325911002233624" lon="6.861654007807374">
        <ele>2026</ele>
        <time>2015-08-02T20:12:11Z</time>
      </trkpt>
      <trkpt lat="44.326002029702067" lon="6.861460972577334">
        <ele>2028</ele>
        <time>2015-08-02T20:12:31Z</time>
      </trkpt>
      <trkpt lat="44.326016027480364" lon="6.861157966777682">
        <ele>2026</ele>
        <time>2015-08-02T20:12:51Z</time>
      </trkpt>
      <trkpt lat="44.326090961694717" lon="6.860886979848146">
        <ele>2024</ele>
        <time>2015-08-02T20:13:11Z</time>
      </trkpt>
      <trkpt lat="44.325993983075023" lon="6.860579028725624">
        <ele>2016</ele>
        <time>2015-08-02T20:13:31Z</time>
      </trkpt>
      <trkpt lat="44.325840007513762" lon="6.860840963199735">
        <ele>2013</ele>
        <time>2015-08-02T20:13:51Z</time>
      </trkpt>
      <trkpt lat="44.325800025835633" lon="6.860538041219115">
        <ele>2000</ele>
        <time>2015-08-02T20:14:11Z</time>
      </trkpt>
      <trkpt lat="44.325634986162186" lon="6.860436033457518">
        <ele>1997</ele>
        <time>2015-08-02T20:14:31Z</time>
      </trkpt>
      <trkpt lat="44.325558040291071" lon="6.860565030947328">
        <ele>1997</ele>
        <time>2015-08-02T20:14:51Z</time>
      </trkpt>
      <trkpt lat="44.325346983969212" lon="6.860210979357362">
        <ele>1991</ele>
        <time>2015-08-02T20:15:11Z</time>
      </trkpt>
      <trkpt lat="44.325098041445017" lon="6.860018027946353">
        <ele>1981</ele>
        <time>2015-08-02T20:15:31Z</time>
      </trkpt>
      <trkpt lat="44.325015982612967" lon="6.860183989629149">
        <ele>1984</ele>
        <time>2015-08-02T20:15:51Z</time>
      </trkpt>
      <trkpt lat="44.324888996779919" lon="6.860156999900937">
        <ele>1970</ele>
        <time>2015-08-02T20:16:11Z</time>
      </trkpt>
      <trkpt lat="44.324826970696449" lon="6.860269987955689">
        <ele>1969</ele>
        <time>2015-08-02T20:16:31Z</time>
      </trkpt>
      <trkpt lat="44.324664026498795" lon="6.860414994880557">
        <ele>1967</ele>
        <time>2015-08-02T20:16:51Z</time>
      </trkpt>
      <trkpt lat="44.324539974331856" lon="6.860298989340663">
        <ele>1964</ele>
        <time>2015-08-02T20:17:11Z</time>
      </trkpt>
      <trkpt lat="44.324234034866095" lon="6.860284991562367">
        <ele>1960</ele>
        <time>2015-08-02T20:17:31Z</time>
      </trkpt>
      <trkpt lat="44.324149964377284" lon="6.860237969085574">
        <ele>1942</ele>
        <time>2015-08-02T20:17:51Z</time>
      </trkpt>
      <trkpt lat="44.324105959385633" lon="6.860411977395415">
        <ele>1940</ele>
        <time>2015-08-02T20:18:11Z</time>
      </trkpt>
      <trkpt lat="44.324173014611006" lon="6.860725963488221">
        <ele>1956</ele>
        <time>2015-08-02T20:18:31Z</time>
      </trkpt>
      <trkpt lat="44.324029013514519" lon="6.860784972086549">
        <ele>1944</ele>
        <time>2015-08-02T20:18:51Z</time>
      </trkpt>
      <trkpt lat="44.323927005752921" lon="6.860585985705257">
        <ele>1938</ele>
        <time>2015-08-02T20:19:11Z</time>
      </trkpt>
      <trkpt lat="44.323721984401345" lon="6.860619010403752">
        <ele>1933</ele>
        <time>2015-08-02T20:19:31Z</time>
      </trkpt>
      <trkpt lat="44.323670016601682" lon="6.860260013490915">
        <ele>1931</ele>
        <time>2015-08-02T20:19:51Z</time>
      </trkpt>
      <trkpt lat="44.323577983304858" lon="6.860897960141301">
        <ele>1933</ele>
        <time>2015-08-02T20:20:11Z</time>
      </trkpt>
      <trkpt lat="44.323188979178667" lon="6.861616959795356">
        <ele>1920</ele>
        <time>2015-08-02T20:20:31Z</time>
      </trkpt>
      <trkpt lat="44.322651028633118" lon="6.861846959218383">
        <ele>1913</ele>
        <time>2015-08-02T20:20:51Z</time>
      </trkpt>
      <trkpt lat="44.322114000096917" lon="6.861717961728573">
        <ele>1897</ele>
        <time>2015-08-02T20:21:11Z</time>
      </trkpt>
      <trkpt lat="44.322029007598758" lon="6.861562980338931">
        <ele>1891</ele>
        <time>2015-08-02T20:21:31Z</time>
      </trkpt>
      <trkpt lat="44.321829015389085" lon="6.861514030024409">
        <ele>1889</ele>
        <time>2015-08-02T20:21:51Z</time>
      </trkpt>
      <trkpt lat="44.322090027853847" lon="6.861073980107904">
        <ele>1887</ele>
        <time>2015-08-02T20:22:11Z</time>
      </trkpt>
      <trkpt lat="44.322280967608094" lon="6.860060021281242">
        <ele>1875</ele>
        <time>2015-08-02T20:22:31Z</time>
      </trkpt>
      <trkpt lat="44.322668965905905" lon="6.859335992485285">
        <ele>1882</ele>
        <time>2015-08-02T20:22:51Z</time>
      </trkpt>
      <trkpt lat="44.322557989507914" lon="6.859191991388798">
        <ele>1873</ele>
        <time>2015-08-02T20:23:11Z</time>
      </trkpt>
      <trkpt lat="44.322292031720281" lon="6.859533973038197">
        <ele>1865</ele>
        <time>2015-08-02T20:23:31Z</time>
      </trkpt>
      <trkpt lat="44.322482971474528" lon="6.858826959505677">
        <ele>1863</ele>
        <time>2015-08-02T20:23:51Z</time>
      </trkpt>
      <trkpt lat="44.322705008089542" lon="6.858300995081663">
        <ele>1873</ele>
        <time>2015-08-02T20:24:11Z</time>
      </trkpt>
      <trkpt lat="44.322819001972675" lon="6.857818029820919">
        <ele>1879</ele>
        <time>2015-08-02T20:24:31Z</time>
      </trkpt>
      <trkpt lat="44.322590008378029" lon="6.857507983222604">
        <ele>1876</ele>
        <time>2015-08-02T20:24:51Z</time>
      </trkpt>
      <trkpt lat="44.322632001712918" lon="6.856525959447026">
        <ele>1885</ele>
        <time>2015-08-02T20:25:11Z</time>
      </trkpt>
      <trkpt lat="44.32252898812294" lon="6.856435015797615">
        <ele>1885</ele>
        <time>2015-08-02T20:25:31Z</time>
      </trkpt>
      <trkpt lat="44.322090027853847" lon="6.856826031580567">
        <ele>1886</ele>
        <time>2015-08-02T20:25:51Z</time>
      </trkpt>
      <trkpt lat="44.321488961577415" lon="6.857100035995245">
        <ele>1899</ele>
        <time>2015-08-02T20:26:11Z</time>
      </trkpt>
      <trkpt lat="44.320749007165432" lon="6.857624994590879">
        <ele>1903</ele>
        <time>2015-08-02T20:26:31Z</time>
      </trkpt>
      <trkpt lat="44.320347011089325" lon="6.857721973210573">
        <ele>1908</ele>
        <time>2015-08-02T20:26:51Z</time>
      </trkpt>
      <trkpt lat="44.320010980591178" lon="6.858193036168814">
        <ele>1905</ele>
        <time>2015-08-02T20:27:11Z</time>
      </trkpt>
      <trkpt lat="44.319737982004881" lon="6.858354974538088">
        <ele>1902</ele>
        <time>2015-08-02T20:27:31Z</time>
      </trkpt>
      <trkpt lat="44.319129036739469" lon="6.85829596593976">
        <ele>1924</ele>
        <time>2015-08-02T20:27:51Z</time>
      </trkpt>
      <trkpt lat="44.318996015936136" lon="6.858452036976814">
        <ele>1918</ele>
        <time>2015-08-02T20:28:11Z</time>
      </trkpt>
      <trkpt lat="44.319042032584548" lon="6.859073974192143">
        <ele>1904</ele>
        <time>2015-08-02T20:28:31Z</time>
      </trkpt>
      <trkpt lat="44.318798035383224" lon="6.859138011932373">
        <ele>1912</ele>
        <time>2015-08-02T20:28:51Z</time>
      </trkpt>
      <trkpt lat="44.318427974358201" lon="6.858913041651249">
        <ele>1919</ele>
        <time>2015-08-02T20:29:11Z</time>
      </trkpt>
      <trkpt lat="44.318035030737519" lon="6.859502959996462">
        <ele>1918</ele>
        <time>2015-08-02T20:29:31Z</time>
      </trkpt>
      <trkpt lat="44.317745016887784" lon="6.859679985791445">
        <ele>1918</ele>
        <time>2015-08-02T20:29:51Z</time>
      </trkpt>
      <trkpt lat="44.31750101968646" lon="6.859920965507627">
        <ele>1917</ele>
        <time>2015-08-02T20:30:11Z</time>
      </trkpt>
      <trkpt lat="44.316971031948924" lon="6.859545959159732">
        <ele>1933</ele>
        <time>2015-08-02T20:30:31Z</time>
      </trkpt>
      <trkpt lat="44.316151030361652" lon="6.859609996899962">
        <ele>1942</ele>
        <time>2015-08-02T20:30:51Z</time>
      </trkpt>
      <trkpt lat="44.315635962411761" lon="6.859330963343382">
        <ele>1952</ele>
        <time>2015-08-02T20:31:11Z</time>
      </trkpt>
      <trkpt lat="44.315318958833814" lon="6.859267009422183">
        <ele>1953</ele>
        <time>2015-08-02T20:31:31Z</time>
      </trkpt>
      <trkpt lat="44.314852003008127" lon="6.858838023617864">
        <ele>1973</ele>
        <time>2015-08-02T20:31:51Z</time>
      </trkpt>
      <trkpt lat="44.31464203633368" lon="6.85842496342957">
        <ele>1977</ele>
        <time>2015-08-02T20:32:11Z</time>
      </trkpt>
      <trkpt lat="44.314354034140706" lon="6.858087005093694">
        <ele>1987</ele>
        <time>2015-08-02T20:32:31Z</time>
      </trkpt>
      <trkpt lat="44.314347999170423" lon="6.858913041651249">
        <ele>1980</ele>
        <time>2015-08-02T20:32:51Z</time>
      </trkpt>
      <trkpt lat="44.314533993601799" lon="6.860147025436163">
        <ele>1989</ele>
        <time>2015-08-02T20:33:11Z</time>
      </trkpt>
      <trkpt lat="44.314507003873587" lon="6.860596965998411">
        <ele>1991</ele>
        <time>2015-08-02T20:33:31Z</time>
      </trkpt>
      <trkpt lat="44.314582021906972" lon="6.861412022262812">
        <ele>1999</ele>
        <time>2015-08-02T20:33:51Z</time>
      </trkpt>
      <trkpt lat="44.314876981079578" lon="6.861831033602357">
        <ele>1999</ele>
        <time>2015-08-02T20:34:11Z</time>
      </trkpt>
      <trkpt lat="44.314778996631503" lon="6.862348029389978">
        <ele>2005</ele>
        <time>2015-08-02T20:34:31Z</time>
      </trkpt>
      <trkpt lat="44.314761981368065" lon="6.863203989341855">
        <ele>2016</ele>
        <time>2015-08-02T20:34:51Z</time>
      </trkpt>
      <trkpt lat="44.314928026869893" lon="6.86338403262198">
        <ele>2013</ele>
        <time>2015-08-02T20:35:11Z</time>
      </trkpt>
      <trkpt lat="44.315108992159367" lon="6.863863980397582">
        <ele>2011</ele>
        <time>2015-08-02T20:35:31Z</time>
      </trkpt>
      <trkpt lat="44.315406968817115" lon="6.863917037844658">
        <ele>2008</ele>
        <time>2015-08-02T20:35:51Z</time>
      </trkpt>
      <trkpt lat="44.315482992678881" lon="6.86458800919354">
        <ele>2023</ele>
        <time>2015-08-02T20:36:11Z</time>
      </trkpt>
      <trkpt lat="44.315499002113938" lon="6.865465007722378">
        <ele>2032</ele>
        <time>2015-08-02T20:36:31Z</time>
      </trkpt>
      <trkpt lat="44.315379979088902" lon="6.865950990468264">
        <ele>2036</ele>
        <time>2015-08-02T20:36:51Z</time>
      </trkpt>
      <trkpt lat="44.315253999084234" lon="6.865613032132387">
        <ele>2037</ele>
        <time>2015-08-02T20:37:11Z</time>
      </trkpt>
      <trkpt lat="44.31513698771596" lon="6.865950990468264">
        <ele>2043</ele>
        <time>2015-08-02T20:37:31Z</time>
      </trkpt>
      <trkpt lat="44.315135981887579" lon="6.865538014099002">
        <ele>2038</ele>
        <time>2015-08-02T20:37:51Z</time>
      </trkpt>
      <trkpt lat="44.314910005778074" lon="6.864866958931088">
        <ele>2045</ele>
        <time>2015-08-02T20:38:11Z</time>
      </trkpt>
      <trkpt lat="44.314715964719653" lon="6.865138029679656">
        <ele>2056</ele>
        <time>2015-08-02T20:38:31Z</time>
      </trkpt>
      <trkpt lat="44.31457900442183" lon="6.865624012425542">
        <ele>2061</ele>
        <time>2015-08-02T20:38:51Z</time>
      </trkpt>
      <trkpt lat="44.314544973894954" lon="6.866300012916327">
        <ele>2068</ele>
        <time>2015-08-02T20:39:11Z</time>
      </trkpt>
      <trkpt lat="44.314133003354073" lon="6.866811979562044">
        <ele>2092</ele>
        <time>2015-08-02T20:39:31Z</time>
      </trkpt>
      <trkpt lat="44.314037030562758" lon="6.867061005905271">
        <ele>2096</ele>
        <time>2015-08-02T20:39:51Z</time>
      </trkpt>
      <trkpt lat="44.313910966739058" lon="6.866923961788416">
        <ele>2098</ele>
        <time>2015-08-02T20:40:11Z</time>
      </trkpt>
      <trkpt lat="44.31389001198113" lon="6.867230990901589">
        <ele>2098</ele>
        <time>2015-08-02T20:40:31Z</time>
      </trkpt>
      <trkpt lat="44.313738970085979" lon="6.867063017562032">
        <ele>2101</ele>
        <time>2015-08-02T20:40:51Z</time>
      </trkpt>
      <trkpt lat="44.313721032813191" lon="6.867374991998076">
        <ele>2102</ele>
        <time>2015-08-02T20:41:11Z</time>
      </trkpt>
      <trkpt lat="44.31350402534008" lon="6.867391001433134">
        <ele>2109</ele>
        <time>2015-08-02T20:41:31Z</time>
      </trkpt>
      <trkpt lat="44.313404029235244" lon="6.867716973647475">
        <ele>2106</ele>
        <time>2015-08-02T20:41:51Z</time>
      </trkpt>
      <trkpt lat="44.313185010105371" lon="6.867995001375675">
        <ele>2115</ele>
        <time>2015-08-02T20:42:11Z</time>
      </trkpt>
      <trkpt lat="44.313109992071986" lon="6.867909003049135">
        <ele>2117</ele>
        <time>2015-08-02T20:42:31Z</time>
      </trkpt>
      <trkpt lat="44.312878986820579" lon="6.868018973618746">
        <ele>2117</ele>
        <time>2015-08-02T20:42:51Z</time>
      </trkpt>
      <trkpt lat="44.312134003266692" lon="6.868235981091857">
        <ele>2115</ele>
        <time>2015-08-02T20:43:11Z</time>
      </trkpt>
      <trkpt lat="44.311423972249031" lon="6.867414973676205">
        <ele>2129</ele>
        <time>2015-08-02T20:43:31Z</time>
      </trkpt>
      <trkpt lat="44.31111803278327" lon="6.867227973416448">
        <ele>2129</ele>
        <time>2015-08-02T20:43:51Z</time>
      </trkpt>
      <trkpt lat="44.310799017548561" lon="6.867222022265196">
        <ele>2125</ele>
        <time>2015-08-02T20:44:11Z</time>
      </trkpt>
      <trkpt lat="44.310661973431706" lon="6.867104005068541">
        <ele>2126</ele>
        <time>2015-08-02T20:44:31Z</time>
      </trkpt>
      <trkpt lat="44.310587039217353" lon="6.866899989545345">
        <ele>2128</ele>
        <time>2015-08-02T20:44:51Z</time>
      </trkpt>
      <trkpt lat="44.310443038120866" lon="6.866800999268889">
        <ele>2129</ele>
        <time>2015-08-02T20:45:11Z</time>
      </trkpt>
      <trkpt lat="44.310244973748922" lon="6.866540992632508">
        <ele>2146</ele>
        <time>2015-08-02T20:45:31Z</time>
      </trkpt>
      <trkpt lat="44.309945991262794" lon="6.866530012339354">
        <ele>2144</ele>
        <time>2015-08-02T20:45:51Z</time>
      </trkpt>
      <trkpt lat="44.309548018500209" lon="6.866701003164053">
        <ele>2136</ele>
        <time>2015-08-02T20:46:11Z</time>
      </trkpt>
      <trkpt lat="44.309250041842461" lon="6.867110040038824">
        <ele>2136</ele>
        <time>2015-08-02T20:46:31Z</time>
      </trkpt>
      <trkpt lat="44.308701027184725" lon="6.867335010319948">
        <ele>2148</ele>
        <time>2015-08-02T20:46:51Z</time>
      </trkpt>
      <trkpt lat="44.308646963909268" lon="6.867613960057497">
        <ele>2139</ele>
        <time>2015-08-02T20:47:11Z</time>
      </trkpt>
      <trkpt lat="44.308230970054865" lon="6.867414973676205">
        <ele>2155</ele>
        <time>2015-08-02T20:47:31Z</time>
      </trkpt>
      <trkpt lat="44.307776000350714" lon="6.867367029190064">
        <ele>2163</ele>
        <time>2015-08-02T20:47:51Z</time>
      </trkpt>
      <trkpt lat="44.30746897123754" lon="6.867457972839475">
        <ele>2166</ele>
        <time>2015-08-02T20:48:11Z</time>
      </trkpt>
      <trkpt lat="44.30729303508997" lon="6.867593005299568">
        <ele>2168</ele>
        <time>2015-08-02T20:48:31Z</time>
      </trkpt>
      <trkpt lat="44.307097988203168" lon="6.868040012195706">
        <ele>2169</ele>
        <time>2015-08-02T20:48:51Z</time>
      </trkpt>
      <trkpt lat="44.306915011256933" lon="6.868359027430415">
        <ele>2169</ele>
        <time>2015-08-02T20:49:11Z</time>
      </trkpt>
      <trkpt lat="44.306733962148428" lon="6.869099987670779">
        <ele>2174</ele>
        <time>2015-08-02T20:49:31Z</time>
      </trkpt>
      <trkpt lat="44.306469010189176" lon="6.869915965944529">
        <ele>2193</ele>
        <time>2015-08-02T20:49:51Z</time>
      </trkpt>
      <trkpt lat="44.306511003524065" lon="6.870306981727481">
        <ele>2192</ele>
        <time>2015-08-02T20:50:11Z</time>
      </trkpt>
      <trkpt lat="44.306189976632595" lon="6.871497966349125">
        <ele>2196</ele>
        <time>2015-08-02T20:50:31Z</time>
      </trkpt>
      <trkpt lat="44.30579099804163" lon="6.87230296432972">
        <ele>2217</ele>
        <time>2015-08-02T20:50:51Z</time>
      </trkpt>
      <trkpt lat="44.305673986673355" lon="6.873064041137695">
        <ele>2218</ele>
        <time>2015-08-02T20:51:11Z</time>
      </trkpt>
      <trkpt lat="44.305566027760506" lon="6.873471988365054">
        <ele>2225</ele>
        <time>2015-08-02T20:51:31Z</time>
      </trkpt>
      <trkpt lat="44.305461002513766" lon="6.873208964243531">
        <ele>2222</ele>
        <time>2015-08-02T20:51:51Z</time>
      </trkpt>
      <trkpt lat="44.305385984480381" lon="6.873665023595095">
        <ele>2232</ele>
        <time>2015-08-02T20:52:11Z</time>
      </trkpt>
      <trkpt lat="44.305252963677049" lon="6.873521022498608">
        <ele>2233</ele>
        <time>2015-08-02T20:52:31Z</time>
      </trkpt>
      <trkpt lat="44.305166965350509" lon="6.87359101139009">
        <ele>2234</ele>
        <time>2015-08-02T20:52:51Z</time>
      </trkpt>
      <trkpt lat="44.304725993424654" lon="6.873559998348355">
        <ele>2238</ele>
        <time>2015-08-02T20:53:11Z</time>
      </trkpt>
      <trkpt lat="44.304548967629671" lon="6.873712968081236">
        <ele>2238</ele>
        <time>2015-08-02T20:53:31Z</time>
      </trkpt>
      <trkpt lat="44.304420975968242" lon="6.873509036377072">
        <ele>2237</ele>
        <time>2015-08-02T20:53:51Z</time>
      </trkpt>
      <trkpt lat="44.304056027904153" lon="6.873552035540342">
        <ele>2222</ele>
        <time>2015-08-02T20:54:11Z</time>
      </trkpt>
      <trkpt lat="44.303931975737214" lon="6.873396970331669">
        <ele>2221</ele>
        <time>2015-08-02T20:54:31Z</time>
      </trkpt>
      <trkpt lat="44.303795015439391" lon="6.873873984441161">
        <ele>2215</ele>
        <time>2015-08-02T20:54:51Z</time>
      </trkpt>
      <trkpt lat="44.303713962435722" lon="6.873755967244506">
        <ele>2213</ele>
        <time>2015-08-02T20:55:11Z</time>
      </trkpt>
      <trkpt lat="44.303585970774293" lon="6.873879013583064">
        <ele>2210</ele>
        <time>2015-08-02T20:55:31Z</time>
      </trkpt>
      <trkpt lat="44.303495027124882" lon="6.873777005821466">
        <ele>2209</ele>
        <time>2015-08-02T20:55:51Z</time>
      </trkpt>
      <trkpt lat="44.303425038233399" lon="6.873974986374378">
        <ele>2204</ele>
        <time>2015-08-02T20:56:11Z</time>
      </trkpt>
      <trkpt lat="44.303294029086828" lon="6.873861998319626">
        <ele>2186</ele>
        <time>2015-08-02T20:56:31Z</time>
      </trkpt>
      <trkpt lat="44.303220016881824" lon="6.874050004407764">
        <ele>2186</ele>
        <time>2015-08-02T20:56:51Z</time>
      </trkpt>
      <trkpt lat="44.302944000810385" lon="6.874101972207427">
        <ele>2179</ele>
        <time>2015-08-02T20:57:11Z</time>
      </trkpt>
      <trkpt lat="44.303074004128575" lon="6.874334989115596">
        <ele>2174</ele>
        <time>2015-08-02T20:57:31Z</time>
      </trkpt>
      <trkpt lat="44.302687011659145" lon="6.874198028817773">
        <ele>2163</ele>
        <time>2015-08-02T20:57:51Z</time>
      </trkpt>
      <trkpt lat="44.302747026085854" lon="6.874432973563671">
        <ele>2165</ele>
        <time>2015-08-02T20:58:11Z</time>
      </trkpt>
      <trkpt lat="44.302495988085866" lon="6.874440014362335">
        <ele>2139</ele>
        <time>2015-08-02T20:58:31Z</time>
      </trkpt>
      <trkpt lat="44.302315022796392" lon="6.874565994367003">
        <ele>2134</ele>
        <time>2015-08-02T20:58:51Z</time>
      </trkpt>
      <trkpt lat="44.302252996712923" lon="6.875075027346611">
        <ele>2127</ele>
        <time>2015-08-02T20:59:11Z</time>
      </trkpt>
      <trkpt lat="44.302089968696237" lon="6.875376021489501">
        <ele>2120</ele>
        <time>2015-08-02T20:59:31Z</time>
      </trkpt>
      <trkpt lat="44.301842032000422" lon="6.875428995117545">
        <ele>2114</ele>
        <time>2015-08-02T20:59:51Z</time>
      </trkpt>
      <trkpt lat="44.301578002050519" lon="6.875796960666776">
        <ele>2089</ele>
        <time>2015-08-02T21:00:11Z</time>
      </trkpt>
      <trkpt lat="44.301335010677576" lon="6.87627699226141">
        <ele>2083</ele>
        <time>2015-08-02T21:00:31Z</time>
      </trkpt>
      <trkpt lat="44.301262004300952" lon="6.876658033579588">
        <ele>2084</ele>
        <time>2015-08-02T21:00:51Z</time>
      </trkpt>
      <trkpt lat="44.301136024296284" lon="6.876766998320818">
        <ele>2090</ele>
        <time>2015-08-02T21:01:11Z</time>
      </trkpt>
      <trkpt lat="44.301070980727673" lon="6.876929020509124">
        <ele>2090</ele>
        <time>2015-08-02T21:01:31Z</time>
      </trkpt>
      <trkpt lat="44.300780966877937" lon="6.877339985221624">
        <ele>2067</ele>
        <time>2015-08-02T21:01:51Z</time>
      </trkpt>
      <trkpt lat="44.300638977438211" lon="6.877993019297719">
        <ele>2064</ele>
        <time>2015-08-02T21:02:11Z</time>
      </trkpt>
      <trkpt lat="44.300625985488296" lon="6.878257971256971">
        <ele>2068</ele>
        <time>2015-08-02T21:02:31Z</time>
      </trkpt>
      <trkpt lat="44.300582986325026" lon="6.878523007035255">
        <ele>2066</ele>
        <time>2015-08-02T21:02:51Z</time>
      </trkpt>
      <trkpt lat="44.300588015466928" lon="6.878763986751437">
        <ele>2066</ele>
        <time>2015-08-02T21:03:11Z</time>
      </trkpt>
      <trkpt lat="44.300497993826866" lon="6.879013013094664">
        <ele>2065</ele>
        <time>2015-08-02T21:03:31Z</time>
      </trkpt>
      <trkpt lat="44.300575023517013" lon="6.879323981702328">
        <ele>2075</ele>
        <time>2015-08-02T21:03:51Z</time>
      </trkpt>
      <trkpt lat="44.30024997331202" lon="6.87941400334239">
        <ele>2066</ele>
        <time>2015-08-02T21:04:11Z</time>
      </trkpt>
      <trkpt lat="44.299997007474303" lon="6.87936999835074">
        <ele>2044</ele>
        <time>2015-08-02T21:04:31Z</time>
      </trkpt>
      <trkpt lat="44.299514964222908" lon="6.879431018605828">
        <ele>2040</ele>
        <time>2015-08-02T21:04:51Z</time>
      </trkpt>
      <trkpt lat="44.299162002280354" lon="6.8792840000242">
        <ele>2017</ele>
        <time>2015-08-02T21:05:11Z</time>
      </trkpt>
      <trkpt lat="44.298827983438969" lon="6.879228008911014">
        <ele>2014</ele>
        <time>2015-08-02T21:05:31Z</time>
      </trkpt>
      <trkpt lat="44.298588009551167" lon="6.879400005564094">
        <ele>2011</ele>
        <time>2015-08-02T21:05:51Z</time>
      </trkpt>
      <trkpt lat="44.298393968492746" lon="6.879640985280275">
        <ele>2013</ele>
        <time>2015-08-02T21:06:11Z</time>
      </trkpt>
      <trkpt lat="44.297984009608626" lon="6.879995036870241">
        <ele>1988</ele>
        <time>2015-08-02T21:06:31Z</time>
      </trkpt>
      <trkpt lat="44.297768007963896" lon="6.880064019933343">
        <ele>1989</ele>
        <time>2015-08-02T21:06:51Z</time>
      </trkpt>
      <trkpt lat="44.297722997143865" lon="6.88023098744452">
        <ele>1990</ele>
        <time>2015-08-02T21:07:11Z</time>
      </trkpt>
      <trkpt lat="44.297609003260732" lon="6.880418993532658">
        <ele>1990</ele>
        <time>2015-08-02T21:07:31Z</time>
      </trkpt>
      <trkpt lat="44.297558041289449" lon="6.880600964650512">
        <ele>1989</ele>
        <time>2015-08-02T21:07:51Z</time>
      </trkpt>
      <trkpt lat="44.297431977465749" lon="6.88098200596869">
        <ele>1972</ele>
        <time>2015-08-02T21:08:11Z</time>
      </trkpt>
      <trkpt lat="44.297462990507483" lon="6.881502019241452">
        <ele>1980</ele>
        <time>2015-08-02T21:08:31Z</time>
      </trkpt>
      <trkpt lat="44.297398030757904" lon="6.882004011422396">
        <ele>1988</ele>
        <time>2015-08-02T21:08:51Z</time>
      </trkpt>
      <trkpt lat="44.297409011051059" lon="6.882413970306516">
        <ele>1996</ele>
        <time>2015-08-02T21:09:11Z</time>
      </trkpt>
      <trkpt lat="44.297330975532532" lon="6.882440960034728">
        <ele>1994</ele>
        <time>2015-08-02T21:09:31Z</time>
      </trkpt>
      <trkpt lat="44.296891009435058" lon="6.882280027493835">
        <ele>1984</ele>
        <time>2015-08-02T21:09:51Z</time>
      </trkpt>
      <trkpt lat="44.296512985602021" lon="6.882633995264769">
        <ele>1981</ele>
        <time>2015-08-02T21:10:11Z</time>
      </trkpt>
      <trkpt lat="44.296291032806039" lon="6.88300397247076">
        <ele>1982</ele>
        <time>2015-08-02T21:10:31Z</time>
      </trkpt>
      <trkpt lat="44.296165974810719" lon="6.883537983521819">
        <ele>2001</ele>
        <time>2015-08-02T21:10:51Z</time>
      </trkpt>
      <trkpt lat="44.296006970107555" lon="6.883765971288085">
        <ele>2001</ele>
        <time>2015-08-02T21:11:11Z</time>
      </trkpt>
      <trkpt lat="44.29528696462512" lon="6.884296964854002">
        <ele>1982</ele>
        <time>2015-08-02T21:11:31Z</time>
      </trkpt>
      <trkpt lat="44.295667000114918" lon="6.88334402628243">
        <ele>1972</ele>
        <time>2015-08-02T21:11:51Z</time>
      </trkpt>
      <trkpt lat="44.295531967654824" lon="6.883412003517151">
        <ele>1967</ele>
        <time>2015-08-02T21:12:11Z</time>
      </trkpt>
      <trkpt lat="44.294892009347677" lon="6.884022960439324">
        <ele>1938</ele>
        <time>2015-08-02T21:12:31Z</time>
      </trkpt>
      <trkpt lat="44.294808022677898" lon="6.884302999824286">
        <ele>1951</ele>
        <time>2015-08-02T21:12:51Z</time>
      </trkpt>
      <trkpt lat="44.294563019648194" lon="6.88469996675849">
        <ele>1949</ele>
        <time>2015-08-02T21:13:11Z</time>
      </trkpt>
      <trkpt lat="44.294005958363414" lon="6.885144961997867">
        <ele>1931</ele>
        <time>2015-08-02T21:13:31Z</time>
      </trkpt>
      <trkpt lat="44.2939099855721" lon="6.885111015290022">
        <ele>1929</ele>
        <time>2015-08-02T21:13:51Z</time>
      </trkpt>
      <trkpt lat="44.293775958940387" lon="6.885196007788181">
        <ele>1925</ele>
        <time>2015-08-02T21:14:11Z</time>
      </trkpt>
      <trkpt lat="44.29354595951736" lon="6.88523598946631">
        <ele>1918</ele>
        <time>2015-08-02T21:14:31Z</time>
      </trkpt>
      <trkpt lat="44.293246977031231" lon="6.885380996391177">
        <ele>1895</ele>
        <time>2015-08-02T21:14:51Z</time>
      </trkpt>
      <trkpt lat="44.293291987851262" lon="6.885271025821567">
        <ele>1894</ele>
        <time>2015-08-02T21:15:11Z</time>
      </trkpt>
      <trkpt lat="44.29315997287631" lon="6.885290974751115">
        <ele>1893</ele>
        <time>2015-08-02T21:15:31Z</time>
      </trkpt>
      <trkpt lat="44.293252006173134" lon="6.88514999113977">
        <ele>1893</ele>
        <time>2015-08-02T21:15:51Z</time>
      </trkpt>
      <trkpt lat="44.293139018118382" lon="6.885110009461641">
        <ele>1892</ele>
        <time>2015-08-02T21:16:11Z</time>
      </trkpt>
      <trkpt lat="44.292917987331748" lon="6.88519299030304">
        <ele>1888</ele>
        <time>2015-08-02T21:16:31Z</time>
      </trkpt>
      <trkpt lat="44.292653035372496" lon="6.885129036381841">
        <ele>1879</ele>
        <time>2015-08-02T21:16:51Z</time>
      </trkpt>
      <trkpt lat="44.292281968519092" lon="6.885091988369823">
        <ele>1859</ele>
        <time>2015-08-02T21:17:11Z</time>
      </trkpt>
      <trkpt lat="44.292740039527416" lon="6.884790994226933">
        <ele>1863</ele>
        <time>2015-08-02T21:17:31Z</time>
      </trkpt>
      <trkpt lat="44.293160978704691" lon="6.884339964017272">
        <ele>1861</ele>
        <time>2015-08-02T21:17:51Z</time>
      </trkpt>
      <trkpt lat="44.293325012549758" lon="6.88405598513782">
        <ele>1849</ele>
        <time>2015-08-02T21:18:11Z</time>
      </trkpt>
      <trkpt lat="44.293516036123037" lon="6.883829003199935">
        <ele>1862</ele>
        <time>2015-08-02T21:18:31Z</time>
      </trkpt>
      <trkpt lat="44.293649978935719" lon="6.883601015433669">
        <ele>1860</ele>
        <time>2015-08-02T21:18:51Z</time>
      </trkpt>
      <trkpt lat="44.293752992525697" lon="6.883533038198948">
        <ele>1863</ele>
        <time>2015-08-02T21:19:11Z</time>
      </trkpt>
      <trkpt lat="44.293818958103657" lon="6.883352994918823">
        <ele>1863</ele>
        <time>2015-08-02T21:19:31Z</time>
      </trkpt>
      <trkpt lat="44.293822981417179" lon="6.882526958361268">
        <ele>1835</ele>
        <time>2015-08-02T21:19:51Z</time>
      </trkpt>
      <trkpt lat="44.294097991660237" lon="6.881663035601378">
        <ele>1808</ele>
        <time>2015-08-02T21:20:11Z</time>
      </trkpt>
      <trkpt lat="44.294265964999795" lon="6.881577037274838">
        <ele>1821</ele>
        <time>2015-08-02T21:20:31Z</time>
      </trkpt>
      <trkpt lat="44.294093968346715" lon="6.88117696903646">
        <ele>1787</ele>
        <time>2015-08-02T21:20:51Z</time>
      </trkpt>
      <trkpt lat="44.29408298805356" lon="6.880836999043822">
        <ele>1785</ele>
        <time>2015-08-02T21:21:11Z</time>
      </trkpt>
      <trkpt lat="44.294186001643538" lon="6.880612028762698">
        <ele>1793</ele>
        <time>2015-08-02T21:21:31Z</time>
      </trkpt>
      <trkpt lat="44.294181978330016" lon="6.880386974662542">
        <ele>1791</ele>
        <time>2015-08-02T21:21:51Z</time>
      </trkpt>
      <trkpt lat="44.29449001327157" lon="6.880289996042848">
        <ele>1797</ele>
        <time>2015-08-02T21:22:11Z</time>
      </trkpt>
      <trkpt lat="44.294609036296606" lon="6.880032001063228">
        <ele>1801</ele>
        <time>2015-08-02T21:22:31Z</time>
      </trkpt>
      <trkpt lat="44.294462017714977" lon="6.879759002476931">
        <ele>1785</ele>
        <time>2015-08-02T21:22:51Z</time>
      </trkpt>
      <trkpt lat="44.294429998844862" lon="6.87939397059381">
        <ele>1781</ele>
        <time>2015-08-02T21:23:11Z</time>
      </trkpt>
      <trkpt lat="44.294265964999795" lon="6.87913597561419">
        <ele>1761</ele>
        <time>2015-08-02T21:23:31Z</time>
      </trkpt>
      <trkpt lat="44.294121963903308" lon="6.878948975354433">
        <ele>1738</ele>
        <time>2015-08-02T21:23:51Z</time>
      </trkpt>
      <trkpt lat="44.294093968346715" lon="6.878776978701353">
        <ele>1733</ele>
        <time>2015-08-02T21:24:11Z</time>
      </trkpt>
      <trkpt lat="44.294505016878247" lon="6.878251014277339">
        <ele>1756</ele>
        <time>2015-08-02T21:24:31Z</time>
      </trkpt>
      <trkpt lat="44.294630996882915" lon="6.878170967102051">
        <ele>1761</ele>
        <time>2015-08-02T21:24:51Z</time>
      </trkpt>
      <trkpt lat="44.294675001874566" lon="6.877863015979528">
        <ele>1759</ele>
        <time>2015-08-02T21:25:11Z</time>
      </trkpt>
      <trkpt lat="44.29476804099977" lon="6.877713985741139">
        <ele>1759</ele>
        <time>2015-08-02T21:25:31Z</time>
      </trkpt>
      <trkpt lat="44.29474700242281" lon="6.877579959109426">
        <ele>1758</ele>
        <time>2015-08-02T21:25:51Z</time>
      </trkpt>
      <trkpt lat="44.294814979657531" lon="6.877404022961855">
        <ele>1759</ele>
        <time>2015-08-02T21:26:11Z</time>
      </trkpt>
      <trkpt lat="44.294792013242841" lon="6.877067992463708">
        <ele>1759</ele>
        <time>2015-08-02T21:26:31Z</time>
      </trkpt>
      <trkpt lat="44.29472797550261" lon="6.876909993588924">
        <ele>1760</ele>
        <time>2015-08-02T21:26:51Z</time>
      </trkpt>
      <trkpt lat="44.294570982456207" lon="6.877124989405274">
        <ele>1757</ele>
        <time>2015-08-02T21:27:11Z</time>
      </trkpt>
      <trkpt lat="44.293964970856905" lon="6.877576019614935">
        <ele>1735</ele>
        <time>2015-08-02T21:27:31Z</time>
      </trkpt>
      <trkpt lat="44.29363296367228" lon="6.877691019326448">
        <ele>1733</ele>
        <time>2015-08-02T21:27:51Z</time>
      </trkpt>
      <trkpt lat="44.293152010068297" lon="6.877638967707753">
        <ele>1728</ele>
        <time>2015-08-02T21:28:11Z</time>
      </trkpt>
      <trkpt lat="44.292923016473651" lon="6.877912972122431">
        <ele>1719</ele>
        <time>2015-08-02T21:28:31Z</time>
      </trkpt>
      <trkpt lat="44.29257801733911" lon="6.877892017364502">
        <ele>1718</ele>
        <time>2015-08-02T21:28:51Z</time>
      </trkpt>
      <trkpt lat="44.292243998497725" lon="6.877757990732789">
        <ele>1712</ele>
        <time>2015-08-02T21:29:11Z</time>
      </trkpt>
      <trkpt lat="44.29182699881494" lon="6.877942979335785">
        <ele>1705</ele>
        <time>2015-08-02T21:29:31Z</time>
      </trkpt>
      <trkpt lat="44.291618037968874" lon="6.877955971285701">
        <ele>1693</ele>
        <time>2015-08-02T21:29:51Z</time>
      </trkpt>
      <trkpt lat="44.291434977203608" lon="6.87771700322628">
        <ele>1696</ele>
        <time>2015-08-02T21:30:11Z</time>
      </trkpt>
      <trkpt lat="44.291158961132169" lon="6.87747904099524">
        <ele>1708</ele>
        <time>2015-08-02T21:30:31Z</time>
      </trkpt>
      <trkpt lat="44.290970033034682" lon="6.877183998003602">
        <ele>1709</ele>
        <time>2015-08-02T21:30:51Z</time>
      </trkpt>
      <trkpt lat="44.290655041113496" lon="6.877105962485075">
        <ele>1692</ele>
        <time>2015-08-02T21:31:11Z</time>
      </trkpt>
      <trkpt lat="44.290110971778631" lon="6.876780996099114">
        <ele>1688</ele>
        <time>2015-08-02T21:31:31Z</time>
      </trkpt>
      <trkpt lat="44.289923971518874" lon="6.876309011131525">
        <ele>1680</ele>
        <time>2015-08-02T21:31:51Z</time>
      </trkpt>
      <trkpt lat="44.289465984329581" lon="6.875883964821696">
        <ele>1673</ele>
        <time>2015-08-02T21:32:11Z</time>
      </trkpt>
      <trkpt lat="44.289160966873169" lon="6.875442992895842">
        <ele>1662</ele>
        <time>2015-08-02T21:32:31Z</time>
      </trkpt>
      <trkpt lat="44.288470968604088" lon="6.874835975468159">
        <ele>1672</ele>
        <time>2015-08-02T21:32:51Z</time>
      </trkpt>
      <trkpt lat="44.288283968344331" lon="6.874757017940283">
        <ele>1650</ele>
        <time>2015-08-02T21:33:11Z</time>
      </trkpt>
      <trkpt lat="44.28817399777472" lon="6.874560965225101">
        <ele>1655</ele>
        <time>2015-08-02T21:33:31Z</time>
      </trkpt>
      <trkpt lat="44.287585001438856" lon="6.874276986345649">
        <ele>1645</ele>
        <time>2015-08-02T21:33:51Z</time>
      </trkpt>
      <trkpt lat="44.287502020597458" lon="6.874067019671202">
        <ele>1656</ele>
        <time>2015-08-02T21:34:11Z</time>
      </trkpt>
      <trkpt lat="44.287392972037196" lon="6.874011028558016">
        <ele>1635</ele>
        <time>2015-08-02T21:34:31Z</time>
      </trkpt>
      <trkpt lat="44.287331029772758" lon="6.873744986951351">
        <ele>1635</ele>
        <time>2015-08-02T21:34:51Z</time>
      </trkpt>
      <trkpt lat="44.286988964304328" lon="6.873219022527337">
        <ele>1632</ele>
        <time>2015-08-02T21:35:11Z</time>
      </trkpt>
      <trkpt lat="44.286958035081625" lon="6.873418008908629">
        <ele>1624</ele>
        <time>2015-08-02T21:35:31Z</time>
      </trkpt>
      <trkpt lat="44.286858038976789" lon="6.873165965080261">
        <ele>1626</ele>
        <time>2015-08-02T21:35:51Z</time>
      </trkpt>
      <trkpt lat="44.286788972094655" lon="6.872745025902987">
        <ele>1625</ele>
        <time>2015-08-02T21:36:11Z</time>
      </trkpt>
      <trkpt lat="44.28664798848331" lon="6.872270023450255">
        <ele>1594</ele>
        <time>2015-08-02T21:36:31Z</time>
      </trkpt>
      <trkpt lat="44.286751002073288" lon="6.871819999068975">
        <ele>1615</ele>
        <time>2015-08-02T21:36:51Z</time>
      </trkpt>
      <trkpt lat="44.28671102039516" lon="6.871133018285036">
        <ele>1613</ele>
        <time>2015-08-02T21:37:11Z</time>
      </trkpt>
      <trkpt lat="44.286395022645593" lon="6.870826995000243">
        <ele>1591</ele>
        <time>2015-08-02T21:37:31Z</time>
      </trkpt>
      <trkpt lat="44.285888001322746" lon="6.870638988912106">
        <ele>1582</ele>
        <time>2015-08-02T21:37:51Z</time>
      </trkpt>
      <trkpt lat="44.285607039928436" lon="6.87077896669507">
        <ele>1562</ele>
        <time>2015-08-02T21:38:11Z</time>
      </trkpt>
      <trkpt lat="44.285506960004568" lon="6.870660027489066">
        <ele>1559</ele>
        <time>2015-08-02T21:38:31Z</time>
      </trkpt>
      <trkpt lat="44.285215018317103" lon="6.870471015572548">
        <ele>1552</ele>
        <time>2015-08-02T21:38:51Z</time>
      </trkpt>
      <trkpt lat="44.285164978355169" lon="6.870578974485397">
        <ele>1550</ele>
        <time>2015-08-02T21:39:11Z</time>
      </trkpt>
      <trkpt lat="44.284980995580554" lon="6.870279991999269">
        <ele>1525</ele>
        <time>2015-08-02T21:39:31Z</time>
      </trkpt>
      <trkpt lat="44.284995999187231" lon="6.869844971224666">
        <ele>1528</ele>
        <time>2015-08-02T21:39:51Z</time>
      </trkpt>
      <trkpt lat="44.285236978903413" lon="6.869239965453744">
        <ele>1543</ele>
        <time>2015-08-02T21:40:11Z</time>
      </trkpt>
      <trkpt lat="44.28516699001193" lon="6.868262970820069">
        <ele>1527</ele>
        <time>2015-08-02T21:40:31Z</time>
      </trkpt>
      <trkpt lat="44.285347033292055" lon="6.867464007809758">
        <ele>1529</ele>
        <time>2015-08-02T21:40:51Z</time>
      </trkpt>
      <trkpt lat="44.285324988886714" lon="6.867216993123293">
        <ele>1530</ele>
        <time>2015-08-02T21:41:11Z</time>
      </trkpt>
      <trkpt lat="44.285114016383886" lon="6.866992022842169">
        <ele>1527</ele>
        <time>2015-08-02T21:41:31Z</time>
      </trkpt>
      <trkpt lat="44.284617975354195" lon="6.866567982360721">
        <ele>1515</ele>
        <time>2015-08-02T21:41:51Z</time>
      </trkpt>
      <trkpt lat="44.284270964562893" lon="6.86669597402215">
        <ele>1511</ele>
        <time>2015-08-02T21:42:11Z</time>
      </trkpt>
      <trkpt lat="44.284092010930181" lon="6.866621039807797">
        <ele>1509</ele>
        <time>2015-08-02T21:42:31Z</time>
      </trkpt>
    </trkseg>
  </trk>

</gpx>