<?xml version="1.0" encoding="utf-8"?><gpx creator="Garmin Desktop App" version="1.1" xsi:schemaLocation="http://www.topografix.com/GPX/1/1 http://www.topografix.com/GPX/1/1/gpx.xsd http://www.garmin.com/xmlschemas/WaypointExtension/v1 http://www8.garmin.com/xmlschemas/WaypointExtensionv1.xsd http://www.garmin.com/xmlschemas/TrackPointExtension/v1 http://www.garmin.com/xmlschemas/TrackPointExtensionv1.xsd http://www.garmin.com/xmlschemas/GpxExtensions/v3 http://www8.garmin.com/xmlschemas/GpxExtensionsv3.xsd http://www.garmin.com/xmlschemas/ActivityExtension/v1 http://www8.garmin.com/xmlschemas/ActivityExtensionv1.xsd http://www.garmin.com/xmlschemas/AdventuresExtensions/v1 http://www8.garmin.com/xmlschemas/AdventuresExtensionv1.xsd http://www.garmin.com/xmlschemas/PressureExtension/v1 http://www.garmin.com/xmlschemas/PressureExtensionv1.xsd http://www.garmin.com/xmlschemas/TripExtensions/v1 http://www.garmin.com/xmlschemas/TripExtensionsv1.xsd http://www.garmin.com/xmlschemas/TripMetaDataExtensions/v1 http://www.garmin.com/xmlschemas/TripMetaDataExtensionsv1.xsd http://www.garmin.com/xmlschemas/ViaPointTransportationModeExtensions/v1 http://www.garmin.com/xmlschemas/ViaPointTransportationModeExtensionsv1.xsd http://www.garmin.com/xmlschemas/CreationTimeExtension/v1 http://www.garmin.com/xmlschemas/CreationTimeExtensionsv1.xsd http://www.garmin.com/xmlschemas/AccelerationExtension/v1 http://www.garmin.com/xmlschemas/AccelerationExtensionv1.xsd http://www.garmin.com/xmlschemas/PowerExtension/v1 http://www.garmin.com/xmlschemas/PowerExtensionv1.xsd http://www.garmin.com/xmlschemas/VideoExtension/v1 http://www.garmin.com/xmlschemas/VideoExtensionv1.xsd" xmlns="http://www.topografix.com/GPX/1/1" xmlns:xsi="http://www.w3.org/2001/XMLSchema-instance" xmlns:wptx1="http://www.garmin.com/xmlschemas/WaypointExtension/v1" xmlns:gpxtrx="http://www.garmin.com/xmlschemas/GpxExtensions/v3" xmlns:gpxtpx="http://www.garmin.com/xmlschemas/TrackPointExtension/v1" xmlns:gpxx="http://www.garmin.com/xmlschemas/GpxExtensions/v3" xmlns:trp="http://www.garmin.com/xmlschemas/TripExtensions/v1" xmlns:adv="http://www.garmin.com/xmlschemas/AdventuresExtensions/v1" xmlns:prs="http://www.garmin.com/xmlschemas/PressureExtension/v1" xmlns:tmd="http://www.garmin.com/xmlschemas/TripMetaDataExtensions/v1" xmlns:vptm="http://www.garmin.com/xmlschemas/ViaPointTransportationModeExtensions/v1" xmlns:ctx="http://www.garmin.com/xmlschemas/CreationTimeExtension/v1" xmlns:gpxacc="http://www.garmin.com/xmlschemas/AccelerationExtension/v1" xmlns:gpxpx="http://www.garmin.com/xmlschemas/PowerExtension/v1" xmlns:vidx1="http://www.garmin.com/xmlschemas/VideoExtension/v1">

  <metadata>
    <link href="http://www.garmin.com">
      <text>Garmin International</text>
    </link>
    <time>2018-04-18T11:06:39Z</time>
    <bounds maxlat="45.892532961443067" maxlon="7.040921961888671" minlat="45.32141899690032" minlon="6.635730033740401" />
  </metadata>

  <trk>
    <name>Part 11 -  FR Les Houches to Bessans</name>
    <desc>Randonnée avec le GR5 à travers la Haute-Savoie et la Savoie de Les Houches à Bessans. Gîtes d'étapes, Chambres d'hôtes, Hôtels, Camping, Refuges, Auberges.</desc>
    <extensions>
      <gpxx:TrackExtension>
        <gpxx:DisplayColor>Blue</gpxx:DisplayColor>
      </gpxx:TrackExtension>
    </extensions>
    <trkseg>
      <trkpt lat="45.889758970588446" lon="6.797809973359108">
        <ele>1013</ele>
        <time>2017-03-28T12:25:18Z</time>
      </trkpt>
      <trkpt lat="45.889420006424189" lon="6.797219971194863">
        <ele>1011</ele>
        <time>2017-03-28T12:25:38Z</time>
      </trkpt>
      <trkpt lat="45.889228982850909" lon="6.795193981379271">
        <ele>1015</ele>
        <time>2017-03-28T12:25:58Z</time>
      </trkpt>
      <trkpt lat="45.889399973675609" lon="6.794016994535923">
        <ele>1013</ele>
        <time>2017-03-28T12:26:18Z</time>
      </trkpt>
      <trkpt lat="45.889222025871277" lon="6.792218992486596">
        <ele>1004</ele>
        <time>2017-03-28T12:26:38Z</time>
      </trkpt>
      <trkpt lat="45.889363009482622" lon="6.790601033717394">
        <ele>1002</ele>
        <time>2017-03-28T12:26:58Z</time>
      </trkpt>
      <trkpt lat="45.889996010810137" lon="6.788354013115168">
        <ele>999</ele>
        <time>2017-03-28T12:27:18Z</time>
      </trkpt>
      <trkpt lat="45.889996010810137" lon="6.788354013115168">
        <ele>999</ele>
        <time>2017-03-28T12:27:38Z</time>
      </trkpt>
      <trkpt lat="45.890547037124634" lon="6.786676961928606">
        <ele>1005</ele>
        <time>2017-03-28T12:27:58Z</time>
      </trkpt>
      <trkpt lat="45.89090502820909" lon="6.786184022203088">
        <ele>1008</ele>
        <time>2017-03-28T12:28:18Z</time>
      </trkpt>
      <trkpt lat="45.891234017908573" lon="6.786012025550008">
        <ele>1008</ele>
        <time>2017-03-28T12:28:38Z</time>
      </trkpt>
      <trkpt lat="45.891890991479158" lon="6.786055024713278">
        <ele>1002</ele>
        <time>2017-03-28T12:28:58Z</time>
      </trkpt>
      <trkpt lat="45.892188968136907" lon="6.785947987809777">
        <ele>1001</ele>
        <time>2017-03-28T12:29:18Z</time>
      </trkpt>
      <trkpt lat="45.892040021717548" lon="6.784423990175128">
        <ele>1035</ele>
        <time>2017-03-28T12:29:38Z</time>
      </trkpt>
      <trkpt lat="45.892055025324225" lon="6.782235978171229">
        <ele>1077</ele>
        <time>2017-03-28T12:29:58Z</time>
      </trkpt>
      <trkpt lat="45.892428020015359" lon="6.781206009909511">
        <ele>1084</ele>
        <time>2017-03-28T12:30:18Z</time>
      </trkpt>
      <trkpt lat="45.892532961443067" lon="6.78004696033895">
        <ele>1083</ele>
        <time>2017-03-28T12:30:38Z</time>
      </trkpt>
      <trkpt lat="45.892384015023708" lon="6.778887994587421">
        <ele>1100</ele>
        <time>2017-03-28T12:30:58Z</time>
      </trkpt>
      <trkpt lat="45.892115039750934" lon="6.778287012130022">
        <ele>1107</ele>
        <time>2017-03-28T12:31:18Z</time>
      </trkpt>
      <trkpt lat="45.892040021717548" lon="6.777730034664273">
        <ele>1110</ele>
        <time>2017-03-28T12:31:38Z</time>
      </trkpt>
      <trkpt lat="45.89193600229919" lon="6.778007978573442">
        <ele>1111</ele>
        <time>2017-03-28T12:31:58Z</time>
      </trkpt>
      <trkpt lat="45.891860984265804" lon="6.778502007946372">
        <ele>1110</ele>
        <time>2017-03-28T12:32:18Z</time>
      </trkpt>
      <trkpt lat="45.891472985967994" lon="6.779468022286892">
        <ele>1121</ele>
        <time>2017-03-28T12:32:38Z</time>
      </trkpt>
      <trkpt lat="45.891023967415094" lon="6.779746972024441">
        <ele>1127</ele>
        <time>2017-03-28T12:32:58Z</time>
      </trkpt>
      <trkpt lat="45.89090502820909" lon="6.780176041647792">
        <ele>1125</ele>
        <time>2017-03-28T12:33:18Z</time>
      </trkpt>
      <trkpt lat="45.890786005184054" lon="6.780562028288841">
        <ele>1130</ele>
        <time>2017-03-28T12:33:38Z</time>
      </trkpt>
      <trkpt lat="45.89041200466454" lon="6.780219040811062">
        <ele>1136</ele>
        <time>2017-03-28T12:33:58Z</time>
      </trkpt>
      <trkpt lat="45.889888973906636" lon="6.780433030799031">
        <ele>1146</ele>
        <time>2017-03-28T12:34:18Z</time>
      </trkpt>
      <trkpt lat="45.888965958729386" lon="6.780307972803712">
        <ele>1164</ele>
        <time>2017-03-28T12:34:38Z</time>
      </trkpt>
      <trkpt lat="45.888827992603183" lon="6.780079985037446">
        <ele>1166</ele>
        <time>2017-03-28T12:34:58Z</time>
      </trkpt>
      <trkpt lat="45.888889012858272" lon="6.779919974505901">
        <ele>1172</ele>
        <time>2017-03-28T12:35:18Z</time>
      </trkpt>
      <trkpt lat="45.889290003105998" lon="6.779889967292547">
        <ele>1162</ele>
        <time>2017-03-28T12:35:38Z</time>
      </trkpt>
      <trkpt lat="45.889679007232189" lon="6.779649993404746">
        <ele>1159</ele>
        <time>2017-03-28T12:35:58Z</time>
      </trkpt>
      <trkpt lat="45.889912024140358" lon="6.778379967436194">
        <ele>1167</ele>
        <time>2017-03-28T12:36:18Z</time>
      </trkpt>
      <trkpt lat="45.889740027487278" lon="6.778300004079938">
        <ele>1176</ele>
        <time>2017-03-28T12:36:38Z</time>
      </trkpt>
      <trkpt lat="45.8892070222646" lon="6.778870979323983">
        <ele>1173</ele>
        <time>2017-03-28T12:36:58Z</time>
      </trkpt>
      <trkpt lat="45.888698995113373" lon="6.7789719812572">
        <ele>1188</ele>
        <time>2017-03-28T12:37:18Z</time>
      </trkpt>
      <trkpt lat="45.888600004836917" lon="6.778783975169063">
        <ele>1190</ele>
        <time>2017-03-28T12:37:38Z</time>
      </trkpt>
      <trkpt lat="45.888722967356443" lon="6.778582977131009">
        <ele>1191</ele>
        <time>2017-03-28T12:37:58Z</time>
      </trkpt>
      <trkpt lat="45.889106020331383" lon="6.778391031548381">
        <ele>1188</ele>
        <time>2017-03-28T12:38:18Z</time>
      </trkpt>
      <trkpt lat="45.889529976993799" lon="6.777470028027892">
        <ele>1192</ele>
        <time>2017-03-28T12:38:38Z</time>
      </trkpt>
      <trkpt lat="45.889610024169087" lon="6.776839960366488">
        <ele>1193</ele>
        <time>2017-03-28T12:38:58Z</time>
      </trkpt>
      <trkpt lat="45.889394022524357" lon="6.776790004223585">
        <ele>1197</ele>
        <time>2017-03-28T12:39:18Z</time>
      </trkpt>
      <trkpt lat="45.888892030343413" lon="6.777728023007512">
        <ele>1201</ele>
        <time>2017-03-28T12:39:38Z</time>
      </trkpt>
      <trkpt lat="45.888511994853616" lon="6.777930026873946">
        <ele>1204</ele>
        <time>2017-03-28T12:39:58Z</time>
      </trkpt>
      <trkpt lat="45.88837101124227" lon="6.777730034664273">
        <ele>1208</ele>
        <time>2017-03-28T12:40:18Z</time>
      </trkpt>
      <trkpt lat="45.888549964874983" lon="6.777137015014887">
        <ele>1212</ele>
        <time>2017-03-28T12:40:38Z</time>
      </trkpt>
      <trkpt lat="45.888168001547456" lon="6.77695001475513">
        <ele>1222</ele>
        <time>2017-03-28T12:40:58Z</time>
      </trkpt>
      <trkpt lat="45.888278977945447" lon="6.776165971532464">
        <ele>1228</ele>
        <time>2017-03-28T12:41:18Z</time>
      </trkpt>
      <trkpt lat="45.887852003797889" lon="6.775633972138166">
        <ele>1239</ele>
        <time>2017-03-28T12:41:38Z</time>
      </trkpt>
      <trkpt lat="45.887816967442632" lon="6.775021003559232">
        <ele>1245</ele>
        <time>2017-03-28T12:41:58Z</time>
      </trkpt>
      <trkpt lat="45.888058030977845" lon="6.774469977244735">
        <ele>1256</ele>
        <time>2017-03-28T12:42:18Z</time>
      </trkpt>
      <trkpt lat="45.887954011559486" lon="6.774139981716871">
        <ele>1274</ele>
        <time>2017-03-28T12:42:38Z</time>
      </trkpt>
      <trkpt lat="45.886638974770904" lon="6.774279959499836">
        <ele>1297</ele>
        <time>2017-03-28T12:42:58Z</time>
      </trkpt>
      <trkpt lat="45.886434959247708" lon="6.774119026958942">
        <ele>1309</ele>
        <time>2017-03-28T12:43:18Z</time>
      </trkpt>
      <trkpt lat="45.886583989486098" lon="6.773885004222393">
        <ele>1313</ele>
        <time>2017-03-28T12:43:38Z</time>
      </trkpt>
      <trkpt lat="45.886941980570555" lon="6.773703033104539">
        <ele>1308</ele>
        <time>2017-03-28T12:43:58Z</time>
      </trkpt>
      <trkpt lat="45.886955978348851" lon="6.773543022572994">
        <ele>1312</ele>
        <time>2017-03-28T12:44:18Z</time>
      </trkpt>
      <trkpt lat="45.886333035305142" lon="6.773118982091546">
        <ele>1335</ele>
        <time>2017-03-28T12:44:38Z</time>
      </trkpt>
      <trkpt lat="45.886204037815332" lon="6.77269896492362">
        <ele>1338</ele>
        <time>2017-03-28T12:44:58Z</time>
      </trkpt>
      <trkpt lat="45.885925004258752" lon="6.772438958287239">
        <ele>1343</ele>
        <time>2017-03-28T12:45:18Z</time>
      </trkpt>
      <trkpt lat="45.886016031727195" lon="6.771817021071911">
        <ele>1350</ele>
        <time>2017-03-28T12:45:38Z</time>
      </trkpt>
      <trkpt lat="45.885905977338552" lon="6.771457018330693">
        <ele>1358</ele>
        <time>2017-03-28T12:45:58Z</time>
      </trkpt>
      <trkpt lat="45.885720988735557" lon="6.77127999253571">
        <ele>1356</ele>
        <time>2017-03-28T12:46:18Z</time>
      </trkpt>
      <trkpt lat="45.885723000392318" lon="6.7711509950459">
        <ele>1358</ele>
        <time>2017-03-28T12:46:38Z</time>
      </trkpt>
      <trkpt lat="45.886520035564899" lon="6.770929964259267">
        <ele>1368</ele>
        <time>2017-03-28T12:46:58Z</time>
      </trkpt>
      <trkpt lat="45.886821029707789" lon="6.771080000326037">
        <ele>1365</ele>
        <time>2017-03-28T12:47:18Z</time>
      </trkpt>
      <trkpt lat="45.886720027774572" lon="6.770480023697019">
        <ele>1381</ele>
        <time>2017-03-28T12:47:38Z</time>
      </trkpt>
      <trkpt lat="45.886870985850692" lon="6.770060006529093">
        <ele>1388</ele>
        <time>2017-03-28T12:47:58Z</time>
      </trkpt>
      <trkpt lat="45.886578038334846" lon="6.769919022917748">
        <ele>1399</ele>
        <time>2017-03-28T12:48:18Z</time>
      </trkpt>
      <trkpt lat="45.886922031641006" lon="6.769423987716436">
        <ele>1406</ele>
        <time>2017-03-28T12:48:38Z</time>
      </trkpt>
      <trkpt lat="45.886866040527821" lon="6.769161969423294">
        <ele>1422</ele>
        <time>2017-03-28T12:48:58Z</time>
      </trkpt>
      <trkpt lat="45.886617014184594" lon="6.769030038267374">
        <ele>1421</ele>
        <time>2017-03-28T12:49:18Z</time>
      </trkpt>
      <trkpt lat="45.886575020849705" lon="6.768125966191292">
        <ele>1442</ele>
        <time>2017-03-28T12:49:38Z</time>
      </trkpt>
      <trkpt lat="45.886607961729169" lon="6.767769986763597">
        <ele>1446</ele>
        <time>2017-03-28T12:49:58Z</time>
      </trkpt>
      <trkpt lat="45.886429008096457" lon="6.767209991812706">
        <ele>1460</ele>
        <time>2017-03-28T12:50:18Z</time>
      </trkpt>
      <trkpt lat="45.886734025552869" lon="6.767048975452781">
        <ele>1460</ele>
        <time>2017-03-28T12:50:38Z</time>
      </trkpt>
      <trkpt lat="45.886664036661386" lon="6.766691990196705">
        <ele>1473</ele>
        <time>2017-03-28T12:50:58Z</time>
      </trkpt>
      <trkpt lat="45.886638974770904" lon="6.766110034659505">
        <ele>1487</ele>
        <time>2017-03-28T12:51:18Z</time>
      </trkpt>
      <trkpt lat="45.886235972866416" lon="6.765438979491592">
        <ele>1505</ele>
        <time>2017-03-28T12:51:38Z</time>
      </trkpt>
      <trkpt lat="45.886000022292137" lon="6.765207974240184">
        <ele>1508</ele>
        <time>2017-03-28T12:51:58Z</time>
      </trkpt>
      <trkpt lat="45.885763987898827" lon="6.764847971498966">
        <ele>1522</ele>
        <time>2017-03-28T12:52:18Z</time>
      </trkpt>
      <trkpt lat="45.88527699932456" lon="6.764352014288306">
        <ele>1532</ele>
        <time>2017-03-28T12:52:38Z</time>
      </trkpt>
      <trkpt lat="45.885145990177989" lon="6.764043979346752">
        <ele>1546</ele>
        <time>2017-03-28T12:52:58Z</time>
      </trkpt>
      <trkpt lat="45.884533021599054" lon="6.763750026002526">
        <ele>1554</ele>
        <time>2017-03-28T12:53:18Z</time>
      </trkpt>
      <trkpt lat="45.88418098166585" lon="6.763681964948773">
        <ele>1555</ele>
        <time>2017-03-28T12:53:38Z</time>
      </trkpt>
      <trkpt lat="45.884044021368027" lon="6.763133034110069">
        <ele>1563</ele>
        <time>2017-03-28T12:53:58Z</time>
      </trkpt>
      <trkpt lat="45.884129013866186" lon="6.762832961976528">
        <ele>1566</ele>
        <time>2017-03-28T12:54:18Z</time>
      </trkpt>
      <trkpt lat="45.883983001112938" lon="6.762323006987572">
        <ele>1574</ele>
        <time>2017-03-28T12:54:38Z</time>
      </trkpt>
      <trkpt lat="45.883947964757681" lon="6.761566959321499">
        <ele>1586</ele>
        <time>2017-03-28T12:54:58Z</time>
      </trkpt>
      <trkpt lat="45.883463993668556" lon="6.761032026261091">
        <ele>1588</ele>
        <time>2017-03-28T12:55:18Z</time>
      </trkpt>
      <trkpt lat="45.882475012913346" lon="6.760818958282471">
        <ele>1601</ele>
        <time>2017-03-28T12:55:38Z</time>
      </trkpt>
      <trkpt lat="45.881641013547778" lon="6.759952018037438">
        <ele>1619</ele>
        <time>2017-03-28T12:55:58Z</time>
      </trkpt>
      <trkpt lat="45.8812599722296" lon="6.76004002802074">
        <ele>1623</ele>
        <time>2017-03-28T12:56:18Z</time>
      </trkpt>
      <trkpt lat="45.881090993061662" lon="6.760769002139568">
        <ele>1622</ele>
        <time>2017-03-28T12:56:38Z</time>
      </trkpt>
      <trkpt lat="45.880529992282391" lon="6.760891964659095">
        <ele>1627</ele>
        <time>2017-03-28T12:56:58Z</time>
      </trkpt>
      <trkpt lat="45.8802480250597" lon="6.761071002110839">
        <ele>1629</ele>
        <time>2017-03-28T12:57:18Z</time>
      </trkpt>
      <trkpt lat="45.879318974912167" lon="6.760748969390988">
        <ele>1659</ele>
        <time>2017-03-28T12:57:38Z</time>
      </trkpt>
      <trkpt lat="45.879646958783269" lon="6.760309003293514">
        <ele>1661</ele>
        <time>2017-03-28T12:57:58Z</time>
      </trkpt>
      <trkpt lat="45.879466999322176" lon="6.760180005803704">
        <ele>1664</ele>
        <time>2017-03-28T12:58:18Z</time>
      </trkpt>
      <trkpt lat="45.879106996580958" lon="6.760094007477164">
        <ele>1671</ele>
        <time>2017-03-28T12:58:38Z</time>
      </trkpt>
      <trkpt lat="45.878262016922235" lon="6.759980013594031">
        <ele>1672</ele>
        <time>2017-03-28T12:58:58Z</time>
      </trkpt>
      <trkpt lat="45.877195000648499" lon="6.76025896333158">
        <ele>1661</ele>
        <time>2017-03-28T12:59:18Z</time>
      </trkpt>
      <trkpt lat="45.876945974305272" lon="6.760927001014352">
        <ele>1659</ele>
        <time>2017-03-28T12:59:38Z</time>
      </trkpt>
      <trkpt lat="45.87685402482748" lon="6.761427987366915">
        <ele>1659</ele>
        <time>2017-03-28T12:59:58Z</time>
      </trkpt>
      <trkpt lat="45.876548001542687" lon="6.761301001533866">
        <ele>1652</ele>
        <time>2017-03-28T13:00:18Z</time>
      </trkpt>
      <trkpt lat="45.876209959387779" lon="6.760377986356616">
        <ele>1646</ele>
        <time>2017-03-28T13:00:38Z</time>
      </trkpt>
      <trkpt lat="45.87595297023654" lon="6.76036398857832">
        <ele>1643</ele>
        <time>2017-03-28T13:00:58Z</time>
      </trkpt>
      <trkpt lat="45.875800000503659" lon="6.760790962725878">
        <ele>1637</ele>
        <time>2017-03-28T13:01:18Z</time>
      </trkpt>
      <trkpt lat="45.875760018825531" lon="6.761445002630353">
        <ele>1629</ele>
        <time>2017-03-28T13:01:38Z</time>
      </trkpt>
      <trkpt lat="45.875832019373775" lon="6.761950012296438">
        <ele>1629</ele>
        <time>2017-03-28T13:01:58Z</time>
      </trkpt>
      <trkpt lat="45.875214021652937" lon="6.762188980355859">
        <ele>1617</ele>
        <time>2017-03-28T13:02:18Z</time>
      </trkpt>
      <trkpt lat="45.875031966716051" lon="6.761989993974567">
        <ele>1614</ele>
        <time>2017-03-28T13:02:38Z</time>
      </trkpt>
      <trkpt lat="45.874782018363476" lon="6.762502966448665">
        <ele>1605</ele>
        <time>2017-03-28T13:02:58Z</time>
      </trkpt>
      <trkpt lat="45.874345991760492" lon="6.762314960360527">
        <ele>1589</ele>
        <time>2017-03-28T13:03:18Z</time>
      </trkpt>
      <trkpt lat="45.874179024249315" lon="6.761908018961549">
        <ele>1585</ele>
        <time>2017-03-28T13:03:38Z</time>
      </trkpt>
      <trkpt lat="45.874191010370851" lon="6.76139697432518">
        <ele>1582</ele>
        <time>2017-03-28T13:03:58Z</time>
      </trkpt>
      <trkpt lat="45.873980959877372" lon="6.76124501042068">
        <ele>1565</ele>
        <time>2017-03-28T13:04:18Z</time>
      </trkpt>
      <trkpt lat="45.873695975169539" lon="6.761157000437379">
        <ele>1561</ele>
        <time>2017-03-28T13:04:38Z</time>
      </trkpt>
      <trkpt lat="45.873251985758543" lon="6.760583007708192">
        <ele>1539</ele>
        <time>2017-03-28T13:04:58Z</time>
      </trkpt>
      <trkpt lat="45.873060962185264" lon="6.76008403301239">
        <ele>1532</ele>
        <time>2017-03-28T13:05:18Z</time>
      </trkpt>
      <trkpt lat="45.872815037146211" lon="6.760032987222076">
        <ele>1528</ele>
        <time>2017-03-28T13:05:38Z</time>
      </trkpt>
      <trkpt lat="45.872540026903152" lon="6.760240020230413">
        <ele>1526</ele>
        <time>2017-03-28T13:05:58Z</time>
      </trkpt>
      <trkpt lat="45.872001992538571" lon="6.760919960215688">
        <ele>1514</ele>
        <time>2017-03-28T13:06:18Z</time>
      </trkpt>
      <trkpt lat="45.871954970061779" lon="6.761451037600637">
        <ele>1514</ele>
        <time>2017-03-28T13:06:38Z</time>
      </trkpt>
      <trkpt lat="45.871544005349278" lon="6.761607024818659">
        <ele>1498</ele>
        <time>2017-03-28T13:06:58Z</time>
      </trkpt>
      <trkpt lat="45.871364967897534" lon="6.762113040313125">
        <ele>1494</ele>
        <time>2017-03-28T13:07:18Z</time>
      </trkpt>
      <trkpt lat="45.870563993230462" lon="6.761819003149867">
        <ele>1470</ele>
        <time>2017-03-28T13:07:38Z</time>
      </trkpt>
      <trkpt lat="45.870330976322293" lon="6.761420024558902">
        <ele>1462</ele>
        <time>2017-03-28T13:07:58Z</time>
      </trkpt>
      <trkpt lat="45.870049009099603" lon="6.761199999600649">
        <ele>1458</ele>
        <time>2017-03-28T13:08:18Z</time>
      </trkpt>
      <trkpt lat="45.869876006618142" lon="6.76137300208211">
        <ele>1445</ele>
        <time>2017-03-28T13:08:38Z</time>
      </trkpt>
      <trkpt lat="45.869737034663558" lon="6.762352008372545">
        <ele>1451</ele>
        <time>2017-03-28T13:08:58Z</time>
      </trkpt>
      <trkpt lat="45.869437968358397" lon="6.762050008401275">
        <ele>1446</ele>
        <time>2017-03-28T13:09:18Z</time>
      </trkpt>
      <trkpt lat="45.869339983910322" lon="6.761296978220344">
        <ele>1440</ele>
        <time>2017-03-28T13:09:38Z</time>
      </trkpt>
      <trkpt lat="45.868522999808192" lon="6.760810995474458">
        <ele>1421</ele>
        <time>2017-03-28T13:09:58Z</time>
      </trkpt>
      <trkpt lat="45.867854962125421" lon="6.760186040773988">
        <ele>1413</ele>
        <time>2017-03-28T13:10:18Z</time>
      </trkpt>
      <trkpt lat="45.867539970204234" lon="6.76019299775362">
        <ele>1412</ele>
        <time>2017-03-28T13:10:38Z</time>
      </trkpt>
      <trkpt lat="45.86716303601861" lon="6.760472031310201">
        <ele>1408</ele>
        <time>2017-03-28T13:10:58Z</time>
      </trkpt>
      <trkpt lat="45.866712005808949" lon="6.760547971352935">
        <ele>1406</ele>
        <time>2017-03-28T13:11:18Z</time>
      </trkpt>
      <trkpt lat="45.866555012762547" lon="6.759856967255473">
        <ele>1396</ele>
        <time>2017-03-28T13:11:38Z</time>
      </trkpt>
      <trkpt lat="45.86628201417625" lon="6.759337959811091">
        <ele>1390</ele>
        <time>2017-03-28T13:11:58Z</time>
      </trkpt>
      <trkpt lat="45.866169026121497" lon="6.758583001792431">
        <ele>1381</ele>
        <time>2017-03-28T13:12:18Z</time>
      </trkpt>
      <trkpt lat="45.865778010338545" lon="6.758517036214471">
        <ele>1370</ele>
        <time>2017-03-28T13:12:38Z</time>
      </trkpt>
      <trkpt lat="45.865668961778283" lon="6.75810900516808">
        <ele>1363</ele>
        <time>2017-03-28T13:12:58Z</time>
      </trkpt>
      <trkpt lat="45.865798965096474" lon="6.75752998329699">
        <ele>1355</ele>
        <time>2017-03-28T13:13:18Z</time>
      </trkpt>
      <trkpt lat="45.865708021447062" lon="6.756814001128078">
        <ele>1346</ele>
        <time>2017-03-28T13:13:38Z</time>
      </trkpt>
      <trkpt lat="45.865159006789327" lon="6.756333969533444">
        <ele>1334</ele>
        <time>2017-03-28T13:13:58Z</time>
      </trkpt>
      <trkpt lat="45.86495197378099" lon="6.75572301261127">
        <ele>1317</ele>
        <time>2017-03-28T13:14:18Z</time>
      </trkpt>
      <trkpt lat="45.864968989044428" lon="6.755550010129809">
        <ele>1313</ele>
        <time>2017-03-28T13:14:38Z</time>
      </trkpt>
      <trkpt lat="45.864742007106543" lon="6.755265025421977">
        <ele>1308</ele>
        <time>2017-03-28T13:14:58Z</time>
      </trkpt>
      <trkpt lat="45.864466996863484" lon="6.755521008744836">
        <ele>1305</ele>
        <time>2017-03-28T13:15:18Z</time>
      </trkpt>
      <trkpt lat="45.864230962470174" lon="6.755459988489747">
        <ele>1302</ele>
        <time>2017-03-28T13:15:38Z</time>
      </trkpt>
      <trkpt lat="45.863760989159346" lon="6.756311003118753">
        <ele>1299</ele>
        <time>2017-03-28T13:15:58Z</time>
      </trkpt>
      <trkpt lat="45.863626962527633" lon="6.757199987769127">
        <ele>1308</ele>
        <time>2017-03-28T13:16:18Z</time>
      </trkpt>
      <trkpt lat="45.863601984456182" lon="6.757889986038208">
        <ele>1315</ele>
        <time>2017-03-28T13:16:38Z</time>
      </trkpt>
      <trkpt lat="45.863500982522964" lon="6.758097019046545">
        <ele>1313</ele>
        <time>2017-03-28T13:16:58Z</time>
      </trkpt>
      <trkpt lat="45.86327601224184" lon="6.758134989067912">
        <ele>1310</ele>
        <time>2017-03-28T13:17:18Z</time>
      </trkpt>
      <trkpt lat="45.86321197450161" lon="6.758024012669921">
        <ele>1312</ele>
        <time>2017-03-28T13:17:38Z</time>
      </trkpt>
      <trkpt lat="45.863118013367057" lon="6.758306985720992">
        <ele>1312</ele>
        <time>2017-03-28T13:17:58Z</time>
      </trkpt>
      <trkpt lat="45.863007036969066" lon="6.758009009063244">
        <ele>1316</ele>
        <time>2017-03-28T13:18:18Z</time>
      </trkpt>
      <trkpt lat="45.862815007567406" lon="6.758569004014134">
        <ele>1327</ele>
        <time>2017-03-28T13:18:38Z</time>
      </trkpt>
      <trkpt lat="45.862426003441215" lon="6.759062027558684">
        <ele>1348</ele>
        <time>2017-03-28T13:18:58Z</time>
      </trkpt>
      <trkpt lat="45.862058959901333" lon="6.759331002831459">
        <ele>1359</ele>
        <time>2017-03-28T13:19:18Z</time>
      </trkpt>
      <trkpt lat="45.86230899207294" lon="6.758690038695931">
        <ele>1352</ele>
        <time>2017-03-28T13:19:38Z</time>
      </trkpt>
      <trkpt lat="45.862343022599816" lon="6.758277984336019">
        <ele>1346</ele>
        <time>2017-03-28T13:19:58Z</time>
      </trkpt>
      <trkpt lat="45.862135989591479" lon="6.75791303627193">
        <ele>1348</ele>
        <time>2017-03-28T13:20:18Z</time>
      </trkpt>
      <trkpt lat="45.862099025398493" lon="6.757269976660609">
        <ele>1340</ele>
        <time>2017-03-28T13:20:38Z</time>
      </trkpt>
      <trkpt lat="45.86185603402555" lon="6.756500015035272">
        <ele>1335</ele>
        <time>2017-03-28T13:20:58Z</time>
      </trkpt>
      <trkpt lat="45.861503994092345" lon="6.754503026604652">
        <ele>1326</ele>
        <time>2017-03-28T13:21:18Z</time>
      </trkpt>
      <trkpt lat="45.861607007682323" lon="6.753873964771628">
        <ele>1317</ele>
        <time>2017-03-28T13:21:38Z</time>
      </trkpt>
      <trkpt lat="45.861565014347434" lon="6.753062009811401">
        <ele>1308</ele>
        <time>2017-03-28T13:21:58Z</time>
      </trkpt>
      <trkpt lat="45.861279023811221" lon="6.752740982919931">
        <ele>1313</ele>
        <time>2017-03-28T13:22:18Z</time>
      </trkpt>
      <trkpt lat="45.861504999920726" lon="6.752124996855855">
        <ele>1303</ele>
        <time>2017-03-28T13:22:38Z</time>
      </trkpt>
      <trkpt lat="45.861590998247266" lon="6.751280017197132">
        <ele>1295</ele>
        <time>2017-03-28T13:22:58Z</time>
      </trkpt>
      <trkpt lat="45.861434005200863" lon="6.750340992584825">
        <ele>1289</ele>
        <time>2017-03-28T13:23:18Z</time>
      </trkpt>
      <trkpt lat="45.861312970519066" lon="6.749236006289721">
        <ele>1279</ele>
        <time>2017-03-28T13:23:38Z</time>
      </trkpt>
      <trkpt lat="45.860956991091371" lon="6.748894024640322">
        <ele>1283</ele>
        <time>2017-03-28T13:23:58Z</time>
      </trkpt>
      <trkpt lat="45.860951039940119" lon="6.748603004962206">
        <ele>1282</ele>
        <time>2017-03-28T13:24:18Z</time>
      </trkpt>
      <trkpt lat="45.860791029408574" lon="6.748430002480745">
        <ele>1305</ele>
        <time>2017-03-28T13:24:38Z</time>
      </trkpt>
      <trkpt lat="45.860896976664662" lon="6.748097995296121">
        <ele>1281</ele>
        <time>2017-03-28T13:24:58Z</time>
      </trkpt>
      <trkpt lat="45.860859006643295" lon="6.747659035027027">
        <ele>1288</ele>
        <time>2017-03-28T13:25:18Z</time>
      </trkpt>
      <trkpt lat="45.861003007739782" lon="6.747199036180973">
        <ele>1284</ele>
        <time>2017-03-28T13:25:38Z</time>
      </trkpt>
      <trkpt lat="45.861221021041274" lon="6.746824029833078">
        <ele>1277</ele>
        <time>2017-03-28T13:25:58Z</time>
      </trkpt>
      <trkpt lat="45.861420007422566" lon="6.745359040796757">
        <ele>1296</ele>
        <time>2017-03-28T13:26:18Z</time>
      </trkpt>
      <trkpt lat="45.861717984080315" lon="6.744979005306959">
        <ele>1273</ele>
        <time>2017-03-28T13:26:38Z</time>
      </trkpt>
      <trkpt lat="45.861736005172133" lon="6.744479024782777">
        <ele>1258</ele>
        <time>2017-03-28T13:26:58Z</time>
      </trkpt>
      <trkpt lat="45.861448002979159" lon="6.74420895986259">
        <ele>1293</ele>
        <time>2017-03-28T13:27:18Z</time>
      </trkpt>
      <trkpt lat="45.860881973057985" lon="6.742889983579516">
        <ele>1266</ele>
        <time>2017-03-28T13:27:38Z</time>
      </trkpt>
      <trkpt lat="45.860395990312099" lon="6.742265028879046">
        <ele>1280</ele>
        <time>2017-03-28T13:27:58Z</time>
      </trkpt>
      <trkpt lat="45.859850998967886" lon="6.740719992667437">
        <ele>1269</ele>
        <time>2017-03-28T13:28:18Z</time>
      </trkpt>
      <trkpt lat="45.859771035611629" lon="6.739933015778661">
        <ele>1245</ele>
        <time>2017-03-28T13:28:38Z</time>
      </trkpt>
      <trkpt lat="45.859219003468752" lon="6.738259987905622">
        <ele>1226</ele>
        <time>2017-03-28T13:28:58Z</time>
      </trkpt>
      <trkpt lat="45.859229983761907" lon="6.737290034070611">
        <ele>1212</ele>
        <time>2017-03-28T13:29:18Z</time>
      </trkpt>
      <trkpt lat="45.85947004146874" lon="6.736906981095672">
        <ele>1209</ele>
        <time>2017-03-28T13:29:38Z</time>
      </trkpt>
      <trkpt lat="45.859523015096784" lon="6.736075999215245">
        <ele>1205</ele>
        <time>2017-03-28T13:29:58Z</time>
      </trkpt>
      <trkpt lat="45.859729964286089" lon="6.735611977055669">
        <ele>1199</ele>
        <time>2017-03-28T13:30:18Z</time>
      </trkpt>
      <trkpt lat="45.85998896509409" lon="6.735340990126133">
        <ele>1198</ele>
        <time>2017-03-28T13:30:38Z</time>
      </trkpt>
      <trkpt lat="45.859843958169222" lon="6.735137980431318">
        <ele>1197</ele>
        <time>2017-03-28T13:30:58Z</time>
      </trkpt>
      <trkpt lat="45.859427964314818" lon="6.735369991511107">
        <ele>1195</ele>
        <time>2017-03-28T13:31:18Z</time>
      </trkpt>
      <trkpt lat="45.858502015471458" lon="6.735538970679045">
        <ele>1182</ele>
        <time>2017-03-28T13:31:38Z</time>
      </trkpt>
      <trkpt lat="45.857687965035439" lon="6.735559003427625">
        <ele>1165</ele>
        <time>2017-03-28T13:31:58Z</time>
      </trkpt>
      <trkpt lat="45.856892019510269" lon="6.735729994252324">
        <ele>1149</ele>
        <time>2017-03-28T13:32:18Z</time>
      </trkpt>
      <trkpt lat="45.855807987973094" lon="6.735790008679032">
        <ele>1121</ele>
        <time>2017-03-28T13:32:38Z</time>
      </trkpt>
      <trkpt lat="45.854987986385822" lon="6.735579958185554">
        <ele>1097</ele>
        <time>2017-03-28T13:32:58Z</time>
      </trkpt>
      <trkpt lat="45.854754969477654" lon="6.735197994858027">
        <ele>1086</ele>
        <time>2017-03-28T13:33:18Z</time>
      </trkpt>
      <trkpt lat="45.85451097227633" lon="6.734245978295803">
        <ele>1067</ele>
        <time>2017-03-28T13:33:38Z</time>
      </trkpt>
      <trkpt lat="45.853709997609258" lon="6.733917994424701">
        <ele>1056</ele>
        <time>2017-03-28T13:33:58Z</time>
      </trkpt>
      <trkpt lat="45.853630034253001" lon="6.733629992231727">
        <ele>1056</ele>
        <time>2017-03-28T13:34:18Z</time>
      </trkpt>
      <trkpt lat="45.85324103012681" lon="6.733699981123209">
        <ele>1054</ele>
        <time>2017-03-28T13:34:38Z</time>
      </trkpt>
      <trkpt lat="45.852707019075751" lon="6.734284032136202">
        <ele>1052</ele>
        <time>2017-03-28T13:34:58Z</time>
      </trkpt>
      <trkpt lat="45.852144006639719" lon="6.735059022903442">
        <ele>1060</ele>
        <time>2017-03-28T13:35:18Z</time>
      </trkpt>
      <trkpt lat="45.851607983931899" lon="6.73511803150177">
        <ele>1055</ele>
        <time>2017-03-28T13:35:38Z</time>
      </trkpt>
      <trkpt lat="45.850818995386362" lon="6.735070003196597">
        <ele>1057</ele>
        <time>2017-03-28T13:35:58Z</time>
      </trkpt>
      <trkpt lat="45.849041026085615" lon="6.735890004783869">
        <ele>1076</ele>
        <time>2017-03-28T13:36:18Z</time>
      </trkpt>
      <trkpt lat="45.848438031971455" lon="6.735910037532449">
        <ele>1076</ele>
        <time>2017-03-28T13:36:38Z</time>
      </trkpt>
      <trkpt lat="45.848142988979816" lon="6.736354026943445">
        <ele>1088</ele>
        <time>2017-03-28T13:36:58Z</time>
      </trkpt>
      <trkpt lat="45.84799999371171" lon="6.736870016902685">
        <ele>1099</ele>
        <time>2017-03-28T13:37:18Z</time>
      </trkpt>
      <trkpt lat="45.847467994317412" lon="6.737190037965775">
        <ele>1112</ele>
        <time>2017-03-28T13:37:38Z</time>
      </trkpt>
      <trkpt lat="45.847016964107752" lon="6.737317023798823">
        <ele>1113</ele>
        <time>2017-03-28T13:37:58Z</time>
      </trkpt>
      <trkpt lat="45.846860976889729" lon="6.737619023770094">
        <ele>1121</ele>
        <time>2017-03-28T13:38:18Z</time>
      </trkpt>
      <trkpt lat="45.846587978303432" lon="6.737488014623523">
        <ele>1118</ele>
        <time>2017-03-28T13:38:38Z</time>
      </trkpt>
      <trkpt lat="45.846468033269048" lon="6.73769898712635">
        <ele>1124</ele>
        <time>2017-03-28T13:38:58Z</time>
      </trkpt>
      <trkpt lat="45.846228981390595" lon="6.738715963438153">
        <ele>1137</ele>
        <time>2017-03-28T13:39:18Z</time>
      </trkpt>
      <trkpt lat="45.846020020544529" lon="6.739240000024438">
        <ele>1143</ele>
        <time>2017-03-28T13:39:38Z</time>
      </trkpt>
      <trkpt lat="45.845878031104803" lon="6.739210998639464">
        <ele>1140</ele>
        <time>2017-03-28T13:39:58Z</time>
      </trkpt>
      <trkpt lat="45.84563403390348" lon="6.738709006458521">
        <ele>1149</ele>
        <time>2017-03-28T13:40:18Z</time>
      </trkpt>
      <trkpt lat="45.845493972301483" lon="6.736935982480645">
        <ele>1138</ele>
        <time>2017-03-28T13:40:38Z</time>
      </trkpt>
      <trkpt lat="45.845377966761589" lon="6.736753005534411">
        <ele>1141</ele>
        <time>2017-03-28T13:40:58Z</time>
      </trkpt>
      <trkpt lat="45.84535600617528" lon="6.736436001956463">
        <ele>1133</ele>
        <time>2017-03-28T13:41:18Z</time>
      </trkpt>
      <trkpt lat="45.845169005915523" lon="6.735758995637298">
        <ele>1124</ele>
        <time>2017-03-28T13:41:38Z</time>
      </trkpt>
      <trkpt lat="45.845647025853395" lon="6.735724965110421">
        <ele>1113</ele>
        <time>2017-03-28T13:41:58Z</time>
      </trkpt>
      <trkpt lat="45.845749033614993" lon="6.73561398871243">
        <ele>1112</ele>
        <time>2017-03-28T13:42:18Z</time>
      </trkpt>
      <trkpt lat="45.845725983381271" lon="6.735030021518469">
        <ele>1102</ele>
        <time>2017-03-28T13:42:38Z</time>
      </trkpt>
      <trkpt lat="45.84611096419394" lon="6.734421998262405">
        <ele>1074</ele>
        <time>2017-03-28T13:42:58Z</time>
      </trkpt>
      <trkpt lat="45.845905020833015" lon="6.73430398106575">
        <ele>1072</ele>
        <time>2017-03-28T13:43:18Z</time>
      </trkpt>
      <trkpt lat="45.845775017514825" lon="6.733624963089824">
        <ele>1059</ele>
        <time>2017-03-28T13:43:38Z</time>
      </trkpt>
      <trkpt lat="45.845279982313514" lon="6.733480039983988">
        <ele>1057</ele>
        <time>2017-03-28T13:43:58Z</time>
      </trkpt>
      <trkpt lat="45.844306005164981" lon="6.732888026162982">
        <ele>1041</ele>
        <time>2017-03-28T13:44:18Z</time>
      </trkpt>
      <trkpt lat="45.844143982976675" lon="6.732430960983038">
        <ele>1032</ele>
        <time>2017-03-28T13:44:38Z</time>
      </trkpt>
      <trkpt lat="45.844314973801374" lon="6.731871971860528">
        <ele>1030</ele>
        <time>2017-03-28T13:44:58Z</time>
      </trkpt>
      <trkpt lat="45.84406997077167" lon="6.730580991134048">
        <ele>1022</ele>
        <time>2017-03-28T13:45:18Z</time>
      </trkpt>
      <trkpt lat="45.843803007155657" lon="6.730274967849255">
        <ele>1021</ele>
        <time>2017-03-28T13:45:38Z</time>
      </trkpt>
      <trkpt lat="45.84381197579205" lon="6.729685971513391">
        <ele>1018</ele>
        <time>2017-03-28T13:45:58Z</time>
      </trkpt>
      <trkpt lat="45.843668980523944" lon="6.729102004319429">
        <ele>1015</ele>
        <time>2017-03-28T13:46:18Z</time>
      </trkpt>
      <trkpt lat="45.843333033844829" lon="6.728689027950168">
        <ele>1015</ele>
        <time>2017-03-28T13:46:38Z</time>
      </trkpt>
      <trkpt lat="45.843277964740992" lon="6.727741034701467">
        <ele>1019</ele>
        <time>2017-03-28T13:46:58Z</time>
      </trkpt>
      <trkpt lat="45.84383200854063" lon="6.727575995028019">
        <ele>1021</ele>
        <time>2017-03-28T13:47:18Z</time>
      </trkpt>
      <trkpt lat="45.84426099434495" lon="6.727221021428704">
        <ele>1036</ele>
        <time>2017-03-28T13:47:38Z</time>
      </trkpt>
      <trkpt lat="45.844248002395034" lon="6.726980041712523">
        <ele>1041</ele>
        <time>2017-03-28T13:47:58Z</time>
      </trkpt>
      <trkpt lat="45.844013979658484" lon="6.726683992892504">
        <ele>1043</ele>
        <time>2017-03-28T13:48:18Z</time>
      </trkpt>
      <trkpt lat="45.84376897662878" lon="6.726522976532579">
        <ele>1056</ele>
        <time>2017-03-28T13:48:38Z</time>
      </trkpt>
      <trkpt lat="45.843440992757678" lon="6.726569999009371">
        <ele>1049</ele>
        <time>2017-03-28T13:48:58Z</time>
      </trkpt>
      <trkpt lat="45.843170005828142" lon="6.726209996268153">
        <ele>1053</ele>
        <time>2017-03-28T13:49:18Z</time>
      </trkpt>
      <trkpt lat="45.841679032891989" lon="6.7255599796772">
        <ele>1084</ele>
        <time>2017-03-28T13:49:38Z</time>
      </trkpt>
      <trkpt lat="45.841269996017218" lon="6.725510023534298">
        <ele>1085</ele>
        <time>2017-03-28T13:49:58Z</time>
      </trkpt>
      <trkpt lat="45.840918961912394" lon="6.725589986890554">
        <ele>1080</ele>
        <time>2017-03-28T13:50:18Z</time>
      </trkpt>
      <trkpt lat="45.840320996940136" lon="6.725310031324625">
        <ele>1080</ele>
        <time>2017-03-28T13:50:38Z</time>
      </trkpt>
      <trkpt lat="45.840060990303755" lon="6.725059999153018">
        <ele>1085</ele>
        <time>2017-03-28T13:50:58Z</time>
      </trkpt>
      <trkpt lat="45.839653965085745" lon="6.724989004433155">
        <ele>1088</ele>
        <time>2017-03-28T13:51:18Z</time>
      </trkpt>
      <trkpt lat="45.839218022301793" lon="6.725340038537979">
        <ele>1067</ele>
        <time>2017-03-28T13:51:38Z</time>
      </trkpt>
      <trkpt lat="45.839019035920501" lon="6.725143985822797">
        <ele>1063</ele>
        <time>2017-03-28T13:51:58Z</time>
      </trkpt>
      <trkpt lat="45.838935971260071" lon="6.724231028929353">
        <ele>1082</ele>
        <time>2017-03-28T13:52:18Z</time>
      </trkpt>
      <trkpt lat="45.838790964335203" lon="6.724209990352392">
        <ele>1079</ele>
        <time>2017-03-28T13:52:38Z</time>
      </trkpt>
      <trkpt lat="45.83865400403738" lon="6.724861012771726">
        <ele>1071</ele>
        <time>2017-03-28T13:52:58Z</time>
      </trkpt>
      <trkpt lat="45.838442025706172" lon="6.72512898221612">
        <ele>1060</ele>
        <time>2017-03-28T13:53:18Z</time>
      </trkpt>
      <trkpt lat="45.837959982454777" lon="6.725220009684563">
        <ele>1055</ele>
        <time>2017-03-28T13:53:38Z</time>
      </trkpt>
      <trkpt lat="45.837778011336923" lon="6.724738972261548">
        <ele>1063</ele>
        <time>2017-03-28T13:53:58Z</time>
      </trkpt>
      <trkpt lat="45.837384983897209" lon="6.724837962538004">
        <ele>1058</ele>
        <time>2017-03-28T13:54:18Z</time>
      </trkpt>
      <trkpt lat="45.835071997717023" lon="6.7255599796772">
        <ele>1060</ele>
        <time>2017-03-28T13:54:38Z</time>
      </trkpt>
      <trkpt lat="45.834365990012884" lon="6.725369961932302">
        <ele>1063</ele>
        <time>2017-03-28T13:54:58Z</time>
      </trkpt>
      <trkpt lat="45.833914959803224" lon="6.725582024082542">
        <ele>1063</ele>
        <time>2017-03-28T13:55:18Z</time>
      </trkpt>
      <trkpt lat="45.833724020048976" lon="6.725714039057493">
        <ele>1063</ele>
        <time>2017-03-28T13:55:38Z</time>
      </trkpt>
      <trkpt lat="45.833249017596245" lon="6.725931968539953">
        <ele>1060</ele>
        <time>2017-03-28T13:55:58Z</time>
      </trkpt>
      <trkpt lat="45.833040978759527" lon="6.726218964904547">
        <ele>1061</ele>
        <time>2017-03-28T13:56:18Z</time>
      </trkpt>
      <trkpt lat="45.833005020394921" lon="6.726751970127225">
        <ele>1061</ele>
        <time>2017-03-28T13:56:38Z</time>
      </trkpt>
      <trkpt lat="45.832355003803968" lon="6.726261964067817">
        <ele>1069</ele>
        <time>2017-03-28T13:56:58Z</time>
      </trkpt>
      <trkpt lat="45.831944039091468" lon="6.726433038711548">
        <ele>1072</ele>
        <time>2017-03-28T13:57:18Z</time>
      </trkpt>
      <trkpt lat="45.831623012199998" lon="6.726228017359972">
        <ele>1078</ele>
        <time>2017-03-28T13:57:38Z</time>
      </trkpt>
      <trkpt lat="45.831245994195342" lon="6.726145958527923">
        <ele>1079</ele>
        <time>2017-03-28T13:57:58Z</time>
      </trkpt>
      <trkpt lat="45.829875972121954" lon="6.726548038423061">
        <ele>1091</ele>
        <time>2017-03-28T13:58:18Z</time>
      </trkpt>
      <trkpt lat="45.829367022961378" lon="6.726335976272821">
        <ele>1091</ele>
        <time>2017-03-28T13:58:38Z</time>
      </trkpt>
      <trkpt lat="45.828991010785103" lon="6.726704025641084">
        <ele>1106</ele>
        <time>2017-03-28T13:58:58Z</time>
      </trkpt>
      <trkpt lat="45.828703008592129" lon="6.726505039259791">
        <ele>1101</ele>
        <time>2017-03-28T13:59:18Z</time>
      </trkpt>
      <trkpt lat="45.827722996473312" lon="6.725308019667864">
        <ele>1102</ele>
        <time>2017-03-28T13:59:38Z</time>
      </trkpt>
      <trkpt lat="45.827468018978834" lon="6.725357975810766">
        <ele>1108</ele>
        <time>2017-03-28T13:59:58Z</time>
      </trkpt>
      <trkpt lat="45.827117990702391" lon="6.725858962163329">
        <ele>1122</ele>
        <time>2017-03-28T14:00:18Z</time>
      </trkpt>
      <trkpt lat="45.826512984931469" lon="6.72581797465682">
        <ele>1116</ele>
        <time>2017-03-28T14:00:38Z</time>
      </trkpt>
      <trkpt lat="45.82604099996388" lon="6.726279985159636">
        <ele>1128</ele>
        <time>2017-03-28T14:00:58Z</time>
      </trkpt>
      <trkpt lat="45.825744029134512" lon="6.726304963231087">
        <ele>1129</ele>
        <time>2017-03-28T14:01:18Z</time>
      </trkpt>
      <trkpt lat="45.825507994741201" lon="6.72607203014195">
        <ele>1126</ele>
        <time>2017-03-28T14:01:38Z</time>
      </trkpt>
      <trkpt lat="45.824891002848744" lon="6.726347962394357">
        <ele>1134</ele>
        <time>2017-03-28T14:01:58Z</time>
      </trkpt>
      <trkpt lat="45.823810994625092" lon="6.725712027400732">
        <ele>1130</ele>
        <time>2017-03-28T14:02:18Z</time>
      </trkpt>
      <trkpt lat="45.823487034067512" lon="6.725759971886873">
        <ele>1134</ele>
        <time>2017-03-28T14:02:38Z</time>
      </trkpt>
      <trkpt lat="45.822573993355036" lon="6.725311959162355">
        <ele>1134</ele>
        <time>2017-03-28T14:02:58Z</time>
      </trkpt>
      <trkpt lat="45.821044966578484" lon="6.725957030430436">
        <ele>1140</ele>
        <time>2017-03-28T14:03:18Z</time>
      </trkpt>
      <trkpt lat="45.820400984957814" lon="6.726657003164291">
        <ele>1141</ele>
        <time>2017-03-28T14:03:38Z</time>
      </trkpt>
      <trkpt lat="45.82002597860992" lon="6.726971995085478">
        <ele>1148</ele>
        <time>2017-03-28T14:03:58Z</time>
      </trkpt>
      <trkpt lat="45.818808004260063" lon="6.727175004780293">
        <ele>1145</ele>
        <time>2017-03-28T14:04:18Z</time>
      </trkpt>
      <trkpt lat="45.817388026043773" lon="6.7275770008564">
        <ele>1154</ele>
        <time>2017-03-28T14:04:38Z</time>
      </trkpt>
      <trkpt lat="45.816943030804396" lon="6.727552022784948">
        <ele>1156</ele>
        <time>2017-03-28T14:04:58Z</time>
      </trkpt>
      <trkpt lat="45.816729962825775" lon="6.72734297811985">
        <ele>1155</ele>
        <time>2017-03-28T14:05:18Z</time>
      </trkpt>
      <trkpt lat="45.816587973386049" lon="6.727128988131881">
        <ele>1157</ele>
        <time>2017-03-28T14:05:38Z</time>
      </trkpt>
      <trkpt lat="45.816340958699584" lon="6.726936958730221">
        <ele>1157</ele>
        <time>2017-03-28T14:05:58Z</time>
      </trkpt>
      <trkpt lat="45.816401978954673" lon="6.726701008155942">
        <ele>1157</ele>
        <time>2017-03-28T14:06:18Z</time>
      </trkpt>
      <trkpt lat="45.81570602953434" lon="6.726179989054799">
        <ele>1161</ele>
        <time>2017-03-28T14:06:38Z</time>
      </trkpt>
      <trkpt lat="45.814518984407187" lon="6.726140007376671">
        <ele>1163</ele>
        <time>2017-03-28T14:06:58Z</time>
      </trkpt>
      <trkpt lat="45.813937028869987" lon="6.726809972897172">
        <ele>1164</ele>
        <time>2017-03-28T14:07:18Z</time>
      </trkpt>
      <trkpt lat="45.813015019521117" lon="6.72686998732388">
        <ele>1165</ele>
        <time>2017-03-28T14:07:38Z</time>
      </trkpt>
      <trkpt lat="45.812991969287395" lon="6.726765967905521">
        <ele>1165</ele>
        <time>2017-03-28T14:07:58Z</time>
      </trkpt>
      <trkpt lat="45.811599986627698" lon="6.72686998732388">
        <ele>1164</ele>
        <time>2017-03-28T14:08:18Z</time>
      </trkpt>
      <trkpt lat="45.810977965593338" lon="6.727161007001996">
        <ele>1164</ele>
        <time>2017-03-28T14:08:38Z</time>
      </trkpt>
      <trkpt lat="45.811028005555272" lon="6.727483039721847">
        <ele>1164</ele>
        <time>2017-03-28T14:08:58Z</time>
      </trkpt>
      <trkpt lat="45.810882998630404" lon="6.727500976994634">
        <ele>1164</ele>
        <time>2017-03-28T14:09:18Z</time>
      </trkpt>
      <trkpt lat="45.810602037236094" lon="6.727443980053067">
        <ele>1165</ele>
        <time>2017-03-28T14:09:38Z</time>
      </trkpt>
      <trkpt lat="45.810481002554297" lon="6.727356975898147">
        <ele>1165</ele>
        <time>2017-03-28T14:09:58Z</time>
      </trkpt>
      <trkpt lat="45.810300037264824" lon="6.727311965078116">
        <ele>1166</ele>
        <time>2017-03-28T14:10:18Z</time>
      </trkpt>
      <trkpt lat="45.809590006247163" lon="6.727308025583625">
        <ele>1168</ele>
        <time>2017-03-28T14:10:38Z</time>
      </trkpt>
      <trkpt lat="45.809309966862202" lon="6.727187996730208">
        <ele>1168</ele>
        <time>2017-03-28T14:10:58Z</time>
      </trkpt>
      <trkpt lat="45.808908976614475" lon="6.727483039721847">
        <ele>1171</ele>
        <time>2017-03-28T14:11:18Z</time>
      </trkpt>
      <trkpt lat="45.808419976383448" lon="6.726928995922208">
        <ele>1171</ele>
        <time>2017-03-28T14:11:38Z</time>
      </trkpt>
      <trkpt lat="45.807944973930717" lon="6.726538985967636">
        <ele>1173</ele>
        <time>2017-03-28T14:11:58Z</time>
      </trkpt>
      <trkpt lat="45.805439036339521" lon="6.725059999153018">
        <ele>1175</ele>
        <time>2017-03-28T14:12:18Z</time>
      </trkpt>
      <trkpt lat="45.804994041100144" lon="6.724881967529655">
        <ele>1177</ele>
        <time>2017-03-28T14:12:38Z</time>
      </trkpt>
      <trkpt lat="45.804160963743925" lon="6.724850032478571">
        <ele>1178</ele>
        <time>2017-03-28T14:12:58Z</time>
      </trkpt>
      <trkpt lat="45.80344095826149" lon="6.72437896952033">
        <ele>1178</ele>
        <time>2017-03-28T14:13:18Z</time>
      </trkpt>
      <trkpt lat="45.803089002147317" lon="6.724722040817142">
        <ele>1179</ele>
        <time>2017-03-28T14:13:38Z</time>
      </trkpt>
      <trkpt lat="45.801398959010839" lon="6.724409982562065">
        <ele>1185</ele>
        <time>2017-03-28T14:13:58Z</time>
      </trkpt>
      <trkpt lat="45.800574012100697" lon="6.724155005067587">
        <ele>1185</ele>
        <time>2017-03-28T14:14:18Z</time>
      </trkpt>
      <trkpt lat="45.800093980506063" lon="6.724092978984118">
        <ele>1186</ele>
        <time>2017-03-28T14:14:38Z</time>
      </trkpt>
      <trkpt lat="45.799681004136801" lon="6.723869014531374">
        <ele>1193</ele>
        <time>2017-03-28T14:14:58Z</time>
      </trkpt>
      <trkpt lat="45.799354026094079" lon="6.723035015165806">
        <ele>1188</ele>
        <time>2017-03-28T14:15:18Z</time>
      </trkpt>
      <trkpt lat="45.797191997990012" lon="6.720839962363243">
        <ele>1189</ele>
        <time>2017-03-28T14:15:38Z</time>
      </trkpt>
      <trkpt lat="45.796761000528932" lon="6.720569981262088">
        <ele>1190</ele>
        <time>2017-03-28T14:15:58Z</time>
      </trkpt>
      <trkpt lat="45.795638998970389" lon="6.719559961929917">
        <ele>1204</ele>
        <time>2017-03-28T14:16:18Z</time>
      </trkpt>
      <trkpt lat="45.794392023235559" lon="6.718590008094907">
        <ele>1211</ele>
        <time>2017-03-28T14:16:38Z</time>
      </trkpt>
      <trkpt lat="45.793910985812545" lon="6.718409964814782">
        <ele>1225</ele>
        <time>2017-03-28T14:16:58Z</time>
      </trkpt>
      <trkpt lat="45.793671011924744" lon="6.718560000881553">
        <ele>1234</ele>
        <time>2017-03-28T14:17:18Z</time>
      </trkpt>
      <trkpt lat="45.793313020840287" lon="6.718308962881565">
        <ele>1228</ele>
        <time>2017-03-28T14:17:38Z</time>
      </trkpt>
      <trkpt lat="45.792730981484056" lon="6.717400029301643">
        <ele>1223</ele>
        <time>2017-03-28T14:17:58Z</time>
      </trkpt>
      <trkpt lat="45.792199987918139" lon="6.716880016028881">
        <ele>1236</ele>
        <time>2017-03-28T14:18:18Z</time>
      </trkpt>
      <trkpt lat="45.791657008230686" lon="6.716191023588181">
        <ele>1235</ele>
        <time>2017-03-28T14:18:38Z</time>
      </trkpt>
      <trkpt lat="45.791493980214" lon="6.716045010834932">
        <ele>1233</ele>
        <time>2017-03-28T14:18:58Z</time>
      </trkpt>
      <trkpt lat="45.791414016857743" lon="6.715857004746795">
        <ele>1232</ele>
        <time>2017-03-28T14:19:18Z</time>
      </trkpt>
      <trkpt lat="45.78979698009789" lon="6.714701978489757">
        <ele>1264</ele>
        <time>2017-03-28T14:19:38Z</time>
      </trkpt>
      <trkpt lat="45.789107987657189" lon="6.714309034869075">
        <ele>1279</ele>
        <time>2017-03-28T14:19:58Z</time>
      </trkpt>
      <trkpt lat="45.788526032119989" lon="6.714119017124176">
        <ele>1280</ele>
        <time>2017-03-28T14:20:18Z</time>
      </trkpt>
      <trkpt lat="45.787983974441886" lon="6.713693970814347">
        <ele>1292</ele>
        <time>2017-03-28T14:20:38Z</time>
      </trkpt>
      <trkpt lat="45.786648988723755" lon="6.7129469756037">
        <ele>1327</ele>
        <time>2017-03-28T14:20:58Z</time>
      </trkpt>
      <trkpt lat="45.785511983558536" lon="6.712734997272492">
        <ele>1349</ele>
        <time>2017-03-28T14:21:18Z</time>
      </trkpt>
      <trkpt lat="45.784988030791283" lon="6.712587978690863">
        <ele>1352</ele>
        <time>2017-03-28T14:21:38Z</time>
      </trkpt>
      <trkpt lat="45.784500036388636" lon="6.712719993665814">
        <ele>1363</ele>
        <time>2017-03-28T14:21:58Z</time>
      </trkpt>
      <trkpt lat="45.784222008660436" lon="6.713059963658452">
        <ele>1368</ele>
        <time>2017-03-28T14:22:18Z</time>
      </trkpt>
      <trkpt lat="45.783836022019386" lon="6.713160965591669">
        <ele>1377</ele>
        <time>2017-03-28T14:22:38Z</time>
      </trkpt>
      <trkpt lat="45.783570986241102" lon="6.713548041880131">
        <ele>1380</ele>
        <time>2017-03-28T14:22:58Z</time>
      </trkpt>
      <trkpt lat="45.783254988491535" lon="6.714126979932189">
        <ele>1382</ele>
        <time>2017-03-28T14:23:18Z</time>
      </trkpt>
      <trkpt lat="45.783119034022093" lon="6.714427974075079">
        <ele>1385</ele>
        <time>2017-03-28T14:23:38Z</time>
      </trkpt>
      <trkpt lat="45.782720977440476" lon="6.714999033138156">
        <ele>1388</ele>
        <time>2017-03-28T14:23:58Z</time>
      </trkpt>
      <trkpt lat="45.782030979171395" lon="6.715170023962855">
        <ele>1397</ele>
        <time>2017-03-28T14:24:18Z</time>
      </trkpt>
      <trkpt lat="45.7815230358392" lon="6.715521980077028">
        <ele>1405</ele>
        <time>2017-03-28T14:24:38Z</time>
      </trkpt>
      <trkpt lat="45.781031018123031" lon="6.71518100425601">
        <ele>1407</ele>
        <time>2017-03-28T14:24:58Z</time>
      </trkpt>
      <trkpt lat="45.780028039589524" lon="6.714928960427642">
        <ele>1425</ele>
        <time>2017-03-28T14:25:18Z</time>
      </trkpt>
      <trkpt lat="45.779658984392881" lon="6.714658979326487">
        <ele>1440</ele>
        <time>2017-03-28T14:25:38Z</time>
      </trkpt>
      <trkpt lat="45.779208960011601" lon="6.714919991791248">
        <ele>1443</ele>
        <time>2017-03-28T14:25:58Z</time>
      </trkpt>
      <trkpt lat="45.778556009754539" lon="6.714860983192921">
        <ele>1454</ele>
        <time>2017-03-28T14:26:18Z</time>
      </trkpt>
      <trkpt lat="45.778305977582932" lon="6.714690998196602">
        <ele>1465</ele>
        <time>2017-03-28T14:26:38Z</time>
      </trkpt>
      <trkpt lat="45.778077989816666" lon="6.714273998513818">
        <ele>1471</ele>
        <time>2017-03-28T14:26:58Z</time>
      </trkpt>
      <trkpt lat="45.777924014255404" lon="6.714242985472083">
        <ele>1474</ele>
        <time>2017-03-28T14:27:18Z</time>
      </trkpt>
      <trkpt lat="45.77759200707078" lon="6.714378017932177">
        <ele>1479</ele>
        <time>2017-03-28T14:27:38Z</time>
      </trkpt>
      <trkpt lat="45.777229992672801" lon="6.714481031522155">
        <ele>1495</ele>
        <time>2017-03-28T14:27:58Z</time>
      </trkpt>
      <trkpt lat="45.776850963011384" lon="6.714899959042668">
        <ele>1496</ele>
        <time>2017-03-28T14:28:18Z</time>
      </trkpt>
      <trkpt lat="45.776386018842459" lon="6.714890990406275">
        <ele>1519</ele>
        <time>2017-03-28T14:28:38Z</time>
      </trkpt>
      <trkpt lat="45.775768021121621" lon="6.715166000649333">
        <ele>1531</ele>
        <time>2017-03-28T14:28:58Z</time>
      </trkpt>
      <trkpt lat="45.775584038347006" lon="6.715510999783874">
        <ele>1530</ele>
        <time>2017-03-28T14:29:18Z</time>
      </trkpt>
      <trkpt lat="45.77525001950562" lon="6.715780980885029">
        <ele>1531</ele>
        <time>2017-03-28T14:29:38Z</time>
      </trkpt>
      <trkpt lat="45.774367991834879" lon="6.715809982270002">
        <ele>1550</ele>
        <time>2017-03-28T14:29:58Z</time>
      </trkpt>
      <trkpt lat="45.774071021005511" lon="6.715949960052967">
        <ele>1539</ele>
        <time>2017-03-28T14:30:18Z</time>
      </trkpt>
      <trkpt lat="45.773392003029585" lon="6.715939985588193">
        <ele>1540</ele>
        <time>2017-03-28T14:30:38Z</time>
      </trkpt>
      <trkpt lat="45.77273896895349" lon="6.715679978951812">
        <ele>1558</ele>
        <time>2017-03-28T14:30:58Z</time>
      </trkpt>
      <trkpt lat="45.771949980407953" lon="6.715800007805228">
        <ele>1557</ele>
        <time>2017-03-28T14:31:18Z</time>
      </trkpt>
      <trkpt lat="45.771500039845705" lon="6.715660030022264">
        <ele>1554</ele>
        <time>2017-03-28T14:31:38Z</time>
      </trkpt>
      <trkpt lat="45.771391997113824" lon="6.715441010892391">
        <ele>1556</ele>
        <time>2017-03-28T14:31:58Z</time>
      </trkpt>
      <trkpt lat="45.770734017714858" lon="6.715334979817271">
        <ele>1550</ele>
        <time>2017-03-28T14:32:18Z</time>
      </trkpt>
      <trkpt lat="45.770031027495861" lon="6.714839022606611">
        <ele>1555</ele>
        <time>2017-03-28T14:32:38Z</time>
      </trkpt>
      <trkpt lat="45.769161991775036" lon="6.714673982933164">
        <ele>1559</ele>
        <time>2017-03-28T14:32:58Z</time>
      </trkpt>
      <trkpt lat="45.768608031794429" lon="6.714439960196614">
        <ele>1561</ele>
        <time>2017-03-28T14:33:18Z</time>
      </trkpt>
      <trkpt lat="45.767835974693298" lon="6.714035030454397">
        <ele>1566</ele>
        <time>2017-03-28T14:33:38Z</time>
      </trkpt>
      <trkpt lat="45.766762001439929" lon="6.71314001083374">
        <ele>1570</ele>
        <time>2017-03-28T14:33:58Z</time>
      </trkpt>
      <trkpt lat="45.764881018549204" lon="6.71253802254796">
        <ele>1583</ele>
        <time>2017-03-28T14:34:18Z</time>
      </trkpt>
      <trkpt lat="45.764591004699469" lon="6.712369965389371">
        <ele>1591</ele>
        <time>2017-03-28T14:34:38Z</time>
      </trkpt>
      <trkpt lat="45.764300990849733" lon="6.712351022288203">
        <ele>1590</ele>
        <time>2017-03-28T14:34:58Z</time>
      </trkpt>
      <trkpt lat="45.763578973710537" lon="6.711988002061844">
        <ele>1594</ele>
        <time>2017-03-28T14:35:18Z</time>
      </trkpt>
      <trkpt lat="45.76311101205647" lon="6.711839977651835">
        <ele>1599</ele>
        <time>2017-03-28T14:35:38Z</time>
      </trkpt>
      <trkpt lat="45.762089006602764" lon="6.711339997127652">
        <ele>1613</ele>
        <time>2017-03-28T14:35:58Z</time>
      </trkpt>
      <trkpt lat="45.761474026367068" lon="6.711283000186086">
        <ele>1627</ele>
        <time>2017-03-28T14:36:18Z</time>
      </trkpt>
      <trkpt lat="45.761036993935704" lon="6.7109489813447">
        <ele>1631</ele>
        <time>2017-03-28T14:36:38Z</time>
      </trkpt>
      <trkpt lat="45.760569032281637" lon="6.711041014641523">
        <ele>1644</ele>
        <time>2017-03-28T14:36:58Z</time>
      </trkpt>
      <trkpt lat="45.760079026222229" lon="6.711251987144351">
        <ele>1650</ele>
        <time>2017-03-28T14:37:18Z</time>
      </trkpt>
      <trkpt lat="45.759111000224948" lon="6.710484037175775">
        <ele>1684</ele>
        <time>2017-03-28T14:37:38Z</time>
      </trkpt>
      <trkpt lat="45.758928023278713" lon="6.710421005263925">
        <ele>1686</ele>
        <time>2017-03-28T14:37:58Z</time>
      </trkpt>
      <trkpt lat="45.758764995262027" lon="6.710663996636868">
        <ele>1686</ele>
        <time>2017-03-28T14:38:18Z</time>
      </trkpt>
      <trkpt lat="45.758646978065372" lon="6.710675982758403">
        <ele>1688</ele>
        <time>2017-03-28T14:38:38Z</time>
      </trkpt>
      <trkpt lat="45.758514041081071" lon="6.710805986076593">
        <ele>1689</ele>
        <time>2017-03-28T14:38:58Z</time>
      </trkpt>
      <trkpt lat="45.758293010294437" lon="6.710710013285279">
        <ele>1696</ele>
        <time>2017-03-28T14:39:18Z</time>
      </trkpt>
      <trkpt lat="45.758071979507804" lon="6.71073398552835">
        <ele>1700</ele>
        <time>2017-03-28T14:39:38Z</time>
      </trkpt>
      <trkpt lat="45.757990004494786" lon="6.711054006591439">
        <ele>1697</ele>
        <time>2017-03-28T14:39:58Z</time>
      </trkpt>
      <trkpt lat="45.757883973419666" lon="6.711095999926329">
        <ele>1698</ele>
        <time>2017-03-28T14:40:18Z</time>
      </trkpt>
      <trkpt lat="45.757648022845387" lon="6.710920985788107">
        <ele>1702</ele>
        <time>2017-03-28T14:40:38Z</time>
      </trkpt>
      <trkpt lat="45.757435038685799" lon="6.710692998021841">
        <ele>1708</ele>
        <time>2017-03-28T14:40:58Z</time>
      </trkpt>
      <trkpt lat="45.757217025384307" lon="6.710585039108992">
        <ele>1709</ele>
        <time>2017-03-28T14:41:18Z</time>
      </trkpt>
      <trkpt lat="45.756964981555939" lon="6.710274992510676">
        <ele>1711</ele>
        <time>2017-03-28T14:41:38Z</time>
      </trkpt>
      <trkpt lat="45.756876971572638" lon="6.709628999233246">
        <ele>1724</ele>
        <time>2017-03-28T14:41:58Z</time>
      </trkpt>
      <trkpt lat="45.756660969927907" lon="6.708874963223934">
        <ele>1745</ele>
        <time>2017-03-28T14:42:18Z</time>
      </trkpt>
      <trkpt lat="45.755920009687543" lon="6.707959994673729">
        <ele>1764</ele>
        <time>2017-03-28T14:42:38Z</time>
      </trkpt>
      <trkpt lat="45.755772991105914" lon="6.707873996347189">
        <ele>1775</ele>
        <time>2017-03-28T14:42:58Z</time>
      </trkpt>
      <trkpt lat="45.755536034703255" lon="6.707616001367569">
        <ele>1778</ele>
        <time>2017-03-28T14:43:18Z</time>
      </trkpt>
      <trkpt lat="45.75514099560678" lon="6.70727301388979">
        <ele>1792</ele>
        <time>2017-03-28T14:43:38Z</time>
      </trkpt>
      <trkpt lat="45.75514099560678" lon="6.70727301388979">
        <ele>1792</ele>
        <time>2017-03-28T14:43:58Z</time>
      </trkpt>
      <trkpt lat="45.755016021430492" lon="6.707068998366594">
        <ele>1794</ele>
        <time>2017-03-28T14:44:18Z</time>
      </trkpt>
      <trkpt lat="45.755165973678231" lon="6.706918962299824">
        <ele>1795</ele>
        <time>2017-03-28T14:44:38Z</time>
      </trkpt>
      <trkpt lat="45.755539974197745" lon="6.706789964810014">
        <ele>1793</ele>
        <time>2017-03-28T14:44:58Z</time>
      </trkpt>
      <trkpt lat="45.755421034991741" lon="6.706469021737576">
        <ele>1805</ele>
        <time>2017-03-28T14:45:18Z</time>
      </trkpt>
      <trkpt lat="45.755569981411099" lon="6.705974992364645">
        <ele>1809</ele>
        <time>2017-03-28T14:45:38Z</time>
      </trkpt>
      <trkpt lat="45.755765028297901" lon="6.705589005723596">
        <ele>1821</ele>
        <time>2017-03-28T14:45:58Z</time>
      </trkpt>
      <trkpt lat="45.755988992750645" lon="6.705695958808065">
        <ele>1812</ele>
        <time>2017-03-28T14:46:18Z</time>
      </trkpt>
      <trkpt lat="45.756228966638446" lon="6.705117020756006">
        <ele>1817</ele>
        <time>2017-03-28T14:46:38Z</time>
      </trkpt>
      <trkpt lat="45.755959991365671" lon="6.705266973003745">
        <ele>1819</ele>
        <time>2017-03-28T14:46:58Z</time>
      </trkpt>
      <trkpt lat="45.755644999444485" lon="6.704945024102926">
        <ele>1841</ele>
        <time>2017-03-28T14:47:18Z</time>
      </trkpt>
      <trkpt lat="45.755869969725609" lon="6.704923985525966">
        <ele>1834</ele>
        <time>2017-03-28T14:47:38Z</time>
      </trkpt>
      <trkpt lat="45.756018999963999" lon="6.704559037461877">
        <ele>1838</ele>
        <time>2017-03-28T14:47:58Z</time>
      </trkpt>
      <trkpt lat="45.755795035511255" lon="6.704559037461877">
        <ele>1847</ele>
        <time>2017-03-28T14:48:18Z</time>
      </trkpt>
      <trkpt lat="45.75572001747787" lon="6.704237004742026">
        <ele>1852</ele>
        <time>2017-03-28T14:48:38Z</time>
      </trkpt>
      <trkpt lat="45.755795035511255" lon="6.704000970348716">
        <ele>1863</ele>
        <time>2017-03-28T14:48:58Z</time>
      </trkpt>
      <trkpt lat="45.755750024691224" lon="6.703293034806848">
        <ele>1881</ele>
        <time>2017-03-28T14:49:18Z</time>
      </trkpt>
      <trkpt lat="45.755614992231131" lon="6.702734967693687">
        <ele>1893</ele>
        <time>2017-03-28T14:49:38Z</time>
      </trkpt>
      <trkpt lat="45.755614992231131" lon="6.702519971877337">
        <ele>1894</ele>
        <time>2017-03-28T14:49:58Z</time>
      </trkpt>
      <trkpt lat="45.755509966984391" lon="6.702734967693687">
        <ele>1894</ele>
        <time>2017-03-28T14:50:18Z</time>
      </trkpt>
      <trkpt lat="45.755450036376715" lon="6.703099999576807">
        <ele>1891</ele>
        <time>2017-03-28T14:50:38Z</time>
      </trkpt>
      <trkpt lat="45.755210984498262" lon="6.703356988728046">
        <ele>1880</ele>
        <time>2017-03-28T14:50:58Z</time>
      </trkpt>
      <trkpt lat="45.755016021430492" lon="6.703593023121357">
        <ele>1878</ele>
        <time>2017-03-28T14:51:18Z</time>
      </trkpt>
      <trkpt lat="45.754896998405457" lon="6.703313989564776">
        <ele>1896</ele>
        <time>2017-03-28T14:51:38Z</time>
      </trkpt>
      <trkpt lat="45.754642020910978" lon="6.703336033970118">
        <ele>1884</ele>
        <time>2017-03-28T14:51:58Z</time>
      </trkpt>
      <trkpt lat="45.754027962684631" lon="6.702777966856957">
        <ele>1920</ele>
        <time>2017-03-28T14:52:18Z</time>
      </trkpt>
      <trkpt lat="45.753698972985148" lon="6.702971002086997">
        <ele>1923</ele>
        <time>2017-03-28T14:52:38Z</time>
      </trkpt>
      <trkpt lat="45.753758987411857" lon="6.703250035643578">
        <ele>1919</ele>
        <time>2017-03-28T14:52:58Z</time>
      </trkpt>
      <trkpt lat="45.753668965771794" lon="6.704300958663225">
        <ele>1899</ele>
        <time>2017-03-28T14:53:18Z</time>
      </trkpt>
      <trkpt lat="45.753383981063962" lon="6.705675004050136">
        <ele>1887</ele>
        <time>2017-03-28T14:53:38Z</time>
      </trkpt>
      <trkpt lat="45.75310000218451" lon="6.706360979005694">
        <ele>1894</ele>
        <time>2017-03-28T14:53:58Z</time>
      </trkpt>
      <trkpt lat="45.752815017476678" lon="6.706683011725545">
        <ele>1886</ele>
        <time>2017-03-28T14:54:18Z</time>
      </trkpt>
      <trkpt lat="45.752590969204903" lon="6.707369992509484">
        <ele>1884</ele>
        <time>2017-03-28T14:54:38Z</time>
      </trkpt>
      <trkpt lat="45.75230598449707" lon="6.707820016890764">
        <ele>1900</ele>
        <time>2017-03-28T14:54:58Z</time>
      </trkpt>
      <trkpt lat="45.752082020044327" lon="6.708657033741474">
        <ele>1891</ele>
        <time>2017-03-28T14:55:18Z</time>
      </trkpt>
      <trkpt lat="45.75127299875021" lon="6.709473012015224">
        <ele>1914</ele>
        <time>2017-03-28T14:55:38Z</time>
      </trkpt>
      <trkpt lat="45.751212984323502" lon="6.709901997819543">
        <ele>1912</ele>
        <time>2017-03-28T14:55:58Z</time>
      </trkpt>
      <trkpt lat="45.750874020159245" lon="6.710241967812181">
        <ele>1909</ele>
        <time>2017-03-28T14:56:18Z</time>
      </trkpt>
      <trkpt lat="45.750488033518195" lon="6.71036995947361">
        <ele>1926</ele>
        <time>2017-03-28T14:56:38Z</time>
      </trkpt>
      <trkpt lat="45.750334979966283" lon="6.71075502410531">
        <ele>1925</ele>
        <time>2017-03-28T14:56:58Z</time>
      </trkpt>
      <trkpt lat="45.750211011618376" lon="6.710903970524669">
        <ele>1922</ele>
        <time>2017-03-28T14:57:18Z</time>
      </trkpt>
      <trkpt lat="45.750114032998681" lon="6.711393976584077">
        <ele>1919</ele>
        <time>2017-03-28T14:57:38Z</time>
      </trkpt>
      <trkpt lat="45.74972502887249" lon="6.712116999551654">
        <ele>1926</ele>
        <time>2017-03-28T14:57:58Z</time>
      </trkpt>
      <trkpt lat="45.749530987814069" lon="6.71228002756834">
        <ele>1927</ele>
        <time>2017-03-28T14:58:18Z</time>
      </trkpt>
      <trkpt lat="45.749285984784365" lon="6.713130958378315">
        <ele>1920</ele>
        <time>2017-03-28T14:58:38Z</time>
      </trkpt>
      <trkpt lat="45.748586012050509" lon="6.714194035157561">
        <ele>1927</ele>
        <time>2017-03-28T14:58:58Z</time>
      </trkpt>
      <trkpt lat="45.748146967962384" lon="6.714350022375584">
        <ele>1932</ele>
        <time>2017-03-28T14:59:18Z</time>
      </trkpt>
      <trkpt lat="45.747861983254552" lon="6.714700972661376">
        <ele>1934</ele>
        <time>2017-03-28T14:59:38Z</time>
      </trkpt>
      <trkpt lat="45.74764003045857" lon="6.714785965159535">
        <ele>1935</ele>
        <time>2017-03-28T14:59:58Z</time>
      </trkpt>
      <trkpt lat="45.747762992978096" lon="6.714956033974886">
        <ele>1934</ele>
        <time>2017-03-28T15:00:18Z</time>
      </trkpt>
      <trkpt lat="45.747292013838887" lon="6.715210005640984">
        <ele>1942</ele>
        <time>2017-03-28T15:00:38Z</time>
      </trkpt>
      <trkpt lat="45.747109036892653" lon="6.71556799672544">
        <ele>1945</ele>
        <time>2017-03-28T15:00:58Z</time>
      </trkpt>
      <trkpt lat="45.74712697416544" lon="6.71582599170506">
        <ele>1945</ele>
        <time>2017-03-28T15:01:18Z</time>
      </trkpt>
      <trkpt lat="45.747004011645913" lon="6.715998994186521">
        <ele>1950</ele>
        <time>2017-03-28T15:01:38Z</time>
      </trkpt>
      <trkpt lat="45.746683990582824" lon="6.717060981318355">
        <ele>1961</ele>
        <time>2017-03-28T15:01:58Z</time>
      </trkpt>
      <trkpt lat="45.746559016406536" lon="6.717330040410161">
        <ele>1975</ele>
        <time>2017-03-28T15:02:18Z</time>
      </trkpt>
      <trkpt lat="45.746658006682992" lon="6.718100002035499">
        <ele>1983</ele>
        <time>2017-03-28T15:02:38Z</time>
      </trkpt>
      <trkpt lat="45.746390959247947" lon="6.717870002612472">
        <ele>1985</ele>
        <time>2017-03-28T15:02:58Z</time>
      </trkpt>
      <trkpt lat="45.745856026187539" lon="6.717214034870267">
        <ele>1988</ele>
        <time>2017-03-28T15:03:18Z</time>
      </trkpt>
      <trkpt lat="45.745240040123463" lon="6.716960985213518">
        <ele>2023</ele>
        <time>2017-03-28T15:03:38Z</time>
      </trkpt>
      <trkpt lat="45.744927981868386" lon="6.716561000794172">
        <ele>2042</ele>
        <time>2017-03-28T15:03:58Z</time>
      </trkpt>
      <trkpt lat="45.744803007692099" lon="6.716091027483344">
        <ele>2043</ele>
        <time>2017-03-28T15:04:18Z</time>
      </trkpt>
      <trkpt lat="45.74467702768743" lon="6.715992959216237">
        <ele>2044</ele>
        <time>2017-03-28T15:04:38Z</time>
      </trkpt>
      <trkpt lat="45.74420596472919" lon="6.715992037206888">
        <ele>2049</ele>
        <time>2017-03-28T15:04:58Z</time>
      </trkpt>
      <trkpt lat="45.743928020820022" lon="6.715732030570507">
        <ele>2056</ele>
        <time>2017-03-28T15:05:18Z</time>
      </trkpt>
      <trkpt lat="45.743584027513862" lon="6.715601021423936">
        <ele>2061</ele>
        <time>2017-03-28T15:05:38Z</time>
      </trkpt>
      <trkpt lat="45.743035012856126" lon="6.715520974248648">
        <ele>2075</ele>
        <time>2017-03-28T15:05:58Z</time>
      </trkpt>
      <trkpt lat="45.742698982357979" lon="6.715279994532466">
        <ele>2077</ele>
        <time>2017-03-28T15:06:18Z</time>
      </trkpt>
      <trkpt lat="45.742598986253142" lon="6.714994003996253">
        <ele>2076</ele>
        <time>2017-03-28T15:06:38Z</time>
      </trkpt>
      <trkpt lat="45.742149967700243" lon="6.714597037062049">
        <ele>2086</ele>
        <time>2017-03-28T15:06:58Z</time>
      </trkpt>
      <trkpt lat="45.74197000823915" lon="6.714516989886761">
        <ele>2087</ele>
        <time>2017-03-28T15:07:18Z</time>
      </trkpt>
      <trkpt lat="45.741572035476565" lon="6.714070988819003">
        <ele>2092</ele>
        <time>2017-03-28T15:07:38Z</time>
      </trkpt>
      <trkpt lat="45.741129973903298" lon="6.713801007717848">
        <ele>2098</ele>
        <time>2017-03-28T15:07:58Z</time>
      </trkpt>
      <trkpt lat="45.740762008354068" lon="6.713787009939551">
        <ele>2114</ele>
        <time>2017-03-28T15:08:18Z</time>
      </trkpt>
      <trkpt lat="45.740428995341063" lon="6.71328904107213">
        <ele>2111</ele>
        <time>2017-03-28T15:08:38Z</time>
      </trkpt>
      <trkpt lat="45.739957010373473" lon="6.712828958407044">
        <ele>2125</ele>
        <time>2017-03-28T15:08:58Z</time>
      </trkpt>
      <trkpt lat="45.739403972402215" lon="6.712358985096216">
        <ele>2134</ele>
        <time>2017-03-28T15:09:18Z</time>
      </trkpt>
      <trkpt lat="45.739239016547799" lon="6.711790021508932">
        <ele>2139</ele>
        <time>2017-03-28T15:09:38Z</time>
      </trkpt>
      <trkpt lat="45.73874699883163" lon="6.710887039080262">
        <ele>2168</ele>
        <time>2017-03-28T15:09:58Z</time>
      </trkpt>
      <trkpt lat="45.7383600063622" lon="6.710047004744411">
        <ele>2196</ele>
        <time>2017-03-28T15:10:18Z</time>
      </trkpt>
      <trkpt lat="45.738141993060708" lon="6.709941979497671">
        <ele>2210</ele>
        <time>2017-03-28T15:10:38Z</time>
      </trkpt>
      <trkpt lat="45.73814501054585" lon="6.709771994501352">
        <ele>2214</ele>
        <time>2017-03-28T15:10:58Z</time>
      </trkpt>
      <trkpt lat="45.737324003130198" lon="6.708763986825943">
        <ele>2246</ele>
        <time>2017-03-28T15:11:18Z</time>
      </trkpt>
      <trkpt lat="45.737854996696115" lon="6.708217989653349">
        <ele>2249</ele>
        <time>2017-03-28T15:11:38Z</time>
      </trkpt>
      <trkpt lat="45.737696997821331" lon="6.707823034375906">
        <ele>2252</ele>
        <time>2017-03-28T15:11:58Z</time>
      </trkpt>
      <trkpt lat="45.737448977306485" lon="6.707867039367557">
        <ele>2260</ele>
        <time>2017-03-28T15:12:18Z</time>
      </trkpt>
      <trkpt lat="45.737182013690472" lon="6.707576019689441">
        <ele>2264</ele>
        <time>2017-03-28T15:12:38Z</time>
      </trkpt>
      <trkpt lat="45.736501989886165" lon="6.707729995250702">
        <ele>2283</ele>
        <time>2017-03-28T15:12:58Z</time>
      </trkpt>
      <trkpt lat="45.735923973843455" lon="6.707298997789621">
        <ele>2305</ele>
        <time>2017-03-28T15:13:18Z</time>
      </trkpt>
      <trkpt lat="45.735627003014088" lon="6.706901025027037">
        <ele>2323</ele>
        <time>2017-03-28T15:13:38Z</time>
      </trkpt>
      <trkpt lat="45.73503096587956" lon="6.70645996928215">
        <ele>2331</ele>
        <time>2017-03-28T15:13:58Z</time>
      </trkpt>
      <trkpt lat="45.734626036137342" lon="6.707136975601316">
        <ele>2325</ele>
        <time>2017-03-28T15:14:18Z</time>
      </trkpt>
      <trkpt lat="45.734393019229174" lon="6.707386001944542">
        <ele>2324</ele>
        <time>2017-03-28T15:14:38Z</time>
      </trkpt>
      <trkpt lat="45.734296040609479" lon="6.707834014669061">
        <ele>2337</ele>
        <time>2017-03-28T15:14:58Z</time>
      </trkpt>
      <trkpt lat="45.734069980680943" lon="6.708037024363875">
        <ele>2340</ele>
        <time>2017-03-28T15:15:18Z</time>
      </trkpt>
      <trkpt lat="45.734032010659575" lon="6.708284039050341">
        <ele>2347</ele>
        <time>2017-03-28T15:15:38Z</time>
      </trkpt>
      <trkpt lat="45.733274035155773" lon="6.708720987662673">
        <ele>2372</ele>
        <time>2017-03-28T15:15:58Z</time>
      </trkpt>
      <trkpt lat="45.732687972486019" lon="6.708249002695084">
        <ele>2351</ele>
        <time>2017-03-28T15:16:18Z</time>
      </trkpt>
      <trkpt lat="45.732070980593562" lon="6.708289990201592">
        <ele>2358</ele>
        <time>2017-03-28T15:16:38Z</time>
      </trkpt>
      <trkpt lat="45.731583992019296" lon="6.708388980478048">
        <ele>2382</ele>
        <time>2017-03-28T15:16:58Z</time>
      </trkpt>
      <trkpt lat="45.731502017006278" lon="6.708316979929805">
        <ele>2366</ele>
        <time>2017-03-28T15:17:18Z</time>
      </trkpt>
      <trkpt lat="45.731251984834671" lon="6.708517977967858">
        <ele>2391</ele>
        <time>2017-03-28T15:17:38Z</time>
      </trkpt>
      <trkpt lat="45.730977980419993" lon="6.708483025431633">
        <ele>2389</ele>
        <time>2017-03-28T15:17:58Z</time>
      </trkpt>
      <trkpt lat="45.730834985151887" lon="6.70858402736485">
        <ele>2391</ele>
        <time>2017-03-28T15:18:18Z</time>
      </trkpt>
      <trkpt lat="45.73079701513052" lon="6.708835987374187">
        <ele>2399</ele>
        <time>2017-03-28T15:18:38Z</time>
      </trkpt>
      <trkpt lat="45.730294017121196" lon="6.709102028980851">
        <ele>2400</ele>
        <time>2017-03-28T15:18:58Z</time>
      </trkpt>
      <trkpt lat="45.730064017698169" lon="6.709325993433595">
        <ele>2414</ele>
        <time>2017-03-28T15:19:18Z</time>
      </trkpt>
      <trkpt lat="45.729850027710199" lon="6.709443004801869">
        <ele>2410</ele>
        <time>2017-03-28T15:19:38Z</time>
      </trkpt>
      <trkpt lat="45.729781966656446" lon="6.709736958146095">
        <ele>2414</ele>
        <time>2017-03-28T15:19:58Z</time>
      </trkpt>
      <trkpt lat="45.729602007195354" lon="6.709880959242582">
        <ele>2414</ele>
        <time>2017-03-28T15:20:18Z</time>
      </trkpt>
      <trkpt lat="45.729511985555291" lon="6.710296031087637">
        <ele>2432</ele>
        <time>2017-03-28T15:20:38Z</time>
      </trkpt>
      <trkpt lat="45.728854006156325" lon="6.710198968648911">
        <ele>2416</ele>
        <time>2017-03-28T15:20:58Z</time>
      </trkpt>
      <trkpt lat="45.728066023439169" lon="6.710357973352075">
        <ele>2404</ele>
        <time>2017-03-28T15:21:18Z</time>
      </trkpt>
      <trkpt lat="45.727953035384417" lon="6.710715964436531">
        <ele>2407</ele>
        <time>2017-03-28T15:21:38Z</time>
      </trkpt>
      <trkpt lat="45.727462023496628" lon="6.711169006302953">
        <ele>2413</ele>
        <time>2017-03-28T15:21:58Z</time>
      </trkpt>
      <trkpt lat="45.727002024650574" lon="6.711386013776064">
        <ele>2412</ele>
        <time>2017-03-28T15:22:18Z</time>
      </trkpt>
      <trkpt lat="45.726643027737737" lon="6.712184976786375">
        <ele>2416</ele>
        <time>2017-03-28T15:22:38Z</time>
      </trkpt>
      <trkpt lat="45.72641302831471" lon="6.712336018681526">
        <ele>2416</ele>
        <time>2017-03-28T15:22:58Z</time>
      </trkpt>
      <trkpt lat="45.726228039711714" lon="6.712326966226101">
        <ele>2412</ele>
        <time>2017-03-28T15:23:18Z</time>
      </trkpt>
      <trkpt lat="45.726148998364806" lon="6.712543973699212">
        <ele>2423</ele>
        <time>2017-03-28T15:23:38Z</time>
      </trkpt>
      <trkpt lat="45.725815985351801" lon="6.712712030857801">
        <ele>2410</ele>
        <time>2017-03-28T15:23:58Z</time>
      </trkpt>
      <trkpt lat="45.725596966221929" lon="6.713594980537891">
        <ele>2429</ele>
        <time>2017-03-28T15:24:18Z</time>
      </trkpt>
      <trkpt lat="45.725500993430614" lon="6.713749039918184">
        <ele>2430</ele>
        <time>2017-03-28T15:24:38Z</time>
      </trkpt>
      <trkpt lat="45.725538041442633" lon="6.71395699493587">
        <ele>2433</ele>
        <time>2017-03-28T15:24:58Z</time>
      </trkpt>
      <trkpt lat="45.725488001480699" lon="6.714485976845026">
        <ele>2445</ele>
        <time>2017-03-28T15:25:18Z</time>
      </trkpt>
      <trkpt lat="45.725381970405579" lon="6.714630983769894">
        <ele>2445</ele>
        <time>2017-03-28T15:25:38Z</time>
      </trkpt>
      <trkpt lat="45.725388005375862" lon="6.715097017586231">
        <ele>2459</ele>
        <time>2017-03-28T15:25:58Z</time>
      </trkpt>
      <trkpt lat="45.725535023957491" lon="6.715516028925777">
        <ele>2466</ele>
        <time>2017-03-28T15:26:18Z</time>
      </trkpt>
      <trkpt lat="45.725519014522433" lon="6.715778969228268">
        <ele>2468</ele>
        <time>2017-03-28T15:26:38Z</time>
      </trkpt>
      <trkpt lat="45.725578023120761" lon="6.716020032763481">
        <ele>2481</ele>
        <time>2017-03-28T15:26:58Z</time>
      </trkpt>
      <trkpt lat="45.725437961518764" lon="6.716207033023238">
        <ele>2481</ele>
        <time>2017-03-28T15:27:18Z</time>
      </trkpt>
      <trkpt lat="45.725347017869353" lon="6.716076023876667">
        <ele>2479</ele>
        <time>2017-03-28T15:27:38Z</time>
      </trkpt>
      <trkpt lat="45.725129004567862" lon="6.716138971969485">
        <ele>2478</ele>
        <time>2017-03-28T15:27:58Z</time>
      </trkpt>
      <trkpt lat="45.725035965442657" lon="6.716338964179158">
        <ele>2481</ele>
        <time>2017-03-28T15:28:18Z</time>
      </trkpt>
      <trkpt lat="45.724700018763542" lon="6.716174008324742">
        <ele>2471</ele>
        <time>2017-03-28T15:28:38Z</time>
      </trkpt>
      <trkpt lat="45.72450203821063" lon="6.716214995831251">
        <ele>2471</ele>
        <time>2017-03-28T15:28:58Z</time>
      </trkpt>
      <trkpt lat="45.724371029064059" lon="6.716352961957455">
        <ele>2472</ele>
        <time>2017-03-28T15:29:18Z</time>
      </trkpt>
      <trkpt lat="45.724089983850718" lon="6.716425968334079">
        <ele>2468</ele>
        <time>2017-03-28T15:29:38Z</time>
      </trkpt>
      <trkpt lat="45.724088978022337" lon="6.716550020501018">
        <ele>2470</ele>
        <time>2017-03-28T15:29:58Z</time>
      </trkpt>
      <trkpt lat="45.724248988553882" lon="6.716769961640239">
        <ele>2480</ele>
        <time>2017-03-28T15:30:18Z</time>
      </trkpt>
      <trkpt lat="45.724262986332178" lon="6.717039020732045">
        <ele>2485</ele>
        <time>2017-03-28T15:30:38Z</time>
      </trkpt>
      <trkpt lat="45.724007003009319" lon="6.717241024598479">
        <ele>2478</ele>
        <time>2017-03-28T15:30:58Z</time>
      </trkpt>
      <trkpt lat="45.723596038296819" lon="6.717083025723696">
        <ele>2473</ele>
        <time>2017-03-28T15:31:18Z</time>
      </trkpt>
      <trkpt lat="45.722706969827414" lon="6.717200959101319">
        <ele>2455</ele>
        <time>2017-03-28T15:31:38Z</time>
      </trkpt>
      <trkpt lat="45.722230961546302" lon="6.717533972114325">
        <ele>2443</ele>
        <time>2017-03-28T15:31:58Z</time>
      </trkpt>
      <trkpt lat="45.722039015963674" lon="6.717541012912989">
        <ele>2439</ele>
        <time>2017-03-28T15:32:18Z</time>
      </trkpt>
      <trkpt lat="45.721888979896903" lon="6.717424001544714">
        <ele>2435</ele>
        <time>2017-03-28T15:32:38Z</time>
      </trkpt>
      <trkpt lat="45.721867019310594" lon="6.717258961871266">
        <ele>2435</ele>
        <time>2017-03-28T15:32:58Z</time>
      </trkpt>
      <trkpt lat="45.722057959064841" lon="6.717017982155085">
        <ele>2437</ele>
        <time>2017-03-28T15:33:18Z</time>
      </trkpt>
      <trkpt lat="45.722098024562001" lon="6.716557983309031">
        <ele>2435</ele>
        <time>2017-03-28T15:33:38Z</time>
      </trkpt>
      <trkpt lat="45.722040021792054" lon="6.716151963919401">
        <ele>2435</ele>
        <time>2017-03-28T15:33:58Z</time>
      </trkpt>
      <trkpt lat="45.721807004883885" lon="6.715917019173503">
        <ele>2431</ele>
        <time>2017-03-28T15:34:18Z</time>
      </trkpt>
      <trkpt lat="45.72110602632165" lon="6.715540001168847">
        <ele>2419</ele>
        <time>2017-03-28T15:34:38Z</time>
      </trkpt>
      <trkpt lat="45.720766978338361" lon="6.714873975142837">
        <ele>2415</ele>
        <time>2017-03-28T15:34:58Z</time>
      </trkpt>
      <trkpt lat="45.720532033592463" lon="6.714528976008296">
        <ele>2412</ele>
        <time>2017-03-28T15:35:18Z</time>
      </trkpt>
      <trkpt lat="45.72027001529932" lon="6.714524030685425">
        <ele>2409</ele>
        <time>2017-03-28T15:35:38Z</time>
      </trkpt>
      <trkpt lat="45.719962986186147" lon="6.714629977941513">
        <ele>2401</ele>
        <time>2017-03-28T15:35:58Z</time>
      </trkpt>
      <trkpt lat="45.71983901783824" lon="6.714796023443341">
        <ele>2401</ele>
        <time>2017-03-28T15:36:18Z</time>
      </trkpt>
      <trkpt lat="45.719527965411544" lon="6.714960979297757">
        <ele>2402</ele>
        <time>2017-03-28T15:36:38Z</time>
      </trkpt>
      <trkpt lat="45.71913099847734" lon="6.714955028146505">
        <ele>2406</ele>
        <time>2017-03-28T15:36:58Z</time>
      </trkpt>
      <trkpt lat="45.718341004103422" lon="6.714408025145531">
        <ele>2414</ele>
        <time>2017-03-28T15:37:18Z</time>
      </trkpt>
      <trkpt lat="45.718045961111784" lon="6.71393696218729">
        <ele>2427</ele>
        <time>2017-03-28T15:37:38Z</time>
      </trkpt>
      <trkpt lat="45.717690987512469" lon="6.713488027453423">
        <ele>2437</ele>
        <time>2017-03-28T15:37:58Z</time>
      </trkpt>
      <trkpt lat="45.717396028339863" lon="6.713429018855095">
        <ele>2446</ele>
        <time>2017-03-28T15:38:18Z</time>
      </trkpt>
      <trkpt lat="45.717169968411326" lon="6.713128024712205">
        <ele>2449</ele>
        <time>2017-03-28T15:38:38Z</time>
      </trkpt>
      <trkpt lat="45.716898981481791" lon="6.712563000619412">
        <ele>2454</ele>
        <time>2017-03-28T15:38:58Z</time>
      </trkpt>
      <trkpt lat="45.716807032003999" lon="6.71219302341342">
        <ele>2446</ele>
        <time>2017-03-28T15:39:18Z</time>
      </trkpt>
      <trkpt lat="45.716683985665441" lon="6.711929999291897">
        <ele>2444</ele>
        <time>2017-03-28T15:39:38Z</time>
      </trkpt>
      <trkpt lat="45.71535000577569" lon="6.710868012160063">
        <ele>2469</ele>
        <time>2017-03-28T15:39:58Z</time>
      </trkpt>
      <trkpt lat="45.714793028309941" lon="6.710700960829854">
        <ele>2486</ele>
        <time>2017-03-28T15:40:18Z</time>
      </trkpt>
      <trkpt lat="45.713409008458257" lon="6.709279976785183">
        <ele>2495</ele>
        <time>2017-03-28T15:40:38Z</time>
      </trkpt>
      <trkpt lat="45.712759997695684" lon="6.708912011235952">
        <ele>2497</ele>
        <time>2017-03-28T15:40:58Z</time>
      </trkpt>
      <trkpt lat="45.712510971352458" lon="6.708467015996575">
        <ele>2501</ele>
        <time>2017-03-28T15:41:18Z</time>
      </trkpt>
      <trkpt lat="45.712268985807896" lon="6.707709962502122">
        <ele>2489</ele>
        <time>2017-03-28T15:41:38Z</time>
      </trkpt>
      <trkpt lat="45.711788032203913" lon="6.707060029730201">
        <ele>2477</ele>
        <time>2017-03-28T15:41:58Z</time>
      </trkpt>
      <trkpt lat="45.71118202060461" lon="6.705430001020432">
        <ele>2453</ele>
        <time>2017-03-28T15:42:18Z</time>
      </trkpt>
      <trkpt lat="45.710628982633352" lon="6.704209009185433">
        <ele>2445</ele>
        <time>2017-03-28T15:42:38Z</time>
      </trkpt>
      <trkpt lat="45.709793977439404" lon="6.701458990573883">
        <ele>2383</ele>
        <time>2017-03-28T15:42:58Z</time>
      </trkpt>
      <trkpt lat="45.709377983585" lon="6.699900962412357">
        <ele>2386</ele>
        <time>2017-03-28T15:43:18Z</time>
      </trkpt>
      <trkpt lat="45.709428023546934" lon="6.699715973809362">
        <ele>2384</ele>
        <time>2017-03-28T15:43:38Z</time>
      </trkpt>
      <trkpt lat="45.709522990509868" lon="6.700179995968938">
        <ele>2381</ele>
        <time>2017-03-28T15:43:58Z</time>
      </trkpt>
      <trkpt lat="45.709540005773306" lon="6.699787974357605">
        <ele>2382</ele>
        <time>2017-03-28T15:44:18Z</time>
      </trkpt>
      <trkpt lat="45.709623992443085" lon="6.699382960796356">
        <ele>2380</ele>
        <time>2017-03-28T15:44:38Z</time>
      </trkpt>
      <trkpt lat="45.709620974957943" lon="6.69917500577867">
        <ele>2380</ele>
        <time>2017-03-28T15:44:58Z</time>
      </trkpt>
      <trkpt lat="45.709819961339235" lon="6.698602018877864">
        <ele>2367</ele>
        <time>2017-03-28T15:45:18Z</time>
      </trkpt>
      <trkpt lat="45.709644025191665" lon="6.698298007249832">
        <ele>2359</ele>
        <time>2017-03-28T15:45:38Z</time>
      </trkpt>
      <trkpt lat="45.709605971351266" lon="6.697801966220141">
        <ele>2356</ele>
        <time>2017-03-28T15:45:58Z</time>
      </trkpt>
      <trkpt lat="45.70967897772789" lon="6.696802005171776">
        <ele>2346</ele>
        <time>2017-03-28T15:46:18Z</time>
      </trkpt>
      <trkpt lat="45.709751984104514" lon="6.695969011634588">
        <ele>2338</ele>
        <time>2017-03-28T15:46:38Z</time>
      </trkpt>
      <trkpt lat="45.709509998559952" lon="6.695485962554812">
        <ele>2324</ele>
        <time>2017-03-28T15:46:58Z</time>
      </trkpt>
      <trkpt lat="45.71010603569448" lon="6.695619989186525">
        <ele>2323</ele>
        <time>2017-03-28T15:47:18Z</time>
      </trkpt>
      <trkpt lat="45.709934961050749" lon="6.695036021992564">
        <ele>2316</ele>
        <time>2017-03-28T15:47:38Z</time>
      </trkpt>
      <trkpt lat="45.710403006523848" lon="6.694737039506435">
        <ele>2306</ele>
        <time>2017-03-28T15:47:58Z</time>
      </trkpt>
      <trkpt lat="45.710525969043374" lon="6.694578034803271">
        <ele>2305</ele>
        <time>2017-03-28T15:48:18Z</time>
      </trkpt>
      <trkpt lat="45.711014969274402" lon="6.694308975711465">
        <ele>2304</ele>
        <time>2017-03-28T15:48:38Z</time>
      </trkpt>
      <trkpt lat="45.711593991145492" lon="6.694178972393274">
        <ele>2308</ele>
        <time>2017-03-28T15:48:58Z</time>
      </trkpt>
      <trkpt lat="45.711669009178877" lon="6.694331020116806">
        <ele>2312</ele>
        <time>2017-03-28T15:49:18Z</time>
      </trkpt>
      <trkpt lat="45.711765987798572" lon="6.694193975999951">
        <ele>2312</ele>
        <time>2017-03-28T15:49:38Z</time>
      </trkpt>
      <trkpt lat="45.711945025250316" lon="6.694219037890434">
        <ele>2315</ele>
        <time>2017-03-28T15:49:58Z</time>
      </trkpt>
      <trkpt lat="45.711671020835638" lon="6.693843025714159">
        <ele>2321</ele>
        <time>2017-03-28T15:50:18Z</time>
      </trkpt>
      <trkpt lat="45.711170034483075" lon="6.693535996600986">
        <ele>2306</ele>
        <time>2017-03-28T15:50:38Z</time>
      </trkpt>
      <trkpt lat="45.710834003984928" lon="6.692978013306856">
        <ele>2308</ele>
        <time>2017-03-28T15:50:58Z</time>
      </trkpt>
      <trkpt lat="45.710521023720503" lon="6.692854966968298">
        <ele>2295</ele>
        <time>2017-03-28T15:51:18Z</time>
      </trkpt>
      <trkpt lat="45.710231009870768" lon="6.692464035004377">
        <ele>2293</ele>
        <time>2017-03-28T15:51:38Z</time>
      </trkpt>
      <trkpt lat="45.709972009062767" lon="6.691841008141637">
        <ele>2278</ele>
        <time>2017-03-28T15:51:58Z</time>
      </trkpt>
      <trkpt lat="45.70995700545609" lon="6.691261986270547">
        <ele>2273</ele>
        <time>2017-03-28T15:52:18Z</time>
      </trkpt>
      <trkpt lat="45.710002016276121" lon="6.690875999629498">
        <ele>2285</ele>
        <time>2017-03-28T15:52:38Z</time>
      </trkpt>
      <trkpt lat="45.710112992674112" lon="6.690662009641528">
        <ele>2290</ele>
        <time>2017-03-28T15:52:58Z</time>
      </trkpt>
      <trkpt lat="45.710036968812346" lon="6.690014004707336">
        <ele>2279</ele>
        <time>2017-03-28T15:53:18Z</time>
      </trkpt>
      <trkpt lat="45.709647964686155" lon="6.689800014719367">
        <ele>2265</ele>
        <time>2017-03-28T15:53:38Z</time>
      </trkpt>
      <trkpt lat="45.709591973572969" lon="6.689550988376141">
        <ele>2264</ele>
        <time>2017-03-28T15:53:58Z</time>
      </trkpt>
      <trkpt lat="45.709666991606355" lon="6.688997028395534">
        <ele>2269</ele>
        <time>2017-03-28T15:54:18Z</time>
      </trkpt>
      <trkpt lat="45.709326015785336" lon="6.688807010650635">
        <ele>2264</ele>
        <time>2017-03-28T15:54:38Z</time>
      </trkpt>
      <trkpt lat="45.709066009148955" lon="6.688847998157144">
        <ele>2245</ele>
        <time>2017-03-28T15:54:58Z</time>
      </trkpt>
      <trkpt lat="45.708878003060818" lon="6.689070034772158">
        <ele>2243</ele>
        <time>2017-03-28T15:55:18Z</time>
      </trkpt>
      <trkpt lat="45.708780018612742" lon="6.688985964283347">
        <ele>2241</ele>
        <time>2017-03-28T15:55:38Z</time>
      </trkpt>
      <trkpt lat="45.708812037482858" lon="6.688553960993886">
        <ele>2241</ele>
        <time>2017-03-28T15:55:58Z</time>
      </trkpt>
      <trkpt lat="45.70873199030757" lon="6.687696995213628">
        <ele>2241</ele>
        <time>2017-03-28T15:56:18Z</time>
      </trkpt>
      <trkpt lat="45.708510037511587" lon="6.686876993626356">
        <ele>2241</ele>
        <time>2017-03-28T15:56:38Z</time>
      </trkpt>
      <trkpt lat="45.708271991461515" lon="6.686578011140227">
        <ele>2225</ele>
        <time>2017-03-28T15:56:58Z</time>
      </trkpt>
      <trkpt lat="45.70778701454401" lon="6.685786005109549">
        <ele>2215</ele>
        <time>2017-03-28T15:57:18Z</time>
      </trkpt>
      <trkpt lat="45.707066003233194" lon="6.68501503765583">
        <ele>2192</ele>
        <time>2017-03-28T15:57:38Z</time>
      </trkpt>
      <trkpt lat="45.707025015726686" lon="6.684745978564024">
        <ele>2196</ele>
        <time>2017-03-28T15:57:58Z</time>
      </trkpt>
      <trkpt lat="45.706812031567097" lon="6.68430601246655">
        <ele>2192</ele>
        <time>2017-03-28T15:58:18Z</time>
      </trkpt>
      <trkpt lat="45.7068429607898" lon="6.684024967253208">
        <ele>2197</ele>
        <time>2017-03-28T15:58:38Z</time>
      </trkpt>
      <trkpt lat="45.706550013273954" lon="6.683629006147385">
        <ele>2181</ele>
        <time>2017-03-28T15:58:58Z</time>
      </trkpt>
      <trkpt lat="45.706294029951096" lon="6.683376962319017">
        <ele>2177</ele>
        <time>2017-03-28T15:59:18Z</time>
      </trkpt>
      <trkpt lat="45.706248013302684" lon="6.683162972331047">
        <ele>2183</ele>
        <time>2017-03-28T15:59:38Z</time>
      </trkpt>
      <trkpt lat="45.705967973917723" lon="6.68321100063622">
        <ele>2174</ele>
        <time>2017-03-28T15:59:58Z</time>
      </trkpt>
      <trkpt lat="45.705720959231257" lon="6.682963985949755">
        <ele>2161</ele>
        <time>2017-03-28T16:00:18Z</time>
      </trkpt>
      <trkpt lat="45.705170016735792" lon="6.682712025940418">
        <ele>2156</ele>
        <time>2017-03-28T16:00:38Z</time>
      </trkpt>
      <trkpt lat="45.704855024814606" lon="6.682840017601848">
        <ele>2138</ele>
        <time>2017-03-28T16:00:58Z</time>
      </trkpt>
      <trkpt lat="45.704702977091074" lon="6.683036992326379">
        <ele>2135</ele>
        <time>2017-03-28T16:01:18Z</time>
      </trkpt>
      <trkpt lat="45.704388990998268" lon="6.683174036443234">
        <ele>2129</ele>
        <time>2017-03-28T16:01:38Z</time>
      </trkpt>
      <trkpt lat="45.704272985458374" lon="6.683105975389481">
        <ele>2128</ele>
        <time>2017-03-28T16:01:58Z</time>
      </trkpt>
      <trkpt lat="45.704248007386923" lon="6.683278977870941">
        <ele>2124</ele>
        <time>2017-03-28T16:02:18Z</time>
      </trkpt>
      <trkpt lat="45.704116998240352" lon="6.683249976485968">
        <ele>2114</ele>
        <time>2017-03-28T16:02:38Z</time>
      </trkpt>
      <trkpt lat="45.704095037654042" lon="6.683389032259584">
        <ele>2113</ele>
        <time>2017-03-28T16:02:58Z</time>
      </trkpt>
      <trkpt lat="45.703968973830342" lon="6.683313008397818">
        <ele>2109</ele>
        <time>2017-03-28T16:03:18Z</time>
      </trkpt>
      <trkpt lat="45.703985989093781" lon="6.68316800147295">
        <ele>2108</ele>
        <time>2017-03-28T16:03:38Z</time>
      </trkpt>
      <trkpt lat="45.703742997720838" lon="6.683189040049911">
        <ele>2101</ele>
        <time>2017-03-28T16:03:58Z</time>
      </trkpt>
      <trkpt lat="45.703784991055727" lon="6.683333041146398">
        <ele>2103</ele>
        <time>2017-03-28T16:04:18Z</time>
      </trkpt>
      <trkpt lat="45.703727994114161" lon="6.683432031422854">
        <ele>2098</ele>
        <time>2017-03-28T16:04:38Z</time>
      </trkpt>
      <trkpt lat="45.70359799079597" lon="6.683299010619521">
        <ele>2096</ele>
        <time>2017-03-28T16:04:58Z</time>
      </trkpt>
      <trkpt lat="45.703462958335876" lon="6.682917969301343">
        <ele>2095</ele>
        <time>2017-03-28T16:05:18Z</time>
      </trkpt>
      <trkpt lat="45.703309988602996" lon="6.683294987305999">
        <ele>2080</ele>
        <time>2017-03-28T16:05:38Z</time>
      </trkpt>
      <trkpt lat="45.703202029690146" lon="6.683176970109344">
        <ele>2073</ele>
        <time>2017-03-28T16:05:58Z</time>
      </trkpt>
      <trkpt lat="45.703146038576961" lon="6.682813027873635">
        <ele>2069</ele>
        <time>2017-03-28T16:06:18Z</time>
      </trkpt>
      <trkpt lat="45.703086024150252" lon="6.682830965146422">
        <ele>2067</ele>
        <time>2017-03-28T16:06:38Z</time>
      </trkpt>
      <trkpt lat="45.702959038317204" lon="6.683203037828207">
        <ele>2066</ele>
        <time>2017-03-28T16:06:58Z</time>
      </trkpt>
      <trkpt lat="45.702861975878477" lon="6.682868013158441">
        <ele>2063</ele>
        <time>2017-03-28T16:07:18Z</time>
      </trkpt>
      <trkpt lat="45.70286700502038" lon="6.682574981823564">
        <ele>2062</ele>
        <time>2017-03-28T16:07:38Z</time>
      </trkpt>
      <trkpt lat="45.702542038634419" lon="6.682818979024887">
        <ele>2057</ele>
        <time>2017-03-28T16:07:58Z</time>
      </trkpt>
      <trkpt lat="45.702053960412741" lon="6.682994998991489">
        <ele>2027</ele>
        <time>2017-03-28T16:08:18Z</time>
      </trkpt>
      <trkpt lat="45.701958993449807" lon="6.682539023458958">
        <ele>2024</ele>
        <time>2017-03-28T16:08:38Z</time>
      </trkpt>
      <trkpt lat="45.701793031767011" lon="6.682424023747444">
        <ele>2015</ele>
        <time>2017-03-28T16:08:58Z</time>
      </trkpt>
      <trkpt lat="45.701850028708577" lon="6.682277005165815">
        <ele>2016</ele>
        <time>2017-03-28T16:09:18Z</time>
      </trkpt>
      <trkpt lat="45.701646013185382" lon="6.682026972994208">
        <ele>1995</ele>
        <time>2017-03-28T16:09:38Z</time>
      </trkpt>
      <trkpt lat="45.701349964365363" lon="6.681895963847637">
        <ele>1990</ele>
        <time>2017-03-28T16:09:58Z</time>
      </trkpt>
      <trkpt lat="45.701181991025805" lon="6.681680968031287">
        <ele>1986</ele>
        <time>2017-03-28T16:10:18Z</time>
      </trkpt>
      <trkpt lat="45.700917039066553" lon="6.681498996913433">
        <ele>1975</ele>
        <time>2017-03-28T16:10:38Z</time>
      </trkpt>
      <trkpt lat="45.700529040768743" lon="6.680983006954193">
        <ele>1956</ele>
        <time>2017-03-28T16:10:58Z</time>
      </trkpt>
      <trkpt lat="45.700599029660225" lon="6.680841017514467">
        <ele>1957</ele>
        <time>2017-03-28T16:11:18Z</time>
      </trkpt>
      <trkpt lat="45.700283031910658" lon="6.680558966472745">
        <ele>1947</ele>
        <time>2017-03-28T16:11:38Z</time>
      </trkpt>
      <trkpt lat="45.700264004990458" lon="6.680169962346554">
        <ele>1943</ele>
        <time>2017-03-28T16:11:58Z</time>
      </trkpt>
      <trkpt lat="45.69994498975575" lon="6.680004000663757">
        <ele>1931</ele>
        <time>2017-03-28T16:12:18Z</time>
      </trkpt>
      <trkpt lat="45.699897967278957" lon="6.679833009839058">
        <ele>1924</ele>
        <time>2017-03-28T16:12:38Z</time>
      </trkpt>
      <trkpt lat="45.699801994487643" lon="6.67975296266377">
        <ele>1922</ele>
        <time>2017-03-28T16:12:58Z</time>
      </trkpt>
      <trkpt lat="45.69966503418982" lon="6.679884977638722">
        <ele>1920</ele>
        <time>2017-03-28T16:13:18Z</time>
      </trkpt>
      <trkpt lat="45.699393963441253" lon="6.679448029026389">
        <ele>1914</ele>
        <time>2017-03-28T16:13:38Z</time>
      </trkpt>
      <trkpt lat="45.699569983407855" lon="6.679200008511543">
        <ele>1916</ele>
        <time>2017-03-28T16:13:58Z</time>
      </trkpt>
      <trkpt lat="45.69904200732708" lon="6.679035974666476">
        <ele>1896</ele>
        <time>2017-03-28T16:14:18Z</time>
      </trkpt>
      <trkpt lat="45.698792980983853" lon="6.679351972416043">
        <ele>1894</ele>
        <time>2017-03-28T16:14:38Z</time>
      </trkpt>
      <trkpt lat="45.69874101318419" lon="6.678883004933596">
        <ele>1890</ele>
        <time>2017-03-28T16:14:58Z</time>
      </trkpt>
      <trkpt lat="45.698539009317756" lon="6.678903959691525">
        <ele>1886</ele>
        <time>2017-03-28T16:15:18Z</time>
      </trkpt>
      <trkpt lat="45.698344968259335" lon="6.678582010790706">
        <ele>1883</ele>
        <time>2017-03-28T16:15:38Z</time>
      </trkpt>
      <trkpt lat="45.698169032111764" lon="6.678417976945639">
        <ele>1868</ele>
        <time>2017-03-28T16:15:58Z</time>
      </trkpt>
      <trkpt lat="45.698041962459683" lon="6.678110025823116">
        <ele>1865</ele>
        <time>2017-03-28T16:16:18Z</time>
      </trkpt>
      <trkpt lat="45.697566960006952" lon="6.677984967827797">
        <ele>1858</ele>
        <time>2017-03-28T16:16:38Z</time>
      </trkpt>
      <trkpt lat="45.697283986955881" lon="6.677598981186748">
        <ele>1843</ele>
        <time>2017-03-28T16:16:58Z</time>
      </trkpt>
      <trkpt lat="45.697188014164567" lon="6.677342997863889">
        <ele>1841</ele>
        <time>2017-03-28T16:17:18Z</time>
      </trkpt>
      <trkpt lat="45.696546966210008" lon="6.676766993477941">
        <ele>1827</ele>
        <time>2017-03-28T16:17:38Z</time>
      </trkpt>
      <trkpt lat="45.696253012865782" lon="6.676132986322045">
        <ele>1825</ele>
        <time>2017-03-28T16:17:58Z</time>
      </trkpt>
      <trkpt lat="45.696211019530892" lon="6.675778012722731">
        <ele>1825</ele>
        <time>2017-03-28T16:18:18Z</time>
      </trkpt>
      <trkpt lat="45.695986971259117" lon="6.67562697082758">
        <ele>1823</ele>
        <time>2017-03-28T16:18:38Z</time>
      </trkpt>
      <trkpt lat="45.695395963266492" lon="6.674563977867365">
        <ele>1816</ele>
        <time>2017-03-28T16:18:58Z</time>
      </trkpt>
      <trkpt lat="45.69493898190558" lon="6.67408000677824">
        <ele>1813</ele>
        <time>2017-03-28T16:19:18Z</time>
      </trkpt>
      <trkpt lat="45.694598006084561" lon="6.67425200343132">
        <ele>1815</ele>
        <time>2017-03-28T16:19:38Z</time>
      </trkpt>
      <trkpt lat="45.694378986954689" lon="6.673797033727169">
        <ele>1814</ele>
        <time>2017-03-28T16:19:58Z</time>
      </trkpt>
      <trkpt lat="45.694219982251525" lon="6.673234021291137">
        <ele>1813</ele>
        <time>2017-03-28T16:20:18Z</time>
      </trkpt>
      <trkpt lat="45.69393097423017" lon="6.67309102602303">
        <ele>1815</ele>
        <time>2017-03-28T16:20:38Z</time>
      </trkpt>
      <trkpt lat="45.693809017539024" lon="6.672705039381981">
        <ele>1815</ele>
        <time>2017-03-28T16:20:58Z</time>
      </trkpt>
      <trkpt lat="45.69380197674036" lon="6.672087963670492">
        <ele>1814</ele>
        <time>2017-03-28T16:21:18Z</time>
      </trkpt>
      <trkpt lat="45.693698041141033" lon="6.671661995351315">
        <ele>1813</ele>
        <time>2017-03-28T16:21:38Z</time>
      </trkpt>
      <trkpt lat="45.693683037534356" lon="6.671204008162022">
        <ele>1812</ele>
        <time>2017-03-28T16:21:58Z</time>
      </trkpt>
      <trkpt lat="45.693527972325683" lon="6.670973002910614">
        <ele>1813</ele>
        <time>2017-03-28T16:22:18Z</time>
      </trkpt>
      <trkpt lat="45.693444991484284" lon="6.670600008219481">
        <ele>1813</ele>
        <time>2017-03-28T16:22:38Z</time>
      </trkpt>
      <trkpt lat="45.693208035081625" lon="6.670364979654551">
        <ele>1820</ele>
        <time>2017-03-28T16:22:58Z</time>
      </trkpt>
      <trkpt lat="45.693001002073288" lon="6.669979998841882">
        <ele>1820</ele>
        <time>2017-03-28T16:23:18Z</time>
      </trkpt>
      <trkpt lat="45.693271989002824" lon="6.668779961764813">
        <ele>1818</ele>
        <time>2017-03-28T16:23:38Z</time>
      </trkpt>
      <trkpt lat="45.693093035370111" lon="6.668590027838945">
        <ele>1818</ele>
        <time>2017-03-28T16:23:58Z</time>
      </trkpt>
      <trkpt lat="45.692923972383142" lon="6.668066997081041">
        <ele>1819</ele>
        <time>2017-03-28T16:24:18Z</time>
      </trkpt>
      <trkpt lat="45.69274895824492" lon="6.667926013469696">
        <ele>1820</ele>
        <time>2017-03-28T16:24:38Z</time>
      </trkpt>
      <trkpt lat="45.692348973825574" lon="6.66739996522665">
        <ele>1829</ele>
        <time>2017-03-28T16:24:58Z</time>
      </trkpt>
      <trkpt lat="45.692329024896026" lon="6.667043985798955">
        <ele>1831</ele>
        <time>2017-03-28T16:25:18Z</time>
      </trkpt>
      <trkpt lat="45.692456010729074" lon="6.666823038831353">
        <ele>1832</ele>
        <time>2017-03-28T16:25:38Z</time>
      </trkpt>
      <trkpt lat="45.692492974922061" lon="6.666493965312839">
        <ele>1836</ele>
        <time>2017-03-28T16:25:58Z</time>
      </trkpt>
      <trkpt lat="45.69274895824492" lon="6.665984010323882">
        <ele>1833</ele>
        <time>2017-03-28T16:26:18Z</time>
      </trkpt>
      <trkpt lat="45.692435977980494" lon="6.665511019527912">
        <ele>1847</ele>
        <time>2017-03-28T16:26:38Z</time>
      </trkpt>
      <trkpt lat="45.692169014364481" lon="6.665909998118877">
        <ele>1842</ele>
        <time>2017-03-28T16:26:58Z</time>
      </trkpt>
      <trkpt lat="45.691678002476692" lon="6.66600102558732">
        <ele>1845</ele>
        <time>2017-03-28T16:27:18Z</time>
      </trkpt>
      <trkpt lat="45.691572977229953" lon="6.665818970650435">
        <ele>1853</ele>
        <time>2017-03-28T16:27:38Z</time>
      </trkpt>
      <trkpt lat="45.691726030781865" lon="6.665204996243119">
        <ele>1852</ele>
        <time>2017-03-28T16:27:58Z</time>
      </trkpt>
      <trkpt lat="45.691726030781865" lon="6.664574006572366">
        <ele>1861</ele>
        <time>2017-03-28T16:28:18Z</time>
      </trkpt>
      <trkpt lat="45.69128698669374" lon="6.663768002763391">
        <ele>1877</ele>
        <time>2017-03-28T16:28:38Z</time>
      </trkpt>
      <trkpt lat="45.69131095893681" lon="6.663129972293973">
        <ele>1881</ele>
        <time>2017-03-28T16:28:58Z</time>
      </trkpt>
      <trkpt lat="45.690849032253027" lon="6.660840036347508">
        <ele>1882</ele>
        <time>2017-03-28T16:29:18Z</time>
      </trkpt>
      <trkpt lat="45.690478971228004" lon="6.660222038626671">
        <ele>1884</ele>
        <time>2017-03-28T16:29:38Z</time>
      </trkpt>
      <trkpt lat="45.690215025097132" lon="6.66015699505806">
        <ele>1882</ele>
        <time>2017-03-28T16:29:58Z</time>
      </trkpt>
      <trkpt lat="45.689885029569268" lon="6.659636981785297">
        <ele>1885</ele>
        <time>2017-03-28T16:30:18Z</time>
      </trkpt>
      <trkpt lat="45.689651006832719" lon="6.659042034298182">
        <ele>1890</ele>
        <time>2017-03-28T16:30:38Z</time>
      </trkpt>
      <trkpt lat="45.689490996301174" lon="6.658859979361296">
        <ele>1889</ele>
        <time>2017-03-28T16:30:58Z</time>
      </trkpt>
      <trkpt lat="45.689396029338241" lon="6.658104015514255">
        <ele>1889</ele>
        <time>2017-03-28T16:31:18Z</time>
      </trkpt>
      <trkpt lat="45.688953967764974" lon="6.657390967011452">
        <ele>1885</ele>
        <time>2017-03-28T16:31:38Z</time>
      </trkpt>
      <trkpt lat="45.688522970303893" lon="6.657604034990072">
        <ele>1887</ele>
        <time>2017-03-28T16:31:58Z</time>
      </trkpt>
      <trkpt lat="45.687757031992078" lon="6.657576039433479">
        <ele>1895</ele>
        <time>2017-03-28T16:32:18Z</time>
      </trkpt>
      <trkpt lat="45.687279012054205" lon="6.657153004780412">
        <ele>1903</ele>
        <time>2017-03-28T16:32:38Z</time>
      </trkpt>
      <trkpt lat="45.686630001291633" lon="6.656782021746039">
        <ele>1917</ele>
        <time>2017-03-28T16:32:58Z</time>
      </trkpt>
      <trkpt lat="45.686369994655252" lon="6.656741034239531">
        <ele>1922</ele>
        <time>2017-03-28T16:33:18Z</time>
      </trkpt>
      <trkpt lat="45.686206966638565" lon="6.656981008127332">
        <ele>1925</ele>
        <time>2017-03-28T16:33:38Z</time>
      </trkpt>
      <trkpt lat="45.686049973592162" lon="6.656937003135681">
        <ele>1927</ele>
        <time>2017-03-28T16:33:58Z</time>
      </trkpt>
      <trkpt lat="45.685969004407525" lon="6.656812028959394">
        <ele>1929</ele>
        <time>2017-03-28T16:34:18Z</time>
      </trkpt>
      <trkpt lat="45.685476986691356" lon="6.656930968165398">
        <ele>1947</ele>
        <time>2017-03-28T16:34:38Z</time>
      </trkpt>
      <trkpt lat="45.685328962281346" lon="6.65682602673769">
        <ele>1950</ele>
        <time>2017-03-28T16:34:58Z</time>
      </trkpt>
      <trkpt lat="45.68520599976182" lon="6.656874977052212">
        <ele>1952</ele>
        <time>2017-03-28T16:35:18Z</time>
      </trkpt>
      <trkpt lat="45.685126036405563" lon="6.656684959307313">
        <ele>1956</ele>
        <time>2017-03-28T16:35:38Z</time>
      </trkpt>
      <trkpt lat="45.684944987297058" lon="6.656526960432529">
        <ele>1971</ele>
        <time>2017-03-28T16:35:58Z</time>
      </trkpt>
      <trkpt lat="45.685171969234943" lon="6.656325962394476">
        <ele>1957</ele>
        <time>2017-03-28T16:36:18Z</time>
      </trkpt>
      <trkpt lat="45.685038026422262" lon="6.656121024861932">
        <ele>1962</ele>
        <time>2017-03-28T16:36:38Z</time>
      </trkpt>
      <trkpt lat="45.684835016727448" lon="6.656129993498325">
        <ele>1980</ele>
        <time>2017-03-28T16:36:58Z</time>
      </trkpt>
      <trkpt lat="45.684681963175535" lon="6.655954979360104">
        <ele>1983</ele>
        <time>2017-03-28T16:37:18Z</time>
      </trkpt>
      <trkpt lat="45.684871980920434" lon="6.655865963548422">
        <ele>1980</ele>
        <time>2017-03-28T16:37:38Z</time>
      </trkpt>
      <trkpt lat="45.685009025037289" lon="6.655692039057612">
        <ele>1975</ele>
        <time>2017-03-28T16:37:58Z</time>
      </trkpt>
      <trkpt lat="45.684765027835965" lon="6.65560101158917">
        <ele>1996</ele>
        <time>2017-03-28T16:38:18Z</time>
      </trkpt>
      <trkpt lat="45.684638964012265" lon="6.655416022986174">
        <ele>2001</ele>
        <time>2017-03-28T16:38:38Z</time>
      </trkpt>
      <trkpt lat="45.68482001312077" lon="6.655350979417563">
        <ele>2000</ele>
        <time>2017-03-28T16:38:58Z</time>
      </trkpt>
      <trkpt lat="45.684964014217257" lon="6.655183006078005">
        <ele>2001</ele>
        <time>2017-03-28T16:39:18Z</time>
      </trkpt>
      <trkpt lat="45.684896036982536" lon="6.655018972232938">
        <ele>2003</ele>
        <time>2017-03-28T16:39:38Z</time>
      </trkpt>
      <trkpt lat="45.684705013409257" lon="6.654927022755146">
        <ele>2017</ele>
        <time>2017-03-28T16:39:58Z</time>
      </trkpt>
      <trkpt lat="45.684589007869363" lon="6.654715966433287">
        <ele>2021</ele>
        <time>2017-03-28T16:40:18Z</time>
      </trkpt>
      <trkpt lat="45.684330007061362" lon="6.65446400642395">
        <ele>2026</ele>
        <time>2017-03-28T16:40:38Z</time>
      </trkpt>
      <trkpt lat="45.684567969292402" lon="6.654435005038977">
        <ele>2024</ele>
        <time>2017-03-28T16:40:58Z</time>
      </trkpt>
      <trkpt lat="45.684686992317438" lon="6.654499964788556">
        <ele>2022</ele>
        <time>2017-03-28T16:41:18Z</time>
      </trkpt>
      <trkpt lat="45.684749018400908" lon="6.65435696952045">
        <ele>2023</ele>
        <time>2017-03-28T16:41:38Z</time>
      </trkpt>
      <trkpt lat="45.684355990961194" lon="6.65394801646471">
        <ele>2037</ele>
        <time>2017-03-28T16:41:58Z</time>
      </trkpt>
      <trkpt lat="45.684307962656021" lon="6.653290959075093">
        <ele>2047</ele>
        <time>2017-03-28T16:42:18Z</time>
      </trkpt>
      <trkpt lat="45.684091039001942" lon="6.652757031843066">
        <ele>2055</ele>
        <time>2017-03-28T16:42:38Z</time>
      </trkpt>
      <trkpt lat="45.684013003483415" lon="6.652364004403353">
        <ele>2058</ele>
        <time>2017-03-28T16:42:58Z</time>
      </trkpt>
      <trkpt lat="45.683934967964888" lon="6.652369033545256">
        <ele>2058</ele>
        <time>2017-03-28T16:43:18Z</time>
      </trkpt>
      <trkpt lat="45.68378996104002" lon="6.652524014934897">
        <ele>2056</ele>
        <time>2017-03-28T16:43:38Z</time>
      </trkpt>
      <trkpt lat="45.683619976043701" lon="6.652566008269787">
        <ele>2057</ele>
        <time>2017-03-28T16:43:58Z</time>
      </trkpt>
      <trkpt lat="45.683256033807993" lon="6.652134004980326">
        <ele>2063</ele>
        <time>2017-03-28T16:44:18Z</time>
      </trkpt>
      <trkpt lat="45.68314203992486" lon="6.651916997507215">
        <ele>2063</ele>
        <time>2017-03-28T16:44:38Z</time>
      </trkpt>
      <trkpt lat="45.682882033288479" lon="6.651789005845785">
        <ele>2063</ele>
        <time>2017-03-28T16:44:58Z</time>
      </trkpt>
      <trkpt lat="45.682608028873801" lon="6.6519729886204">
        <ele>2064</ele>
        <time>2017-03-28T16:45:18Z</time>
      </trkpt>
      <trkpt lat="45.682377023622394" lon="6.651914985850453">
        <ele>2067</ele>
        <time>2017-03-28T16:45:38Z</time>
      </trkpt>
      <trkpt lat="45.6816600356251" lon="6.651985980570316">
        <ele>2073</ele>
        <time>2017-03-28T16:45:58Z</time>
      </trkpt>
      <trkpt lat="45.681234989315271" lon="6.651715999469161">
        <ele>2073</ele>
        <time>2017-03-28T16:46:18Z</time>
      </trkpt>
      <trkpt lat="45.680876998230815" lon="6.651746006682515">
        <ele>2073</ele>
        <time>2017-03-28T16:46:38Z</time>
      </trkpt>
      <trkpt lat="45.680682035163045" lon="6.651361025869846">
        <ele>2066</ele>
        <time>2017-03-28T16:46:58Z</time>
      </trkpt>
      <trkpt lat="45.680298982188106" lon="6.651084003970027">
        <ele>2064</ele>
        <time>2017-03-28T16:47:18Z</time>
      </trkpt>
      <trkpt lat="45.680272998288274" lon="6.650780998170376">
        <ele>2054</ele>
        <time>2017-03-28T16:47:38Z</time>
      </trkpt>
      <trkpt lat="45.680381963029504" lon="6.650500036776066">
        <ele>2052</ele>
        <time>2017-03-28T16:47:58Z</time>
      </trkpt>
      <trkpt lat="45.680084992200136" lon="6.649680035188794">
        <ele>2042</ele>
        <time>2017-03-28T16:48:18Z</time>
      </trkpt>
      <trkpt lat="45.680088009685278" lon="6.649461016058922">
        <ele>2040</ele>
        <time>2017-03-28T16:48:38Z</time>
      </trkpt>
      <trkpt lat="45.679929004982114" lon="6.64930796250701">
        <ele>2038</ele>
        <time>2017-03-28T16:48:58Z</time>
      </trkpt>
      <trkpt lat="45.67987896502018" lon="6.649038987234235">
        <ele>2031</ele>
        <time>2017-03-28T16:49:18Z</time>
      </trkpt>
      <trkpt lat="45.679723983630538" lon="6.648802030831575">
        <ele>2027</ele>
        <time>2017-03-28T16:49:38Z</time>
      </trkpt>
      <trkpt lat="45.679630022495985" lon="6.648099962621927">
        <ele>2015</ele>
        <time>2017-03-28T16:49:58Z</time>
      </trkpt>
      <trkpt lat="45.679975021630526" lon="6.647720010951161">
        <ele>2010</ele>
        <time>2017-03-28T16:50:18Z</time>
      </trkpt>
      <trkpt lat="45.680155986919999" lon="6.647801985964179">
        <ele>2006</ele>
        <time>2017-03-28T16:50:38Z</time>
      </trkpt>
      <trkpt lat="45.680171996355057" lon="6.647639041766524">
        <ele>2005</ele>
        <time>2017-03-28T16:50:58Z</time>
      </trkpt>
      <trkpt lat="45.6799849960953" lon="6.647508032619953">
        <ele>2004</ele>
        <time>2017-03-28T16:51:18Z</time>
      </trkpt>
      <trkpt lat="45.680010979995131" lon="6.647274009883404">
        <ele>1996</ele>
        <time>2017-03-28T16:51:38Z</time>
      </trkpt>
      <trkpt lat="45.679905032739043" lon="6.647242996841669">
        <ele>2004</ele>
        <time>2017-03-28T16:51:58Z</time>
      </trkpt>
      <trkpt lat="45.679839989170432" lon="6.647037975490093">
        <ele>2003</ele>
        <time>2017-03-28T16:52:18Z</time>
      </trkpt>
      <trkpt lat="45.679373033344746" lon="6.646683001890779">
        <ele>2006</ele>
        <time>2017-03-28T16:52:38Z</time>
      </trkpt>
      <trkpt lat="45.679015964269638" lon="6.646790960803628">
        <ele>2014</ele>
        <time>2017-03-28T16:52:58Z</time>
      </trkpt>
      <trkpt lat="45.678430991247296" lon="6.645823018625379">
        <ele>2022</ele>
        <time>2017-03-28T16:53:18Z</time>
      </trkpt>
      <trkpt lat="45.678137959912419" lon="6.645519006997347">
        <ele>2033</ele>
        <time>2017-03-28T16:53:38Z</time>
      </trkpt>
      <trkpt lat="45.678016003221273" lon="6.644845018163323">
        <ele>2041</ele>
        <time>2017-03-28T16:53:58Z</time>
      </trkpt>
      <trkpt lat="45.677736969664693" lon="6.644671009853482">
        <ele>2045</ele>
        <time>2017-03-28T16:54:18Z</time>
      </trkpt>
      <trkpt lat="45.677318964153528" lon="6.644901009276509">
        <ele>2050</ele>
        <time>2017-03-28T16:54:38Z</time>
      </trkpt>
      <trkpt lat="45.676765004172921" lon="6.645055990666151">
        <ele>2054</ele>
        <time>2017-03-28T16:54:58Z</time>
      </trkpt>
      <trkpt lat="45.67637600004673" lon="6.644587023183703">
        <ele>2045</ele>
        <time>2017-03-28T16:55:18Z</time>
      </trkpt>
      <trkpt lat="45.676242979243398" lon="6.644547041505575">
        <ele>2043</ele>
        <time>2017-03-28T16:55:38Z</time>
      </trkpt>
      <trkpt lat="45.676177013665438" lon="6.644175974652171">
        <ele>2041</ele>
        <time>2017-03-28T16:55:58Z</time>
      </trkpt>
      <trkpt lat="45.675583994016051" lon="6.644722977653146">
        <ele>2031</ele>
        <time>2017-03-28T16:56:18Z</time>
      </trkpt>
      <trkpt lat="45.675576031208038" lon="6.644377978518605">
        <ele>2028</ele>
        <time>2017-03-28T16:56:38Z</time>
      </trkpt>
      <trkpt lat="45.675721960142255" lon="6.643983023241162">
        <ele>2022</ele>
        <time>2017-03-28T16:56:58Z</time>
      </trkpt>
      <trkpt lat="45.675769988447428" lon="6.643469966948032">
        <ele>2017</ele>
        <time>2017-03-28T16:57:18Z</time>
      </trkpt>
      <trkpt lat="45.675266990438104" lon="6.644400022923946">
        <ele>2026</ele>
        <time>2017-03-28T16:57:38Z</time>
      </trkpt>
      <trkpt lat="45.675092982128263" lon="6.644397005438805">
        <ele>2024</ele>
        <time>2017-03-28T16:57:58Z</time>
      </trkpt>
      <trkpt lat="45.67495702765882" lon="6.644586017355323">
        <ele>2028</ele>
        <time>2017-03-28T16:58:18Z</time>
      </trkpt>
      <trkpt lat="45.674824006855488" lon="6.644518962129951">
        <ele>2028</ele>
        <time>2017-03-28T16:58:38Z</time>
      </trkpt>
      <trkpt lat="45.674761980772018" lon="6.64374397136271">
        <ele>2013</ele>
        <time>2017-03-28T16:58:58Z</time>
      </trkpt>
      <trkpt lat="45.674625020474195" lon="6.643445994704962">
        <ele>2012</ele>
        <time>2017-03-28T16:59:18Z</time>
      </trkpt>
      <trkpt lat="45.674269963055849" lon="6.643224963918328">
        <ele>2004</ele>
        <time>2017-03-28T16:59:38Z</time>
      </trkpt>
      <trkpt lat="45.674214977771044" lon="6.643121028319001">
        <ele>2002</ele>
        <time>2017-03-28T16:59:58Z</time>
      </trkpt>
      <trkpt lat="45.673751961439848" lon="6.642850041389465">
        <ele>2009</ele>
        <time>2017-03-28T17:00:18Z</time>
      </trkpt>
      <trkpt lat="45.673179980367422" lon="6.642615012824535">
        <ele>2018</ele>
        <time>2017-03-28T17:00:38Z</time>
      </trkpt>
      <trkpt lat="45.672684023156762" lon="6.642536977306008">
        <ele>2023</ele>
        <time>2017-03-28T17:00:58Z</time>
      </trkpt>
      <trkpt lat="45.672183958813548" lon="6.64238995872438">
        <ele>2007</ele>
        <time>2017-03-28T17:01:18Z</time>
      </trkpt>
      <trkpt lat="45.671775005757809" lon="6.642150990664959">
        <ele>2003</ele>
        <time>2017-03-28T17:01:38Z</time>
      </trkpt>
      <trkpt lat="45.671701999381185" lon="6.642040014266968">
        <ele>2001</ele>
        <time>2017-03-28T17:01:58Z</time>
      </trkpt>
      <trkpt lat="45.671288017183542" lon="6.641861982643604">
        <ele>2002</ele>
        <time>2017-03-28T17:02:18Z</time>
      </trkpt>
      <trkpt lat="45.671248035505414" lon="6.641437020152807">
        <ele>1980</ele>
        <time>2017-03-28T17:02:38Z</time>
      </trkpt>
      <trkpt lat="45.671136975288391" lon="6.641234010457993">
        <ele>1978</ele>
        <time>2017-03-28T17:02:58Z</time>
      </trkpt>
      <trkpt lat="45.670786025002599" lon="6.641134014353156">
        <ele>1992</ele>
        <time>2017-03-28T17:03:18Z</time>
      </trkpt>
      <trkpt lat="45.670653004199266" lon="6.641199979931116">
        <ele>1996</ele>
        <time>2017-03-28T17:03:38Z</time>
      </trkpt>
      <trkpt lat="45.670530963689089" lon="6.641053967177868">
        <ele>1996</ele>
        <time>2017-03-28T17:03:58Z</time>
      </trkpt>
      <trkpt lat="45.670329965651035" lon="6.640181997790933">
        <ele>1974</ele>
        <time>2017-03-28T17:04:18Z</time>
      </trkpt>
      <trkpt lat="45.670132990926504" lon="6.639873962849379">
        <ele>1964</ele>
        <time>2017-03-28T17:04:38Z</time>
      </trkpt>
      <trkpt lat="45.670010028406978" lon="6.639565005898476">
        <ele>1956</ele>
        <time>2017-03-28T17:04:58Z</time>
      </trkpt>
      <trkpt lat="45.669735018163919" lon="6.639301981776953">
        <ele>1979</ele>
        <time>2017-03-28T17:05:18Z</time>
      </trkpt>
      <trkpt lat="45.669335033744574" lon="6.639158986508846">
        <ele>1979</ele>
        <time>2017-03-28T17:05:38Z</time>
      </trkpt>
      <trkpt lat="45.669042002409697" lon="6.63854400627315">
        <ele>1986</ele>
        <time>2017-03-28T17:05:58Z</time>
      </trkpt>
      <trkpt lat="45.669063962996006" lon="6.638233959674835">
        <ele>1975</ele>
        <time>2017-03-28T17:06:18Z</time>
      </trkpt>
      <trkpt lat="45.668738996610045" lon="6.637807991355658">
        <ele>1976</ele>
        <time>2017-03-28T17:06:38Z</time>
      </trkpt>
      <trkpt lat="45.668481001630425" lon="6.63729602470994">
        <ele>1972</ele>
        <time>2017-03-28T17:06:58Z</time>
      </trkpt>
      <trkpt lat="45.668268017470837" lon="6.637273980304599">
        <ele>1974</ele>
        <time>2017-03-28T17:07:18Z</time>
      </trkpt>
      <trkpt lat="45.667971968650818" lon="6.637487970292568">
        <ele>1972</ele>
        <time>2017-03-28T17:07:38Z</time>
      </trkpt>
      <trkpt lat="45.667739035561681" lon="6.637969007715583">
        <ele>1977</ele>
        <time>2017-03-28T17:07:58Z</time>
      </trkpt>
      <trkpt lat="45.667534014210105" lon="6.638134969398379">
        <ele>1975</ele>
        <time>2017-03-28T17:08:18Z</time>
      </trkpt>
      <trkpt lat="45.667414991185069" lon="6.637968001887202">
        <ele>1964</ele>
        <time>2017-03-28T17:08:38Z</time>
      </trkpt>
      <trkpt lat="45.666940994560719" lon="6.637999014928937">
        <ele>1959</ele>
        <time>2017-03-28T17:08:58Z</time>
      </trkpt>
      <trkpt lat="45.666892966255546" lon="6.638139998540282">
        <ele>1959</ele>
        <time>2017-03-28T17:09:18Z</time>
      </trkpt>
      <trkpt lat="45.666724992915988" lon="6.638141004368663">
        <ele>1958</ele>
        <time>2017-03-28T17:09:38Z</time>
      </trkpt>
      <trkpt lat="45.666531035676599" lon="6.638389024883509">
        <ele>1957</ele>
        <time>2017-03-28T17:09:58Z</time>
      </trkpt>
      <trkpt lat="45.666376976296306" lon="6.637992979958654">
        <ele>1946</ele>
        <time>2017-03-28T17:10:18Z</time>
      </trkpt>
      <trkpt lat="45.666373958811164" lon="6.637625014409423">
        <ele>1943</ele>
        <time>2017-03-28T17:10:38Z</time>
      </trkpt>
      <trkpt lat="45.666453000158072" lon="6.637127967551351">
        <ele>1934</ele>
        <time>2017-03-28T17:10:58Z</time>
      </trkpt>
      <trkpt lat="45.666460962966084" lon="6.636865027248859">
        <ele>1933</ele>
        <time>2017-03-28T17:11:18Z</time>
      </trkpt>
      <trkpt lat="45.66636398434639" lon="6.636568978428841">
        <ele>1925</ele>
        <time>2017-03-28T17:11:38Z</time>
      </trkpt>
      <trkpt lat="45.666227024048567" lon="6.636964017525315">
        <ele>1931</ele>
        <time>2017-03-28T17:11:58Z</time>
      </trkpt>
      <trkpt lat="45.665966011583805" lon="6.637331983074546">
        <ele>1931</ele>
        <time>2017-03-28T17:12:18Z</time>
      </trkpt>
      <trkpt lat="45.665781022980809" lon="6.637310022488236">
        <ele>1921</ele>
        <time>2017-03-28T17:12:38Z</time>
      </trkpt>
      <trkpt lat="45.665586981922388" lon="6.637021014466882">
        <ele>1914</ele>
        <time>2017-03-28T17:12:58Z</time>
      </trkpt>
      <trkpt lat="45.665352959185839" lon="6.636811969801784">
        <ele>1909</ele>
        <time>2017-03-28T17:13:18Z</time>
      </trkpt>
      <trkpt lat="45.665157996118069" lon="6.63682596758008">
        <ele>1906</ele>
        <time>2017-03-28T17:13:38Z</time>
      </trkpt>
      <trkpt lat="45.66498901695013" lon="6.636937027797103">
        <ele>1895</ele>
        <time>2017-03-28T17:13:58Z</time>
      </trkpt>
      <trkpt lat="45.664977030828595" lon="6.636810963973403">
        <ele>1894</ele>
        <time>2017-03-28T17:14:18Z</time>
      </trkpt>
      <trkpt lat="45.665108039975166" lon="6.636581970378757">
        <ele>1896</ele>
        <time>2017-03-28T17:14:38Z</time>
      </trkpt>
      <trkpt lat="45.66505498252809" lon="6.636425983160734">
        <ele>1896</ele>
        <time>2017-03-28T17:14:58Z</time>
      </trkpt>
      <trkpt lat="45.664740996435285" lon="6.636771988123655">
        <ele>1892</ele>
        <time>2017-03-28T17:15:18Z</time>
      </trkpt>
      <trkpt lat="45.664792964234948" lon="6.636364962905645">
        <ele>1880</ele>
        <time>2017-03-28T17:15:38Z</time>
      </trkpt>
      <trkpt lat="45.664952974766493" lon="6.636033039540052">
        <ele>1878</ele>
        <time>2017-03-28T17:15:58Z</time>
      </trkpt>
      <trkpt lat="45.665123965591192" lon="6.635858025401831">
        <ele>1887</ele>
        <time>2017-03-28T17:16:18Z</time>
      </trkpt>
      <trkpt lat="45.665090018883348" lon="6.635730033740401">
        <ele>1882</ele>
        <time>2017-03-28T17:16:38Z</time>
      </trkpt>
      <trkpt lat="45.664984993636608" lon="6.635843021795154">
        <ele>1880</ele>
        <time>2017-03-28T17:16:58Z</time>
      </trkpt>
      <trkpt lat="45.664786007255316" lon="6.635785019025207">
        <ele>1868</ele>
        <time>2017-03-28T17:17:18Z</time>
      </trkpt>
      <trkpt lat="45.664637982845306" lon="6.635903958231211">
        <ele>1874</ele>
        <time>2017-03-28T17:17:38Z</time>
      </trkpt>
      <trkpt lat="45.664477972313762" lon="6.636335039511323">
        <ele>1874</ele>
        <time>2017-03-28T17:17:58Z</time>
      </trkpt>
      <trkpt lat="45.664177983999252" lon="6.636496977880597">
        <ele>1872</ele>
        <time>2017-03-28T17:18:18Z</time>
      </trkpt>
      <trkpt lat="45.663415985181928" lon="6.637068036943674">
        <ele>1865</ele>
        <time>2017-03-28T17:18:38Z</time>
      </trkpt>
      <trkpt lat="45.663336021825671" lon="6.637200973927975">
        <ele>1866</ele>
        <time>2017-03-28T17:18:58Z</time>
      </trkpt>
      <trkpt lat="45.663200989365578" lon="6.637313039973378">
        <ele>1853</ele>
        <time>2017-03-28T17:19:18Z</time>
      </trkpt>
      <trkpt lat="45.662810979411006" lon="6.63768301717937">
        <ele>1857</ele>
        <time>2017-03-28T17:19:38Z</time>
      </trkpt>
      <trkpt lat="45.662759011611342" lon="6.637598024681211">
        <ele>1854</ele>
        <time>2017-03-28T17:19:58Z</time>
      </trkpt>
      <trkpt lat="45.662849033251405" lon="6.637465003877878">
        <ele>1846</ele>
        <time>2017-03-28T17:20:18Z</time>
      </trkpt>
      <trkpt lat="45.662912987172604" lon="6.637154035270214">
        <ele>1845</ele>
        <time>2017-03-28T17:20:38Z</time>
      </trkpt>
      <trkpt lat="45.663058999925852" lon="6.636876007542014">
        <ele>1845</ele>
        <time>2017-03-28T17:20:58Z</time>
      </trkpt>
      <trkpt lat="45.663009965792298" lon="6.636799983680248">
        <ele>1844</ele>
        <time>2017-03-28T17:21:18Z</time>
      </trkpt>
      <trkpt lat="45.662593971937895" lon="6.636910960078239">
        <ele>1837</ele>
        <time>2017-03-28T17:21:38Z</time>
      </trkpt>
      <trkpt lat="45.66240998916328" lon="6.637127967551351">
        <ele>1823</ele>
        <time>2017-03-28T17:21:58Z</time>
      </trkpt>
      <trkpt lat="45.662197005003691" lon="6.637544967234135">
        <ele>1831</ele>
        <time>2017-03-28T17:22:18Z</time>
      </trkpt>
      <trkpt lat="45.662141013890505" lon="6.637548990547657">
        <ele>1830</ele>
        <time>2017-03-28T17:22:38Z</time>
      </trkpt>
      <trkpt lat="45.661613959819078" lon="6.638102028518915">
        <ele>1807</ele>
        <time>2017-03-28T17:22:58Z</time>
      </trkpt>
      <trkpt lat="45.661621000617743" lon="6.638299003243446">
        <ele>1814</ele>
        <time>2017-03-28T17:23:18Z</time>
      </trkpt>
      <trkpt lat="45.66155000589788" lon="6.63843403570354">
        <ele>1816</ele>
        <time>2017-03-28T17:23:38Z</time>
      </trkpt>
      <trkpt lat="45.661513041704893" lon="6.638641990721226">
        <ele>1816</ele>
        <time>2017-03-28T17:23:58Z</time>
      </trkpt>
      <trkpt lat="45.661429977044463" lon="6.638860004022718">
        <ele>1818</ele>
        <time>2017-03-28T17:24:18Z</time>
      </trkpt>
      <trkpt lat="45.661311037838459" lon="6.638720026239753">
        <ele>1814</ele>
        <time>2017-03-28T17:24:38Z</time>
      </trkpt>
      <trkpt lat="45.661191008985043" lon="6.638811975717545">
        <ele>1813</ele>
        <time>2017-03-28T17:24:58Z</time>
      </trkpt>
      <trkpt lat="45.660987999290228" lon="6.638861009851098">
        <ele>1811</ele>
        <time>2017-03-28T17:25:18Z</time>
      </trkpt>
      <trkpt lat="45.660557001829147" lon="6.639104001224041">
        <ele>1799</ele>
        <time>2017-03-28T17:25:38Z</time>
      </trkpt>
      <trkpt lat="45.660362038761377" lon="6.639061002060771">
        <ele>1796</ele>
        <time>2017-03-28T17:25:58Z</time>
      </trkpt>
      <trkpt lat="45.660180989652872" lon="6.639105007052422">
        <ele>1796</ele>
        <time>2017-03-28T17:26:18Z</time>
      </trkpt>
      <trkpt lat="45.659611020237207" lon="6.63899302482605">
        <ele>1785</ele>
        <time>2017-03-28T17:26:38Z</time>
      </trkpt>
      <trkpt lat="45.659428965300322" lon="6.639153035357595">
        <ele>1786</ele>
        <time>2017-03-28T17:26:58Z</time>
      </trkpt>
      <trkpt lat="45.659239031374454" lon="6.639200979843736">
        <ele>1796</ele>
        <time>2017-03-28T17:27:18Z</time>
      </trkpt>
      <trkpt lat="45.658981036394835" lon="6.639162003993988">
        <ele>1783</ele>
        <time>2017-03-28T17:27:38Z</time>
      </trkpt>
      <trkpt lat="45.658780038356781" lon="6.639440031722188">
        <ele>1801</ele>
        <time>2017-03-28T17:27:58Z</time>
      </trkpt>
      <trkpt lat="45.658365972340107" lon="6.639568023383617">
        <ele>1802</ele>
        <time>2017-03-28T17:28:18Z</time>
      </trkpt>
      <trkpt lat="45.657925000414252" lon="6.639579003676772">
        <ele>1795</ele>
        <time>2017-03-28T17:28:38Z</time>
      </trkpt>
      <trkpt lat="45.657789967954159" lon="6.639786958694458">
        <ele>1798</ele>
        <time>2017-03-28T17:28:58Z</time>
      </trkpt>
      <trkpt lat="45.65746801905334" lon="6.639949986711144">
        <ele>1800</ele>
        <time>2017-03-28T17:29:18Z</time>
      </trkpt>
      <trkpt lat="45.657302979379892" lon="6.639972031116486">
        <ele>1793</ele>
        <time>2017-03-28T17:29:38Z</time>
      </trkpt>
      <trkpt lat="45.657186973839998" lon="6.64011200889945">
        <ele>1807</ele>
        <time>2017-03-28T17:29:58Z</time>
      </trkpt>
      <trkpt lat="45.656942976638675" lon="6.640181997790933">
        <ele>1804</ele>
        <time>2017-03-28T17:30:18Z</time>
      </trkpt>
      <trkpt lat="45.656765028834343" lon="6.64051903411746">
        <ele>1809</ele>
        <time>2017-03-28T17:30:38Z</time>
      </trkpt>
      <trkpt lat="45.656691016629338" lon="6.640787003561854">
        <ele>1813</ele>
        <time>2017-03-28T17:30:58Z</time>
      </trkpt>
      <trkpt lat="45.656479960307479" lon="6.640983978286386">
        <ele>1815</ele>
        <time>2017-03-28T17:31:18Z</time>
      </trkpt>
      <trkpt lat="45.656296983361244" lon="6.641240967437625">
        <ele>1816</ele>
        <time>2017-03-28T17:31:38Z</time>
      </trkpt>
      <trkpt lat="45.656270999461412" lon="6.641368959099054">
        <ele>1818</ele>
        <time>2017-03-28T17:31:58Z</time>
      </trkpt>
      <trkpt lat="45.656064972281456" lon="6.641412964090705">
        <ele>1816</ele>
        <time>2017-03-28T17:32:18Z</time>
      </trkpt>
      <trkpt lat="45.655639003962278" lon="6.641827030107379">
        <ele>1826</ele>
        <time>2017-03-28T17:32:38Z</time>
      </trkpt>
      <trkpt lat="45.655415039509535" lon="6.641904981806874">
        <ele>1828</ele>
        <time>2017-03-28T17:32:58Z</time>
      </trkpt>
      <trkpt lat="45.6552579626441" lon="6.642116960138083">
        <ele>1831</ele>
        <time>2017-03-28T17:33:18Z</time>
      </trkpt>
      <trkpt lat="45.655041038990021" lon="6.642119977623224">
        <ele>1830</ele>
        <time>2017-03-28T17:33:38Z</time>
      </trkpt>
      <trkpt lat="45.654969960451126" lon="6.642182003706694">
        <ele>1832</ele>
        <time>2017-03-28T17:33:58Z</time>
      </trkpt>
      <trkpt lat="45.654749013483524" lon="6.642226008698344">
        <ele>1832</ele>
        <time>2017-03-28T17:34:18Z</time>
      </trkpt>
      <trkpt lat="45.654593026265502" lon="6.642389036715031">
        <ele>1834</ele>
        <time>2017-03-28T17:34:38Z</time>
      </trkpt>
      <trkpt lat="45.654376018792391" lon="6.642519040033221">
        <ele>1853</ele>
        <time>2017-03-28T17:34:58Z</time>
      </trkpt>
      <trkpt lat="45.654122969135642" lon="6.642783991992474">
        <ele>1864</ele>
        <time>2017-03-28T17:35:18Z</time>
      </trkpt>
      <trkpt lat="45.654055997729301" lon="6.642919024452567">
        <ele>1869</ele>
        <time>2017-03-28T17:35:38Z</time>
      </trkpt>
      <trkpt lat="45.653911996632814" lon="6.642758008092642">
        <ele>1867</ele>
        <time>2017-03-28T17:35:58Z</time>
      </trkpt>
      <trkpt lat="45.6538160238415" lon="6.642983984202147">
        <ele>1873</ele>
        <time>2017-03-28T17:36:18Z</time>
      </trkpt>
      <trkpt lat="45.65372901968658" lon="6.642981972545385">
        <ele>1874</ele>
        <time>2017-03-28T17:36:38Z</time>
      </trkpt>
      <trkpt lat="45.653743017464876" lon="6.64318397641182">
        <ele>1877</ele>
        <time>2017-03-28T17:36:58Z</time>
      </trkpt>
      <trkpt lat="45.653551993891597" lon="6.643021032214165">
        <ele>1877</ele>
        <time>2017-03-28T17:37:18Z</time>
      </trkpt>
      <trkpt lat="45.653640003874898" lon="6.643264023587108">
        <ele>1880</ele>
        <time>2017-03-28T17:37:38Z</time>
      </trkpt>
      <trkpt lat="45.653496002778411" lon="6.643264023587108">
        <ele>1885</ele>
        <time>2017-03-28T17:37:58Z</time>
      </trkpt>
      <trkpt lat="45.653621982783079" lon="6.643688986077905">
        <ele>1905</ele>
        <time>2017-03-28T17:38:18Z</time>
      </trkpt>
      <trkpt lat="45.653252005577087" lon="6.643529981374741">
        <ele>1916</ele>
        <time>2017-03-28T17:38:38Z</time>
      </trkpt>
      <trkpt lat="45.653442023321986" lon="6.643826030194759">
        <ele>1910</ele>
        <time>2017-03-28T17:38:58Z</time>
      </trkpt>
      <trkpt lat="45.65312803722918" lon="6.643668031319976">
        <ele>1924</ele>
        <time>2017-03-28T17:39:18Z</time>
      </trkpt>
      <trkpt lat="45.652780020609498" lon="6.643627965822816">
        <ele>1931</ele>
        <time>2017-03-28T17:39:38Z</time>
      </trkpt>
      <trkpt lat="45.652701985090971" lon="6.643861988559365">
        <ele>1936</ele>
        <time>2017-03-28T17:39:58Z</time>
      </trkpt>
      <trkpt lat="45.65259201452136" lon="6.643496034666896">
        <ele>1933</ele>
        <time>2017-03-28T17:40:18Z</time>
      </trkpt>
      <trkpt lat="45.652285991236567" lon="6.642763959243894">
        <ele>1941</ele>
        <time>2017-03-28T17:40:38Z</time>
      </trkpt>
      <trkpt lat="45.651340009644628" lon="6.641919985413551">
        <ele>1964</ele>
        <time>2017-03-28T17:40:58Z</time>
      </trkpt>
      <trkpt lat="45.651179999113083" lon="6.641467027366161">
        <ele>1956</ele>
        <time>2017-03-28T17:41:18Z</time>
      </trkpt>
      <trkpt lat="45.651154015213251" lon="6.641924008727074">
        <ele>1968</ele>
        <time>2017-03-28T17:41:38Z</time>
      </trkpt>
      <trkpt lat="45.650970032438636" lon="6.641399972140789">
        <ele>1961</ele>
        <time>2017-03-28T17:41:58Z</time>
      </trkpt>
      <trkpt lat="45.650698039680719" lon="6.641399972140789">
        <ele>1977</ele>
        <time>2017-03-28T17:42:18Z</time>
      </trkpt>
      <trkpt lat="45.650165034458041" lon="6.641861982643604">
        <ele>1987</ele>
        <time>2017-03-28T17:42:38Z</time>
      </trkpt>
      <trkpt lat="45.649748034775257" lon="6.6419140342623">
        <ele>1996</ele>
        <time>2017-03-28T17:42:58Z</time>
      </trkpt>
      <trkpt lat="45.649462966248393" lon="6.642106985673308">
        <ele>2000</ele>
        <time>2017-03-28T17:43:18Z</time>
      </trkpt>
      <trkpt lat="45.649241013452411" lon="6.642229026183486">
        <ele>2003</ele>
        <time>2017-03-28T17:43:38Z</time>
      </trkpt>
      <trkpt lat="45.649011014029384" lon="6.642247969284654">
        <ele>2012</ele>
        <time>2017-03-28T17:43:58Z</time>
      </trkpt>
      <trkpt lat="45.648450013250113" lon="6.642480986192823">
        <ele>2021</ele>
        <time>2017-03-28T17:44:18Z</time>
      </trkpt>
      <trkpt lat="45.648152958601713" lon="6.642821040004492">
        <ele>2041</ele>
        <time>2017-03-28T17:44:38Z</time>
      </trkpt>
      <trkpt lat="45.647856993600726" lon="6.642923969775438">
        <ele>2046</ele>
        <time>2017-03-28T17:44:58Z</time>
      </trkpt>
      <trkpt lat="45.647850958630443" lon="6.643238961696625">
        <ele>2050</ele>
        <time>2017-03-28T17:45:18Z</time>
      </trkpt>
      <trkpt lat="45.648024966940284" lon="6.643660990521312">
        <ele>2064</ele>
        <time>2017-03-28T17:45:38Z</time>
      </trkpt>
      <trkpt lat="45.648065032437444" lon="6.643982017412782">
        <ele>2068</ele>
        <time>2017-03-28T17:45:58Z</time>
      </trkpt>
      <trkpt lat="45.647968975827098" lon="6.644356017932296">
        <ele>2090</ele>
        <time>2017-03-28T17:46:18Z</time>
      </trkpt>
      <trkpt lat="45.648543974384665" lon="6.645400989800692">
        <ele>2094</ele>
        <time>2017-03-28T17:46:38Z</time>
      </trkpt>
      <trkpt lat="45.648526037111878" lon="6.645754035562277">
        <ele>2101</ele>
        <time>2017-03-28T17:46:58Z</time>
      </trkpt>
      <trkpt lat="45.648636007681489" lon="6.646022005006671">
        <ele>2112</ele>
        <time>2017-03-28T17:47:18Z</time>
      </trkpt>
      <trkpt lat="45.648532994091511" lon="6.646350994706154">
        <ele>2117</ele>
        <time>2017-03-28T17:47:38Z</time>
      </trkpt>
      <trkpt lat="45.648305006325245" lon="6.646473035216332">
        <ele>2128</ele>
        <time>2017-03-28T17:47:58Z</time>
      </trkpt>
      <trkpt lat="45.648226970806718" lon="6.646616030484438">
        <ele>2129</ele>
        <time>2017-03-28T17:48:18Z</time>
      </trkpt>
      <trkpt lat="45.648056985810399" lon="6.646661041304469">
        <ele>2130</ele>
        <time>2017-03-28T17:48:38Z</time>
      </trkpt>
      <trkpt lat="45.6478859949857" lon="6.646834965795279">
        <ele>2143</ele>
        <time>2017-03-28T17:48:58Z</time>
      </trkpt>
      <trkpt lat="45.647659013047814" lon="6.646891962736845">
        <ele>2145</ele>
        <time>2017-03-28T17:49:18Z</time>
      </trkpt>
      <trkpt lat="45.647535966709256" lon="6.647210977971554">
        <ele>2150</ele>
        <time>2017-03-28T17:49:38Z</time>
      </trkpt>
      <trkpt lat="45.647078985348344" lon="6.646819962188602">
        <ele>2159</ele>
        <time>2017-03-28T17:49:58Z</time>
      </trkpt>
      <trkpt lat="45.646965997293591" lon="6.646938985213637">
        <ele>2161</ele>
        <time>2017-03-28T17:50:18Z</time>
      </trkpt>
      <trkpt lat="45.646777991205454" lon="6.646896991878748">
        <ele>2163</ele>
        <time>2017-03-28T17:50:38Z</time>
      </trkpt>
      <trkpt lat="45.646369960159063" lon="6.647320026531816">
        <ele>2180</ele>
        <time>2017-03-28T17:50:58Z</time>
      </trkpt>
      <trkpt lat="45.646332995966077" lon="6.647640969604254">
        <ele>2198</ele>
        <time>2017-03-28T17:51:18Z</time>
      </trkpt>
      <trkpt lat="45.646116994321346" lon="6.647725040093064">
        <ele>2202</ele>
        <time>2017-03-28T17:51:38Z</time>
      </trkpt>
      <trkpt lat="45.646679000928998" lon="6.648930022493005">
        <ele>2224</ele>
        <time>2017-03-28T17:51:58Z</time>
      </trkpt>
      <trkpt lat="45.646994998678565" lon="6.649321038275957">
        <ele>2241</ele>
        <time>2017-03-28T17:52:18Z</time>
      </trkpt>
      <trkpt lat="45.64719800837338" lon="6.649753963574767">
        <ele>2245</ele>
        <time>2017-03-28T17:52:38Z</time>
      </trkpt>
      <trkpt lat="45.647075967863202" lon="6.650002989917994">
        <ele>2264</ele>
        <time>2017-03-28T17:52:58Z</time>
      </trkpt>
      <trkpt lat="45.647098012268543" lon="6.650588968768716">
        <ele>2269</ele>
        <time>2017-03-28T17:53:18Z</time>
      </trkpt>
      <trkpt lat="45.647059958428144" lon="6.651260023936629">
        <ele>2287</ele>
        <time>2017-03-28T17:53:38Z</time>
      </trkpt>
      <trkpt lat="45.646802969276905" lon="6.651410982012749">
        <ele>2292</ele>
        <time>2017-03-28T17:53:58Z</time>
      </trkpt>
      <trkpt lat="45.646514967083931" lon="6.651680963113904">
        <ele>2317</ele>
        <time>2017-03-28T17:54:18Z</time>
      </trkpt>
      <trkpt lat="45.646483032032847" lon="6.652016993612051">
        <ele>2326</ele>
        <time>2017-03-28T17:54:38Z</time>
      </trkpt>
      <trkpt lat="45.646375995129347" lon="6.652438016608357">
        <ele>2329</ele>
        <time>2017-03-28T17:54:58Z</time>
      </trkpt>
      <trkpt lat="45.646312963217497" lon="6.65306699462235">
        <ele>2345</ele>
        <time>2017-03-28T17:55:18Z</time>
      </trkpt>
      <trkpt lat="45.645900992676616" lon="6.653709970414639">
        <ele>2376</ele>
        <time>2017-03-28T17:55:38Z</time>
      </trkpt>
      <trkpt lat="45.645267991349101" lon="6.653893031179905">
        <ele>2387</ele>
        <time>2017-03-28T17:55:58Z</time>
      </trkpt>
      <trkpt lat="45.645119966939092" lon="6.653839973732829">
        <ele>2387</ele>
        <time>2017-03-28T17:56:18Z</time>
      </trkpt>
      <trkpt lat="45.644949981942773" lon="6.653963020071387">
        <ele>2396</ele>
        <time>2017-03-28T17:56:38Z</time>
      </trkpt>
      <trkpt lat="45.644984012469649" lon="6.654123030602932">
        <ele>2396</ele>
        <time>2017-03-28T17:56:58Z</time>
      </trkpt>
      <trkpt lat="45.6448570266366" lon="6.654309025034308">
        <ele>2405</ele>
        <time>2017-03-28T17:57:18Z</time>
      </trkpt>
      <trkpt lat="45.645199008285999" lon="6.654301984235644">
        <ele>2408</ele>
        <time>2017-03-28T17:57:38Z</time>
      </trkpt>
      <trkpt lat="45.645120972767472" lon="6.654446991160512">
        <ele>2411</ele>
        <time>2017-03-28T17:57:58Z</time>
      </trkpt>
      <trkpt lat="45.645271008834243" lon="6.654580011963844">
        <ele>2415</ele>
        <time>2017-03-28T17:58:18Z</time>
      </trkpt>
      <trkpt lat="45.645245024934411" lon="6.655096001923084">
        <ele>2441</ele>
        <time>2017-03-28T17:58:38Z</time>
      </trkpt>
      <trkpt lat="45.645060958340764" lon="6.655703019350767">
        <ele>2451</ele>
        <time>2017-03-28T17:58:58Z</time>
      </trkpt>
      <trkpt lat="45.644859038293362" lon="6.655865963548422">
        <ele>2457</ele>
        <time>2017-03-28T17:59:18Z</time>
      </trkpt>
      <trkpt lat="45.645069004967809" lon="6.656702980399132">
        <ele>2473</ele>
        <time>2017-03-28T17:59:38Z</time>
      </trkpt>
      <trkpt lat="45.644867001101375" lon="6.657174965366721">
        <ele>2457</ele>
        <time>2017-03-28T17:59:58Z</time>
      </trkpt>
      <trkpt lat="45.644947970286012" lon="6.65723598562181">
        <ele>2456</ele>
        <time>2017-03-28T18:00:18Z</time>
      </trkpt>
      <trkpt lat="45.644832970574498" lon="6.657372023910284">
        <ele>2454</ele>
        <time>2017-03-28T18:00:38Z</time>
      </trkpt>
      <trkpt lat="45.64500798471272" lon="6.65779204107821">
        <ele>2447</ele>
        <time>2017-03-28T18:00:58Z</time>
      </trkpt>
      <trkpt lat="45.644829031080008" lon="6.657766979187727">
        <ele>2434</ele>
        <time>2017-03-28T18:01:18Z</time>
      </trkpt>
      <trkpt lat="45.644796006381512" lon="6.657857000827789">
        <ele>2431</ele>
        <time>2017-03-28T18:01:38Z</time>
      </trkpt>
      <trkpt lat="45.644658040255308" lon="6.657857000827789">
        <ele>2430</ele>
        <time>2017-03-28T18:01:58Z</time>
      </trkpt>
      <trkpt lat="45.644728029146791" lon="6.658059004694223">
        <ele>2427</ele>
        <time>2017-03-28T18:02:18Z</time>
      </trkpt>
      <trkpt lat="45.644526025280356" lon="6.658135028555989">
        <ele>2424</ele>
        <time>2017-03-28T18:02:38Z</time>
      </trkpt>
      <trkpt lat="45.644529964774847" lon="6.658311970531941">
        <ele>2422</ele>
        <time>2017-03-28T18:02:58Z</time>
      </trkpt>
      <trkpt lat="45.644433991983533" lon="6.658353041857481">
        <ele>2406</ele>
        <time>2017-03-28T18:03:18Z</time>
      </trkpt>
      <trkpt lat="45.644421000033617" lon="6.658522021025419">
        <ele>2404</ele>
        <time>2017-03-28T18:03:38Z</time>
      </trkpt>
      <trkpt lat="45.6443199981004" lon="6.658715978264809">
        <ele>2401</ele>
        <time>2017-03-28T18:03:58Z</time>
      </trkpt>
      <trkpt lat="45.64429703168571" lon="6.658952012658119">
        <ele>2396</ele>
        <time>2017-03-28T18:04:18Z</time>
      </trkpt>
      <trkpt lat="45.644165016710758" lon="6.659407988190651">
        <ele>2383</ele>
        <time>2017-03-28T18:04:38Z</time>
      </trkpt>
      <trkpt lat="45.644257972016931" lon="6.660604001954198">
        <ele>2365</ele>
        <time>2017-03-28T18:04:58Z</time>
      </trkpt>
      <trkpt lat="45.64417096786201" lon="6.661077998578548">
        <ele>2358</ele>
        <time>2017-03-28T18:05:18Z</time>
      </trkpt>
      <trkpt lat="45.644009029492736" lon="6.66153003461659">
        <ele>2350</ele>
        <time>2017-03-28T18:05:38Z</time>
      </trkpt>
      <trkpt lat="45.643441993743181" lon="6.662164041772485">
        <ele>2338</ele>
        <time>2017-03-28T18:05:58Z</time>
      </trkpt>
      <trkpt lat="45.643105041235685" lon="6.662400998175144">
        <ele>2330</ele>
        <time>2017-03-28T18:06:18Z</time>
      </trkpt>
      <trkpt lat="45.642829025164247" lon="6.662676008418202">
        <ele>2321</ele>
        <time>2017-03-28T18:06:38Z</time>
      </trkpt>
      <trkpt lat="45.642339019104838" lon="6.662823026999831">
        <ele>2304</ele>
        <time>2017-03-28T18:06:58Z</time>
      </trkpt>
      <trkpt lat="45.642196023836732" lon="6.662694029510021">
        <ele>2303</ele>
        <time>2017-03-28T18:07:18Z</time>
      </trkpt>
      <trkpt lat="45.64208303578198" lon="6.662967028096318">
        <ele>2300</ele>
        <time>2017-03-28T18:07:38Z</time>
      </trkpt>
      <trkpt lat="45.64171900972724" lon="6.663021007552743">
        <ele>2294</ele>
        <time>2017-03-28T18:07:58Z</time>
      </trkpt>
      <trkpt lat="45.640915017575026" lon="6.662638960406184">
        <ele>2266</ele>
        <time>2017-03-28T18:08:18Z</time>
      </trkpt>
      <trkpt lat="45.640637995675206" lon="6.662753960117698">
        <ele>2250</ele>
        <time>2017-03-28T18:08:38Z</time>
      </trkpt>
      <trkpt lat="45.640435991808772" lon="6.662665028125048">
        <ele>2248</ele>
        <time>2017-03-28T18:08:58Z</time>
      </trkpt>
      <trkpt lat="45.640233987942338" lon="6.662798970937729">
        <ele>2244</ele>
        <time>2017-03-28T18:09:18Z</time>
      </trkpt>
      <trkpt lat="45.639458997175097" lon="6.662777010351419">
        <ele>2226</ele>
        <time>2017-03-28T18:09:38Z</time>
      </trkpt>
      <trkpt lat="45.639193961396813" lon="6.662921011447907">
        <ele>2224</ele>
        <time>2017-03-28T18:09:58Z</time>
      </trkpt>
      <trkpt lat="45.638995980843902" lon="6.662937020882964">
        <ele>2215</ele>
        <time>2017-03-28T18:10:18Z</time>
      </trkpt>
      <trkpt lat="45.638765981420875" lon="6.663125026971102">
        <ele>2214</ele>
        <time>2017-03-28T18:10:38Z</time>
      </trkpt>
      <trkpt lat="45.638465993106365" lon="6.663027964532375">
        <ele>2212</ele>
        <time>2017-03-28T18:10:58Z</time>
      </trkpt>
      <trkpt lat="45.638226019218564" lon="6.662840964272618">
        <ele>2203</ele>
        <time>2017-03-28T18:11:18Z</time>
      </trkpt>
      <trkpt lat="45.638048993423581" lon="6.662876000627875">
        <ele>2202</ele>
        <time>2017-03-28T18:11:38Z</time>
      </trkpt>
      <trkpt lat="45.637672981247306" lon="6.66269101202488">
        <ele>2196</ele>
        <time>2017-03-28T18:11:58Z</time>
      </trkpt>
      <trkpt lat="45.637592012062669" lon="6.662540975958109">
        <ele>2190</ele>
        <time>2017-03-28T18:12:18Z</time>
      </trkpt>
      <trkpt lat="45.637476006522775" lon="6.662524966523051">
        <ele>2185</ele>
        <time>2017-03-28T18:12:38Z</time>
      </trkpt>
      <trkpt lat="45.636924980208278" lon="6.662101009860635">
        <ele>2174</ele>
        <time>2017-03-28T18:12:58Z</time>
      </trkpt>
      <trkpt lat="45.636867983266711" lon="6.662028003484011">
        <ele>2173</ele>
        <time>2017-03-28T18:13:18Z</time>
      </trkpt>
      <trkpt lat="45.636652987450361" lon="6.662018029019237">
        <ele>2162</ele>
        <time>2017-03-28T18:13:38Z</time>
      </trkpt>
      <trkpt lat="45.636603031307459" lon="6.661906968802214">
        <ele>2161</ele>
        <time>2017-03-28T18:13:58Z</time>
      </trkpt>
      <trkpt lat="45.636340007185936" lon="6.661876039579511">
        <ele>2160</ele>
        <time>2017-03-28T18:14:18Z</time>
      </trkpt>
      <trkpt lat="45.636215033009648" lon="6.661944016814232">
        <ele>2159</ele>
        <time>2017-03-28T18:14:38Z</time>
      </trkpt>
      <trkpt lat="45.635846983641386" lon="6.661905040964484">
        <ele>2157</ele>
        <time>2017-03-28T18:14:58Z</time>
      </trkpt>
      <trkpt lat="45.635139970108867" lon="6.662613982334733">
        <ele>2146</ele>
        <time>2017-03-28T18:15:18Z</time>
      </trkpt>
      <trkpt lat="45.635046008974314" lon="6.662613982334733">
        <ele>2144</ele>
        <time>2017-03-28T18:15:38Z</time>
      </trkpt>
      <trkpt lat="45.634793965145946" lon="6.663000974804163">
        <ele>2137</ele>
        <time>2017-03-28T18:15:58Z</time>
      </trkpt>
      <trkpt lat="45.634591961279511" lon="6.663118992000818">
        <ele>2135</ele>
        <time>2017-03-28T18:16:18Z</time>
      </trkpt>
      <trkpt lat="45.634478973224759" lon="6.663323007524014">
        <ele>2134</ele>
        <time>2017-03-28T18:16:38Z</time>
      </trkpt>
      <trkpt lat="45.633950997143984" lon="6.663541020825505">
        <ele>2116</ele>
        <time>2017-03-28T18:16:58Z</time>
      </trkpt>
      <trkpt lat="45.633919984102249" lon="6.663375981152058">
        <ele>2116</ele>
        <time>2017-03-28T18:17:18Z</time>
      </trkpt>
      <trkpt lat="45.633762991055846" lon="6.663559963926673">
        <ele>2111</ele>
        <time>2017-03-28T18:17:38Z</time>
      </trkpt>
      <trkpt lat="45.633642040193081" lon="6.663932958617806">
        <ele>2107</ele>
        <time>2017-03-28T18:17:58Z</time>
      </trkpt>
      <trkpt lat="45.633536009117961" lon="6.664080983027816">
        <ele>2102</ele>
        <time>2017-03-28T18:18:18Z</time>
      </trkpt>
      <trkpt lat="45.6333630066365" lon="6.664114007726312">
        <ele>2094</ele>
        <time>2017-03-28T18:18:38Z</time>
      </trkpt>
      <trkpt lat="45.633159996941686" lon="6.664286004379392">
        <ele>2079</ele>
        <time>2017-03-28T18:18:58Z</time>
      </trkpt>
      <trkpt lat="45.632853973656893" lon="6.66490500792861">
        <ele>2069</ele>
        <time>2017-03-28T18:19:18Z</time>
      </trkpt>
      <trkpt lat="45.632681977003813" lon="6.664877012372017">
        <ele>2064</ele>
        <time>2017-03-28T18:19:38Z</time>
      </trkpt>
      <trkpt lat="45.632566977292299" lon="6.664967034012079">
        <ele>2057</ele>
        <time>2017-03-28T18:19:58Z</time>
      </trkpt>
      <trkpt lat="45.632523978129029" lon="6.66512000374496">
        <ele>2056</ele>
        <time>2017-03-28T18:20:18Z</time>
      </trkpt>
      <trkpt lat="45.632375031709671" lon="6.665338017046452">
        <ele>2049</ele>
        <time>2017-03-28T18:20:38Z</time>
      </trkpt>
      <trkpt lat="45.632408978417516" lon="6.665719980373979">
        <ele>2046</ele>
        <time>2017-03-28T18:20:58Z</time>
      </trkpt>
      <trkpt lat="45.632322980090976" lon="6.665918966755271">
        <ele>2042</ele>
        <time>2017-03-28T18:21:18Z</time>
      </trkpt>
      <trkpt lat="45.632317028939724" lon="6.666057016700506">
        <ele>2041</ele>
        <time>2017-03-28T18:21:38Z</time>
      </trkpt>
      <trkpt lat="45.632261959835887" lon="6.666313000023365">
        <ele>2039</ele>
        <time>2017-03-28T18:21:58Z</time>
      </trkpt>
      <trkpt lat="45.632221978157759" lon="6.666783979162574">
        <ele>2033</ele>
        <time>2017-03-28T18:22:18Z</time>
      </trkpt>
      <trkpt lat="45.632375031709671" lon="6.666965028271079">
        <ele>2032</ele>
        <time>2017-03-28T18:22:38Z</time>
      </trkpt>
      <trkpt lat="45.632212003692985" lon="6.66748302988708">
        <ele>2029</ele>
        <time>2017-03-28T18:22:58Z</time>
      </trkpt>
      <trkpt lat="45.632093986496329" lon="6.668097004294395">
        <ele>2020</ele>
        <time>2017-03-28T18:23:18Z</time>
      </trkpt>
      <trkpt lat="45.632129022851586" lon="6.668341001495719">
        <ele>2013</ele>
        <time>2017-03-28T18:23:38Z</time>
      </trkpt>
      <trkpt lat="45.632065990939736" lon="6.668617017567158">
        <ele>2012</ele>
        <time>2017-03-28T18:23:58Z</time>
      </trkpt>
      <trkpt lat="45.632040007039905" lon="6.66888196952641">
        <ele>2010</ele>
        <time>2017-03-28T18:24:18Z</time>
      </trkpt>
      <trkpt lat="45.631970018148422" lon="6.669041980057955">
        <ele>2009</ele>
        <time>2017-03-28T18:24:38Z</time>
      </trkpt>
      <trkpt lat="45.63198703341186" lon="6.669142981991172">
        <ele>2009</ele>
        <time>2017-03-28T18:24:58Z</time>
      </trkpt>
      <trkpt lat="45.632420964539051" lon="6.669420003890991">
        <ele>1999</ele>
        <time>2017-03-28T18:25:18Z</time>
      </trkpt>
      <trkpt lat="45.632560020312667" lon="6.669570961967111">
        <ele>1999</ele>
        <time>2017-03-28T18:25:38Z</time>
      </trkpt>
      <trkpt lat="45.63280401751399" lon="6.669743964448571">
        <ele>1998</ele>
        <time>2017-03-28T18:25:58Z</time>
      </trkpt>
      <trkpt lat="45.632732016965747" lon="6.669877991080284">
        <ele>1995</ele>
        <time>2017-03-28T18:26:18Z</time>
      </trkpt>
      <trkpt lat="45.632232036441565" lon="6.670162975788117">
        <ele>1977</ele>
        <time>2017-03-28T18:26:38Z</time>
      </trkpt>
      <trkpt lat="45.632152995094657" lon="6.670333966612816">
        <ele>1974</ele>
        <time>2017-03-28T18:26:58Z</time>
      </trkpt>
      <trkpt lat="45.632344018667936" lon="6.670408984646201">
        <ele>1974</ele>
        <time>2017-03-28T18:27:18Z</time>
      </trkpt>
      <trkpt lat="45.632598996162415" lon="6.670634960755706">
        <ele>1973</ele>
        <time>2017-03-28T18:27:38Z</time>
      </trkpt>
      <trkpt lat="45.633338028565049" lon="6.670779967680574">
        <ele>1975</ele>
        <time>2017-03-28T18:27:58Z</time>
      </trkpt>
      <trkpt lat="45.633469959720969" lon="6.670907959342003">
        <ele>1970</ele>
        <time>2017-03-28T18:28:18Z</time>
      </trkpt>
      <trkpt lat="45.633902968838811" lon="6.671681022271514">
        <ele>1951</ele>
        <time>2017-03-28T18:28:38Z</time>
      </trkpt>
      <trkpt lat="45.633990978822112" lon="6.672077989205718">
        <ele>1945</ele>
        <time>2017-03-28T18:28:58Z</time>
      </trkpt>
      <trkpt lat="45.634183008223772" lon="6.672673020511866">
        <ele>1950</ele>
        <time>2017-03-28T18:29:18Z</time>
      </trkpt>
      <trkpt lat="45.634229024872184" lon="6.673009973019362">
        <ele>1950</ele>
        <time>2017-03-28T18:29:38Z</time>
      </trkpt>
      <trkpt lat="45.634123999625444" lon="6.673269979655743">
        <ele>1932</ele>
        <time>2017-03-28T18:29:58Z</time>
      </trkpt>
      <trkpt lat="45.634055016562343" lon="6.673785969614983">
        <ele>1927</ele>
        <time>2017-03-28T18:30:18Z</time>
      </trkpt>
      <trkpt lat="45.633828034624457" lon="6.674023009836674">
        <ele>1925</ele>
        <time>2017-03-28T18:30:38Z</time>
      </trkpt>
      <trkpt lat="45.633512958884239" lon="6.67405896820128">
        <ele>1919</ele>
        <time>2017-03-28T18:30:58Z</time>
      </trkpt>
      <trkpt lat="45.633367029950023" lon="6.674298020079732">
        <ele>1919</ele>
        <time>2017-03-28T18:31:18Z</time>
      </trkpt>
      <trkpt lat="45.633332999423146" lon="6.674482002854347">
        <ele>1909</ele>
        <time>2017-03-28T18:31:38Z</time>
      </trkpt>
      <trkpt lat="45.632982971146703" lon="6.674690963700414">
        <ele>1907</ele>
        <time>2017-03-28T18:31:58Z</time>
      </trkpt>
      <trkpt lat="45.632781973108649" lon="6.67474402114749">
        <ele>1904</ele>
        <time>2017-03-28T18:32:18Z</time>
      </trkpt>
      <trkpt lat="45.632609976455569" lon="6.675069993361831">
        <ele>1904</ele>
        <time>2017-03-28T18:32:38Z</time>
      </trkpt>
      <trkpt lat="45.632397998124361" lon="6.675152974203229">
        <ele>1897</ele>
        <time>2017-03-28T18:32:58Z</time>
      </trkpt>
      <trkpt lat="45.632189959287643" lon="6.675172001123428">
        <ele>1895</ele>
        <time>2017-03-28T18:33:18Z</time>
      </trkpt>
      <trkpt lat="45.63177396543324" lon="6.675306027755141">
        <ele>1892</ele>
        <time>2017-03-28T18:33:38Z</time>
      </trkpt>
      <trkpt lat="45.631542038172483" lon="6.675337040796876">
        <ele>1879</ele>
        <time>2017-03-28T18:33:58Z</time>
      </trkpt>
      <trkpt lat="45.631135012954473" lon="6.675567040219903">
        <ele>1876</ele>
        <time>2017-03-28T18:34:18Z</time>
      </trkpt>
      <trkpt lat="45.630981037393212" lon="6.675737025216222">
        <ele>1875</ele>
        <time>2017-03-28T18:34:38Z</time>
      </trkpt>
      <trkpt lat="45.630922028794885" lon="6.675633005797863">
        <ele>1874</ele>
        <time>2017-03-28T18:34:58Z</time>
      </trkpt>
      <trkpt lat="45.631068963557482" lon="6.675323965027928">
        <ele>1874</ele>
        <time>2017-03-28T18:35:18Z</time>
      </trkpt>
      <trkpt lat="45.631101988255978" lon="6.674872012808919">
        <ele>1867</ele>
        <time>2017-03-28T18:35:38Z</time>
      </trkpt>
      <trkpt lat="45.631170971319079" lon="6.674538999795914">
        <ele>1868</ele>
        <time>2017-03-28T18:35:58Z</time>
      </trkpt>
      <trkpt lat="45.631105005741119" lon="6.674494994804263">
        <ele>1867</ele>
        <time>2017-03-28T18:36:18Z</time>
      </trkpt>
      <trkpt lat="45.630386006087065" lon="6.675219023600221">
        <ele>1855</ele>
        <time>2017-03-28T18:36:38Z</time>
      </trkpt>
      <trkpt lat="45.629880996420979" lon="6.675483975559473">
        <ele>1843</ele>
        <time>2017-03-28T18:36:58Z</time>
      </trkpt>
      <trkpt lat="45.629575978964567" lon="6.67551901191473">
        <ele>1841</ele>
        <time>2017-03-28T18:37:18Z</time>
      </trkpt>
      <trkpt lat="45.629116985946894" lon="6.675725039094687">
        <ele>1834</ele>
        <time>2017-03-28T18:37:38Z</time>
      </trkpt>
      <trkpt lat="45.628939038142562" lon="6.675654966384172">
        <ele>1832</ele>
        <time>2017-03-28T18:37:58Z</time>
      </trkpt>
      <trkpt lat="45.628415001556277" lon="6.675814976915717">
        <ele>1821</ele>
        <time>2017-03-28T18:38:18Z</time>
      </trkpt>
      <trkpt lat="45.627560969442129" lon="6.676211021840572">
        <ele>1812</ele>
        <time>2017-03-28T18:38:38Z</time>
      </trkpt>
      <trkpt lat="45.626755971461535" lon="6.676483014598489">
        <ele>1794</ele>
        <time>2017-03-28T18:38:58Z</time>
      </trkpt>
      <trkpt lat="45.626376019790769" lon="6.676812004297972">
        <ele>1785</ele>
        <time>2017-03-28T18:39:18Z</time>
      </trkpt>
      <trkpt lat="45.625853994861245" lon="6.676985006779432">
        <ele>1783</ele>
        <time>2017-03-28T18:39:38Z</time>
      </trkpt>
      <trkpt lat="45.625496003776789" lon="6.677289018407464">
        <ele>1775</ele>
        <time>2017-03-28T18:39:58Z</time>
      </trkpt>
      <trkpt lat="45.625293999910355" lon="6.677355989813805">
        <ele>1772</ele>
        <time>2017-03-28T18:40:18Z</time>
      </trkpt>
      <trkpt lat="45.624887980520725" lon="6.677665030583739">
        <ele>1762</ele>
        <time>2017-03-28T18:40:38Z</time>
      </trkpt>
      <trkpt lat="45.624713972210884" lon="6.677905004471541">
        <ele>1760</ele>
        <time>2017-03-28T18:40:58Z</time>
      </trkpt>
      <trkpt lat="45.623239008709788" lon="6.678884010761976">
        <ele>1742</ele>
        <time>2017-03-28T18:41:18Z</time>
      </trkpt>
      <trkpt lat="45.623016972094774" lon="6.678854003548622">
        <ele>1740</ele>
        <time>2017-03-28T18:41:38Z</time>
      </trkpt>
      <trkpt lat="45.622798958793283" lon="6.678942013531923">
        <ele>1740</ele>
        <time>2017-03-28T18:41:58Z</time>
      </trkpt>
      <trkpt lat="45.622066967189312" lon="6.678946958854795">
        <ele>1731</ele>
        <time>2017-03-28T18:42:18Z</time>
      </trkpt>
      <trkpt lat="45.621909974142909" lon="6.678833970800042">
        <ele>1730</ele>
        <time>2017-03-28T18:42:38Z</time>
      </trkpt>
      <trkpt lat="45.621534967795014" lon="6.678859032690525">
        <ele>1723</ele>
        <time>2017-03-28T18:42:58Z</time>
      </trkpt>
      <trkpt lat="45.621283007785678" lon="6.678662979975343">
        <ele>1719</ele>
        <time>2017-03-28T18:43:18Z</time>
      </trkpt>
      <trkpt lat="45.620830971747637" lon="6.678889961913228">
        <ele>1710</ele>
        <time>2017-03-28T18:43:38Z</time>
      </trkpt>
      <trkpt lat="45.620398968458176" lon="6.678330972790718">
        <ele>1703</ele>
        <time>2017-03-28T18:43:58Z</time>
      </trkpt>
      <trkpt lat="45.620238035917282" lon="6.678646970540285">
        <ele>1703</ele>
        <time>2017-03-28T18:44:18Z</time>
      </trkpt>
      <trkpt lat="45.61999898403883" lon="6.678797006607056">
        <ele>1696</ele>
        <time>2017-03-28T18:44:38Z</time>
      </trkpt>
      <trkpt lat="45.619510989636183" lon="6.678840005770326">
        <ele>1696</ele>
        <time>2017-03-28T18:44:58Z</time>
      </trkpt>
      <trkpt lat="45.619270009920001" lon="6.678668009117246">
        <ele>1694</ele>
        <time>2017-03-28T18:45:18Z</time>
      </trkpt>
      <trkpt lat="45.619078986346722" lon="6.678630961105228">
        <ele>1692</ele>
        <time>2017-03-28T18:45:38Z</time>
      </trkpt>
      <trkpt lat="45.61888100579381" lon="6.678476985543966">
        <ele>1691</ele>
        <time>2017-03-28T18:45:58Z</time>
      </trkpt>
      <trkpt lat="45.618311958387494" lon="6.678371960297227">
        <ele>1684</ele>
        <time>2017-03-28T18:46:18Z</time>
      </trkpt>
      <trkpt lat="45.617794962599874" lon="6.678459970280528">
        <ele>1684</ele>
        <time>2017-03-28T18:46:38Z</time>
      </trkpt>
      <trkpt lat="45.617488017305732" lon="6.678472040221095">
        <ele>1674</ele>
        <time>2017-03-28T18:46:58Z</time>
      </trkpt>
      <trkpt lat="45.616931961849332" lon="6.678617969155312">
        <ele>1671</ele>
        <time>2017-03-28T18:47:18Z</time>
      </trkpt>
      <trkpt lat="45.616187984123826" lon="6.678575975820422">
        <ele>1659</ele>
        <time>2017-03-28T18:47:38Z</time>
      </trkpt>
      <trkpt lat="45.615481976419687" lon="6.678975038230419">
        <ele>1651</ele>
        <time>2017-03-28T18:47:58Z</time>
      </trkpt>
      <trkpt lat="45.614956011995673" lon="6.678996998816729">
        <ele>1646</ele>
        <time>2017-03-28T18:48:18Z</time>
      </trkpt>
      <trkpt lat="45.614061998203397" lon="6.67936303652823">
        <ele>1646</ele>
        <time>2017-03-28T18:48:38Z</time>
      </trkpt>
      <trkpt lat="45.613280972465873" lon="6.679199002683163">
        <ele>1638</ele>
        <time>2017-03-28T18:48:58Z</time>
      </trkpt>
      <trkpt lat="45.612927004694939" lon="6.679348032921553">
        <ele>1638</ele>
        <time>2017-03-28T18:49:18Z</time>
      </trkpt>
      <trkpt lat="45.612499024719" lon="6.679856982082129">
        <ele>1638</ele>
        <time>2017-03-28T18:49:38Z</time>
      </trkpt>
      <trkpt lat="45.611980017274618" lon="6.680119000375271">
        <ele>1647</ele>
        <time>2017-03-28T18:49:58Z</time>
      </trkpt>
      <trkpt lat="45.611454974859953" lon="6.680112965404987">
        <ele>1647</ele>
        <time>2017-03-28T18:50:18Z</time>
      </trkpt>
      <trkpt lat="45.610055029392242" lon="6.679539978504181">
        <ele>1635</ele>
        <time>2017-03-28T18:50:38Z</time>
      </trkpt>
      <trkpt lat="45.609331000596285" lon="6.679138988256455">
        <ele>1632</ele>
        <time>2017-03-28T18:50:58Z</time>
      </trkpt>
      <trkpt lat="45.608939984813333" lon="6.67915097437799">
        <ele>1639</ele>
        <time>2017-03-28T18:51:18Z</time>
      </trkpt>
      <trkpt lat="45.608710991218686" lon="6.677673999220133">
        <ele>1622</ele>
        <time>2017-03-28T18:51:38Z</time>
      </trkpt>
      <trkpt lat="45.607971036806703" lon="6.677131019532681">
        <ele>1616</ele>
        <time>2017-03-28T18:51:58Z</time>
      </trkpt>
      <trkpt lat="45.608125012367964" lon="6.676967991515994">
        <ele>1615</ele>
        <time>2017-03-28T18:52:18Z</time>
      </trkpt>
      <trkpt lat="45.608405973762274" lon="6.676923986524344">
        <ele>1614</ele>
        <time>2017-03-28T18:52:38Z</time>
      </trkpt>
      <trkpt lat="45.608386024832726" lon="6.676763975992799">
        <ele>1612</ele>
        <time>2017-03-28T18:52:58Z</time>
      </trkpt>
      <trkpt lat="45.608141021803021" lon="6.676513021811843">
        <ele>1608</ele>
        <time>2017-03-28T18:53:18Z</time>
      </trkpt>
      <trkpt lat="45.607824018225074" lon="6.676535988226533">
        <ele>1607</ele>
        <time>2017-03-28T18:53:38Z</time>
      </trkpt>
      <trkpt lat="45.60764598660171" lon="6.676644030958414">
        <ele>1608</ele>
        <time>2017-03-28T18:53:58Z</time>
      </trkpt>
      <trkpt lat="45.607275003567338" lon="6.676431968808174">
        <ele>1605</ele>
        <time>2017-03-28T18:54:18Z</time>
      </trkpt>
      <trkpt lat="45.606701010838151" lon="6.676320992410183">
        <ele>1604</ele>
        <time>2017-03-28T18:54:38Z</time>
      </trkpt>
      <trkpt lat="45.606318041682243" lon="6.676273969933391">
        <ele>1601</ele>
        <time>2017-03-28T18:54:58Z</time>
      </trkpt>
      <trkpt lat="45.605934988707304" lon="6.676410008221865">
        <ele>1602</ele>
        <time>2017-03-28T18:55:18Z</time>
      </trkpt>
      <trkpt lat="45.605183970183134" lon="6.676433980464935">
        <ele>1601</ele>
        <time>2017-03-28T18:55:38Z</time>
      </trkpt>
      <trkpt lat="45.60480996966362" lon="6.676363991573453">
        <ele>1602</ele>
        <time>2017-03-28T18:55:58Z</time>
      </trkpt>
      <trkpt lat="45.60405601747334" lon="6.676013041287661">
        <ele>1600</ele>
        <time>2017-03-28T18:56:18Z</time>
      </trkpt>
      <trkpt lat="45.603521000593901" lon="6.675929976627231">
        <ele>1602</ele>
        <time>2017-03-28T18:56:38Z</time>
      </trkpt>
      <trkpt lat="45.603101989254355" lon="6.675500990822911">
        <ele>1588</ele>
        <time>2017-03-28T18:56:58Z</time>
      </trkpt>
      <trkpt lat="45.602713990956545" lon="6.675216006115079">
        <ele>1585</ele>
        <time>2017-03-28T18:57:18Z</time>
      </trkpt>
      <trkpt lat="45.602060034871101" lon="6.674889028072357">
        <ele>1575</ele>
        <time>2017-03-28T18:57:38Z</time>
      </trkpt>
      <trkpt lat="45.60152200050652" lon="6.67487695813179">
        <ele>1587</ele>
        <time>2017-03-28T18:57:58Z</time>
      </trkpt>
      <trkpt lat="45.600650031119585" lon="6.674666991457343">
        <ele>1592</ele>
        <time>2017-03-28T18:58:18Z</time>
      </trkpt>
      <trkpt lat="45.600520027801394" lon="6.674546040594578">
        <ele>1589</ele>
        <time>2017-03-28T18:58:38Z</time>
      </trkpt>
      <trkpt lat="45.600223978981376" lon="6.674531036987901">
        <ele>1590</ele>
        <time>2017-03-28T18:58:58Z</time>
      </trkpt>
      <trkpt lat="45.600071009248495" lon="6.674603037536144">
        <ele>1592</ele>
        <time>2017-03-28T18:59:18Z</time>
      </trkpt>
      <trkpt lat="45.599912004545331" lon="6.674536988139153">
        <ele>1591</ele>
        <time>2017-03-28T18:59:38Z</time>
      </trkpt>
      <trkpt lat="45.599367013201118" lon="6.674768999218941">
        <ele>1595</ele>
        <time>2017-03-28T18:59:58Z</time>
      </trkpt>
      <trkpt lat="45.59928797185421" lon="6.674905959516764">
        <ele>1599</ele>
        <time>2017-03-28T19:00:18Z</time>
      </trkpt>
      <trkpt lat="45.599108012393117" lon="6.674940995872021">
        <ele>1599</ele>
        <time>2017-03-28T19:00:38Z</time>
      </trkpt>
      <trkpt lat="45.598898967728019" lon="6.675124978646636">
        <ele>1611</ele>
        <time>2017-03-28T19:00:58Z</time>
      </trkpt>
      <trkpt lat="45.598644996061921" lon="6.675113998353481">
        <ele>1609</ele>
        <time>2017-03-28T19:01:18Z</time>
      </trkpt>
      <trkpt lat="45.598504012450576" lon="6.67532597668469">
        <ele>1611</ele>
        <time>2017-03-28T19:01:38Z</time>
      </trkpt>
      <trkpt lat="45.598335033282638" lon="6.675372999161482">
        <ele>1611</ele>
        <time>2017-03-28T19:01:58Z</time>
      </trkpt>
      <trkpt lat="45.598163036629558" lon="6.675569973886013">
        <ele>1609</ele>
        <time>2017-03-28T19:02:18Z</time>
      </trkpt>
      <trkpt lat="45.597734972834587" lon="6.67558397166431">
        <ele>1607</ele>
        <time>2017-03-28T19:02:38Z</time>
      </trkpt>
      <trkpt lat="45.597430961206555" lon="6.675453968346119">
        <ele>1598</ele>
        <time>2017-03-28T19:02:58Z</time>
      </trkpt>
      <trkpt lat="45.596995018422604" lon="6.675832998007536">
        <ele>1597</ele>
        <time>2017-03-28T19:03:18Z</time>
      </trkpt>
      <trkpt lat="45.596894016489387" lon="6.676126029342413">
        <ele>1611</ele>
        <time>2017-03-28T19:03:38Z</time>
      </trkpt>
      <trkpt lat="45.596437035128474" lon="6.675925031304359">
        <ele>1596</ele>
        <time>2017-03-28T19:03:58Z</time>
      </trkpt>
      <trkpt lat="45.596288004890084" lon="6.67629299685359">
        <ele>1599</ele>
        <time>2017-03-28T19:04:18Z</time>
      </trkpt>
      <trkpt lat="45.596032021567225" lon="6.676564989611507">
        <ele>1600</ele>
        <time>2017-03-28T19:04:38Z</time>
      </trkpt>
      <trkpt lat="45.595690039917827" lon="6.676517967134714">
        <ele>1592</ele>
        <time>2017-03-28T19:04:58Z</time>
      </trkpt>
      <trkpt lat="45.595559030771255" lon="6.676675966009498">
        <ele>1608</ele>
        <time>2017-03-28T19:05:18Z</time>
      </trkpt>
      <trkpt lat="45.595281003043056" lon="6.676790965721011">
        <ele>1607</ele>
        <time>2017-03-28T19:05:38Z</time>
      </trkpt>
      <trkpt lat="45.595047986134887" lon="6.676822984591126">
        <ele>1603</ele>
        <time>2017-03-28T19:05:58Z</time>
      </trkpt>
      <trkpt lat="45.59471002779901" lon="6.676875958219171">
        <ele>1602</ele>
        <time>2017-03-28T19:06:18Z</time>
      </trkpt>
      <trkpt lat="45.594356982037425" lon="6.676618969067931">
        <ele>1586</ele>
        <time>2017-03-28T19:06:38Z</time>
      </trkpt>
      <trkpt lat="45.593936964869499" lon="6.676833964884281">
        <ele>1596</ele>
        <time>2017-03-28T19:06:58Z</time>
      </trkpt>
      <trkpt lat="45.593552989885211" lon="6.676762970164418">
        <ele>1594</ele>
        <time>2017-03-28T19:07:18Z</time>
      </trkpt>
      <trkpt lat="45.593139007687569" lon="6.676812004297972">
        <ele>1590</ele>
        <time>2017-03-28T19:07:38Z</time>
      </trkpt>
      <trkpt lat="45.592547999694943" lon="6.677112998440862">
        <ele>1590</ele>
        <time>2017-03-28T19:07:58Z</time>
      </trkpt>
      <trkpt lat="45.592127982527018" lon="6.677021970972419">
        <ele>1583</ele>
        <time>2017-03-28T19:08:18Z</time>
      </trkpt>
      <trkpt lat="45.591649040579796" lon="6.677061030641198">
        <ele>1570</ele>
        <time>2017-03-28T19:08:38Z</time>
      </trkpt>
      <trkpt lat="45.591476960107684" lon="6.678351005539298">
        <ele>1571</ele>
        <time>2017-03-28T19:08:58Z</time>
      </trkpt>
      <trkpt lat="45.591110000386834" lon="6.678734980523586">
        <ele>1562</ele>
        <time>2017-03-28T19:09:18Z</time>
      </trkpt>
      <trkpt lat="45.59075896628201" lon="6.679290030151606">
        <ele>1548</ele>
        <time>2017-03-28T19:09:38Z</time>
      </trkpt>
      <trkpt lat="45.590017000213265" lon="6.67972999624908">
        <ele>1538</ele>
        <time>2017-03-28T19:09:58Z</time>
      </trkpt>
      <trkpt lat="45.589498998597264" lon="6.681018965318799">
        <ele>1527</ele>
        <time>2017-03-28T19:10:18Z</time>
      </trkpt>
      <trkpt lat="45.589340999722481" lon="6.681545013561845">
        <ele>1525</ele>
        <time>2017-03-28T19:10:38Z</time>
      </trkpt>
      <trkpt lat="45.589048974215984" lon="6.681883977726102">
        <ele>1516</ele>
        <time>2017-03-28T19:10:58Z</time>
      </trkpt>
      <trkpt lat="45.588772036135197" lon="6.6824159771204">
        <ele>1513</ele>
        <time>2017-03-28T19:11:18Z</time>
      </trkpt>
      <trkpt lat="45.588288987055421" lon="6.682694004848599">
        <ele>1503</ele>
        <time>2017-03-28T19:11:38Z</time>
      </trkpt>
      <trkpt lat="45.587805015966296" lon="6.682886034250259">
        <ele>1500</ele>
        <time>2017-03-28T19:11:58Z</time>
      </trkpt>
      <trkpt lat="45.587559007108212" lon="6.683130031451583">
        <ele>1498</ele>
        <time>2017-03-28T19:12:18Z</time>
      </trkpt>
      <trkpt lat="45.586433988064528" lon="6.683289036154747">
        <ele>1471</ele>
        <time>2017-03-28T19:12:38Z</time>
      </trkpt>
      <trkpt lat="45.585638964548707" lon="6.684138039126992">
        <ele>1452</ele>
        <time>2017-03-28T19:12:58Z</time>
      </trkpt>
      <trkpt lat="45.585302012041211" lon="6.684643970802426">
        <ele>1453</ele>
        <time>2017-03-28T19:13:18Z</time>
      </trkpt>
      <trkpt lat="45.584880989044905" lon="6.684837006032467">
        <ele>1435</ele>
        <time>2017-03-28T19:13:38Z</time>
      </trkpt>
      <trkpt lat="45.584608996286988" lon="6.685362970456481">
        <ele>1436</ele>
        <time>2017-03-28T19:13:58Z</time>
      </trkpt>
      <trkpt lat="45.584218986332417" lon="6.685776030644774">
        <ele>1426</ele>
        <time>2017-03-28T19:14:18Z</time>
      </trkpt>
      <trkpt lat="45.583920003846288" lon="6.686018016189337">
        <ele>1414</ele>
        <time>2017-03-28T19:14:38Z</time>
      </trkpt>
      <trkpt lat="45.583905000239611" lon="6.686402997002006">
        <ele>1415</ele>
        <time>2017-03-28T19:14:58Z</time>
      </trkpt>
      <trkpt lat="45.583346011117101" lon="6.685877032577992">
        <ele>1396</ele>
        <time>2017-03-28T19:15:18Z</time>
      </trkpt>
      <trkpt lat="45.583178037777543" lon="6.685651978477836">
        <ele>1385</ele>
        <time>2017-03-28T19:15:38Z</time>
      </trkpt>
      <trkpt lat="45.583198992535472" lon="6.685348972678185">
        <ele>1383</ele>
        <time>2017-03-28T19:15:58Z</time>
      </trkpt>
      <trkpt lat="45.583133026957512" lon="6.685362970456481">
        <ele>1382</ele>
        <time>2017-03-28T19:16:18Z</time>
      </trkpt>
      <trkpt lat="45.58302297256887" lon="6.685613002628088">
        <ele>1381</ele>
        <time>2017-03-28T19:16:38Z</time>
      </trkpt>
      <trkpt lat="45.582933034747839" lon="6.686279028654099">
        <ele>1382</ele>
        <time>2017-03-28T19:16:58Z</time>
      </trkpt>
      <trkpt lat="45.582645032554865" lon="6.686487989500165">
        <ele>1375</ele>
        <time>2017-03-28T19:17:18Z</time>
      </trkpt>
      <trkpt lat="45.582454008981586" lon="6.686536017805338">
        <ele>1359</ele>
        <time>2017-03-28T19:17:38Z</time>
      </trkpt>
      <trkpt lat="45.582081014290452" lon="6.687179999426007">
        <ele>1345</ele>
        <time>2017-03-28T19:17:58Z</time>
      </trkpt>
      <trkpt lat="45.582245970144868" lon="6.687599010765553">
        <ele>1352</ele>
        <time>2017-03-28T19:18:18Z</time>
      </trkpt>
      <trkpt lat="45.582332974299788" lon="6.68810997158289">
        <ele>1353</ele>
        <time>2017-03-28T19:18:38Z</time>
      </trkpt>
      <trkpt lat="45.582232978194952" lon="6.688265036791563">
        <ele>1352</ele>
        <time>2017-03-28T19:18:58Z</time>
      </trkpt>
      <trkpt lat="45.581828970462084" lon="6.6883460059762">
        <ele>1342</ele>
        <time>2017-03-28T19:19:18Z</time>
      </trkpt>
      <trkpt lat="45.58153904043138" lon="6.688491012901068">
        <ele>1327</ele>
        <time>2017-03-28T19:19:38Z</time>
      </trkpt>
      <trkpt lat="45.580828003585339" lon="6.689077997580171">
        <ele>1316</ele>
        <time>2017-03-28T19:19:58Z</time>
      </trkpt>
      <trkpt lat="45.580716021358967" lon="6.689015971496701">
        <ele>1310</ele>
        <time>2017-03-28T19:20:18Z</time>
      </trkpt>
      <trkpt lat="45.580556010827422" lon="6.689254017546773">
        <ele>1319</ele>
        <time>2017-03-28T19:20:38Z</time>
      </trkpt>
      <trkpt lat="45.579792000353336" lon="6.689814012497664">
        <ele>1294</ele>
        <time>2017-03-28T19:20:58Z</time>
      </trkpt>
      <trkpt lat="45.579562000930309" lon="6.690348023548722">
        <ele>1294</ele>
        <time>2017-03-28T19:21:18Z</time>
      </trkpt>
      <trkpt lat="45.579383969306946" lon="6.690646000206471">
        <ele>1290</ele>
        <time>2017-03-28T19:21:38Z</time>
      </trkpt>
      <trkpt lat="45.579108037054539" lon="6.690807016566396">
        <ele>1273</ele>
        <time>2017-03-28T19:21:58Z</time>
      </trkpt>
      <trkpt lat="45.579033019021153" lon="6.691055959090591">
        <ele>1268</ele>
        <time>2017-03-28T19:22:18Z</time>
      </trkpt>
      <trkpt lat="45.579018015414476" lon="6.691518975421786">
        <ele>1269</ele>
        <time>2017-03-28T19:22:38Z</time>
      </trkpt>
      <trkpt lat="45.578688019886613" lon="6.692066984251142">
        <ele>1263</ele>
        <time>2017-03-28T19:22:58Z</time>
      </trkpt>
      <trkpt lat="45.578286023810506" lon="6.692867958918214">
        <ele>1250</ele>
        <time>2017-03-28T19:23:18Z</time>
      </trkpt>
      <trkpt lat="45.577980000525713" lon="6.692895032465458">
        <ele>1247</ele>
        <time>2017-03-28T19:23:38Z</time>
      </trkpt>
      <trkpt lat="45.577661991119385" lon="6.692735021933913">
        <ele>1243</ele>
        <time>2017-03-28T19:23:58Z</time>
      </trkpt>
      <trkpt lat="45.577515978366137" lon="6.692742984741926">
        <ele>1241</ele>
        <time>2017-03-28T19:24:18Z</time>
      </trkpt>
      <trkpt lat="45.577346999198198" lon="6.692637959495187">
        <ele>1231</ele>
        <time>2017-03-28T19:24:38Z</time>
      </trkpt>
      <trkpt lat="45.576798990368843" lon="6.692649023607373">
        <ele>1223</ele>
        <time>2017-03-28T19:24:58Z</time>
      </trkpt>
      <trkpt lat="45.576718021184206" lon="6.692820014432073">
        <ele>1224</ele>
        <time>2017-03-28T19:25:18Z</time>
      </trkpt>
      <trkpt lat="45.576562033966184" lon="6.692906012758613">
        <ele>1212</ele>
        <time>2017-03-28T19:25:38Z</time>
      </trkpt>
      <trkpt lat="45.576365981251001" lon="6.693366011604667">
        <ele>1214</ele>
        <time>2017-03-28T19:25:58Z</time>
      </trkpt>
      <trkpt lat="45.576109997928143" lon="6.693443963304162">
        <ele>1210</ele>
        <time>2017-03-28T19:26:18Z</time>
      </trkpt>
      <trkpt lat="45.576121984049678" lon="6.693555023521185">
        <ele>1210</ele>
        <time>2017-03-28T19:26:38Z</time>
      </trkpt>
      <trkpt lat="45.575755024328828" lon="6.693537002429366">
        <ele>1197</ele>
        <time>2017-03-28T19:26:58Z</time>
      </trkpt>
      <trkpt lat="45.575534999370575" lon="6.69367203488946">
        <ele>1194</ele>
        <time>2017-03-28T19:27:18Z</time>
      </trkpt>
      <trkpt lat="45.575492000207305" lon="6.693613026291132">
        <ele>1194</ele>
        <time>2017-03-28T19:27:38Z</time>
      </trkpt>
      <trkpt lat="45.575291002169251" lon="6.693685026839376">
        <ele>1191</ele>
        <time>2017-03-28T19:27:58Z</time>
      </trkpt>
      <trkpt lat="45.574882971122861" lon="6.693601962178946">
        <ele>1177</ele>
        <time>2017-03-28T19:28:18Z</time>
      </trkpt>
      <trkpt lat="45.574883976951241" lon="6.693679997697473">
        <ele>1176</ele>
        <time>2017-03-28T19:28:38Z</time>
      </trkpt>
      <trkpt lat="45.574490027502179" lon="6.693606991320849">
        <ele>1171</ele>
        <time>2017-03-28T19:28:58Z</time>
      </trkpt>
      <trkpt lat="45.574293974786997" lon="6.693300968036056">
        <ele>1166</ele>
        <time>2017-03-28T19:29:18Z</time>
      </trkpt>
      <trkpt lat="45.574205964803696" lon="6.693069962784648">
        <ele>1168</ele>
        <time>2017-03-28T19:29:38Z</time>
      </trkpt>
      <trkpt lat="45.574048971757293" lon="6.693026041612029">
        <ele>1154</ele>
        <time>2017-03-28T19:29:58Z</time>
      </trkpt>
      <trkpt lat="45.573925003409386" lon="6.693664994090796">
        <ele>1150</ele>
        <time>2017-03-28T19:30:18Z</time>
      </trkpt>
      <trkpt lat="45.573600959032774" lon="6.693508001044393">
        <ele>1145</ele>
        <time>2017-03-28T19:30:38Z</time>
      </trkpt>
      <trkpt lat="45.573480008170009" lon="6.693185968324542">
        <ele>1144</ele>
        <time>2017-03-28T19:30:58Z</time>
      </trkpt>
      <trkpt lat="45.573480008170009" lon="6.693185968324542">
        <ele>1144</ele>
        <time>2017-03-28T19:31:18Z</time>
      </trkpt>
      <trkpt lat="45.573480008170009" lon="6.693185968324542">
        <ele>1144</ele>
        <time>2017-03-28T19:31:38Z</time>
      </trkpt>
      <trkpt lat="45.573272975161672" lon="6.693217987194657">
        <ele>1132</ele>
        <time>2017-03-28T19:31:58Z</time>
      </trkpt>
      <trkpt lat="45.573078012093902" lon="6.692724963650107">
        <ele>1130</ele>
        <time>2017-03-28T19:32:18Z</time>
      </trkpt>
      <trkpt lat="45.572867039591074" lon="6.692681964486837">
        <ele>1126</ele>
        <time>2017-03-28T19:32:38Z</time>
      </trkpt>
      <trkpt lat="45.572477029636502" lon="6.692810961976647">
        <ele>1103</ele>
        <time>2017-03-28T19:32:58Z</time>
      </trkpt>
      <trkpt lat="45.572326993569732" lon="6.693154033273459">
        <ele>1101</ele>
        <time>2017-03-28T19:33:18Z</time>
      </trkpt>
      <trkpt lat="45.572507036849856" lon="6.694076964631677">
        <ele>1105</ele>
        <time>2017-03-28T19:33:38Z</time>
      </trkpt>
      <trkpt lat="45.57258197106421" lon="6.695170970633626">
        <ele>1089</ele>
        <time>2017-03-28T19:33:58Z</time>
      </trkpt>
      <trkpt lat="45.57303300127387" lon="6.696287021040916">
        <ele>1072</ele>
        <time>2017-03-28T19:34:18Z</time>
      </trkpt>
      <trkpt lat="45.57322796434164" lon="6.698003970086575">
        <ele>1046</ele>
        <time>2017-03-28T19:34:38Z</time>
      </trkpt>
      <trkpt lat="45.573153030127287" lon="6.698453994467855">
        <ele>1041</ele>
        <time>2017-03-28T19:34:58Z</time>
      </trkpt>
      <trkpt lat="45.572807025164366" lon="6.698217960074544">
        <ele>1037</ele>
        <time>2017-03-28T19:35:18Z</time>
      </trkpt>
      <trkpt lat="45.572596974670887" lon="6.698690028861165">
        <ele>1030</ele>
        <time>2017-03-28T19:35:38Z</time>
      </trkpt>
      <trkpt lat="45.572792021557689" lon="6.699269972741604">
        <ele>1026</ele>
        <time>2017-03-28T19:35:58Z</time>
      </trkpt>
      <trkpt lat="45.572402011603117" lon="6.699742041528225">
        <ele>1002</ele>
        <time>2017-03-28T19:36:18Z</time>
      </trkpt>
      <trkpt lat="45.572402011603117" lon="6.700171027332544">
        <ele>999</ele>
        <time>2017-03-28T19:36:38Z</time>
      </trkpt>
      <trkpt lat="45.572205958887935" lon="6.700815008953214">
        <ele>993</ele>
        <time>2017-03-28T19:36:58Z</time>
      </trkpt>
      <trkpt lat="45.572447022423148" lon="6.702316962182522">
        <ele>984</ele>
        <time>2017-03-28T19:37:18Z</time>
      </trkpt>
      <trkpt lat="45.572372004389763" lon="6.703324969857931">
        <ele>975</ele>
        <time>2017-03-28T19:37:38Z</time>
      </trkpt>
      <trkpt lat="45.572551963850856" lon="6.704012034460902">
        <ele>976</ele>
        <time>2017-03-28T19:37:58Z</time>
      </trkpt>
      <trkpt lat="45.57313802652061" lon="6.704956004396081">
        <ele>971</ele>
        <time>2017-03-28T19:38:18Z</time>
      </trkpt>
      <trkpt lat="45.573108019307256" lon="6.705449027940631">
        <ele>953</ele>
        <time>2017-03-28T19:38:38Z</time>
      </trkpt>
      <trkpt lat="45.57283703237772" lon="6.704999003559351">
        <ele>959</ele>
        <time>2017-03-28T19:38:58Z</time>
      </trkpt>
      <trkpt lat="45.572822028771043" lon="6.705492027103901">
        <ele>944</ele>
        <time>2017-03-28T19:39:18Z</time>
      </trkpt>
      <trkpt lat="45.57258197106421" lon="6.705278037115932">
        <ele>940</ele>
        <time>2017-03-28T19:39:38Z</time>
      </trkpt>
      <trkpt lat="45.572250969707966" lon="6.70592101290822">
        <ele>904</ele>
        <time>2017-03-28T19:39:58Z</time>
      </trkpt>
      <trkpt lat="45.572176035493612" lon="6.70688702724874">
        <ele>896</ele>
        <time>2017-03-28T19:40:18Z</time>
      </trkpt>
      <trkpt lat="45.571890966966748" lon="6.707830997183919">
        <ele>883</ele>
        <time>2017-03-28T19:40:38Z</time>
      </trkpt>
      <trkpt lat="45.571380006149411" lon="6.707723960280418">
        <ele>859</ele>
        <time>2017-03-28T19:40:58Z</time>
      </trkpt>
      <trkpt lat="45.571125028654933" lon="6.70819602906704">
        <ele>852</ele>
        <time>2017-03-28T19:41:18Z</time>
      </trkpt>
      <trkpt lat="45.570959988981485" lon="6.708840010687709">
        <ele>842</ele>
        <time>2017-03-28T19:41:38Z</time>
      </trkpt>
      <trkpt lat="45.571080017834902" lon="6.709591029211879">
        <ele>835</ele>
        <time>2017-03-28T19:41:58Z</time>
      </trkpt>
      <trkpt lat="45.571020003408194" lon="6.710149012506008">
        <ele>829</ele>
        <time>2017-03-28T19:42:18Z</time>
      </trkpt>
      <trkpt lat="45.570598980411887" lon="6.710320003330708">
        <ele>817</ele>
        <time>2017-03-28T19:42:38Z</time>
      </trkpt>
      <trkpt lat="45.570328999310732" lon="6.710642036050558">
        <ele>813</ele>
        <time>2017-03-28T19:42:58Z</time>
      </trkpt>
      <trkpt lat="45.570704005658627" lon="6.710748989135027">
        <ele>817</ele>
        <time>2017-03-28T19:43:18Z</time>
      </trkpt>
      <trkpt lat="45.571050010621548" lon="6.710577998310328">
        <ele>828</ele>
        <time>2017-03-28T19:43:38Z</time>
      </trkpt>
      <trkpt lat="45.570628987625241" lon="6.711435969918966">
        <ele>810</ele>
        <time>2017-03-28T19:43:58Z</time>
      </trkpt>
      <trkpt lat="45.569892972707748" lon="6.712123034521937">
        <ele>789</ele>
        <time>2017-03-28T19:44:18Z</time>
      </trkpt>
      <trkpt lat="45.569428028538823" lon="6.712401984259486">
        <ele>784</ele>
        <time>2017-03-28T19:44:38Z</time>
      </trkpt>
      <trkpt lat="45.568976998329163" lon="6.712466021999717">
        <ele>775</ele>
        <time>2017-03-28T19:44:58Z</time>
      </trkpt>
      <trkpt lat="45.569052016362548" lon="6.713303038850427">
        <ele>776</ele>
        <time>2017-03-28T19:45:18Z</time>
      </trkpt>
      <trkpt lat="45.569261983036995" lon="6.714096972718835">
        <ele>776</ele>
        <time>2017-03-28T19:45:38Z</time>
      </trkpt>
      <trkpt lat="45.569082023575902" lon="6.714225970208645">
        <ele>771</ele>
        <time>2017-03-28T19:45:58Z</time>
      </trkpt>
      <trkpt lat="45.569216972216964" lon="6.714632995426655">
        <ele>773</ele>
        <time>2017-03-28T19:46:18Z</time>
      </trkpt>
      <trkpt lat="45.569668002426624" lon="6.715233977884054">
        <ele>770</ele>
        <time>2017-03-28T19:46:38Z</time>
      </trkpt>
      <trkpt lat="45.570028005167842" lon="6.716264029964805">
        <ele>777</ele>
        <time>2017-03-28T19:46:58Z</time>
      </trkpt>
      <trkpt lat="45.569982994347811" lon="6.716865012422204">
        <ele>758</ele>
        <time>2017-03-28T19:47:18Z</time>
      </trkpt>
      <trkpt lat="45.56918696500361" lon="6.716007040813565">
        <ele>762</ele>
        <time>2017-03-28T19:47:38Z</time>
      </trkpt>
      <trkpt lat="45.568615989759564" lon="6.715170023962855">
        <ele>757</ele>
        <time>2017-03-28T19:47:58Z</time>
      </trkpt>
      <trkpt lat="45.568615989759564" lon="6.715170023962855">
        <ele>757</ele>
        <time>2017-03-28T19:48:18Z</time>
      </trkpt>
      <trkpt lat="45.568331005051732" lon="6.714998027309775">
        <ele>754</ele>
        <time>2017-03-28T19:48:38Z</time>
      </trkpt>
      <trkpt lat="45.568106034770608" lon="6.714569041505456">
        <ele>747</ele>
        <time>2017-03-28T19:48:58Z</time>
      </trkpt>
      <trkpt lat="45.56764000095427" lon="6.714698038995266">
        <ele>740</ele>
        <time>2017-03-28T19:49:18Z</time>
      </trkpt>
      <trkpt lat="45.567519972100854" lon="6.714847991243005">
        <ele>736</ele>
        <time>2017-03-28T19:49:38Z</time>
      </trkpt>
      <trkpt lat="45.567134991288185" lon="6.714839022606611">
        <ele>727</ele>
        <time>2017-03-28T19:49:58Z</time>
      </trkpt>
      <trkpt lat="45.566582037135959" lon="6.715249987319112">
        <ele>738</ele>
        <time>2017-03-28T19:50:18Z</time>
      </trkpt>
      <trkpt lat="45.566482041031122" lon="6.716041993349791">
        <ele>746</ele>
        <time>2017-03-28T19:50:38Z</time>
      </trkpt>
      <trkpt lat="45.566280037164688" lon="6.717100962996483">
        <ele>757</ele>
        <time>2017-03-28T19:50:58Z</time>
      </trkpt>
      <trkpt lat="45.566052971407771" lon="6.716902982443571">
        <ele>763</ele>
        <time>2017-03-28T19:51:18Z</time>
      </trkpt>
      <trkpt lat="45.565956998616457" lon="6.716502998024225">
        <ele>765</ele>
        <time>2017-03-28T19:51:38Z</time>
      </trkpt>
      <trkpt lat="45.565801011398435" lon="6.716178031638265">
        <ele>785</ele>
        <time>2017-03-28T19:51:58Z</time>
      </trkpt>
      <trkpt lat="45.565531030297279" lon="6.715918025001884">
        <ele>787</ele>
        <time>2017-03-28T19:52:18Z</time>
      </trkpt>
      <trkpt lat="45.565052004531026" lon="6.715645026415587">
        <ele>789</ele>
        <time>2017-03-28T19:52:38Z</time>
      </trkpt>
      <trkpt lat="45.564857963472605" lon="6.715701017528772">
        <ele>800</ele>
        <time>2017-03-28T19:52:58Z</time>
      </trkpt>
      <trkpt lat="45.564454039558768" lon="6.716035036370158">
        <ele>812</ele>
        <time>2017-03-28T19:53:18Z</time>
      </trkpt>
      <trkpt lat="45.56411599740386" lon="6.716113993898034">
        <ele>825</ele>
        <time>2017-03-28T19:53:38Z</time>
      </trkpt>
      <trkpt lat="45.563715007156134" lon="6.716099996119738">
        <ele>830</ele>
        <time>2017-03-28T19:53:58Z</time>
      </trkpt>
      <trkpt lat="45.563330026343465" lon="6.71597502194345">
        <ele>841</ele>
        <time>2017-03-28T19:54:18Z</time>
      </trkpt>
      <trkpt lat="45.562918977811933" lon="6.716042999178171">
        <ele>851</ele>
        <time>2017-03-28T19:54:38Z</time>
      </trkpt>
      <trkpt lat="45.562757039442658" lon="6.716282973065972">
        <ele>854</ele>
        <time>2017-03-28T19:54:58Z</time>
      </trkpt>
      <trkpt lat="45.56278201751411" lon="6.716613974422216">
        <ele>856</ele>
        <time>2017-03-28T19:55:18Z</time>
      </trkpt>
      <trkpt lat="45.562988966703415" lon="6.717063998803496">
        <ele>865</ele>
        <time>2017-03-28T19:55:38Z</time>
      </trkpt>
      <trkpt lat="45.562551012262702" lon="6.716903988271952">
        <ele>867</ele>
        <time>2017-03-28T19:55:58Z</time>
      </trkpt>
      <trkpt lat="45.562168965116143" lon="6.71647097915411">
        <ele>877</ele>
        <time>2017-03-28T19:56:18Z</time>
      </trkpt>
      <trkpt lat="45.561997974291444" lon="6.716469973325729">
        <ele>881</ele>
        <time>2017-03-28T19:56:38Z</time>
      </trkpt>
      <trkpt lat="45.561985988169909" lon="6.716682035475969">
        <ele>886</ele>
        <time>2017-03-28T19:56:58Z</time>
      </trkpt>
      <trkpt lat="45.562139041721821" lon="6.716951010748744">
        <ele>885</ele>
        <time>2017-03-28T19:57:18Z</time>
      </trkpt>
      <trkpt lat="45.562195032835007" lon="6.717312019318342">
        <ele>888</ele>
        <time>2017-03-28T19:57:38Z</time>
      </trkpt>
      <trkpt lat="45.562135018408298" lon="6.717755002900958">
        <ele>901</ele>
        <time>2017-03-28T19:57:58Z</time>
      </trkpt>
      <trkpt lat="45.561957992613316" lon="6.717949965968728">
        <ele>905</ele>
        <time>2017-03-28T19:58:18Z</time>
      </trkpt>
      <trkpt lat="45.561885992065072" lon="6.718123974278569">
        <ele>909</ele>
        <time>2017-03-28T19:58:38Z</time>
      </trkpt>
      <trkpt lat="45.561647024005651" lon="6.718097990378737">
        <ele>923</ele>
        <time>2017-03-28T19:58:58Z</time>
      </trkpt>
      <trkpt lat="45.561416018754244" lon="6.71821198426187">
        <ele>926</ele>
        <time>2017-03-28T19:59:18Z</time>
      </trkpt>
      <trkpt lat="45.561137991026044" lon="6.718139983713627">
        <ele>930</ele>
        <time>2017-03-28T19:59:38Z</time>
      </trkpt>
      <trkpt lat="45.561034977436066" lon="6.718395967036486">
        <ele>947</ele>
        <time>2017-03-28T19:59:58Z</time>
      </trkpt>
      <trkpt lat="45.561401015147567" lon="6.719440016895533">
        <ele>971</ele>
        <time>2017-03-28T20:00:18Z</time>
      </trkpt>
      <trkpt lat="45.561298001557589" lon="6.719677979126573">
        <ele>977</ele>
        <time>2017-03-28T20:00:38Z</time>
      </trkpt>
      <trkpt lat="45.561465974897146" lon="6.720097996294498">
        <ele>987</ele>
        <time>2017-03-28T20:00:58Z</time>
      </trkpt>
      <trkpt lat="45.561420964077115" lon="6.720262030139566">
        <ele>992</ele>
        <time>2017-03-28T20:01:18Z</time>
      </trkpt>
      <trkpt lat="45.561479972675443" lon="6.720570987090468">
        <ele>994</ele>
        <time>2017-03-28T20:01:38Z</time>
      </trkpt>
      <trkpt lat="45.561359021812677" lon="6.720776008442044">
        <ele>998</ele>
        <time>2017-03-28T20:01:58Z</time>
      </trkpt>
      <trkpt lat="45.561290038749576" lon="6.721919970586896">
        <ele>1022</ele>
        <time>2017-03-28T20:02:18Z</time>
      </trkpt>
      <trkpt lat="45.561085017398" lon="6.7221649736166">
        <ele>1029</ele>
        <time>2017-03-28T20:02:38Z</time>
      </trkpt>
      <trkpt lat="45.561278974637389" lon="6.722799986600876">
        <ele>1034</ele>
        <time>2017-03-28T20:02:58Z</time>
      </trkpt>
      <trkpt lat="45.561248967424035" lon="6.723028980195522">
        <ele>1036</ele>
        <time>2017-03-28T20:03:18Z</time>
      </trkpt>
      <trkpt lat="45.56132398545742" lon="6.72377304174006">
        <ele>1042</ele>
        <time>2017-03-28T20:03:38Z</time>
      </trkpt>
      <trkpt lat="45.561230024322867" lon="6.724275033921003">
        <ele>1051</ele>
        <time>2017-03-28T20:03:58Z</time>
      </trkpt>
      <trkpt lat="45.56132297962904" lon="6.72493401914835">
        <ele>1052</ele>
        <time>2017-03-28T20:04:18Z</time>
      </trkpt>
      <trkpt lat="45.561595978215337" lon="6.725410027429462">
        <ele>1060</ele>
        <time>2017-03-28T20:04:38Z</time>
      </trkpt>
      <trkpt lat="45.561606958508492" lon="6.726164985448122">
        <ele>1071</ele>
        <time>2017-03-28T20:04:58Z</time>
      </trkpt>
      <trkpt lat="45.561555996537209" lon="6.726365983486176">
        <ele>1074</ele>
        <time>2017-03-28T20:05:18Z</time>
      </trkpt>
      <trkpt lat="45.56155800819397" lon="6.726663038134575">
        <ele>1073</ele>
        <time>2017-03-28T20:05:38Z</time>
      </trkpt>
      <trkpt lat="45.561339994892478" lon="6.726360032334924">
        <ele>1076</ele>
        <time>2017-03-28T20:05:58Z</time>
      </trkpt>
      <trkpt lat="45.561277968809009" lon="6.726590031757951">
        <ele>1078</ele>
        <time>2017-03-28T20:06:18Z</time>
      </trkpt>
      <trkpt lat="45.561498999595642" lon="6.727704992517829">
        <ele>1088</ele>
        <time>2017-03-28T20:06:38Z</time>
      </trkpt>
      <trkpt lat="45.561637971550226" lon="6.728590037673712">
        <ele>1091</ele>
        <time>2017-03-28T20:06:58Z</time>
      </trkpt>
      <trkpt lat="45.561482990160584" lon="6.728715011849999">
        <ele>1092</ele>
        <time>2017-03-28T20:07:18Z</time>
      </trkpt>
      <trkpt lat="45.561338989064097" lon="6.728689027950168">
        <ele>1094</ele>
        <time>2017-03-28T20:07:38Z</time>
      </trkpt>
      <trkpt lat="45.561050986871123" lon="6.728892959654331">
        <ele>1098</ele>
        <time>2017-03-28T20:07:58Z</time>
      </trkpt>
      <trkpt lat="45.560856023803353" lon="6.728930007666349">
        <ele>1100</ele>
        <time>2017-03-28T20:08:18Z</time>
      </trkpt>
      <trkpt lat="45.560908997431397" lon="6.729470975697041">
        <ele>1102</ele>
        <time>2017-03-28T20:08:38Z</time>
      </trkpt>
      <trkpt lat="45.560889970511198" lon="6.730359960347414">
        <ele>1111</ele>
        <time>2017-03-28T20:08:58Z</time>
      </trkpt>
      <trkpt lat="45.560795003548265" lon="6.730604041367769">
        <ele>1138</ele>
        <time>2017-03-28T20:09:18Z</time>
      </trkpt>
      <trkpt lat="45.560908997431397" lon="6.731260009109974">
        <ele>1125</ele>
        <time>2017-03-28T20:09:38Z</time>
      </trkpt>
      <trkpt lat="45.560950990766287" lon="6.732131978496909">
        <ele>1140</ele>
        <time>2017-03-28T20:09:58Z</time>
      </trkpt>
      <trkpt lat="45.561397997662425" lon="6.733430000022054">
        <ele>1156</ele>
        <time>2017-03-28T20:10:18Z</time>
      </trkpt>
      <trkpt lat="45.561432028189301" lon="6.733710039407015">
        <ele>1158</ele>
        <time>2017-03-28T20:10:38Z</time>
      </trkpt>
      <trkpt lat="45.561247961595654" lon="6.734348991885781">
        <ele>1168</ele>
        <time>2017-03-28T20:10:58Z</time>
      </trkpt>
      <trkpt lat="45.560873039066792" lon="6.735160024836659">
        <ele>1179</ele>
        <time>2017-03-28T20:11:18Z</time>
      </trkpt>
      <trkpt lat="45.560824004933238" lon="6.735543999820948">
        <ele>1194</ele>
        <time>2017-03-28T20:11:38Z</time>
      </trkpt>
      <trkpt lat="45.560897011309862" lon="6.735833007842302">
        <ele>1186</ele>
        <time>2017-03-28T20:11:58Z</time>
      </trkpt>
      <trkpt lat="45.560890976339579" lon="6.736346986144781">
        <ele>1178</ele>
        <time>2017-03-28T20:12:18Z</time>
      </trkpt>
      <trkpt lat="45.560737000778317" lon="6.737026004120708">
        <ele>1192</ele>
        <time>2017-03-28T20:12:38Z</time>
      </trkpt>
      <trkpt lat="45.560686960816383" lon="6.737464964389801">
        <ele>1189</ele>
        <time>2017-03-28T20:12:58Z</time>
      </trkpt>
      <trkpt lat="45.560611020773649" lon="6.737710973247886">
        <ele>1190</ele>
        <time>2017-03-28T20:13:18Z</time>
      </trkpt>
      <trkpt lat="45.560557963326573" lon="6.737538976594806">
        <ele>1190</ele>
        <time>2017-03-28T20:13:38Z</time>
      </trkpt>
      <trkpt lat="45.560565004125237" lon="6.736659966409206">
        <ele>1196</ele>
        <time>2017-03-28T20:13:58Z</time>
      </trkpt>
      <trkpt lat="45.56046299636364" lon="6.736419992521405">
        <ele>1198</ele>
        <time>2017-03-28T20:14:18Z</time>
      </trkpt>
      <trkpt lat="45.560286976397038" lon="6.736649991944432">
        <ele>1200</ele>
        <time>2017-03-28T20:14:38Z</time>
      </trkpt>
      <trkpt lat="45.560074998065829" lon="6.735909031704068">
        <ele>1207</ele>
        <time>2017-03-28T20:14:58Z</time>
      </trkpt>
      <trkpt lat="45.56018597446382" lon="6.735842982307077">
        <ele>1204</ele>
        <time>2017-03-28T20:15:18Z</time>
      </trkpt>
      <trkpt lat="45.560154039412737" lon="6.735711973160505">
        <ele>1204</ele>
        <time>2017-03-28T20:15:38Z</time>
      </trkpt>
      <trkpt lat="45.559977013617754" lon="6.735748015344143">
        <ele>1212</ele>
        <time>2017-03-28T20:15:58Z</time>
      </trkpt>
      <trkpt lat="45.559785990044475" lon="6.73567702062428">
        <ele>1214</ele>
        <time>2017-03-28T20:16:18Z</time>
      </trkpt>
      <trkpt lat="45.55973301641643" lon="6.735780034214258">
        <ele>1215</ele>
        <time>2017-03-28T20:16:38Z</time>
      </trkpt>
      <trkpt lat="45.559357004240155" lon="6.735496977344155">
        <ele>1218</ele>
        <time>2017-03-28T20:16:58Z</time>
      </trkpt>
      <trkpt lat="45.559247033670545" lon="6.735338978469372">
        <ele>1218</ele>
        <time>2017-03-28T20:17:18Z</time>
      </trkpt>
      <trkpt lat="45.558947967365384" lon="6.735108979046345">
        <ele>1234</ele>
        <time>2017-03-28T20:17:38Z</time>
      </trkpt>
      <trkpt lat="45.558587964624166" lon="6.734520988538861">
        <ele>1246</ele>
        <time>2017-03-28T20:17:58Z</time>
      </trkpt>
      <trkpt lat="45.558560974895954" lon="6.734820976853371">
        <ele>1247</ele>
        <time>2017-03-28T20:18:18Z</time>
      </trkpt>
      <trkpt lat="45.558417979627848" lon="6.734745036810637">
        <ele>1249</ele>
        <time>2017-03-28T20:18:38Z</time>
      </trkpt>
      <trkpt lat="45.558259980753064" lon="6.734811002388597">
        <ele>1270</ele>
        <time>2017-03-28T20:18:58Z</time>
      </trkpt>
      <trkpt lat="45.558086978271604" lon="6.734748976305127">
        <ele>1275</ele>
        <time>2017-03-28T20:19:18Z</time>
      </trkpt>
      <trkpt lat="45.557048041373491" lon="6.735809035599232">
        <ele>1304</ele>
        <time>2017-03-28T20:19:38Z</time>
      </trkpt>
      <trkpt lat="45.556630035862327" lon="6.736075999215245">
        <ele>1319</ele>
        <time>2017-03-28T20:19:58Z</time>
      </trkpt>
      <trkpt lat="45.556254023686051" lon="6.736385961994529">
        <ele>1321</ele>
        <time>2017-03-28T20:20:18Z</time>
      </trkpt>
      <trkpt lat="45.555761000141501" lon="6.736526023596525">
        <ele>1339</ele>
        <time>2017-03-28T20:20:38Z</time>
      </trkpt>
      <trkpt lat="45.554876960813999" lon="6.737045031040907">
        <ele>1368</ele>
        <time>2017-03-28T20:20:58Z</time>
      </trkpt>
      <trkpt lat="45.554371029138565" lon="6.73726798966527">
        <ele>1378</ele>
        <time>2017-03-28T20:21:18Z</time>
      </trkpt>
      <trkpt lat="45.554436994716525" lon="6.738433996215463">
        <ele>1383</ele>
        <time>2017-03-28T20:21:38Z</time>
      </trkpt>
      <trkpt lat="45.554378991946578" lon="6.738790981471539">
        <ele>1382</ele>
        <time>2017-03-28T20:21:58Z</time>
      </trkpt>
      <trkpt lat="45.554241025820374" lon="6.738977981731296">
        <ele>1386</ele>
        <time>2017-03-28T20:22:18Z</time>
      </trkpt>
      <trkpt lat="45.553968027234077" lon="6.739169005304575">
        <ele>1398</ele>
        <time>2017-03-28T20:22:38Z</time>
      </trkpt>
      <trkpt lat="45.553779015317559" lon="6.739348964765668">
        <ele>1400</ele>
        <time>2017-03-28T20:22:58Z</time>
      </trkpt>
      <trkpt lat="45.552773019298911" lon="6.739831008017063">
        <ele>1428</ele>
        <time>2017-03-28T20:23:18Z</time>
      </trkpt>
      <trkpt lat="45.552350990474224" lon="6.74025496467948">
        <ele>1433</ele>
        <time>2017-03-28T20:23:38Z</time>
      </trkpt>
      <trkpt lat="45.551651017740369" lon="6.740849995985627">
        <ele>1439</ele>
        <time>2017-03-28T20:23:58Z</time>
      </trkpt>
      <trkpt lat="45.550822969526052" lon="6.74128401093185">
        <ele>1461</ele>
        <time>2017-03-28T20:24:18Z</time>
      </trkpt>
      <trkpt lat="45.550940986722708" lon="6.740957032889128">
        <ele>1451</ele>
        <time>2017-03-28T20:24:38Z</time>
      </trkpt>
      <trkpt lat="45.550225004553795" lon="6.741308989003301">
        <ele>1469</ele>
        <time>2017-03-28T20:24:58Z</time>
      </trkpt>
      <trkpt lat="45.549839017912745" lon="6.741297002881765">
        <ele>1493</ele>
        <time>2017-03-28T20:25:18Z</time>
      </trkpt>
      <trkpt lat="45.549543974921107" lon="6.742248013615608">
        <ele>1474</ele>
        <time>2017-03-28T20:25:38Z</time>
      </trkpt>
      <trkpt lat="45.549293020740151" lon="6.742683034390211">
        <ele>1457</ele>
        <time>2017-03-28T20:25:58Z</time>
      </trkpt>
      <trkpt lat="45.548720033839345" lon="6.7430479824543">
        <ele>1463</ele>
        <time>2017-03-28T20:26:18Z</time>
      </trkpt>
      <trkpt lat="45.548018971458077" lon="6.743208998814225">
        <ele>1474</ele>
        <time>2017-03-28T20:26:38Z</time>
      </trkpt>
      <trkpt lat="45.547628039494157" lon="6.743499012663961">
        <ele>1452</ele>
        <time>2017-03-28T20:26:58Z</time>
      </trkpt>
      <trkpt lat="45.546749029308558" lon="6.743809981271625">
        <ele>1472</ele>
        <time>2017-03-28T20:27:18Z</time>
      </trkpt>
      <trkpt lat="45.546642998233438" lon="6.74416302703321">
        <ele>1471</ele>
        <time>2017-03-28T20:27:38Z</time>
      </trkpt>
      <trkpt lat="45.546371005475521" lon="6.744505008682609">
        <ele>1478</ele>
        <time>2017-03-28T20:27:58Z</time>
      </trkpt>
      <trkpt lat="45.546394977718592" lon="6.744979005306959">
        <ele>1465</ele>
        <time>2017-03-28T20:28:18Z</time>
      </trkpt>
      <trkpt lat="45.546329012140632" lon="6.74553900025785">
        <ele>1429</ele>
        <time>2017-03-28T20:28:38Z</time>
      </trkpt>
      <trkpt lat="45.545209022238851" lon="6.746348021551967">
        <ele>1451</ele>
        <time>2017-03-28T20:28:58Z</time>
      </trkpt>
      <trkpt lat="45.545105002820492" lon="6.746513983234763">
        <ele>1447</ele>
        <time>2017-03-28T20:29:18Z</time>
      </trkpt>
      <trkpt lat="45.545095028355718" lon="6.746793016791344">
        <ele>1417</ele>
        <time>2017-03-28T20:29:38Z</time>
      </trkpt>
      <trkpt lat="45.544859999790788" lon="6.747188977897167">
        <ele>1430</ele>
        <time>2017-03-28T20:29:58Z</time>
      </trkpt>
      <trkpt lat="45.544935017824173" lon="6.747289979830384">
        <ele>1419</ele>
        <time>2017-03-28T20:30:18Z</time>
      </trkpt>
      <trkpt lat="45.544551964849234" lon="6.748235961422324">
        <ele>1373</ele>
        <time>2017-03-28T20:30:38Z</time>
      </trkpt>
      <trkpt lat="45.54387403652072" lon="6.748853037133813">
        <ele>1359</ele>
        <time>2017-03-28T20:30:58Z</time>
      </trkpt>
      <trkpt lat="45.543593997135758" lon="6.748735019937158">
        <ele>1369</ele>
        <time>2017-03-28T20:31:18Z</time>
      </trkpt>
      <trkpt lat="45.543406996876001" lon="6.748778019100428">
        <ele>1369</ele>
        <time>2017-03-28T20:31:38Z</time>
      </trkpt>
      <trkpt lat="45.543452007696033" lon="6.748892012983561">
        <ele>1364</ele>
        <time>2017-03-28T20:31:58Z</time>
      </trkpt>
      <trkpt lat="45.543258972465992" lon="6.749056968837977">
        <ele>1376</ele>
        <time>2017-03-28T20:32:18Z</time>
      </trkpt>
      <trkpt lat="45.543101979419589" lon="6.749360980466008">
        <ele>1350</ele>
        <time>2017-03-28T20:32:38Z</time>
      </trkpt>
      <trkpt lat="45.543411020189524" lon="6.749213039875031">
        <ele>1336</ele>
        <time>2017-03-28T20:32:58Z</time>
      </trkpt>
      <trkpt lat="45.543250003829598" lon="6.749543035402894">
        <ele>1342</ele>
        <time>2017-03-28T20:33:18Z</time>
      </trkpt>
      <trkpt lat="45.543406996876001" lon="6.749586034566164">
        <ele>1311</ele>
        <time>2017-03-28T20:33:38Z</time>
      </trkpt>
      <trkpt lat="45.542940041050315" lon="6.750248959288001">
        <ele>1298</ele>
        <time>2017-03-28T20:33:58Z</time>
      </trkpt>
      <trkpt lat="45.541848968714476" lon="6.751306001096964">
        <ele>1303</ele>
        <time>2017-03-28T20:34:18Z</time>
      </trkpt>
      <trkpt lat="45.541674960404634" lon="6.751567013561726">
        <ele>1300</ele>
        <time>2017-03-28T20:34:38Z</time>
      </trkpt>
      <trkpt lat="45.5413209926337" lon="6.751870019361377">
        <ele>1308</ele>
        <time>2017-03-28T20:34:58Z</time>
      </trkpt>
      <trkpt lat="45.541424006223679" lon="6.752303028479219">
        <ele>1293</ele>
        <time>2017-03-28T20:35:18Z</time>
      </trkpt>
      <trkpt lat="45.541370026767254" lon="6.752863023430109">
        <ele>1265</ele>
        <time>2017-03-28T20:35:38Z</time>
      </trkpt>
      <trkpt lat="45.540859987959266" lon="6.753481021150947">
        <ele>1256</ele>
        <time>2017-03-28T20:35:58Z</time>
      </trkpt>
      <trkpt lat="45.540515994653106" lon="6.754035986959934">
        <ele>1264</ele>
        <time>2017-03-28T20:36:18Z</time>
      </trkpt>
      <trkpt lat="45.540220029652119" lon="6.754307979717851">
        <ele>1255</ele>
        <time>2017-03-28T20:36:38Z</time>
      </trkpt>
      <trkpt lat="45.539874024689198" lon="6.754470001906157">
        <ele>1270</ele>
        <time>2017-03-28T20:36:58Z</time>
      </trkpt>
      <trkpt lat="45.539535982534289" lon="6.755045000463724">
        <ele>1256</ele>
        <time>2017-03-28T20:37:18Z</time>
      </trkpt>
      <trkpt lat="45.539512010291219" lon="6.755365021526814">
        <ele>1255</ele>
        <time>2017-03-28T20:37:38Z</time>
      </trkpt>
      <trkpt lat="45.539330039173365" lon="6.755765005946159">
        <ele>1254</ele>
        <time>2017-03-28T20:37:58Z</time>
      </trkpt>
      <trkpt lat="45.539083024486899" lon="6.755906995385885">
        <ele>1256</ele>
        <time>2017-03-28T20:38:18Z</time>
      </trkpt>
      <trkpt lat="45.53880600258708" lon="6.755974972620606">
        <ele>1262</ele>
        <time>2017-03-28T20:38:38Z</time>
      </trkpt>
      <trkpt lat="45.538551025092602" lon="6.756107993423939">
        <ele>1265</ele>
        <time>2017-03-28T20:38:58Z</time>
      </trkpt>
      <trkpt lat="45.538328988477588" lon="6.756422985345125">
        <ele>1279</ele>
        <time>2017-03-28T20:39:18Z</time>
      </trkpt>
      <trkpt lat="45.538214994594455" lon="6.756758010014892">
        <ele>1272</ele>
        <time>2017-03-28T20:39:38Z</time>
      </trkpt>
      <trkpt lat="45.538039980456233" lon="6.757050035521388">
        <ele>1280</ele>
        <time>2017-03-28T20:39:58Z</time>
      </trkpt>
      <trkpt lat="45.538067976012826" lon="6.757324961945415">
        <ele>1279</ele>
        <time>2017-03-28T20:40:18Z</time>
      </trkpt>
      <trkpt lat="45.537921963259578" lon="6.75821696408093">
        <ele>1284</ele>
        <time>2017-03-28T20:40:38Z</time>
      </trkpt>
      <trkpt lat="45.537997987121344" lon="6.758342022076249">
        <ele>1287</ele>
        <time>2017-03-28T20:40:58Z</time>
      </trkpt>
      <trkpt lat="45.538008967414498" lon="6.758719962090254">
        <ele>1288</ele>
        <time>2017-03-28T20:41:18Z</time>
      </trkpt>
      <trkpt lat="45.538235027343035" lon="6.759206028655171">
        <ele>1289</ele>
        <time>2017-03-28T20:41:38Z</time>
      </trkpt>
      <trkpt lat="45.53822698071599" lon="6.759777003899217">
        <ele>1293</ele>
        <time>2017-03-28T20:41:58Z</time>
      </trkpt>
      <trkpt lat="45.537987006828189" lon="6.760231973603368">
        <ele>1299</ele>
        <time>2017-03-28T20:42:18Z</time>
      </trkpt>
      <trkpt lat="45.537762036547065" lon="6.760827004909515">
        <ele>1303</ele>
        <time>2017-03-28T20:42:38Z</time>
      </trkpt>
      <trkpt lat="45.537635972723365" lon="6.760877966880798">
        <ele>1308</ele>
        <time>2017-03-28T20:42:58Z</time>
      </trkpt>
      <trkpt lat="45.537029039114714" lon="6.761539969593287">
        <ele>1324</ele>
        <time>2017-03-28T20:43:18Z</time>
      </trkpt>
      <trkpt lat="45.53689300082624" lon="6.761539969593287">
        <ele>1327</ele>
        <time>2017-03-28T20:43:38Z</time>
      </trkpt>
      <trkpt lat="45.536598963662982" lon="6.761664021760225">
        <ele>1339</ele>
        <time>2017-03-28T20:43:58Z</time>
      </trkpt>
      <trkpt lat="45.536118010058999" lon="6.762311020866036">
        <ele>1351</ele>
        <time>2017-03-28T20:44:18Z</time>
      </trkpt>
      <trkpt lat="45.535893961787224" lon="6.762947961688042">
        <ele>1350</ele>
        <time>2017-03-28T20:44:38Z</time>
      </trkpt>
      <trkpt lat="45.535044958814979" lon="6.764477994292975">
        <ele>1375</ele>
        <time>2017-03-28T20:44:58Z</time>
      </trkpt>
      <trkpt lat="45.534759974107146" lon="6.765043018385768">
        <ele>1390</ele>
        <time>2017-03-28T20:45:18Z</time>
      </trkpt>
      <trkpt lat="45.534644974395633" lon="6.765159023925662">
        <ele>1395</ele>
        <time>2017-03-28T20:45:38Z</time>
      </trkpt>
      <trkpt lat="45.534542966634035" lon="6.765495976433158">
        <ele>1396</ele>
        <time>2017-03-28T20:45:58Z</time>
      </trkpt>
      <trkpt lat="45.534533997997642" lon="6.765870982781053">
        <ele>1391</ele>
        <time>2017-03-28T20:46:18Z</time>
      </trkpt>
      <trkpt lat="45.534244989976287" lon="6.76623098552227">
        <ele>1393</ele>
        <time>2017-03-28T20:46:38Z</time>
      </trkpt>
      <trkpt lat="45.534080034121871" lon="6.766532985493541">
        <ele>1409</ele>
        <time>2017-03-28T20:46:58Z</time>
      </trkpt>
      <trkpt lat="45.533791026100516" lon="6.766781006008387">
        <ele>1411</ele>
        <time>2017-03-28T20:47:18Z</time>
      </trkpt>
      <trkpt lat="45.533705027773976" lon="6.766969012096524">
        <ele>1413</ele>
        <time>2017-03-28T20:47:38Z</time>
      </trkpt>
      <trkpt lat="45.533291967585683" lon="6.767376959323883">
        <ele>1430</ele>
        <time>2017-03-28T20:47:58Z</time>
      </trkpt>
      <trkpt lat="45.532892988994718" lon="6.767471004277468">
        <ele>1447</ele>
        <time>2017-03-28T20:48:18Z</time>
      </trkpt>
      <trkpt lat="45.532887959852815" lon="6.767850033938885">
        <ele>1439</ele>
        <time>2017-03-28T20:48:38Z</time>
      </trkpt>
      <trkpt lat="45.532823000103235" lon="6.768229985609651">
        <ele>1442</ele>
        <time>2017-03-28T20:48:58Z</time>
      </trkpt>
      <trkpt lat="45.532933976501226" lon="6.768730971962214">
        <ele>1435</ele>
        <time>2017-03-28T20:49:18Z</time>
      </trkpt>
      <trkpt lat="45.532382028177381" lon="6.769836964085698">
        <ele>1462</ele>
        <time>2017-03-28T20:49:38Z</time>
      </trkpt>
      <trkpt lat="45.532244984060526" lon="6.770752016454935">
        <ele>1455</ele>
        <time>2017-03-28T20:49:58Z</time>
      </trkpt>
      <trkpt lat="45.532216988503933" lon="6.770985033363104">
        <ele>1452</ele>
        <time>2017-03-28T20:50:18Z</time>
      </trkpt>
      <trkpt lat="45.532128978520632" lon="6.771250991150737">
        <ele>1455</ele>
        <time>2017-03-28T20:50:38Z</time>
      </trkpt>
      <trkpt lat="45.532073993235826" lon="6.771893966943026">
        <ele>1451</ele>
        <time>2017-03-28T20:50:58Z</time>
      </trkpt>
      <trkpt lat="45.531832007691264" lon="6.772175012156367">
        <ele>1452</ele>
        <time>2017-03-28T20:51:18Z</time>
      </trkpt>
      <trkpt lat="45.531731005758047" lon="6.77259000018239">
        <ele>1449</ele>
        <time>2017-03-28T20:51:38Z</time>
      </trkpt>
      <trkpt lat="45.531357005238533" lon="6.772993002086878">
        <ele>1461</ele>
        <time>2017-03-28T20:51:58Z</time>
      </trkpt>
      <trkpt lat="45.531336972489953" lon="6.774031016975641">
        <ele>1455</ele>
        <time>2017-03-28T20:52:18Z</time>
      </trkpt>
      <trkpt lat="45.53122197277844" lon="6.774179963395">
        <ele>1455</ele>
        <time>2017-03-28T20:52:38Z</time>
      </trkpt>
      <trkpt lat="45.530845960602164" lon="6.77407099865377">
        <ele>1457</ele>
        <time>2017-03-28T20:52:58Z</time>
      </trkpt>
      <trkpt lat="45.530585031956434" lon="6.774168983101845">
        <ele>1466</ele>
        <time>2017-03-28T20:53:18Z</time>
      </trkpt>
      <trkpt lat="45.529639972373843" lon="6.775500029325485">
        <ele>1478</ele>
        <time>2017-03-28T20:53:38Z</time>
      </trkpt>
      <trkpt lat="45.529321040958166" lon="6.77660702727735">
        <ele>1469</ele>
        <time>2017-03-28T20:53:58Z</time>
      </trkpt>
      <trkpt lat="45.529235964640975" lon="6.777449995279312">
        <ele>1465</ele>
        <time>2017-03-28T20:54:18Z</time>
      </trkpt>
      <trkpt lat="45.529121970757842" lon="6.777849979698658">
        <ele>1475</ele>
        <time>2017-03-28T20:54:38Z</time>
      </trkpt>
      <trkpt lat="45.529086012393236" lon="6.778160026296973">
        <ele>1473</ele>
        <time>2017-03-28T20:54:58Z</time>
      </trkpt>
      <trkpt lat="45.528941005468369" lon="6.778180981054902">
        <ele>1476</ele>
        <time>2017-03-28T20:55:18Z</time>
      </trkpt>
      <trkpt lat="45.528057971969247" lon="6.779991975054145">
        <ele>1490</ele>
        <time>2017-03-28T20:55:38Z</time>
      </trkpt>
      <trkpt lat="45.527838030830026" lon="6.780279977247119">
        <ele>1494</ele>
        <time>2017-03-28T20:55:58Z</time>
      </trkpt>
      <trkpt lat="45.527624040842056" lon="6.780965030193329">
        <ele>1496</ele>
        <time>2017-03-28T20:56:18Z</time>
      </trkpt>
      <trkpt lat="45.526717035099864" lon="6.781936995685101">
        <ele>1507</ele>
        <time>2017-03-28T20:56:38Z</time>
      </trkpt>
      <trkpt lat="45.525866020470858" lon="6.782197002321482">
        <ele>1527</ele>
        <time>2017-03-28T20:56:58Z</time>
      </trkpt>
      <trkpt lat="45.525303008034825" lon="6.783384969457984">
        <ele>1538</ele>
        <time>2017-03-28T20:57:18Z</time>
      </trkpt>
      <trkpt lat="45.525101004168391" lon="6.784100029617548">
        <ele>1536</ele>
        <time>2017-03-28T20:57:38Z</time>
      </trkpt>
      <trkpt lat="45.525388000532985" lon="6.785105019807816">
        <ele>1527</ele>
        <time>2017-03-28T20:57:58Z</time>
      </trkpt>
      <trkpt lat="45.524425003677607" lon="6.785310041159391">
        <ele>1545</ele>
        <time>2017-03-28T20:58:18Z</time>
      </trkpt>
      <trkpt lat="45.524215959012508" lon="6.785856960341334">
        <ele>1546</ele>
        <time>2017-03-28T20:58:38Z</time>
      </trkpt>
      <trkpt lat="45.5240039806813" lon="6.786023005843163">
        <ele>1549</ele>
        <time>2017-03-28T20:58:58Z</time>
      </trkpt>
      <trkpt lat="45.524114035069942" lon="6.786527009680867">
        <ele>1546</ele>
        <time>2017-03-28T20:59:18Z</time>
      </trkpt>
      <trkpt lat="45.524348979815841" lon="6.787638030946255">
        <ele>1540</ele>
        <time>2017-03-28T20:59:38Z</time>
      </trkpt>
      <trkpt lat="45.524383010342717" lon="6.788412015885115">
        <ele>1541</ele>
        <time>2017-03-28T20:59:58Z</time>
      </trkpt>
      <trkpt lat="45.524570010602474" lon="6.789078963920474">
        <ele>1539</ele>
        <time>2017-03-28T21:00:18Z</time>
      </trkpt>
      <trkpt lat="45.524768996983767" lon="6.790371034294367">
        <ele>1531</ele>
        <time>2017-03-28T21:00:38Z</time>
      </trkpt>
      <trkpt lat="45.52447697147727" lon="6.790758026763797">
        <ele>1532</ele>
        <time>2017-03-28T21:00:58Z</time>
      </trkpt>
      <trkpt lat="45.52469196729362" lon="6.790799014270306">
        <ele>1530</ele>
        <time>2017-03-28T21:01:18Z</time>
      </trkpt>
      <trkpt lat="45.524770002812147" lon="6.790947960689664">
        <ele>1528</ele>
        <time>2017-03-28T21:01:38Z</time>
      </trkpt>
      <trkpt lat="45.524878967553377" lon="6.79100101813674">
        <ele>1527</ele>
        <time>2017-03-28T21:01:58Z</time>
      </trkpt>
      <trkpt lat="45.524825993925333" lon="6.791576016694307">
        <ele>1527</ele>
        <time>2017-03-28T21:02:18Z</time>
      </trkpt>
      <trkpt lat="45.524532962590456" lon="6.792457960546017">
        <ele>1529</ele>
        <time>2017-03-28T21:02:38Z</time>
      </trkpt>
      <trkpt lat="45.524209002032876" lon="6.792862974107266">
        <ele>1531</ele>
        <time>2017-03-28T21:02:58Z</time>
      </trkpt>
      <trkpt lat="45.524028958752751" lon="6.793460017070174">
        <ele>1532</ele>
        <time>2017-03-28T21:03:18Z</time>
      </trkpt>
      <trkpt lat="45.524219982326031" lon="6.793509973213077">
        <ele>1533</ele>
        <time>2017-03-28T21:03:38Z</time>
      </trkpt>
      <trkpt lat="45.524314027279615" lon="6.79411799646914">
        <ele>1535</ele>
        <time>2017-03-28T21:03:58Z</time>
      </trkpt>
      <trkpt lat="45.524231968447566" lon="6.794423013925552">
        <ele>1540</ele>
        <time>2017-03-28T21:04:18Z</time>
      </trkpt>
      <trkpt lat="45.523559991270304" lon="6.795361032709479">
        <ele>1536</ele>
        <time>2017-03-28T21:04:38Z</time>
      </trkpt>
      <trkpt lat="45.523584969341755" lon="6.795965032652021">
        <ele>1536</ele>
        <time>2017-03-28T21:04:58Z</time>
      </trkpt>
      <trkpt lat="45.523491008207202" lon="6.796590993180871">
        <ele>1534</ele>
        <time>2017-03-28T21:05:18Z</time>
      </trkpt>
      <trkpt lat="45.523323034867644" lon="6.79740403778851">
        <ele>1534</ele>
        <time>2017-03-28T21:05:38Z</time>
      </trkpt>
      <trkpt lat="45.523380031809211" lon="6.797660021111369">
        <ele>1538</ele>
        <time>2017-03-28T21:05:58Z</time>
      </trkpt>
      <trkpt lat="45.523218009620905" lon="6.798298973590136">
        <ele>1535</ele>
        <time>2017-03-28T21:06:18Z</time>
      </trkpt>
      <trkpt lat="45.523071996867657" lon="6.798540037125349">
        <ele>1536</ele>
        <time>2017-03-28T21:06:38Z</time>
      </trkpt>
      <trkpt lat="45.522898994386196" lon="6.7985650151968">
        <ele>1536</ele>
        <time>2017-03-28T21:06:58Z</time>
      </trkpt>
      <trkpt lat="45.52256103605032" lon="6.798685966059566">
        <ele>1535</ele>
        <time>2017-03-28T21:07:18Z</time>
      </trkpt>
      <trkpt lat="45.522320978343487" lon="6.798854023218155">
        <ele>1535</ele>
        <time>2017-03-28T21:07:38Z</time>
      </trkpt>
      <trkpt lat="45.522019984200597" lon="6.79888897575438">
        <ele>1536</ele>
        <time>2017-03-28T21:07:58Z</time>
      </trkpt>
      <trkpt lat="45.521709015592933" lon="6.79905703291297">
        <ele>1537</ele>
        <time>2017-03-28T21:08:18Z</time>
      </trkpt>
      <trkpt lat="45.521480021998286" lon="6.79935903288424">
        <ele>1538</ele>
        <time>2017-03-28T21:08:38Z</time>
      </trkpt>
      <trkpt lat="45.521309031173587" lon="6.799857001751661">
        <ele>1539</ele>
        <time>2017-03-28T21:08:58Z</time>
      </trkpt>
      <trkpt lat="45.521024968475103" lon="6.800146009773016">
        <ele>1540</ele>
        <time>2017-03-28T21:09:18Z</time>
      </trkpt>
      <trkpt lat="45.520841991528869" lon="6.800771970301867">
        <ele>1541</ele>
        <time>2017-03-28T21:09:38Z</time>
      </trkpt>
      <trkpt lat="45.52062900736928" lon="6.801199028268457">
        <ele>1542</ele>
        <time>2017-03-28T21:09:58Z</time>
      </trkpt>
      <trkpt lat="45.52032901905477" lon="6.802950007840991">
        <ele>1548</ele>
        <time>2017-03-28T21:10:18Z</time>
      </trkpt>
      <trkpt lat="45.520016960799694" lon="6.802836013957858">
        <ele>1548</ele>
        <time>2017-03-28T21:10:38Z</time>
      </trkpt>
      <trkpt lat="45.519728036597371" lon="6.802668962627649">
        <ele>1548</ele>
        <time>2017-03-28T21:10:58Z</time>
      </trkpt>
      <trkpt lat="45.519385971128941" lon="6.802582964301109">
        <ele>1547</ele>
        <time>2017-03-28T21:11:18Z</time>
      </trkpt>
      <trkpt lat="45.519274994730949" lon="6.802448015660048">
        <ele>1546</ele>
        <time>2017-03-28T21:11:38Z</time>
      </trkpt>
      <trkpt lat="45.518607962876558" lon="6.802431000396609">
        <ele>1546</ele>
        <time>2017-03-28T21:11:58Z</time>
      </trkpt>
      <trkpt lat="45.518652973696589" lon="6.803419981151819">
        <ele>1551</ele>
        <time>2017-03-28T21:12:18Z</time>
      </trkpt>
      <trkpt lat="45.518589019775391" lon="6.804869966581464">
        <ele>1556</ele>
        <time>2017-03-28T21:12:38Z</time>
      </trkpt>
      <trkpt lat="45.518310992047191" lon="6.805659960955381">
        <ele>1567</ele>
        <time>2017-03-28T21:12:58Z</time>
      </trkpt>
      <trkpt lat="45.51815802231431" lon="6.805759035050869">
        <ele>1568</ele>
        <time>2017-03-28T21:13:18Z</time>
      </trkpt>
      <trkpt lat="45.517821991816163" lon="6.806499995291233">
        <ele>1575</ele>
        <time>2017-03-28T21:13:38Z</time>
      </trkpt>
      <trkpt lat="45.517787039279938" lon="6.806856980547309">
        <ele>1575</ele>
        <time>2017-03-28T21:13:58Z</time>
      </trkpt>
      <trkpt lat="45.517640020698309" lon="6.807220000773668">
        <ele>1576</ele>
        <time>2017-03-28T21:14:18Z</time>
      </trkpt>
      <trkpt lat="45.517627028748393" lon="6.807604981586337">
        <ele>1579</ele>
        <time>2017-03-28T21:14:38Z</time>
      </trkpt>
      <trkpt lat="45.517485039308667" lon="6.807968001812697">
        <ele>1593</ele>
        <time>2017-03-28T21:14:58Z</time>
      </trkpt>
      <trkpt lat="45.517218997702003" lon="6.808438980951905">
        <ele>1594</ele>
        <time>2017-03-28T21:15:18Z</time>
      </trkpt>
      <trkpt lat="45.517164012417197" lon="6.808746010065079">
        <ele>1596</ele>
        <time>2017-03-28T21:15:38Z</time>
      </trkpt>
      <trkpt lat="45.516988998278975" lon="6.808972992002964">
        <ele>1598</ele>
        <time>2017-03-28T21:15:58Z</time>
      </trkpt>
      <trkpt lat="45.516915991902351" lon="6.809242973104119">
        <ele>1600</ele>
        <time>2017-03-28T21:16:18Z</time>
      </trkpt>
      <trkpt lat="45.51667501218617" lon="6.809719987213612">
        <ele>1602</ele>
        <time>2017-03-28T21:16:38Z</time>
      </trkpt>
      <trkpt lat="45.516562024131417" lon="6.809970019385219">
        <ele>1614</ele>
        <time>2017-03-28T21:16:58Z</time>
      </trkpt>
      <trkpt lat="45.516395978629589" lon="6.810523979365826">
        <ele>1622</ele>
        <time>2017-03-28T21:17:18Z</time>
      </trkpt>
      <trkpt lat="45.516406958922744" lon="6.810707040131092">
        <ele>1622</ele>
        <time>2017-03-28T21:17:38Z</time>
      </trkpt>
      <trkpt lat="45.516260024160147" lon="6.811066037043929">
        <ele>1627</ele>
        <time>2017-03-28T21:17:58Z</time>
      </trkpt>
      <trkpt lat="45.516150975599885" lon="6.811510026454926">
        <ele>1629</ele>
        <time>2017-03-28T21:18:18Z</time>
      </trkpt>
      <trkpt lat="45.51596799865365" lon="6.811770033091307">
        <ele>1636</ele>
        <time>2017-03-28T21:18:38Z</time>
      </trkpt>
      <trkpt lat="45.515980990603566" lon="6.812024004757404">
        <ele>1635</ele>
        <time>2017-03-28T21:18:58Z</time>
      </trkpt>
      <trkpt lat="45.515963975340128" lon="6.812402028590441">
        <ele>1639</ele>
        <time>2017-03-28T21:19:18Z</time>
      </trkpt>
      <trkpt lat="45.515891974791884" lon="6.812664968892932">
        <ele>1644</ele>
        <time>2017-03-28T21:19:38Z</time>
      </trkpt>
      <trkpt lat="45.515806982293725" lon="6.812732024118304">
        <ele>1654</ele>
        <time>2017-03-28T21:19:58Z</time>
      </trkpt>
      <trkpt lat="45.515696005895734" lon="6.813126979395747">
        <ele>1659</ele>
        <time>2017-03-28T21:20:18Z</time>
      </trkpt>
      <trkpt lat="45.515616964548826" lon="6.813250025734305">
        <ele>1659</ele>
        <time>2017-03-28T21:20:38Z</time>
      </trkpt>
      <trkpt lat="45.515612019225955" lon="6.813707007095218">
        <ele>1668</ele>
        <time>2017-03-28T21:20:58Z</time>
      </trkpt>
      <trkpt lat="45.515521997585893" lon="6.813780013471842">
        <ele>1669</ele>
        <time>2017-03-28T21:21:18Z</time>
      </trkpt>
      <trkpt lat="45.51553700119257" lon="6.814083019271493">
        <ele>1670</ele>
        <time>2017-03-28T21:21:38Z</time>
      </trkpt>
      <trkpt lat="45.515470029786229" lon="6.814320981502533">
        <ele>1677</ele>
        <time>2017-03-28T21:21:58Z</time>
      </trkpt>
      <trkpt lat="45.515548987314105" lon="6.814685007557273">
        <ele>1678</ele>
        <time>2017-03-28T21:22:18Z</time>
      </trkpt>
      <trkpt lat="45.515201976522803" lon="6.8150669708848">
        <ele>1689</ele>
        <time>2017-03-28T21:22:38Z</time>
      </trkpt>
      <trkpt lat="45.515073984861374" lon="6.815649010241032">
        <ele>1693</ele>
        <time>2017-03-28T21:22:58Z</time>
      </trkpt>
      <trkpt lat="45.514896959066391" lon="6.816112026572228">
        <ele>1711</ele>
        <time>2017-03-28T21:23:18Z</time>
      </trkpt>
      <trkpt lat="45.514675006270409" lon="6.816332973539829">
        <ele>1716</ele>
        <time>2017-03-28T21:23:38Z</time>
      </trkpt>
      <trkpt lat="45.514365965500474" lon="6.816494995728135">
        <ele>1723</ele>
        <time>2017-03-28T21:23:58Z</time>
      </trkpt>
      <trkpt lat="45.514306034892797" lon="6.816769000142813">
        <ele>1728</ele>
        <time>2017-03-28T21:24:18Z</time>
      </trkpt>
      <trkpt lat="45.514201009646058" lon="6.817052979022265">
        <ele>1727</ele>
        <time>2017-03-28T21:24:38Z</time>
      </trkpt>
      <trkpt lat="45.514208972454071" lon="6.817333018407226">
        <ele>1730</ele>
        <time>2017-03-28T21:24:58Z</time>
      </trkpt>
      <trkpt lat="45.514029012992978" lon="6.817199997603893">
        <ele>1746</ele>
        <time>2017-03-28T21:25:18Z</time>
      </trkpt>
      <trkpt lat="45.513729024678469" lon="6.817929977551103">
        <ele>1752</ele>
        <time>2017-03-28T21:25:38Z</time>
      </trkpt>
      <trkpt lat="45.51379700191319" lon="6.81826701387763">
        <ele>1749</ele>
        <time>2017-03-28T21:25:58Z</time>
      </trkpt>
      <trkpt lat="45.513706980273128" lon="6.818936979398131">
        <ele>1754</ele>
        <time>2017-03-28T21:26:18Z</time>
      </trkpt>
      <trkpt lat="45.513641014695168" lon="6.819166978821158">
        <ele>1760</ele>
        <time>2017-03-28T21:26:38Z</time>
      </trkpt>
      <trkpt lat="45.513627016916871" lon="6.820026962086558">
        <ele>1766</ele>
        <time>2017-03-28T21:26:58Z</time>
      </trkpt>
      <trkpt lat="45.513521991670132" lon="6.820489978417754">
        <ele>1769</ele>
        <time>2017-03-28T21:27:18Z</time>
      </trkpt>
      <trkpt lat="45.513567002490163" lon="6.820747973397374">
        <ele>1772</ele>
        <time>2017-03-28T21:27:38Z</time>
      </trkpt>
      <trkpt lat="45.513528026640415" lon="6.8210160266608">
        <ele>1779</ele>
        <time>2017-03-28T21:27:58Z</time>
      </trkpt>
      <trkpt lat="45.513549987226725" lon="6.821192968636751">
        <ele>1778</ele>
        <time>2017-03-28T21:28:18Z</time>
      </trkpt>
      <trkpt lat="45.513503970578313" lon="6.82148901745677">
        <ele>1786</ele>
        <time>2017-03-28T21:28:38Z</time>
      </trkpt>
      <trkpt lat="45.513632968068123" lon="6.82338198646903">
        <ele>1822</ele>
        <time>2017-03-28T21:28:58Z</time>
      </trkpt>
      <trkpt lat="45.513610001653433" lon="6.823921026661992">
        <ele>1826</ele>
        <time>2017-03-28T21:29:18Z</time>
      </trkpt>
      <trkpt lat="45.513635985553265" lon="6.824458977207542">
        <ele>1836</ele>
        <time>2017-03-28T21:29:38Z</time>
      </trkpt>
      <trkpt lat="45.513616958633065" lon="6.824930962175131">
        <ele>1842</ele>
        <time>2017-03-28T21:29:58Z</time>
      </trkpt>
      <trkpt lat="45.513717960566282" lon="6.826037960126996">
        <ele>1878</ele>
        <time>2017-03-28T21:30:18Z</time>
      </trkpt>
      <trkpt lat="45.513728018850088" lon="6.826317999511957">
        <ele>1883</ele>
        <time>2017-03-28T21:30:38Z</time>
      </trkpt>
      <trkpt lat="45.513880988582969" lon="6.826565014198422">
        <ele>1879</ele>
        <time>2017-03-28T21:30:58Z</time>
      </trkpt>
      <trkpt lat="45.513916024938226" lon="6.826791996136308">
        <ele>1899</ele>
        <time>2017-03-28T21:31:18Z</time>
      </trkpt>
      <trkpt lat="45.514233028516173" lon="6.827116040512919">
        <ele>1862</ele>
        <time>2017-03-28T21:31:38Z</time>
      </trkpt>
      <trkpt lat="45.514327995479107" lon="6.827557012438774">
        <ele>1886</ele>
        <time>2017-03-28T21:31:58Z</time>
      </trkpt>
      <trkpt lat="45.514255994930863" lon="6.82782799936831">
        <ele>1884</ele>
        <time>2017-03-28T21:32:18Z</time>
      </trkpt>
      <trkpt lat="45.514305029064417" lon="6.828409032896161">
        <ele>1897</ele>
        <time>2017-03-28T21:32:38Z</time>
      </trkpt>
      <trkpt lat="45.51420503295958" lon="6.828651018440723">
        <ele>1889</ele>
        <time>2017-03-28T21:32:58Z</time>
      </trkpt>
      <trkpt lat="45.514037981629372" lon="6.828728970140219">
        <ele>1929</ele>
        <time>2017-03-28T21:33:18Z</time>
      </trkpt>
      <trkpt lat="45.514022978022695" lon="6.828934997320175">
        <ele>1925</ele>
        <time>2017-03-28T21:33:38Z</time>
      </trkpt>
      <trkpt lat="45.513709997758269" lon="6.829349985346198">
        <ele>1924</ele>
        <time>2017-03-28T21:33:58Z</time>
      </trkpt>
      <trkpt lat="45.513654006645083" lon="6.829836973920465">
        <ele>1922</ele>
        <time>2017-03-28T21:34:18Z</time>
      </trkpt>
      <trkpt lat="45.513459965586662" lon="6.83027601800859">
        <ele>1916</ele>
        <time>2017-03-28T21:34:38Z</time>
      </trkpt>
      <trkpt lat="45.513205993920565" lon="6.830438962206245">
        <ele>1941</ele>
        <time>2017-03-28T21:34:58Z</time>
      </trkpt>
      <trkpt lat="45.512923020869493" lon="6.830585980787873">
        <ele>1945</ele>
        <time>2017-03-28T21:35:18Z</time>
      </trkpt>
      <trkpt lat="45.512739038094878" lon="6.830807011574507">
        <ele>1947</ele>
        <time>2017-03-28T21:35:38Z</time>
      </trkpt>
      <trkpt lat="45.512777008116245" lon="6.831028964370489">
        <ele>1937</ele>
        <time>2017-03-28T21:35:58Z</time>
      </trkpt>
      <trkpt lat="45.512641975656152" lon="6.831301040947437">
        <ele>1936</ele>
        <time>2017-03-28T21:36:18Z</time>
      </trkpt>
      <trkpt lat="45.512326983734965" lon="6.831627013161779">
        <ele>1951</ele>
        <time>2017-03-28T21:36:38Z</time>
      </trkpt>
      <trkpt lat="45.512016015127301" lon="6.831730026751757">
        <ele>1951</ele>
        <time>2017-03-28T21:36:58Z</time>
      </trkpt>
      <trkpt lat="45.511804036796093" lon="6.832173010334373">
        <ele>1951</ele>
        <time>2017-03-28T21:37:18Z</time>
      </trkpt>
      <trkpt lat="45.511505976319313" lon="6.832407033070922">
        <ele>1966</ele>
        <time>2017-03-28T21:37:38Z</time>
      </trkpt>
      <trkpt lat="45.511381002143025" lon="6.83244701474905">
        <ele>1971</ele>
        <time>2017-03-28T21:37:58Z</time>
      </trkpt>
      <trkpt lat="45.511235995218158" lon="6.832610964775085">
        <ele>1969</ele>
        <time>2017-03-28T21:38:18Z</time>
      </trkpt>
      <trkpt lat="45.511010019108653" lon="6.832649018615484">
        <ele>1976</ele>
        <time>2017-03-28T21:38:38Z</time>
      </trkpt>
      <trkpt lat="45.510897031053901" lon="6.832752032205463">
        <ele>1976</ele>
        <time>2017-03-28T21:38:58Z</time>
      </trkpt>
      <trkpt lat="45.510790999978781" lon="6.832698974758387">
        <ele>1995</ele>
        <time>2017-03-28T21:39:18Z</time>
      </trkpt>
      <trkpt lat="45.510475002229214" lon="6.832882035523653">
        <ele>2000</ele>
        <time>2017-03-28T21:39:38Z</time>
      </trkpt>
      <trkpt lat="45.510225975885987" lon="6.832921011373401">
        <ele>2004</ele>
        <time>2017-03-28T21:39:58Z</time>
      </trkpt>
      <trkpt lat="45.510020032525063" lon="6.833136007189751">
        <ele>2006</ele>
        <time>2017-03-28T21:40:18Z</time>
      </trkpt>
      <trkpt lat="45.510060014203191" lon="6.833377992734313">
        <ele>2006</ele>
        <time>2017-03-28T21:40:38Z</time>
      </trkpt>
      <trkpt lat="45.509791960939765" lon="6.833754004910588">
        <ele>2013</ele>
        <time>2017-03-28T21:40:58Z</time>
      </trkpt>
      <trkpt lat="45.509475963190198" lon="6.833812007680535">
        <ele>2015</ele>
        <time>2017-03-28T21:41:18Z</time>
      </trkpt>
      <trkpt lat="45.509372027590871" lon="6.834004037082195">
        <ele>2015</ele>
        <time>2017-03-28T21:41:38Z</time>
      </trkpt>
      <trkpt lat="45.509119983762503" lon="6.834178967401385">
        <ele>2018</ele>
        <time>2017-03-28T21:41:58Z</time>
      </trkpt>
      <trkpt lat="45.508989980444312" lon="6.834107972681522">
        <ele>2025</ele>
        <time>2017-03-28T21:42:18Z</time>
      </trkpt>
      <trkpt lat="45.508739026263356" lon="6.834211992099881">
        <ele>2023</ele>
        <time>2017-03-28T21:42:38Z</time>
      </trkpt>
      <trkpt lat="45.508578009903431" lon="6.834380971267819">
        <ele>2024</ele>
        <time>2017-03-28T21:42:58Z</time>
      </trkpt>
      <trkpt lat="45.507806036621332" lon="6.834590015932918">
        <ele>2036</ele>
        <time>2017-03-28T21:43:18Z</time>
      </trkpt>
      <trkpt lat="45.507683996111155" lon="6.834550034254789">
        <ele>2037</ele>
        <time>2017-03-28T21:43:38Z</time>
      </trkpt>
      <trkpt lat="45.507175968959928" lon="6.834647012874484">
        <ele>2048</ele>
        <time>2017-03-28T21:43:58Z</time>
      </trkpt>
      <trkpt lat="45.507014030590653" lon="6.834712978452444">
        <ele>2049</ele>
        <time>2017-03-28T21:44:18Z</time>
      </trkpt>
      <trkpt lat="45.506440037861466" lon="6.834711972624064">
        <ele>2062</ele>
        <time>2017-03-28T21:44:38Z</time>
      </trkpt>
      <trkpt lat="45.506057990714908" lon="6.835065018385649">
        <ele>2062</ele>
        <time>2017-03-28T21:44:58Z</time>
      </trkpt>
      <trkpt lat="45.506011974066496" lon="6.835569022223353">
        <ele>2062</ele>
        <time>2017-03-28T21:45:18Z</time>
      </trkpt>
      <trkpt lat="45.505788009613752" lon="6.835779994726181">
        <ele>2070</ele>
        <time>2017-03-28T21:45:38Z</time>
      </trkpt>
      <trkpt lat="45.505736963823438" lon="6.835903963074088">
        <ele>2073</ele>
        <time>2017-03-28T21:45:58Z</time>
      </trkpt>
      <trkpt lat="45.505844000726938" lon="6.836103033274412">
        <ele>2068</ele>
        <time>2017-03-28T21:46:18Z</time>
      </trkpt>
      <trkpt lat="45.50586998462677" lon="6.836324986070395">
        <ele>2070</ele>
        <time>2017-03-28T21:46:38Z</time>
      </trkpt>
      <trkpt lat="45.505935028195381" lon="6.836515003815293">
        <ele>2073</ele>
        <time>2017-03-28T21:46:58Z</time>
      </trkpt>
      <trkpt lat="45.505966963246465" lon="6.836938038468361">
        <ele>2082</ele>
        <time>2017-03-28T21:47:18Z</time>
      </trkpt>
      <trkpt lat="45.505803013220429" lon="6.836891015991569">
        <ele>2086</ele>
        <time>2017-03-28T21:47:38Z</time>
      </trkpt>
      <trkpt lat="45.505618024617434" lon="6.837138030678034">
        <ele>2090</ele>
        <time>2017-03-28T21:47:58Z</time>
      </trkpt>
      <trkpt lat="45.505316024646163" lon="6.837170971557498">
        <ele>2091</ele>
        <time>2017-03-28T21:48:18Z</time>
      </trkpt>
      <trkpt lat="45.505129024386406" lon="6.837058989331126">
        <ele>2091</ele>
        <time>2017-03-28T21:48:38Z</time>
      </trkpt>
      <trkpt lat="45.504864994436502" lon="6.837026970461011">
        <ele>2094</ele>
        <time>2017-03-28T21:48:58Z</time>
      </trkpt>
      <trkpt lat="45.504743037745357" lon="6.836957987397909">
        <ele>2093</ele>
        <time>2017-03-28T21:49:18Z</time>
      </trkpt>
      <trkpt lat="45.504137026146054" lon="6.837096959352493">
        <ele>2094</ele>
        <time>2017-03-28T21:49:38Z</time>
      </trkpt>
      <trkpt lat="45.503911972045898" lon="6.837064018473029">
        <ele>2094</ele>
        <time>2017-03-28T21:49:58Z</time>
      </trkpt>
      <trkpt lat="45.502702966332436" lon="6.837139036506414">
        <ele>2094</ele>
        <time>2017-03-28T21:50:18Z</time>
      </trkpt>
      <trkpt lat="45.502524012699723" lon="6.837455034255981">
        <ele>2095</ele>
        <time>2017-03-28T21:50:38Z</time>
      </trkpt>
      <trkpt lat="45.502379005774856" lon="6.83760398067534">
        <ele>2096</ele>
        <time>2017-03-28T21:50:58Z</time>
      </trkpt>
      <trkpt lat="45.502210026606917" lon="6.837893994525075">
        <ele>2097</ele>
        <time>2017-03-28T21:51:18Z</time>
      </trkpt>
      <trkpt lat="45.501706022769213" lon="6.83833203278482">
        <ele>2095</ele>
        <time>2017-03-28T21:51:38Z</time>
      </trkpt>
      <trkpt lat="45.501223979517817" lon="6.838467987254262">
        <ele>2094</ele>
        <time>2017-03-28T21:51:58Z</time>
      </trkpt>
      <trkpt lat="45.500840004533529" lon="6.838519033044577">
        <ele>2094</ele>
        <time>2017-03-28T21:52:18Z</time>
      </trkpt>
      <trkpt lat="45.500012962147593" lon="6.838257014751434">
        <ele>2097</ele>
        <time>2017-03-28T21:52:38Z</time>
      </trkpt>
      <trkpt lat="45.499356994405389" lon="6.838208986446261">
        <ele>2096</ele>
        <time>2017-03-28T21:52:58Z</time>
      </trkpt>
      <trkpt lat="45.498948963358998" lon="6.838363967835903">
        <ele>2098</ele>
        <time>2017-03-28T21:53:18Z</time>
      </trkpt>
      <trkpt lat="45.49852198921144" lon="6.838596984744072">
        <ele>2098</ele>
        <time>2017-03-28T21:53:38Z</time>
      </trkpt>
      <trkpt lat="45.498181013390422" lon="6.838881969451904">
        <ele>2098</ele>
        <time>2017-03-28T21:53:58Z</time>
      </trkpt>
      <trkpt lat="45.497885970398784" lon="6.839040974155068">
        <ele>2097</ele>
        <time>2017-03-28T21:54:18Z</time>
      </trkpt>
      <trkpt lat="45.497199995443225" lon="6.839740024879575">
        <ele>2104</ele>
        <time>2017-03-28T21:54:38Z</time>
      </trkpt>
      <trkpt lat="45.496760029345751" lon="6.840015035122633">
        <ele>2108</ele>
        <time>2017-03-28T21:54:58Z</time>
      </trkpt>
      <trkpt lat="45.49624303355813" lon="6.840179990977049">
        <ele>2109</ele>
        <time>2017-03-28T21:55:18Z</time>
      </trkpt>
      <trkpt lat="45.495929969474673" lon="6.84041895903647">
        <ele>2110</ele>
        <time>2017-03-28T21:55:38Z</time>
      </trkpt>
      <trkpt lat="45.495684966444969" lon="6.840495988726616">
        <ele>2109</ele>
        <time>2017-03-28T21:55:58Z</time>
      </trkpt>
      <trkpt lat="45.494715012609959" lon="6.841124966740608">
        <ele>2116</ele>
        <time>2017-03-28T21:56:18Z</time>
      </trkpt>
      <trkpt lat="45.494519965723157" lon="6.841085990890861">
        <ele>2116</ele>
        <time>2017-03-28T21:56:38Z</time>
      </trkpt>
      <trkpt lat="45.494346041232347" lon="6.841181041672826">
        <ele>2117</ele>
        <time>2017-03-28T21:56:58Z</time>
      </trkpt>
      <trkpt lat="45.493940021842718" lon="6.841220017522574">
        <ele>2120</ele>
        <time>2017-03-28T21:57:18Z</time>
      </trkpt>
      <trkpt lat="45.493039973080158" lon="6.841470971703529">
        <ele>2125</ele>
        <time>2017-03-28T21:57:38Z</time>
      </trkpt>
      <trkpt lat="45.492895971983671" lon="6.841179030016065">
        <ele>2122</ele>
        <time>2017-03-28T21:57:58Z</time>
      </trkpt>
      <trkpt lat="45.492759011685848" lon="6.84164397418499">
        <ele>2127</ele>
        <time>2017-03-28T21:58:18Z</time>
      </trkpt>
      <trkpt lat="45.492808967828751" lon="6.841889983043075">
        <ele>2136</ele>
        <time>2017-03-28T21:58:38Z</time>
      </trkpt>
      <trkpt lat="45.492735961452127" lon="6.842282004654408">
        <ele>2138</ele>
        <time>2017-03-28T21:58:58Z</time>
      </trkpt>
      <trkpt lat="45.492468997836113" lon="6.842451989650726">
        <ele>2140</ele>
        <time>2017-03-28T21:59:18Z</time>
      </trkpt>
      <trkpt lat="45.492118969559669" lon="6.843077028170228">
        <ele>2148</ele>
        <time>2017-03-28T21:59:38Z</time>
      </trkpt>
      <trkpt lat="45.49140801653266" lon="6.843492016196251">
        <ele>2159</ele>
        <time>2017-03-28T21:59:58Z</time>
      </trkpt>
      <trkpt lat="45.491338027641177" lon="6.843653032556176">
        <ele>2161</ele>
        <time>2017-03-28T22:00:18Z</time>
      </trkpt>
      <trkpt lat="45.491205006837845" lon="6.843579020351172">
        <ele>2160</ele>
        <time>2017-03-28T22:00:38Z</time>
      </trkpt>
      <trkpt lat="45.49080896191299" lon="6.843616990372539">
        <ele>2167</ele>
        <time>2017-03-28T22:00:58Z</time>
      </trkpt>
      <trkpt lat="45.490420963615179" lon="6.843496039509773">
        <ele>2171</ele>
        <time>2017-03-28T22:01:18Z</time>
      </trkpt>
      <trkpt lat="45.490231029689312" lon="6.843095971271396">
        <ele>2161</ele>
        <time>2017-03-28T22:01:38Z</time>
      </trkpt>
      <trkpt lat="45.490030031651258" lon="6.842865971848369">
        <ele>2160</ele>
        <time>2017-03-28T22:01:58Z</time>
      </trkpt>
      <trkpt lat="45.489919977262616" lon="6.842624992132187">
        <ele>2167</ele>
        <time>2017-03-28T22:02:18Z</time>
      </trkpt>
      <trkpt lat="45.489662988111377" lon="6.842684000730515">
        <ele>2174</ele>
        <time>2017-03-28T22:02:38Z</time>
      </trkpt>
      <trkpt lat="45.489359982311726" lon="6.842898996546865">
        <ele>2180</ele>
        <time>2017-03-28T22:02:58Z</time>
      </trkpt>
      <trkpt lat="45.488935019820929" lon="6.842984994873405">
        <ele>2188</ele>
        <time>2017-03-28T22:03:18Z</time>
      </trkpt>
      <trkpt lat="45.488544004037976" lon="6.843392020091415">
        <ele>2203</ele>
        <time>2017-03-28T22:03:38Z</time>
      </trkpt>
      <trkpt lat="45.487758032977581" lon="6.843696031719446">
        <ele>2211</ele>
        <time>2017-03-28T22:03:58Z</time>
      </trkpt>
      <trkpt lat="45.487527027726173" lon="6.843714974820614">
        <ele>2211</ele>
        <time>2017-03-28T22:04:18Z</time>
      </trkpt>
      <trkpt lat="45.487143974751234" lon="6.843838021159172">
        <ele>2211</ele>
        <time>2017-03-28T22:04:38Z</time>
      </trkpt>
      <trkpt lat="45.486923027783632" lon="6.843998031690717">
        <ele>2213</ele>
        <time>2017-03-28T22:04:58Z</time>
      </trkpt>
      <trkpt lat="45.486729992553592" lon="6.843912033364177">
        <ele>2212</ele>
        <time>2017-03-28T22:05:18Z</time>
      </trkpt>
      <trkpt lat="45.486636031419039" lon="6.843937011435628">
        <ele>2205</ele>
        <time>2017-03-28T22:05:38Z</time>
      </trkpt>
      <trkpt lat="45.486570987850428" lon="6.844123005867004">
        <ele>2212</ele>
        <time>2017-03-28T22:05:58Z</time>
      </trkpt>
      <trkpt lat="45.486419023945928" lon="6.844160975888372">
        <ele>2206</ele>
        <time>2017-03-28T22:06:18Z</time>
      </trkpt>
      <trkpt lat="45.486341994255781" lon="6.844272958114743">
        <ele>2218</ele>
        <time>2017-03-28T22:06:38Z</time>
      </trkpt>
      <trkpt lat="45.486126998439431" lon="6.844197018072009">
        <ele>2214</ele>
        <time>2017-03-28T22:06:58Z</time>
      </trkpt>
      <trkpt lat="45.486047035083175" lon="6.844404973089695">
        <ele>2214</ele>
        <time>2017-03-28T22:07:18Z</time>
      </trkpt>
      <trkpt lat="45.486248033121228" lon="6.844547968357801">
        <ele>2219</ele>
        <time>2017-03-28T22:07:38Z</time>
      </trkpt>
      <trkpt lat="45.486290026456118" lon="6.845045015215874">
        <ele>2235</ele>
        <time>2017-03-28T22:07:58Z</time>
      </trkpt>
      <trkpt lat="45.485905967652798" lon="6.845521023496985">
        <ele>2233</ele>
        <time>2017-03-28T22:08:18Z</time>
      </trkpt>
      <trkpt lat="45.485273972153664" lon="6.846065009012818">
        <ele>2236</ele>
        <time>2017-03-28T22:08:38Z</time>
      </trkpt>
      <trkpt lat="45.485190991312265" lon="6.846189983189106">
        <ele>2237</ele>
        <time>2017-03-28T22:08:58Z</time>
      </trkpt>
      <trkpt lat="45.48492101021111" lon="6.846159975975752">
        <ele>2234</ele>
        <time>2017-03-28T22:09:18Z</time>
      </trkpt>
      <trkpt lat="45.48485403880477" lon="6.846271036192775">
        <ele>2237</ele>
        <time>2017-03-28T22:09:38Z</time>
      </trkpt>
      <trkpt lat="45.484681036323309" lon="6.846310012042522">
        <ele>2237</ele>
        <time>2017-03-28T22:09:58Z</time>
      </trkpt>
      <trkpt lat="45.484094973653555" lon="6.846622992306948">
        <ele>2249</ele>
        <time>2017-03-28T22:10:18Z</time>
      </trkpt>
      <trkpt lat="45.483680991455913" lon="6.846660040318966">
        <ele>2246</ele>
        <time>2017-03-28T22:10:38Z</time>
      </trkpt>
      <trkpt lat="45.483489967882633" lon="6.846860032528639">
        <ele>2265</ele>
        <time>2017-03-28T22:10:58Z</time>
      </trkpt>
      <trkpt lat="45.482481960207224" lon="6.847336040809751">
        <ele>2274</ele>
        <time>2017-03-28T22:11:18Z</time>
      </trkpt>
      <trkpt lat="45.482015004381537" lon="6.847694031894207">
        <ele>2290</ele>
        <time>2017-03-28T22:11:38Z</time>
      </trkpt>
      <trkpt lat="45.481520975008607" lon="6.847678022459149">
        <ele>2289</ele>
        <time>2017-03-28T22:11:58Z</time>
      </trkpt>
      <trkpt lat="45.480815973132849" lon="6.848018998280168">
        <ele>2297</ele>
        <time>2017-03-28T22:12:18Z</time>
      </trkpt>
      <trkpt lat="45.480221025645733" lon="6.849105963483453">
        <ele>2317</ele>
        <time>2017-03-28T22:12:38Z</time>
      </trkpt>
      <trkpt lat="45.479301027953625" lon="6.849910039454699">
        <ele>2325</ele>
        <time>2017-03-28T22:12:58Z</time>
      </trkpt>
      <trkpt lat="45.478122029453516" lon="6.850085975602269">
        <ele>2328</ele>
        <time>2017-03-28T22:13:18Z</time>
      </trkpt>
      <trkpt lat="45.477600004523993" lon="6.850419994443655">
        <ele>2329</ele>
        <time>2017-03-28T22:13:38Z</time>
      </trkpt>
      <trkpt lat="45.47688502818346" lon="6.850447990000248">
        <ele>2331</ele>
        <time>2017-03-28T22:13:58Z</time>
      </trkpt>
      <trkpt lat="45.476184971630573" lon="6.850541029125452">
        <ele>2333</ele>
        <time>2017-03-28T22:14:18Z</time>
      </trkpt>
      <trkpt lat="45.475914990529418" lon="6.850446984171867">
        <ele>2334</ele>
        <time>2017-03-28T22:14:38Z</time>
      </trkpt>
      <trkpt lat="45.475447028875351" lon="6.850597020238638">
        <ele>2339</ele>
        <time>2017-03-28T22:14:58Z</time>
      </trkpt>
      <trkpt lat="45.47503899782896" lon="6.850616969168186">
        <ele>2340</ele>
        <time>2017-03-28T22:15:18Z</time>
      </trkpt>
      <trkpt lat="45.474510015919805" lon="6.850745966657996">
        <ele>2345</ele>
        <time>2017-03-28T22:15:38Z</time>
      </trkpt>
      <trkpt lat="45.474101984873414" lon="6.850787959992886">
        <ele>2345</ele>
        <time>2017-03-28T22:15:58Z</time>
      </trkpt>
      <trkpt lat="45.473782969638705" lon="6.851021982729435">
        <ele>2341</ele>
        <time>2017-03-28T22:16:18Z</time>
      </trkpt>
      <trkpt lat="45.473139993846416" lon="6.85131099075079">
        <ele>2345</ele>
        <time>2017-03-28T22:16:38Z</time>
      </trkpt>
      <trkpt lat="45.472727017477155" lon="6.851732013747096">
        <ele>2341</ele>
        <time>2017-03-28T22:16:58Z</time>
      </trkpt>
      <trkpt lat="45.472328960895538" lon="6.852217996492982">
        <ele>2345</ele>
        <time>2017-03-28T22:17:18Z</time>
      </trkpt>
      <trkpt lat="45.472069038078189" lon="6.852303994819522">
        <ele>2346</ele>
        <time>2017-03-28T22:17:38Z</time>
      </trkpt>
      <trkpt lat="45.471810037270188" lon="6.852660980075598">
        <ele>2346</ele>
        <time>2017-03-28T22:17:58Z</time>
      </trkpt>
      <trkpt lat="45.471625970676541" lon="6.85302802361548">
        <ele>2352</ele>
        <time>2017-03-28T22:18:18Z</time>
      </trkpt>
      <trkpt lat="45.471062958240509" lon="6.853353995829821">
        <ele>2355</ele>
        <time>2017-03-28T22:18:38Z</time>
      </trkpt>
      <trkpt lat="45.470614023506641" lon="6.853755991905928">
        <ele>2360</ele>
        <time>2017-03-28T22:18:58Z</time>
      </trkpt>
      <trkpt lat="45.470169028267264" lon="6.854497035965323">
        <ele>2361</ele>
        <time>2017-03-28T22:19:18Z</time>
      </trkpt>
      <trkpt lat="45.46953996643424" lon="6.854859972372651">
        <ele>2370</ele>
        <time>2017-03-28T22:19:38Z</time>
      </trkpt>
      <trkpt lat="45.469090025871992" lon="6.854870030656457">
        <ele>2382</ele>
        <time>2017-03-28T22:19:58Z</time>
      </trkpt>
      <trkpt lat="45.468776039779186" lon="6.855387026444078">
        <ele>2389</ele>
        <time>2017-03-28T22:20:18Z</time>
      </trkpt>
      <trkpt lat="45.468646036460996" lon="6.855346038937569">
        <ele>2391</ele>
        <time>2017-03-28T22:20:38Z</time>
      </trkpt>
      <trkpt lat="45.468440009281039" lon="6.854960974305868">
        <ele>2394</ele>
        <time>2017-03-28T22:20:58Z</time>
      </trkpt>
      <trkpt lat="45.468245968222618" lon="6.854867013171315">
        <ele>2399</ele>
        <time>2017-03-28T22:21:18Z</time>
      </trkpt>
      <trkpt lat="45.468007000163198" lon="6.854837005957961">
        <ele>2401</ele>
        <time>2017-03-28T22:21:38Z</time>
      </trkpt>
      <trkpt lat="45.467020031064749" lon="6.855663964524865">
        <ele>2409</ele>
        <time>2017-03-28T22:21:58Z</time>
      </trkpt>
      <trkpt lat="45.466613005846739" lon="6.855894969776273">
        <ele>2418</ele>
        <time>2017-03-28T22:22:18Z</time>
      </trkpt>
      <trkpt lat="45.465505002066493" lon="6.855706963688135">
        <ele>2434</ele>
        <time>2017-03-28T22:22:38Z</time>
      </trkpt>
      <trkpt lat="45.464981971308589" lon="6.855865968391299">
        <ele>2457</ele>
        <time>2017-03-28T22:22:58Z</time>
      </trkpt>
      <trkpt lat="45.464194994419813" lon="6.855970993638039">
        <ele>2475</ele>
        <time>2017-03-28T22:23:18Z</time>
      </trkpt>
      <trkpt lat="45.463388990610838" lon="6.855389038100839">
        <ele>2486</ele>
        <time>2017-03-28T22:23:38Z</time>
      </trkpt>
      <trkpt lat="45.462101027369499" lon="6.855449974536896">
        <ele>2502</ele>
        <time>2017-03-28T22:23:58Z</time>
      </trkpt>
      <trkpt lat="45.461805984377861" lon="6.85563001781702">
        <ele>2504</ele>
        <time>2017-03-28T22:24:18Z</time>
      </trkpt>
      <trkpt lat="45.461623007431626" lon="6.855831015855074">
        <ele>2507</ele>
        <time>2017-03-28T22:24:38Z</time>
      </trkpt>
      <trkpt lat="45.461235009133816" lon="6.856711031869054">
        <ele>2516</ele>
        <time>2017-03-28T22:24:58Z</time>
      </trkpt>
      <trkpt lat="45.460854973644018" lon="6.856698961928487">
        <ele>2514</ele>
        <time>2017-03-28T22:25:18Z</time>
      </trkpt>
      <trkpt lat="45.460392963141203" lon="6.856901971623302">
        <ele>2517</ele>
        <time>2017-03-28T22:25:38Z</time>
      </trkpt>
      <trkpt lat="45.459678992629051" lon="6.857049996033311">
        <ele>2525</ele>
        <time>2017-03-28T22:25:58Z</time>
      </trkpt>
      <trkpt lat="45.459376992657781" lon="6.856971038505435">
        <ele>2526</ele>
        <time>2017-03-28T22:26:18Z</time>
      </trkpt>
      <trkpt lat="45.459157973527908" lon="6.857010014355183">
        <ele>2535</ele>
        <time>2017-03-28T22:26:38Z</time>
      </trkpt>
      <trkpt lat="45.458862008526921" lon="6.856969026848674">
        <ele>2538</ele>
        <time>2017-03-28T22:26:58Z</time>
      </trkpt>
      <trkpt lat="45.458550034090877" lon="6.857212018221617">
        <ele>2542</ele>
        <time>2017-03-28T22:27:18Z</time>
      </trkpt>
      <trkpt lat="45.45821400359273" lon="6.857363982126117">
        <ele>2549</ele>
        <time>2017-03-28T22:27:38Z</time>
      </trkpt>
      <trkpt lat="45.457961037755013" lon="6.857645027339459">
        <ele>2552</ele>
        <time>2017-03-28T22:27:58Z</time>
      </trkpt>
      <trkpt lat="45.457739001139998" lon="6.858068984001875">
        <ele>2554</ele>
        <time>2017-03-28T22:28:18Z</time>
      </trkpt>
      <trkpt lat="45.45767798088491" lon="6.858325973153114">
        <ele>2554</ele>
        <time>2017-03-28T22:28:38Z</time>
      </trkpt>
      <trkpt lat="45.457481006160378" lon="6.858706008642912">
        <ele>0</ele>
        <time>2017-03-28T22:28:58Z</time>
      </trkpt>
      <trkpt lat="45.457092002034187" lon="6.859148992225528">
        <ele>0</ele>
        <time>2017-03-28T22:29:18Z</time>
      </trkpt>
      <trkpt lat="45.457211025059223" lon="6.859348984435201">
        <ele>0</ele>
        <time>2017-03-28T22:29:38Z</time>
      </trkpt>
      <trkpt lat="45.457027964293957" lon="6.859566997736692">
        <ele>0</ele>
        <time>2017-03-28T22:29:58Z</time>
      </trkpt>
      <trkpt lat="45.456837024539709" lon="6.859634974971414">
        <ele>0</ele>
        <time>2017-03-28T22:30:18Z</time>
      </trkpt>
      <trkpt lat="45.456836018711329" lon="6.859920965507627">
        <ele>0</ele>
        <time>2017-03-28T22:30:38Z</time>
      </trkpt>
      <trkpt lat="45.456610964611173" lon="6.860275017097592">
        <ele>0</ele>
        <time>2017-03-28T22:30:58Z</time>
      </trkpt>
      <trkpt lat="45.45645397156477" lon="6.860357997938991">
        <ele>0</ele>
        <time>2017-03-28T22:31:18Z</time>
      </trkpt>
      <trkpt lat="45.456250961869955" lon="6.860527982935309">
        <ele>0</ele>
        <time>2017-03-28T22:31:38Z</time>
      </trkpt>
      <trkpt lat="45.45613101683557" lon="6.860733004286885">
        <ele>0</ele>
        <time>2017-03-28T22:31:58Z</time>
      </trkpt>
      <trkpt lat="45.45615398325026" lon="6.861082026734948">
        <ele>0</ele>
        <time>2017-03-28T22:32:18Z</time>
      </trkpt>
      <trkpt lat="45.45630301348865" lon="6.861219992861152">
        <ele>0</ele>
        <time>2017-03-28T22:32:38Z</time>
      </trkpt>
      <trkpt lat="45.456334026530385" lon="6.861883001402021">
        <ele>0</ele>
        <time>2017-03-28T22:32:58Z</time>
      </trkpt>
      <trkpt lat="45.456422036513686" lon="6.862560007721186">
        <ele>0</ele>
        <time>2017-03-28T22:33:18Z</time>
      </trkpt>
      <trkpt lat="45.456391023471951" lon="6.863101981580257">
        <ele>0</ele>
        <time>2017-03-28T22:33:38Z</time>
      </trkpt>
      <trkpt lat="45.456215003505349" lon="6.86362199485302">
        <ele>0</ele>
        <time>2017-03-28T22:33:58Z</time>
      </trkpt>
      <trkpt lat="45.456245010718703" lon="6.864338982850313">
        <ele>0</ele>
        <time>2017-03-28T22:34:18Z</time>
      </trkpt>
      <trkpt lat="45.456095980480313" lon="6.864642994478345">
        <ele>0</ele>
        <time>2017-03-28T22:34:38Z</time>
      </trkpt>
      <trkpt lat="45.455950973555446" lon="6.865096958354116">
        <ele>0</ele>
        <time>2017-03-28T22:34:58Z</time>
      </trkpt>
      <trkpt lat="45.455882996320724" lon="6.865822998806834">
        <ele>0</ele>
        <time>2017-03-28T22:35:18Z</time>
      </trkpt>
      <trkpt lat="45.455947034060955" lon="6.866322979331017">
        <ele>0</ele>
        <time>2017-03-28T22:35:38Z</time>
      </trkpt>
      <trkpt lat="45.455714017152786" lon="6.867115991190076">
        <ele>0</ele>
        <time>2017-03-28T22:35:58Z</time>
      </trkpt>
      <trkpt lat="45.455827005207539" lon="6.868045963346958">
        <ele>0</ele>
        <time>2017-03-28T22:36:18Z</time>
      </trkpt>
      <trkpt lat="45.455807978287339" lon="6.868504034355283">
        <ele>0</ele>
        <time>2017-03-28T22:36:38Z</time>
      </trkpt>
      <trkpt lat="45.455882996320724" lon="6.869129994884133">
        <ele>0</ele>
        <time>2017-03-28T22:36:58Z</time>
      </trkpt>
      <trkpt lat="45.455790041014552" lon="6.869357982650399">
        <ele>0</ele>
        <time>2017-03-28T22:37:18Z</time>
      </trkpt>
      <trkpt lat="45.455790963023901" lon="6.869601979851723">
        <ele>0</ele>
        <time>2017-03-28T22:37:38Z</time>
      </trkpt>
      <trkpt lat="45.455986009910703" lon="6.869915965944529">
        <ele>0</ele>
        <time>2017-03-28T22:37:58Z</time>
      </trkpt>
      <trkpt lat="45.455994978547096" lon="6.870728004723787">
        <ele>0</ele>
        <time>2017-03-28T22:38:18Z</time>
      </trkpt>
      <trkpt lat="45.455939993262291" lon="6.871367041021586">
        <ele>0</ele>
        <time>2017-03-28T22:38:38Z</time>
      </trkpt>
      <trkpt lat="45.455761039629579" lon="6.871723020449281">
        <ele>2558</ele>
        <time>2017-03-28T22:38:58Z</time>
      </trkpt>
      <trkpt lat="45.455362983047962" lon="6.872229035943747">
        <ele>2557</ele>
        <time>2017-03-28T22:39:18Z</time>
      </trkpt>
      <trkpt lat="45.455115968361497" lon="6.872920962050557">
        <ele>2552</ele>
        <time>2017-03-28T22:39:38Z</time>
      </trkpt>
      <trkpt lat="45.4551019705832" lon="6.873334022238851">
        <ele>2548</ele>
        <time>2017-03-28T22:39:58Z</time>
      </trkpt>
      <trkpt lat="45.454983031377196" lon="6.873697964474559">
        <ele>2543</ele>
        <time>2017-03-28T22:40:18Z</time>
      </trkpt>
      <trkpt lat="45.454908013343811" lon="6.874052016064525">
        <ele>2542</ele>
        <time>2017-03-28T22:40:38Z</time>
      </trkpt>
      <trkpt lat="45.454794019460678" lon="6.874142959713936">
        <ele>2541</ele>
        <time>2017-03-28T22:40:58Z</time>
      </trkpt>
      <trkpt lat="45.454657981172204" lon="6.874658027663827">
        <ele>2537</ele>
        <time>2017-03-28T22:41:18Z</time>
      </trkpt>
      <trkpt lat="45.454688994213939" lon="6.876296019181609">
        <ele>2526</ele>
        <time>2017-03-28T22:41:38Z</time>
      </trkpt>
      <trkpt lat="45.454766023904085" lon="6.876453012228012">
        <ele>2527</ele>
        <time>2017-03-28T22:41:58Z</time>
      </trkpt>
      <trkpt lat="45.454825032502413" lon="6.876776972785592">
        <ele>2524</ele>
        <time>2017-03-28T22:42:18Z</time>
      </trkpt>
      <trkpt lat="45.454922011122108" lon="6.876998003572226">
        <ele>2522</ele>
        <time>2017-03-28T22:42:38Z</time>
      </trkpt>
      <trkpt lat="45.454935003072023" lon="6.877145022153854">
        <ele>2521</ele>
        <time>2017-03-28T22:42:58Z</time>
      </trkpt>
      <trkpt lat="45.455305986106396" lon="6.878268029540777">
        <ele>2523</ele>
        <time>2017-03-28T22:43:18Z</time>
      </trkpt>
      <trkpt lat="45.45540195889771" lon="6.878858031705022">
        <ele>2513</ele>
        <time>2017-03-28T22:43:38Z</time>
      </trkpt>
      <trkpt lat="45.455489968881011" lon="6.879056012257934">
        <ele>2513</ele>
        <time>2017-03-28T22:43:58Z</time>
      </trkpt>
      <trkpt lat="45.455338004976511" lon="6.879904009401798">
        <ele>2499</ele>
        <time>2017-03-28T22:44:18Z</time>
      </trkpt>
      <trkpt lat="45.45512200333178" lon="6.880550002679229">
        <ele>2490</ele>
        <time>2017-03-28T22:44:38Z</time>
      </trkpt>
      <trkpt lat="45.455028964206576" lon="6.88126003369689">
        <ele>2484</ele>
        <time>2017-03-28T22:44:58Z</time>
      </trkpt>
      <trkpt lat="45.455376980826259" lon="6.88259300775826">
        <ele>2471</ele>
        <time>2017-03-28T22:45:18Z</time>
      </trkpt>
      <trkpt lat="45.455344039946795" lon="6.882970025762916">
        <ele>2469</ele>
        <time>2017-03-28T22:45:38Z</time>
      </trkpt>
      <trkpt lat="45.455478988587856" lon="6.88356002792716">
        <ele>2463</ele>
        <time>2017-03-28T22:45:58Z</time>
      </trkpt>
      <trkpt lat="45.4555509891361" lon="6.884194035083056">
        <ele>2454</ele>
        <time>2017-03-28T22:46:18Z</time>
      </trkpt>
      <trkpt lat="45.455489968881011" lon="6.884600976482034">
        <ele>2450</ele>
        <time>2017-03-28T22:46:38Z</time>
      </trkpt>
      <trkpt lat="45.455576973035932" lon="6.885624993592501">
        <ele>2439</ele>
        <time>2017-03-28T22:46:58Z</time>
      </trkpt>
      <trkpt lat="45.455505978316069" lon="6.885951971635222">
        <ele>2431</ele>
        <time>2017-03-28T22:47:18Z</time>
      </trkpt>
      <trkpt lat="45.45563799329102" lon="6.886932989582419">
        <ele>2417</ele>
        <time>2017-03-28T22:47:38Z</time>
      </trkpt>
      <trkpt lat="45.45578601770103" lon="6.887469012290239">
        <ele>2411</ele>
        <time>2017-03-28T22:47:58Z</time>
      </trkpt>
      <trkpt lat="45.455965977162123" lon="6.887603960931301">
        <ele>2408</ele>
        <time>2017-03-28T22:48:18Z</time>
      </trkpt>
      <trkpt lat="45.455954996868968" lon="6.887760031968355">
        <ele>2405</ele>
        <time>2017-03-28T22:48:38Z</time>
      </trkpt>
      <trkpt lat="45.457112034782767" lon="6.889553004875779">
        <ele>2367</ele>
        <time>2017-03-28T22:48:58Z</time>
      </trkpt>
      <trkpt lat="45.4573779925704" lon="6.889801025390625">
        <ele>2363</ele>
        <time>2017-03-28T22:49:18Z</time>
      </trkpt>
      <trkpt lat="45.45787001028657" lon="6.890590013936162">
        <ele>2345</ele>
        <time>2017-03-28T22:49:38Z</time>
      </trkpt>
      <trkpt lat="45.457840003073215" lon="6.890836022794247">
        <ele>2327</ele>
        <time>2017-03-28T22:49:58Z</time>
      </trkpt>
      <trkpt lat="45.458384994417429" lon="6.891691982746124">
        <ele>2311</ele>
        <time>2017-03-28T22:50:18Z</time>
      </trkpt>
      <trkpt lat="45.459038028493524" lon="6.89198199659586">
        <ele>2303</ele>
        <time>2017-03-28T22:50:38Z</time>
      </trkpt>
      <trkpt lat="45.459523005411029" lon="6.892381981015205">
        <ele>2298</ele>
        <time>2017-03-28T22:50:58Z</time>
      </trkpt>
      <trkpt lat="45.460003959015012" lon="6.892616003751755">
        <ele>2284</ele>
        <time>2017-03-28T22:51:18Z</time>
      </trkpt>
      <trkpt lat="45.460846005007625" lon="6.89279898069799">
        <ele>2278</ele>
        <time>2017-03-28T22:51:38Z</time>
      </trkpt>
      <trkpt lat="45.46126501634717" lon="6.893259985372424">
        <ele>2269</ele>
        <time>2017-03-28T22:51:58Z</time>
      </trkpt>
      <trkpt lat="45.461601968854666" lon="6.893371967598796">
        <ele>2254</ele>
        <time>2017-03-28T22:52:18Z</time>
      </trkpt>
      <trkpt lat="45.461941016837955" lon="6.893282029777765">
        <ele>2265</ele>
        <time>2017-03-28T22:52:38Z</time>
      </trkpt>
      <trkpt lat="45.462264977395535" lon="6.893266020342708">
        <ele>2263</ele>
        <time>2017-03-28T22:52:58Z</time>
      </trkpt>
      <trkpt lat="45.462626991793513" lon="6.893484033644199">
        <ele>2243</ele>
        <time>2017-03-28T22:53:18Z</time>
      </trkpt>
      <trkpt lat="45.46275096014142" lon="6.893496019765735">
        <ele>2240</ele>
        <time>2017-03-28T22:53:38Z</time>
      </trkpt>
      <trkpt lat="45.462867971509695" lon="6.893571959808469">
        <ele>2238</ele>
        <time>2017-03-28T22:53:58Z</time>
      </trkpt>
      <trkpt lat="45.463175000622869" lon="6.89339904114604">
        <ele>2240</ele>
        <time>2017-03-28T22:54:18Z</time>
      </trkpt>
      <trkpt lat="45.463271979242563" lon="6.893424019217491">
        <ele>2241</ele>
        <time>2017-03-28T22:54:38Z</time>
      </trkpt>
      <trkpt lat="45.463284971192479" lon="6.893664998933673">
        <ele>2236</ele>
        <time>2017-03-28T22:54:58Z</time>
      </trkpt>
      <trkpt lat="45.463225962594151" lon="6.894141007214785">
        <ele>2226</ele>
        <time>2017-03-28T22:55:18Z</time>
      </trkpt>
      <trkpt lat="45.462981965392828" lon="6.894405959174037">
        <ele>2212</ele>
        <time>2017-03-28T22:55:38Z</time>
      </trkpt>
      <trkpt lat="45.462867971509695" lon="6.894662026315928">
        <ele>2208</ele>
        <time>2017-03-28T22:55:58Z</time>
      </trkpt>
      <trkpt lat="45.462761018425226" lon="6.894681975245476">
        <ele>2207</ele>
        <time>2017-03-28T22:56:18Z</time>
      </trkpt>
      <trkpt lat="45.462273024022579" lon="6.895148009061813">
        <ele>2188</ele>
        <time>2017-03-28T22:56:38Z</time>
      </trkpt>
      <trkpt lat="45.462333038449287" lon="6.895338026806712">
        <ele>2185</ele>
        <time>2017-03-28T22:56:58Z</time>
      </trkpt>
      <trkpt lat="45.462501011788845" lon="6.895332997664809">
        <ele>2187</ele>
        <time>2017-03-28T22:57:18Z</time>
      </trkpt>
      <trkpt lat="45.462578041478992" lon="6.895425030961633">
        <ele>2185</ele>
        <time>2017-03-28T22:57:38Z</time>
      </trkpt>
      <trkpt lat="45.462594972923398" lon="6.895898021757603">
        <ele>2170</ele>
        <time>2017-03-28T22:57:58Z</time>
      </trkpt>
      <trkpt lat="45.462744003161788" lon="6.896102959290147">
        <ele>2166</ele>
        <time>2017-03-28T22:58:18Z</time>
      </trkpt>
      <trkpt lat="45.462900996208191" lon="6.896148975938559">
        <ele>2166</ele>
        <time>2017-03-28T22:58:38Z</time>
      </trkpt>
      <trkpt lat="45.463179023936391" lon="6.89636698924005">
        <ele>2165</ele>
        <time>2017-03-28T22:58:58Z</time>
      </trkpt>
      <trkpt lat="45.463676992803812" lon="6.896678963676095">
        <ele>2153</ele>
        <time>2017-03-28T22:59:18Z</time>
      </trkpt>
      <trkpt lat="45.464010005816817" lon="6.897012982517481">
        <ele>2149</ele>
        <time>2017-03-28T22:59:38Z</time>
      </trkpt>
      <trkpt lat="45.464674020186067" lon="6.897390000522137">
        <ele>2147</ele>
        <time>2017-03-28T22:59:58Z</time>
      </trkpt>
      <trkpt lat="45.464830007404089" lon="6.897560991346836">
        <ele>2130</ele>
        <time>2017-03-28T23:00:18Z</time>
      </trkpt>
      <trkpt lat="45.465121027082205" lon="6.897722007706761">
        <ele>2131</ele>
        <time>2017-03-28T23:00:38Z</time>
      </trkpt>
      <trkpt lat="45.465037962421775" lon="6.897839019075036">
        <ele>2128</ele>
        <time>2017-03-28T23:00:58Z</time>
      </trkpt>
      <trkpt lat="45.465354965999722" lon="6.898028030991554">
        <ele>2125</ele>
        <time>2017-03-28T23:01:18Z</time>
      </trkpt>
      <trkpt lat="45.465650008991361" lon="6.898239003494382">
        <ele>2122</ele>
        <time>2017-03-28T23:01:38Z</time>
      </trkpt>
      <trkpt lat="45.46584396623075" lon="6.898269010707736">
        <ele>2122</ele>
        <time>2017-03-28T23:01:58Z</time>
      </trkpt>
      <trkpt lat="45.466029038652778" lon="6.898515019565821">
        <ele>2115</ele>
        <time>2017-03-28T23:02:18Z</time>
      </trkpt>
      <trkpt lat="45.466049993410707" lon="6.898674024268985">
        <ele>2114</ele>
        <time>2017-03-28T23:02:38Z</time>
      </trkpt>
      <trkpt lat="45.46597003005445" lon="6.898743007332087">
        <ele>2112</ele>
        <time>2017-03-28T23:02:58Z</time>
      </trkpt>
      <trkpt lat="45.466133980080485" lon="6.898950962349773">
        <ele>2111</ele>
        <time>2017-03-28T23:03:18Z</time>
      </trkpt>
      <trkpt lat="45.466063991189003" lon="6.899094041436911">
        <ele>2107</ele>
        <time>2017-03-28T23:03:38Z</time>
      </trkpt>
      <trkpt lat="45.466181002557278" lon="6.899369973689318">
        <ele>2100</ele>
        <time>2017-03-28T23:03:58Z</time>
      </trkpt>
      <trkpt lat="45.466186031699181" lon="6.899753026664257">
        <ele>2097</ele>
        <time>2017-03-28T23:04:18Z</time>
      </trkpt>
      <trkpt lat="45.466270018368959" lon="6.900017978623509">
        <ele>2092</ele>
        <time>2017-03-28T23:04:38Z</time>
      </trkpt>
      <trkpt lat="45.466041024774313" lon="6.900633964687586">
        <ele>2089</ele>
        <time>2017-03-28T23:04:58Z</time>
      </trkpt>
      <trkpt lat="45.466479985043406" lon="6.90141499042511">
        <ele>2087</ele>
        <time>2017-03-28T23:05:18Z</time>
      </trkpt>
      <trkpt lat="45.466733034700155" lon="6.901506017893553">
        <ele>2091</ele>
        <time>2017-03-28T23:05:38Z</time>
      </trkpt>
      <trkpt lat="45.466951970010996" lon="6.902556018903852">
        <ele>2091</ele>
        <time>2017-03-28T23:05:58Z</time>
      </trkpt>
      <trkpt lat="45.467145005241036" lon="6.903200000524521">
        <ele>2092</ele>
        <time>2017-03-28T23:06:18Z</time>
      </trkpt>
      <trkpt lat="45.467102006077766" lon="6.903659999370575">
        <ele>2090</ele>
        <time>2017-03-28T23:06:38Z</time>
      </trkpt>
      <trkpt lat="45.467190016061068" lon="6.904090996831656">
        <ele>2090</ele>
        <time>2017-03-28T23:06:58Z</time>
      </trkpt>
      <trkpt lat="45.467349020764232" lon="6.904257964342833">
        <ele>2089</ele>
        <time>2017-03-28T23:07:18Z</time>
      </trkpt>
      <trkpt lat="45.467598969116807" lon="6.90470103174448">
        <ele>2094</ele>
        <time>2017-03-28T23:07:38Z</time>
      </trkpt>
      <trkpt lat="45.467655966058373" lon="6.905080983415246">
        <ele>2091</ele>
        <time>2017-03-28T23:07:58Z</time>
      </trkpt>
      <trkpt lat="45.467429989948869" lon="6.906129978597164">
        <ele>2086</ele>
        <time>2017-03-28T23:08:18Z</time>
      </trkpt>
      <trkpt lat="45.467496961355209" lon="6.906663989648223">
        <ele>2086</ele>
        <time>2017-03-28T23:08:38Z</time>
      </trkpt>
      <trkpt lat="45.467585977166891" lon="6.906930031254888">
        <ele>2087</ele>
        <time>2017-03-28T23:08:58Z</time>
      </trkpt>
      <trkpt lat="45.467802984640002" lon="6.907248040661216">
        <ele>2087</ele>
        <time>2017-03-28T23:09:18Z</time>
      </trkpt>
      <trkpt lat="45.468216966837645" lon="6.907500000670552">
        <ele>2088</ele>
        <time>2017-03-28T23:09:38Z</time>
      </trkpt>
      <trkpt lat="45.468175979331136" lon="6.907665962353349">
        <ele>2088</ele>
        <time>2017-03-28T23:09:58Z</time>
      </trkpt>
      <trkpt lat="45.468196012079716" lon="6.908078016713262">
        <ele>2089</ele>
        <time>2017-03-28T23:10:18Z</time>
      </trkpt>
      <trkpt lat="45.468105990439653" lon="6.908401977270842">
        <ele>2091</ele>
        <time>2017-03-28T23:10:38Z</time>
      </trkpt>
      <trkpt lat="45.46794799156487" lon="6.908747982233763">
        <ele>2091</ele>
        <time>2017-03-28T23:10:58Z</time>
      </trkpt>
      <trkpt lat="45.467873979359865" lon="6.909074960276485">
        <ele>2092</ele>
        <time>2017-03-28T23:11:18Z</time>
      </trkpt>
      <trkpt lat="45.467724027112126" lon="6.909374026581645">
        <ele>2096</ele>
        <time>2017-03-28T23:11:38Z</time>
      </trkpt>
      <trkpt lat="45.467574996873736" lon="6.90983503125608">
        <ele>2098</ele>
        <time>2017-03-28T23:11:58Z</time>
      </trkpt>
      <trkpt lat="45.467507019639015" lon="6.909799994900823">
        <ele>2098</ele>
        <time>2017-03-28T23:12:18Z</time>
      </trkpt>
      <trkpt lat="45.467509031295776" lon="6.910211965441704">
        <ele>2101</ele>
        <time>2017-03-28T23:12:38Z</time>
      </trkpt>
      <trkpt lat="45.467480029910803" lon="6.910580014809966">
        <ele>2105</ele>
        <time>2017-03-28T23:12:58Z</time>
      </trkpt>
      <trkpt lat="45.467878002673388" lon="6.911124000325799">
        <ele>2104</ele>
        <time>2017-03-28T23:13:18Z</time>
      </trkpt>
      <trkpt lat="45.468376977369189" lon="6.911964034661651">
        <ele>2100</ele>
        <time>2017-03-28T23:13:38Z</time>
      </trkpt>
      <trkpt lat="45.468514021486044" lon="6.912497961893678">
        <ele>2103</ele>
        <time>2017-03-28T23:13:58Z</time>
      </trkpt>
      <trkpt lat="45.468670008704066" lon="6.913451990112662">
        <ele>2114</ele>
        <time>2017-03-28T23:14:18Z</time>
      </trkpt>
      <trkpt lat="45.469156997278333" lon="6.91445698030293">
        <ele>2117</ele>
        <time>2017-03-28T23:14:38Z</time>
      </trkpt>
      <trkpt lat="45.468776039779186" lon="6.914569968357682">
        <ele>2121</ele>
        <time>2017-03-28T23:14:58Z</time>
      </trkpt>
      <trkpt lat="45.468848962336779" lon="6.914942963048816">
        <ele>2121</ele>
        <time>2017-03-28T23:15:18Z</time>
      </trkpt>
      <trkpt lat="45.469020958989859" lon="6.915260972455144">
        <ele>2129</ele>
        <time>2017-03-28T23:15:38Z</time>
      </trkpt>
      <trkpt lat="45.46923897229135" lon="6.915515027940273">
        <ele>2116</ele>
        <time>2017-03-28T23:15:58Z</time>
      </trkpt>
      <trkpt lat="45.469279959797859" lon="6.915649976581335">
        <ele>2119</ele>
        <time>2017-03-28T23:16:18Z</time>
      </trkpt>
      <trkpt lat="45.469399988651276" lon="6.915689958259463">
        <ele>2117</ele>
        <time>2017-03-28T23:16:38Z</time>
      </trkpt>
      <trkpt lat="45.469738030806184" lon="6.916340980678797">
        <ele>2125</ele>
        <time>2017-03-28T23:16:58Z</time>
      </trkpt>
      <trkpt lat="45.469940034672618" lon="6.916764015331864">
        <ele>2129</ele>
        <time>2017-03-28T23:17:18Z</time>
      </trkpt>
      <trkpt lat="45.469986973330379" lon="6.917072972282767">
        <ele>2140</ele>
        <time>2017-03-28T23:17:38Z</time>
      </trkpt>
      <trkpt lat="45.469947997480631" lon="6.917382013052702">
        <ele>2141</ele>
        <time>2017-03-28T23:17:58Z</time>
      </trkpt>
      <trkpt lat="45.469677010551095" lon="6.916969958692789">
        <ele>2144</ele>
        <time>2017-03-28T23:18:18Z</time>
      </trkpt>
      <trkpt lat="45.469117015600204" lon="6.916573997586966">
        <ele>2154</ele>
        <time>2017-03-28T23:18:38Z</time>
      </trkpt>
      <trkpt lat="45.468670008704066" lon="6.916198991239071">
        <ele>2160</ele>
        <time>2017-03-28T23:18:58Z</time>
      </trkpt>
      <trkpt lat="45.468811998143792" lon="6.916523035615683">
        <ele>2161</ele>
        <time>2017-03-28T23:19:18Z</time>
      </trkpt>
      <trkpt lat="45.469035962596536" lon="6.916899969801307">
        <ele>2177</ele>
        <time>2017-03-28T23:19:38Z</time>
      </trkpt>
      <trkpt lat="45.469020958989859" lon="6.91729299724102">
        <ele>2187</ele>
        <time>2017-03-28T23:19:58Z</time>
      </trkpt>
      <trkpt lat="45.469112992286682" lon="6.91750799305737">
        <ele>2191</ele>
        <time>2017-03-28T23:20:18Z</time>
      </trkpt>
      <trkpt lat="45.469100000336766" lon="6.91767998971045">
        <ele>2202</ele>
        <time>2017-03-28T23:20:38Z</time>
      </trkpt>
      <trkpt lat="45.469160014763474" lon="6.918036974966526">
        <ele>2210</ele>
        <time>2017-03-28T23:20:58Z</time>
      </trkpt>
      <trkpt lat="45.469241989776492" lon="6.91888002678752">
        <ele>2190</ele>
        <time>2017-03-28T23:21:18Z</time>
      </trkpt>
      <trkpt lat="45.46921600587666" lon="6.919561978429556">
        <ele>2200</ele>
        <time>2017-03-28T23:21:38Z</time>
      </trkpt>
      <trkpt lat="45.469241989776492" lon="6.919793989509344">
        <ele>2206</ele>
        <time>2017-03-28T23:21:58Z</time>
      </trkpt>
      <trkpt lat="45.468975026160479" lon="6.920395977795124">
        <ele>2246</ele>
        <time>2017-03-28T23:22:18Z</time>
      </trkpt>
      <trkpt lat="45.468977959826589" lon="6.920791016891599">
        <ele>2242</ele>
        <time>2017-03-28T23:22:38Z</time>
      </trkpt>
      <trkpt lat="45.468901013955474" lon="6.921100979670882">
        <ele>2247</ele>
        <time>2017-03-28T23:22:58Z</time>
      </trkpt>
      <trkpt lat="45.468875030055642" lon="6.921409014612436">
        <ele>2248</ele>
        <time>2017-03-28T23:23:18Z</time>
      </trkpt>
      <trkpt lat="45.468712002038956" lon="6.921819979324937">
        <ele>2253</ele>
        <time>2017-03-28T23:23:38Z</time>
      </trkpt>
      <trkpt lat="45.46874301508069" lon="6.923005012795329">
        <ele>2259</ele>
        <time>2017-03-28T23:23:58Z</time>
      </trkpt>
      <trkpt lat="45.469035962596536" lon="6.923699034377933">
        <ele>2264</ele>
        <time>2017-03-28T23:24:18Z</time>
      </trkpt>
      <trkpt lat="45.469026993960142" lon="6.923979995772243">
        <ele>2266</ele>
        <time>2017-03-28T23:24:38Z</time>
      </trkpt>
      <trkpt lat="45.46906596980989" lon="6.924240002408624">
        <ele>2267</ele>
        <time>2017-03-28T23:24:58Z</time>
      </trkpt>
      <trkpt lat="45.468833036720753" lon="6.924737971276045">
        <ele>2268</ele>
        <time>2017-03-28T23:25:18Z</time>
      </trkpt>
      <trkpt lat="45.468830019235611" lon="6.924913991242647">
        <ele>2268</ele>
        <time>2017-03-28T23:25:38Z</time>
      </trkpt>
      <trkpt lat="45.468574035912752" lon="6.925181960687041">
        <ele>2267</ele>
        <time>2017-03-28T23:25:58Z</time>
      </trkpt>
      <trkpt lat="45.46848401427269" lon="6.925341971218586">
        <ele>2267</ele>
        <time>2017-03-28T23:26:18Z</time>
      </trkpt>
      <trkpt lat="45.468304976820946" lon="6.925425035879016">
        <ele>2274</ele>
        <time>2017-03-28T23:26:38Z</time>
      </trkpt>
      <trkpt lat="45.468235993757844" lon="6.925733992829919">
        <ele>2272</ele>
        <time>2017-03-28T23:26:58Z</time>
      </trkpt>
      <trkpt lat="45.468130968511105" lon="6.925776991993189">
        <ele>2273</ele>
        <time>2017-03-28T23:27:18Z</time>
      </trkpt>
      <trkpt lat="45.467896023765206" lon="6.926581989973784">
        <ele>2271</ele>
        <time>2017-03-28T23:27:38Z</time>
      </trkpt>
      <trkpt lat="45.467510959133506" lon="6.927354969084263">
        <ele>2273</ele>
        <time>2017-03-28T23:27:58Z</time>
      </trkpt>
      <trkpt lat="45.467338962480426" lon="6.928046979010105">
        <ele>2279</ele>
        <time>2017-03-28T23:28:18Z</time>
      </trkpt>
      <trkpt lat="45.467262016609311" lon="6.928230039775372">
        <ele>2278</ele>
        <time>2017-03-28T23:28:38Z</time>
      </trkpt>
      <trkpt lat="45.467277020215988" lon="6.928678974509239">
        <ele>2274</ele>
        <time>2017-03-28T23:28:58Z</time>
      </trkpt>
      <trkpt lat="45.466843005269766" lon="6.92900100722909">
        <ele>2274</ele>
        <time>2017-03-28T23:29:18Z</time>
      </trkpt>
      <trkpt lat="45.466833030804992" lon="6.929520014673472">
        <ele>2267</ele>
        <time>2017-03-28T23:29:38Z</time>
      </trkpt>
      <trkpt lat="45.466699004173279" lon="6.930060982704163">
        <ele>2263</ele>
        <time>2017-03-28T23:29:58Z</time>
      </trkpt>
      <trkpt lat="45.466660028323531" lon="6.930905962362886">
        <ele>2258</ele>
        <time>2017-03-28T23:30:18Z</time>
      </trkpt>
      <trkpt lat="45.466376971453428" lon="6.931289015337825">
        <ele>2253</ele>
        <time>2017-03-28T23:30:38Z</time>
      </trkpt>
      <trkpt lat="45.46635702252388" lon="6.931513985618949">
        <ele>2252</ele>
        <time>2017-03-28T23:30:58Z</time>
      </trkpt>
      <trkpt lat="45.466691041365266" lon="6.932312026619911">
        <ele>2243</ele>
        <time>2017-03-28T23:31:18Z</time>
      </trkpt>
      <trkpt lat="45.46652901917696" lon="6.932531967759132">
        <ele>2241</ele>
        <time>2017-03-28T23:31:38Z</time>
      </trkpt>
      <trkpt lat="45.466389041393995" lon="6.932965982705355">
        <ele>2239</ele>
        <time>2017-03-28T23:31:58Z</time>
      </trkpt>
      <trkpt lat="45.466173961758614" lon="6.933464035391808">
        <ele>2237</ele>
        <time>2017-03-28T23:32:18Z</time>
      </trkpt>
      <trkpt lat="45.465872967615724" lon="6.934095025062561">
        <ele>2234</ele>
        <time>2017-03-28T23:32:38Z</time>
      </trkpt>
      <trkpt lat="45.465653026476502" lon="6.934425020590425">
        <ele>2231</ele>
        <time>2017-03-28T23:32:58Z</time>
      </trkpt>
      <trkpt lat="45.465224040672183" lon="6.934679998084903">
        <ele>2230</ele>
        <time>2017-03-28T23:33:18Z</time>
      </trkpt>
      <trkpt lat="45.465082973241806" lon="6.934946961700916">
        <ele>2228</ele>
        <time>2017-03-28T23:33:38Z</time>
      </trkpt>
      <trkpt lat="45.465031005442142" lon="6.935160029679537">
        <ele>2229</ele>
        <time>2017-03-28T23:33:58Z</time>
      </trkpt>
      <trkpt lat="45.464959004893899" lon="6.935955975204706">
        <ele>2223</ele>
        <time>2017-03-28T23:34:18Z</time>
      </trkpt>
      <trkpt lat="45.464658010751009" lon="6.936575984582305">
        <ele>2221</ele>
        <time>2017-03-28T23:34:38Z</time>
      </trkpt>
      <trkpt lat="45.464575029909611" lon="6.936852000653744">
        <ele>2220</ele>
        <time>2017-03-28T23:34:58Z</time>
      </trkpt>
      <trkpt lat="45.464408984407783" lon="6.936941016465426">
        <ele>2219</ele>
        <time>2017-03-28T23:35:18Z</time>
      </trkpt>
      <trkpt lat="45.464184014126658" lon="6.937491958960891">
        <ele>2213</ele>
        <time>2017-03-28T23:35:38Z</time>
      </trkpt>
      <trkpt lat="45.464145038276911" lon="6.937820026651025">
        <ele>2213</ele>
        <time>2017-03-28T23:35:58Z</time>
      </trkpt>
      <trkpt lat="45.46401503495872" lon="6.938345991075039">
        <ele>2210</ele>
        <time>2017-03-28T23:36:18Z</time>
      </trkpt>
      <trkpt lat="45.463624019175768" lon="6.939279986545444">
        <ele>2204</ele>
        <time>2017-03-28T23:36:38Z</time>
      </trkpt>
      <trkpt lat="45.463493010029197" lon="6.939834030345082">
        <ele>2201</ele>
        <time>2017-03-28T23:36:58Z</time>
      </trkpt>
      <trkpt lat="45.463311038911343" lon="6.940086996182799">
        <ele>2193</ele>
        <time>2017-03-28T23:37:18Z</time>
      </trkpt>
      <trkpt lat="45.463082967326045" lon="6.940693007782102">
        <ele>2194</ele>
        <time>2017-03-28T23:37:38Z</time>
      </trkpt>
      <trkpt lat="45.46289898455143" lon="6.940918983891606">
        <ele>2194</ele>
        <time>2017-03-28T23:37:58Z</time>
      </trkpt>
      <trkpt lat="45.462749032303691" lon="6.941317040473223">
        <ele>2193</ele>
        <time>2017-03-28T23:38:18Z</time>
      </trkpt>
      <trkpt lat="45.462500005960464" lon="6.941938977688551">
        <ele>2186</ele>
        <time>2017-03-28T23:38:38Z</time>
      </trkpt>
      <trkpt lat="45.462378971278667" lon="6.942581031471491">
        <ele>2184</ele>
        <time>2017-03-28T23:38:58Z</time>
      </trkpt>
      <trkpt lat="45.462303031235933" lon="6.943083023652434">
        <ele>2181</ele>
        <time>2017-03-28T23:39:18Z</time>
      </trkpt>
      <trkpt lat="45.462197000160813" lon="6.94352500140667">
        <ele>2175</ele>
        <time>2017-03-28T23:39:38Z</time>
      </trkpt>
      <trkpt lat="45.462280986830592" lon="6.944011989980936">
        <ele>2172</ele>
        <time>2017-03-28T23:39:58Z</time>
      </trkpt>
      <trkpt lat="45.462251985445619" lon="6.944343997165561">
        <ele>2166</ele>
        <time>2017-03-28T23:40:18Z</time>
      </trkpt>
      <trkpt lat="45.462321974337101" lon="6.944797961041331">
        <ele>2163</ele>
        <time>2017-03-28T23:40:38Z</time>
      </trkpt>
      <trkpt lat="45.462328009307384" lon="6.945041958242655">
        <ele>2157</ele>
        <time>2017-03-28T23:40:58Z</time>
      </trkpt>
      <trkpt lat="45.462444014847279" lon="6.945689963176847">
        <ele>2152</ele>
        <time>2017-03-28T23:41:18Z</time>
      </trkpt>
      <trkpt lat="45.462307976558805" lon="6.946302009746432">
        <ele>2143</ele>
        <time>2017-03-28T23:41:38Z</time>
      </trkpt>
      <trkpt lat="45.462198005989194" lon="6.946844989433885">
        <ele>2135</ele>
        <time>2017-03-28T23:41:58Z</time>
      </trkpt>
      <trkpt lat="45.462159030139446" lon="6.947275986894965">
        <ele>2132</ele>
        <time>2017-03-28T23:42:18Z</time>
      </trkpt>
      <trkpt lat="45.461565004661679" lon="6.94846797734499">
        <ele>2109</ele>
        <time>2017-03-28T23:42:38Z</time>
      </trkpt>
      <trkpt lat="45.461224028840661" lon="6.948968041688204">
        <ele>2101</ele>
        <time>2017-03-28T23:42:58Z</time>
      </trkpt>
      <trkpt lat="45.461380016058683" lon="6.949174990877509">
        <ele>2095</ele>
        <time>2017-03-28T23:43:18Z</time>
      </trkpt>
      <trkpt lat="45.461205001920462" lon="6.949458969756961">
        <ele>2091</ele>
        <time>2017-03-28T23:43:38Z</time>
      </trkpt>
      <trkpt lat="45.461685033515096" lon="6.950113009661436">
        <ele>2084</ele>
        <time>2017-03-28T23:43:58Z</time>
      </trkpt>
      <trkpt lat="45.46214897185564" lon="6.950288023799658">
        <ele>2083</ele>
        <time>2017-03-28T23:44:18Z</time>
      </trkpt>
      <trkpt lat="45.46240596100688" lon="6.950621958822012">
        <ele>2080</ele>
        <time>2017-03-28T23:44:38Z</time>
      </trkpt>
      <trkpt lat="45.462309988215566" lon="6.950934017077088">
        <ele>2068</ele>
        <time>2017-03-28T23:44:58Z</time>
      </trkpt>
      <trkpt lat="45.462290039286017" lon="6.951341964304447">
        <ele>2063</ele>
        <time>2017-03-28T23:45:18Z</time>
      </trkpt>
      <trkpt lat="45.46223103068769" lon="6.951698027551174">
        <ele>2052</ele>
        <time>2017-03-28T23:45:38Z</time>
      </trkpt>
      <trkpt lat="45.462280986830592" lon="6.95196901448071">
        <ele>2050</ele>
        <time>2017-03-28T23:45:58Z</time>
      </trkpt>
      <trkpt lat="45.462216027081013" lon="6.952220974490047">
        <ele>2047</ele>
        <time>2017-03-28T23:46:18Z</time>
      </trkpt>
      <trkpt lat="45.462084012106061" lon="6.951886033639312">
        <ele>2048</ele>
        <time>2017-03-28T23:46:38Z</time>
      </trkpt>
      <trkpt lat="45.46199700795114" lon="6.951507003977895">
        <ele>2057</ele>
        <time>2017-03-28T23:46:58Z</time>
      </trkpt>
      <trkpt lat="45.461649997159839" lon="6.951546985656023">
        <ele>2044</ele>
        <time>2017-03-28T23:47:18Z</time>
      </trkpt>
      <trkpt lat="45.461517982184887" lon="6.951657962054014">
        <ele>2044</ele>
        <time>2017-03-28T23:47:38Z</time>
      </trkpt>
      <trkpt lat="45.461077010259032" lon="6.951748989522457">
        <ele>2034</ele>
        <time>2017-03-28T23:47:58Z</time>
      </trkpt>
      <trkpt lat="45.460947006940842" lon="6.951665002852678">
        <ele>2041</ele>
        <time>2017-03-28T23:48:18Z</time>
      </trkpt>
      <trkpt lat="45.460924040526152" lon="6.951890978962183">
        <ele>2034</ele>
        <time>2017-03-28T23:48:38Z</time>
      </trkpt>
      <trkpt lat="45.461055971682072" lon="6.952031040564179">
        <ele>2032</ele>
        <time>2017-03-28T23:48:58Z</time>
      </trkpt>
      <trkpt lat="45.461024958640337" lon="6.952439993619919">
        <ele>2029</ele>
        <time>2017-03-28T23:49:18Z</time>
      </trkpt>
      <trkpt lat="45.4603620339185" lon="6.954107992351055">
        <ele>2006</ele>
        <time>2017-03-28T23:49:38Z</time>
      </trkpt>
      <trkpt lat="45.460280980914831" lon="6.954716015607119">
        <ele>1994</ele>
        <time>2017-03-28T23:49:58Z</time>
      </trkpt>
      <trkpt lat="45.459948973730206" lon="6.955410037189722">
        <ele>1990</ele>
        <time>2017-03-28T23:50:18Z</time>
      </trkpt>
      <trkpt lat="45.459475982934237" lon="6.955390004441142">
        <ele>1993</ele>
        <time>2017-03-28T23:50:38Z</time>
      </trkpt>
      <trkpt lat="45.459308009594679" lon="6.955829970538616">
        <ele>1991</ele>
        <time>2017-03-28T23:50:58Z</time>
      </trkpt>
      <trkpt lat="45.459101982414722" lon="6.956035997718573">
        <ele>1994</ele>
        <time>2017-03-28T23:51:18Z</time>
      </trkpt>
      <trkpt lat="45.45888002961874" lon="6.956791961565614">
        <ele>1982</ele>
        <time>2017-03-28T23:51:38Z</time>
      </trkpt>
      <trkpt lat="45.458374014124274" lon="6.957855960354209">
        <ele>1968</ele>
        <time>2017-03-28T23:51:58Z</time>
      </trkpt>
      <trkpt lat="45.458099003881216" lon="6.958018988370895">
        <ele>1980</ele>
        <time>2017-03-28T23:52:18Z</time>
      </trkpt>
      <trkpt lat="45.457880990579724" lon="6.958563979715109">
        <ele>1963</ele>
        <time>2017-03-28T23:52:38Z</time>
      </trkpt>
      <trkpt lat="45.457618972286582" lon="6.959087010473013">
        <ele>1957</ele>
        <time>2017-03-28T23:52:58Z</time>
      </trkpt>
      <trkpt lat="45.458234958350658" lon="6.958867991343141">
        <ele>1954</ele>
        <time>2017-03-28T23:53:18Z</time>
      </trkpt>
      <trkpt lat="45.45810897834599" lon="6.959412982687354">
        <ele>1933</ele>
        <time>2017-03-28T23:53:38Z</time>
      </trkpt>
      <trkpt lat="45.45789398252964" lon="6.959711965173483">
        <ele>1930</ele>
        <time>2017-03-28T23:53:58Z</time>
      </trkpt>
      <trkpt lat="45.457433983683586" lon="6.959938025102019">
        <ele>1929</ele>
        <time>2017-03-28T23:54:18Z</time>
      </trkpt>
      <trkpt lat="45.457155033946037" lon="6.959909023717046">
        <ele>1935</ele>
        <time>2017-03-28T23:54:38Z</time>
      </trkpt>
      <trkpt lat="45.456749014556408" lon="6.960018994286656">
        <ele>1924</ele>
        <time>2017-03-28T23:54:58Z</time>
      </trkpt>
      <trkpt lat="45.456597972661257" lon="6.960303978994489">
        <ele>1925</ele>
        <time>2017-03-28T23:55:18Z</time>
      </trkpt>
      <trkpt lat="45.456653041765094" lon="6.960598016157746">
        <ele>1917</ele>
        <time>2017-03-28T23:55:38Z</time>
      </trkpt>
      <trkpt lat="45.455607986077666" lon="6.962319994345307">
        <ele>1883</ele>
        <time>2017-03-28T23:55:58Z</time>
      </trkpt>
      <trkpt lat="45.45520800165832" lon="6.963363038375974">
        <ele>1856</ele>
        <time>2017-03-28T23:56:18Z</time>
      </trkpt>
      <trkpt lat="45.454577011987567" lon="6.964461989700794">
        <ele>1849</ele>
        <time>2017-03-28T23:56:38Z</time>
      </trkpt>
      <trkpt lat="45.454299990087748" lon="6.964819980785251">
        <ele>1847</ele>
        <time>2017-03-28T23:56:58Z</time>
      </trkpt>
      <trkpt lat="45.454162023961544" lon="6.965215019881725">
        <ele>1846</ele>
        <time>2017-03-28T23:57:18Z</time>
      </trkpt>
      <trkpt lat="45.453903023153543" lon="6.965555995702744">
        <ele>1844</ele>
        <time>2017-03-28T23:57:38Z</time>
      </trkpt>
      <trkpt lat="45.453671012073755" lon="6.965630007907748">
        <ele>1846</ele>
        <time>2017-03-28T23:57:58Z</time>
      </trkpt>
      <trkpt lat="45.453590964898467" lon="6.965994033962488">
        <ele>1836</ele>
        <time>2017-03-28T23:58:18Z</time>
      </trkpt>
      <trkpt lat="45.453172959387302" lon="6.966605996713042">
        <ele>1842</ele>
        <time>2017-03-28T23:58:38Z</time>
      </trkpt>
      <trkpt lat="45.452869031578302" lon="6.966749997809529">
        <ele>1845</ele>
        <time>2017-03-28T23:58:58Z</time>
      </trkpt>
      <trkpt lat="45.452914964407682" lon="6.967240003868938">
        <ele>1843</ele>
        <time>2017-03-28T23:59:18Z</time>
      </trkpt>
      <trkpt lat="45.453006997704506" lon="6.967664966359735">
        <ele>1838</ele>
        <time>2017-03-28T23:59:38Z</time>
      </trkpt>
      <trkpt lat="45.453144963830709" lon="6.969266999512911">
        <ele>1829</ele>
        <time>2017-03-28T23:59:58Z</time>
      </trkpt>
      <trkpt lat="45.45331503264606" lon="6.969809979200363">
        <ele>1826</ele>
        <time>2017-03-29T00:00:18Z</time>
      </trkpt>
      <trkpt lat="45.45361602678895" lon="6.970012988895178">
        <ele>1814</ele>
        <time>2017-03-29T00:00:38Z</time>
      </trkpt>
      <trkpt lat="45.453379992395639" lon="6.971118981018663">
        <ele>1814</ele>
        <time>2017-03-29T00:00:58Z</time>
      </trkpt>
      <trkpt lat="45.452707009389997" lon="6.972257997840643">
        <ele>1820</ele>
        <time>2017-03-29T00:01:18Z</time>
      </trkpt>
      <trkpt lat="45.44996696524322" lon="6.974628986790776">
        <ele>1829</ele>
        <time>2017-03-29T00:01:38Z</time>
      </trkpt>
      <trkpt lat="45.448887962847948" lon="6.975190993398428">
        <ele>1830</ele>
        <time>2017-03-29T00:01:58Z</time>
      </trkpt>
      <trkpt lat="45.447647022083402" lon="6.975227035582066">
        <ele>1833</ele>
        <time>2017-03-29T00:02:18Z</time>
      </trkpt>
      <trkpt lat="45.447360025718808" lon="6.975599024444819">
        <ele>1835</ele>
        <time>2017-03-29T00:02:38Z</time>
      </trkpt>
      <trkpt lat="45.446495013311505" lon="6.975970007479191">
        <ele>1835</ele>
        <time>2017-03-29T00:02:58Z</time>
      </trkpt>
      <trkpt lat="45.445358008146286" lon="6.97616002522409">
        <ele>1842</ele>
        <time>2017-03-29T00:03:18Z</time>
      </trkpt>
      <trkpt lat="45.445052990689874" lon="6.976057011634111">
        <ele>1843</ele>
        <time>2017-03-29T00:03:38Z</time>
      </trkpt>
      <trkpt lat="45.444460976868868" lon="6.975460974499583">
        <ele>1849</ele>
        <time>2017-03-29T00:03:58Z</time>
      </trkpt>
      <trkpt lat="45.444362992420793" lon="6.976229008287191">
        <ele>1849</ele>
        <time>2017-03-29T00:04:18Z</time>
      </trkpt>
      <trkpt lat="45.445492034777999" lon="6.977509008720517">
        <ele>1849</ele>
        <time>2017-03-29T00:04:38Z</time>
      </trkpt>
      <trkpt lat="45.445881960913539" lon="6.978488015010953">
        <ele>1847</ele>
        <time>2017-03-29T00:04:58Z</time>
      </trkpt>
      <trkpt lat="45.446300972253084" lon="6.979380017146468">
        <ele>1846</ele>
        <time>2017-03-29T00:05:18Z</time>
      </trkpt>
      <trkpt lat="45.446239029988647" lon="6.979810008779168">
        <ele>1846</ele>
        <time>2017-03-29T00:05:38Z</time>
      </trkpt>
      <trkpt lat="45.446304995566607" lon="6.980980960652232">
        <ele>1847</ele>
        <time>2017-03-29T00:05:58Z</time>
      </trkpt>
      <trkpt lat="45.446209022775292" lon="6.982465982437134">
        <ele>1851</ele>
        <time>2017-03-29T00:06:18Z</time>
      </trkpt>
      <trkpt lat="45.446278005838394" lon="6.98316796682775">
        <ele>1854</ele>
        <time>2017-03-29T00:06:38Z</time>
      </trkpt>
      <trkpt lat="45.446267025545239" lon="6.983947986736894">
        <ele>1853</ele>
        <time>2017-03-29T00:06:58Z</time>
      </trkpt>
      <trkpt lat="45.446330979466438" lon="6.984706968069077">
        <ele>1851</ele>
        <time>2017-03-29T00:07:18Z</time>
      </trkpt>
      <trkpt lat="45.446086982265115" lon="6.985638029873371">
        <ele>1850</ele>
        <time>2017-03-29T00:07:38Z</time>
      </trkpt>
      <trkpt lat="45.445919008925557" lon="6.986739998683333">
        <ele>1854</ele>
        <time>2017-03-29T00:07:58Z</time>
      </trkpt>
      <trkpt lat="45.445869974792004" lon="6.987411975860596">
        <ele>1855</ele>
        <time>2017-03-29T00:08:18Z</time>
      </trkpt>
      <trkpt lat="45.44575396925211" lon="6.987730991095305">
        <ele>1865</ele>
        <time>2017-03-29T00:08:38Z</time>
      </trkpt>
      <trkpt lat="45.445742988958955" lon="6.987995021045208">
        <ele>1867</ele>
        <time>2017-03-29T00:08:58Z</time>
      </trkpt>
      <trkpt lat="45.445941975340247" lon="6.988090993836522">
        <ele>1856</ele>
        <time>2017-03-29T00:09:18Z</time>
      </trkpt>
      <trkpt lat="45.446152025833726" lon="6.988116977736354">
        <ele>1855</ele>
        <time>2017-03-29T00:09:38Z</time>
      </trkpt>
      <trkpt lat="45.445937030017376" lon="6.988273970782757">
        <ele>1857</ele>
        <time>2017-03-29T00:09:58Z</time>
      </trkpt>
      <trkpt lat="45.445920014753938" lon="6.989445006474853">
        <ele>1860</ele>
        <time>2017-03-29T00:10:18Z</time>
      </trkpt>
      <trkpt lat="45.445977011695504" lon="6.98995596729219">
        <ele>1862</ele>
        <time>2017-03-29T00:10:38Z</time>
      </trkpt>
      <trkpt lat="45.446004001423717" lon="6.990745039656758">
        <ele>1864</ele>
        <time>2017-03-29T00:10:58Z</time>
      </trkpt>
      <trkpt lat="45.446074996143579" lon="6.991380974650383">
        <ele>1864</ele>
        <time>2017-03-29T00:11:18Z</time>
      </trkpt>
      <trkpt lat="45.446054963395" lon="6.992066027596593">
        <ele>1865</ele>
        <time>2017-03-29T00:11:38Z</time>
      </trkpt>
      <trkpt lat="45.446121012791991" lon="6.992897009477019">
        <ele>1868</ele>
        <time>2017-03-29T00:11:58Z</time>
      </trkpt>
      <trkpt lat="45.446170968934894" lon="6.99435998685658">
        <ele>1875</ele>
        <time>2017-03-29T00:12:18Z</time>
      </trkpt>
      <trkpt lat="45.446010036394" lon="6.995021989569068">
        <ele>1883</ele>
        <time>2017-03-29T00:12:38Z</time>
      </trkpt>
      <trkpt lat="45.445750029757619" lon="6.995749035850167">
        <ele>1900</ele>
        <time>2017-03-29T00:12:58Z</time>
      </trkpt>
      <trkpt lat="45.445335963740945" lon="6.996373990550637">
        <ele>1917</ele>
        <time>2017-03-29T00:13:18Z</time>
      </trkpt>
      <trkpt lat="45.445144018158317" lon="6.996531989425421">
        <ele>1922</ele>
        <time>2017-03-29T00:13:38Z</time>
      </trkpt>
      <trkpt lat="45.444952994585037" lon="6.997063988819718">
        <ele>1943</ele>
        <time>2017-03-29T00:13:58Z</time>
      </trkpt>
      <trkpt lat="45.444938996806741" lon="6.997403036803007">
        <ele>1934</ele>
        <time>2017-03-29T00:14:18Z</time>
      </trkpt>
      <trkpt lat="45.444673961028457" lon="6.997763039544225">
        <ele>1942</ele>
        <time>2017-03-29T00:14:38Z</time>
      </trkpt>
      <trkpt lat="45.444647977128625" lon="6.998034026473761">
        <ele>1942</ele>
        <time>2017-03-29T00:14:58Z</time>
      </trkpt>
      <trkpt lat="45.4447649884969" lon="6.998244998976588">
        <ele>1937</ele>
        <time>2017-03-29T00:15:18Z</time>
      </trkpt>
      <trkpt lat="45.444606989622116" lon="6.998340971767902">
        <ele>1944</ele>
        <time>2017-03-29T00:15:38Z</time>
      </trkpt>
      <trkpt lat="45.444452008232474" lon="6.998550016433001">
        <ele>1948</ele>
        <time>2017-03-29T00:15:58Z</time>
      </trkpt>
      <trkpt lat="45.444459971040487" lon="6.999062988907099">
        <ele>1952</ele>
        <time>2017-03-29T00:16:18Z</time>
      </trkpt>
      <trkpt lat="45.444604977965355" lon="6.999412011355162">
        <ele>1965</ele>
        <time>2017-03-29T00:16:38Z</time>
      </trkpt>
      <trkpt lat="45.443714987486601" lon="6.999540003016591">
        <ele>1991</ele>
        <time>2017-03-29T00:16:58Z</time>
      </trkpt>
      <trkpt lat="45.443308968096972" lon="6.999820964410901">
        <ele>2012</ele>
        <time>2017-03-29T00:17:18Z</time>
      </trkpt>
      <trkpt lat="45.443538967519999" lon="7.000200999900699">
        <ele>2021</ele>
        <time>2017-03-29T00:17:38Z</time>
      </trkpt>
      <trkpt lat="45.444125030189753" lon="7.000457989051938">
        <ele>2025</ele>
        <time>2017-03-29T00:17:58Z</time>
      </trkpt>
      <trkpt lat="45.444299038499594" lon="7.000604001805186">
        <ele>2015</ele>
        <time>2017-03-29T00:18:18Z</time>
      </trkpt>
      <trkpt lat="45.444486038759351" lon="7.001287965103984">
        <ele>2037</ele>
        <time>2017-03-29T00:18:38Z</time>
      </trkpt>
      <trkpt lat="45.444558961316943" lon="7.001930018886924">
        <ele>2054</ele>
        <time>2017-03-29T00:18:58Z</time>
      </trkpt>
      <trkpt lat="45.444458965212107" lon="7.001903029158711">
        <ele>2057</ele>
        <time>2017-03-29T00:19:18Z</time>
      </trkpt>
      <trkpt lat="45.444517973810434" lon="7.002061028033495">
        <ele>2056</ele>
        <time>2017-03-29T00:19:38Z</time>
      </trkpt>
      <trkpt lat="45.444388976320624" lon="7.002036971971393">
        <ele>2059</ele>
        <time>2017-03-29T00:19:58Z</time>
      </trkpt>
      <trkpt lat="45.444488972425461" lon="7.002175021916628">
        <ele>2058</ele>
        <time>2017-03-29T00:20:18Z</time>
      </trkpt>
      <trkpt lat="45.444289986044168" lon="7.002206034958363">
        <ele>2064</ele>
        <time>2017-03-29T00:20:38Z</time>
      </trkpt>
      <trkpt lat="45.444309012964368" lon="7.002377025783062">
        <ele>2069</ele>
        <time>2017-03-29T00:20:58Z</time>
      </trkpt>
      <trkpt lat="45.444256961345673" lon="7.002509040758014">
        <ele>2080</ele>
        <time>2017-03-29T00:21:18Z</time>
      </trkpt>
      <trkpt lat="45.444241035729647" lon="7.002810034900904">
        <ele>2075</ele>
        <time>2017-03-29T00:21:38Z</time>
      </trkpt>
      <trkpt lat="45.444056969136" lon="7.002720013260841">
        <ele>2099</ele>
        <time>2017-03-29T00:21:58Z</time>
      </trkpt>
      <trkpt lat="45.444031991064548" lon="7.002895027399063">
        <ele>2102</ele>
        <time>2017-03-29T00:22:18Z</time>
      </trkpt>
      <trkpt lat="45.443940041586757" lon="7.002964010462165">
        <ele>2105</ele>
        <time>2017-03-29T00:22:38Z</time>
      </trkpt>
      <trkpt lat="45.443876003846526" lon="7.003197027370334">
        <ele>2107</ele>
        <time>2017-03-29T00:22:58Z</time>
      </trkpt>
      <trkpt lat="45.443706018850207" lon="7.003286965191364">
        <ele>2112</ele>
        <time>2017-03-29T00:23:18Z</time>
      </trkpt>
      <trkpt lat="45.443721022456884" lon="7.003602040931583">
        <ele>2122</ele>
        <time>2017-03-29T00:23:38Z</time>
      </trkpt>
      <trkpt lat="45.443462021648884" lon="7.003608997911215">
        <ele>2128</ele>
        <time>2017-03-29T00:23:58Z</time>
      </trkpt>
      <trkpt lat="45.443656984716654" lon="7.003943016752601">
        <ele>2127</ele>
        <time>2017-03-29T00:24:18Z</time>
      </trkpt>
      <trkpt lat="45.443637035787106" lon="7.004181984812021">
        <ele>2138</ele>
        <time>2017-03-29T00:24:38Z</time>
      </trkpt>
      <trkpt lat="45.443572998046875" lon="7.004358004778624">
        <ele>2140</ele>
        <time>2017-03-29T00:24:58Z</time>
      </trkpt>
      <trkpt lat="45.443520024418831" lon="7.004880029708147">
        <ele>2148</ele>
        <time>2017-03-29T00:25:18Z</time>
      </trkpt>
      <trkpt lat="45.443420028313994" lon="7.004799982532859">
        <ele>2149</ele>
        <time>2017-03-29T00:25:38Z</time>
      </trkpt>
      <trkpt lat="45.443448023870587" lon="7.005112962797284">
        <ele>2157</ele>
        <time>2017-03-29T00:25:58Z</time>
      </trkpt>
      <trkpt lat="45.443370994180441" lon="7.005683016031981">
        <ele>2164</ele>
        <time>2017-03-29T00:26:18Z</time>
      </trkpt>
      <trkpt lat="45.44309196062386" lon="7.005449999123812">
        <ele>2188</ele>
        <time>2017-03-29T00:26:38Z</time>
      </trkpt>
      <trkpt lat="45.443064970895648" lon="7.0056820102036">
        <ele>2189</ele>
        <time>2017-03-29T00:26:58Z</time>
      </trkpt>
      <trkpt lat="45.442946031689644" lon="7.005765996873379">
        <ele>2192</ele>
        <time>2017-03-29T00:27:18Z</time>
      </trkpt>
      <trkpt lat="45.442918036133051" lon="7.005925001576543">
        <ele>2199</ele>
        <time>2017-03-29T00:27:38Z</time>
      </trkpt>
      <trkpt lat="45.442994982004166" lon="7.006187019869685">
        <ele>2200</ele>
        <time>2017-03-29T00:27:58Z</time>
      </trkpt>
      <trkpt lat="45.443019960075617" lon="7.006598990410566">
        <ele>2202</ele>
        <time>2017-03-29T00:28:18Z</time>
      </trkpt>
      <trkpt lat="45.442844023928046" lon="7.006760006770492">
        <ele>2216</ele>
        <time>2017-03-29T00:28:38Z</time>
      </trkpt>
      <trkpt lat="45.442947037518024" lon="7.006914988160133">
        <ele>2215</ele>
        <time>2017-03-29T00:28:58Z</time>
      </trkpt>
      <trkpt lat="45.442996993660927" lon="7.007054965943098">
        <ele>2216</ele>
        <time>2017-03-29T00:29:18Z</time>
      </trkpt>
      <trkpt lat="45.443147029727697" lon="7.007274990901351">
        <ele>2216</ele>
        <time>2017-03-29T00:29:38Z</time>
      </trkpt>
      <trkpt lat="45.443145018070936" lon="7.007446987554431">
        <ele>2217</ele>
        <time>2017-03-29T00:29:58Z</time>
      </trkpt>
      <trkpt lat="45.44334702193737" lon="7.008041013032198">
        <ele>2208</ele>
        <time>2017-03-29T00:30:18Z</time>
      </trkpt>
      <trkpt lat="45.44339002110064" lon="7.008630009368062">
        <ele>2215</ele>
        <time>2017-03-29T00:30:38Z</time>
      </trkpt>
      <trkpt lat="45.44328298419714" lon="7.009018007665873">
        <ele>2246</ele>
        <time>2017-03-29T00:30:58Z</time>
      </trkpt>
      <trkpt lat="45.443085003644228" lon="7.009234009310603">
        <ele>2257</ele>
        <time>2017-03-29T00:31:18Z</time>
      </trkpt>
      <trkpt lat="45.443102018907666" lon="7.009554030373693">
        <ele>2260</ele>
        <time>2017-03-29T00:31:38Z</time>
      </trkpt>
      <trkpt lat="45.443028006702662" lon="7.009776988998056">
        <ele>2262</ele>
        <time>2017-03-29T00:31:58Z</time>
      </trkpt>
      <trkpt lat="45.443008979782462" lon="7.010384006425738">
        <ele>2268</ele>
        <time>2017-03-29T00:32:18Z</time>
      </trkpt>
      <trkpt lat="45.442947037518024" lon="7.01073001138866">
        <ele>2270</ele>
        <time>2017-03-29T00:32:38Z</time>
      </trkpt>
      <trkpt lat="45.442952988669276" lon="7.011056989431381">
        <ele>2270</ele>
        <time>2017-03-29T00:32:58Z</time>
      </trkpt>
      <trkpt lat="45.442870007827878" lon="7.011052966117859">
        <ele>2273</ele>
        <time>2017-03-29T00:33:18Z</time>
      </trkpt>
      <trkpt lat="45.442891968414187" lon="7.011371981352568">
        <ele>2272</ele>
        <time>2017-03-29T00:33:38Z</time>
      </trkpt>
      <trkpt lat="45.44283002614975" lon="7.011606004089117">
        <ele>2276</ele>
        <time>2017-03-29T00:33:58Z</time>
      </trkpt>
      <trkpt lat="45.442727012559772" lon="7.011603992432356">
        <ele>2282</ele>
        <time>2017-03-29T00:34:18Z</time>
      </trkpt>
      <trkpt lat="45.442642020061612" lon="7.011832986027002">
        <ele>2281</ele>
        <time>2017-03-29T00:34:38Z</time>
      </trkpt>
      <trkpt lat="45.442562978714705" lon="7.011723015457392">
        <ele>2294</ele>
        <time>2017-03-29T00:34:58Z</time>
      </trkpt>
      <trkpt lat="45.442321998998523" lon="7.012059967964888">
        <ele>2317</ele>
        <time>2017-03-29T00:35:18Z</time>
      </trkpt>
      <trkpt lat="45.442139022052288" lon="7.011889982968569">
        <ele>2321</ele>
        <time>2017-03-29T00:35:38Z</time>
      </trkpt>
      <trkpt lat="45.441946992650628" lon="7.012089975178242">
        <ele>2326</ele>
        <time>2017-03-29T00:35:58Z</time>
      </trkpt>
      <trkpt lat="45.441978005692363" lon="7.012790031731129">
        <ele>2322</ele>
        <time>2017-03-29T00:36:18Z</time>
      </trkpt>
      <trkpt lat="45.44197297655046" lon="7.012973008677363">
        <ele>2321</ele>
        <time>2017-03-29T00:36:38Z</time>
      </trkpt>
      <trkpt lat="45.441982029005885" lon="7.013210970908403">
        <ele>2322</ele>
        <time>2017-03-29T00:36:58Z</time>
      </trkpt>
      <trkpt lat="45.441898964345455" lon="7.013813965022564">
        <ele>2314</ele>
        <time>2017-03-29T00:37:18Z</time>
      </trkpt>
      <trkpt lat="45.441780025139451" lon="7.014011023566127">
        <ele>2315</ele>
        <time>2017-03-29T00:37:38Z</time>
      </trkpt>
      <trkpt lat="45.441781030967832" lon="7.014272036030889">
        <ele>2312</ele>
        <time>2017-03-29T00:37:58Z</time>
      </trkpt>
      <trkpt lat="45.441677011549473" lon="7.014515027403832">
        <ele>2308</ele>
        <time>2017-03-29T00:38:18Z</time>
      </trkpt>
      <trkpt lat="45.440880982205272" lon="7.015471989288926">
        <ele>2344</ele>
        <time>2017-03-29T00:38:38Z</time>
      </trkpt>
      <trkpt lat="45.44040204025805" lon="7.015816988423467">
        <ele>2371</ele>
        <time>2017-03-29T00:38:58Z</time>
      </trkpt>
      <trkpt lat="45.440238006412983" lon="7.016193000599742">
        <ele>2362</ele>
        <time>2017-03-29T00:39:18Z</time>
      </trkpt>
      <trkpt lat="45.440028039738536" lon="7.016483014449477">
        <ele>2362</ele>
        <time>2017-03-29T00:39:38Z</time>
      </trkpt>
      <trkpt lat="45.439597964286804" lon="7.016738997772336">
        <ele>2376</ele>
        <time>2017-03-29T00:39:58Z</time>
      </trkpt>
      <trkpt lat="45.439362013712525" lon="7.016629027202725">
        <ele>2388</ele>
        <time>2017-03-29T00:40:18Z</time>
      </trkpt>
      <trkpt lat="45.439003016799688" lon="7.01709003187716">
        <ele>2395</ele>
        <time>2017-03-29T00:40:38Z</time>
      </trkpt>
      <trkpt lat="45.438273958861828" lon="7.017193967476487">
        <ele>2416</ele>
        <time>2017-03-29T00:40:58Z</time>
      </trkpt>
      <trkpt lat="45.437963996082544" lon="7.017482975497842">
        <ele>2419</ele>
        <time>2017-03-29T00:41:18Z</time>
      </trkpt>
      <trkpt lat="45.437988974153996" lon="7.017761003226042">
        <ele>2417</ele>
        <time>2017-03-29T00:41:38Z</time>
      </trkpt>
      <trkpt lat="45.437515983358026" lon="7.017681961879134">
        <ele>2424</ele>
        <time>2017-03-29T00:41:58Z</time>
      </trkpt>
      <trkpt lat="45.43696797452867" lon="7.017721021547914">
        <ele>2450</ele>
        <time>2017-03-29T00:42:18Z</time>
      </trkpt>
      <trkpt lat="45.436283005401492" lon="7.018272969871759">
        <ele>2477</ele>
        <time>2017-03-29T00:42:38Z</time>
      </trkpt>
      <trkpt lat="45.435909004881978" lon="7.018700027838349">
        <ele>2486</ele>
        <time>2017-03-29T00:42:58Z</time>
      </trkpt>
      <trkpt lat="45.434550968930125" lon="7.019459009170532">
        <ele>2518</ele>
        <time>2017-03-29T00:43:18Z</time>
      </trkpt>
      <trkpt lat="45.433853007853031" lon="7.020105002447963">
        <ele>2536</ele>
        <time>2017-03-29T00:43:38Z</time>
      </trkpt>
      <trkpt lat="45.433241967111826" lon="7.020519990473986">
        <ele>2543</ele>
        <time>2017-03-29T00:43:58Z</time>
      </trkpt>
      <trkpt lat="45.433157980442047" lon="7.020668014883995">
        <ele>2544</ele>
        <time>2017-03-29T00:44:18Z</time>
      </trkpt>
      <trkpt lat="45.432544006034732" lon="7.020978983491659">
        <ele>2547</ele>
        <time>2017-03-29T00:44:38Z</time>
      </trkpt>
      <trkpt lat="45.432304032146931" lon="7.021198002621532">
        <ele>2550</ele>
        <time>2017-03-29T00:44:58Z</time>
      </trkpt>
      <trkpt lat="45.431815031915903" lon="7.021465972065926">
        <ele>2552</ele>
        <time>2017-03-29T00:45:18Z</time>
      </trkpt>
      <trkpt lat="45.431491993367672" lon="7.021870985627174">
        <ele>2556</ele>
        <time>2017-03-29T00:45:38Z</time>
      </trkpt>
      <trkpt lat="45.43097198009491" lon="7.022326039150357">
        <ele>2557</ele>
        <time>2017-03-29T00:45:58Z</time>
      </trkpt>
      <trkpt lat="45.430618012323976" lon="7.023003967478871">
        <ele>2557</ele>
        <time>2017-03-29T00:46:18Z</time>
      </trkpt>
      <trkpt lat="45.43024099431932" lon="7.023315019905567">
        <ele>2557</ele>
        <time>2017-03-29T00:46:38Z</time>
      </trkpt>
      <trkpt lat="45.429797004908323" lon="7.023776024580002">
        <ele>0</ele>
        <time>2017-03-29T00:46:58Z</time>
      </trkpt>
      <trkpt lat="45.429356032982469" lon="7.02392103150487">
        <ele>0</ele>
        <time>2017-03-29T00:47:18Z</time>
      </trkpt>
      <trkpt lat="45.428816992789507" lon="7.024258989840746">
        <ele>0</ele>
        <time>2017-03-29T00:47:38Z</time>
      </trkpt>
      <trkpt lat="45.428633010014892" lon="7.024205010384321">
        <ele>0</ele>
        <time>2017-03-29T00:47:58Z</time>
      </trkpt>
      <trkpt lat="45.428589005023241" lon="7.024065032601357">
        <ele>0</ele>
        <time>2017-03-29T00:48:18Z</time>
      </trkpt>
      <trkpt lat="45.428139986470342" lon="7.024148013442755">
        <ele>0</ele>
        <time>2017-03-29T00:48:38Z</time>
      </trkpt>
      <trkpt lat="45.427970001474023" lon="7.024299977347255">
        <ele>0</ele>
        <time>2017-03-29T00:48:58Z</time>
      </trkpt>
      <trkpt lat="45.427646962925792" lon="7.024161005392671">
        <ele>0</ele>
        <time>2017-03-29T00:49:18Z</time>
      </trkpt>
      <trkpt lat="45.427148994058371" lon="7.024492006748915">
        <ele>0</ele>
        <time>2017-03-29T00:49:38Z</time>
      </trkpt>
      <trkpt lat="45.427035000175238" lon="7.024491000920534">
        <ele>0</ele>
        <time>2017-03-29T00:49:58Z</time>
      </trkpt>
      <trkpt lat="45.426822016015649" lon="7.024681018665433">
        <ele>0</ele>
        <time>2017-03-29T00:50:18Z</time>
      </trkpt>
      <trkpt lat="45.42654599994421" lon="7.024709014222026">
        <ele>0</ele>
        <time>2017-03-29T00:50:38Z</time>
      </trkpt>
      <trkpt lat="45.425998996943235" lon="7.024929961189628">
        <ele>0</ele>
        <time>2017-03-29T00:50:58Z</time>
      </trkpt>
      <trkpt lat="45.425757011398673" lon="7.025313014164567">
        <ele>0</ele>
        <time>2017-03-29T00:51:18Z</time>
      </trkpt>
      <trkpt lat="45.4241409804672" lon="7.026280034333468">
        <ele>0</ele>
        <time>2017-03-29T00:51:38Z</time>
      </trkpt>
      <trkpt lat="45.424078032374382" lon="7.02645898796618">
        <ele>0</ele>
        <time>2017-03-29T00:51:58Z</time>
      </trkpt>
      <trkpt lat="45.423739990219474" lon="7.026482960209251">
        <ele>0</ele>
        <time>2017-03-29T00:52:18Z</time>
      </trkpt>
      <trkpt lat="45.423492975533009" lon="7.026764005422592">
        <ele>0</ele>
        <time>2017-03-29T00:52:38Z</time>
      </trkpt>
      <trkpt lat="45.423328019678593" lon="7.027300028130412">
        <ele>0</ele>
        <time>2017-03-29T00:52:58Z</time>
      </trkpt>
      <trkpt lat="45.423058038577437" lon="7.027935963124037">
        <ele>0</ele>
        <time>2017-03-29T00:53:18Z</time>
      </trkpt>
      <trkpt lat="45.422479016706347" lon="7.028775997459889">
        <ele>0</ele>
        <time>2017-03-29T00:53:38Z</time>
      </trkpt>
      <trkpt lat="45.422136029228568" lon="7.028742972761393">
        <ele>0</ele>
        <time>2017-03-29T00:53:58Z</time>
      </trkpt>
      <trkpt lat="45.421351986005902" lon="7.027730019763112">
        <ele>0</ele>
        <time>2017-03-29T00:54:18Z</time>
      </trkpt>
      <trkpt lat="45.420540031045675" lon="7.028369978070259">
        <ele>0</ele>
        <time>2017-03-29T00:54:38Z</time>
      </trkpt>
      <trkpt lat="45.420371973887086" lon="7.028737021610141">
        <ele>0</ele>
        <time>2017-03-29T00:54:58Z</time>
      </trkpt>
      <trkpt lat="45.420024041086435" lon="7.029104987159371">
        <ele>0</ele>
        <time>2017-03-29T00:55:18Z</time>
      </trkpt>
      <trkpt lat="45.41992899030447" lon="7.029410004615784">
        <ele>0</ele>
        <time>2017-03-29T00:55:38Z</time>
      </trkpt>
      <trkpt lat="45.419567981734872" lon="7.029516035690904">
        <ele>0</ele>
        <time>2017-03-29T00:55:58Z</time>
      </trkpt>
      <trkpt lat="45.419342005625367" lon="7.029772019013763">
        <ele>0</ele>
        <time>2017-03-29T00:56:18Z</time>
      </trkpt>
      <trkpt lat="45.419396990910172" lon="7.030145013704896">
        <ele>0</ele>
        <time>2017-03-29T00:56:38Z</time>
      </trkpt>
      <trkpt lat="45.419251983985305" lon="7.030195975676179">
        <ele>0</ele>
        <time>2017-03-29T00:56:58Z</time>
      </trkpt>
      <trkpt lat="45.419146958738565" lon="7.029932029545307">
        <ele>0</ele>
        <time>2017-03-29T00:57:18Z</time>
      </trkpt>
      <trkpt lat="45.418684026226401" lon="7.030078964307904">
        <ele>0</ele>
        <time>2017-03-29T00:57:38Z</time>
      </trkpt>
      <trkpt lat="45.418191002681851" lon="7.030334025621414">
        <ele>0</ele>
        <time>2017-03-29T00:57:58Z</time>
      </trkpt>
      <trkpt lat="45.417174026370049" lon="7.030655974522233">
        <ele>0</ele>
        <time>2017-03-29T00:58:18Z</time>
      </trkpt>
      <trkpt lat="45.416945032775402" lon="7.030887985602021">
        <ele>0</ele>
        <time>2017-03-29T00:58:38Z</time>
      </trkpt>
      <trkpt lat="45.416679996997118" lon="7.031374974176288">
        <ele>0</ele>
        <time>2017-03-29T00:58:58Z</time>
      </trkpt>
      <trkpt lat="45.416524009779096" lon="7.031457033008337">
        <ele>0</ele>
        <time>2017-03-29T00:59:18Z</time>
      </trkpt>
      <trkpt lat="45.416504982858896" lon="7.031668005511165">
        <ele>0</ele>
        <time>2017-03-29T00:59:38Z</time>
      </trkpt>
      <trkpt lat="45.416129976511002" lon="7.031718967482448">
        <ele>0</ele>
        <time>2017-03-29T00:59:58Z</time>
      </trkpt>
      <trkpt lat="45.415719011798501" lon="7.031670017167926">
        <ele>0</ele>
        <time>2017-03-29T01:00:18Z</time>
      </trkpt>
      <trkpt lat="45.414660964161158" lon="7.030999967828393">
        <ele>0</ele>
        <time>2017-03-29T01:00:38Z</time>
      </trkpt>
      <trkpt lat="45.414390983060002" lon="7.030969960615039">
        <ele>0</ele>
        <time>2017-03-29T01:00:58Z</time>
      </trkpt>
      <trkpt lat="45.4140629991889" lon="7.030610963702202">
        <ele>0</ele>
        <time>2017-03-29T01:01:18Z</time>
      </trkpt>
      <trkpt lat="45.413449024781585" lon="7.029759027063847">
        <ele>0</ele>
        <time>2017-03-29T01:01:38Z</time>
      </trkpt>
      <trkpt lat="45.412899004295468" lon="7.029609996825457">
        <ele>0</ele>
        <time>2017-03-29T01:01:58Z</time>
      </trkpt>
      <trkpt lat="45.412848964333534" lon="7.029450992122293">
        <ele>0</ele>
        <time>2017-03-29T01:02:18Z</time>
      </trkpt>
      <trkpt lat="45.411794018000364" lon="7.028732998296619">
        <ele>0</ele>
        <time>2017-03-29T01:02:38Z</time>
      </trkpt>
      <trkpt lat="45.411280961707234" lon="7.028294038027525">
        <ele>0</ele>
        <time>2017-03-29T01:02:58Z</time>
      </trkpt>
      <trkpt lat="45.410978961735964" lon="7.028154982253909">
        <ele>0</ele>
        <time>2017-03-29T01:03:18Z</time>
      </trkpt>
      <trkpt lat="45.410514017567039" lon="7.027455009520054">
        <ele>0</ele>
        <time>2017-03-29T01:03:38Z</time>
      </trkpt>
      <trkpt lat="45.410248981788754" lon="7.02729701064527">
        <ele>0</ele>
        <time>2017-03-29T01:03:58Z</time>
      </trkpt>
      <trkpt lat="45.409908005967736" lon="7.027300028130412">
        <ele>2558</ele>
        <time>2017-03-29T01:04:18Z</time>
      </trkpt>
      <trkpt lat="45.409439960494637" lon="7.02753497287631">
        <ele>2555</ele>
        <time>2017-03-29T01:04:38Z</time>
      </trkpt>
      <trkpt lat="45.408797990530729" lon="7.0279620308429">
        <ele>2549</ele>
        <time>2017-03-29T01:04:58Z</time>
      </trkpt>
      <trkpt lat="45.408529015257955" lon="7.027981979772449">
        <ele>2548</ele>
        <time>2017-03-29T01:05:18Z</time>
      </trkpt>
      <trkpt lat="45.407991986721754" lon="7.027762038633227">
        <ele>2542</ele>
        <time>2017-03-29T01:05:38Z</time>
      </trkpt>
      <trkpt lat="45.407448001205921" lon="7.027820963412523">
        <ele>2535</ele>
        <time>2017-03-29T01:05:58Z</time>
      </trkpt>
      <trkpt lat="45.406956989318132" lon="7.027698000892997">
        <ele>2534</ele>
        <time>2017-03-29T01:06:18Z</time>
      </trkpt>
      <trkpt lat="45.406621964648366" lon="7.027750974521041">
        <ele>2533</ele>
        <time>2017-03-29T01:06:38Z</time>
      </trkpt>
      <trkpt lat="45.406367992982268" lon="7.027965970337391">
        <ele>2531</ele>
        <time>2017-03-29T01:06:58Z</time>
      </trkpt>
      <trkpt lat="45.405839011073112" lon="7.027530027553439">
        <ele>2535</ele>
        <time>2017-03-29T01:07:18Z</time>
      </trkpt>
      <trkpt lat="45.405240040272474" lon="7.028094967827201">
        <ele>2535</ele>
        <time>2017-03-29T01:07:38Z</time>
      </trkpt>
      <trkpt lat="45.405158987268806" lon="7.028986969962716">
        <ele>2519</ele>
        <time>2017-03-29T01:07:58Z</time>
      </trkpt>
      <trkpt lat="45.404723966494203" lon="7.030384987592697">
        <ele>2509</ele>
        <time>2017-03-29T01:08:18Z</time>
      </trkpt>
      <trkpt lat="45.404176963493228" lon="7.031039027497172">
        <ele>2504</ele>
        <time>2017-03-29T01:08:38Z</time>
      </trkpt>
      <trkpt lat="45.403721993789077" lon="7.031625006347895">
        <ele>2480</ele>
        <time>2017-03-29T01:08:58Z</time>
      </trkpt>
      <trkpt lat="45.403199968859553" lon="7.031881995499134">
        <ele>2466</ele>
        <time>2017-03-29T01:09:18Z</time>
      </trkpt>
      <trkpt lat="45.402415003627539" lon="7.032847004011273">
        <ele>2466</ele>
        <time>2017-03-29T01:09:38Z</time>
      </trkpt>
      <trkpt lat="45.402086013928056" lon="7.032898971810937">
        <ele>2462</ele>
        <time>2017-03-29T01:09:58Z</time>
      </trkpt>
      <trkpt lat="45.401624003425241" lon="7.033931035548449">
        <ele>2441</ele>
        <time>2017-03-29T01:10:18Z</time>
      </trkpt>
      <trkpt lat="45.401429040357471" lon="7.034349963068962">
        <ele>2436</ele>
        <time>2017-03-29T01:10:38Z</time>
      </trkpt>
      <trkpt lat="45.401611011475325" lon="7.034507039934397">
        <ele>2438</ele>
        <time>2017-03-29T01:10:58Z</time>
      </trkpt>
      <trkpt lat="45.401507997885346" lon="7.034556996077299">
        <ele>2436</ele>
        <time>2017-03-29T01:11:18Z</time>
      </trkpt>
      <trkpt lat="45.401511015370488" lon="7.034694040194154">
        <ele>2436</ele>
        <time>2017-03-29T01:11:38Z</time>
      </trkpt>
      <trkpt lat="45.401267018169165" lon="7.03464400023222">
        <ele>2429</ele>
        <time>2017-03-29T01:11:58Z</time>
      </trkpt>
      <trkpt lat="45.400825962424278" lon="7.034218031913042">
        <ele>2407</ele>
        <time>2017-03-29T01:12:18Z</time>
      </trkpt>
      <trkpt lat="45.400890000164509" lon="7.034579962491989">
        <ele>2421</ele>
        <time>2017-03-29T01:12:38Z</time>
      </trkpt>
      <trkpt lat="45.400815987959504" lon="7.035066029056907">
        <ele>2395</ele>
        <time>2017-03-29T01:12:58Z</time>
      </trkpt>
      <trkpt lat="45.400651032105088" lon="7.035466013476253">
        <ele>2384</ele>
        <time>2017-03-29T01:13:18Z</time>
      </trkpt>
      <trkpt lat="45.400599986314774" lon="7.035901034250855">
        <ele>2392</ele>
        <time>2017-03-29T01:13:38Z</time>
      </trkpt>
      <trkpt lat="45.400249036028981" lon="7.036569993942976">
        <ele>2383</ele>
        <time>2017-03-29T01:13:58Z</time>
      </trkpt>
      <trkpt lat="45.399658028036356" lon="7.03704901970923">
        <ele>2355</ele>
        <time>2017-03-29T01:14:18Z</time>
      </trkpt>
      <trkpt lat="45.399722987785935" lon="7.037229984998703">
        <ele>2358</ele>
        <time>2017-03-29T01:14:38Z</time>
      </trkpt>
      <trkpt lat="45.399588039144874" lon="7.037657964974642">
        <ele>2358</ele>
        <time>2017-03-29T01:14:58Z</time>
      </trkpt>
      <trkpt lat="45.399369020015001" lon="7.037882013246417">
        <ele>2354</ele>
        <time>2017-03-29T01:15:18Z</time>
      </trkpt>
      <trkpt lat="45.399233987554908" lon="7.038390040397644">
        <ele>2347</ele>
        <time>2017-03-29T01:15:38Z</time>
      </trkpt>
      <trkpt lat="45.398949002847075" lon="7.038524989038706">
        <ele>2334</ele>
        <time>2017-03-29T01:15:58Z</time>
      </trkpt>
      <trkpt lat="45.398651026189327" lon="7.037759972736239">
        <ele>2330</ele>
        <time>2017-03-29T01:16:18Z</time>
      </trkpt>
      <trkpt lat="45.398414991796017" lon="7.037495020776987">
        <ele>2322</ele>
        <time>2017-03-29T01:16:38Z</time>
      </trkpt>
      <trkpt lat="45.398180969059467" lon="7.037504995241761">
        <ele>2317</ele>
        <time>2017-03-29T01:16:58Z</time>
      </trkpt>
      <trkpt lat="45.397746032103896" lon="7.037075003609061">
        <ele>2307</ele>
        <time>2017-03-29T01:17:18Z</time>
      </trkpt>
      <trkpt lat="45.397569006308913" lon="7.037122026085854">
        <ele>2306</ele>
        <time>2017-03-29T01:17:38Z</time>
      </trkpt>
      <trkpt lat="45.397414024919271" lon="7.03737298026681">
        <ele>2298</ele>
        <time>2017-03-29T01:17:58Z</time>
      </trkpt>
      <trkpt lat="45.397140020504594" lon="7.037332998588681">
        <ele>2292</ele>
        <time>2017-03-29T01:18:18Z</time>
      </trkpt>
      <trkpt lat="45.396975986659527" lon="7.037513963878155">
        <ele>2287</ele>
        <time>2017-03-29T01:18:38Z</time>
      </trkpt>
      <trkpt lat="45.396944973617792" lon="7.038151994347572">
        <ele>2286</ele>
        <time>2017-03-29T01:18:58Z</time>
      </trkpt>
      <trkpt lat="45.396884959191084" lon="7.038392974063754">
        <ele>2283</ele>
        <time>2017-03-29T01:19:18Z</time>
      </trkpt>
      <trkpt lat="45.396819999441504" lon="7.039109962061048">
        <ele>2283</ele>
        <time>2017-03-29T01:19:38Z</time>
      </trkpt>
      <trkpt lat="45.396669963374734" lon="7.039305008947849">
        <ele>2286</ele>
        <time>2017-03-29T01:19:58Z</time>
      </trkpt>
      <trkpt lat="45.39640299975872" lon="7.039103005081415">
        <ele>2269</ele>
        <time>2017-03-29T01:20:18Z</time>
      </trkpt>
      <trkpt lat="45.396028999239206" lon="7.038988005369902">
        <ele>2264</ele>
        <time>2017-03-29T01:20:38Z</time>
      </trkpt>
      <trkpt lat="45.395448971539736" lon="7.038509985432029">
        <ele>2249</ele>
        <time>2017-03-29T01:20:58Z</time>
      </trkpt>
      <trkpt lat="45.394733995199203" lon="7.038078987970948">
        <ele>2236</ele>
        <time>2017-03-29T01:21:18Z</time>
      </trkpt>
      <trkpt lat="45.394402993842959" lon="7.037669029086828">
        <ele>2231</ele>
        <time>2017-03-29T01:21:38Z</time>
      </trkpt>
      <trkpt lat="45.393848028033972" lon="7.037522010505199">
        <ele>2220</ele>
        <time>2017-03-29T01:21:58Z</time>
      </trkpt>
      <trkpt lat="45.393528006970882" lon="7.037621000781655">
        <ele>2216</ele>
        <time>2017-03-29T01:22:18Z</time>
      </trkpt>
      <trkpt lat="45.393279986456037" lon="7.037489991635084">
        <ele>2205</ele>
        <time>2017-03-29T01:22:38Z</time>
      </trkpt>
      <trkpt lat="45.393045963719487" lon="7.037802971899509">
        <ele>2203</ele>
        <time>2017-03-29T01:22:58Z</time>
      </trkpt>
      <trkpt lat="45.392616977915168" lon="7.038083011284471">
        <ele>2199</ele>
        <time>2017-03-29T01:23:18Z</time>
      </trkpt>
      <trkpt lat="45.391145031899214" lon="7.038620039820671">
        <ele>2175</ele>
        <time>2017-03-29T01:23:38Z</time>
      </trkpt>
      <trkpt lat="45.389973996207118" lon="7.039275001734495">
        <ele>2164</ele>
        <time>2017-03-29T01:23:58Z</time>
      </trkpt>
      <trkpt lat="45.389605024829507" lon="7.03965101391077">
        <ele>2161</ele>
        <time>2017-03-29T01:24:18Z</time>
      </trkpt>
      <trkpt lat="45.388844031840563" lon="7.040231041610241">
        <ele>2154</ele>
        <time>2017-03-29T01:24:38Z</time>
      </trkpt>
      <trkpt lat="45.387747008353472" lon="7.04072599299252">
        <ele>2144</ele>
        <time>2017-03-29T01:24:58Z</time>
      </trkpt>
      <trkpt lat="45.387230012565851" lon="7.040920034050942">
        <ele>2141</ele>
        <time>2017-03-29T01:25:18Z</time>
      </trkpt>
      <trkpt lat="45.387450959533453" lon="7.040340006351471">
        <ele>2141</ele>
        <time>2017-03-29T01:25:38Z</time>
      </trkpt>
      <trkpt lat="45.387351969256997" lon="7.040042029693723">
        <ele>2141</ele>
        <time>2017-03-29T01:25:58Z</time>
      </trkpt>
      <trkpt lat="45.387565959244967" lon="7.039399975910783">
        <ele>2145</ele>
        <time>2017-03-29T01:26:18Z</time>
      </trkpt>
      <trkpt lat="45.38761499337852" lon="7.039100993424654">
        <ele>2147</ele>
        <time>2017-03-29T01:26:38Z</time>
      </trkpt>
      <trkpt lat="45.387032032012939" lon="7.038630014285445">
        <ele>2154</ele>
        <time>2017-03-29T01:26:58Z</time>
      </trkpt>
      <trkpt lat="45.387224983423948" lon="7.038046969100833">
        <ele>2161</ele>
        <time>2017-03-29T01:27:18Z</time>
      </trkpt>
      <trkpt lat="45.387454982846975" lon="7.037642961367965">
        <ele>2162</ele>
        <time>2017-03-29T01:27:38Z</time>
      </trkpt>
      <trkpt lat="45.387444002553821" lon="7.037507006898522">
        <ele>2162</ele>
        <time>2017-03-29T01:27:58Z</time>
      </trkpt>
      <trkpt lat="45.387214003130794" lon="7.037495020776987">
        <ele>2170</ele>
        <time>2017-03-29T01:28:18Z</time>
      </trkpt>
      <trkpt lat="45.387016022577882" lon="7.037130994722247">
        <ele>2174</ele>
        <time>2017-03-29T01:28:38Z</time>
      </trkpt>
      <trkpt lat="45.387504016980529" lon="7.036680970340967">
        <ele>2175</ele>
        <time>2017-03-29T01:28:58Z</time>
      </trkpt>
      <trkpt lat="45.387306036427617" lon="7.036090968176723">
        <ele>2186</ele>
        <time>2017-03-29T01:29:18Z</time>
      </trkpt>
      <trkpt lat="45.386844025924802" lon="7.036248967051506">
        <ele>2188</ele>
        <time>2017-03-29T01:29:38Z</time>
      </trkpt>
      <trkpt lat="45.386515036225319" lon="7.036638977006078">
        <ele>2193</ele>
        <time>2017-03-29T01:29:58Z</time>
      </trkpt>
      <trkpt lat="45.38598001934588" lon="7.036741990596056">
        <ele>2197</ele>
        <time>2017-03-29T01:30:18Z</time>
      </trkpt>
      <trkpt lat="45.385634014382958" lon="7.037026975303888">
        <ele>2213</ele>
        <time>2017-03-29T01:30:38Z</time>
      </trkpt>
      <trkpt lat="45.385328996926546" lon="7.03750197775662">
        <ele>2205</ele>
        <time>2017-03-29T01:30:58Z</time>
      </trkpt>
      <trkpt lat="45.3849480394274" lon="7.0379329752177">
        <ele>2228</ele>
        <time>2017-03-29T01:31:18Z</time>
      </trkpt>
      <trkpt lat="45.384593987837434" lon="7.038850039243698">
        <ele>2216</ele>
        <time>2017-03-29T01:31:38Z</time>
      </trkpt>
      <trkpt lat="45.384149998426437" lon="7.039225967600942">
        <ele>2227</ele>
        <time>2017-03-29T01:31:58Z</time>
      </trkpt>
      <trkpt lat="45.383410966023803" lon="7.040096009150147">
        <ele>2224</ele>
        <time>2017-03-29T01:32:18Z</time>
      </trkpt>
      <trkpt lat="45.38286798633635" lon="7.040604958310723">
        <ele>2234</ele>
        <time>2017-03-29T01:32:38Z</time>
      </trkpt>
      <trkpt lat="45.382519969716668" lon="7.04068198800087">
        <ele>2235</ele>
        <time>2017-03-29T01:32:58Z</time>
      </trkpt>
      <trkpt lat="45.382059970870614" lon="7.040341012179852">
        <ele>2250</ele>
        <time>2017-03-29T01:33:18Z</time>
      </trkpt>
      <trkpt lat="45.381723018363118" lon="7.040408989414573">
        <ele>2251</ele>
        <time>2017-03-29T01:33:38Z</time>
      </trkpt>
      <trkpt lat="45.381457982584834" lon="7.040709983557463">
        <ele>2253</ele>
        <time>2017-03-29T01:33:58Z</time>
      </trkpt>
      <trkpt lat="45.38123301230371" lon="7.04068198800087">
        <ele>2256</ele>
        <time>2017-03-29T01:34:18Z</time>
      </trkpt>
      <trkpt lat="45.380839984863997" lon="7.040921961888671">
        <ele>2256</ele>
        <time>2017-03-29T01:34:38Z</time>
      </trkpt>
      <trkpt lat="45.380260040983558" lon="7.040839986875653">
        <ele>2263</ele>
        <time>2017-03-29T01:34:58Z</time>
      </trkpt>
      <trkpt lat="45.380194997414947" lon="7.040239004418254">
        <ele>2260</ele>
        <time>2017-03-29T01:35:18Z</time>
      </trkpt>
      <trkpt lat="45.380487022921443" lon="7.039678003638983">
        <ele>2266</ele>
        <time>2017-03-29T01:35:38Z</time>
      </trkpt>
      <trkpt lat="45.380778964608908" lon="7.039310038089752">
        <ele>2274</ele>
        <time>2017-03-29T01:35:58Z</time>
      </trkpt>
      <trkpt lat="45.380662037059665" lon="7.039064029231668">
        <ele>2280</ele>
        <time>2017-03-29T01:36:18Z</time>
      </trkpt>
      <trkpt lat="45.380122996866703" lon="7.038345029577613">
        <ele>2280</ele>
        <time>2017-03-29T01:36:38Z</time>
      </trkpt>
      <trkpt lat="45.379977989941835" lon="7.037810012698174">
        <ele>2279</ele>
        <time>2017-03-29T01:36:58Z</time>
      </trkpt>
      <trkpt lat="45.379934990778565" lon="7.037370968610048">
        <ele>2286</ele>
        <time>2017-03-29T01:37:18Z</time>
      </trkpt>
      <trkpt lat="45.379847986623645" lon="7.037285976111889">
        <ele>2285</ele>
        <time>2017-03-29T01:37:38Z</time>
      </trkpt>
      <trkpt lat="45.379820996895432" lon="7.036592960357666">
        <ele>2293</ele>
        <time>2017-03-29T01:37:58Z</time>
      </trkpt>
      <trkpt lat="45.379603989422321" lon="7.036215020343661">
        <ele>2292</ele>
        <time>2017-03-29T01:38:18Z</time>
      </trkpt>
      <trkpt lat="45.379356974735856" lon="7.035569027066231">
        <ele>2301</ele>
        <time>2017-03-29T01:38:38Z</time>
      </trkpt>
      <trkpt lat="45.379470968618989" lon="7.035260992124677">
        <ele>2307</ele>
        <time>2017-03-29T01:38:58Z</time>
      </trkpt>
      <trkpt lat="45.379297966137528" lon="7.035149009898305">
        <ele>2306</ele>
        <time>2017-03-29T01:39:18Z</time>
      </trkpt>
      <trkpt lat="45.379253961145878" lon="7.034929990768433">
        <ele>2313</ele>
        <time>2017-03-29T01:39:38Z</time>
      </trkpt>
      <trkpt lat="45.378941986709833" lon="7.034416012465954">
        <ele>2308</ele>
        <time>2017-03-29T01:39:58Z</time>
      </trkpt>
      <trkpt lat="45.378759009763598" lon="7.034245021641254">
        <ele>2306</ele>
        <time>2017-03-29T01:40:18Z</time>
      </trkpt>
      <trkpt lat="45.378376040607691" lon="7.033633980900049">
        <ele>2324</ele>
        <time>2017-03-29T01:40:38Z</time>
      </trkpt>
      <trkpt lat="45.378143023699522" lon="7.033014977350831">
        <ele>2322</ele>
        <time>2017-03-29T01:40:58Z</time>
      </trkpt>
      <trkpt lat="45.378201026469469" lon="7.032564030960202">
        <ele>2334</ele>
        <time>2017-03-29T01:41:18Z</time>
      </trkpt>
      <trkpt lat="45.37768897600472" lon="7.031449992209673">
        <ele>2360</ele>
        <time>2017-03-29T01:41:38Z</time>
      </trkpt>
      <trkpt lat="45.377104002982378" lon="7.030981024727225">
        <ele>2348</ele>
        <time>2017-03-29T01:41:58Z</time>
      </trkpt>
      <trkpt lat="45.376754980534315" lon="7.030256995931268">
        <ele>2372</ele>
        <time>2017-03-29T01:42:18Z</time>
      </trkpt>
      <trkpt lat="45.37672396749258" lon="7.029239013791084">
        <ele>2396</ele>
        <time>2017-03-29T01:42:38Z</time>
      </trkpt>
      <trkpt lat="45.376512994989753" lon="7.028596037998796">
        <ele>2403</ele>
        <time>2017-03-29T01:42:58Z</time>
      </trkpt>
      <trkpt lat="45.376189034432173" lon="7.0279620308429">
        <ele>2428</ele>
        <time>2017-03-29T01:43:18Z</time>
      </trkpt>
      <trkpt lat="45.376090966165066" lon="7.02763999812305">
        <ele>2432</ele>
        <time>2017-03-29T01:43:38Z</time>
      </trkpt>
      <trkpt lat="45.375462993979454" lon="7.026960980147123">
        <ele>2435</ele>
        <time>2017-03-29T01:43:58Z</time>
      </trkpt>
      <trkpt lat="45.374760003760457" lon="7.026239968836308">
        <ele>2441</ele>
        <time>2017-03-29T01:44:18Z</time>
      </trkpt>
      <trkpt lat="45.374479964375496" lon="7.025731019675732">
        <ele>2461</ele>
        <time>2017-03-29T01:44:38Z</time>
      </trkpt>
      <trkpt lat="45.37392801605165" lon="7.024986958131194">
        <ele>2448</ele>
        <time>2017-03-29T01:44:58Z</time>
      </trkpt>
      <trkpt lat="45.37375601939857" lon="7.023935029283166">
        <ele>2463</ele>
        <time>2017-03-29T01:45:18Z</time>
      </trkpt>
      <trkpt lat="45.373443961143494" lon="7.022941019386053">
        <ele>2468</ele>
        <time>2017-03-29T01:45:38Z</time>
      </trkpt>
      <trkpt lat="45.373198036104441" lon="7.022586967796087">
        <ele>2442</ele>
        <time>2017-03-29T01:45:58Z</time>
      </trkpt>
      <trkpt lat="45.373096028342843" lon="7.022137027233839">
        <ele>2448</ele>
        <time>2017-03-29T01:46:18Z</time>
      </trkpt>
      <trkpt lat="45.372785981744528" lon="7.02190300449729">
        <ele>2445</ele>
        <time>2017-03-29T01:46:38Z</time>
      </trkpt>
      <trkpt lat="45.372626977041364" lon="7.021530009806156">
        <ele>2453</ele>
        <time>2017-03-29T01:46:58Z</time>
      </trkpt>
      <trkpt lat="45.372369987890124" lon="7.021671999245882">
        <ele>2431</ele>
        <time>2017-03-29T01:47:18Z</time>
      </trkpt>
      <trkpt lat="45.371272964403033" lon="7.021277965977788">
        <ele>2430</ele>
        <time>2017-03-29T01:47:38Z</time>
      </trkpt>
      <trkpt lat="45.371042964980006" lon="7.021408975124359">
        <ele>2427</ele>
        <time>2017-03-29T01:47:58Z</time>
      </trkpt>
      <trkpt lat="45.370708024129272" lon="7.021420961245894">
        <ele>2426</ele>
        <time>2017-03-29T01:48:18Z</time>
      </trkpt>
      <trkpt lat="45.370425973087549" lon="7.02123798429966">
        <ele>2431</ele>
        <time>2017-03-29T01:48:38Z</time>
      </trkpt>
      <trkpt lat="45.370303010568023" lon="7.02151601202786">
        <ele>2427</ele>
        <time>2017-03-29T01:48:58Z</time>
      </trkpt>
      <trkpt lat="45.369700016453862" lon="7.021492039784789">
        <ele>2434</ele>
        <time>2017-03-29T01:49:18Z</time>
      </trkpt>
      <trkpt lat="45.368930976837873" lon="7.021149974316359">
        <ele>2451</ele>
        <time>2017-03-29T01:49:38Z</time>
      </trkpt>
      <trkpt lat="45.368534009903669" lon="7.021530009806156">
        <ele>2447</ele>
        <time>2017-03-29T01:49:58Z</time>
      </trkpt>
      <trkpt lat="45.368269979953766" lon="7.021566973999143">
        <ele>2449</ele>
        <time>2017-03-29T01:50:18Z</time>
      </trkpt>
      <trkpt lat="45.368083985522389" lon="7.021244019269943">
        <ele>2460</ele>
        <time>2017-03-29T01:50:38Z</time>
      </trkpt>
      <trkpt lat="45.368083985522389" lon="7.021244019269943">
        <ele>2460</ele>
        <time>2017-03-29T01:50:58Z</time>
      </trkpt>
      <trkpt lat="45.367774022743106" lon="7.021295987069607">
        <ele>2460</ele>
        <time>2017-03-29T01:51:18Z</time>
      </trkpt>
      <trkpt lat="45.367502029985189" lon="7.021650038659573">
        <ele>2452</ele>
        <time>2017-03-29T01:51:38Z</time>
      </trkpt>
      <trkpt lat="45.367034990340471" lon="7.021852964535356">
        <ele>2441</ele>
        <time>2017-03-29T01:51:58Z</time>
      </trkpt>
      <trkpt lat="45.366242984309793" lon="7.021575020626187">
        <ele>2460</ele>
        <time>2017-03-29T01:52:18Z</time>
      </trkpt>
      <trkpt lat="45.365211004391313" lon="7.020833976566792">
        <ele>2462</ele>
        <time>2017-03-29T01:52:38Z</time>
      </trkpt>
      <trkpt lat="45.364593006670475" lon="7.020672960206866">
        <ele>2469</ele>
        <time>2017-03-29T01:52:58Z</time>
      </trkpt>
      <trkpt lat="45.363928992301226" lon="7.020286973565817">
        <ele>2463</ele>
        <time>2017-03-29T01:53:18Z</time>
      </trkpt>
      <trkpt lat="45.363703016191721" lon="7.019708035513759">
        <ele>2481</ele>
        <time>2017-03-29T01:53:38Z</time>
      </trkpt>
      <trkpt lat="45.363088035956025" lon="7.019185004755855">
        <ele>2471</ele>
        <time>2017-03-29T01:53:58Z</time>
      </trkpt>
      <trkpt lat="45.362770026549697" lon="7.018909994512796">
        <ele>2486</ele>
        <time>2017-03-29T01:54:18Z</time>
      </trkpt>
      <trkpt lat="45.362451011314988" lon="7.018900020048022">
        <ele>2469</ele>
        <time>2017-03-29T01:54:38Z</time>
      </trkpt>
      <trkpt lat="45.361788002774119" lon="7.018384030088782">
        <ele>2469</ele>
        <time>2017-03-29T01:54:58Z</time>
      </trkpt>
      <trkpt lat="45.361049976199865" lon="7.017609961330891">
        <ele>2470</ele>
        <time>2017-03-29T01:55:18Z</time>
      </trkpt>
      <trkpt lat="45.360529962927103" lon="7.017462020739913">
        <ele>2467</ele>
        <time>2017-03-29T01:55:38Z</time>
      </trkpt>
      <trkpt lat="45.360122015699744" lon="7.017008978873491">
        <ele>2467</ele>
        <time>2017-03-29T01:55:58Z</time>
      </trkpt>
      <trkpt lat="45.359728988260031" lon="7.016673032194376">
        <ele>2457</ele>
        <time>2017-03-29T01:56:18Z</time>
      </trkpt>
      <trkpt lat="45.359301008284092" lon="7.016719970852137">
        <ele>2452</ele>
        <time>2017-03-29T01:56:38Z</time>
      </trkpt>
      <trkpt lat="45.358642023056746" lon="7.016461975872517">
        <ele>2447</ele>
        <time>2017-03-29T01:56:58Z</time>
      </trkpt>
      <trkpt lat="45.357828978449106" lon="7.01565102674067">
        <ele>2444</ele>
        <time>2017-03-29T01:57:18Z</time>
      </trkpt>
      <trkpt lat="45.357509963214397" lon="7.015550024807453">
        <ele>2440</ele>
        <time>2017-03-29T01:57:38Z</time>
      </trkpt>
      <trkpt lat="45.357116013765335" lon="7.015641974285245">
        <ele>2413</ele>
        <time>2017-03-29T01:57:58Z</time>
      </trkpt>
      <trkpt lat="45.356444958597422" lon="7.015044009312987">
        <ele>2383</ele>
        <time>2017-03-29T01:58:18Z</time>
      </trkpt>
      <trkpt lat="45.356301041319966" lon="7.014485020190477">
        <ele>2382</ele>
        <time>2017-03-29T01:58:38Z</time>
      </trkpt>
      <trkpt lat="45.356177994981408" lon="7.014875030145049">
        <ele>2377</ele>
        <time>2017-03-29T01:58:58Z</time>
      </trkpt>
      <trkpt lat="45.35603298805654" lon="7.014717031270266">
        <ele>2373</ele>
        <time>2017-03-29T01:59:18Z</time>
      </trkpt>
      <trkpt lat="45.355888986960053" lon="7.014644024893642">
        <ele>2371</ele>
        <time>2017-03-29T01:59:38Z</time>
      </trkpt>
      <trkpt lat="45.355941038578749" lon="7.014318974688649">
        <ele>2369</ele>
        <time>2017-03-29T01:59:58Z</time>
      </trkpt>
      <trkpt lat="45.355609031394124" lon="7.013797033578157">
        <ele>2339</ele>
        <time>2017-03-29T02:00:18Z</time>
      </trkpt>
      <trkpt lat="45.355454972013831" lon="7.013764008879662">
        <ele>2335</ele>
        <time>2017-03-29T02:00:38Z</time>
      </trkpt>
      <trkpt lat="45.355485985055566" lon="7.013966012746096">
        <ele>2336</ele>
        <time>2017-03-29T02:00:58Z</time>
      </trkpt>
      <trkpt lat="45.355298984795809" lon="7.014081012457609">
        <ele>2329</ele>
        <time>2017-03-29T02:01:18Z</time>
      </trkpt>
      <trkpt lat="45.35512899979949" lon="7.014515027403832">
        <ele>2326</ele>
        <time>2017-03-29T02:01:38Z</time>
      </trkpt>
      <trkpt lat="45.354831023141742" lon="7.01530602760613">
        <ele>2289</ele>
        <time>2017-03-29T02:01:58Z</time>
      </trkpt>
      <trkpt lat="45.354858012869954" lon="7.015620013698936">
        <ele>2288</ele>
        <time>2017-03-29T02:02:18Z</time>
      </trkpt>
      <trkpt lat="45.354599012061954" lon="7.0153299998492">
        <ele>2283</ele>
        <time>2017-03-29T02:02:38Z</time>
      </trkpt>
      <trkpt lat="45.354449981823564" lon="7.014241022989154">
        <ele>2287</ele>
        <time>2017-03-29T02:02:58Z</time>
      </trkpt>
      <trkpt lat="45.354345040395856" lon="7.013981016352773">
        <ele>2285</ele>
        <time>2017-03-29T02:03:18Z</time>
      </trkpt>
      <trkpt lat="45.354270022362471" lon="7.013549013063312">
        <ele>2283</ele>
        <time>2017-03-29T02:03:38Z</time>
      </trkpt>
      <trkpt lat="45.354317966848612" lon="7.013137964531779">
        <ele>2282</ele>
        <time>2017-03-29T02:03:58Z</time>
      </trkpt>
      <trkpt lat="45.354267004877329" lon="7.012651981785893">
        <ele>2280</ele>
        <time>2017-03-29T02:04:18Z</time>
      </trkpt>
      <trkpt lat="45.353806000202894" lon="7.012080000713468">
        <ele>2257</ele>
        <time>2017-03-29T02:04:38Z</time>
      </trkpt>
      <trkpt lat="45.353519003838301" lon="7.011150028556585">
        <ele>2253</ele>
        <time>2017-03-29T02:04:58Z</time>
      </trkpt>
      <trkpt lat="45.353343989700079" lon="7.011253964155912">
        <ele>2251</ele>
        <time>2017-03-29T02:05:18Z</time>
      </trkpt>
      <trkpt lat="45.353095969185233" lon="7.010858003050089">
        <ele>2248</ele>
        <time>2017-03-29T02:05:38Z</time>
      </trkpt>
      <trkpt lat="45.352866975590587" lon="7.011238038539887">
        <ele>2248</ele>
        <time>2017-03-29T02:05:58Z</time>
      </trkpt>
      <trkpt lat="45.352631025016308" lon="7.01131003908813">
        <ele>2248</ele>
        <time>2017-03-29T02:06:18Z</time>
      </trkpt>
      <trkpt lat="45.352205978706479" lon="7.011717986315489">
        <ele>2253</ele>
        <time>2017-03-29T02:06:38Z</time>
      </trkpt>
      <trkpt lat="45.352018978446722" lon="7.012236993759871">
        <ele>2256</ele>
        <time>2017-03-29T02:06:58Z</time>
      </trkpt>
      <trkpt lat="45.351178022101521" lon="7.01333099976182">
        <ele>2269</ele>
        <time>2017-03-29T02:07:18Z</time>
      </trkpt>
      <trkpt lat="45.350825982168317" lon="7.014215961098671">
        <ele>2265</ele>
        <time>2017-03-29T02:07:38Z</time>
      </trkpt>
      <trkpt lat="45.350606041029096" lon="7.014262983575463">
        <ele>2262</ele>
        <time>2017-03-29T02:07:58Z</time>
      </trkpt>
      <trkpt lat="45.350400013849139" lon="7.014439003542066">
        <ele>2260</ele>
        <time>2017-03-29T02:08:18Z</time>
      </trkpt>
      <trkpt lat="45.350170014426112" lon="7.014489965513349">
        <ele>2261</ele>
        <time>2017-03-29T02:08:38Z</time>
      </trkpt>
      <trkpt lat="45.349826021119952" lon="7.01425502076745">
        <ele>2268</ele>
        <time>2017-03-29T02:08:58Z</time>
      </trkpt>
      <trkpt lat="45.349514968693256" lon="7.01425502076745">
        <ele>2265</ele>
        <time>2017-03-29T02:09:18Z</time>
      </trkpt>
      <trkpt lat="45.349300978705287" lon="7.014127029106021">
        <ele>2274</ele>
        <time>2017-03-29T02:09:38Z</time>
      </trkpt>
      <trkpt lat="45.348827987909317" lon="7.014607982710004">
        <ele>2267</ele>
        <time>2017-03-29T02:09:58Z</time>
      </trkpt>
      <trkpt lat="45.348219964653254" lon="7.015338968485594">
        <ele>2262</ele>
        <time>2017-03-29T02:10:18Z</time>
      </trkpt>
      <trkpt lat="45.347875971347094" lon="7.015492022037506">
        <ele>2261</ele>
        <time>2017-03-29T02:10:38Z</time>
      </trkpt>
      <trkpt lat="45.347464000806212" lon="7.015304015949369">
        <ele>2263</ele>
        <time>2017-03-29T02:10:58Z</time>
      </trkpt>
      <trkpt lat="45.346953961998224" lon="7.014718959107995">
        <ele>2271</ele>
        <time>2017-03-29T02:11:18Z</time>
      </trkpt>
      <trkpt lat="45.346390027552843" lon="7.014800012111664">
        <ele>2268</ele>
        <time>2017-03-29T02:11:38Z</time>
      </trkpt>
      <trkpt lat="45.345940003171563" lon="7.014760030433536">
        <ele>2267</ele>
        <time>2017-03-29T02:11:58Z</time>
      </trkpt>
      <trkpt lat="45.345787033438683" lon="7.014580992981792">
        <ele>2267</ele>
        <time>2017-03-29T02:12:18Z</time>
      </trkpt>
      <trkpt lat="45.344997039064765" lon="7.014429029077292">
        <ele>2262</ele>
        <time>2017-03-29T02:12:38Z</time>
      </trkpt>
      <trkpt lat="45.344305029138923" lon="7.013667030259967">
        <ele>2265</ele>
        <time>2017-03-29T02:12:58Z</time>
      </trkpt>
      <trkpt lat="45.343981990590692" lon="7.01335497200489">
        <ele>2256</ele>
        <time>2017-03-29T02:13:18Z</time>
      </trkpt>
      <trkpt lat="45.343510005623102" lon="7.012978959828615">
        <ele>2256</ele>
        <time>2017-03-29T02:13:38Z</time>
      </trkpt>
      <trkpt lat="45.343255028128624" lon="7.012972002848983">
        <ele>2240</ele>
        <time>2017-03-29T02:13:58Z</time>
      </trkpt>
      <trkpt lat="45.343052018433809" lon="7.012867983430624">
        <ele>2238</ele>
        <time>2017-03-29T02:14:18Z</time>
      </trkpt>
      <trkpt lat="45.342653961852193" lon="7.012661034241319">
        <ele>2231</ele>
        <time>2017-03-29T02:14:38Z</time>
      </trkpt>
      <trkpt lat="45.342440977692604" lon="7.011813959106803">
        <ele>2218</ele>
        <time>2017-03-29T02:14:58Z</time>
      </trkpt>
      <trkpt lat="45.342247020453215" lon="7.011569039896131">
        <ele>2215</ele>
        <time>2017-03-29T02:15:18Z</time>
      </trkpt>
      <trkpt lat="45.342040993273258" lon="7.011799961328507">
        <ele>2208</ele>
        <time>2017-03-29T02:15:38Z</time>
      </trkpt>
      <trkpt lat="45.342072006314993" lon="7.012230036780238">
        <ele>2208</ele>
        <time>2017-03-29T02:15:58Z</time>
      </trkpt>
      <trkpt lat="45.341770006343722" lon="7.012259960174561">
        <ele>2201</ele>
        <time>2017-03-29T02:16:18Z</time>
      </trkpt>
      <trkpt lat="45.341515028849244" lon="7.011754028499126">
        <ele>2185</ele>
        <time>2017-03-29T02:16:38Z</time>
      </trkpt>
      <trkpt lat="45.341460965573788" lon="7.011027988046408">
        <ele>2185</ele>
        <time>2017-03-29T02:16:58Z</time>
      </trkpt>
      <trkpt lat="45.341069027781487" lon="7.010669996961951">
        <ele>2180</ele>
        <time>2017-03-29T02:17:18Z</time>
      </trkpt>
      <trkpt lat="45.340886972844601" lon="7.010714001953602">
        <ele>2173</ele>
        <time>2017-03-29T02:17:38Z</time>
      </trkpt>
      <trkpt lat="45.340471984818578" lon="7.010500011965632">
        <ele>2156</ele>
        <time>2017-03-29T02:17:58Z</time>
      </trkpt>
      <trkpt lat="45.339801013469696" lon="7.010243022814393">
        <ele>2126</ele>
        <time>2017-03-29T02:18:18Z</time>
      </trkpt>
      <trkpt lat="45.33931796438992" lon="7.009544977918267">
        <ele>2123</ele>
        <time>2017-03-29T02:18:38Z</time>
      </trkpt>
      <trkpt lat="45.339152002707124" lon="7.00909897685051">
        <ele>2106</ele>
        <time>2017-03-29T02:18:58Z</time>
      </trkpt>
      <trkpt lat="45.338759981095791" lon="7.008417025208473">
        <ele>2093</ele>
        <time>2017-03-29T02:19:18Z</time>
      </trkpt>
      <trkpt lat="45.338506009429693" lon="7.008378971368074">
        <ele>2083</ele>
        <time>2017-03-29T02:19:38Z</time>
      </trkpt>
      <trkpt lat="45.338381035253406" lon="7.008245028555393">
        <ele>2083</ele>
        <time>2017-03-29T02:19:58Z</time>
      </trkpt>
      <trkpt lat="45.338131003081799" lon="7.007984016090632">
        <ele>2059</ele>
        <time>2017-03-29T02:20:18Z</time>
      </trkpt>
      <trkpt lat="45.338077023625374" lon="7.007701965048909">
        <ele>2061</ele>
        <time>2017-03-29T02:20:38Z</time>
      </trkpt>
      <trkpt lat="45.337652983143926" lon="7.007051026448607">
        <ele>2058</ele>
        <time>2017-03-29T02:20:58Z</time>
      </trkpt>
      <trkpt lat="45.337662035599351" lon="7.006709966808558">
        <ele>2054</ele>
        <time>2017-03-29T02:21:18Z</time>
      </trkpt>
      <trkpt lat="45.337466988712549" lon="7.006482984870672">
        <ele>2038</ele>
        <time>2017-03-29T02:21:38Z</time>
      </trkpt>
      <trkpt lat="45.336812026798725" lon="7.006208980455995">
        <ele>2026</ele>
        <time>2017-03-29T02:21:58Z</time>
      </trkpt>
      <trkpt lat="45.336728962138295" lon="7.006020974367857">
        <ele>2025</ele>
        <time>2017-03-29T02:22:18Z</time>
      </trkpt>
      <trkpt lat="45.336490999907255" lon="7.006130022928119">
        <ele>1999</ele>
        <time>2017-03-29T02:22:38Z</time>
      </trkpt>
      <trkpt lat="45.336116999387741" lon="7.005769014358521">
        <ele>1999</ele>
        <time>2017-03-29T02:22:58Z</time>
      </trkpt>
      <trkpt lat="45.336139965802431" lon="7.006339989602566">
        <ele>1989</ele>
        <time>2017-03-29T02:23:18Z</time>
      </trkpt>
      <trkpt lat="45.335864033550024" lon="7.006170004606247">
        <ele>1986</ele>
        <time>2017-03-29T02:23:38Z</time>
      </trkpt>
      <trkpt lat="45.335736041888595" lon="7.005707994103432">
        <ele>1974</ele>
        <time>2017-03-29T02:23:58Z</time>
      </trkpt>
      <trkpt lat="45.335609978064895" lon="7.006381982937455">
        <ele>1956</ele>
        <time>2017-03-29T02:24:18Z</time>
      </trkpt>
      <trkpt lat="45.335417026653886" lon="7.005954002961516">
        <ele>1955</ele>
        <time>2017-03-29T02:24:38Z</time>
      </trkpt>
      <trkpt lat="45.335321975871921" lon="7.006018962711096">
        <ele>1952</ele>
        <time>2017-03-29T02:24:58Z</time>
      </trkpt>
      <trkpt lat="45.335117960348725" lon="7.0056820102036">
        <ele>1953</ele>
        <time>2017-03-29T02:25:18Z</time>
      </trkpt>
      <trkpt lat="45.334917968139052" lon="7.005567010492086">
        <ele>1930</ele>
        <time>2017-03-29T02:25:38Z</time>
      </trkpt>
      <trkpt lat="45.334792993962765" lon="7.005343968048692">
        <ele>1929</ele>
        <time>2017-03-29T02:25:58Z</time>
      </trkpt>
      <trkpt lat="45.334239033982158" lon="7.004967033863068">
        <ele>1916</ele>
        <time>2017-03-29T02:26:18Z</time>
      </trkpt>
      <trkpt lat="45.333977015689015" lon="7.004311988130212">
        <ele>1907</ele>
        <time>2017-03-29T02:26:38Z</time>
      </trkpt>
      <trkpt lat="45.333851035684347" lon="7.003805972635746">
        <ele>1907</ele>
        <time>2017-03-29T02:26:58Z</time>
      </trkpt>
      <trkpt lat="45.333794038742781" lon="7.003803960978985">
        <ele>1905</ele>
        <time>2017-03-29T02:27:18Z</time>
      </trkpt>
      <trkpt lat="45.333759002387524" lon="7.004550034180284">
        <ele>1899</ele>
        <time>2017-03-29T02:27:38Z</time>
      </trkpt>
      <trkpt lat="45.333983972668648" lon="7.004913976415992">
        <ele>1902</ele>
        <time>2017-03-29T02:27:58Z</time>
      </trkpt>
      <trkpt lat="45.333598991855979" lon="7.004660004749894">
        <ele>1895</ele>
        <time>2017-03-29T02:28:18Z</time>
      </trkpt>
      <trkpt lat="45.3333630412817" lon="7.004168992862105">
        <ele>1888</ele>
        <time>2017-03-29T02:28:38Z</time>
      </trkpt>
      <trkpt lat="45.333462031558156" lon="7.004833007231355">
        <ele>1889</ele>
        <time>2017-03-29T02:28:58Z</time>
      </trkpt>
      <trkpt lat="45.333336973562837" lon="7.004666961729527">
        <ele>1891</ele>
        <time>2017-03-29T02:29:18Z</time>
      </trkpt>
      <trkpt lat="45.333115020766854" lon="7.00404996983707">
        <ele>1874</ele>
        <time>2017-03-29T02:29:38Z</time>
      </trkpt>
      <trkpt lat="45.332907987758517" lon="7.003803038969636">
        <ele>1867</ele>
        <time>2017-03-29T02:29:58Z</time>
      </trkpt>
      <trkpt lat="45.332575980573893" lon="7.002957975491881">
        <ele>1859</ele>
        <time>2017-03-29T02:30:18Z</time>
      </trkpt>
      <trkpt lat="45.332559971138835" lon="7.002713978290558">
        <ele>1856</ele>
        <time>2017-03-29T02:30:38Z</time>
      </trkpt>
      <trkpt lat="45.332121010869741" lon="7.002388006076217">
        <ele>1832</ele>
        <time>2017-03-29T02:30:58Z</time>
      </trkpt>
      <trkpt lat="45.331469988450408" lon="7.001781994476914">
        <ele>1799</ele>
        <time>2017-03-29T02:31:18Z</time>
      </trkpt>
      <trkpt lat="45.331050977110863" lon="7.001005997881293">
        <ele>1803</ele>
        <time>2017-03-29T02:31:38Z</time>
      </trkpt>
      <trkpt lat="45.33065996132791" lon="7.00046201236546">
        <ele>1788</ele>
        <time>2017-03-29T02:31:58Z</time>
      </trkpt>
      <trkpt lat="45.329681038856506" lon="6.998910019174218">
        <ele>1781</ele>
        <time>2017-03-29T02:32:18Z</time>
      </trkpt>
      <trkpt lat="45.329128000885248" lon="6.998810023069382">
        <ele>1737</ele>
        <time>2017-03-29T02:32:38Z</time>
      </trkpt>
      <trkpt lat="45.328411012887955" lon="6.998050035908818">
        <ele>1744</ele>
        <time>2017-03-29T02:32:58Z</time>
      </trkpt>
      <trkpt lat="45.327786980196834" lon="6.997597999870777">
        <ele>1727</ele>
        <time>2017-03-29T02:33:18Z</time>
      </trkpt>
      <trkpt lat="45.32758598215878" lon="6.997338999062777">
        <ele>1732</ele>
        <time>2017-03-29T02:33:38Z</time>
      </trkpt>
      <trkpt lat="45.327136963605881" lon="6.997100031003356">
        <ele>1721</ele>
        <time>2017-03-29T02:33:58Z</time>
      </trkpt>
      <trkpt lat="45.326860025525093" lon="6.996728964149952">
        <ele>1718</ele>
        <time>2017-03-29T02:34:18Z</time>
      </trkpt>
      <trkpt lat="45.326556013897061" lon="6.99569103308022">
        <ele>1717</ele>
        <time>2017-03-29T02:34:38Z</time>
      </trkpt>
      <trkpt lat="45.32621000893414" lon="6.995070017874241">
        <ele>1716</ele>
        <time>2017-03-29T02:34:58Z</time>
      </trkpt>
      <trkpt lat="45.325970035046339" lon="6.994792995974422">
        <ele>1716</ele>
        <time>2017-03-29T02:35:18Z</time>
      </trkpt>
      <trkpt lat="45.325790997594595" lon="6.994335008785129">
        <ele>1710</ele>
        <time>2017-03-29T02:35:38Z</time>
      </trkpt>
      <trkpt lat="45.325466031208634" lon="6.993774008005858">
        <ele>1713</ele>
        <time>2017-03-29T02:35:58Z</time>
      </trkpt>
      <trkpt lat="45.325232008472085" lon="6.993648028001189">
        <ele>1712</ele>
        <time>2017-03-29T02:36:18Z</time>
      </trkpt>
      <trkpt lat="45.324530024081469" lon="6.992995999753475">
        <ele>1717</ele>
        <time>2017-03-29T02:36:38Z</time>
      </trkpt>
      <trkpt lat="45.323970029130578" lon="6.992903966456652">
        <ele>1713</ele>
        <time>2017-03-29T02:36:58Z</time>
      </trkpt>
      <trkpt lat="45.322830006480217" lon="6.993230022490025">
        <ele>1709</ele>
        <time>2017-03-29T02:37:18Z</time>
      </trkpt>
      <trkpt lat="45.322356009855866" lon="6.993272015824914">
        <ele>1706</ele>
        <time>2017-03-29T02:37:38Z</time>
      </trkpt>
      <trkpt lat="45.321872038766742" lon="6.992934979498386">
        <ele>1706</ele>
        <time>2017-03-29T02:37:58Z</time>
      </trkpt>
      <trkpt lat="45.32141899690032" lon="6.991980029270053">
        <ele>1705</ele>
        <time>2017-03-29T02:38:18Z</time>
      </trkpt>
    </trkseg>
  </trk>

</gpx>