<?xml version="1.0" encoding="utf-8"?><gpx creator="Garmin Desktop App" version="1.1" xsi:schemaLocation="http://www.topografix.com/GPX/1/1 http://www.topografix.com/GPX/1/1/gpx.xsd http://www.garmin.com/xmlschemas/WaypointExtension/v1 http://www8.garmin.com/xmlschemas/WaypointExtensionv1.xsd http://www.garmin.com/xmlschemas/TrackPointExtension/v1 http://www.garmin.com/xmlschemas/TrackPointExtensionv1.xsd http://www.garmin.com/xmlschemas/GpxExtensions/v3 http://www8.garmin.com/xmlschemas/GpxExtensionsv3.xsd http://www.garmin.com/xmlschemas/ActivityExtension/v1 http://www8.garmin.com/xmlschemas/ActivityExtensionv1.xsd http://www.garmin.com/xmlschemas/AdventuresExtensions/v1 http://www8.garmin.com/xmlschemas/AdventuresExtensionv1.xsd http://www.garmin.com/xmlschemas/PressureExtension/v1 http://www.garmin.com/xmlschemas/PressureExtensionv1.xsd http://www.garmin.com/xmlschemas/TripExtensions/v1 http://www.garmin.com/xmlschemas/TripExtensionsv1.xsd http://www.garmin.com/xmlschemas/TripMetaDataExtensions/v1 http://www.garmin.com/xmlschemas/TripMetaDataExtensionsv1.xsd http://www.garmin.com/xmlschemas/ViaPointTransportationModeExtensions/v1 http://www.garmin.com/xmlschemas/ViaPointTransportationModeExtensionsv1.xsd http://www.garmin.com/xmlschemas/CreationTimeExtension/v1 http://www.garmin.com/xmlschemas/CreationTimeExtensionsv1.xsd http://www.garmin.com/xmlschemas/AccelerationExtension/v1 http://www.garmin.com/xmlschemas/AccelerationExtensionv1.xsd http://www.garmin.com/xmlschemas/PowerExtension/v1 http://www.garmin.com/xmlschemas/PowerExtensionv1.xsd http://www.garmin.com/xmlschemas/VideoExtension/v1 http://www.garmin.com/xmlschemas/VideoExtensionv1.xsd" xmlns="http://www.topografix.com/GPX/1/1" xmlns:xsi="http://www.w3.org/2001/XMLSchema-instance" xmlns:wptx1="http://www.garmin.com/xmlschemas/WaypointExtension/v1" xmlns:gpxtrx="http://www.garmin.com/xmlschemas/GpxExtensions/v3" xmlns:gpxtpx="http://www.garmin.com/xmlschemas/TrackPointExtension/v1" xmlns:gpxx="http://www.garmin.com/xmlschemas/GpxExtensions/v3" xmlns:trp="http://www.garmin.com/xmlschemas/TripExtensions/v1" xmlns:adv="http://www.garmin.com/xmlschemas/AdventuresExtensions/v1" xmlns:prs="http://www.garmin.com/xmlschemas/PressureExtension/v1" xmlns:tmd="http://www.garmin.com/xmlschemas/TripMetaDataExtensions/v1" xmlns:vptm="http://www.garmin.com/xmlschemas/ViaPointTransportationModeExtensions/v1" xmlns:ctx="http://www.garmin.com/xmlschemas/CreationTimeExtension/v1" xmlns:gpxacc="http://www.garmin.com/xmlschemas/AccelerationExtension/v1" xmlns:gpxpx="http://www.garmin.com/xmlschemas/PowerExtension/v1" xmlns:vidx1="http://www.garmin.com/xmlschemas/VideoExtension/v1">

  <metadata>
    <link href="http://www.garmin.com">
      <text>Garmin International</text>
    </link>
    <time>2018-04-18T11:06:06Z</time>
    <bounds maxlat="46.348978970199823" maxlon="6.843547001481056" minlat="45.890767984092236" minlon="6.560586020350456" />
  </metadata>

  <trk>
    <name>Part 10 - FR Reyvroz toLes Houches</name>
    <desc>Randonnée avec le GR5 à travers le Haute-Savoie de Thonon-les-Bains à Les Houches. Gîtes d'étapes, Chambres d'hôtes, Hôtels, Camping, Refuges, Auberges.</desc>
    <extensions>
      <gpxx:TrackExtension>
        <gpxx:DisplayColor>Blue</gpxx:DisplayColor>
      </gpxx:TrackExtension>
    </extensions>
    <trkseg>
      <trkpt lat="46.328082969412208" lon="6.56130401417613">
        <ele>852</ele>
        <time>2017-03-27T17:29:29Z</time>
      </trkpt>
      <trkpt lat="46.32714101113379" lon="6.560835968703032">
        <ele>839</ele>
        <time>2017-03-27T17:29:49Z</time>
      </trkpt>
      <trkpt lat="46.326871030032635" lon="6.560857007279992">
        <ele>837</ele>
        <time>2017-03-27T17:30:09Z</time>
      </trkpt>
      <trkpt lat="46.326424023136497" lon="6.560586020350456">
        <ele>837</ele>
        <time>2017-03-27T17:30:29Z</time>
      </trkpt>
      <trkpt lat="46.326139038428664" lon="6.560598006471992">
        <ele>835</ele>
        <time>2017-03-27T17:30:49Z</time>
      </trkpt>
      <trkpt lat="46.325837960466743" lon="6.560906041413546">
        <ele>831</ele>
        <time>2017-03-27T17:31:09Z</time>
      </trkpt>
      <trkpt lat="46.32507998496294" lon="6.560905035585165">
        <ele>826</ele>
        <time>2017-03-27T17:31:29Z</time>
      </trkpt>
      <trkpt lat="46.324891978874803" lon="6.560933031141758">
        <ele>825</ele>
        <time>2017-03-27T17:31:49Z</time>
      </trkpt>
      <trkpt lat="46.324409013614058" lon="6.561422031372786">
        <ele>821</ele>
        <time>2017-03-27T17:32:09Z</time>
      </trkpt>
      <trkpt lat="46.323904003947973" lon="6.562082022428513">
        <ele>813</ele>
        <time>2017-03-27T17:32:29Z</time>
      </trkpt>
      <trkpt lat="46.323047960177064" lon="6.562364995479584">
        <ele>820</ele>
        <time>2017-03-27T17:32:49Z</time>
      </trkpt>
      <trkpt lat="46.322961961850524" lon="6.562645034864545">
        <ele>817</ele>
        <time>2017-03-27T17:33:09Z</time>
      </trkpt>
      <trkpt lat="46.323076961562037" lon="6.562976958230138">
        <ele>814</ele>
        <time>2017-03-27T17:33:29Z</time>
      </trkpt>
      <trkpt lat="46.323311990126967" lon="6.563203018158674">
        <ele>809</ele>
        <time>2017-03-27T17:33:49Z</time>
      </trkpt>
      <trkpt lat="46.32370300590992" lon="6.563411979004741">
        <ele>796</ele>
        <time>2017-03-27T17:34:09Z</time>
      </trkpt>
      <trkpt lat="46.323877014219761" lon="6.563762007281184">
        <ele>793</ele>
        <time>2017-03-27T17:34:29Z</time>
      </trkpt>
      <trkpt lat="46.324212960898876" lon="6.565127000212669">
        <ele>774</ele>
        <time>2017-03-27T17:34:49Z</time>
      </trkpt>
      <trkpt lat="46.324321003630757" lon="6.565162036567926">
        <ele>772</ele>
        <time>2017-03-27T17:35:09Z</time>
      </trkpt>
      <trkpt lat="46.32419602945447" lon="6.565610971301794">
        <ele>769</ele>
        <time>2017-03-27T17:35:29Z</time>
      </trkpt>
      <trkpt lat="46.324358973652124" lon="6.566328965127468">
        <ele>763</ele>
        <time>2017-03-27T17:35:49Z</time>
      </trkpt>
      <trkpt lat="46.324225030839443" lon="6.567021980881691">
        <ele>759</ele>
        <time>2017-03-27T17:36:09Z</time>
      </trkpt>
      <trkpt lat="46.324195023626089" lon="6.567424982786179">
        <ele>759</ele>
        <time>2017-03-27T17:36:29Z</time>
      </trkpt>
      <trkpt lat="46.32406803779304" lon="6.567913983017206">
        <ele>755</ele>
        <time>2017-03-27T17:36:49Z</time>
      </trkpt>
      <trkpt lat="46.32389796897769" lon="6.569821033626795">
        <ele>746</ele>
        <time>2017-03-27T17:37:09Z</time>
      </trkpt>
      <trkpt lat="46.32391800172627" lon="6.571055017411709">
        <ele>740</ele>
        <time>2017-03-27T17:37:29Z</time>
      </trkpt>
      <trkpt lat="46.324073988944292" lon="6.571637978777289">
        <ele>740</ele>
        <time>2017-03-27T17:37:49Z</time>
      </trkpt>
      <trkpt lat="46.324033001437783" lon="6.572051960974932">
        <ele>736</ele>
        <time>2017-03-27T17:38:09Z</time>
      </trkpt>
      <trkpt lat="46.323718009516597" lon="6.572572980076075">
        <ele>731</ele>
        <time>2017-03-27T17:38:29Z</time>
      </trkpt>
      <trkpt lat="46.323550958186388" lon="6.573057034984231">
        <ele>730</ele>
        <time>2017-03-27T17:38:49Z</time>
      </trkpt>
      <trkpt lat="46.323556993156672" lon="6.573546035215259">
        <ele>727</ele>
        <time>2017-03-27T17:39:09Z</time>
      </trkpt>
      <trkpt lat="46.323916995897889" lon="6.574471984058619">
        <ele>720</ele>
        <time>2017-03-27T17:39:29Z</time>
      </trkpt>
      <trkpt lat="46.324246991425753" lon="6.57486098818481">
        <ele>718</ele>
        <time>2017-03-27T17:39:49Z</time>
      </trkpt>
      <trkpt lat="46.324612023308873" lon="6.575442021712661">
        <ele>714</ele>
        <time>2017-03-27T17:40:09Z</time>
      </trkpt>
      <trkpt lat="46.324845962226391" lon="6.576083991676569">
        <ele>707</ele>
        <time>2017-03-27T17:40:29Z</time>
      </trkpt>
      <trkpt lat="46.325150979682803" lon="6.576413987204433">
        <ele>707</ele>
        <time>2017-03-27T17:40:49Z</time>
      </trkpt>
      <trkpt lat="46.325303027406335" lon="6.576822018250823">
        <ele>698</ele>
        <time>2017-03-27T17:41:09Z</time>
      </trkpt>
      <trkpt lat="46.325559010729194" lon="6.577262990176678">
        <ele>696</ele>
        <time>2017-03-27T17:41:29Z</time>
      </trkpt>
      <trkpt lat="46.325625982135534" lon="6.577797001227737">
        <ele>688</ele>
        <time>2017-03-27T17:41:49Z</time>
      </trkpt>
      <trkpt lat="46.325607039034367" lon="6.578723033890128">
        <ele>680</ele>
        <time>2017-03-27T17:42:09Z</time>
      </trkpt>
      <trkpt lat="46.32576403208077" lon="6.579535994678736">
        <ele>675</ele>
        <time>2017-03-27T17:42:29Z</time>
      </trkpt>
      <trkpt lat="46.325520034879446" lon="6.580881960690022">
        <ele>677</ele>
        <time>2017-03-27T17:42:49Z</time>
      </trkpt>
      <trkpt lat="46.325333034619689" lon="6.581253027543426">
        <ele>676</ele>
        <time>2017-03-27T17:43:09Z</time>
      </trkpt>
      <trkpt lat="46.32538097910583" lon="6.581409014761448">
        <ele>677</ele>
        <time>2017-03-27T17:43:29Z</time>
      </trkpt>
      <trkpt lat="46.325646014884114" lon="6.581321004778147">
        <ele>679</ele>
        <time>2017-03-27T17:43:49Z</time>
      </trkpt>
      <trkpt lat="46.325858999043703" lon="6.58132997341454">
        <ele>673</ele>
        <time>2017-03-27T17:44:09Z</time>
      </trkpt>
      <trkpt lat="46.326057985424995" lon="6.58150096423924">
        <ele>672</ele>
        <time>2017-03-27T17:44:29Z</time>
      </trkpt>
      <trkpt lat="46.326057985424995" lon="6.581793995574117">
        <ele>670</ele>
        <time>2017-03-27T17:44:49Z</time>
      </trkpt>
      <trkpt lat="46.325999982655048" lon="6.581849986687303">
        <ele>670</ele>
        <time>2017-03-27T17:45:09Z</time>
      </trkpt>
      <trkpt lat="46.325815999880433" lon="6.581701962277293">
        <ele>682</ele>
        <time>2017-03-27T17:45:29Z</time>
      </trkpt>
      <trkpt lat="46.325646014884114" lon="6.58179902471602">
        <ele>677</ele>
        <time>2017-03-27T17:45:49Z</time>
      </trkpt>
      <trkpt lat="46.325521040707827" lon="6.5818000305444">
        <ele>676</ele>
        <time>2017-03-27T17:46:09Z</time>
      </trkpt>
      <trkpt lat="46.325513999909163" lon="6.581932967528701">
        <ele>675</ele>
        <time>2017-03-27T17:46:29Z</time>
      </trkpt>
      <trkpt lat="46.325351977720857" lon="6.58208099193871">
        <ele>673</ele>
        <time>2017-03-27T17:46:49Z</time>
      </trkpt>
      <trkpt lat="46.325084008276463" lon="6.582633024081588">
        <ele>660</ele>
        <time>2017-03-27T17:47:09Z</time>
      </trkpt>
      <trkpt lat="46.324787959456444" lon="6.582679962739348">
        <ele>652</ele>
        <time>2017-03-27T17:47:29Z</time>
      </trkpt>
      <trkpt lat="46.324848979711533" lon="6.582932006567717">
        <ele>648</ele>
        <time>2017-03-27T17:47:49Z</time>
      </trkpt>
      <trkpt lat="46.325158020481467" lon="6.583144990727305">
        <ele>652</ele>
        <time>2017-03-27T17:48:09Z</time>
      </trkpt>
      <trkpt lat="46.325548030436039" lon="6.58330500125885">
        <ele>656</ele>
        <time>2017-03-27T17:48:29Z</time>
      </trkpt>
      <trkpt lat="46.325644003227353" lon="6.583801964297891">
        <ele>641</ele>
        <time>2017-03-27T17:48:49Z</time>
      </trkpt>
      <trkpt lat="46.325837038457394" lon="6.584492968395352">
        <ele>614</ele>
        <time>2017-03-27T17:49:09Z</time>
      </trkpt>
      <trkpt lat="46.325426995754242" lon="6.584331030026078">
        <ele>619</ele>
        <time>2017-03-27T17:49:29Z</time>
      </trkpt>
      <trkpt lat="46.324730040505528" lon="6.58431401476264">
        <ele>612</ele>
        <time>2017-03-27T17:49:49Z</time>
      </trkpt>
      <trkpt lat="46.32451999001205" lon="6.584429014474154">
        <ele>609</ele>
        <time>2017-03-27T17:50:09Z</time>
      </trkpt>
      <trkpt lat="46.324372971430421" lon="6.584577038884163">
        <ele>607</ele>
        <time>2017-03-27T17:50:29Z</time>
      </trkpt>
      <trkpt lat="46.324052028357983" lon="6.584747023880482">
        <ele>596</ele>
        <time>2017-03-27T17:50:49Z</time>
      </trkpt>
      <trkpt lat="46.323849018663168" lon="6.584918014705181">
        <ele>594</ele>
        <time>2017-03-27T17:51:09Z</time>
      </trkpt>
      <trkpt lat="46.323857987299562" lon="6.585074001923204">
        <ele>579</ele>
        <time>2017-03-27T17:51:29Z</time>
      </trkpt>
      <trkpt lat="46.324237016960979" lon="6.585181038826704">
        <ele>585</ele>
        <time>2017-03-27T17:51:49Z</time>
      </trkpt>
      <trkpt lat="46.324224025011063" lon="6.585310036316514">
        <ele>581</ele>
        <time>2017-03-27T17:52:09Z</time>
      </trkpt>
      <trkpt lat="46.323866033926606" lon="6.585416989400983">
        <ele>573</ele>
        <time>2017-03-27T17:52:29Z</time>
      </trkpt>
      <trkpt lat="46.323849018663168" lon="6.585510028526187">
        <ele>571</ele>
        <time>2017-03-27T17:52:49Z</time>
      </trkpt>
      <trkpt lat="46.323972987011075" lon="6.585611030459404">
        <ele>569</ele>
        <time>2017-03-27T17:53:09Z</time>
      </trkpt>
      <trkpt lat="46.324489982798696" lon="6.585680013522506">
        <ele>571</ele>
        <time>2017-03-27T17:53:29Z</time>
      </trkpt>
      <trkpt lat="46.324582016095519" lon="6.585801970213652">
        <ele>569</ele>
        <time>2017-03-27T17:53:49Z</time>
      </trkpt>
      <trkpt lat="46.324526024982333" lon="6.585874976590276">
        <ele>550</ele>
        <time>2017-03-27T17:54:09Z</time>
      </trkpt>
      <trkpt lat="46.324000982567668" lon="6.586134983226657">
        <ele>553</ele>
        <time>2017-03-27T17:54:29Z</time>
      </trkpt>
      <trkpt lat="46.32374600507319" lon="6.58616398461163">
        <ele>553</ele>
        <time>2017-03-27T17:54:49Z</time>
      </trkpt>
      <trkpt lat="46.323519023135304" lon="6.586117967963219">
        <ele>554</ele>
        <time>2017-03-27T17:55:09Z</time>
      </trkpt>
      <trkpt lat="46.323291035369039" lon="6.586447963491082">
        <ele>561</ele>
        <time>2017-03-27T17:55:29Z</time>
      </trkpt>
      <trkpt lat="46.323298998177052" lon="6.586705958470702">
        <ele>560</ele>
        <time>2017-03-27T17:55:49Z</time>
      </trkpt>
      <trkpt lat="46.323456997051835" lon="6.586903017014265">
        <ele>556</ele>
        <time>2017-03-27T17:56:09Z</time>
      </trkpt>
      <trkpt lat="46.323970975354314" lon="6.587239969521761">
        <ele>553</ele>
        <time>2017-03-27T17:56:29Z</time>
      </trkpt>
      <trkpt lat="46.324179014191031" lon="6.5875159855932">
        <ele>546</ele>
        <time>2017-03-27T17:56:49Z</time>
      </trkpt>
      <trkpt lat="46.324290996417403" lon="6.587770041078329">
        <ele>543</ele>
        <time>2017-03-27T17:57:09Z</time>
      </trkpt>
      <trkpt lat="46.324000982567668" lon="6.588819958269596">
        <ele>566</ele>
        <time>2017-03-27T17:57:29Z</time>
      </trkpt>
      <trkpt lat="46.324405996128917" lon="6.591362021863461">
        <ele>551</ele>
        <time>2017-03-27T17:57:49Z</time>
      </trkpt>
      <trkpt lat="46.324496017768979" lon="6.591943977400661">
        <ele>550</ele>
        <time>2017-03-27T17:58:09Z</time>
      </trkpt>
      <trkpt lat="46.32451999001205" lon="6.592546971514821">
        <ele>552</ele>
        <time>2017-03-27T17:58:29Z</time>
      </trkpt>
      <trkpt lat="46.324797011911869" lon="6.592634981498122">
        <ele>553</ele>
        <time>2017-03-27T17:58:49Z</time>
      </trkpt>
      <trkpt lat="46.324899019673467" lon="6.59228503704071">
        <ele>551</ele>
        <time>2017-03-27T17:59:09Z</time>
      </trkpt>
      <trkpt lat="46.325007984414697" lon="6.592159979045391">
        <ele>560</ele>
        <time>2017-03-27T17:59:29Z</time>
      </trkpt>
      <trkpt lat="46.325123989954591" lon="6.592230973765254">
        <ele>561</ele>
        <time>2017-03-27T17:59:49Z</time>
      </trkpt>
      <trkpt lat="46.325300009921193" lon="6.592398025095463">
        <ele>564</ele>
        <time>2017-03-27T18:00:09Z</time>
      </trkpt>
      <trkpt lat="46.325547024607658" lon="6.592399030923843">
        <ele>571</ele>
        <time>2017-03-27T18:00:29Z</time>
      </trkpt>
      <trkpt lat="46.32574500516057" lon="6.592070041224361">
        <ele>572</ele>
        <time>2017-03-27T18:00:49Z</time>
      </trkpt>
      <trkpt lat="46.325794961303473" lon="6.591891003772616">
        <ele>573</ele>
        <time>2017-03-27T18:01:09Z</time>
      </trkpt>
      <trkpt lat="46.325884982943535" lon="6.591878011822701">
        <ele>593</ele>
        <time>2017-03-27T18:01:29Z</time>
      </trkpt>
      <trkpt lat="46.325967963784933" lon="6.592079009860754">
        <ele>598</ele>
        <time>2017-03-27T18:01:49Z</time>
      </trkpt>
      <trkpt lat="46.326136020943522" lon="6.59200600348413">
        <ele>601</ele>
        <time>2017-03-27T18:02:09Z</time>
      </trkpt>
      <trkpt lat="46.326249008998275" lon="6.592352008447051">
        <ele>605</ele>
        <time>2017-03-27T18:02:29Z</time>
      </trkpt>
      <trkpt lat="46.326377000659704" lon="6.592117985710502">
        <ele>607</ele>
        <time>2017-03-27T18:02:49Z</time>
      </trkpt>
      <trkpt lat="46.326568024232984" lon="6.592136006802321">
        <ele>611</ele>
        <time>2017-03-27T18:03:09Z</time>
      </trkpt>
      <trkpt lat="46.326704984530807" lon="6.591858984902501">
        <ele>632</ele>
        <time>2017-03-27T18:03:29Z</time>
      </trkpt>
      <trkpt lat="46.326739015057683" lon="6.591479033231735">
        <ele>630</ele>
        <time>2017-03-27T18:03:49Z</time>
      </trkpt>
      <trkpt lat="46.326910005882382" lon="6.591083994135261">
        <ele>633</ele>
        <time>2017-03-27T18:04:09Z</time>
      </trkpt>
      <trkpt lat="46.327165989205241" lon="6.591600989922881">
        <ele>642</ele>
        <time>2017-03-27T18:04:29Z</time>
      </trkpt>
      <trkpt lat="46.327324993908405" lon="6.591546004638076">
        <ele>647</ele>
        <time>2017-03-27T18:04:49Z</time>
      </trkpt>
      <trkpt lat="46.327417027205229" lon="6.591737028211355">
        <ele>654</ele>
        <time>2017-03-27T18:05:09Z</time>
      </trkpt>
      <trkpt lat="46.327592963352799" lon="6.591648012399674">
        <ele>664</ele>
        <time>2017-03-27T18:05:29Z</time>
      </trkpt>
      <trkpt lat="46.327637974172831" lon="6.59187700599432">
        <ele>668</ele>
        <time>2017-03-27T18:05:49Z</time>
      </trkpt>
      <trkpt lat="46.327764960005879" lon="6.591912964358926">
        <ele>670</ele>
        <time>2017-03-27T18:06:09Z</time>
      </trkpt>
      <trkpt lat="46.328252032399178" lon="6.591654969379306">
        <ele>683</ele>
        <time>2017-03-27T18:06:29Z</time>
      </trkpt>
      <trkpt lat="46.328713037073612" lon="6.591521026566625">
        <ele>697</ele>
        <time>2017-03-27T18:06:49Z</time>
      </trkpt>
      <trkpt lat="46.32890397682786" lon="6.591263031587005">
        <ele>699</ele>
        <time>2017-03-27T18:07:09Z</time>
      </trkpt>
      <trkpt lat="46.329178987070918" lon="6.590204983949661">
        <ele>709</ele>
        <time>2017-03-27T18:07:29Z</time>
      </trkpt>
      <trkpt lat="46.329567991197109" lon="6.589679019525647">
        <ele>713</ele>
        <time>2017-03-27T18:07:49Z</time>
      </trkpt>
      <trkpt lat="46.330123040825129" lon="6.58910502679646">
        <ele>720</ele>
        <time>2017-03-27T18:08:09Z</time>
      </trkpt>
      <trkpt lat="46.330157993361354" lon="6.58942898735404">
        <ele>723</ele>
        <time>2017-03-27T18:08:29Z</time>
      </trkpt>
      <trkpt lat="46.330247009173036" lon="6.589693017303944">
        <ele>724</ele>
        <time>2017-03-27T18:08:49Z</time>
      </trkpt>
      <trkpt lat="46.330811027437449" lon="6.59058996476233">
        <ele>731</ele>
        <time>2017-03-27T18:09:09Z</time>
      </trkpt>
      <trkpt lat="46.331283012405038" lon="6.59101702272892">
        <ele>739</ele>
        <time>2017-03-27T18:09:29Z</time>
      </trkpt>
      <trkpt lat="46.331298016011715" lon="6.591352969408035">
        <ele>740</ele>
        <time>2017-03-27T18:09:49Z</time>
      </trkpt>
      <trkpt lat="46.330453036352992" lon="6.593078970909119">
        <ele>738</ele>
        <time>2017-03-27T18:10:09Z</time>
      </trkpt>
      <trkpt lat="46.330439960584044" lon="6.593636032193899">
        <ele>737</ele>
        <time>2017-03-27T18:10:29Z</time>
      </trkpt>
      <trkpt lat="46.330508021637797" lon="6.593741979449987">
        <ele>737</ele>
        <time>2017-03-27T18:10:49Z</time>
      </trkpt>
      <trkpt lat="46.3312469702214" lon="6.594007015228272">
        <ele>741</ele>
        <time>2017-03-27T18:11:09Z</time>
      </trkpt>
      <trkpt lat="46.331878965720534" lon="6.593950018286705">
        <ele>744</ele>
        <time>2017-03-27T18:11:29Z</time>
      </trkpt>
      <trkpt lat="46.332409037277102" lon="6.594280013814569">
        <ele>748</ele>
        <time>2017-03-27T18:11:49Z</time>
      </trkpt>
      <trkpt lat="46.332817990332842" lon="6.59424296580255">
        <ele>751</ele>
        <time>2017-03-27T18:12:09Z</time>
      </trkpt>
      <trkpt lat="46.333226021379232" lon="6.594639010727406">
        <ele>753</ele>
        <time>2017-03-27T18:12:29Z</time>
      </trkpt>
      <trkpt lat="46.333748968318105" lon="6.594529040157795">
        <ele>757</ele>
        <time>2017-03-27T18:12:49Z</time>
      </trkpt>
      <trkpt lat="46.334481965750456" lon="6.59462702460587">
        <ele>762</ele>
        <time>2017-03-27T18:13:09Z</time>
      </trkpt>
      <trkpt lat="46.3350909948349" lon="6.595060033723712">
        <ele>770</ele>
        <time>2017-03-27T18:13:29Z</time>
      </trkpt>
      <trkpt lat="46.335604973137379" lon="6.595041006803513">
        <ele>775</ele>
        <time>2017-03-27T18:13:49Z</time>
      </trkpt>
      <trkpt lat="46.33603798225522" lon="6.595149971544743">
        <ele>781</ele>
        <time>2017-03-27T18:14:09Z</time>
      </trkpt>
      <trkpt lat="46.336341993883252" lon="6.595109989866614">
        <ele>784</ele>
        <time>2017-03-27T18:14:29Z</time>
      </trkpt>
      <trkpt lat="46.335893981158733" lon="6.595776015892625">
        <ele>781</ele>
        <time>2017-03-27T18:14:49Z</time>
      </trkpt>
      <trkpt lat="46.335846036672592" lon="6.596258981153369">
        <ele>783</ele>
        <time>2017-03-27T18:15:09Z</time>
      </trkpt>
      <trkpt lat="46.335846036672592" lon="6.596258981153369">
        <ele>783</ele>
        <time>2017-03-27T18:15:29Z</time>
      </trkpt>
      <trkpt lat="46.336005963385105" lon="6.596645973622799">
        <ele>782</ele>
        <time>2017-03-27T18:15:49Z</time>
      </trkpt>
      <trkpt lat="46.336435033008456" lon="6.596903968602419">
        <ele>784</ele>
        <time>2017-03-27T18:16:09Z</time>
      </trkpt>
      <trkpt lat="46.336671989411116" lon="6.597267994657159">
        <ele>793</ele>
        <time>2017-03-27T18:16:29Z</time>
      </trkpt>
      <trkpt lat="46.336761005222797" lon="6.597762024030089">
        <ele>789</ele>
        <time>2017-03-27T18:16:49Z</time>
      </trkpt>
      <trkpt lat="46.337071973830462" lon="6.598642040044069">
        <ele>791</ele>
        <time>2017-03-27T18:17:09Z</time>
      </trkpt>
      <trkpt lat="46.337116984650493" lon="6.599091980606318">
        <ele>791</ele>
        <time>2017-03-27T18:17:29Z</time>
      </trkpt>
      <trkpt lat="46.337116984650493" lon="6.599757000803947">
        <ele>790</ele>
        <time>2017-03-27T18:17:49Z</time>
      </trkpt>
      <trkpt lat="46.337206000462174" lon="6.600551018491387">
        <ele>793</ele>
        <time>2017-03-27T18:18:09Z</time>
      </trkpt>
      <trkpt lat="46.337057976052165" lon="6.601087963208556">
        <ele>791</ele>
        <time>2017-03-27T18:18:29Z</time>
      </trkpt>
      <trkpt lat="46.337235001847148" lon="6.602247012779117">
        <ele>791</ele>
        <time>2017-03-27T18:18:49Z</time>
      </trkpt>
      <trkpt lat="46.337398029863834" lon="6.603212021291256">
        <ele>793</ele>
        <time>2017-03-27T18:19:09Z</time>
      </trkpt>
      <trkpt lat="46.337872026488185" lon="6.604864010587335">
        <ele>802</ele>
        <time>2017-03-27T18:19:29Z</time>
      </trkpt>
      <trkpt lat="46.338346023112535" lon="6.605593990534544">
        <ele>816</ele>
        <time>2017-03-27T18:19:49Z</time>
      </trkpt>
      <trkpt lat="46.338421041145921" lon="6.606322964653373">
        <ele>811</ele>
        <time>2017-03-27T18:20:09Z</time>
      </trkpt>
      <trkpt lat="46.338791018351912" lon="6.607159981504083">
        <ele>811</ele>
        <time>2017-03-27T18:20:29Z</time>
      </trkpt>
      <trkpt lat="46.339101986959577" lon="6.608168995007873">
        <ele>810</ele>
        <time>2017-03-27T18:20:49Z</time>
      </trkpt>
      <trkpt lat="46.339754015207291" lon="6.609327960759401">
        <ele>813</ele>
        <time>2017-03-27T18:21:09Z</time>
      </trkpt>
      <trkpt lat="46.340449964627624" lon="6.611838005483151">
        <ele>814</ele>
        <time>2017-03-27T18:21:29Z</time>
      </trkpt>
      <trkpt lat="46.340627996250987" lon="6.612160038203001">
        <ele>815</ele>
        <time>2017-03-27T18:21:49Z</time>
      </trkpt>
      <trkpt lat="46.340687004849315" lon="6.612824974581599">
        <ele>817</ele>
        <time>2017-03-27T18:22:09Z</time>
      </trkpt>
      <trkpt lat="46.340791024267673" lon="6.61331900395453">
        <ele>820</ele>
        <time>2017-03-27T18:22:29Z</time>
      </trkpt>
      <trkpt lat="46.340894037857652" lon="6.614198014140129">
        <ele>823</ele>
        <time>2017-03-27T18:22:49Z</time>
      </trkpt>
      <trkpt lat="46.341634998098016" lon="6.615313980728388">
        <ele>824</ele>
        <time>2017-03-27T18:23:09Z</time>
      </trkpt>
      <trkpt lat="46.341813029721379" lon="6.615765010938048">
        <ele>827</ele>
        <time>2017-03-27T18:23:29Z</time>
      </trkpt>
      <trkpt lat="46.342168003320694" lon="6.616344032809138">
        <ele>829</ele>
        <time>2017-03-27T18:23:49Z</time>
      </trkpt>
      <trkpt lat="46.342228017747402" lon="6.617074012756348">
        <ele>826</ele>
        <time>2017-03-27T18:24:09Z</time>
      </trkpt>
      <trkpt lat="46.343086995184422" lon="6.618597004562616">
        <ele>830</ele>
        <time>2017-03-27T18:24:29Z</time>
      </trkpt>
      <trkpt lat="46.343412967398763" lon="6.620207000523806">
        <ele>831</ele>
        <time>2017-03-27T18:24:49Z</time>
      </trkpt>
      <trkpt lat="46.343871960416436" lon="6.620849976316094">
        <ele>832</ele>
        <time>2017-03-27T18:25:09Z</time>
      </trkpt>
      <trkpt lat="46.343829967081547" lon="6.621680036187172">
        <ele>828</ele>
        <time>2017-03-27T18:25:29Z</time>
      </trkpt>
      <trkpt lat="46.34389903396368" lon="6.62202000617981">
        <ele>828</ele>
        <time>2017-03-27T18:25:49Z</time>
      </trkpt>
      <trkpt lat="46.343688983470201" lon="6.623119963333011">
        <ele>819</ele>
        <time>2017-03-27T18:26:09Z</time>
      </trkpt>
      <trkpt lat="46.343766013160348" lon="6.623723041266203">
        <ele>813</ele>
        <time>2017-03-27T18:26:29Z</time>
      </trkpt>
      <trkpt lat="46.343933986499906" lon="6.623935019597411">
        <ele>812</ele>
        <time>2017-03-27T18:26:49Z</time>
      </trkpt>
      <trkpt lat="46.344440001994371" lon="6.623935019597411">
        <ele>822</ele>
        <time>2017-03-27T18:27:09Z</time>
      </trkpt>
      <trkpt lat="46.34454301558435" lon="6.624045995995402">
        <ele>822</ele>
        <time>2017-03-27T18:27:29Z</time>
      </trkpt>
      <trkpt lat="46.344883991405368" lon="6.624285969883204">
        <ele>817</ele>
        <time>2017-03-27T18:27:49Z</time>
      </trkpt>
      <trkpt lat="46.344960015267134" lon="6.624465007334948">
        <ele>815</ele>
        <time>2017-03-27T18:28:09Z</time>
      </trkpt>
      <trkpt lat="46.344936965033412" lon="6.625132039189339">
        <ele>806</ele>
        <time>2017-03-27T18:28:29Z</time>
      </trkpt>
      <trkpt lat="46.3452950399369" lon="6.625811979174614">
        <ele>811</ele>
        <time>2017-03-27T18:28:49Z</time>
      </trkpt>
      <trkpt lat="46.345648001879454" lon="6.626710016280413">
        <ele>805</ele>
        <time>2017-03-27T18:29:09Z</time>
      </trkpt>
      <trkpt lat="46.34587598964572" lon="6.627152999863029">
        <ele>811</ele>
        <time>2017-03-27T18:29:29Z</time>
      </trkpt>
      <trkpt lat="46.345945978537202" lon="6.627497998997569">
        <ele>806</ele>
        <time>2017-03-27T18:29:49Z</time>
      </trkpt>
      <trkpt lat="46.346174972131848" lon="6.627988005056977">
        <ele>801</ele>
        <time>2017-03-27T18:30:09Z</time>
      </trkpt>
      <trkpt lat="46.346713006496429" lon="6.628146003931761">
        <ele>806</ele>
        <time>2017-03-27T18:30:29Z</time>
      </trkpt>
      <trkpt lat="46.346808979287744" lon="6.628310037776828">
        <ele>804</ele>
        <time>2017-03-27T18:30:49Z</time>
      </trkpt>
      <trkpt lat="46.346809985116124" lon="6.628518998622894">
        <ele>802</ele>
        <time>2017-03-27T18:31:09Z</time>
      </trkpt>
      <trkpt lat="46.346721975132823" lon="6.628716979175806">
        <ele>802</ele>
        <time>2017-03-27T18:31:29Z</time>
      </trkpt>
      <trkpt lat="46.346652992069721" lon="6.629220983013511">
        <ele>802</ele>
        <time>2017-03-27T18:31:49Z</time>
      </trkpt>
      <trkpt lat="46.346328025683761" lon="6.629233974963427">
        <ele>807</ele>
        <time>2017-03-27T18:32:09Z</time>
      </trkpt>
      <trkpt lat="46.346317967399955" lon="6.62932500243187">
        <ele>808</ele>
        <time>2017-03-27T18:32:29Z</time>
      </trkpt>
      <trkpt lat="46.346637988463044" lon="6.629502028226852">
        <ele>810</ele>
        <time>2017-03-27T18:32:49Z</time>
      </trkpt>
      <trkpt lat="46.346593983471394" lon="6.629576962441206">
        <ele>811</ele>
        <time>2017-03-27T18:33:09Z</time>
      </trkpt>
      <trkpt lat="46.346190981566906" lon="6.629630019888282">
        <ele>812</ele>
        <time>2017-03-27T18:33:29Z</time>
      </trkpt>
      <trkpt lat="46.346039017662406" lon="6.62973596714437">
        <ele>814</ele>
        <time>2017-03-27T18:33:49Z</time>
      </trkpt>
      <trkpt lat="46.346012027934194" lon="6.629906035959721">
        <ele>818</ele>
        <time>2017-03-27T18:34:09Z</time>
      </trkpt>
      <trkpt lat="46.34619802236557" lon="6.630157995969057">
        <ele>832</ele>
        <time>2017-03-27T18:34:29Z</time>
      </trkpt>
      <trkpt lat="46.346248984336853" lon="6.630450021475554">
        <ele>835</ele>
        <time>2017-03-27T18:34:49Z</time>
      </trkpt>
      <trkpt lat="46.346158962696791" lon="6.630652025341988">
        <ele>838</ele>
        <time>2017-03-27T18:35:09Z</time>
      </trkpt>
      <trkpt lat="46.345401993021369" lon="6.63098000921309">
        <ele>862</ele>
        <time>2017-03-27T18:35:29Z</time>
      </trkpt>
      <trkpt lat="46.345219016075134" lon="6.631140019744635">
        <ele>864</ele>
        <time>2017-03-27T18:35:49Z</time>
      </trkpt>
      <trkpt lat="46.345010977238417" lon="6.631368007510901">
        <ele>869</ele>
        <time>2017-03-27T18:36:09Z</time>
      </trkpt>
      <trkpt lat="46.344720963388681" lon="6.631543021649122">
        <ele>878</ele>
        <time>2017-03-27T18:36:29Z</time>
      </trkpt>
      <trkpt lat="46.344416029751301" lon="6.631607981398702">
        <ele>881</ele>
        <time>2017-03-27T18:36:49Z</time>
      </trkpt>
      <trkpt lat="46.34312798269093" lon="6.630795020610094">
        <ele>884</ele>
        <time>2017-03-27T18:37:09Z</time>
      </trkpt>
      <trkpt lat="46.342763034626842" lon="6.630760990083218">
        <ele>885</ele>
        <time>2017-03-27T18:37:29Z</time>
      </trkpt>
      <trkpt lat="46.342380987480283" lon="6.630880013108254">
        <ele>889</ele>
        <time>2017-03-27T18:37:49Z</time>
      </trkpt>
      <trkpt lat="46.342162974178791" lon="6.631859019398689">
        <ele>892</ele>
        <time>2017-03-27T18:38:09Z</time>
      </trkpt>
      <trkpt lat="46.342414012178779" lon="6.632995018735528">
        <ele>897</ele>
        <time>2017-03-27T18:38:29Z</time>
      </trkpt>
      <trkpt lat="46.342564970254898" lon="6.633143965154886">
        <ele>906</ele>
        <time>2017-03-27T18:38:49Z</time>
      </trkpt>
      <trkpt lat="46.343124965205789" lon="6.633282015100122">
        <ele>911</ele>
        <time>2017-03-27T18:39:09Z</time>
      </trkpt>
      <trkpt lat="46.34321297518909" lon="6.633467003703117">
        <ele>916</ele>
        <time>2017-03-27T18:39:29Z</time>
      </trkpt>
      <trkpt lat="46.343002002686262" lon="6.633910993114114">
        <ele>917</ele>
        <time>2017-03-27T18:39:49Z</time>
      </trkpt>
      <trkpt lat="46.343398969620466" lon="6.633819965645671">
        <ele>928</ele>
        <time>2017-03-27T18:40:09Z</time>
      </trkpt>
      <trkpt lat="46.343497959896922" lon="6.633919961750507">
        <ele>929</ele>
        <time>2017-03-27T18:40:29Z</time>
      </trkpt>
      <trkpt lat="46.343410033732653" lon="6.634260015562177">
        <ele>935</ele>
        <time>2017-03-27T18:40:49Z</time>
      </trkpt>
      <trkpt lat="46.345292022451758" lon="6.637946041300893">
        <ele>980</ele>
        <time>2017-03-27T18:41:09Z</time>
      </trkpt>
      <trkpt lat="46.345669962465763" lon="6.638320963829756">
        <ele>983</ele>
        <time>2017-03-27T18:41:29Z</time>
      </trkpt>
      <trkpt lat="46.346320984885097" lon="6.639087991788983">
        <ele>988</ele>
        <time>2017-03-27T18:41:49Z</time>
      </trkpt>
      <trkpt lat="46.346458029001951" lon="6.639456963166595">
        <ele>991</ele>
        <time>2017-03-27T18:42:09Z</time>
      </trkpt>
      <trkpt lat="46.346393991261721" lon="6.639879997819662">
        <ele>994</ele>
        <time>2017-03-27T18:42:29Z</time>
      </trkpt>
      <trkpt lat="46.346684005111456" lon="6.640840983018279">
        <ele>1017</ele>
        <time>2017-03-27T18:42:49Z</time>
      </trkpt>
      <trkpt lat="46.346959015354514" lon="6.641032006591559">
        <ele>1030</ele>
        <time>2017-03-27T18:43:09Z</time>
      </trkpt>
      <trkpt lat="46.347068985924125" lon="6.641380023211241">
        <ele>1035</ele>
        <time>2017-03-27T18:43:29Z</time>
      </trkpt>
      <trkpt lat="46.347016012296081" lon="6.642093993723393">
        <ele>1051</ele>
        <time>2017-03-27T18:43:49Z</time>
      </trkpt>
      <trkpt lat="46.347074015066028" lon="6.642342014238238">
        <ele>1054</ele>
        <time>2017-03-27T18:44:09Z</time>
      </trkpt>
      <trkpt lat="46.34746503084898" lon="6.642591040581465">
        <ele>1072</ele>
        <time>2017-03-27T18:44:29Z</time>
      </trkpt>
      <trkpt lat="46.347447009757161" lon="6.642961017787457">
        <ele>1074</ele>
        <time>2017-03-27T18:44:49Z</time>
      </trkpt>
      <trkpt lat="46.347145009785891" lon="6.644089976325631">
        <ele>1088</ele>
        <time>2017-03-27T18:45:09Z</time>
      </trkpt>
      <trkpt lat="46.347108967602253" lon="6.644470011815429">
        <ele>1096</ele>
        <time>2017-03-27T18:45:29Z</time>
      </trkpt>
      <trkpt lat="46.347118020057678" lon="6.644700011238456">
        <ele>1097</ele>
        <time>2017-03-27T18:45:49Z</time>
      </trkpt>
      <trkpt lat="46.347431000322104" lon="6.645060013979673">
        <ele>1103</ele>
        <time>2017-03-27T18:46:09Z</time>
      </trkpt>
      <trkpt lat="46.347649013623595" lon="6.645559994503856">
        <ele>1105</ele>
        <time>2017-03-27T18:46:29Z</time>
      </trkpt>
      <trkpt lat="46.347728976979852" lon="6.646140022203326">
        <ele>1110</ele>
        <time>2017-03-27T18:46:49Z</time>
      </trkpt>
      <trkpt lat="46.347778011113405" lon="6.647230004891753">
        <ele>1112</ele>
        <time>2017-03-27T18:47:09Z</time>
      </trkpt>
      <trkpt lat="46.347671980038285" lon="6.648395005613565">
        <ele>1125</ele>
        <time>2017-03-27T18:47:29Z</time>
      </trkpt>
      <trkpt lat="46.347553040832281" lon="6.648913007229567">
        <ele>1126</ele>
        <time>2017-03-27T18:47:49Z</time>
      </trkpt>
      <trkpt lat="46.34738196618855" lon="6.650397023186088">
        <ele>1151</ele>
        <time>2017-03-27T18:48:09Z</time>
      </trkpt>
      <trkpt lat="46.347499983385205" lon="6.651081992313266">
        <ele>1154</ele>
        <time>2017-03-27T18:48:29Z</time>
      </trkpt>
      <trkpt lat="46.347405016422272" lon="6.652441034093499">
        <ele>1166</ele>
        <time>2017-03-27T18:48:49Z</time>
      </trkpt>
      <trkpt lat="46.347511969506741" lon="6.653041010722518">
        <ele>1173</ele>
        <time>2017-03-27T18:49:09Z</time>
      </trkpt>
      <trkpt lat="46.347529990598559" lon="6.653412999585271">
        <ele>1182</ele>
        <time>2017-03-27T18:49:29Z</time>
      </trkpt>
      <trkpt lat="46.347579024732113" lon="6.653764033690095">
        <ele>1183</ele>
        <time>2017-03-27T18:49:49Z</time>
      </trkpt>
      <trkpt lat="46.347515992820263" lon="6.654609013348818">
        <ele>1197</ele>
        <time>2017-03-27T18:50:09Z</time>
      </trkpt>
      <trkpt lat="46.347520016133785" lon="6.656085988506675">
        <ele>1226</ele>
        <time>2017-03-27T18:50:29Z</time>
      </trkpt>
      <trkpt lat="46.347752027213573" lon="6.657920032739639">
        <ele>1262</ele>
        <time>2017-03-27T18:50:49Z</time>
      </trkpt>
      <trkpt lat="46.34776602499187" lon="6.659484012052417">
        <ele>1286</ele>
        <time>2017-03-27T18:51:09Z</time>
      </trkpt>
      <trkpt lat="46.347703998908401" lon="6.659607980400324">
        <ele>1288</ele>
        <time>2017-03-27T18:51:29Z</time>
      </trkpt>
      <trkpt lat="46.347245005890727" lon="6.65983303450048">
        <ele>1321</ele>
        <time>2017-03-27T18:51:49Z</time>
      </trkpt>
      <trkpt lat="46.346834963187575" lon="6.660616993904114">
        <ele>1327</ele>
        <time>2017-03-27T18:52:09Z</time>
      </trkpt>
      <trkpt lat="46.346756005659699" lon="6.661656014621258">
        <ele>1331</ele>
        <time>2017-03-27T18:52:29Z</time>
      </trkpt>
      <trkpt lat="46.346759023144841" lon="6.662244005128741">
        <ele>1321</ele>
        <time>2017-03-27T18:52:49Z</time>
      </trkpt>
      <trkpt lat="46.346580991521478" lon="6.662739962339401">
        <ele>1336</ele>
        <time>2017-03-27T18:53:09Z</time>
      </trkpt>
      <trkpt lat="46.345864003524184" lon="6.663720980286598">
        <ele>1332</ele>
        <time>2017-03-27T18:53:29Z</time>
      </trkpt>
      <trkpt lat="46.345729976892471" lon="6.66436898522079">
        <ele>1337</ele>
        <time>2017-03-27T18:53:49Z</time>
      </trkpt>
      <trkpt lat="46.34521096944809" lon="6.664869971573353">
        <ele>1336</ele>
        <time>2017-03-27T18:54:09Z</time>
      </trkpt>
      <trkpt lat="46.34505900554359" lon="6.665283031761646">
        <ele>1332</ele>
        <time>2017-03-27T18:54:29Z</time>
      </trkpt>
      <trkpt lat="46.344877034425735" lon="6.666490025818348">
        <ele>1343</ele>
        <time>2017-03-27T18:54:49Z</time>
      </trkpt>
      <trkpt lat="46.344959009438753" lon="6.666978020220995">
        <ele>1346</ele>
        <time>2017-03-27T18:55:09Z</time>
      </trkpt>
      <trkpt lat="46.344896983355284" lon="6.667394014075398">
        <ele>1348</ele>
        <time>2017-03-27T18:55:29Z</time>
      </trkpt>
      <trkpt lat="46.34499697946012" lon="6.667830040678382">
        <ele>1352</ele>
        <time>2017-03-27T18:55:49Z</time>
      </trkpt>
      <trkpt lat="46.344906035810709" lon="6.668679965659976">
        <ele>1361</ele>
        <time>2017-03-27T18:56:09Z</time>
      </trkpt>
      <trkpt lat="46.344920033589005" lon="6.668997975066304">
        <ele>1365</ele>
        <time>2017-03-27T18:56:29Z</time>
      </trkpt>
      <trkpt lat="46.344875022768974" lon="6.669305004179478">
        <ele>1370</ele>
        <time>2017-03-27T18:56:49Z</time>
      </trkpt>
      <trkpt lat="46.344918021932244" lon="6.669963989406824">
        <ele>1378</ele>
        <time>2017-03-27T18:57:09Z</time>
      </trkpt>
      <trkpt lat="46.344730015844107" lon="6.671009967103601">
        <ele>1384</ele>
        <time>2017-03-27T18:57:29Z</time>
      </trkpt>
      <trkpt lat="46.344917016103864" lon="6.671912027522922">
        <ele>1394</ele>
        <time>2017-03-27T18:57:49Z</time>
      </trkpt>
      <trkpt lat="46.345089012756944" lon="6.672470010817051">
        <ele>1405</ele>
        <time>2017-03-27T18:58:09Z</time>
      </trkpt>
      <trkpt lat="46.345100998878479" lon="6.672952976077795">
        <ele>1405</ele>
        <time>2017-03-27T18:58:29Z</time>
      </trkpt>
      <trkpt lat="46.345306020230055" lon="6.673855036497116">
        <ele>1413</ele>
        <time>2017-03-27T18:58:49Z</time>
      </trkpt>
      <trkpt lat="46.346058966591954" lon="6.674679983407259">
        <ele>1426</ele>
        <time>2017-03-27T18:59:09Z</time>
      </trkpt>
      <trkpt lat="46.346317967399955" lon="6.675060018897057">
        <ele>1432</ele>
        <time>2017-03-27T18:59:29Z</time>
      </trkpt>
      <trkpt lat="46.346546038985252" lon="6.675717998296022">
        <ele>1434</ele>
        <time>2017-03-27T18:59:49Z</time>
      </trkpt>
      <trkpt lat="46.346497004851699" lon="6.676383018493652">
        <ele>1433</ele>
        <time>2017-03-27T19:00:09Z</time>
      </trkpt>
      <trkpt lat="46.345970034599304" lon="6.676719971001148">
        <ele>1433</ele>
        <time>2017-03-27T19:00:29Z</time>
      </trkpt>
      <trkpt lat="46.345677003264427" lon="6.677294969558716">
        <ele>1434</ele>
        <time>2017-03-27T19:00:49Z</time>
      </trkpt>
      <trkpt lat="46.3452950399369" lon="6.677769972011447">
        <ele>1440</ele>
        <time>2017-03-27T19:01:09Z</time>
      </trkpt>
      <trkpt lat="46.3450170122087" lon="6.678309012204409">
        <ele>1451</ele>
        <time>2017-03-27T19:01:29Z</time>
      </trkpt>
      <trkpt lat="46.344619961455464" lon="6.678889961913228">
        <ele>1466</ele>
        <time>2017-03-27T19:01:49Z</time>
      </trkpt>
      <trkpt lat="46.344505967572331" lon="6.679508965462446">
        <ele>1477</ele>
        <time>2017-03-27T19:02:09Z</time>
      </trkpt>
      <trkpt lat="46.344422986730933" lon="6.679733013734222">
        <ele>1480</ele>
        <time>2017-03-27T19:02:29Z</time>
      </trkpt>
      <trkpt lat="46.344356015324593" lon="6.680108020082116">
        <ele>1487</ele>
        <time>2017-03-27T19:02:49Z</time>
      </trkpt>
      <trkpt lat="46.344130961224437" lon="6.680620992556214">
        <ele>1506</ele>
        <time>2017-03-27T19:03:09Z</time>
      </trkpt>
      <trkpt lat="46.343948990106583" lon="6.681304033845663">
        <ele>1514</ele>
        <time>2017-03-27T19:03:29Z</time>
      </trkpt>
      <trkpt lat="46.344009004533291" lon="6.681890012696385">
        <ele>1514</ele>
        <time>2017-03-27T19:03:49Z</time>
      </trkpt>
      <trkpt lat="46.343926023691893" lon="6.682360991835594">
        <ele>1518</ele>
        <time>2017-03-27T19:04:09Z</time>
      </trkpt>
      <trkpt lat="46.343999030068517" lon="6.682747984305024">
        <ele>1518</ele>
        <time>2017-03-27T19:04:29Z</time>
      </trkpt>
      <trkpt lat="46.343882018700242" lon="6.683337986469269">
        <ele>1516</ele>
        <time>2017-03-27T19:04:49Z</time>
      </trkpt>
      <trkpt lat="46.343742962926626" lon="6.683585001155734">
        <ele>1512</ele>
        <time>2017-03-27T19:05:09Z</time>
      </trkpt>
      <trkpt lat="46.343657970428467" lon="6.684580016881228">
        <ele>1503</ele>
        <time>2017-03-27T19:05:29Z</time>
      </trkpt>
      <trkpt lat="46.343589993193746" lon="6.686139972880483">
        <ele>1478</ele>
        <time>2017-03-27T19:05:49Z</time>
      </trkpt>
      <trkpt lat="46.34349100291729" lon="6.686660991981626">
        <ele>1468</ele>
        <time>2017-03-27T19:06:09Z</time>
      </trkpt>
      <trkpt lat="46.343524027615786" lon="6.687216963618994">
        <ele>1454</ele>
        <time>2017-03-27T19:06:29Z</time>
      </trkpt>
      <trkpt lat="46.343483040109277" lon="6.687622983008623">
        <ele>1440</ele>
        <time>2017-03-27T19:06:49Z</time>
      </trkpt>
      <trkpt lat="46.343570966273546" lon="6.687982985749841">
        <ele>1434</ele>
        <time>2017-03-27T19:07:09Z</time>
      </trkpt>
      <trkpt lat="46.343489997088909" lon="6.688625039532781">
        <ele>1427</ele>
        <time>2017-03-27T19:07:29Z</time>
      </trkpt>
      <trkpt lat="46.34299898520112" lon="6.689900010824204">
        <ele>1452</ele>
        <time>2017-03-27T19:07:49Z</time>
      </trkpt>
      <trkpt lat="46.343003008514643" lon="6.690907012671232">
        <ele>1465</ele>
        <time>2017-03-27T19:08:09Z</time>
      </trkpt>
      <trkpt lat="46.342774014919996" lon="6.691256035119295">
        <ele>1471</ele>
        <time>2017-03-27T19:08:29Z</time>
      </trkpt>
      <trkpt lat="46.342573016881943" lon="6.692301006987691">
        <ele>1481</ele>
        <time>2017-03-27T19:08:49Z</time>
      </trkpt>
      <trkpt lat="46.342437984421849" lon="6.693130983039737">
        <ele>1493</ele>
        <time>2017-03-27T19:09:09Z</time>
      </trkpt>
      <trkpt lat="46.342677036300302" lon="6.693860962986946">
        <ele>1485</ele>
        <time>2017-03-27T19:09:29Z</time>
      </trkpt>
      <trkpt lat="46.342811984941363" lon="6.694569988176227">
        <ele>1489</ele>
        <time>2017-03-27T19:09:49Z</time>
      </trkpt>
      <trkpt lat="46.342822965234518" lon="6.695019006729126">
        <ele>1491</ele>
        <time>2017-03-27T19:10:09Z</time>
      </trkpt>
      <trkpt lat="46.342701008543372" lon="6.695231990888715">
        <ele>1491</ele>
        <time>2017-03-27T19:10:29Z</time>
      </trkpt>
      <trkpt lat="46.34256798774004" lon="6.69567103497684">
        <ele>1490</ele>
        <time>2017-03-27T19:10:49Z</time>
      </trkpt>
      <trkpt lat="46.34233103133738" lon="6.696109995245934">
        <ele>1488</ele>
        <time>2017-03-27T19:11:09Z</time>
      </trkpt>
      <trkpt lat="46.341808000579476" lon="6.696339994668961">
        <ele>1491</ele>
        <time>2017-03-27T19:11:29Z</time>
      </trkpt>
      <trkpt lat="46.341369962319732" lon="6.696820026263595">
        <ele>1500</ele>
        <time>2017-03-27T19:11:49Z</time>
      </trkpt>
      <trkpt lat="46.341041978448629" lon="6.697410028427839">
        <ele>1503</ele>
        <time>2017-03-27T19:12:09Z</time>
      </trkpt>
      <trkpt lat="46.340579967945814" lon="6.697410028427839">
        <ele>1506</ele>
        <time>2017-03-27T19:12:29Z</time>
      </trkpt>
      <trkpt lat="46.340190963819623" lon="6.697880001738668">
        <ele>1509</ele>
        <time>2017-03-27T19:12:49Z</time>
      </trkpt>
      <trkpt lat="46.339988959953189" lon="6.698340000584722">
        <ele>1515</ele>
        <time>2017-03-27T19:13:09Z</time>
      </trkpt>
      <trkpt lat="46.339352019131184" lon="6.698111006990075">
        <ele>1513</ele>
        <time>2017-03-27T19:13:29Z</time>
      </trkpt>
      <trkpt lat="46.338692028075457" lon="6.69850998558104">
        <ele>1522</ele>
        <time>2017-03-27T19:13:49Z</time>
      </trkpt>
      <trkpt lat="46.33835700340569" lon="6.6994100343436">
        <ele>1554</ele>
        <time>2017-03-27T19:14:09Z</time>
      </trkpt>
      <trkpt lat="46.337845036759973" lon="6.699833991006017">
        <ele>1554</ele>
        <time>2017-03-27T19:14:29Z</time>
      </trkpt>
      <trkpt lat="46.337878983467817" lon="6.699998024851084">
        <ele>1556</ele>
        <time>2017-03-27T19:14:49Z</time>
      </trkpt>
      <trkpt lat="46.33855096064508" lon="6.700270017609">
        <ele>1590</ele>
        <time>2017-03-27T19:15:09Z</time>
      </trkpt>
      <trkpt lat="46.338536040857434" lon="6.700744014233351">
        <ele>1599</ele>
        <time>2017-03-27T19:15:29Z</time>
      </trkpt>
      <trkpt lat="46.338130021467805" lon="6.701239971444011">
        <ele>1618</ele>
        <time>2017-03-27T19:15:49Z</time>
      </trkpt>
      <trkpt lat="46.337725007906556" lon="6.701545994728804">
        <ele>1632</ele>
        <time>2017-03-27T19:16:09Z</time>
      </trkpt>
      <trkpt lat="46.336784977465868" lon="6.70194597914815">
        <ele>1686</ele>
        <time>2017-03-27T19:16:29Z</time>
      </trkpt>
      <trkpt lat="46.336334031075239" lon="6.702217971906066">
        <ele>1712</ele>
        <time>2017-03-27T19:16:49Z</time>
      </trkpt>
      <trkpt lat="46.336350962519646" lon="6.702620973810554">
        <ele>1733</ele>
        <time>2017-03-27T19:17:09Z</time>
      </trkpt>
      <trkpt lat="46.335604973137379" lon="6.702776961028576">
        <ele>1742</ele>
        <time>2017-03-27T19:17:29Z</time>
      </trkpt>
      <trkpt lat="46.335990959778428" lon="6.703187003731728">
        <ele>1745</ele>
        <time>2017-03-27T19:17:49Z</time>
      </trkpt>
      <trkpt lat="46.336154993623495" lon="6.703831991180778">
        <ele>1744</ele>
        <time>2017-03-27T19:18:09Z</time>
      </trkpt>
      <trkpt lat="46.336278961971402" lon="6.704056961461902">
        <ele>1743</ele>
        <time>2017-03-27T19:18:29Z</time>
      </trkpt>
      <trkpt lat="46.336492029950023" lon="6.704755006358028">
        <ele>1744</ele>
        <time>2017-03-27T19:18:49Z</time>
      </trkpt>
      <trkpt lat="46.336695961654186" lon="6.705162031576037">
        <ele>1745</ele>
        <time>2017-03-27T19:19:09Z</time>
      </trkpt>
      <trkpt lat="46.3367660343647" lon="6.705537959933281">
        <ele>1741</ele>
        <time>2017-03-27T19:19:29Z</time>
      </trkpt>
      <trkpt lat="46.336969966068864" lon="6.706021009013057">
        <ele>1739</ele>
        <time>2017-03-27T19:19:49Z</time>
      </trkpt>
      <trkpt lat="46.336984969675541" lon="6.706429040059447">
        <ele>1737</ele>
        <time>2017-03-27T19:20:09Z</time>
      </trkpt>
      <trkpt lat="46.336837029084563" lon="6.706794993951917">
        <ele>1739</ele>
        <time>2017-03-27T19:20:29Z</time>
      </trkpt>
      <trkpt lat="46.336890002712607" lon="6.707691019400954">
        <ele>1734</ele>
        <time>2017-03-27T19:20:49Z</time>
      </trkpt>
      <trkpt lat="46.33723902516067" lon="6.70912298373878">
        <ele>1738</ele>
        <time>2017-03-27T19:21:09Z</time>
      </trkpt>
      <trkpt lat="46.337405992671847" lon="6.710390998050571">
        <ele>1732</ele>
        <time>2017-03-27T19:21:29Z</time>
      </trkpt>
      <trkpt lat="46.33754001930356" lon="6.710979994386435">
        <ele>1739</ele>
        <time>2017-03-27T19:21:49Z</time>
      </trkpt>
      <trkpt lat="46.337568014860153" lon="6.711597992107272">
        <ele>1748</ele>
        <time>2017-03-27T19:22:09Z</time>
      </trkpt>
      <trkpt lat="46.337847970426083" lon="6.712306011468172">
        <ele>1756</ele>
        <time>2017-03-27T19:22:29Z</time>
      </trkpt>
      <trkpt lat="46.338661015033722" lon="6.713340003043413">
        <ele>1777</ele>
        <time>2017-03-27T19:22:49Z</time>
      </trkpt>
      <trkpt lat="46.339025041088462" lon="6.714215995743871">
        <ele>1789</ele>
        <time>2017-03-27T19:23:09Z</time>
      </trkpt>
      <trkpt lat="46.339484034106135" lon="6.714756963774562">
        <ele>1780</ele>
        <time>2017-03-27T19:23:29Z</time>
      </trkpt>
      <trkpt lat="46.339979991316795" lon="6.715213023126125">
        <ele>1790</ele>
        <time>2017-03-27T19:23:49Z</time>
      </trkpt>
      <trkpt lat="46.340247960761189" lon="6.715809982270002">
        <ele>1773</ele>
        <time>2017-03-27T19:24:09Z</time>
      </trkpt>
      <trkpt lat="46.340130027383566" lon="6.717110015451908">
        <ele>1754</ele>
        <time>2017-03-27T19:24:29Z</time>
      </trkpt>
      <trkpt lat="46.340299006551504" lon="6.717736981809139">
        <ele>1738</ele>
        <time>2017-03-27T19:24:49Z</time>
      </trkpt>
      <trkpt lat="46.340290037915111" lon="6.718160016462207">
        <ele>1736</ele>
        <time>2017-03-27T19:25:09Z</time>
      </trkpt>
      <trkpt lat="46.340111000463367" lon="6.718129003420472">
        <ele>1741</ele>
        <time>2017-03-27T19:25:29Z</time>
      </trkpt>
      <trkpt lat="46.340190041810274" lon="6.718450030311942">
        <ele>1741</ele>
        <time>2017-03-27T19:25:49Z</time>
      </trkpt>
      <trkpt lat="46.340383999049664" lon="6.718706013634801">
        <ele>1736</ele>
        <time>2017-03-27T19:26:09Z</time>
      </trkpt>
      <trkpt lat="46.340481983497739" lon="6.719128964468837">
        <ele>1738</ele>
        <time>2017-03-27T19:26:29Z</time>
      </trkpt>
      <trkpt lat="46.340658003464341" lon="6.719368016347289">
        <ele>1750</ele>
        <time>2017-03-27T19:26:49Z</time>
      </trkpt>
      <trkpt lat="46.340735033154488" lon="6.719769006595016">
        <ele>1760</ele>
        <time>2017-03-27T19:27:09Z</time>
      </trkpt>
      <trkpt lat="46.34110601618886" lon="6.720505021512508">
        <ele>1768</ele>
        <time>2017-03-27T19:27:29Z</time>
      </trkpt>
      <trkpt lat="46.341081960126758" lon="6.720753964036703">
        <ele>1775</ele>
        <time>2017-03-27T19:27:49Z</time>
      </trkpt>
      <trkpt lat="46.341186985373497" lon="6.721192002296448">
        <ele>1791</ele>
        <time>2017-03-27T19:28:09Z</time>
      </trkpt>
      <trkpt lat="46.341246999800205" lon="6.721630040556192">
        <ele>1796</ele>
        <time>2017-03-27T19:28:29Z</time>
      </trkpt>
      <trkpt lat="46.341540031135082" lon="6.722639976069331">
        <ele>1821</ele>
        <time>2017-03-27T19:28:49Z</time>
      </trkpt>
      <trkpt lat="46.341610020026565" lon="6.723069967702031">
        <ele>1827</ele>
        <time>2017-03-27T19:29:09Z</time>
      </trkpt>
      <trkpt lat="46.342151993885636" lon="6.723649995401502">
        <ele>1816</ele>
        <time>2017-03-27T19:29:29Z</time>
      </trkpt>
      <trkpt lat="46.342780971899629" lon="6.724799992516637">
        <ele>1803</ele>
        <time>2017-03-27T19:29:49Z</time>
      </trkpt>
      <trkpt lat="46.343209035694599" lon="6.726243020966649">
        <ele>1792</ele>
        <time>2017-03-27T19:30:09Z</time>
      </trkpt>
      <trkpt lat="46.343739023432136" lon="6.727120019495487">
        <ele>1788</ele>
        <time>2017-03-27T19:30:29Z</time>
      </trkpt>
      <trkpt lat="46.343805994838476" lon="6.727584041655064">
        <ele>1792</ele>
        <time>2017-03-27T19:30:49Z</time>
      </trkpt>
      <trkpt lat="46.344321984797716" lon="6.728929001837969">
        <ele>1791</ele>
        <time>2017-03-27T19:31:09Z</time>
      </trkpt>
      <trkpt lat="46.344545027241111" lon="6.72972503118217">
        <ele>1791</ele>
        <time>2017-03-27T19:31:29Z</time>
      </trkpt>
      <trkpt lat="46.344631025567651" lon="6.730439001694322">
        <ele>1794</ele>
        <time>2017-03-27T19:31:49Z</time>
      </trkpt>
      <trkpt lat="46.344627002254128" lon="6.730745024979115">
        <ele>1795</ele>
        <time>2017-03-27T19:32:09Z</time>
      </trkpt>
      <trkpt lat="46.344708977267146" lon="6.730987010523677">
        <ele>1790</ele>
        <time>2017-03-27T19:32:29Z</time>
      </trkpt>
      <trkpt lat="46.344834035262465" lon="6.731645995751023">
        <ele>1779</ele>
        <time>2017-03-27T19:32:49Z</time>
      </trkpt>
      <trkpt lat="46.345602991059422" lon="6.732469014823437">
        <ele>1755</ele>
        <time>2017-03-27T19:33:09Z</time>
      </trkpt>
      <trkpt lat="46.345657976344228" lon="6.732898000627756">
        <ele>1756</ele>
        <time>2017-03-27T19:33:29Z</time>
      </trkpt>
      <trkpt lat="46.346335988491774" lon="6.733210980892181">
        <ele>1757</ele>
        <time>2017-03-27T19:33:49Z</time>
      </trkpt>
      <trkpt lat="46.346618961542845" lon="6.732978969812393">
        <ele>1758</ele>
        <time>2017-03-27T19:34:09Z</time>
      </trkpt>
      <trkpt lat="46.346793975681067" lon="6.733145015314221">
        <ele>1757</ele>
        <time>2017-03-27T19:34:29Z</time>
      </trkpt>
      <trkpt lat="46.346760028973222" lon="6.733537036925554">
        <ele>1761</ele>
        <time>2017-03-27T19:34:49Z</time>
      </trkpt>
      <trkpt lat="46.346785007044673" lon="6.733842976391316">
        <ele>1763</ele>
        <time>2017-03-27T19:35:09Z</time>
      </trkpt>
      <trkpt lat="46.346600018441677" lon="6.734385034069419">
        <ele>1773</ele>
        <time>2017-03-27T19:35:29Z</time>
      </trkpt>
      <trkpt lat="46.346634970977902" lon="6.734999008476734">
        <ele>1786</ele>
        <time>2017-03-27T19:35:49Z</time>
      </trkpt>
      <trkpt lat="46.346416035667062" lon="6.736229974776506">
        <ele>1805</ele>
        <time>2017-03-27T19:36:09Z</time>
      </trkpt>
      <trkpt lat="46.346587026491761" lon="6.737328004091978">
        <ele>1829</ele>
        <time>2017-03-27T19:36:29Z</time>
      </trkpt>
      <trkpt lat="46.346687022596598" lon="6.73763302154839">
        <ele>1852</ele>
        <time>2017-03-27T19:36:49Z</time>
      </trkpt>
      <trkpt lat="46.346595995128155" lon="6.738187987357378">
        <ele>1852</ele>
        <time>2017-03-27T19:37:09Z</time>
      </trkpt>
      <trkpt lat="46.346416035667062" lon="6.738839009776712">
        <ele>1871</ele>
        <time>2017-03-27T19:37:29Z</time>
      </trkpt>
      <trkpt lat="46.346512008458376" lon="6.738910004496574">
        <ele>1876</ele>
        <time>2017-03-27T19:37:49Z</time>
      </trkpt>
      <trkpt lat="46.346186958253384" lon="6.739440998062491">
        <ele>1890</ele>
        <time>2017-03-27T19:38:09Z</time>
      </trkpt>
      <trkpt lat="46.346115041524172" lon="6.740269968286157">
        <ele>1915</ele>
        <time>2017-03-27T19:38:29Z</time>
      </trkpt>
      <trkpt lat="46.346190981566906" lon="6.740742959082127">
        <ele>1925</ele>
        <time>2017-03-27T19:38:49Z</time>
      </trkpt>
      <trkpt lat="46.346113029867411" lon="6.74150001257658">
        <ele>1944</ele>
        <time>2017-03-27T19:39:09Z</time>
      </trkpt>
      <trkpt lat="46.345858974382281" lon="6.742225969210267">
        <ele>1956</ele>
        <time>2017-03-27T19:39:29Z</time>
      </trkpt>
      <trkpt lat="46.345921000465751" lon="6.742469966411591">
        <ele>1956</ele>
        <time>2017-03-27T19:39:49Z</time>
      </trkpt>
      <trkpt lat="46.345558986067772" lon="6.7430479824543">
        <ele>1962</ele>
        <time>2017-03-27T19:40:09Z</time>
      </trkpt>
      <trkpt lat="46.345889987424016" lon="6.743630021810532">
        <ele>1948</ele>
        <time>2017-03-27T19:40:29Z</time>
      </trkpt>
      <trkpt lat="46.346282009035349" lon="6.743708979338408">
        <ele>1952</ele>
        <time>2017-03-27T19:40:49Z</time>
      </trkpt>
      <trkpt lat="46.346548972651362" lon="6.743935961276293">
        <ele>1951</ele>
        <time>2017-03-27T19:41:09Z</time>
      </trkpt>
      <trkpt lat="46.346772015094757" lon="6.744639035314322">
        <ele>1946</ele>
        <time>2017-03-27T19:41:29Z</time>
      </trkpt>
      <trkpt lat="46.347127994522452" lon="6.745257033035159">
        <ele>1926</ele>
        <time>2017-03-27T19:41:49Z</time>
      </trkpt>
      <trkpt lat="46.347222039476037" lon="6.746146017685533">
        <ele>1896</ele>
        <time>2017-03-27T19:42:09Z</time>
      </trkpt>
      <trkpt lat="46.347317006438971" lon="6.746285995468497">
        <ele>1892</ele>
        <time>2017-03-27T19:42:29Z</time>
      </trkpt>
      <trkpt lat="46.347561003640294" lon="6.747070038691163">
        <ele>1978</ele>
        <time>2017-03-27T19:42:49Z</time>
      </trkpt>
      <trkpt lat="46.347521021962166" lon="6.747317975386977">
        <ele>1985</ele>
        <time>2017-03-27T19:43:09Z</time>
      </trkpt>
      <trkpt lat="46.347568966448307" lon="6.748241996392608">
        <ele>2015</ele>
        <time>2017-03-27T19:43:29Z</time>
      </trkpt>
      <trkpt lat="46.347240982577205" lon="6.749180015176535">
        <ele>1973</ele>
        <time>2017-03-27T19:43:49Z</time>
      </trkpt>
      <trkpt lat="46.346850972622633" lon="6.749670021235943">
        <ele>1957</ele>
        <time>2017-03-27T19:44:09Z</time>
      </trkpt>
      <trkpt lat="46.346896989271045" lon="6.750018037855625">
        <ele>1956</ele>
        <time>2017-03-27T19:44:29Z</time>
      </trkpt>
      <trkpt lat="46.346772015094757" lon="6.750591024756432">
        <ele>1955</ele>
        <time>2017-03-27T19:44:49Z</time>
      </trkpt>
      <trkpt lat="46.347160013392568" lon="6.751610012724996">
        <ele>1953</ele>
        <time>2017-03-27T19:45:09Z</time>
      </trkpt>
      <trkpt lat="46.347869960591197" lon="6.752590024843812">
        <ele>1931</ele>
        <time>2017-03-27T19:45:29Z</time>
      </trkpt>
      <trkpt lat="46.347869960591197" lon="6.753229983150959">
        <ele>1925</ele>
        <time>2017-03-27T19:45:49Z</time>
      </trkpt>
      <trkpt lat="46.348018990829587" lon="6.753250015899539">
        <ele>1922</ele>
        <time>2017-03-27T19:46:09Z</time>
      </trkpt>
      <trkpt lat="46.347985966131091" lon="6.753499964252114">
        <ele>1915</ele>
        <time>2017-03-27T19:46:29Z</time>
      </trkpt>
      <trkpt lat="46.348118986934423" lon="6.753878993913531">
        <ele>1911</ele>
        <time>2017-03-27T19:46:49Z</time>
      </trkpt>
      <trkpt lat="46.3485639821738" lon="6.754408981651068">
        <ele>1882</ele>
        <time>2017-03-27T19:47:09Z</time>
      </trkpt>
      <trkpt lat="46.348571022972465" lon="6.754761021584272">
        <ele>1880</ele>
        <time>2017-03-27T19:47:29Z</time>
      </trkpt>
      <trkpt lat="46.348481001332402" lon="6.755518997088075">
        <ele>1876</ele>
        <time>2017-03-27T19:47:49Z</time>
      </trkpt>
      <trkpt lat="46.348741007968783" lon="6.755956029519439">
        <ele>1865</ele>
        <time>2017-03-27T19:48:09Z</time>
      </trkpt>
      <trkpt lat="46.348827006295323" lon="6.756346039474011">
        <ele>1861</ele>
        <time>2017-03-27T19:48:29Z</time>
      </trkpt>
      <trkpt lat="46.348942006006837" lon="6.756639992818236">
        <ele>1855</ele>
        <time>2017-03-27T19:48:49Z</time>
      </trkpt>
      <trkpt lat="46.348916022107005" lon="6.756939981132746">
        <ele>1848</ele>
        <time>2017-03-27T19:49:09Z</time>
      </trkpt>
      <trkpt lat="46.348978970199823" lon="6.757219014689326">
        <ele>1843</ele>
        <time>2017-03-27T19:49:29Z</time>
      </trkpt>
      <trkpt lat="46.348689962178469" lon="6.757710026577115">
        <ele>1838</ele>
        <time>2017-03-27T19:49:49Z</time>
      </trkpt>
      <trkpt lat="46.348933959379792" lon="6.758660031482577">
        <ele>1827</ele>
        <time>2017-03-27T19:50:09Z</time>
      </trkpt>
      <trkpt lat="46.348784007132053" lon="6.75873102620244">
        <ele>1829</ele>
        <time>2017-03-27T19:50:29Z</time>
      </trkpt>
      <trkpt lat="46.348618967458606" lon="6.75886002369225">
        <ele>1831</ele>
        <time>2017-03-27T19:50:49Z</time>
      </trkpt>
      <trkpt lat="46.348350998014212" lon="6.75916001200676">
        <ele>1837</ele>
        <time>2017-03-27T19:51:09Z</time>
      </trkpt>
      <trkpt lat="46.348090991377831" lon="6.758960019797087">
        <ele>1850</ele>
        <time>2017-03-27T19:51:29Z</time>
      </trkpt>
      <trkpt lat="46.347922012209892" lon="6.759020034223795">
        <ele>1853</ele>
        <time>2017-03-27T19:51:49Z</time>
      </trkpt>
      <trkpt lat="46.34690897539258" lon="6.759810028597713">
        <ele>1875</ele>
        <time>2017-03-27T19:52:09Z</time>
      </trkpt>
      <trkpt lat="46.346351997926831" lon="6.75974003970623">
        <ele>1901</ele>
        <time>2017-03-27T19:52:29Z</time>
      </trkpt>
      <trkpt lat="46.345852017402649" lon="6.760210013017058">
        <ele>1895</ele>
        <time>2017-03-27T19:52:49Z</time>
      </trkpt>
      <trkpt lat="46.345455972477794" lon="6.760368011891842">
        <ele>1898</ele>
        <time>2017-03-27T19:53:09Z</time>
      </trkpt>
      <trkpt lat="46.344969989731908" lon="6.760637992992997">
        <ele>1884</ele>
        <time>2017-03-27T19:53:29Z</time>
      </trkpt>
      <trkpt lat="46.344943000003695" lon="6.760227028280497">
        <ele>1879</ele>
        <time>2017-03-27T19:53:49Z</time>
      </trkpt>
      <trkpt lat="46.344760023057461" lon="6.760350996628404">
        <ele>1875</ele>
        <time>2017-03-27T19:54:09Z</time>
      </trkpt>
      <trkpt lat="46.344553995877504" lon="6.759895021095872">
        <ele>1860</ele>
        <time>2017-03-27T19:54:29Z</time>
      </trkpt>
      <trkpt lat="46.344345035031438" lon="6.760082021355629">
        <ele>1856</ele>
        <time>2017-03-27T19:54:49Z</time>
      </trkpt>
      <trkpt lat="46.344311004504561" lon="6.759850010275841">
        <ele>1850</ele>
        <time>2017-03-27T19:55:09Z</time>
      </trkpt>
      <trkpt lat="46.344155017286539" lon="6.760029969736934">
        <ele>1837</ele>
        <time>2017-03-27T19:55:29Z</time>
      </trkpt>
      <trkpt lat="46.343880007043481" lon="6.760200038552284">
        <ele>1832</ele>
        <time>2017-03-27T19:55:49Z</time>
      </trkpt>
      <trkpt lat="46.342477966099977" lon="6.760371029376984">
        <ele>1777</ele>
        <time>2017-03-27T19:56:09Z</time>
      </trkpt>
      <trkpt lat="46.342258024960756" lon="6.760327024385333">
        <ele>1774</ele>
        <time>2017-03-27T19:56:29Z</time>
      </trkpt>
      <trkpt lat="46.341697024181485" lon="6.760465996339917">
        <ele>1767</ele>
        <time>2017-03-27T19:56:49Z</time>
      </trkpt>
      <trkpt lat="46.341585963964462" lon="6.760373041033745">
        <ele>1746</ele>
        <time>2017-03-27T19:57:09Z</time>
      </trkpt>
      <trkpt lat="46.341384965926409" lon="6.76044998690486">
        <ele>1743</ele>
        <time>2017-03-27T19:57:29Z</time>
      </trkpt>
      <trkpt lat="46.341054970398545" lon="6.760349990800023">
        <ele>1737</ele>
        <time>2017-03-27T19:57:49Z</time>
      </trkpt>
      <trkpt lat="46.340765962377191" lon="6.760003985837102">
        <ele>1721</ele>
        <time>2017-03-27T19:58:09Z</time>
      </trkpt>
      <trkpt lat="46.340623972937465" lon="6.760132983326912">
        <ele>1713</ele>
        <time>2017-03-27T19:58:29Z</time>
      </trkpt>
      <trkpt lat="46.340510984882712" lon="6.760057965293527">
        <ele>1709</ele>
        <time>2017-03-27T19:58:49Z</time>
      </trkpt>
      <trkpt lat="46.340247038751841" lon="6.760305985808373">
        <ele>1702</ele>
        <time>2017-03-27T19:59:09Z</time>
      </trkpt>
      <trkpt lat="46.340178977698088" lon="6.760110016912222">
        <ele>1697</ele>
        <time>2017-03-27T19:59:29Z</time>
      </trkpt>
      <trkpt lat="46.339747980237007" lon="6.760445963591337">
        <ele>1674</ele>
        <time>2017-03-27T19:59:49Z</time>
      </trkpt>
      <trkpt lat="46.33945100940764" lon="6.760760033503175">
        <ele>1667</ele>
        <time>2017-03-27T20:00:09Z</time>
      </trkpt>
      <trkpt lat="46.339196031913161" lon="6.760825999081135">
        <ele>1656</ele>
        <time>2017-03-27T20:00:29Z</time>
      </trkpt>
      <trkpt lat="46.338639976456761" lon="6.760999001562595">
        <ele>1636</ele>
        <time>2017-03-27T20:00:49Z</time>
      </trkpt>
      <trkpt lat="46.338436966761947" lon="6.760909985750914">
        <ele>1633</ele>
        <time>2017-03-27T20:01:09Z</time>
      </trkpt>
      <trkpt lat="46.338128009811044" lon="6.761211985722184">
        <ele>1617</ele>
        <time>2017-03-27T20:01:29Z</time>
      </trkpt>
      <trkpt lat="46.337825004011393" lon="6.761404015123844">
        <ele>1613</ele>
        <time>2017-03-27T20:01:49Z</time>
      </trkpt>
      <trkpt lat="46.337675973773003" lon="6.761564025655389">
        <ele>1609</ele>
        <time>2017-03-27T20:02:09Z</time>
      </trkpt>
      <trkpt lat="46.337424013763666" lon="6.761669972911477">
        <ele>1598</ele>
        <time>2017-03-27T20:02:29Z</time>
      </trkpt>
      <trkpt lat="46.337250005453825" lon="6.762014972046018">
        <ele>1589</ele>
        <time>2017-03-27T20:02:49Z</time>
      </trkpt>
      <trkpt lat="46.337106004357338" lon="6.762124020606279">
        <ele>1586</ele>
        <time>2017-03-27T20:03:09Z</time>
      </trkpt>
      <trkpt lat="46.336537962779403" lon="6.763230012729764">
        <ele>1566</ele>
        <time>2017-03-27T20:03:29Z</time>
      </trkpt>
      <trkpt lat="46.336504016071558" lon="6.763620022684336">
        <ele>1560</ele>
        <time>2017-03-27T20:03:49Z</time>
      </trkpt>
      <trkpt lat="46.336164968088269" lon="6.763897966593504">
        <ele>1557</ele>
        <time>2017-03-27T20:04:09Z</time>
      </trkpt>
      <trkpt lat="46.335789961740375" lon="6.764364000409842">
        <ele>1548</ele>
        <time>2017-03-27T20:04:29Z</time>
      </trkpt>
      <trkpt lat="46.335385031998158" lon="6.764990966767073">
        <ele>1546</ele>
        <time>2017-03-27T20:04:49Z</time>
      </trkpt>
      <trkpt lat="46.335320994257927" lon="6.765251979231834">
        <ele>1544</ele>
        <time>2017-03-27T20:05:09Z</time>
      </trkpt>
      <trkpt lat="46.33509200066328" lon="6.765494970604777">
        <ele>1543</ele>
        <time>2017-03-27T20:05:29Z</time>
      </trkpt>
      <trkpt lat="46.334422035142779" lon="6.765807028859854">
        <ele>1542</ele>
        <time>2017-03-27T20:05:49Z</time>
      </trkpt>
      <trkpt lat="46.334151970222592" lon="6.765702003613114">
        <ele>1545</ele>
        <time>2017-03-27T20:06:09Z</time>
      </trkpt>
      <trkpt lat="46.33362902328372" lon="6.766195027157664">
        <ele>1537</ele>
        <time>2017-03-27T20:06:29Z</time>
      </trkpt>
      <trkpt lat="46.333226021379232" lon="6.76622997969389">
        <ele>1536</ele>
        <time>2017-03-27T20:06:49Z</time>
      </trkpt>
      <trkpt lat="46.33274800144136" lon="6.766371969133616">
        <ele>1532</ele>
        <time>2017-03-27T20:07:09Z</time>
      </trkpt>
      <trkpt lat="46.332267969846725" lon="6.766205001622438">
        <ele>1524</ele>
        <time>2017-03-27T20:07:29Z</time>
      </trkpt>
      <trkpt lat="46.331819035112858" lon="6.765819014981389">
        <ele>1527</ele>
        <time>2017-03-27T20:07:49Z</time>
      </trkpt>
      <trkpt lat="46.331515023484826" lon="6.765609970316291">
        <ele>1520</ele>
        <time>2017-03-27T20:08:09Z</time>
      </trkpt>
      <trkpt lat="46.331204976886511" lon="6.765501005575061">
        <ele>1519</ele>
        <time>2017-03-27T20:08:29Z</time>
      </trkpt>
      <trkpt lat="46.330925021320581" lon="6.765645006671548">
        <ele>1514</ele>
        <time>2017-03-27T20:08:49Z</time>
      </trkpt>
      <trkpt lat="46.33051598444581" lon="6.765593960881233">
        <ele>1508</ele>
        <time>2017-03-27T20:09:09Z</time>
      </trkpt>
      <trkpt lat="46.33055898360908" lon="6.765722036361694">
        <ele>1507</ele>
        <time>2017-03-27T20:09:29Z</time>
      </trkpt>
      <trkpt lat="46.330653028562665" lon="6.765850028023124">
        <ele>1505</ele>
        <time>2017-03-27T20:09:49Z</time>
      </trkpt>
      <trkpt lat="46.330709019675851" lon="6.766244983300567">
        <ele>1505</ele>
        <time>2017-03-27T20:10:09Z</time>
      </trkpt>
      <trkpt lat="46.330799041315913" lon="6.766510019078851">
        <ele>1506</ele>
        <time>2017-03-27T20:10:29Z</time>
      </trkpt>
      <trkpt lat="46.330668032169342" lon="6.766620995476842">
        <ele>1506</ele>
        <time>2017-03-27T20:10:49Z</time>
      </trkpt>
      <trkpt lat="46.330659985542297" lon="6.76682903431356">
        <ele>1509</ele>
        <time>2017-03-27T20:11:09Z</time>
      </trkpt>
      <trkpt lat="46.330798035487533" lon="6.767132040113211">
        <ele>1511</ele>
        <time>2017-03-27T20:11:29Z</time>
      </trkpt>
      <trkpt lat="46.330811027437449" lon="6.767397997900844">
        <ele>1514</ele>
        <time>2017-03-27T20:11:49Z</time>
      </trkpt>
      <trkpt lat="46.330487988889217" lon="6.767771998420358">
        <ele>1525</ele>
        <time>2017-03-27T20:12:09Z</time>
      </trkpt>
      <trkpt lat="46.330156987532973" lon="6.768350014463067">
        <ele>1542</ele>
        <time>2017-03-27T20:12:29Z</time>
      </trkpt>
      <trkpt lat="46.330089010298252" lon="6.768766008317471">
        <ele>1546</ele>
        <time>2017-03-27T20:12:49Z</time>
      </trkpt>
      <trkpt lat="46.330151036381721" lon="6.768989972770214">
        <ele>1548</ele>
        <time>2017-03-27T20:13:09Z</time>
      </trkpt>
      <trkpt lat="46.330132009461522" lon="6.769149983301759">
        <ele>1550</ele>
        <time>2017-03-27T20:13:29Z</time>
      </trkpt>
      <trkpt lat="46.329947020858526" lon="6.769218966364861">
        <ele>1558</ele>
        <time>2017-03-27T20:13:49Z</time>
      </trkpt>
      <trkpt lat="46.329765971750021" lon="6.76910899579525">
        <ele>1554</ele>
        <time>2017-03-27T20:14:09Z</time>
      </trkpt>
      <trkpt lat="46.329659018665552" lon="6.769170016050339">
        <ele>1565</ele>
        <time>2017-03-27T20:14:29Z</time>
      </trkpt>
      <trkpt lat="46.32976203225553" lon="6.769439997151494">
        <ele>1566</ele>
        <time>2017-03-27T20:14:49Z</time>
      </trkpt>
      <trkpt lat="46.32946103811264" lon="6.770107029005885">
        <ele>1586</ele>
        <time>2017-03-27T20:15:09Z</time>
      </trkpt>
      <trkpt lat="46.329424995929003" lon="6.770366029813886">
        <ele>1589</ele>
        <time>2017-03-27T20:15:29Z</time>
      </trkpt>
      <trkpt lat="46.329188961535692" lon="6.770710023120046">
        <ele>1598</ele>
        <time>2017-03-27T20:15:49Z</time>
      </trkpt>
      <trkpt lat="46.328049022704363" lon="6.771890027448535">
        <ele>1665</ele>
        <time>2017-03-27T20:16:09Z</time>
      </trkpt>
      <trkpt lat="46.327539989724755" lon="6.77261003293097">
        <ele>1687</ele>
        <time>2017-03-27T20:16:29Z</time>
      </trkpt>
      <trkpt lat="46.327446028590202" lon="6.773053016513586">
        <ele>1722</ele>
        <time>2017-03-27T20:16:49Z</time>
      </trkpt>
      <trkpt lat="46.327510988339782" lon="6.77334001287818">
        <ele>1720</ele>
        <time>2017-03-27T20:17:09Z</time>
      </trkpt>
      <trkpt lat="46.327670998871326" lon="6.773730022832751">
        <ele>1736</ele>
        <time>2017-03-27T20:17:29Z</time>
      </trkpt>
      <trkpt lat="46.327609978616238" lon="6.774039985612035">
        <ele>1744</ele>
        <time>2017-03-27T20:17:49Z</time>
      </trkpt>
      <trkpt lat="46.32776596583426" lon="6.774121960625053">
        <ele>1744</ele>
        <time>2017-03-27T20:18:09Z</time>
      </trkpt>
      <trkpt lat="46.327836038544774" lon="6.774284988641739">
        <ele>1769</ele>
        <time>2017-03-27T20:18:29Z</time>
      </trkpt>
      <trkpt lat="46.327721038833261" lon="6.774469977244735">
        <ele>1770</ele>
        <time>2017-03-27T20:18:49Z</time>
      </trkpt>
      <trkpt lat="46.327510988339782" lon="6.774433013051748">
        <ele>1766</ele>
        <time>2017-03-27T20:19:09Z</time>
      </trkpt>
      <trkpt lat="46.327301021665335" lon="6.774477018043399">
        <ele>1769</ele>
        <time>2017-03-27T20:19:29Z</time>
      </trkpt>
      <trkpt lat="46.327159032225609" lon="6.77467399276793">
        <ele>1775</ele>
        <time>2017-03-27T20:19:49Z</time>
      </trkpt>
      <trkpt lat="46.327083008363843" lon="6.774614984169602">
        <ele>1775</ele>
        <time>2017-03-27T20:20:09Z</time>
      </trkpt>
      <trkpt lat="46.326858038082719" lon="6.774663012474775">
        <ele>1779</ele>
        <time>2017-03-27T20:20:29Z</time>
      </trkpt>
      <trkpt lat="46.326834987848997" lon="6.774404011666775">
        <ele>1776</ele>
        <time>2017-03-27T20:20:49Z</time>
      </trkpt>
      <trkpt lat="46.326461993157864" lon="6.774169988930225">
        <ele>1789</ele>
        <time>2017-03-27T20:21:09Z</time>
      </trkpt>
      <trkpt lat="46.326228976249695" lon="6.773801017552614">
        <ele>1788</ele>
        <time>2017-03-27T20:21:29Z</time>
      </trkpt>
      <trkpt lat="46.325946003198624" lon="6.773955998942256">
        <ele>1793</ele>
        <time>2017-03-27T20:21:49Z</time>
      </trkpt>
      <trkpt lat="46.325808959081769" lon="6.774320024996996">
        <ele>1807</ele>
        <time>2017-03-27T20:22:09Z</time>
      </trkpt>
      <trkpt lat="46.325608966872096" lon="6.774425972253084">
        <ele>1810</ele>
        <time>2017-03-27T20:22:29Z</time>
      </trkpt>
      <trkpt lat="46.325267991051078" lon="6.774435024708509">
        <ele>1812</ele>
        <time>2017-03-27T20:22:49Z</time>
      </trkpt>
      <trkpt lat="46.32464898750186" lon="6.774730989709497">
        <ele>1805</ele>
        <time>2017-03-27T20:23:09Z</time>
      </trkpt>
      <trkpt lat="46.324430974200368" lon="6.774738030508161">
        <ele>1803</ele>
        <time>2017-03-27T20:23:29Z</time>
      </trkpt>
      <trkpt lat="46.324267024174333" lon="6.774829979985952">
        <ele>1798</ele>
        <time>2017-03-27T20:23:49Z</time>
      </trkpt>
      <trkpt lat="46.323729995638132" lon="6.774997031316161">
        <ele>1799</ele>
        <time>2017-03-27T20:24:09Z</time>
      </trkpt>
      <trkpt lat="46.323536038398743" lon="6.775170033797622">
        <ele>1783</ele>
        <time>2017-03-27T20:24:29Z</time>
      </trkpt>
      <trkpt lat="46.323305033147335" lon="6.775310011580586">
        <ele>1774</ele>
        <time>2017-03-27T20:24:49Z</time>
      </trkpt>
      <trkpt lat="46.323029017075896" lon="6.775570018216968">
        <ele>1766</ele>
        <time>2017-03-27T20:25:09Z</time>
      </trkpt>
      <trkpt lat="46.322953999042511" lon="6.775818038731813">
        <ele>1763</ele>
        <time>2017-03-27T20:25:29Z</time>
      </trkpt>
      <trkpt lat="46.322660967707634" lon="6.776064969599247">
        <ele>1749</ele>
        <time>2017-03-27T20:25:49Z</time>
      </trkpt>
      <trkpt lat="46.322454018518329" lon="6.776050971820951">
        <ele>1735</ele>
        <time>2017-03-27T20:26:09Z</time>
      </trkpt>
      <trkpt lat="46.322313034906983" lon="6.776177035644651">
        <ele>1730</ele>
        <time>2017-03-27T20:26:29Z</time>
      </trkpt>
      <trkpt lat="46.322425017133355" lon="6.776361018419266">
        <ele>1729</ele>
        <time>2017-03-27T20:26:49Z</time>
      </trkpt>
      <trkpt lat="46.322215972468257" lon="6.776679027825594">
        <ele>1720</ele>
        <time>2017-03-27T20:27:09Z</time>
      </trkpt>
      <trkpt lat="46.322103990241885" lon="6.776869967579842">
        <ele>1716</ele>
        <time>2017-03-27T20:27:29Z</time>
      </trkpt>
      <trkpt lat="46.321952026337385" lon="6.776954038068652">
        <ele>1712</ele>
        <time>2017-03-27T20:27:49Z</time>
      </trkpt>
      <trkpt lat="46.321894023567438" lon="6.777152018621564">
        <ele>1710</ele>
        <time>2017-03-27T20:28:09Z</time>
      </trkpt>
      <trkpt lat="46.321991002187133" lon="6.777289984747767">
        <ele>1712</ele>
        <time>2017-03-27T20:28:29Z</time>
      </trkpt>
      <trkpt lat="46.321910033002496" lon="6.777328960597515">
        <ele>1709</ele>
        <time>2017-03-27T20:28:49Z</time>
      </trkpt>
      <trkpt lat="46.321881031617522" lon="6.777721988037229">
        <ele>1708</ele>
        <time>2017-03-27T20:29:09Z</time>
      </trkpt>
      <trkpt lat="46.321739964187145" lon="6.777998004108667">
        <ele>1705</ele>
        <time>2017-03-27T20:29:29Z</time>
      </trkpt>
      <trkpt lat="46.321618007495999" lon="6.777688963338733">
        <ele>1680</ele>
        <time>2017-03-27T20:29:49Z</time>
      </trkpt>
      <trkpt lat="46.321078967303038" lon="6.778709962964058">
        <ele>1661</ele>
        <time>2017-03-27T20:30:09Z</time>
      </trkpt>
      <trkpt lat="46.320674959570169" lon="6.779264006763697">
        <ele>1638</ele>
        <time>2017-03-27T20:30:29Z</time>
      </trkpt>
      <trkpt lat="46.320468010380864" lon="6.779140960425139">
        <ele>1632</ele>
        <time>2017-03-27T20:30:49Z</time>
      </trkpt>
      <trkpt lat="46.319936010986567" lon="6.779673965647817">
        <ele>1611</ele>
        <time>2017-03-27T20:31:09Z</time>
      </trkpt>
      <trkpt lat="46.319649014621973" lon="6.779660973697901">
        <ele>1607</ele>
        <time>2017-03-27T20:31:29Z</time>
      </trkpt>
      <trkpt lat="46.319521022960544" lon="6.77987102419138">
        <ele>1604</ele>
        <time>2017-03-27T20:31:49Z</time>
      </trkpt>
      <trkpt lat="46.31947098299861" lon="6.780337980017066">
        <ele>1602</ele>
        <time>2017-03-27T20:32:09Z</time>
      </trkpt>
      <trkpt lat="46.319078039377928" lon="6.780724972486496">
        <ele>1579</ele>
        <time>2017-03-27T20:32:29Z</time>
      </trkpt>
      <trkpt lat="46.318807974457741" lon="6.780837960541248">
        <ele>1572</ele>
        <time>2017-03-27T20:32:49Z</time>
      </trkpt>
      <trkpt lat="46.31854503415525" lon="6.781143983826041">
        <ele>1568</ele>
        <time>2017-03-27T20:33:09Z</time>
      </trkpt>
      <trkpt lat="46.318288967013359" lon="6.781252026557922">
        <ele>1547</ele>
        <time>2017-03-27T20:33:29Z</time>
      </trkpt>
      <trkpt lat="46.317982021719217" lon="6.781510021537542">
        <ele>1541</ele>
        <time>2017-03-27T20:33:49Z</time>
      </trkpt>
      <trkpt lat="46.317554041743279" lon="6.782031962648034">
        <ele>1522</ele>
        <time>2017-03-27T20:34:09Z</time>
      </trkpt>
      <trkpt lat="46.3174510281533" lon="6.782280988991261">
        <ele>1494</ele>
        <time>2017-03-27T20:34:29Z</time>
      </trkpt>
      <trkpt lat="46.31727903150022" lon="6.783253038302064">
        <ele>1488</ele>
        <time>2017-03-27T20:34:49Z</time>
      </trkpt>
      <trkpt lat="46.316817020997405" lon="6.783383041620255">
        <ele>1470</ele>
        <time>2017-03-27T20:35:09Z</time>
      </trkpt>
      <trkpt lat="46.315678004175425" lon="6.783942030742765">
        <ele>1416</ele>
        <time>2017-03-27T20:35:29Z</time>
      </trkpt>
      <trkpt lat="46.315413974225521" lon="6.784476963803172">
        <ele>1408</ele>
        <time>2017-03-27T20:35:49Z</time>
      </trkpt>
      <trkpt lat="46.315318001434207" lon="6.784291975200176">
        <ele>1405</ele>
        <time>2017-03-27T20:36:09Z</time>
      </trkpt>
      <trkpt lat="46.315225968137383" lon="6.784558016806841">
        <ele>1403</ele>
        <time>2017-03-27T20:36:29Z</time>
      </trkpt>
      <trkpt lat="46.315051959827542" lon="6.784457014873624">
        <ele>1400</ele>
        <time>2017-03-27T20:36:49Z</time>
      </trkpt>
      <trkpt lat="46.314850961789489" lon="6.784412004053593">
        <ele>1374</ele>
        <time>2017-03-27T20:37:09Z</time>
      </trkpt>
      <trkpt lat="46.314730010926723" lon="6.784431030973792">
        <ele>1370</ele>
        <time>2017-03-27T20:37:29Z</time>
      </trkpt>
      <trkpt lat="46.314586009830236" lon="6.784372022375464">
        <ele>1366</ele>
        <time>2017-03-27T20:37:49Z</time>
      </trkpt>
      <trkpt lat="46.314521972090006" lon="6.78457603789866">
        <ele>1363</ele>
        <time>2017-03-27T20:38:09Z</time>
      </trkpt>
      <trkpt lat="46.314578969031572" lon="6.784854987636209">
        <ele>1365</ele>
        <time>2017-03-27T20:38:29Z</time>
      </trkpt>
      <trkpt lat="46.314535969868302" lon="6.785213984549046">
        <ele>1353</ele>
        <time>2017-03-27T20:38:49Z</time>
      </trkpt>
      <trkpt lat="46.314456006512046" lon="6.785449013113976">
        <ele>1349</ele>
        <time>2017-03-27T20:39:09Z</time>
      </trkpt>
      <trkpt lat="46.314380988478661" lon="6.785275004804134">
        <ele>1349</ele>
        <time>2017-03-27T20:39:29Z</time>
      </trkpt>
      <trkpt lat="46.314183007925749" lon="6.785275004804134">
        <ele>1346</ele>
        <time>2017-03-27T20:39:49Z</time>
      </trkpt>
      <trkpt lat="46.313858963549137" lon="6.785381035879254">
        <ele>1316</ele>
        <time>2017-03-27T20:40:09Z</time>
      </trkpt>
      <trkpt lat="46.313580013811588" lon="6.785324960947037">
        <ele>1309</ele>
        <time>2017-03-27T20:40:29Z</time>
      </trkpt>
      <trkpt lat="46.313343979418278" lon="6.784835960716009">
        <ele>1304</ele>
        <time>2017-03-27T20:40:49Z</time>
      </trkpt>
      <trkpt lat="46.313258986920118" lon="6.78472800180316">
        <ele>1285</ele>
        <time>2017-03-27T20:41:09Z</time>
      </trkpt>
      <trkpt lat="46.313320007175207" lon="6.785450018942356">
        <ele>1286</ele>
        <time>2017-03-27T20:41:29Z</time>
      </trkpt>
      <trkpt lat="46.313153961673379" lon="6.78584598004818">
        <ele>1295</ele>
        <time>2017-03-27T20:41:49Z</time>
      </trkpt>
      <trkpt lat="46.313052037730813" lon="6.78591001778841">
        <ele>1295</ele>
        <time>2017-03-27T20:42:09Z</time>
      </trkpt>
      <trkpt lat="46.312741991132498" lon="6.785930972546339">
        <ele>1289</ele>
        <time>2017-03-27T20:42:29Z</time>
      </trkpt>
      <trkpt lat="46.312541998922825" lon="6.78580398671329">
        <ele>1274</ele>
        <time>2017-03-27T20:42:49Z</time>
      </trkpt>
      <trkpt lat="46.312007987871766" lon="6.785728968679905">
        <ele>1260</ele>
        <time>2017-03-27T20:43:09Z</time>
      </trkpt>
      <trkpt lat="46.311582019552588" lon="6.785569963976741">
        <ele>1248</ele>
        <time>2017-03-27T20:43:29Z</time>
      </trkpt>
      <trkpt lat="46.310988999903202" lon="6.78578001447022">
        <ele>1242</ele>
        <time>2017-03-27T20:43:49Z</time>
      </trkpt>
      <trkpt lat="46.310716001316905" lon="6.785765010863543">
        <ele>1236</ele>
        <time>2017-03-27T20:44:09Z</time>
      </trkpt>
      <trkpt lat="46.310488013550639" lon="6.785883028060198">
        <ele>1236</ele>
        <time>2017-03-27T20:44:29Z</time>
      </trkpt>
      <trkpt lat="46.31021099165082" lon="6.78573701530695">
        <ele>1229</ele>
        <time>2017-03-27T20:44:49Z</time>
      </trkpt>
      <trkpt lat="46.309966994449496" lon="6.785752018913627">
        <ele>1225</ele>
        <time>2017-03-27T20:45:09Z</time>
      </trkpt>
      <trkpt lat="46.309993984177709" lon="6.785514978691936">
        <ele>1226</ele>
        <time>2017-03-27T20:45:29Z</time>
      </trkpt>
      <trkpt lat="46.309639010578394" lon="6.785580022260547">
        <ele>1226</ele>
        <time>2017-03-27T20:45:49Z</time>
      </trkpt>
      <trkpt lat="46.309509007260203" lon="6.785420011729002">
        <ele>1227</ele>
        <time>2017-03-27T20:46:09Z</time>
      </trkpt>
      <trkpt lat="46.309281019493937" lon="6.785744978114963">
        <ele>1222</ele>
        <time>2017-03-27T20:46:29Z</time>
      </trkpt>
      <trkpt lat="46.309097958728671" lon="6.78588897921145">
        <ele>1218</ele>
        <time>2017-03-27T20:46:49Z</time>
      </trkpt>
      <trkpt lat="46.308979019522667" lon="6.786249987781048">
        <ele>1216</ele>
        <time>2017-03-27T20:47:09Z</time>
      </trkpt>
      <trkpt lat="46.308560008183122" lon="6.786709986627102">
        <ele>1206</ele>
        <time>2017-03-27T20:47:29Z</time>
      </trkpt>
      <trkpt lat="46.308452971279621" lon="6.786945015192032">
        <ele>1205</ele>
        <time>2017-03-27T20:47:49Z</time>
      </trkpt>
      <trkpt lat="46.308163963258266" lon="6.787023972719908">
        <ele>1201</ele>
        <time>2017-03-27T20:48:09Z</time>
      </trkpt>
      <trkpt lat="46.307918038219213" lon="6.787598971277475">
        <ele>1191</ele>
        <time>2017-03-27T20:48:29Z</time>
      </trkpt>
      <trkpt lat="46.307536996901035" lon="6.787709025666118">
        <ele>1189</ele>
        <time>2017-03-27T20:48:49Z</time>
      </trkpt>
      <trkpt lat="46.307049002498388" lon="6.787734003737569">
        <ele>1182</ele>
        <time>2017-03-27T20:49:09Z</time>
      </trkpt>
      <trkpt lat="46.306435028091073" lon="6.787993004545569">
        <ele>1178</ele>
        <time>2017-03-27T20:49:29Z</time>
      </trkpt>
      <trkpt lat="46.305968994274735" lon="6.788359964266419">
        <ele>1166</ele>
        <time>2017-03-27T20:49:49Z</time>
      </trkpt>
      <trkpt lat="46.305518969893456" lon="6.788949966430664">
        <ele>1164</ele>
        <time>2017-03-27T20:50:09Z</time>
      </trkpt>
      <trkpt lat="46.305309003219008" lon="6.788990031927824">
        <ele>1164</ele>
        <time>2017-03-27T20:50:29Z</time>
      </trkpt>
      <trkpt lat="46.305025024339557" lon="6.788870003074408">
        <ele>1165</ele>
        <time>2017-03-27T20:50:49Z</time>
      </trkpt>
      <trkpt lat="46.304339971393347" lon="6.788947032764554">
        <ele>1162</ele>
        <time>2017-03-27T20:51:09Z</time>
      </trkpt>
      <trkpt lat="46.30413101054728" lon="6.789092039689422">
        <ele>1152</ele>
        <time>2017-03-27T20:51:29Z</time>
      </trkpt>
      <trkpt lat="46.303470013663173" lon="6.789280967786908">
        <ele>1139</ele>
        <time>2017-03-27T20:51:49Z</time>
      </trkpt>
      <trkpt lat="46.302805999293923" lon="6.789144007489085">
        <ele>1140</ele>
        <time>2017-03-27T20:52:09Z</time>
      </trkpt>
      <trkpt lat="46.302310964092612" lon="6.789320027455688">
        <ele>1129</ele>
        <time>2017-03-27T20:52:29Z</time>
      </trkpt>
      <trkpt lat="46.301804026588798" lon="6.789321033284068">
        <ele>1127</ele>
        <time>2017-03-27T20:52:49Z</time>
      </trkpt>
      <trkpt lat="46.30136095918715" lon="6.789534017443657">
        <ele>1121</ele>
        <time>2017-03-27T20:53:09Z</time>
      </trkpt>
      <trkpt lat="46.300888974219561" lon="6.789854038506746">
        <ele>1115</ele>
        <time>2017-03-27T20:53:29Z</time>
      </trkpt>
      <trkpt lat="46.299749035388231" lon="6.789868958294392">
        <ele>1103</ele>
        <time>2017-03-27T20:53:49Z</time>
      </trkpt>
      <trkpt lat="46.298567019402981" lon="6.789492024108768">
        <ele>1080</ele>
        <time>2017-03-27T20:54:09Z</time>
      </trkpt>
      <trkpt lat="46.298105008900166" lon="6.789458999410272">
        <ele>1064</ele>
        <time>2017-03-27T20:54:29Z</time>
      </trkpt>
      <trkpt lat="46.297659007832408" lon="6.789739038795233">
        <ele>1060</ele>
        <time>2017-03-27T20:54:49Z</time>
      </trkpt>
      <trkpt lat="46.297373017296195" lon="6.789566958323121">
        <ele>1049</ele>
        <time>2017-03-27T20:55:09Z</time>
      </trkpt>
      <trkpt lat="46.297161038964987" lon="6.789351040497422">
        <ele>1048</ele>
        <time>2017-03-27T20:55:29Z</time>
      </trkpt>
      <trkpt lat="46.295391032472253" lon="6.788379997014999">
        <ele>1025</ele>
        <time>2017-03-27T20:55:49Z</time>
      </trkpt>
      <trkpt lat="46.295127002522349" lon="6.78951901383698">
        <ele>1026</ele>
        <time>2017-03-27T20:56:09Z</time>
      </trkpt>
      <trkpt lat="46.294905971735716" lon="6.791555983945727">
        <ele>1025</ele>
        <time>2017-03-27T20:56:29Z</time>
      </trkpt>
      <trkpt lat="46.294905971735716" lon="6.791555983945727">
        <ele>1025</ele>
        <time>2017-03-27T20:56:49Z</time>
      </trkpt>
      <trkpt lat="46.293870974332094" lon="6.793240997940302">
        <ele>1022</ele>
        <time>2017-03-27T20:57:09Z</time>
      </trkpt>
      <trkpt lat="46.293648015707731" lon="6.793778026476502">
        <ele>1025</ele>
        <time>2017-03-27T20:57:29Z</time>
      </trkpt>
      <trkpt lat="46.293529998511076" lon="6.793520031496882">
        <ele>1023</ele>
        <time>2017-03-27T20:57:49Z</time>
      </trkpt>
      <trkpt lat="46.292387964203954" lon="6.793262958526611">
        <ele>1012</ele>
        <time>2017-03-27T20:58:09Z</time>
      </trkpt>
      <trkpt lat="46.292061991989613" lon="6.792961964383721">
        <ele>1010</ele>
        <time>2017-03-27T20:58:29Z</time>
      </trkpt>
      <trkpt lat="46.291586989536881" lon="6.792747974395752">
        <ele>1009</ele>
        <time>2017-03-27T20:58:49Z</time>
      </trkpt>
      <trkpt lat="46.291172001510859" lon="6.792790973559022">
        <ele>1009</ele>
        <time>2017-03-27T20:59:09Z</time>
      </trkpt>
      <trkpt lat="46.291127996519208" lon="6.793154999613762">
        <ele>1010</ele>
        <time>2017-03-27T20:59:29Z</time>
      </trkpt>
      <trkpt lat="46.290757013484836" lon="6.793133961036801">
        <ele>1016</ele>
        <time>2017-03-27T20:59:49Z</time>
      </trkpt>
      <trkpt lat="46.290772017091513" lon="6.793949017301202">
        <ele>1011</ele>
        <time>2017-03-27T21:00:09Z</time>
      </trkpt>
      <trkpt lat="46.290459958836436" lon="6.794721996411681">
        <ele>1011</ele>
        <time>2017-03-27T21:00:29Z</time>
      </trkpt>
      <trkpt lat="46.289941035211086" lon="6.795516014099121">
        <ele>1021</ele>
        <time>2017-03-27T21:00:49Z</time>
      </trkpt>
      <trkpt lat="46.288963034749031" lon="6.79663198068738">
        <ele>1035</ele>
        <time>2017-03-27T21:01:09Z</time>
      </trkpt>
      <trkpt lat="46.288665980100632" lon="6.797188958153129">
        <ele>1030</ele>
        <time>2017-03-27T21:01:29Z</time>
      </trkpt>
      <trkpt lat="46.288250992074609" lon="6.79770402610302">
        <ele>1044</ele>
        <time>2017-03-27T21:01:49Z</time>
      </trkpt>
      <trkpt lat="46.287880009040236" lon="6.798391006886959">
        <ele>1044</ele>
        <time>2017-03-27T21:02:09Z</time>
      </trkpt>
      <trkpt lat="46.287776995450258" lon="6.79888503625989">
        <ele>1043</ele>
        <time>2017-03-27T21:02:29Z</time>
      </trkpt>
      <trkpt lat="46.288072960451245" lon="6.800729976966977">
        <ele>1019</ele>
        <time>2017-03-27T21:02:49Z</time>
      </trkpt>
      <trkpt lat="46.287525035440922" lon="6.801394997164607">
        <ele>1018</ele>
        <time>2017-03-27T21:03:09Z</time>
      </trkpt>
      <trkpt lat="46.287227980792522" lon="6.802103016525507">
        <ele>1022</ele>
        <time>2017-03-27T21:03:29Z</time>
      </trkpt>
      <trkpt lat="46.287583960220218" lon="6.802447009831667">
        <ele>1017</ele>
        <time>2017-03-27T21:03:49Z</time>
      </trkpt>
      <trkpt lat="46.287672976031899" lon="6.802703998982906">
        <ele>1016</ele>
        <time>2017-03-27T21:04:09Z</time>
      </trkpt>
      <trkpt lat="46.287376005202532" lon="6.803627014160156">
        <ele>1020</ele>
        <time>2017-03-27T21:04:29Z</time>
      </trkpt>
      <trkpt lat="46.287450017407537" lon="6.804484985768795">
        <ele>1021</ele>
        <time>2017-03-27T21:04:49Z</time>
      </trkpt>
      <trkpt lat="46.287182969972491" lon="6.805535992607474">
        <ele>1023</ele>
        <time>2017-03-27T21:05:09Z</time>
      </trkpt>
      <trkpt lat="46.286887004971504" lon="6.806373009458184">
        <ele>1023</ele>
        <time>2017-03-27T21:05:29Z</time>
      </trkpt>
      <trkpt lat="46.285720998421311" lon="6.804999969899654">
        <ele>1041</ele>
        <time>2017-03-27T21:05:49Z</time>
      </trkpt>
      <trkpt lat="46.285151029005647" lon="6.804909026250243">
        <ele>1056</ele>
        <time>2017-03-27T21:06:09Z</time>
      </trkpt>
      <trkpt lat="46.284796977415681" lon="6.805113041773439">
        <ele>1069</ele>
        <time>2017-03-27T21:06:29Z</time>
      </trkpt>
      <trkpt lat="46.284568989649415" lon="6.805519983172417">
        <ele>1073</ele>
        <time>2017-03-27T21:06:49Z</time>
      </trkpt>
      <trkpt lat="46.28434301353991" lon="6.805507997050881">
        <ele>1076</ele>
        <time>2017-03-27T21:07:09Z</time>
      </trkpt>
      <trkpt lat="46.284012012183666" lon="6.80574000813067">
        <ele>1093</ele>
        <time>2017-03-27T21:07:29Z</time>
      </trkpt>
      <trkpt lat="46.283908998593688" lon="6.805443959310651">
        <ele>1100</ele>
        <time>2017-03-27T21:07:49Z</time>
      </trkpt>
      <trkpt lat="46.284045958891511" lon="6.804950013756752">
        <ele>1100</ele>
        <time>2017-03-27T21:08:09Z</time>
      </trkpt>
      <trkpt lat="46.28397798165679" lon="6.804635021835566">
        <ele>1109</ele>
        <time>2017-03-27T21:08:29Z</time>
      </trkpt>
      <trkpt lat="46.2837840244174" lon="6.80436797440052">
        <ele>1114</ele>
        <time>2017-03-27T21:08:49Z</time>
      </trkpt>
      <trkpt lat="46.283586965873837" lon="6.804275019094348">
        <ele>1120</ele>
        <time>2017-03-27T21:09:09Z</time>
      </trkpt>
      <trkpt lat="46.28343902528286" lon="6.80432204157114">
        <ele>1124</ele>
        <time>2017-03-27T21:09:29Z</time>
      </trkpt>
      <trkpt lat="46.283539021387696" lon="6.804820010438561">
        <ele>1118</ele>
        <time>2017-03-27T21:09:49Z</time>
      </trkpt>
      <trkpt lat="46.283489987254143" lon="6.805238015949726">
        <ele>1111</ele>
        <time>2017-03-27T21:10:09Z</time>
      </trkpt>
      <trkpt lat="46.283345986157656" lon="6.805644035339356">
        <ele>1110</ele>
        <time>2017-03-27T21:10:29Z</time>
      </trkpt>
      <trkpt lat="46.283212965354323" lon="6.805785018950701">
        <ele>1122</ele>
        <time>2017-03-27T21:10:49Z</time>
      </trkpt>
      <trkpt lat="46.283150017261505" lon="6.805770015344024">
        <ele>1125</ele>
        <time>2017-03-27T21:11:09Z</time>
      </trkpt>
      <trkpt lat="46.283154040575027" lon="6.805380005389452">
        <ele>1130</ele>
        <time>2017-03-27T21:11:29Z</time>
      </trkpt>
      <trkpt lat="46.283077010884881" lon="6.804761001840234">
        <ele>1139</ele>
        <time>2017-03-27T21:11:49Z</time>
      </trkpt>
      <trkpt lat="46.2828170042485" lon="6.804620018228889">
        <ele>1143</ele>
        <time>2017-03-27T21:12:09Z</time>
      </trkpt>
      <trkpt lat="46.282794959843159" lon="6.804094975814223">
        <ele>1154</ele>
        <time>2017-03-27T21:12:29Z</time>
      </trkpt>
      <trkpt lat="46.282478040084243" lon="6.803577980026603">
        <ele>1173</ele>
        <time>2017-03-27T21:12:49Z</time>
      </trkpt>
      <trkpt lat="46.282101022079587" lon="6.803050003945828">
        <ele>1191</ele>
        <time>2017-03-27T21:13:09Z</time>
      </trkpt>
      <trkpt lat="46.281456034630537" lon="6.802701987326145">
        <ele>1210</ele>
        <time>2017-03-27T21:13:29Z</time>
      </trkpt>
      <trkpt lat="46.281232992187142" lon="6.802353970706463">
        <ele>1222</ele>
        <time>2017-03-27T21:13:49Z</time>
      </trkpt>
      <trkpt lat="46.281031994149089" lon="6.801770003512502">
        <ele>1229</ele>
        <time>2017-03-27T21:14:09Z</time>
      </trkpt>
      <trkpt lat="46.280882963910699" lon="6.8017010204494">
        <ele>1235</ele>
        <time>2017-03-27T21:14:29Z</time>
      </trkpt>
      <trkpt lat="46.280754972249269" lon="6.801946023479104">
        <ele>1247</ele>
        <time>2017-03-27T21:14:49Z</time>
      </trkpt>
      <trkpt lat="46.280806018039584" lon="6.802616994827986">
        <ele>1234</ele>
        <time>2017-03-27T21:15:09Z</time>
      </trkpt>
      <trkpt lat="46.280849017202854" lon="6.803126027807593">
        <ele>1216</ele>
        <time>2017-03-27T21:15:29Z</time>
      </trkpt>
      <trkpt lat="46.280723037198186" lon="6.803537998348475">
        <ele>1226</ele>
        <time>2017-03-27T21:15:49Z</time>
      </trkpt>
      <trkpt lat="46.280508041381836" lon="6.803929014131427">
        <ele>1227</ele>
        <time>2017-03-27T21:16:09Z</time>
      </trkpt>
      <trkpt lat="46.280311988666654" lon="6.804369986057282">
        <ele>1221</ele>
        <time>2017-03-27T21:16:29Z</time>
      </trkpt>
      <trkpt lat="46.27998199313879" lon="6.804592022672296">
        <ele>1241</ele>
        <time>2017-03-27T21:16:49Z</time>
      </trkpt>
      <trkpt lat="46.279621990397573" lon="6.80462496355176">
        <ele>1245</ele>
        <time>2017-03-27T21:17:09Z</time>
      </trkpt>
      <trkpt lat="46.279484024271369" lon="6.804734012112021">
        <ele>1247</ele>
        <time>2017-03-27T21:17:29Z</time>
      </trkpt>
      <trkpt lat="46.278755972161889" lon="6.804499989375472">
        <ele>1272</ele>
        <time>2017-03-27T21:17:49Z</time>
      </trkpt>
      <trkpt lat="46.278420025482774" lon="6.804811963811517">
        <ele>1272</ele>
        <time>2017-03-27T21:18:09Z</time>
      </trkpt>
      <trkpt lat="46.277670012786984" lon="6.804936015978456">
        <ele>1302</ele>
        <time>2017-03-27T21:18:29Z</time>
      </trkpt>
      <trkpt lat="46.277157040312886" lon="6.805339017882943">
        <ele>1313</ele>
        <time>2017-03-27T21:18:49Z</time>
      </trkpt>
      <trkpt lat="46.27688798122108" lon="6.804802995175123">
        <ele>1332</ele>
        <time>2017-03-27T21:19:09Z</time>
      </trkpt>
      <trkpt lat="46.27671699039638" lon="6.80479796603322">
        <ele>1334</ele>
        <time>2017-03-27T21:19:29Z</time>
      </trkpt>
      <trkpt lat="46.276449020951986" lon="6.8049699626863">
        <ele>1350</ele>
        <time>2017-03-27T21:19:49Z</time>
      </trkpt>
      <trkpt lat="46.27626596018672" lon="6.804814981296659">
        <ele>1356</ele>
        <time>2017-03-27T21:20:09Z</time>
      </trkpt>
      <trkpt lat="46.276099998503923" lon="6.80501296184957">
        <ele>1349</ele>
        <time>2017-03-27T21:20:29Z</time>
      </trkpt>
      <trkpt lat="46.275975024327636" lon="6.805328959599137">
        <ele>1347</ele>
        <time>2017-03-27T21:20:49Z</time>
      </trkpt>
      <trkpt lat="46.275277985259891" lon="6.805509002879262">
        <ele>1377</ele>
        <time>2017-03-27T21:21:09Z</time>
      </trkpt>
      <trkpt lat="46.274870038032532" lon="6.80587001144886">
        <ele>1387</ele>
        <time>2017-03-27T21:21:29Z</time>
      </trkpt>
      <trkpt lat="46.274570971727371" lon="6.806554980576038">
        <ele>1387</ele>
        <time>2017-03-27T21:21:49Z</time>
      </trkpt>
      <trkpt lat="46.274211974814534" lon="6.806560009717941">
        <ele>1393</ele>
        <time>2017-03-27T21:22:09Z</time>
      </trkpt>
      <trkpt lat="46.273847026750445" lon="6.806953037157655">
        <ele>1399</ele>
        <time>2017-03-27T21:22:29Z</time>
      </trkpt>
      <trkpt lat="46.273780977353454" lon="6.806690013036132">
        <ele>1402</ele>
        <time>2017-03-27T21:22:49Z</time>
      </trkpt>
      <trkpt lat="46.273620966821909" lon="6.806869972497225">
        <ele>1405</ele>
        <time>2017-03-27T21:23:09Z</time>
      </trkpt>
      <trkpt lat="46.273608980700374" lon="6.806430006399751">
        <ele>1420</ele>
        <time>2017-03-27T21:23:29Z</time>
      </trkpt>
      <trkpt lat="46.273318966850638" lon="6.806269995868206">
        <ele>1447</ele>
        <time>2017-03-27T21:23:49Z</time>
      </trkpt>
      <trkpt lat="46.273151999339461" lon="6.806394970044494">
        <ele>1447</ele>
        <time>2017-03-27T21:24:09Z</time>
      </trkpt>
      <trkpt lat="46.272982014343143" lon="6.806412991136313">
        <ele>1451</ele>
        <time>2017-03-27T21:24:29Z</time>
      </trkpt>
      <trkpt lat="46.272674985229969" lon="6.806545006111264">
        <ele>1458</ele>
        <time>2017-03-27T21:24:49Z</time>
      </trkpt>
      <trkpt lat="46.271507972851396" lon="6.80743801407516">
        <ele>1491</ele>
        <time>2017-03-27T21:25:09Z</time>
      </trkpt>
      <trkpt lat="46.271721040830016" lon="6.807746971026063">
        <ele>1461</ele>
        <time>2017-03-27T21:25:29Z</time>
      </trkpt>
      <trkpt lat="46.271488023921847" lon="6.807832969352603">
        <ele>1484</ele>
        <time>2017-03-27T21:25:49Z</time>
      </trkpt>
      <trkpt lat="46.271400013938546" lon="6.808089958503842">
        <ele>1483</ele>
        <time>2017-03-27T21:26:09Z</time>
      </trkpt>
      <trkpt lat="46.271178983151913" lon="6.808074032887816">
        <ele>1490</ele>
        <time>2017-03-27T21:26:29Z</time>
      </trkpt>
      <trkpt lat="46.271084016188979" lon="6.808299003168941">
        <ele>1494</ele>
        <time>2017-03-27T21:26:49Z</time>
      </trkpt>
      <trkpt lat="46.270930962637067" lon="6.808257009834051">
        <ele>1501</ele>
        <time>2017-03-27T21:27:09Z</time>
      </trkpt>
      <trkpt lat="46.270861979573965" lon="6.80857895873487">
        <ele>1491</ele>
        <time>2017-03-27T21:27:29Z</time>
      </trkpt>
      <trkpt lat="46.270535001531243" lon="6.808975003659725">
        <ele>1511</ele>
        <time>2017-03-27T21:27:49Z</time>
      </trkpt>
      <trkpt lat="46.270424025133252" lon="6.808739975094795">
        <ele>1513</ele>
        <time>2017-03-27T21:28:09Z</time>
      </trkpt>
      <trkpt lat="46.270213974639773" lon="6.808906020596623">
        <ele>1515</ele>
        <time>2017-03-27T21:28:29Z</time>
      </trkpt>
      <trkpt lat="46.27012001350522" lon="6.809206008911133">
        <ele>1519</ele>
        <time>2017-03-27T21:28:49Z</time>
      </trkpt>
      <trkpt lat="46.269688010215759" lon="6.809410024434328">
        <ele>1534</ele>
        <time>2017-03-27T21:29:09Z</time>
      </trkpt>
      <trkpt lat="46.269500004127622" lon="6.809727028012276">
        <ele>1537</ele>
        <time>2017-03-27T21:29:29Z</time>
      </trkpt>
      <trkpt lat="46.269257012754679" lon="6.809901958331466">
        <ele>1543</ele>
        <time>2017-03-27T21:29:49Z</time>
      </trkpt>
      <trkpt lat="46.269089039415121" lon="6.810130029916763">
        <ele>1561</ele>
        <time>2017-03-27T21:30:09Z</time>
      </trkpt>
      <trkpt lat="46.268948977813125" lon="6.810199012979865">
        <ele>1567</ele>
        <time>2017-03-27T21:30:29Z</time>
      </trkpt>
      <trkpt lat="46.268744040280581" lon="6.809943029657006">
        <ele>1573</ele>
        <time>2017-03-27T21:30:49Z</time>
      </trkpt>
      <trkpt lat="46.26868000254035" lon="6.809547990560532">
        <ele>1572</ele>
        <time>2017-03-27T21:31:09Z</time>
      </trkpt>
      <trkpt lat="46.268375990912318" lon="6.809063013643026">
        <ele>1579</ele>
        <time>2017-03-27T21:31:29Z</time>
      </trkpt>
      <trkpt lat="46.268283035606146" lon="6.808127006515861">
        <ele>1606</ele>
        <time>2017-03-27T21:31:49Z</time>
      </trkpt>
      <trkpt lat="46.268234001472592" lon="6.807549996301532">
        <ele>1608</ele>
        <time>2017-03-27T21:32:09Z</time>
      </trkpt>
      <trkpt lat="46.268094023689628" lon="6.807313961908221">
        <ele>1625</ele>
        <time>2017-03-27T21:32:29Z</time>
      </trkpt>
      <trkpt lat="46.267953040078282" lon="6.807267023250461">
        <ele>1631</ele>
        <time>2017-03-27T21:32:49Z</time>
      </trkpt>
      <trkpt lat="46.267815995961428" lon="6.807364001870155">
        <ele>1635</ele>
        <time>2017-03-27T21:33:09Z</time>
      </trkpt>
      <trkpt lat="46.2674789596349" lon="6.807154035195708">
        <ele>1669</ele>
        <time>2017-03-27T21:33:29Z</time>
      </trkpt>
      <trkpt lat="46.267365971580148" lon="6.807420998811722">
        <ele>1663</ele>
        <time>2017-03-27T21:33:49Z</time>
      </trkpt>
      <trkpt lat="46.26704796217382" lon="6.807688968256116">
        <ele>1678</ele>
        <time>2017-03-27T21:34:09Z</time>
      </trkpt>
      <trkpt lat="46.266757026314735" lon="6.80769600905478">
        <ele>1685</ele>
        <time>2017-03-27T21:34:29Z</time>
      </trkpt>
      <trkpt lat="46.266662981361151" lon="6.807624008506537">
        <ele>1697</ele>
        <time>2017-03-27T21:34:49Z</time>
      </trkpt>
      <trkpt lat="46.266487967222929" lon="6.807837998494506">
        <ele>1703</ele>
        <time>2017-03-27T21:35:09Z</time>
      </trkpt>
      <trkpt lat="46.26631798222661" lon="6.807835986837745">
        <ele>1704</ele>
        <time>2017-03-27T21:35:29Z</time>
      </trkpt>
      <trkpt lat="46.266204994171858" lon="6.807667007669807">
        <ele>1703</ele>
        <time>2017-03-27T21:35:49Z</time>
      </trkpt>
      <trkpt lat="46.266179010272026" lon="6.807424016296864">
        <ele>1699</ele>
        <time>2017-03-27T21:36:09Z</time>
      </trkpt>
      <trkpt lat="46.266073985025287" lon="6.807300969958305">
        <ele>1700</ele>
        <time>2017-03-27T21:36:29Z</time>
      </trkpt>
      <trkpt lat="46.265895031392574" lon="6.807230981066823">
        <ele>1701</ele>
        <time>2017-03-27T21:36:49Z</time>
      </trkpt>
      <trkpt lat="46.26569596119225" lon="6.806748015806079">
        <ele>1710</ele>
        <time>2017-03-27T21:37:09Z</time>
      </trkpt>
      <trkpt lat="46.265615997835994" lon="6.806424977257848">
        <ele>1713</ele>
        <time>2017-03-27T21:37:29Z</time>
      </trkpt>
      <trkpt lat="46.265410976484418" lon="6.806079978123307">
        <ele>1716</ele>
        <time>2017-03-27T21:37:49Z</time>
      </trkpt>
      <trkpt lat="46.265189023688436" lon="6.806075032800436">
        <ele>1719</ele>
        <time>2017-03-27T21:38:09Z</time>
      </trkpt>
      <trkpt lat="46.26492097042501" lon="6.805532975122333">
        <ele>1732</ele>
        <time>2017-03-27T21:38:29Z</time>
      </trkpt>
      <trkpt lat="46.264732964336872" lon="6.805357960984111">
        <ele>1734</ele>
        <time>2017-03-27T21:38:49Z</time>
      </trkpt>
      <trkpt lat="46.264530038461089" lon="6.80528998374939">
        <ele>1737</ele>
        <time>2017-03-27T21:39:09Z</time>
      </trkpt>
      <trkpt lat="46.264300961047411" lon="6.804680032655597">
        <ele>1739</ele>
        <time>2017-03-27T21:39:29Z</time>
      </trkpt>
      <trkpt lat="46.264355024322867" lon="6.804494960233569">
        <ele>1738</ele>
        <time>2017-03-27T21:39:49Z</time>
      </trkpt>
      <trkpt lat="46.264332979917526" lon="6.803976958617568">
        <ele>1740</ele>
        <time>2017-03-27T21:40:09Z</time>
      </trkpt>
      <trkpt lat="46.264220997691154" lon="6.803533975034952">
        <ele>1740</ele>
        <time>2017-03-27T21:40:29Z</time>
      </trkpt>
      <trkpt lat="46.264030979946256" lon="6.803286960348487">
        <ele>1750</ele>
        <time>2017-03-27T21:40:49Z</time>
      </trkpt>
      <trkpt lat="46.26375999301672" lon="6.803170032799244">
        <ele>1757</ele>
        <time>2017-03-27T21:41:09Z</time>
      </trkpt>
      <trkpt lat="46.263323966413736" lon="6.803211020305753">
        <ele>1774</ele>
        <time>2017-03-27T21:41:29Z</time>
      </trkpt>
      <trkpt lat="46.263166973367333" lon="6.803498016670346">
        <ele>1778</ele>
        <time>2017-03-27T21:41:49Z</time>
      </trkpt>
      <trkpt lat="46.263003023341298" lon="6.803579991683364">
        <ele>1782</ele>
        <time>2017-03-27T21:42:09Z</time>
      </trkpt>
      <trkpt lat="46.262890035286546" lon="6.803800016641617">
        <ele>1784</ele>
        <time>2017-03-27T21:42:29Z</time>
      </trkpt>
      <trkpt lat="46.263130009174347" lon="6.803970001637936">
        <ele>1781</ele>
        <time>2017-03-27T21:42:49Z</time>
      </trkpt>
      <trkpt lat="46.26303001306951" lon="6.804091036319733">
        <ele>1782</ele>
        <time>2017-03-27T21:43:09Z</time>
      </trkpt>
      <trkpt lat="46.262805964797735" lon="6.804003026336432">
        <ele>1787</ele>
        <time>2017-03-27T21:43:29Z</time>
      </trkpt>
      <trkpt lat="46.262690965086222" lon="6.804220033809543">
        <ele>1795</ele>
        <time>2017-03-27T21:43:49Z</time>
      </trkpt>
      <trkpt lat="46.262520980089903" lon="6.80423503741622">
        <ele>1797</ele>
        <time>2017-03-27T21:44:09Z</time>
      </trkpt>
      <trkpt lat="46.262395000085235" lon="6.804132023826242">
        <ele>1801</ele>
        <time>2017-03-27T21:44:29Z</time>
      </trkpt>
      <trkpt lat="46.261780019849539" lon="6.802199995145202">
        <ele>1826</ele>
        <time>2017-03-27T21:44:49Z</time>
      </trkpt>
      <trkpt lat="46.261837016791105" lon="6.801825994625688">
        <ele>1833</ele>
        <time>2017-03-27T21:45:09Z</time>
      </trkpt>
      <trkpt lat="46.26201999373734" lon="6.801270022988319">
        <ele>1843</ele>
        <time>2017-03-27T21:45:29Z</time>
      </trkpt>
      <trkpt lat="46.261970037594438" lon="6.800911026075482">
        <ele>1849</ele>
        <time>2017-03-27T21:45:49Z</time>
      </trkpt>
      <trkpt lat="46.261662002652884" lon="6.80049603804946">
        <ele>1885</ele>
        <time>2017-03-27T21:46:09Z</time>
      </trkpt>
      <trkpt lat="46.261650016531348" lon="6.799892960116267">
        <ele>1885</ele>
        <time>2017-03-27T21:46:29Z</time>
      </trkpt>
      <trkpt lat="46.26152403652668" lon="6.799144959077239">
        <ele>1893</ele>
        <time>2017-03-27T21:46:49Z</time>
      </trkpt>
      <trkpt lat="46.261608023196459" lon="6.798277013003826">
        <ele>1906</ele>
        <time>2017-03-27T21:47:09Z</time>
      </trkpt>
      <trkpt lat="46.261485982686281" lon="6.798097975552082">
        <ele>1912</ele>
        <time>2017-03-27T21:47:29Z</time>
      </trkpt>
      <trkpt lat="46.261426974087954" lon="6.797822965309024">
        <ele>1916</ele>
        <time>2017-03-27T21:47:49Z</time>
      </trkpt>
      <trkpt lat="46.260849041864276" lon="6.797500010579824">
        <ele>1918</ele>
        <time>2017-03-27T21:48:09Z</time>
      </trkpt>
      <trkpt lat="46.26045199111104" lon="6.79732097312808">
        <ele>1911</ele>
        <time>2017-03-27T21:48:29Z</time>
      </trkpt>
      <trkpt lat="46.260274965316057" lon="6.797402026131749">
        <ele>1909</ele>
        <time>2017-03-27T21:48:49Z</time>
      </trkpt>
      <trkpt lat="46.260289968922734" lon="6.797294989228249">
        <ele>1909</ele>
        <time>2017-03-27T21:49:09Z</time>
      </trkpt>
      <trkpt lat="46.260112021118402" lon="6.796800959855318">
        <ele>1903</ele>
        <time>2017-03-27T21:49:29Z</time>
      </trkpt>
      <trkpt lat="46.260182010009885" lon="6.796599039807916">
        <ele>1900</ele>
        <time>2017-03-27T21:49:49Z</time>
      </trkpt>
      <trkpt lat="46.260273037478328" lon="6.795680969953537">
        <ele>1892</ele>
        <time>2017-03-27T21:50:09Z</time>
      </trkpt>
      <trkpt lat="46.260796990245581" lon="6.794413039460778">
        <ele>1885</ele>
        <time>2017-03-27T21:50:29Z</time>
      </trkpt>
      <trkpt lat="46.260941997170448" lon="6.793444007635117">
        <ele>1890</ele>
        <time>2017-03-27T21:50:49Z</time>
      </trkpt>
      <trkpt lat="46.261027995496988" lon="6.793141001835465">
        <ele>1891</ele>
        <time>2017-03-27T21:51:09Z</time>
      </trkpt>
      <trkpt lat="46.260997988283634" lon="6.792588969692588">
        <ele>1889</ele>
        <time>2017-03-27T21:51:29Z</time>
      </trkpt>
      <trkpt lat="46.260876031592488" lon="6.792528033256531">
        <ele>1882</ele>
        <time>2017-03-27T21:51:49Z</time>
      </trkpt>
      <trkpt lat="46.260650977492332" lon="6.792816035449505">
        <ele>1863</ele>
        <time>2017-03-27T21:52:09Z</time>
      </trkpt>
      <trkpt lat="46.260700011625886" lon="6.793186012655497">
        <ele>1866</ele>
        <time>2017-03-27T21:52:29Z</time>
      </trkpt>
      <trkpt lat="46.260443022474647" lon="6.793844997882843">
        <ele>1864</ele>
        <time>2017-03-27T21:52:49Z</time>
      </trkpt>
      <trkpt lat="46.260265996679664" lon="6.794135011732578">
        <ele>1861</ele>
        <time>2017-03-27T21:53:09Z</time>
      </trkpt>
      <trkpt lat="46.259898031130433" lon="6.794287981465459">
        <ele>1848</ele>
        <time>2017-03-27T21:53:29Z</time>
      </trkpt>
      <trkpt lat="46.259348010644317" lon="6.794350007548928">
        <ele>1837</ele>
        <time>2017-03-27T21:53:49Z</time>
      </trkpt>
      <trkpt lat="46.259262012317777" lon="6.794529967010021">
        <ele>1838</ele>
        <time>2017-03-27T21:54:09Z</time>
      </trkpt>
      <trkpt lat="46.259304005652666" lon="6.794704981148243">
        <ele>1840</ele>
        <time>2017-03-27T21:54:29Z</time>
      </trkpt>
      <trkpt lat="46.259239967912436" lon="6.794858034700155">
        <ele>1838</ele>
        <time>2017-03-27T21:54:49Z</time>
      </trkpt>
      <trkpt lat="46.259230999276042" lon="6.795132961124182">
        <ele>1844</ele>
        <time>2017-03-27T21:55:09Z</time>
      </trkpt>
      <trkpt lat="46.259090015664697" lon="6.79545097053051">
        <ele>1823</ele>
        <time>2017-03-27T21:55:29Z</time>
      </trkpt>
      <trkpt lat="46.258991025388241" lon="6.795140001922846">
        <ele>1822</ele>
        <time>2017-03-27T21:55:49Z</time>
      </trkpt>
      <trkpt lat="46.258888011798263" lon="6.795358015224338">
        <ele>1818</ele>
        <time>2017-03-27T21:56:09Z</time>
      </trkpt>
      <trkpt lat="46.258850041776896" lon="6.795070013031364">
        <ele>1816</ele>
        <time>2017-03-27T21:56:29Z</time>
      </trkpt>
      <trkpt lat="46.258541001006961" lon="6.794440029188991">
        <ele>1799</ele>
        <time>2017-03-27T21:56:49Z</time>
      </trkpt>
      <trkpt lat="46.258219974115491" lon="6.794787961989641">
        <ele>1772</ele>
        <time>2017-03-27T21:57:09Z</time>
      </trkpt>
      <trkpt lat="46.25800296664238" lon="6.795234968885779">
        <ele>1771</ele>
        <time>2017-03-27T21:57:29Z</time>
      </trkpt>
      <trkpt lat="46.257845973595977" lon="6.795290959998965">
        <ele>1768</ele>
        <time>2017-03-27T21:57:49Z</time>
      </trkpt>
      <trkpt lat="46.257688980549574" lon="6.795089961960912">
        <ele>1761</ele>
        <time>2017-03-27T21:58:09Z</time>
      </trkpt>
      <trkpt lat="46.257177013903856" lon="6.795167997479439">
        <ele>1737</ele>
        <time>2017-03-27T21:58:29Z</time>
      </trkpt>
      <trkpt lat="46.257106019183993" lon="6.794787961989641">
        <ele>1731</ele>
        <time>2017-03-27T21:58:49Z</time>
      </trkpt>
      <trkpt lat="46.256856992840767" lon="6.794409016147256">
        <ele>1723</ele>
        <time>2017-03-27T21:59:09Z</time>
      </trkpt>
      <trkpt lat="46.257180031388998" lon="6.793599994853139">
        <ele>1717</ele>
        <time>2017-03-27T21:59:29Z</time>
      </trkpt>
      <trkpt lat="46.257248008623719" lon="6.793225994333625">
        <ele>1710</ele>
        <time>2017-03-27T21:59:49Z</time>
      </trkpt>
      <trkpt lat="46.257388992235065" lon="6.792819974943996">
        <ele>1709</ele>
        <time>2017-03-27T22:00:09Z</time>
      </trkpt>
      <trkpt lat="46.257345993071795" lon="6.792367016896606">
        <ele>1709</ele>
        <time>2017-03-27T22:00:29Z</time>
      </trkpt>
      <trkpt lat="46.25748798251152" lon="6.792003996670246">
        <ele>1709</ele>
        <time>2017-03-27T22:00:49Z</time>
      </trkpt>
      <trkpt lat="46.257411958649755" lon="6.791812973096967">
        <ele>1712</ele>
        <time>2017-03-27T22:01:09Z</time>
      </trkpt>
      <trkpt lat="46.257150024175644" lon="6.791844991967082">
        <ele>1704</ele>
        <time>2017-03-27T22:01:29Z</time>
      </trkpt>
      <trkpt lat="46.257006023079157" lon="6.791835017502308">
        <ele>1701</ele>
        <time>2017-03-27T22:01:49Z</time>
      </trkpt>
      <trkpt lat="46.256887000054121" lon="6.792078008875251">
        <ele>1698</ele>
        <time>2017-03-27T22:02:09Z</time>
      </trkpt>
      <trkpt lat="46.256622970104218" lon="6.792235001921654">
        <ele>1676</ele>
        <time>2017-03-27T22:02:29Z</time>
      </trkpt>
      <trkpt lat="46.256320970132947" lon="6.792209018021822">
        <ele>1673</ele>
        <time>2017-03-27T22:02:49Z</time>
      </trkpt>
      <trkpt lat="46.256149979308248" lon="6.792326029390097">
        <ele>1668</ele>
        <time>2017-03-27T22:03:09Z</time>
      </trkpt>
      <trkpt lat="46.255612028762698" lon="6.791575010865927">
        <ele>1673</ele>
        <time>2017-03-27T22:03:29Z</time>
      </trkpt>
      <trkpt lat="46.254803007468581" lon="6.790588041767478">
        <ele>1697</ele>
        <time>2017-03-27T22:03:49Z</time>
      </trkpt>
      <trkpt lat="46.254433030262589" lon="6.791143007576466">
        <ele>1684</ele>
        <time>2017-03-27T22:04:09Z</time>
      </trkpt>
      <trkpt lat="46.254279976710677" lon="6.791100008413196">
        <ele>1687</ele>
        <time>2017-03-27T22:04:29Z</time>
      </trkpt>
      <trkpt lat="46.254119966179132" lon="6.791476020589471">
        <ele>1694</ele>
        <time>2017-03-27T22:04:49Z</time>
      </trkpt>
      <trkpt lat="46.253454023972154" lon="6.79186100140214">
        <ele>1692</ele>
        <time>2017-03-27T22:05:09Z</time>
      </trkpt>
      <trkpt lat="46.252812976017594" lon="6.791576016694307">
        <ele>1716</ele>
        <time>2017-03-27T22:05:29Z</time>
      </trkpt>
      <trkpt lat="46.252581970766187" lon="6.791592026129365">
        <ele>1713</ele>
        <time>2017-03-27T22:05:49Z</time>
      </trkpt>
      <trkpt lat="46.252230014652014" lon="6.791461016982794">
        <ele>1721</ele>
        <time>2017-03-27T22:06:09Z</time>
      </trkpt>
      <trkpt lat="46.251646969467402" lon="6.791323972865939">
        <ele>1726</ele>
        <time>2017-03-27T22:06:29Z</time>
      </trkpt>
      <trkpt lat="46.251347986981273" lon="6.791038988158107">
        <ele>1732</ele>
        <time>2017-03-27T22:06:49Z</time>
      </trkpt>
      <trkpt lat="46.250810958445072" lon="6.790905967354775">
        <ele>1742</ele>
        <time>2017-03-27T22:07:09Z</time>
      </trkpt>
      <trkpt lat="46.250355988740921" lon="6.790822986513376">
        <ele>1759</ele>
        <time>2017-03-27T22:07:29Z</time>
      </trkpt>
      <trkpt lat="46.250254986807704" lon="6.790760960429907">
        <ele>1759</ele>
        <time>2017-03-27T22:07:49Z</time>
      </trkpt>
      <trkpt lat="46.250014007091522" lon="6.790773030370474">
        <ele>1754</ele>
        <time>2017-03-27T22:08:09Z</time>
      </trkpt>
      <trkpt lat="46.249583009630442" lon="6.790511012077332">
        <ele>1765</ele>
        <time>2017-03-27T22:08:29Z</time>
      </trkpt>
      <trkpt lat="46.249201968312263" lon="6.790497014299035">
        <ele>1764</ele>
        <time>2017-03-27T22:08:49Z</time>
      </trkpt>
      <trkpt lat="46.249026032164693" lon="6.790300961583853">
        <ele>1772</ele>
        <time>2017-03-27T22:09:09Z</time>
      </trkpt>
      <trkpt lat="46.248881025239825" lon="6.790453009307385">
        <ele>1768</ele>
        <time>2017-03-27T22:09:29Z</time>
      </trkpt>
      <trkpt lat="46.248540971428156" lon="6.790538001805544">
        <ele>1767</ele>
        <time>2017-03-27T22:09:49Z</time>
      </trkpt>
      <trkpt lat="46.248326981440187" lon="6.790374973788858">
        <ele>1765</ele>
        <time>2017-03-27T22:10:09Z</time>
      </trkpt>
      <trkpt lat="46.247931020334363" lon="6.789897037670016">
        <ele>1786</ele>
        <time>2017-03-27T22:10:29Z</time>
      </trkpt>
      <trkpt lat="46.247979970648885" lon="6.789830988273025">
        <ele>1788</ele>
        <time>2017-03-27T22:10:49Z</time>
      </trkpt>
      <trkpt lat="46.248124977573752" lon="6.789957974106073">
        <ele>1790</ele>
        <time>2017-03-27T22:11:09Z</time>
      </trkpt>
      <trkpt lat="46.248409040272236" lon="6.790029974654317">
        <ele>1787</ele>
        <time>2017-03-27T22:11:29Z</time>
      </trkpt>
      <trkpt lat="46.248406022787094" lon="6.789938025176525">
        <ele>1798</ele>
        <time>2017-03-27T22:11:49Z</time>
      </trkpt>
      <trkpt lat="46.248209970071912" lon="6.789792012423277">
        <ele>1792</ele>
        <time>2017-03-27T22:12:09Z</time>
      </trkpt>
      <trkpt lat="46.248136963695288" lon="6.789553966373205">
        <ele>1795</ele>
        <time>2017-03-27T22:12:29Z</time>
      </trkpt>
      <trkpt lat="46.247905036434531" lon="6.789424968883395">
        <ele>1792</ele>
        <time>2017-03-27T22:12:49Z</time>
      </trkpt>
      <trkpt lat="46.247779978439212" lon="6.789074018597603">
        <ele>1812</ele>
        <time>2017-03-27T22:13:09Z</time>
      </trkpt>
      <trkpt lat="46.247820965945721" lon="6.789059014990926">
        <ele>1814</ele>
        <time>2017-03-27T22:13:29Z</time>
      </trkpt>
      <trkpt lat="46.247981982305646" lon="6.789269987493753">
        <ele>1797</ele>
        <time>2017-03-27T22:13:49Z</time>
      </trkpt>
      <trkpt lat="46.248198989778757" lon="6.789288008585572">
        <ele>1807</ele>
        <time>2017-03-27T22:14:09Z</time>
      </trkpt>
      <trkpt lat="46.248401999473572" lon="6.789402002468705">
        <ele>1813</ele>
        <time>2017-03-27T22:14:29Z</time>
      </trkpt>
      <trkpt lat="46.248354976996779" lon="6.789209973067045">
        <ele>1822</ele>
        <time>2017-03-27T22:14:49Z</time>
      </trkpt>
      <trkpt lat="46.248126989230514" lon="6.789077036082745">
        <ele>1824</ele>
        <time>2017-03-27T22:15:09Z</time>
      </trkpt>
      <trkpt lat="46.247873017564416" lon="6.788627011701465">
        <ele>1826</ele>
        <time>2017-03-27T22:15:29Z</time>
      </trkpt>
      <trkpt lat="46.247807973995805" lon="6.788454009220004">
        <ele>1826</ele>
        <time>2017-03-27T22:15:49Z</time>
      </trkpt>
      <trkpt lat="46.24762499704957" lon="6.788248987868428">
        <ele>1834</ele>
        <time>2017-03-27T22:16:09Z</time>
      </trkpt>
      <trkpt lat="46.247601024806499" lon="6.78810297511518">
        <ele>1840</ele>
        <time>2017-03-27T22:16:29Z</time>
      </trkpt>
      <trkpt lat="46.247443025931716" lon="6.787652028724551">
        <ele>1825</ele>
        <time>2017-03-27T22:16:49Z</time>
      </trkpt>
      <trkpt lat="46.247402038425207" lon="6.78687603212893">
        <ele>1826</ele>
        <time>2017-03-27T22:17:09Z</time>
      </trkpt>
      <trkpt lat="46.247768998146057" lon="6.78543602116406">
        <ele>1836</ele>
        <time>2017-03-27T22:17:29Z</time>
      </trkpt>
      <trkpt lat="46.247983993962407" lon="6.784068010747433">
        <ele>1814</ele>
        <time>2017-03-27T22:17:49Z</time>
      </trkpt>
      <trkpt lat="46.248080972582102" lon="6.783009963110089">
        <ele>1800</ele>
        <time>2017-03-27T22:18:09Z</time>
      </trkpt>
      <trkpt lat="46.248346008360386" lon="6.782027017325163">
        <ele>1812</ele>
        <time>2017-03-27T22:18:29Z</time>
      </trkpt>
      <trkpt lat="46.248486991971731" lon="6.78113903850317">
        <ele>1800</ele>
        <time>2017-03-27T22:18:49Z</time>
      </trkpt>
      <trkpt lat="46.248508030548692" lon="6.78083997219801">
        <ele>1794</ele>
        <time>2017-03-27T22:19:09Z</time>
      </trkpt>
      <trkpt lat="46.248469976708293" lon="6.780157014727593">
        <ele>1788</ele>
        <time>2017-03-27T22:19:29Z</time>
      </trkpt>
      <trkpt lat="46.248526973649859" lon="6.779611017554998">
        <ele>1785</ele>
        <time>2017-03-27T22:19:49Z</time>
      </trkpt>
      <trkpt lat="46.248584976419806" lon="6.779280016198754">
        <ele>1782</ele>
        <time>2017-03-27T22:20:09Z</time>
      </trkpt>
      <trkpt lat="46.248496966436505" lon="6.778761008754373">
        <ele>1773</ele>
        <time>2017-03-27T22:20:29Z</time>
      </trkpt>
      <trkpt lat="46.248401999473572" lon="6.77879897877574">
        <ele>1772</ele>
        <time>2017-03-27T22:20:49Z</time>
      </trkpt>
      <trkpt lat="46.248278031125665" lon="6.779039958491921">
        <ele>1754</ele>
        <time>2017-03-27T22:21:09Z</time>
      </trkpt>
      <trkpt lat="46.248207958415151" lon="6.779029984027147">
        <ele>1752</ele>
        <time>2017-03-27T22:21:29Z</time>
      </trkpt>
      <trkpt lat="46.248122965916991" lon="6.778549030423164">
        <ele>1748</ele>
        <time>2017-03-27T22:21:49Z</time>
      </trkpt>
      <trkpt lat="46.247992962598801" lon="6.77811099216342">
        <ele>1743</ele>
        <time>2017-03-27T22:22:09Z</time>
      </trkpt>
      <trkpt lat="46.24764796346426" lon="6.777604976668954">
        <ele>1738</ele>
        <time>2017-03-27T22:22:29Z</time>
      </trkpt>
      <trkpt lat="46.247437996789813" lon="6.777110025286675">
        <ele>1732</ele>
        <time>2017-03-27T22:22:49Z</time>
      </trkpt>
      <trkpt lat="46.247169021517038" lon="6.776680033653975">
        <ele>1732</ele>
        <time>2017-03-27T22:23:09Z</time>
      </trkpt>
      <trkpt lat="46.246965005993843" lon="6.776592023670673">
        <ele>1729</ele>
        <time>2017-03-27T22:23:29Z</time>
      </trkpt>
      <trkpt lat="46.246731989085674" lon="6.776638040319085">
        <ele>1732</ele>
        <time>2017-03-27T22:23:49Z</time>
      </trkpt>
      <trkpt lat="46.246539959684014" lon="6.776835015043616">
        <ele>1732</ele>
        <time>2017-03-27T22:24:09Z</time>
      </trkpt>
      <trkpt lat="46.245538992807269" lon="6.7774230055511">
        <ele>1728</ele>
        <time>2017-03-27T22:24:29Z</time>
      </trkpt>
      <trkpt lat="46.245436985045671" lon="6.777577986940742">
        <ele>1722</ele>
        <time>2017-03-27T22:24:49Z</time>
      </trkpt>
      <trkpt lat="46.244998024776578" lon="6.777936983853579">
        <ele>1723</ele>
        <time>2017-03-27T22:25:09Z</time>
      </trkpt>
      <trkpt lat="46.244612038135529" lon="6.778124989941716">
        <ele>1724</ele>
        <time>2017-03-27T22:25:29Z</time>
      </trkpt>
      <trkpt lat="46.244329987093806" lon="6.778228003531694">
        <ele>1726</ele>
        <time>2017-03-27T22:25:49Z</time>
      </trkpt>
      <trkpt lat="46.243955986574292" lon="6.778459008783102">
        <ele>1728</ele>
        <time>2017-03-27T22:26:09Z</time>
      </trkpt>
      <trkpt lat="46.243770997971296" lon="6.778728989884257">
        <ele>1727</ele>
        <time>2017-03-27T22:26:29Z</time>
      </trkpt>
      <trkpt lat="46.242685038596392" lon="6.7794209998101">
        <ele>1730</ele>
        <time>2017-03-27T22:26:49Z</time>
      </trkpt>
      <trkpt lat="46.242193020880222" lon="6.779761975631118">
        <ele>1734</ele>
        <time>2017-03-27T22:27:09Z</time>
      </trkpt>
      <trkpt lat="46.241761017590761" lon="6.780016031116247">
        <ele>1721</ele>
        <time>2017-03-27T22:27:29Z</time>
      </trkpt>
      <trkpt lat="46.241143019869924" lon="6.780636962503195">
        <ele>1723</ele>
        <time>2017-03-27T22:27:49Z</time>
      </trkpt>
      <trkpt lat="46.240819981321692" lon="6.7808180116117">
        <ele>1718</ele>
        <time>2017-03-27T22:28:09Z</time>
      </trkpt>
      <trkpt lat="46.240381021052599" lon="6.781004006043077">
        <ele>1709</ele>
        <time>2017-03-27T22:28:29Z</time>
      </trkpt>
      <trkpt lat="46.239732010290027" lon="6.780854975804687">
        <ele>1709</ele>
        <time>2017-03-27T22:28:49Z</time>
      </trkpt>
      <trkpt lat="46.239294977858663" lon="6.780535038560629">
        <ele>1722</ele>
        <time>2017-03-27T22:29:09Z</time>
      </trkpt>
      <trkpt lat="46.239057015627623" lon="6.780494973063469">
        <ele>1713</ele>
        <time>2017-03-27T22:29:29Z</time>
      </trkpt>
      <trkpt lat="46.238667005673051" lon="6.780273020267487">
        <ele>1714</ele>
        <time>2017-03-27T22:29:49Z</time>
      </trkpt>
      <trkpt lat="46.237666960805655" lon="6.77993698976934">
        <ele>1718</ele>
        <time>2017-03-27T22:30:09Z</time>
      </trkpt>
      <trkpt lat="46.2372259888798" lon="6.779773039743304">
        <ele>1713</ele>
        <time>2017-03-27T22:30:29Z</time>
      </trkpt>
      <trkpt lat="46.237036976963282" lon="6.779629960656166">
        <ele>1714</ele>
        <time>2017-03-27T22:30:49Z</time>
      </trkpt>
      <trkpt lat="46.236715028062463" lon="6.779615040868521">
        <ele>1712</ele>
        <time>2017-03-27T22:31:09Z</time>
      </trkpt>
      <trkpt lat="46.236240025609732" lon="6.779418988153338">
        <ele>1704</ele>
        <time>2017-03-27T22:31:29Z</time>
      </trkpt>
      <trkpt lat="46.236031986773014" lon="6.779224025085568">
        <ele>1705</ele>
        <time>2017-03-27T22:31:49Z</time>
      </trkpt>
      <trkpt lat="46.235511973500252" lon="6.77899201400578">
        <ele>1704</ele>
        <time>2017-03-27T22:32:09Z</time>
      </trkpt>
      <trkpt lat="46.235236041247845" lon="6.778752962127328">
        <ele>1702</ele>
        <time>2017-03-27T22:32:29Z</time>
      </trkpt>
      <trkpt lat="46.235082987695932" lon="6.77834702655673">
        <ele>1701</ele>
        <time>2017-03-27T22:32:49Z</time>
      </trkpt>
      <trkpt lat="46.234981985762715" lon="6.777555020526052">
        <ele>1705</ele>
        <time>2017-03-27T22:33:09Z</time>
      </trkpt>
      <trkpt lat="46.23486396856606" lon="6.77744303829968">
        <ele>1708</ele>
        <time>2017-03-27T22:33:29Z</time>
      </trkpt>
      <trkpt lat="46.234614020213485" lon="6.777545968070626">
        <ele>1698</ele>
        <time>2017-03-27T22:33:49Z</time>
      </trkpt>
      <trkpt lat="46.234430037438869" lon="6.777694998309016">
        <ele>1695</ele>
        <time>2017-03-27T22:34:09Z</time>
      </trkpt>
      <trkpt lat="46.234060982242227" lon="6.777816032990813">
        <ele>1683</ele>
        <time>2017-03-27T22:34:29Z</time>
      </trkpt>
      <trkpt lat="46.233965009450912" lon="6.777686029672623">
        <ele>1684</ele>
        <time>2017-03-27T22:34:49Z</time>
      </trkpt>
      <trkpt lat="46.233710031956434" lon="6.777149001136422">
        <ele>1700</ele>
        <time>2017-03-27T22:35:09Z</time>
      </trkpt>
      <trkpt lat="46.233502998948097" lon="6.777012962847948">
        <ele>1701</ele>
        <time>2017-03-27T22:35:29Z</time>
      </trkpt>
      <trkpt lat="46.232868991792202" lon="6.7771449778229">
        <ele>1692</ele>
        <time>2017-03-27T22:35:49Z</time>
      </trkpt>
      <trkpt lat="46.232443023473024" lon="6.777329966425896">
        <ele>1683</ele>
        <time>2017-03-27T22:36:09Z</time>
      </trkpt>
      <trkpt lat="46.232019988819957" lon="6.777232987806201">
        <ele>1686</ele>
        <time>2017-03-27T22:36:29Z</time>
      </trkpt>
      <trkpt lat="46.231861989945173" lon="6.777024026960135">
        <ele>1689</ele>
        <time>2017-03-27T22:36:49Z</time>
      </trkpt>
      <trkpt lat="46.231559989973903" lon="6.776899974793196">
        <ele>1683</ele>
        <time>2017-03-27T22:37:09Z</time>
      </trkpt>
      <trkpt lat="46.231198981404305" lon="6.776395970955491">
        <ele>1689</ele>
        <time>2017-03-27T22:37:29Z</time>
      </trkpt>
      <trkpt lat="46.231051962822676" lon="6.775837987661362">
        <ele>1687</ele>
        <time>2017-03-27T22:37:49Z</time>
      </trkpt>
      <trkpt lat="46.230807965621352" lon="6.775430040434003">
        <ele>1673</ele>
        <time>2017-03-27T22:38:09Z</time>
      </trkpt>
      <trkpt lat="46.230614008381963" lon="6.774538960307837">
        <ele>1673</ele>
        <time>2017-03-27T22:38:29Z</time>
      </trkpt>
      <trkpt lat="46.230343021452427" lon="6.774407029151917">
        <ele>1671</ele>
        <time>2017-03-27T22:38:49Z</time>
      </trkpt>
      <trkpt lat="46.229924010112882" lon="6.7740279994905">
        <ele>1666</ele>
        <time>2017-03-27T22:39:09Z</time>
      </trkpt>
      <trkpt lat="46.229723012074828" lon="6.773666990920901">
        <ele>1665</ele>
        <time>2017-03-27T22:39:29Z</time>
      </trkpt>
      <trkpt lat="46.229461999610066" lon="6.773507986217737">
        <ele>1665</ele>
        <time>2017-03-27T22:39:49Z</time>
      </trkpt>
      <trkpt lat="46.229306012392044" lon="6.773215960711241">
        <ele>1666</ele>
        <time>2017-03-27T22:40:09Z</time>
      </trkpt>
      <trkpt lat="46.229152036830783" lon="6.773054022341967">
        <ele>1671</ele>
        <time>2017-03-27T22:40:29Z</time>
      </trkpt>
      <trkpt lat="46.229065032675862" lon="6.772882025688887">
        <ele>1672</ele>
        <time>2017-03-27T22:40:49Z</time>
      </trkpt>
      <trkpt lat="46.228778036311269" lon="6.772907003760338">
        <ele>1673</ele>
        <time>2017-03-27T22:41:09Z</time>
      </trkpt>
      <trkpt lat="46.228542001917958" lon="6.772832991555333">
        <ele>1674</ele>
        <time>2017-03-27T22:41:29Z</time>
      </trkpt>
      <trkpt lat="46.228278977796435" lon="6.772850006818771">
        <ele>1679</ele>
        <time>2017-03-27T22:41:49Z</time>
      </trkpt>
      <trkpt lat="46.228048978373408" lon="6.772700976580381">
        <ele>1681</ele>
        <time>2017-03-27T22:42:09Z</time>
      </trkpt>
      <trkpt lat="46.227713031694293" lon="6.772946985438466">
        <ele>1681</ele>
        <time>2017-03-27T22:42:29Z</time>
      </trkpt>
      <trkpt lat="46.227462999522686" lon="6.772988978773356">
        <ele>1688</ele>
        <time>2017-03-27T22:42:49Z</time>
      </trkpt>
      <trkpt lat="46.227360991761088" lon="6.773069025948644">
        <ele>1687</ele>
        <time>2017-03-27T22:43:09Z</time>
      </trkpt>
      <trkpt lat="46.227248003706336" lon="6.773004988208413">
        <ele>1689</ele>
        <time>2017-03-27T22:43:29Z</time>
      </trkpt>
      <trkpt lat="46.226967964321375" lon="6.773189976811409">
        <ele>1689</ele>
        <time>2017-03-27T22:43:49Z</time>
      </trkpt>
      <trkpt lat="46.226799990981817" lon="6.773224007338285">
        <ele>1689</ele>
        <time>2017-03-27T22:44:09Z</time>
      </trkpt>
      <trkpt lat="46.226493967697024" lon="6.773581998422742">
        <ele>1686</ele>
        <time>2017-03-27T22:44:29Z</time>
      </trkpt>
      <trkpt lat="46.226317025721073" lon="6.773607982322574">
        <ele>1686</ele>
        <time>2017-03-27T22:44:49Z</time>
      </trkpt>
      <trkpt lat="46.226007984951138" lon="6.773945018649101">
        <ele>1684</ele>
        <time>2017-03-27T22:45:09Z</time>
      </trkpt>
      <trkpt lat="46.225912012159824" lon="6.773949963971973">
        <ele>1684</ele>
        <time>2017-03-27T22:45:29Z</time>
      </trkpt>
      <trkpt lat="46.225821990519762" lon="6.774109974503517">
        <ele>1684</ele>
        <time>2017-03-27T22:45:49Z</time>
      </trkpt>
      <trkpt lat="46.225532982498407" lon="6.774125983938575">
        <ele>1690</ele>
        <time>2017-03-27T22:46:09Z</time>
      </trkpt>
      <trkpt lat="46.225412031635642" lon="6.77409396506846">
        <ele>1692</ele>
        <time>2017-03-27T22:46:29Z</time>
      </trkpt>
      <trkpt lat="46.225310023874044" lon="6.774152973666787">
        <ele>1692</ele>
        <time>2017-03-27T22:46:49Z</time>
      </trkpt>
      <trkpt lat="46.225095028057694" lon="6.774120032787323">
        <ele>1693</ele>
        <time>2017-03-27T22:47:09Z</time>
      </trkpt>
      <trkpt lat="46.224974999204278" lon="6.7740089725703">
        <ele>1700</ele>
        <time>2017-03-27T22:47:29Z</time>
      </trkpt>
      <trkpt lat="46.224724967032671" lon="6.773961028084159">
        <ele>1706</ele>
        <time>2017-03-27T22:47:49Z</time>
      </trkpt>
      <trkpt lat="46.224488010630012" lon="6.774077033624053">
        <ele>1709</ele>
        <time>2017-03-27T22:48:09Z</time>
      </trkpt>
      <trkpt lat="46.224362030625343" lon="6.774022970348597">
        <ele>1711</ele>
        <time>2017-03-27T22:48:29Z</time>
      </trkpt>
      <trkpt lat="46.224214006215334" lon="6.774066975340247">
        <ele>1711</ele>
        <time>2017-03-27T22:48:49Z</time>
      </trkpt>
      <trkpt lat="46.22392600402236" lon="6.774083990603685">
        <ele>1723</ele>
        <time>2017-03-27T22:49:09Z</time>
      </trkpt>
      <trkpt lat="46.223809998482466" lon="6.774210976436734">
        <ele>1716</ele>
        <time>2017-03-27T22:49:29Z</time>
      </trkpt>
      <trkpt lat="46.223612017929554" lon="6.774209970608354">
        <ele>1719</ele>
        <time>2017-03-27T22:49:49Z</time>
      </trkpt>
      <trkpt lat="46.22323801741004" lon="6.774523034691811">
        <ele>1734</ele>
        <time>2017-03-27T22:50:09Z</time>
      </trkpt>
      <trkpt lat="46.222869968041778" lon="6.774751022458077">
        <ele>1737</ele>
        <time>2017-03-27T22:50:29Z</time>
      </trkpt>
      <trkpt lat="46.222470989450812" lon="6.77452202886343">
        <ele>1756</ele>
        <time>2017-03-27T22:50:49Z</time>
      </trkpt>
      <trkpt lat="46.22242396697402" lon="6.774385990574956">
        <ele>1756</ele>
        <time>2017-03-27T22:51:09Z</time>
      </trkpt>
      <trkpt lat="46.222064970061183" lon="6.774250036105514">
        <ele>1761</ele>
        <time>2017-03-27T22:51:29Z</time>
      </trkpt>
      <trkpt lat="46.221964973956347" lon="6.773882992565632">
        <ele>1772</ele>
        <time>2017-03-27T22:51:49Z</time>
      </trkpt>
      <trkpt lat="46.222082991153002" lon="6.773628015071154">
        <ele>1772</ele>
        <time>2017-03-27T22:52:09Z</time>
      </trkpt>
      <trkpt lat="46.222371999174356" lon="6.77323398180306">
        <ele>1774</ele>
        <time>2017-03-27T22:52:29Z</time>
      </trkpt>
      <trkpt lat="46.222743988037109" lon="6.772325970232487">
        <ele>1777</ele>
        <time>2017-03-27T22:52:49Z</time>
      </trkpt>
      <trkpt lat="46.222732001915574" lon="6.772140981629491">
        <ele>1777</ele>
        <time>2017-03-27T22:53:09Z</time>
      </trkpt>
      <trkpt lat="46.22263602912426" lon="6.772081973031163">
        <ele>1778</ele>
        <time>2017-03-27T22:53:29Z</time>
      </trkpt>
      <trkpt lat="46.222542989999056" lon="6.772205019369721">
        <ele>1778</ele>
        <time>2017-03-27T22:53:49Z</time>
      </trkpt>
      <trkpt lat="46.222350038588047" lon="6.772102005779743">
        <ele>1779</ele>
        <time>2017-03-27T22:54:09Z</time>
      </trkpt>
      <trkpt lat="46.222183993086219" lon="6.77213896997273">
        <ele>1778</ele>
        <time>2017-03-27T22:54:29Z</time>
      </trkpt>
      <trkpt lat="46.221386035904288" lon="6.772809019312263">
        <ele>1787</ele>
        <time>2017-03-27T22:54:49Z</time>
      </trkpt>
      <trkpt lat="46.221150001510978" lon="6.772850006818771">
        <ele>1787</ele>
        <time>2017-03-27T22:55:09Z</time>
      </trkpt>
      <trkpt lat="46.220705006271601" lon="6.77310498431325">
        <ele>1788</ele>
        <time>2017-03-27T22:55:29Z</time>
      </trkpt>
      <trkpt lat="46.2203389685601" lon="6.773414025083184">
        <ele>1797</ele>
        <time>2017-03-27T22:55:49Z</time>
      </trkpt>
      <trkpt lat="46.219936972483993" lon="6.773883998394013">
        <ele>1794</ele>
        <time>2017-03-27T22:56:09Z</time>
      </trkpt>
      <trkpt lat="46.219648970291018" lon="6.774150040000677">
        <ele>1793</ele>
        <time>2017-03-27T22:56:29Z</time>
      </trkpt>
      <trkpt lat="46.21941301971674" lon="6.774406023323536">
        <ele>1804</ele>
        <time>2017-03-27T22:56:49Z</time>
      </trkpt>
      <trkpt lat="46.218939023092389" lon="6.775130974128842">
        <ele>1806</ele>
        <time>2017-03-27T22:57:09Z</time>
      </trkpt>
      <trkpt lat="46.218654038384557" lon="6.77596396766603">
        <ele>1818</ele>
        <time>2017-03-27T22:57:29Z</time>
      </trkpt>
      <trkpt lat="46.218003015965223" lon="6.777319991961122">
        <ele>1819</ele>
        <time>2017-03-27T22:57:49Z</time>
      </trkpt>
      <trkpt lat="46.217507980763912" lon="6.777856014668942">
        <ele>1832</ele>
        <time>2017-03-27T22:58:09Z</time>
      </trkpt>
      <trkpt lat="46.216655960306525" lon="6.77845599129796">
        <ele>1819</ele>
        <time>2017-03-27T22:58:29Z</time>
      </trkpt>
      <trkpt lat="46.216324036940932" lon="6.778619019314647">
        <ele>1819</ele>
        <time>2017-03-27T22:58:49Z</time>
      </trkpt>
      <trkpt lat="46.215708972886205" lon="6.779439020901918">
        <ele>1814</ele>
        <time>2017-03-27T22:59:09Z</time>
      </trkpt>
      <trkpt lat="46.215385012328625" lon="6.780461026355624">
        <ele>1825</ele>
        <time>2017-03-27T22:59:29Z</time>
      </trkpt>
      <trkpt lat="46.215148977935314" lon="6.781570035964251">
        <ele>1832</ele>
        <time>2017-03-27T22:59:49Z</time>
      </trkpt>
      <trkpt lat="46.215132968500257" lon="6.781965997070074">
        <ele>1842</ele>
        <time>2017-03-27T23:00:09Z</time>
      </trkpt>
      <trkpt lat="46.214769026264548" lon="6.782836960628629">
        <ele>1828</ele>
        <time>2017-03-27T23:00:29Z</time>
      </trkpt>
      <trkpt lat="46.214268961921334" lon="6.783485971391201">
        <ele>1833</ele>
        <time>2017-03-27T23:00:49Z</time>
      </trkpt>
      <trkpt lat="46.213976014405489" lon="6.783684035763145">
        <ele>1823</ele>
        <time>2017-03-27T23:01:09Z</time>
      </trkpt>
      <trkpt lat="46.213553985580802" lon="6.784183010458946">
        <ele>1832</ele>
        <time>2017-03-27T23:01:29Z</time>
      </trkpt>
      <trkpt lat="46.213087029755116" lon="6.784680979326367">
        <ele>1825</ele>
        <time>2017-03-27T23:01:49Z</time>
      </trkpt>
      <trkpt lat="46.21260398067534" lon="6.784864040091634">
        <ele>1824</ele>
        <time>2017-03-27T23:02:09Z</time>
      </trkpt>
      <trkpt lat="46.212162002921104" lon="6.785165034234524">
        <ele>1823</ele>
        <time>2017-03-27T23:02:29Z</time>
      </trkpt>
      <trkpt lat="46.211720025166869" lon="6.785509027540684">
        <ele>1821</ele>
        <time>2017-03-27T23:02:49Z</time>
      </trkpt>
      <trkpt lat="46.211617011576891" lon="6.786360964179039">
        <ele>1817</ele>
        <time>2017-03-27T23:03:09Z</time>
      </trkpt>
      <trkpt lat="46.211209986358881" lon="6.787075018510222">
        <ele>1826</ele>
        <time>2017-03-27T23:03:29Z</time>
      </trkpt>
      <trkpt lat="46.210640016943216" lon="6.787464022636414">
        <ele>1814</ele>
        <time>2017-03-27T23:03:49Z</time>
      </trkpt>
      <trkpt lat="46.20993903838098" lon="6.788076991215348">
        <ele>1815</ele>
        <time>2017-03-27T23:04:09Z</time>
      </trkpt>
      <trkpt lat="46.209624968469143" lon="6.788432970643044">
        <ele>1830</ele>
        <time>2017-03-27T23:04:29Z</time>
      </trkpt>
      <trkpt lat="46.209135968238115" lon="6.788076991215348">
        <ele>1811</ele>
        <time>2017-03-27T23:04:49Z</time>
      </trkpt>
      <trkpt lat="46.208742018789053" lon="6.788034997880459">
        <ele>1809</ele>
        <time>2017-03-27T23:05:09Z</time>
      </trkpt>
      <trkpt lat="46.208207001909614" lon="6.788282012566924">
        <ele>1811</ele>
        <time>2017-03-27T23:05:29Z</time>
      </trkpt>
      <trkpt lat="46.2076620105654" lon="6.78808000870049">
        <ele>1806</ele>
        <time>2017-03-27T23:05:49Z</time>
      </trkpt>
      <trkpt lat="46.207445003092289" lon="6.78822903893888">
        <ele>1805</ele>
        <time>2017-03-27T23:06:09Z</time>
      </trkpt>
      <trkpt lat="46.207410972565413" lon="6.788464989513159">
        <ele>1810</ele>
        <time>2017-03-27T23:06:29Z</time>
      </trkpt>
      <trkpt lat="46.207290021702647" lon="6.788583006709814">
        <ele>1810</ele>
        <time>2017-03-27T23:06:49Z</time>
      </trkpt>
      <trkpt lat="46.207049963995814" lon="6.789130009710789">
        <ele>1812</ele>
        <time>2017-03-27T23:07:09Z</time>
      </trkpt>
      <trkpt lat="46.206939993426204" lon="6.789720011875033">
        <ele>1824</ele>
        <time>2017-03-27T23:07:29Z</time>
      </trkpt>
      <trkpt lat="46.206718040630221" lon="6.789917992427945">
        <ele>1826</ele>
        <time>2017-03-27T23:07:49Z</time>
      </trkpt>
      <trkpt lat="46.20663003064692" lon="6.790179004892707">
        <ele>1829</ele>
        <time>2017-03-27T23:08:09Z</time>
      </trkpt>
      <trkpt lat="46.206303974613547" lon="6.79040296934545">
        <ele>1831</ele>
        <time>2017-03-27T23:08:29Z</time>
      </trkpt>
      <trkpt lat="46.205832995474339" lon="6.791178965941072">
        <ele>1840</ele>
        <time>2017-03-27T23:08:49Z</time>
      </trkpt>
      <trkpt lat="46.20547098107636" lon="6.791448025032878">
        <ele>1841</ele>
        <time>2017-03-27T23:09:09Z</time>
      </trkpt>
      <trkpt lat="46.205168981105089" lon="6.791868964210153">
        <ele>1853</ele>
        <time>2017-03-27T23:09:29Z</time>
      </trkpt>
      <trkpt lat="46.204747958108783" lon="6.792094018310309">
        <ele>1855</ele>
        <time>2017-03-27T23:09:49Z</time>
      </trkpt>
      <trkpt lat="46.204550983384252" lon="6.792255034670234">
        <ele>1857</ele>
        <time>2017-03-27T23:10:09Z</time>
      </trkpt>
      <trkpt lat="46.204348979517817" lon="6.792318988591433">
        <ele>1859</ele>
        <time>2017-03-27T23:10:29Z</time>
      </trkpt>
      <trkpt lat="46.203960981220007" lon="6.792564997449517">
        <ele>1869</ele>
        <time>2017-03-27T23:10:49Z</time>
      </trkpt>
      <trkpt lat="46.203416995704174" lon="6.792618976905942">
        <ele>1863</ele>
        <time>2017-03-27T23:11:09Z</time>
      </trkpt>
      <trkpt lat="46.203241981565952" lon="6.793091967701912">
        <ele>1862</ele>
        <time>2017-03-27T23:11:29Z</time>
      </trkpt>
      <trkpt lat="46.202864041551948" lon="6.793542997911573">
        <ele>1875</ele>
        <time>2017-03-27T23:11:49Z</time>
      </trkpt>
      <trkpt lat="46.202778965234756" lon="6.793833011761308">
        <ele>1879</ele>
        <time>2017-03-27T23:12:09Z</time>
      </trkpt>
      <trkpt lat="46.202499009668827" lon="6.794149009510875">
        <ele>1880</ele>
        <time>2017-03-27T23:12:29Z</time>
      </trkpt>
      <trkpt lat="46.202352996915579" lon="6.794466013088822">
        <ele>1883</ele>
        <time>2017-03-27T23:12:49Z</time>
      </trkpt>
      <trkpt lat="46.202018978074193" lon="6.794787961989641">
        <ele>1884</ele>
        <time>2017-03-27T23:13:09Z</time>
      </trkpt>
      <trkpt lat="46.201644977554679" lon="6.795314010232687">
        <ele>1884</ele>
        <time>2017-03-27T23:13:29Z</time>
      </trkpt>
      <trkpt lat="46.20138899423182" lon="6.795839974656701">
        <ele>1902</ele>
        <time>2017-03-27T23:13:49Z</time>
      </trkpt>
      <trkpt lat="46.20136602781713" lon="6.796099981293082">
        <ele>1904</ele>
        <time>2017-03-27T23:14:09Z</time>
      </trkpt>
      <trkpt lat="46.201105015352368" lon="6.796412961557508">
        <ele>1907</ele>
        <time>2017-03-27T23:14:29Z</time>
      </trkpt>
      <trkpt lat="46.201036032289267" lon="6.796813029795885">
        <ele>1925</ele>
        <time>2017-03-27T23:14:49Z</time>
      </trkpt>
      <trkpt lat="46.200815001502633" lon="6.796904979273677">
        <ele>1920</ele>
        <time>2017-03-27T23:15:09Z</time>
      </trkpt>
      <trkpt lat="46.201114989817142" lon="6.79725500755012">
        <ele>1934</ele>
        <time>2017-03-27T23:15:29Z</time>
      </trkpt>
      <trkpt lat="46.20044301263988" lon="6.797160962596536">
        <ele>1925</ele>
        <time>2017-03-27T23:15:49Z</time>
      </trkpt>
      <trkpt lat="46.200202032923698" lon="6.797624984756112">
        <ele>1934</ele>
        <time>2017-03-27T23:16:09Z</time>
      </trkpt>
      <trkpt lat="46.199653018265963" lon="6.797634037211537">
        <ele>1936</ele>
        <time>2017-03-27T23:16:29Z</time>
      </trkpt>
      <trkpt lat="46.19924196973443" lon="6.797842998057604">
        <ele>1938</ele>
        <time>2017-03-27T23:16:49Z</time>
      </trkpt>
      <trkpt lat="46.198949022218585" lon="6.798029998317361">
        <ele>1943</ele>
        <time>2017-03-27T23:17:09Z</time>
      </trkpt>
      <trkpt lat="46.198583990335464" lon="6.799284014850855">
        <ele>1951</ele>
        <time>2017-03-27T23:17:29Z</time>
      </trkpt>
      <trkpt lat="46.198189035058022" lon="6.800429988652468">
        <ele>1953</ele>
        <time>2017-03-27T23:17:49Z</time>
      </trkpt>
      <trkpt lat="46.198031036183238" lon="6.800592010840774">
        <ele>1952</ele>
        <time>2017-03-27T23:18:09Z</time>
      </trkpt>
      <trkpt lat="46.19797496125102" lon="6.801067013293505">
        <ele>1959</ele>
        <time>2017-03-27T23:18:29Z</time>
      </trkpt>
      <trkpt lat="46.198023995384574" lon="6.801328025758266">
        <ele>1961</ele>
        <time>2017-03-27T23:18:49Z</time>
      </trkpt>
      <trkpt lat="46.197893992066383" lon="6.801780983805656">
        <ele>1968</ele>
        <time>2017-03-27T23:19:09Z</time>
      </trkpt>
      <trkpt lat="46.197883011773229" lon="6.802384983748198">
        <ele>1971</ele>
        <time>2017-03-27T23:19:29Z</time>
      </trkpt>
      <trkpt lat="46.197422007098794" lon="6.80346499197185">
        <ele>1977</ele>
        <time>2017-03-27T23:19:49Z</time>
      </trkpt>
      <trkpt lat="46.197277000173926" lon="6.804046025499702">
        <ele>1983</ele>
        <time>2017-03-27T23:20:09Z</time>
      </trkpt>
      <trkpt lat="46.197086982429028" lon="6.804443998262286">
        <ele>1991</ele>
        <time>2017-03-27T23:20:29Z</time>
      </trkpt>
      <trkpt lat="46.196811972185969" lon="6.805510008707643">
        <ele>1999</ele>
        <time>2017-03-27T23:20:49Z</time>
      </trkpt>
      <trkpt lat="46.196533022448421" lon="6.806830996647477">
        <ele>1999</ele>
        <time>2017-03-27T23:21:09Z</time>
      </trkpt>
      <trkpt lat="46.196690015494823" lon="6.807440025731921">
        <ele>1994</ele>
        <time>2017-03-27T23:21:29Z</time>
      </trkpt>
      <trkpt lat="46.196542996913195" lon="6.808005971834064">
        <ele>1995</ele>
        <time>2017-03-27T23:21:49Z</time>
      </trkpt>
      <trkpt lat="46.196462027728558" lon="6.808368992060423">
        <ele>1992</ele>
        <time>2017-03-27T23:22:09Z</time>
      </trkpt>
      <trkpt lat="46.196494968608022" lon="6.808912977576256">
        <ele>1991</ele>
        <time>2017-03-27T23:22:29Z</time>
      </trkpt>
      <trkpt lat="46.196566969156265" lon="6.809173990041018">
        <ele>1987</ele>
        <time>2017-03-27T23:22:49Z</time>
      </trkpt>
      <trkpt lat="46.196482982486486" lon="6.809435002505779">
        <ele>1990</ele>
        <time>2017-03-27T23:23:09Z</time>
      </trkpt>
      <trkpt lat="46.196569986641407" lon="6.81072598323226">
        <ele>1988</ele>
        <time>2017-03-27T23:23:29Z</time>
      </trkpt>
      <trkpt lat="46.196400001645088" lon="6.811464009806514">
        <ele>1985</ele>
        <time>2017-03-27T23:23:49Z</time>
      </trkpt>
      <trkpt lat="46.19627402164042" lon="6.812201030552387">
        <ele>1986</ele>
        <time>2017-03-27T23:24:09Z</time>
      </trkpt>
      <trkpt lat="46.196335041895509" lon="6.812883988022804">
        <ele>1987</ele>
        <time>2017-03-27T23:24:29Z</time>
      </trkpt>
      <trkpt lat="46.196513995528221" lon="6.813632994890213">
        <ele>1985</ele>
        <time>2017-03-27T23:24:49Z</time>
      </trkpt>
      <trkpt lat="46.196781964972615" lon="6.814210005104542">
        <ele>1980</ele>
        <time>2017-03-27T23:25:09Z</time>
      </trkpt>
      <trkpt lat="46.19676997885108" lon="6.814590040594339">
        <ele>1979</ele>
        <time>2017-03-27T23:25:29Z</time>
      </trkpt>
      <trkpt lat="46.197121012955904" lon="6.815640041604638">
        <ele>1978</ele>
        <time>2017-03-27T23:25:49Z</time>
      </trkpt>
      <trkpt lat="46.197077007964253" lon="6.81712799705565">
        <ele>1990</ele>
        <time>2017-03-27T23:26:09Z</time>
      </trkpt>
      <trkpt lat="46.19672697968781" lon="6.818534983322024">
        <ele>2009</ele>
        <time>2017-03-27T23:26:29Z</time>
      </trkpt>
      <trkpt lat="46.196269998326898" lon="6.819460010156035">
        <ele>2012</ele>
        <time>2017-03-27T23:26:49Z</time>
      </trkpt>
      <trkpt lat="46.194790005683899" lon="6.820510011166334">
        <ele>2032</ele>
        <time>2017-03-27T23:27:09Z</time>
      </trkpt>
      <trkpt lat="46.19397696107626" lon="6.820786027237773">
        <ele>2045</ele>
        <time>2017-03-27T23:27:29Z</time>
      </trkpt>
      <trkpt lat="46.193488966673613" lon="6.82093002833426">
        <ele>2064</ele>
        <time>2017-03-27T23:27:49Z</time>
      </trkpt>
      <trkpt lat="46.192740965634584" lon="6.821070006117225">
        <ele>2075</ele>
        <time>2017-03-27T23:28:09Z</time>
      </trkpt>
      <trkpt lat="46.192261017858982" lon="6.820640014484525">
        <ele>2081</ele>
        <time>2017-03-27T23:28:29Z</time>
      </trkpt>
      <trkpt lat="46.192174013704062" lon="6.820774041116238">
        <ele>2082</ele>
        <time>2017-03-27T23:28:49Z</time>
      </trkpt>
      <trkpt lat="46.19227996096015" lon="6.821230016648769">
        <ele>2083</ele>
        <time>2017-03-27T23:29:09Z</time>
      </trkpt>
      <trkpt lat="46.191920964047313" lon="6.821239991113544">
        <ele>2085</ele>
        <time>2017-03-27T23:29:29Z</time>
      </trkpt>
      <trkpt lat="46.191817028447986" lon="6.821319032460451">
        <ele>2085</ele>
        <time>2017-03-27T23:29:49Z</time>
      </trkpt>
      <trkpt lat="46.191920964047313" lon="6.822020011022687">
        <ele>2089</ele>
        <time>2017-03-27T23:30:09Z</time>
      </trkpt>
      <trkpt lat="46.191379996016622" lon="6.824229983612895">
        <ele>2059</ele>
        <time>2017-03-27T23:30:29Z</time>
      </trkpt>
      <trkpt lat="46.191188972443342" lon="6.82350997813046">
        <ele>2053</ele>
        <time>2017-03-27T23:30:49Z</time>
      </trkpt>
      <trkpt lat="46.190739031881094" lon="6.82277999818325">
        <ele>2024</ele>
        <time>2017-03-27T23:31:09Z</time>
      </trkpt>
      <trkpt lat="46.190769039094448" lon="6.822150014340878">
        <ele>2026</ele>
        <time>2017-03-27T23:31:29Z</time>
      </trkpt>
      <trkpt lat="46.190200997516513" lon="6.821520030498505">
        <ele>2023</ele>
        <time>2017-03-27T23:31:49Z</time>
      </trkpt>
      <trkpt lat="46.18896902538836" lon="6.820960035547614">
        <ele>2006</ele>
        <time>2017-03-27T23:32:09Z</time>
      </trkpt>
      <trkpt lat="46.187000032514334" lon="6.82093002833426">
        <ele>1987</ele>
        <time>2017-03-27T23:32:29Z</time>
      </trkpt>
      <trkpt lat="46.186699038371444" lon="6.821190034970641">
        <ele>1985</ele>
        <time>2017-03-27T23:32:49Z</time>
      </trkpt>
      <trkpt lat="46.186599964275956" lon="6.822010036557913">
        <ele>1962</ele>
        <time>2017-03-27T23:33:09Z</time>
      </trkpt>
      <trkpt lat="46.18632897734642" lon="6.822480009868741">
        <ele>1955</ele>
        <time>2017-03-27T23:33:29Z</time>
      </trkpt>
      <trkpt lat="46.18566102348268" lon="6.822280017659068">
        <ele>1940</ele>
        <time>2017-03-27T23:33:49Z</time>
      </trkpt>
      <trkpt lat="46.184940012171865" lon="6.821699989959598">
        <ele>1927</ele>
        <time>2017-03-27T23:34:09Z</time>
      </trkpt>
      <trkpt lat="46.182689974084496" lon="6.822389988228679">
        <ele>1879</ele>
        <time>2017-03-27T23:34:29Z</time>
      </trkpt>
      <trkpt lat="46.182488976046443" lon="6.82267103344202">
        <ele>1864</ele>
        <time>2017-03-27T23:34:49Z</time>
      </trkpt>
      <trkpt lat="46.182892983779311" lon="6.823069006204605">
        <ele>1861</ele>
        <time>2017-03-27T23:35:09Z</time>
      </trkpt>
      <trkpt lat="46.183089958503842" lon="6.82350997813046">
        <ele>1850</ele>
        <time>2017-03-27T23:35:29Z</time>
      </trkpt>
      <trkpt lat="46.18291100487113" lon="6.823929995298386">
        <ele>1847</ele>
        <time>2017-03-27T23:35:49Z</time>
      </trkpt>
      <trkpt lat="46.182442037388682" lon="6.823699995875359">
        <ele>1846</ele>
        <time>2017-03-27T23:36:09Z</time>
      </trkpt>
      <trkpt lat="46.182231986895204" lon="6.823290036991239">
        <ele>1856</ele>
        <time>2017-03-27T23:36:29Z</time>
      </trkpt>
      <trkpt lat="46.181950019672513" lon="6.82320998981595">
        <ele>1856</ele>
        <time>2017-03-27T23:36:49Z</time>
      </trkpt>
      <trkpt lat="46.181853963062167" lon="6.82350997813046">
        <ele>1847</ele>
        <time>2017-03-27T23:37:09Z</time>
      </trkpt>
      <trkpt lat="46.18153503164649" lon="6.82387501001358">
        <ele>1842</ele>
        <time>2017-03-27T23:37:29Z</time>
      </trkpt>
      <trkpt lat="46.181417014449835" lon="6.8243039958179">
        <ele>1832</ele>
        <time>2017-03-27T23:37:49Z</time>
      </trkpt>
      <trkpt lat="46.18069801479578" lon="6.824481021612883">
        <ele>1834</ele>
        <time>2017-03-27T23:38:09Z</time>
      </trkpt>
      <trkpt lat="46.18039702065289" lon="6.824514968320727">
        <ele>1835</ele>
        <time>2017-03-27T23:38:29Z</time>
      </trkpt>
      <trkpt lat="46.179718002676964" lon="6.824903972446919">
        <ele>1836</ele>
        <time>2017-03-27T23:38:49Z</time>
      </trkpt>
      <trkpt lat="46.179568972438574" lon="6.825370006263256">
        <ele>1831</ele>
        <time>2017-03-27T23:39:09Z</time>
      </trkpt>
      <trkpt lat="46.179268984124064" lon="6.825647028163075">
        <ele>1831</ele>
        <time>2017-03-27T23:39:29Z</time>
      </trkpt>
      <trkpt lat="46.178902024403214" lon="6.825179988518357">
        <ele>1825</ele>
        <time>2017-03-27T23:39:49Z</time>
      </trkpt>
      <trkpt lat="46.178930019959807" lon="6.824715966358781">
        <ele>1829</ele>
        <time>2017-03-27T23:40:09Z</time>
      </trkpt>
      <trkpt lat="46.17880898527801" lon="6.824315981939435">
        <ele>1828</ele>
        <time>2017-03-27T23:40:29Z</time>
      </trkpt>
      <trkpt lat="46.178761040791869" lon="6.823130026459694">
        <ele>1844</ele>
        <time>2017-03-27T23:40:49Z</time>
      </trkpt>
      <trkpt lat="46.178502039983869" lon="6.821942981332541">
        <ele>1854</ele>
        <time>2017-03-27T23:41:09Z</time>
      </trkpt>
      <trkpt lat="46.177952019497752" lon="6.820610007271171">
        <ele>1844</ele>
        <time>2017-03-27T23:41:29Z</time>
      </trkpt>
      <trkpt lat="46.177979009225965" lon="6.81992000900209">
        <ele>1850</ele>
        <time>2017-03-27T23:41:49Z</time>
      </trkpt>
      <trkpt lat="46.177780022844672" lon="6.819279966875911">
        <ele>1845</ele>
        <time>2017-03-27T23:42:09Z</time>
      </trkpt>
      <trkpt lat="46.177859986200929" lon="6.818619975820184">
        <ele>1852</ele>
        <time>2017-03-27T23:42:29Z</time>
      </trkpt>
      <trkpt lat="46.177789997309446" lon="6.818345971405506">
        <ele>1849</ele>
        <time>2017-03-27T23:42:49Z</time>
      </trkpt>
      <trkpt lat="46.177890999242663" lon="6.81785998865962">
        <ele>1860</ele>
        <time>2017-03-27T23:43:09Z</time>
      </trkpt>
      <trkpt lat="46.177312983199954" lon="6.81663597933948">
        <ele>1845</ele>
        <time>2017-03-27T23:43:29Z</time>
      </trkpt>
      <trkpt lat="46.177367968484759" lon="6.815820001065731">
        <ele>1845</ele>
        <time>2017-03-27T23:43:49Z</time>
      </trkpt>
      <trkpt lat="46.177527979016304" lon="6.814560033380985">
        <ele>1862</ele>
        <time>2017-03-27T23:44:09Z</time>
      </trkpt>
      <trkpt lat="46.177292028442025" lon="6.814070027321577">
        <ele>1853</ele>
        <time>2017-03-27T23:44:29Z</time>
      </trkpt>
      <trkpt lat="46.176411006599665" lon="6.813550014048815">
        <ele>1845</ele>
        <time>2017-03-27T23:44:49Z</time>
      </trkpt>
      <trkpt lat="46.17620799690485" lon="6.813269974663854">
        <ele>1856</ele>
        <time>2017-03-27T23:45:09Z</time>
      </trkpt>
      <trkpt lat="46.175441974774003" lon="6.812879964709282">
        <ele>1854</ele>
        <time>2017-03-27T23:45:29Z</time>
      </trkpt>
      <trkpt lat="46.174937970936298" lon="6.813050033524633">
        <ele>1849</ele>
        <time>2017-03-27T23:45:49Z</time>
      </trkpt>
      <trkpt lat="46.17388897575438" lon="6.814779974520207">
        <ele>1832</ele>
        <time>2017-03-27T23:46:09Z</time>
      </trkpt>
      <trkpt lat="46.173382038250566" lon="6.815120028331876">
        <ele>1829</ele>
        <time>2017-03-27T23:46:29Z</time>
      </trkpt>
      <trkpt lat="46.173080038279295" lon="6.815899964421988">
        <ele>1820</ele>
        <time>2017-03-27T23:46:49Z</time>
      </trkpt>
      <trkpt lat="46.171660982072353" lon="6.815780019387603">
        <ele>1830</ele>
        <time>2017-03-27T23:47:09Z</time>
      </trkpt>
      <trkpt lat="46.171581018716097" lon="6.816289974376559">
        <ele>1825</ele>
        <time>2017-03-27T23:47:29Z</time>
      </trkpt>
      <trkpt lat="46.170891020447016" lon="6.816700017079711">
        <ele>1820</ele>
        <time>2017-03-27T23:47:49Z</time>
      </trkpt>
      <trkpt lat="46.170236980542541" lon="6.816789032891393">
        <ele>1817</ele>
        <time>2017-03-27T23:48:09Z</time>
      </trkpt>
      <trkpt lat="46.169600961729884" lon="6.815850008279085">
        <ele>1815</ele>
        <time>2017-03-27T23:48:29Z</time>
      </trkpt>
      <trkpt lat="46.169688971713185" lon="6.815280038863421">
        <ele>1823</ele>
        <time>2017-03-27T23:48:49Z</time>
      </trkpt>
      <trkpt lat="46.169350007548928" lon="6.814479986205697">
        <ele>1828</ele>
        <time>2017-03-27T23:49:09Z</time>
      </trkpt>
      <trkpt lat="46.168953040614724" lon="6.813966007903218">
        <ele>1815</ele>
        <time>2017-03-27T23:49:29Z</time>
      </trkpt>
      <trkpt lat="46.16879403591156" lon="6.813473990187049">
        <ele>1816</ele>
        <time>2017-03-27T23:49:49Z</time>
      </trkpt>
      <trkpt lat="46.168561019003391" lon="6.813207026571035">
        <ele>1817</ele>
        <time>2017-03-27T23:50:09Z</time>
      </trkpt>
      <trkpt lat="46.168178971856833" lon="6.812360035255551">
        <ele>1811</ele>
        <time>2017-03-27T23:50:29Z</time>
      </trkpt>
      <trkpt lat="46.167918965220451" lon="6.812309995293617">
        <ele>1808</ele>
        <time>2017-03-27T23:50:49Z</time>
      </trkpt>
      <trkpt lat="46.167770018801093" lon="6.812000032514334">
        <ele>1808</ele>
        <time>2017-03-27T23:51:09Z</time>
      </trkpt>
      <trkpt lat="46.167129976674914" lon="6.811529975384474">
        <ele>1798</ele>
        <time>2017-03-27T23:51:29Z</time>
      </trkpt>
      <trkpt lat="46.166800986975431" lon="6.810760013759136">
        <ele>1799</ele>
        <time>2017-03-27T23:51:49Z</time>
      </trkpt>
      <trkpt lat="46.166498987004161" lon="6.810561027377844">
        <ele>1787</ele>
        <time>2017-03-27T23:52:09Z</time>
      </trkpt>
      <trkpt lat="46.166241997852921" lon="6.810040008276701">
        <ele>1786</ele>
        <time>2017-03-27T23:52:29Z</time>
      </trkpt>
      <trkpt lat="46.165919965133071" lon="6.809919979423285">
        <ele>1783</ele>
        <time>2017-03-27T23:52:49Z</time>
      </trkpt>
      <trkpt lat="46.166167985647917" lon="6.808699993416667">
        <ele>1786</ele>
        <time>2017-03-27T23:53:09Z</time>
      </trkpt>
      <trkpt lat="46.165932035073638" lon="6.808639978989959">
        <ele>1782</ele>
        <time>2017-03-27T23:53:29Z</time>
      </trkpt>
      <trkpt lat="46.165690971538424" lon="6.808139998465776">
        <ele>1762</ele>
        <time>2017-03-27T23:53:49Z</time>
      </trkpt>
      <trkpt lat="46.165569014847279" lon="6.808200012892485">
        <ele>1760</ele>
        <time>2017-03-27T23:54:09Z</time>
      </trkpt>
      <trkpt lat="46.165265003219247" lon="6.807410018518567">
        <ele>1753</ele>
        <time>2017-03-27T23:54:29Z</time>
      </trkpt>
      <trkpt lat="46.165199037641287" lon="6.806824039667845">
        <ele>1750</ele>
        <time>2017-03-27T23:54:49Z</time>
      </trkpt>
      <trkpt lat="46.16505797021091" lon="6.805489975959063">
        <ele>1744</ele>
        <time>2017-03-27T23:55:09Z</time>
      </trkpt>
      <trkpt lat="46.164822019636631" lon="6.805029977113009">
        <ele>1724</ele>
        <time>2017-03-27T23:55:29Z</time>
      </trkpt>
      <trkpt lat="46.164909023791552" lon="6.804759996011853">
        <ele>1723</ele>
        <time>2017-03-27T23:55:49Z</time>
      </trkpt>
      <trkpt lat="46.16437098942697" lon="6.804889999330044">
        <ele>1711</ele>
        <time>2017-03-27T23:56:09Z</time>
      </trkpt>
      <trkpt lat="46.16437098942697" lon="6.805619979277253">
        <ele>1712</ele>
        <time>2017-03-27T23:56:29Z</time>
      </trkpt>
      <trkpt lat="46.164168985560536" lon="6.805454017594457">
        <ele>1711</ele>
        <time>2017-03-27T23:56:49Z</time>
      </trkpt>
      <trkpt lat="46.163700018078089" lon="6.804299997165799">
        <ele>1685</ele>
        <time>2017-03-27T23:57:09Z</time>
      </trkpt>
      <trkpt lat="46.163421990349889" lon="6.804090030491352">
        <ele>1683</ele>
        <time>2017-03-27T23:57:29Z</time>
      </trkpt>
      <trkpt lat="46.163248987868428" lon="6.803665990009904">
        <ele>1676</ele>
        <time>2017-03-27T23:57:49Z</time>
      </trkpt>
      <trkpt lat="46.162904994562268" lon="6.80344495922327">
        <ele>1674</ele>
        <time>2017-03-27T23:58:09Z</time>
      </trkpt>
      <trkpt lat="46.162425968796015" lon="6.80266703478992">
        <ele>1678</ele>
        <time>2017-03-27T23:58:29Z</time>
      </trkpt>
      <trkpt lat="46.162006035447121" lon="6.802187003195286">
        <ele>1685</ele>
        <time>2017-03-27T23:58:49Z</time>
      </trkpt>
      <trkpt lat="46.161475041881204" lon="6.801814008504152">
        <ele>1681</ele>
        <time>2017-03-27T23:59:09Z</time>
      </trkpt>
      <trkpt lat="46.160826031118631" lon="6.801827000454068">
        <ele>1684</ele>
        <time>2017-03-27T23:59:29Z</time>
      </trkpt>
      <trkpt lat="46.160191018134356" lon="6.802510041743517">
        <ele>1662</ele>
        <time>2017-03-27T23:59:49Z</time>
      </trkpt>
      <trkpt lat="46.159419966861606" lon="6.802160013467073">
        <ele>1667</ele>
        <time>2017-03-28T00:00:09Z</time>
      </trkpt>
      <trkpt lat="46.159000033512712" lon="6.802169987931848">
        <ele>1650</ele>
        <time>2017-03-28T00:00:29Z</time>
      </trkpt>
      <trkpt lat="46.158168967813253" lon="6.80095000192523">
        <ele>1650</ele>
        <time>2017-03-28T00:00:49Z</time>
      </trkpt>
      <trkpt lat="46.157840983942151" lon="6.800150033086538">
        <ele>1662</ele>
        <time>2017-03-28T00:01:09Z</time>
      </trkpt>
      <trkpt lat="46.157186022028327" lon="6.79948995821178">
        <ele>1677</ele>
        <time>2017-03-28T00:01:29Z</time>
      </trkpt>
      <trkpt lat="46.156694004312158" lon="6.799239004030824">
        <ele>1685</ele>
        <time>2017-03-28T00:01:49Z</time>
      </trkpt>
      <trkpt lat="46.156630972400308" lon="6.799709983170033">
        <ele>1681</ele>
        <time>2017-03-28T00:02:09Z</time>
      </trkpt>
      <trkpt lat="46.156039964407682" lon="6.799739990383387">
        <ele>1687</ele>
        <time>2017-03-28T00:02:29Z</time>
      </trkpt>
      <trkpt lat="46.156260995194316" lon="6.799440002068877">
        <ele>1688</ele>
        <time>2017-03-28T00:02:49Z</time>
      </trkpt>
      <trkpt lat="46.156120011582971" lon="6.799200028181076">
        <ele>1691</ele>
        <time>2017-03-28T00:03:09Z</time>
      </trkpt>
      <trkpt lat="46.156181031838059" lon="6.798940021544695">
        <ele>1702</ele>
        <time>2017-03-28T00:03:29Z</time>
      </trkpt>
      <trkpt lat="46.155669987201691" lon="6.798499971628189">
        <ele>1713</ele>
        <time>2017-03-28T00:03:49Z</time>
      </trkpt>
      <trkpt lat="46.155750034376979" lon="6.798320012167096">
        <ele>1721</ele>
        <time>2017-03-28T00:04:09Z</time>
      </trkpt>
      <trkpt lat="46.155170006677508" lon="6.79747000336647">
        <ele>1749</ele>
        <time>2017-03-28T00:04:29Z</time>
      </trkpt>
      <trkpt lat="46.154728028923273" lon="6.79732097312808">
        <ele>1755</ele>
        <time>2017-03-28T00:04:49Z</time>
      </trkpt>
      <trkpt lat="46.153914984315634" lon="6.797321978956461">
        <ele>1760</ele>
        <time>2017-03-28T00:05:09Z</time>
      </trkpt>
      <trkpt lat="46.153384996578097" lon="6.796939009800553">
        <ele>1767</ele>
        <time>2017-03-28T00:05:29Z</time>
      </trkpt>
      <trkpt lat="46.153194978833199" lon="6.797558013349772">
        <ele>1767</ele>
        <time>2017-03-28T00:05:49Z</time>
      </trkpt>
      <trkpt lat="46.153105041012168" lon="6.797466985881329">
        <ele>1775</ele>
        <time>2017-03-28T00:06:09Z</time>
      </trkpt>
      <trkpt lat="46.153077967464924" lon="6.796988965943456">
        <ele>1780</ele>
        <time>2017-03-28T00:06:29Z</time>
      </trkpt>
      <trkpt lat="46.152875041589141" lon="6.797291971743107">
        <ele>1782</ele>
        <time>2017-03-28T00:06:49Z</time>
      </trkpt>
      <trkpt lat="46.152792982757092" lon="6.797266993671656">
        <ele>1784</ele>
        <time>2017-03-28T00:07:09Z</time>
      </trkpt>
      <trkpt lat="46.152878981083632" lon="6.797027019783855">
        <ele>1783</ele>
        <time>2017-03-28T00:07:29Z</time>
      </trkpt>
      <trkpt lat="46.152838999405503" lon="6.796628963202238">
        <ele>1791</ele>
        <time>2017-03-28T00:07:49Z</time>
      </trkpt>
      <trkpt lat="46.152804968878627" lon="6.796613037586212">
        <ele>1791</ele>
        <time>2017-03-28T00:08:09Z</time>
      </trkpt>
      <trkpt lat="46.152710001915693" lon="6.79686700925231">
        <ele>1788</ele>
        <time>2017-03-28T00:08:29Z</time>
      </trkpt>
      <trkpt lat="46.15265803411603" lon="6.79682501591742">
        <ele>1790</ele>
        <time>2017-03-28T00:08:49Z</time>
      </trkpt>
      <trkpt lat="46.152640013024211" lon="6.79658998735249">
        <ele>1795</ele>
        <time>2017-03-28T00:09:09Z</time>
      </trkpt>
      <trkpt lat="46.152482014149427" lon="6.796383038163185">
        <ele>1809</ele>
        <time>2017-03-28T00:09:29Z</time>
      </trkpt>
      <trkpt lat="46.152334995567799" lon="6.796314977109432">
        <ele>1811</ele>
        <time>2017-03-28T00:09:49Z</time>
      </trkpt>
      <trkpt lat="46.152283027768135" lon="6.796586969867349">
        <ele>1810</ele>
        <time>2017-03-28T00:10:09Z</time>
      </trkpt>
      <trkpt lat="46.152212033048272" lon="6.796580012887716">
        <ele>1812</ele>
        <time>2017-03-28T00:10:29Z</time>
      </trkpt>
      <trkpt lat="46.152131985872984" lon="6.796432994306088">
        <ele>1814</ele>
        <time>2017-03-28T00:10:49Z</time>
      </trkpt>
      <trkpt lat="46.151955965906382" lon="6.796429976820946">
        <ele>1818</ele>
        <time>2017-03-28T00:11:09Z</time>
      </trkpt>
      <trkpt lat="46.151841972023249" lon="6.796677997335792">
        <ele>1822</ele>
        <time>2017-03-28T00:11:29Z</time>
      </trkpt>
      <trkpt lat="46.151720015332103" lon="6.796458978205919">
        <ele>1823</ele>
        <time>2017-03-28T00:11:49Z</time>
      </trkpt>
      <trkpt lat="46.151463026180863" lon="6.79665301926434">
        <ele>1838</ele>
        <time>2017-03-28T00:12:09Z</time>
      </trkpt>
      <trkpt lat="46.15139102563262" lon="6.796990977600217">
        <ele>1840</ele>
        <time>2017-03-28T00:12:29Z</time>
      </trkpt>
      <trkpt lat="46.151279965415597" lon="6.79699600674212">
        <ele>1842</ele>
        <time>2017-03-28T00:12:49Z</time>
      </trkpt>
      <trkpt lat="46.15092096850276" lon="6.796570038422942">
        <ele>1850</ele>
        <time>2017-03-28T00:13:09Z</time>
      </trkpt>
      <trkpt lat="46.15096396766603" lon="6.796151027083397">
        <ele>1847</ele>
        <time>2017-03-28T00:13:29Z</time>
      </trkpt>
      <trkpt lat="46.150879980996251" lon="6.796055976301432">
        <ele>1849</ele>
        <time>2017-03-28T00:13:49Z</time>
      </trkpt>
      <trkpt lat="46.150674959644675" lon="6.796024963259697">
        <ele>1862</ele>
        <time>2017-03-28T00:14:09Z</time>
      </trkpt>
      <trkpt lat="46.150602037087083" lon="6.79596696048975">
        <ele>1862</ele>
        <time>2017-03-28T00:14:29Z</time>
      </trkpt>
      <trkpt lat="46.150529030710459" lon="6.795763028785586">
        <ele>1866</ele>
        <time>2017-03-28T00:14:49Z</time>
      </trkpt>
      <trkpt lat="46.150337001308799" lon="6.795865958556533">
        <ele>1866</ele>
        <time>2017-03-28T00:15:09Z</time>
      </trkpt>
      <trkpt lat="46.150241028517485" lon="6.795785995200276">
        <ele>1870</ele>
        <time>2017-03-28T00:15:29Z</time>
      </trkpt>
      <trkpt lat="46.150166010484099" lon="6.795549038797617">
        <ele>1870</ele>
        <time>2017-03-28T00:15:49Z</time>
      </trkpt>
      <trkpt lat="46.149910027161241" lon="6.795423980802298">
        <ele>1886</ele>
        <time>2017-03-28T00:16:09Z</time>
      </trkpt>
      <trkpt lat="46.150078000500798" lon="6.795268999412656">
        <ele>1873</ele>
        <time>2017-03-28T00:16:29Z</time>
      </trkpt>
      <trkpt lat="46.150150001049042" lon="6.79482601583004">
        <ele>1878</ele>
        <time>2017-03-28T00:16:49Z</time>
      </trkpt>
      <trkpt lat="46.150001976639032" lon="6.794670028612018">
        <ele>1879</ele>
        <time>2017-03-28T00:17:09Z</time>
      </trkpt>
      <trkpt lat="46.149653038010001" lon="6.795033970847726">
        <ele>1890</ele>
        <time>2017-03-28T00:17:29Z</time>
      </trkpt>
      <trkpt lat="46.149539966136217" lon="6.795059032738209">
        <ele>1892</ele>
        <time>2017-03-28T00:17:49Z</time>
      </trkpt>
      <trkpt lat="46.149576008319855" lon="6.794784022495151">
        <ele>1897</ele>
        <time>2017-03-28T00:18:09Z</time>
      </trkpt>
      <trkpt lat="46.149487998336554" lon="6.794464001432061">
        <ele>1900</ele>
        <time>2017-03-28T00:18:29Z</time>
      </trkpt>
      <trkpt lat="46.14948196336627" lon="6.79398799315095">
        <ele>1909</ele>
        <time>2017-03-28T00:18:49Z</time>
      </trkpt>
      <trkpt lat="46.149594029411674" lon="6.793604018166661">
        <ele>1910</ele>
        <time>2017-03-28T00:19:09Z</time>
      </trkpt>
      <trkpt lat="46.149854036048055" lon="6.79336303845048">
        <ele>1911</ele>
        <time>2017-03-28T00:19:29Z</time>
      </trkpt>
      <trkpt lat="46.15016701631248" lon="6.793078975751996">
        <ele>1911</ele>
        <time>2017-03-28T00:19:49Z</time>
      </trkpt>
      <trkpt lat="46.150277992710471" lon="6.792749986052513">
        <ele>1912</ele>
        <time>2017-03-28T00:20:09Z</time>
      </trkpt>
      <trkpt lat="46.150217978283763" lon="6.792621994391084">
        <ele>1913</ele>
        <time>2017-03-28T00:20:29Z</time>
      </trkpt>
      <trkpt lat="46.149898963049054" lon="6.792687037959695">
        <ele>1913</ele>
        <time>2017-03-28T00:20:49Z</time>
      </trkpt>
      <trkpt lat="46.149668041616678" lon="6.792633980512619">
        <ele>1912</ele>
        <time>2017-03-28T00:21:09Z</time>
      </trkpt>
      <trkpt lat="46.149296974763274" lon="6.792543036863208">
        <ele>1909</ele>
        <time>2017-03-28T00:21:29Z</time>
      </trkpt>
      <trkpt lat="46.149033028632402" lon="6.792155960574746">
        <ele>1898</ele>
        <time>2017-03-28T00:21:49Z</time>
      </trkpt>
      <trkpt lat="46.14889900200069" lon="6.792112039402127">
        <ele>1898</ele>
        <time>2017-03-28T00:22:09Z</time>
      </trkpt>
      <trkpt lat="46.148780984804034" lon="6.791950017213821">
        <ele>1896</ele>
        <time>2017-03-28T00:22:29Z</time>
      </trkpt>
      <trkpt lat="46.148608988150954" lon="6.791999973356724">
        <ele>1897</ele>
        <time>2017-03-28T00:22:49Z</time>
      </trkpt>
      <trkpt lat="46.148417964577675" lon="6.79166997782886">
        <ele>1891</ele>
        <time>2017-03-28T00:23:09Z</time>
      </trkpt>
      <trkpt lat="46.148236999288201" lon="6.791526982560754">
        <ele>1885</ele>
        <time>2017-03-28T00:23:29Z</time>
      </trkpt>
      <trkpt lat="46.148063996806741" lon="6.791059020906687">
        <ele>1877</ele>
        <time>2017-03-28T00:23:49Z</time>
      </trkpt>
      <trkpt lat="46.147731989622116" lon="6.790816029533744">
        <ele>1863</ele>
        <time>2017-03-28T00:24:09Z</time>
      </trkpt>
      <trkpt lat="46.147510958835483" lon="6.790174981579185">
        <ele>1850</ele>
        <time>2017-03-28T00:24:29Z</time>
      </trkpt>
      <trkpt lat="46.147625036537647" lon="6.790068028494716">
        <ele>1849</ele>
        <time>2017-03-28T00:24:49Z</time>
      </trkpt>
      <trkpt lat="46.147913038730621" lon="6.790030980482698">
        <ele>1849</ele>
        <time>2017-03-28T00:25:09Z</time>
      </trkpt>
      <trkpt lat="46.147983027622104" lon="6.789856972172856">
        <ele>1831</ele>
        <time>2017-03-28T00:25:29Z</time>
      </trkpt>
      <trkpt lat="46.147899962961674" lon="6.789603000506759">
        <ele>1828</ele>
        <time>2017-03-28T00:25:49Z</time>
      </trkpt>
      <trkpt lat="46.147529985755682" lon="6.789388004690409">
        <ele>1826</ele>
        <time>2017-03-28T00:26:09Z</time>
      </trkpt>
      <trkpt lat="46.147279031574726" lon="6.789049962535501">
        <ele>1813</ele>
        <time>2017-03-28T00:26:29Z</time>
      </trkpt>
      <trkpt lat="46.147240977734327" lon="6.788910990580916">
        <ele>1810</ele>
        <time>2017-03-28T00:26:49Z</time>
      </trkpt>
      <trkpt lat="46.14713603630662" lon="6.788733964785934">
        <ele>1806</ele>
        <time>2017-03-28T00:27:09Z</time>
      </trkpt>
      <trkpt lat="46.146935960277915" lon="6.788734970614314">
        <ele>1806</ele>
        <time>2017-03-28T00:27:29Z</time>
      </trkpt>
      <trkpt lat="46.146826995536685" lon="6.788439005613327">
        <ele>1799</ele>
        <time>2017-03-28T00:27:49Z</time>
      </trkpt>
      <trkpt lat="46.146836970001459" lon="6.788261979818344">
        <ele>1785</ele>
        <time>2017-03-28T00:28:09Z</time>
      </trkpt>
      <trkpt lat="46.146760024130344" lon="6.788068022578955">
        <ele>1782</ele>
        <time>2017-03-28T00:28:29Z</time>
      </trkpt>
      <trkpt lat="46.146444026380777" lon="6.787917986512184">
        <ele>1772</ele>
        <time>2017-03-28T00:28:49Z</time>
      </trkpt>
      <trkpt lat="46.146360961720347" lon="6.786791039630771">
        <ele>1752</ele>
        <time>2017-03-28T00:29:09Z</time>
      </trkpt>
      <trkpt lat="46.146130040287971" lon="6.785589996725321">
        <ele>1736</ele>
        <time>2017-03-28T00:29:29Z</time>
      </trkpt>
      <trkpt lat="46.146148983389139" lon="6.785229993984103">
        <ele>1736</ele>
        <time>2017-03-28T00:29:49Z</time>
      </trkpt>
      <trkpt lat="46.145820999518037" lon="6.784059964120388">
        <ele>1725</ele>
        <time>2017-03-28T00:30:09Z</time>
      </trkpt>
      <trkpt lat="46.145558981224895" lon="6.783680012449622">
        <ele>1714</ele>
        <time>2017-03-28T00:30:29Z</time>
      </trkpt>
      <trkpt lat="46.145401988178492" lon="6.78348496556282">
        <ele>1711</ele>
        <time>2017-03-28T00:30:49Z</time>
      </trkpt>
      <trkpt lat="46.145371980965137" lon="6.783226970583201">
        <ele>1699</ele>
        <time>2017-03-28T00:31:09Z</time>
      </trkpt>
      <trkpt lat="46.145175006240606" lon="6.783237028867006">
        <ele>1698</ele>
        <time>2017-03-28T00:31:29Z</time>
      </trkpt>
      <trkpt lat="46.145113985985518" lon="6.783023960888386">
        <ele>1696</ele>
        <time>2017-03-28T00:31:49Z</time>
      </trkpt>
      <trkpt lat="46.145180035382509" lon="6.782790021970868">
        <ele>1693</ele>
        <time>2017-03-28T00:32:09Z</time>
      </trkpt>
      <trkpt lat="46.145478012040257" lon="6.783024966716766">
        <ele>1698</ele>
        <time>2017-03-28T00:32:29Z</time>
      </trkpt>
      <trkpt lat="46.145589994266629" lon="6.782937962561846">
        <ele>1698</ele>
        <time>2017-03-28T00:32:49Z</time>
      </trkpt>
      <trkpt lat="46.14561497233808" lon="6.782651972025633">
        <ele>1694</ele>
        <time>2017-03-28T00:33:09Z</time>
      </trkpt>
      <trkpt lat="46.145815970376134" lon="6.782457008957863">
        <ele>1688</ele>
        <time>2017-03-28T00:33:29Z</time>
      </trkpt>
      <trkpt lat="46.145517993718386" lon="6.781858960166574">
        <ele>1672</ele>
        <time>2017-03-28T00:33:49Z</time>
      </trkpt>
      <trkpt lat="46.145397964864969" lon="6.781723005697131">
        <ele>1671</ele>
        <time>2017-03-28T00:34:09Z</time>
      </trkpt>
      <trkpt lat="46.145445993170142" lon="6.781203998252749">
        <ele>1651</ele>
        <time>2017-03-28T00:34:29Z</time>
      </trkpt>
      <trkpt lat="46.145601980388165" lon="6.781104002147913">
        <ele>1650</ele>
        <time>2017-03-28T00:34:49Z</time>
      </trkpt>
      <trkpt lat="46.145755033940077" lon="6.781367026269436">
        <ele>1655</ele>
        <time>2017-03-28T00:35:09Z</time>
      </trkpt>
      <trkpt lat="46.145948991179466" lon="6.781489988788962">
        <ele>1651</ele>
        <time>2017-03-28T00:35:29Z</time>
      </trkpt>
      <trkpt lat="46.145922001451254" lon="6.781190000474453">
        <ele>1643</ele>
        <time>2017-03-28T00:35:49Z</time>
      </trkpt>
      <trkpt lat="46.145961983129382" lon="6.780890012159944">
        <ele>1641</ele>
        <time>2017-03-28T00:36:09Z</time>
      </trkpt>
      <trkpt lat="46.14587003365159" lon="6.780590023845434">
        <ele>1627</ele>
        <time>2017-03-28T00:36:29Z</time>
      </trkpt>
      <trkpt lat="46.145427972078323" lon="6.78019498474896">
        <ele>1623</ele>
        <time>2017-03-28T00:36:49Z</time>
      </trkpt>
      <trkpt lat="46.145386984571815" lon="6.779864989221096">
        <ele>1606</ele>
        <time>2017-03-28T00:37:09Z</time>
      </trkpt>
      <trkpt lat="46.145497960969806" lon="6.779763987287879">
        <ele>1605</ele>
        <time>2017-03-28T00:37:29Z</time>
      </trkpt>
      <trkpt lat="46.145698959007859" lon="6.779844034463167">
        <ele>1610</ele>
        <time>2017-03-28T00:37:49Z</time>
      </trkpt>
      <trkpt lat="46.145900962874293" lon="6.780009996145964">
        <ele>1618</ele>
        <time>2017-03-28T00:38:09Z</time>
      </trkpt>
      <trkpt lat="46.145987967029214" lon="6.779949981719255">
        <ele>1607</ele>
        <time>2017-03-28T00:38:29Z</time>
      </trkpt>
      <trkpt lat="46.145840026438236" lon="6.779770022258163">
        <ele>1604</ele>
        <time>2017-03-28T00:38:49Z</time>
      </trkpt>
      <trkpt lat="46.145624024793506" lon="6.779232993721962">
        <ele>1598</ele>
        <time>2017-03-28T00:39:09Z</time>
      </trkpt>
      <trkpt lat="46.14548203535378" lon="6.779065020382404">
        <ele>1582</ele>
        <time>2017-03-28T00:39:29Z</time>
      </trkpt>
      <trkpt lat="46.145194033160806" lon="6.778924036771059">
        <ele>1580</ele>
        <time>2017-03-28T00:39:49Z</time>
      </trkpt>
      <trkpt lat="46.144971996545792" lon="6.778982961550355">
        <ele>1578</ele>
        <time>2017-03-28T00:40:09Z</time>
      </trkpt>
      <trkpt lat="46.144551979377866" lon="6.779373977333307">
        <ele>1583</ele>
        <time>2017-03-28T00:40:29Z</time>
      </trkpt>
      <trkpt lat="46.144404038786888" lon="6.779773961752653">
        <ele>1584</ele>
        <time>2017-03-28T00:40:49Z</time>
      </trkpt>
      <trkpt lat="46.144263977184892" lon="6.779932966455817">
        <ele>1581</ele>
        <time>2017-03-28T00:41:09Z</time>
      </trkpt>
      <trkpt lat="46.144241010770202" lon="6.779853003099561">
        <ele>1581</ele>
        <time>2017-03-28T00:41:29Z</time>
      </trkpt>
      <trkpt lat="46.144337989389896" lon="6.77961696870625">
        <ele>1582</ele>
        <time>2017-03-28T00:41:49Z</time>
      </trkpt>
      <trkpt lat="46.144351987168193" lon="6.779091004282236">
        <ele>1567</ele>
        <time>2017-03-28T00:42:09Z</time>
      </trkpt>
      <trkpt lat="46.144580980762839" lon="6.778760002925992">
        <ele>1567</ele>
        <time>2017-03-28T00:42:29Z</time>
      </trkpt>
      <trkpt lat="46.144608976319432" lon="6.77841299213469">
        <ele>1564</ele>
        <time>2017-03-28T00:42:49Z</time>
      </trkpt>
      <trkpt lat="46.144727999344468" lon="6.77817796356976">
        <ele>1551</ele>
        <time>2017-03-28T00:43:09Z</time>
      </trkpt>
      <trkpt lat="46.144835958257318" lon="6.778050977736712">
        <ele>1550</ele>
        <time>2017-03-28T00:43:29Z</time>
      </trkpt>
      <trkpt lat="46.144760018214583" lon="6.77791896276176">
        <ele>1547</ele>
        <time>2017-03-28T00:43:49Z</time>
      </trkpt>
      <trkpt lat="46.144300019368529" lon="6.778514999896288">
        <ele>1559</ele>
        <time>2017-03-28T00:44:09Z</time>
      </trkpt>
      <trkpt lat="46.144071025773883" lon="6.778672998771071">
        <ele>1548</ele>
        <time>2017-03-28T00:44:29Z</time>
      </trkpt>
      <trkpt lat="46.143973963335156" lon="6.778882965445519">
        <ele>1549</ele>
        <time>2017-03-28T00:44:49Z</time>
      </trkpt>
      <trkpt lat="46.143499966710806" lon="6.779387975111604">
        <ele>1551</ele>
        <time>2017-03-28T00:45:09Z</time>
      </trkpt>
      <trkpt lat="46.143397036939859" lon="6.779437009245157">
        <ele>1550</ele>
        <time>2017-03-28T00:45:29Z</time>
      </trkpt>
      <trkpt lat="46.143337022513151" lon="6.779588973149657">
        <ele>1552</ele>
        <time>2017-03-28T00:45:49Z</time>
      </trkpt>
      <trkpt lat="46.143308021128178" lon="6.779768010601401">
        <ele>1535</ele>
        <time>2017-03-28T00:46:09Z</time>
      </trkpt>
      <trkpt lat="46.143095958977938" lon="6.779818972572684">
        <ele>1531</ele>
        <time>2017-03-28T00:46:29Z</time>
      </trkpt>
      <trkpt lat="46.142929997295141" lon="6.780126001685858">
        <ele>1532</ele>
        <time>2017-03-28T00:46:49Z</time>
      </trkpt>
      <trkpt lat="46.142725981771946" lon="6.780433030799031">
        <ele>1528</ele>
        <time>2017-03-28T00:47:09Z</time>
      </trkpt>
      <trkpt lat="46.142602013424039" lon="6.780795967206359">
        <ele>1522</ele>
        <time>2017-03-28T00:47:29Z</time>
      </trkpt>
      <trkpt lat="46.142348041757941" lon="6.781341964378953">
        <ele>1510</ele>
        <time>2017-03-28T00:47:49Z</time>
      </trkpt>
      <trkpt lat="46.142261037603021" lon="6.781873963773251">
        <ele>1518</ele>
        <time>2017-03-28T00:48:09Z</time>
      </trkpt>
      <trkpt lat="46.142171015962958" lon="6.781825013458729">
        <ele>1516</ele>
        <time>2017-03-28T00:48:29Z</time>
      </trkpt>
      <trkpt lat="46.142076971009374" lon="6.782264979556203">
        <ele>1516</ele>
        <time>2017-03-28T00:48:49Z</time>
      </trkpt>
      <trkpt lat="46.141932969912887" lon="6.782232038676739">
        <ele>1514</ele>
        <time>2017-03-28T00:49:09Z</time>
      </trkpt>
      <trkpt lat="46.141666006296873" lon="6.781904976814985">
        <ele>1500</ele>
        <time>2017-03-28T00:49:29Z</time>
      </trkpt>
      <trkpt lat="46.141181029379368" lon="6.781971026211977">
        <ele>1502</ele>
        <time>2017-03-28T00:49:49Z</time>
      </trkpt>
      <trkpt lat="46.140895038843155" lon="6.781762987375259">
        <ele>1496</ele>
        <time>2017-03-28T00:50:09Z</time>
      </trkpt>
      <trkpt lat="46.140874000266194" lon="6.781331989914179">
        <ele>1488</ele>
        <time>2017-03-28T00:50:29Z</time>
      </trkpt>
      <trkpt lat="46.140486001968384" lon="6.780780963599682">
        <ele>1473</ele>
        <time>2017-03-28T00:50:49Z</time>
      </trkpt>
      <trkpt lat="46.140060033649206" lon="6.7805399838835">
        <ele>1470</ele>
        <time>2017-03-28T00:51:09Z</time>
      </trkpt>
      <trkpt lat="46.139923995360732" lon="6.780257010832429">
        <ele>1462</ele>
        <time>2017-03-28T00:51:29Z</time>
      </trkpt>
      <trkpt lat="46.139826010912657" lon="6.779877981171012">
        <ele>1457</ele>
        <time>2017-03-28T00:51:49Z</time>
      </trkpt>
      <trkpt lat="46.139558041468263" lon="6.779374983161688">
        <ele>1452</ele>
        <time>2017-03-28T00:52:09Z</time>
      </trkpt>
      <trkpt lat="46.139584025368094" lon="6.7791429720819">
        <ele>1449</ele>
        <time>2017-03-28T00:52:29Z</time>
      </trkpt>
      <trkpt lat="46.139438012614846" lon="6.77871398627758">
        <ele>1446</ele>
        <time>2017-03-28T00:52:49Z</time>
      </trkpt>
      <trkpt lat="46.13899502903223" lon="6.778119038790464">
        <ele>1434</ele>
        <time>2017-03-28T00:53:09Z</time>
      </trkpt>
      <trkpt lat="46.138836024329066" lon="6.777716958895326">
        <ele>1433</ele>
        <time>2017-03-28T00:53:29Z</time>
      </trkpt>
      <trkpt lat="46.138546010479331" lon="6.777448989450932">
        <ele>1426</ele>
        <time>2017-03-28T00:53:49Z</time>
      </trkpt>
      <trkpt lat="46.138450959697366" lon="6.777223013341427">
        <ele>1424</ele>
        <time>2017-03-28T00:54:09Z</time>
      </trkpt>
      <trkpt lat="46.138431010767817" lon="6.776987984776497">
        <ele>1421</ele>
        <time>2017-03-28T00:54:29Z</time>
      </trkpt>
      <trkpt lat="46.138278963044286" lon="6.776917995885015">
        <ele>1421</ele>
        <time>2017-03-28T00:54:49Z</time>
      </trkpt>
      <trkpt lat="46.138166980817914" lon="6.776745999231935">
        <ele>1419</ele>
        <time>2017-03-28T00:55:09Z</time>
      </trkpt>
      <trkpt lat="46.137966988608241" lon="6.7767149861902">
        <ele>1422</ele>
        <time>2017-03-28T00:55:29Z</time>
      </trkpt>
      <trkpt lat="46.137812007218599" lon="6.776792015880346">
        <ele>1422</ele>
        <time>2017-03-28T00:55:49Z</time>
      </trkpt>
      <trkpt lat="46.13738302141428" lon="6.776772988960147">
        <ele>1430</ele>
        <time>2017-03-28T00:56:09Z</time>
      </trkpt>
      <trkpt lat="46.136988988146186" lon="6.776525974273682">
        <ele>1430</ele>
        <time>2017-03-28T00:56:29Z</time>
      </trkpt>
      <trkpt lat="46.136701991781592" lon="6.775833964347839">
        <ele>1432</ele>
        <time>2017-03-28T00:56:49Z</time>
      </trkpt>
      <trkpt lat="46.136682964861393" lon="6.774912038818002">
        <ele>1425</ele>
        <time>2017-03-28T00:57:09Z</time>
      </trkpt>
      <trkpt lat="46.136722024530172" lon="6.774235032498837">
        <ele>1429</ele>
        <time>2017-03-28T00:57:29Z</time>
      </trkpt>
      <trkpt lat="46.136641977354884" lon="6.773960022255778">
        <ele>1443</ele>
        <time>2017-03-28T00:57:49Z</time>
      </trkpt>
      <trkpt lat="46.136548016220331" lon="6.773877963423729">
        <ele>1445</ele>
        <time>2017-03-28T00:58:09Z</time>
      </trkpt>
      <trkpt lat="46.136574000120163" lon="6.773681994527578">
        <ele>1444</ele>
        <time>2017-03-28T00:58:29Z</time>
      </trkpt>
      <trkpt lat="46.136322040110826" lon="6.773144965991378">
        <ele>1443</ele>
        <time>2017-03-28T00:58:49Z</time>
      </trkpt>
      <trkpt lat="46.136217014864087" lon="6.772226979956031">
        <ele>1446</ele>
        <time>2017-03-28T00:59:09Z</time>
      </trkpt>
      <trkpt lat="46.136234030127525" lon="6.771758012473583">
        <ele>1449</ele>
        <time>2017-03-28T00:59:29Z</time>
      </trkpt>
      <trkpt lat="46.136385994032025" lon="6.771621974185109">
        <ele>1455</ele>
        <time>2017-03-28T00:59:49Z</time>
      </trkpt>
      <trkpt lat="46.136512979865074" lon="6.771378982812166">
        <ele>1456</ele>
        <time>2017-03-28T01:00:09Z</time>
      </trkpt>
      <trkpt lat="46.136490013450384" lon="6.771049993112683">
        <ele>1461</ele>
        <time>2017-03-28T01:00:29Z</time>
      </trkpt>
      <trkpt lat="46.136552039533854" lon="6.770738018676639">
        <ele>1469</ele>
        <time>2017-03-28T01:00:49Z</time>
      </trkpt>
      <trkpt lat="46.136550027877092" lon="6.770392013713718">
        <ele>1480</ele>
        <time>2017-03-28T01:01:09Z</time>
      </trkpt>
      <trkpt lat="46.136724036186934" lon="6.77018498070538">
        <ele>1459</ele>
        <time>2017-03-28T01:01:29Z</time>
      </trkpt>
      <trkpt lat="46.136816991493106" lon="6.769673014059663">
        <ele>1466</ele>
        <time>2017-03-28T01:01:49Z</time>
      </trkpt>
      <trkpt lat="46.136798970401287" lon="6.769289961084724">
        <ele>1472</ele>
        <time>2017-03-28T01:02:09Z</time>
      </trkpt>
      <trkpt lat="46.136655975133181" lon="6.76902299746871">
        <ele>1485</ele>
        <time>2017-03-28T01:02:29Z</time>
      </trkpt>
      <trkpt lat="46.136408960446715" lon="6.768767014145851">
        <ele>1487</ele>
        <time>2017-03-28T01:02:49Z</time>
      </trkpt>
      <trkpt lat="46.136304019019008" lon="6.768358983099461">
        <ele>1486</ele>
        <time>2017-03-28T01:03:09Z</time>
      </trkpt>
      <trkpt lat="46.136199999600649" lon="6.768080033361912">
        <ele>1489</ele>
        <time>2017-03-28T01:03:29Z</time>
      </trkpt>
      <trkpt lat="46.136012999340892" lon="6.767923962324858">
        <ele>1490</ele>
        <time>2017-03-28T01:03:49Z</time>
      </trkpt>
      <trkpt lat="46.135920966044068" lon="6.767713995650411">
        <ele>1492</ele>
        <time>2017-03-28T01:04:09Z</time>
      </trkpt>
      <trkpt lat="46.135983997955918" lon="6.767521966248751">
        <ele>1493</ele>
        <time>2017-03-28T01:04:29Z</time>
      </trkpt>
      <trkpt lat="46.136132022365928" lon="6.76745398901403">
        <ele>1502</ele>
        <time>2017-03-28T01:04:49Z</time>
      </trkpt>
      <trkpt lat="46.136279962956905" lon="6.767460023984313">
        <ele>1502</ele>
        <time>2017-03-28T01:05:09Z</time>
      </trkpt>
      <trkpt lat="46.136367972940207" lon="6.767223989591003">
        <ele>1504</ele>
        <time>2017-03-28T01:05:29Z</time>
      </trkpt>
      <trkpt lat="46.136715989559889" lon="6.767075965180993">
        <ele>1498</ele>
        <time>2017-03-28T01:05:49Z</time>
      </trkpt>
      <trkpt lat="46.136918999254704" lon="6.767085017636418">
        <ele>1496</ele>
        <time>2017-03-28T01:06:09Z</time>
      </trkpt>
      <trkpt lat="46.137143969535828" lon="6.767212003469467">
        <ele>1493</ele>
        <time>2017-03-28T01:06:29Z</time>
      </trkpt>
      <trkpt lat="46.13716802559793" lon="6.767029026523233">
        <ele>1493</ele>
        <time>2017-03-28T01:06:49Z</time>
      </trkpt>
      <trkpt lat="46.137025030329823" lon="6.766771031543613">
        <ele>1497</ele>
        <time>2017-03-28T01:07:09Z</time>
      </trkpt>
      <trkpt lat="46.136490013450384" lon="6.766480011865497">
        <ele>1517</ele>
        <time>2017-03-28T01:07:29Z</time>
      </trkpt>
      <trkpt lat="46.136297984048724" lon="6.766259986907244">
        <ele>1519</ele>
        <time>2017-03-28T01:07:49Z</time>
      </trkpt>
      <trkpt lat="46.136127999052405" lon="6.766134006902576">
        <ele>1521</ele>
        <time>2017-03-28T01:08:09Z</time>
      </trkpt>
      <trkpt lat="46.135994978249073" lon="6.765965027734637">
        <ele>1524</ele>
        <time>2017-03-28T01:08:29Z</time>
      </trkpt>
      <trkpt lat="46.135701024904847" lon="6.76644204184413">
        <ele>1527</ele>
        <time>2017-03-28T01:08:49Z</time>
      </trkpt>
      <trkpt lat="46.135360971093178" lon="6.766244983300567">
        <ele>1529</ele>
        <time>2017-03-28T01:09:09Z</time>
      </trkpt>
      <trkpt lat="46.13529802300036" lon="6.765741985291243">
        <ele>1536</ele>
        <time>2017-03-28T01:09:29Z</time>
      </trkpt>
      <trkpt lat="46.135042039677501" lon="6.765211997553706">
        <ele>1540</ele>
        <time>2017-03-28T01:09:49Z</time>
      </trkpt>
      <trkpt lat="46.1348279658705" lon="6.765133962035179">
        <ele>1549</ele>
        <time>2017-03-28T01:10:09Z</time>
      </trkpt>
      <trkpt lat="46.134513979777694" lon="6.764857023954392">
        <ele>1557</ele>
        <time>2017-03-28T01:10:29Z</time>
      </trkpt>
      <trkpt lat="46.134279035031796" lon="6.764789968729019">
        <ele>1559</ele>
        <time>2017-03-28T01:10:49Z</time>
      </trkpt>
      <trkpt lat="46.133935041725636" lon="6.764270039275289">
        <ele>1569</ele>
        <time>2017-03-28T01:11:09Z</time>
      </trkpt>
      <trkpt lat="46.133620971813798" lon="6.76442502066493">
        <ele>1572</ele>
        <time>2017-03-28T01:11:29Z</time>
      </trkpt>
      <trkpt lat="46.133077992126346" lon="6.764383027330041">
        <ele>1586</ele>
        <time>2017-03-28T01:11:49Z</time>
      </trkpt>
      <trkpt lat="46.132919993251562" lon="6.764304991811514">
        <ele>1588</ele>
        <time>2017-03-28T01:12:09Z</time>
      </trkpt>
      <trkpt lat="46.132731987163424" lon="6.764334999024868">
        <ele>1590</ele>
        <time>2017-03-28T01:12:29Z</time>
      </trkpt>
      <trkpt lat="46.132359998300672" lon="6.764195021241903">
        <ele>1599</ele>
        <time>2017-03-28T01:12:49Z</time>
      </trkpt>
      <trkpt lat="46.132139973342419" lon="6.764499032869935">
        <ele>1607</ele>
        <time>2017-03-28T01:13:09Z</time>
      </trkpt>
      <trkpt lat="46.13203402608633" lon="6.764428038150072">
        <ele>1608</ele>
        <time>2017-03-28T01:13:29Z</time>
      </trkpt>
      <trkpt lat="46.1319509614259" lon="6.764164008200169">
        <ele>1605</ele>
        <time>2017-03-28T01:13:49Z</time>
      </trkpt>
      <trkpt lat="46.131701013073325" lon="6.763925040140748">
        <ele>1607</ele>
        <time>2017-03-28T01:14:09Z</time>
      </trkpt>
      <trkpt lat="46.131459027528763" lon="6.763900984078646">
        <ele>1625</ele>
        <time>2017-03-28T01:14:29Z</time>
      </trkpt>
      <trkpt lat="46.131495991721749" lon="6.76352203823626">
        <ele>1623</ele>
        <time>2017-03-28T01:14:49Z</time>
      </trkpt>
      <trkpt lat="46.131419967859983" lon="6.762446975335479">
        <ele>1635</ele>
        <time>2017-03-28T01:15:09Z</time>
      </trkpt>
      <trkpt lat="46.131553994491696" lon="6.762112034484744">
        <ele>1638</ele>
        <time>2017-03-28T01:15:29Z</time>
      </trkpt>
      <trkpt lat="46.13168902695179" lon="6.761949006468058">
        <ele>1628</ele>
        <time>2017-03-28T01:15:49Z</time>
      </trkpt>
      <trkpt lat="46.131688021123409" lon="6.761690005660057">
        <ele>1636</ele>
        <time>2017-03-28T01:16:09Z</time>
      </trkpt>
      <trkpt lat="46.131377974525094" lon="6.761005958542228">
        <ele>1660</ele>
        <time>2017-03-28T01:16:29Z</time>
      </trkpt>
      <trkpt lat="46.130671966820955" lon="6.760894982144237">
        <ele>1666</ele>
        <time>2017-03-28T01:16:49Z</time>
      </trkpt>
      <trkpt lat="46.130140973255038" lon="6.761035965755582">
        <ele>1661</ele>
        <time>2017-03-28T01:17:09Z</time>
      </trkpt>
      <trkpt lat="46.129462039098144" lon="6.760853994637728">
        <ele>1652</ele>
        <time>2017-03-28T01:17:29Z</time>
      </trkpt>
      <trkpt lat="46.129075968638062" lon="6.760572027415037">
        <ele>1646</ele>
        <time>2017-03-28T01:17:49Z</time>
      </trkpt>
      <trkpt lat="46.128613036125898" lon="6.759899966418743">
        <ele>1646</ele>
        <time>2017-03-28T01:18:09Z</time>
      </trkpt>
      <trkpt lat="46.12799596041441" lon="6.759479027241468">
        <ele>1627</ele>
        <time>2017-03-28T01:18:29Z</time>
      </trkpt>
      <trkpt lat="46.127680968493223" lon="6.758834961801767">
        <ele>1630</ele>
        <time>2017-03-28T01:18:49Z</time>
      </trkpt>
      <trkpt lat="46.127060037106276" lon="6.758083021268249">
        <ele>1615</ele>
        <time>2017-03-28T01:19:09Z</time>
      </trkpt>
      <trkpt lat="46.126416977494955" lon="6.757680019363761">
        <ele>1595</ele>
        <time>2017-03-28T01:19:29Z</time>
      </trkpt>
      <trkpt lat="46.126378001645207" lon="6.757281040772796">
        <ele>1597</ele>
        <time>2017-03-28T01:19:49Z</time>
      </trkpt>
      <trkpt lat="46.12573997117579" lon="6.755818985402584">
        <ele>1584</ele>
        <time>2017-03-28T01:20:09Z</time>
      </trkpt>
      <trkpt lat="46.124865990132093" lon="6.755042988806963">
        <ele>1558</ele>
        <time>2017-03-28T01:20:29Z</time>
      </trkpt>
      <trkpt lat="46.124658035114408" lon="6.754769990220666">
        <ele>1558</ele>
        <time>2017-03-28T01:20:49Z</time>
      </trkpt>
      <trkpt lat="46.123738959431648" lon="6.754107987508178">
        <ele>1535</ele>
        <time>2017-03-28T01:21:09Z</time>
      </trkpt>
      <trkpt lat="46.123389014974236" lon="6.753628039732575">
        <ele>1534</ele>
        <time>2017-03-28T01:21:29Z</time>
      </trkpt>
      <trkpt lat="46.123152980580926" lon="6.753542963415384">
        <ele>1515</ele>
        <time>2017-03-28T01:21:49Z</time>
      </trkpt>
      <trkpt lat="46.122907977551222" lon="6.753326039761305">
        <ele>1522</ele>
        <time>2017-03-28T01:22:09Z</time>
      </trkpt>
      <trkpt lat="46.122626010328531" lon="6.753173992037773">
        <ele>1516</ele>
        <time>2017-03-28T01:22:29Z</time>
      </trkpt>
      <trkpt lat="46.122458958998322" lon="6.752765960991383">
        <ele>1505</ele>
        <time>2017-03-28T01:22:49Z</time>
      </trkpt>
      <trkpt lat="46.122222002595663" lon="6.752693960443139">
        <ele>1502</ele>
        <time>2017-03-28T01:23:09Z</time>
      </trkpt>
      <trkpt lat="46.121966019272804" lon="6.752527998760343">
        <ele>1497</ele>
        <time>2017-03-28T01:23:29Z</time>
      </trkpt>
      <trkpt lat="46.121436031535268" lon="6.751993987709284">
        <ele>1479</ele>
        <time>2017-03-28T01:23:49Z</time>
      </trkpt>
      <trkpt lat="46.121263029053807" lon="6.751568019390106">
        <ele>1474</ele>
        <time>2017-03-28T01:24:09Z</time>
      </trkpt>
      <trkpt lat="46.121250037103891" lon="6.75119100138545">
        <ele>1472</ele>
        <time>2017-03-28T01:24:29Z</time>
      </trkpt>
      <trkpt lat="46.121145011857152" lon="6.751080024987459">
        <ele>1470</ele>
        <time>2017-03-28T01:24:49Z</time>
      </trkpt>
      <trkpt lat="46.12092599272728" lon="6.7511469963938">
        <ele>1468</ele>
        <time>2017-03-28T01:25:09Z</time>
      </trkpt>
      <trkpt lat="46.120763970538974" lon="6.750848013907671">
        <ele>1453</ele>
        <time>2017-03-28T01:25:29Z</time>
      </trkpt>
      <trkpt lat="46.120910989120603" lon="6.749500036239624">
        <ele>1448</ele>
        <time>2017-03-28T01:25:49Z</time>
      </trkpt>
      <trkpt lat="46.120650982484221" lon="6.748739965260029">
        <ele>1424</ele>
        <time>2017-03-28T01:26:09Z</time>
      </trkpt>
      <trkpt lat="46.120656011626124" lon="6.748208971694112">
        <ele>1418</ele>
        <time>2017-03-28T01:26:29Z</time>
      </trkpt>
      <trkpt lat="46.120071038603783" lon="6.748390020802617">
        <ele>1412</ele>
        <time>2017-03-28T01:26:49Z</time>
      </trkpt>
      <trkpt lat="46.119818994775414" lon="6.748075028881431">
        <ele>1394</ele>
        <time>2017-03-28T01:27:09Z</time>
      </trkpt>
      <trkpt lat="46.119743976742029" lon="6.747351000085473">
        <ele>1386</ele>
        <time>2017-03-28T01:27:29Z</time>
      </trkpt>
      <trkpt lat="46.119480030611157" lon="6.746910028159618">
        <ele>1380</ele>
        <time>2017-03-28T01:27:49Z</time>
      </trkpt>
      <trkpt lat="46.119518000632524" lon="6.746339974924922">
        <ele>1371</ele>
        <time>2017-03-28T01:28:09Z</time>
      </trkpt>
      <trkpt lat="46.119414987042546" lon="6.745771011337638">
        <ele>1358</ele>
        <time>2017-03-28T01:28:29Z</time>
      </trkpt>
      <trkpt lat="46.119556976482272" lon="6.74534697085619">
        <ele>1356</ele>
        <time>2017-03-28T01:28:49Z</time>
      </trkpt>
      <trkpt lat="46.119394032284617" lon="6.744523029774427">
        <ele>1343</ele>
        <time>2017-03-28T01:29:09Z</time>
      </trkpt>
      <trkpt lat="46.119119022041559" lon="6.744020031765103">
        <ele>1327</ele>
        <time>2017-03-28T01:29:29Z</time>
      </trkpt>
      <trkpt lat="46.118850968778133" lon="6.743727000430226">
        <ele>1320</ele>
        <time>2017-03-28T01:29:49Z</time>
      </trkpt>
      <trkpt lat="46.119122039526701" lon="6.742900041863322">
        <ele>1311</ele>
        <time>2017-03-28T01:30:09Z</time>
      </trkpt>
      <trkpt lat="46.119140982627869" lon="6.742350021377206">
        <ele>1304</ele>
        <time>2017-03-28T01:30:29Z</time>
      </trkpt>
      <trkpt lat="46.119281966239214" lon="6.742060007527471">
        <ele>1311</ele>
        <time>2017-03-28T01:30:49Z</time>
      </trkpt>
      <trkpt lat="46.119085997343063" lon="6.741867978125811">
        <ele>1297</ele>
        <time>2017-03-28T01:31:09Z</time>
      </trkpt>
      <trkpt lat="46.11884300597012" lon="6.741029033437371">
        <ele>1281</ele>
        <time>2017-03-28T01:31:29Z</time>
      </trkpt>
      <trkpt lat="46.118834037333727" lon="6.740334006026387">
        <ele>1270</ele>
        <time>2017-03-28T01:31:49Z</time>
      </trkpt>
      <trkpt lat="46.118909977376461" lon="6.740094032138586">
        <ele>1270</ele>
        <time>2017-03-28T01:32:09Z</time>
      </trkpt>
      <trkpt lat="46.118811992928386" lon="6.740047009661794">
        <ele>1269</ele>
        <time>2017-03-28T01:32:29Z</time>
      </trkpt>
      <trkpt lat="46.118536982685328" lon="6.740271979942918">
        <ele>1266</ele>
        <time>2017-03-28T01:32:49Z</time>
      </trkpt>
      <trkpt lat="46.118320981040597" lon="6.740604992955923">
        <ele>1258</ele>
        <time>2017-03-28T01:33:09Z</time>
      </trkpt>
      <trkpt lat="46.117959972470999" lon="6.740717981010675">
        <ele>1255</ele>
        <time>2017-03-28T01:33:29Z</time>
      </trkpt>
      <trkpt lat="46.117822006344795" lon="6.741011012345552">
        <ele>1260</ele>
        <time>2017-03-28T01:33:49Z</time>
      </trkpt>
      <trkpt lat="46.117451023310423" lon="6.741019980981946">
        <ele>1243</ele>
        <time>2017-03-28T01:34:09Z</time>
      </trkpt>
      <trkpt lat="46.116999993100762" lon="6.741700004786253">
        <ele>1244</ele>
        <time>2017-03-28T01:34:29Z</time>
      </trkpt>
      <trkpt lat="46.116851968690753" lon="6.742355972528458">
        <ele>1244</ele>
        <time>2017-03-28T01:34:49Z</time>
      </trkpt>
      <trkpt lat="46.116711990907788" lon="6.742372987791896">
        <ele>1241</ele>
        <time>2017-03-28T01:35:09Z</time>
      </trkpt>
      <trkpt lat="46.116490960121155" lon="6.742054978385568">
        <ele>1225</ele>
        <time>2017-03-28T01:35:29Z</time>
      </trkpt>
      <trkpt lat="46.116102961823344" lon="6.742084985598922">
        <ele>1221</ele>
        <time>2017-03-28T01:35:49Z</time>
      </trkpt>
      <trkpt lat="46.115763997659087" lon="6.742774983868003">
        <ele>1216</ele>
        <time>2017-03-28T01:36:09Z</time>
      </trkpt>
      <trkpt lat="46.115368036553264" lon="6.742851007729769">
        <ele>1213</ele>
        <time>2017-03-28T01:36:29Z</time>
      </trkpt>
      <trkpt lat="46.11480200663209" lon="6.742802979424596">
        <ele>1192</ele>
        <time>2017-03-28T01:36:49Z</time>
      </trkpt>
      <trkpt lat="46.114719025790691" lon="6.742936000227928">
        <ele>1191</ele>
        <time>2017-03-28T01:37:09Z</time>
      </trkpt>
      <trkpt lat="46.114848023280501" lon="6.743696993216872">
        <ele>1187</ele>
        <time>2017-03-28T01:37:29Z</time>
      </trkpt>
      <trkpt lat="46.115034017711878" lon="6.744318008422852">
        <ele>1203</ele>
        <time>2017-03-28T01:37:49Z</time>
      </trkpt>
      <trkpt lat="46.115092020481825" lon="6.744798962026835">
        <ele>1197</ele>
        <time>2017-03-28T01:38:09Z</time>
      </trkpt>
      <trkpt lat="46.115311039611697" lon="6.745589962229133">
        <ele>1186</ele>
        <time>2017-03-28T01:38:29Z</time>
      </trkpt>
      <trkpt lat="46.115570040419698" lon="6.74564897082746">
        <ele>1194</ele>
        <time>2017-03-28T01:38:49Z</time>
      </trkpt>
      <trkpt lat="46.115585966035724" lon="6.746741971001029">
        <ele>1170</ele>
        <time>2017-03-28T01:39:09Z</time>
      </trkpt>
      <trkpt lat="46.115672970190644" lon="6.747122006490827">
        <ele>1167</ele>
        <time>2017-03-28T01:39:29Z</time>
      </trkpt>
      <trkpt lat="46.115552019327879" lon="6.747491983696818">
        <ele>1164</ele>
        <time>2017-03-28T01:39:49Z</time>
      </trkpt>
      <trkpt lat="46.115349009633064" lon="6.747909989207983">
        <ele>1161</ele>
        <time>2017-03-28T01:40:09Z</time>
      </trkpt>
      <trkpt lat="46.115079028531909" lon="6.747964974492788">
        <ele>1158</ele>
        <time>2017-03-28T01:40:29Z</time>
      </trkpt>
      <trkpt lat="46.114831008017063" lon="6.748137976974249">
        <ele>1145</ele>
        <time>2017-03-28T01:40:49Z</time>
      </trkpt>
      <trkpt lat="46.114342007786036" lon="6.748269991949201">
        <ele>1137</ele>
        <time>2017-03-28T01:41:09Z</time>
      </trkpt>
      <trkpt lat="46.114203035831451" lon="6.748551959171891">
        <ele>1144</ele>
        <time>2017-03-28T01:41:29Z</time>
      </trkpt>
      <trkpt lat="46.1140710208565" lon="6.748995026573539">
        <ele>1135</ele>
        <time>2017-03-28T01:41:49Z</time>
      </trkpt>
      <trkpt lat="46.11390296369791" lon="6.749323010444641">
        <ele>1140</ele>
        <time>2017-03-28T01:42:09Z</time>
      </trkpt>
      <trkpt lat="46.11377002671361" lon="6.749721989035606">
        <ele>1139</ele>
        <time>2017-03-28T01:42:29Z</time>
      </trkpt>
      <trkpt lat="46.113437013700604" lon="6.749720983207226">
        <ele>1135</ele>
        <time>2017-03-28T01:42:49Z</time>
      </trkpt>
      <trkpt lat="46.11334104090929" lon="6.749610006809235">
        <ele>1133</ele>
        <time>2017-03-28T01:43:09Z</time>
      </trkpt>
      <trkpt lat="46.11314800567925" lon="6.749704973772168">
        <ele>1120</ele>
        <time>2017-03-28T01:43:29Z</time>
      </trkpt>
      <trkpt lat="46.112880036234856" lon="6.749573964625597">
        <ele>1116</ele>
        <time>2017-03-28T01:43:49Z</time>
      </trkpt>
      <trkpt lat="46.112673003226519" lon="6.750185005366802">
        <ele>1122</ele>
        <time>2017-03-28T01:44:09Z</time>
      </trkpt>
      <trkpt lat="46.112522967159748" lon="6.750171007588506">
        <ele>1120</ele>
        <time>2017-03-28T01:44:29Z</time>
      </trkpt>
      <trkpt lat="46.112388018518686" lon="6.749619981274009">
        <ele>1105</ele>
        <time>2017-03-28T01:44:49Z</time>
      </trkpt>
      <trkpt lat="46.11213899217546" lon="6.749420994892716">
        <ele>1102</ele>
        <time>2017-03-28T01:45:09Z</time>
      </trkpt>
      <trkpt lat="46.111905975267291" lon="6.74951596185565">
        <ele>1102</ele>
        <time>2017-03-28T01:45:29Z</time>
      </trkpt>
      <trkpt lat="46.111650997772813" lon="6.749558039009571">
        <ele>1103</ele>
        <time>2017-03-28T01:45:49Z</time>
      </trkpt>
      <trkpt lat="46.111497022211552" lon="6.749784015119076">
        <ele>1107</ele>
        <time>2017-03-28T01:46:09Z</time>
      </trkpt>
      <trkpt lat="46.111087985336781" lon="6.749296020716429">
        <ele>1103</ele>
        <time>2017-03-28T01:46:29Z</time>
      </trkpt>
      <trkpt lat="46.110920011997223" lon="6.749184038490057">
        <ele>1101</ele>
        <time>2017-03-28T01:46:49Z</time>
      </trkpt>
      <trkpt lat="46.110648019239306" lon="6.748759998008609">
        <ele>1099</ele>
        <time>2017-03-28T01:47:09Z</time>
      </trkpt>
      <trkpt lat="46.110526984557509" lon="6.748278038576245">
        <ele>1079</ele>
        <time>2017-03-28T01:47:29Z</time>
      </trkpt>
      <trkpt lat="46.110356999561191" lon="6.747951982542872">
        <ele>1077</ele>
        <time>2017-03-28T01:47:49Z</time>
      </trkpt>
      <trkpt lat="46.110353982076049" lon="6.747670015320182">
        <ele>1073</ele>
        <time>2017-03-28T01:48:09Z</time>
      </trkpt>
      <trkpt lat="46.11044199205935" lon="6.747545963153243">
        <ele>1072</ele>
        <time>2017-03-28T01:48:29Z</time>
      </trkpt>
      <trkpt lat="46.110779028385878" lon="6.747582005336881">
        <ele>1066</ele>
        <time>2017-03-28T01:48:49Z</time>
      </trkpt>
      <trkpt lat="46.110972985625267" lon="6.747254021465778">
        <ele>1057</ele>
        <time>2017-03-28T01:49:09Z</time>
      </trkpt>
      <trkpt lat="46.110988995060325" lon="6.747075989842415">
        <ele>1055</ele>
        <time>2017-03-28T01:49:29Z</time>
      </trkpt>
      <trkpt lat="46.110171005129814" lon="6.746092038229108">
        <ele>1043</ele>
        <time>2017-03-28T01:49:49Z</time>
      </trkpt>
      <trkpt lat="46.110044019296765" lon="6.74573396332562">
        <ele>1039</ele>
        <time>2017-03-28T01:50:09Z</time>
      </trkpt>
      <trkpt lat="46.109693991020322" lon="6.745316041633487">
        <ele>1038</ele>
        <time>2017-03-28T01:50:29Z</time>
      </trkpt>
      <trkpt lat="46.109013967216015" lon="6.744767026975751">
        <ele>1030</ele>
        <time>2017-03-28T01:50:49Z</time>
      </trkpt>
      <trkpt lat="46.10878799110651" lon="6.744774989783764">
        <ele>1028</ele>
        <time>2017-03-28T01:51:09Z</time>
      </trkpt>
      <trkpt lat="46.108376020565629" lon="6.745223002508283">
        <ele>1034</ele>
        <time>2017-03-28T01:51:29Z</time>
      </trkpt>
      <trkpt lat="46.107529029250145" lon="6.745029967278242">
        <ele>1022</ele>
        <time>2017-03-28T01:51:49Z</time>
      </trkpt>
      <trkpt lat="46.107104988768697" lon="6.744500985369086">
        <ele>1012</ele>
        <time>2017-03-28T01:52:09Z</time>
      </trkpt>
      <trkpt lat="46.10676895827055" lon="6.744423033669591">
        <ele>1011</ele>
        <time>2017-03-28T01:52:29Z</time>
      </trkpt>
      <trkpt lat="46.105907969176769" lon="6.743960017338395">
        <ele>1001</ele>
        <time>2017-03-28T01:52:49Z</time>
      </trkpt>
      <trkpt lat="46.105443025007844" lon="6.743815010413528">
        <ele>988</ele>
        <time>2017-03-28T01:53:09Z</time>
      </trkpt>
      <trkpt lat="46.105060977861285" lon="6.744050038978458">
        <ele>991</ele>
        <time>2017-03-28T01:53:29Z</time>
      </trkpt>
      <trkpt lat="46.104450020939112" lon="6.744030006229878">
        <ele>969</ele>
        <time>2017-03-28T01:53:49Z</time>
      </trkpt>
      <trkpt lat="46.103961020708084" lon="6.744769038632512">
        <ele>968</ele>
        <time>2017-03-28T01:54:09Z</time>
      </trkpt>
      <trkpt lat="46.103619961068034" lon="6.745050000026822">
        <ele>967</ele>
        <time>2017-03-28T01:54:29Z</time>
      </trkpt>
      <trkpt lat="46.103464979678392" lon="6.745037008076906">
        <ele>958</ele>
        <time>2017-03-28T01:54:49Z</time>
      </trkpt>
      <trkpt lat="46.103320978581905" lon="6.745585016906261">
        <ele>937</ele>
        <time>2017-03-28T01:55:09Z</time>
      </trkpt>
      <trkpt lat="46.103376969695091" lon="6.745805041864514">
        <ele>957</ele>
        <time>2017-03-28T01:55:29Z</time>
      </trkpt>
      <trkpt lat="46.10335199162364" lon="6.745939990505576">
        <ele>960</ele>
        <time>2017-03-28T01:55:49Z</time>
      </trkpt>
      <trkpt lat="46.103244032710791" lon="6.745890034362674">
        <ele>942</ele>
        <time>2017-03-28T01:56:09Z</time>
      </trkpt>
      <trkpt lat="46.103278985247016" lon="6.744929971173406">
        <ele>937</ele>
        <time>2017-03-28T01:56:29Z</time>
      </trkpt>
      <trkpt lat="46.103599006310105" lon="6.74459301866591">
        <ele>955</ele>
        <time>2017-03-28T01:56:49Z</time>
      </trkpt>
      <trkpt lat="46.103869993239641" lon="6.743984995409846">
        <ele>944</ele>
        <time>2017-03-28T01:57:09Z</time>
      </trkpt>
      <trkpt lat="46.103724986314774" lon="6.743491971865296">
        <ele>935</ele>
        <time>2017-03-28T01:57:29Z</time>
      </trkpt>
      <trkpt lat="46.103772008791566" lon="6.743136998265982">
        <ele>931</ele>
        <time>2017-03-28T01:57:49Z</time>
      </trkpt>
      <trkpt lat="46.103710988536477" lon="6.743032978847623">
        <ele>929</ele>
        <time>2017-03-28T01:58:09Z</time>
      </trkpt>
      <trkpt lat="46.103572016581893" lon="6.743127023801208">
        <ele>926</ele>
        <time>2017-03-28T01:58:29Z</time>
      </trkpt>
      <trkpt lat="46.103632031008601" lon="6.743441009894013">
        <ele>932</ele>
        <time>2017-03-28T01:58:49Z</time>
      </trkpt>
      <trkpt lat="46.103606969118118" lon="6.74390603788197">
        <ele>936</ele>
        <time>2017-03-28T01:59:09Z</time>
      </trkpt>
      <trkpt lat="46.103467997163534" lon="6.744133019819856">
        <ele>932</ele>
        <time>2017-03-28T01:59:29Z</time>
      </trkpt>
      <trkpt lat="46.103426003828645" lon="6.743630021810532">
        <ele>930</ele>
        <time>2017-03-28T01:59:49Z</time>
      </trkpt>
      <trkpt lat="46.103320978581905" lon="6.743257027119398">
        <ele>914</ele>
        <time>2017-03-28T02:00:09Z</time>
      </trkpt>
      <trkpt lat="46.103274961933494" lon="6.742916973307729">
        <ele>915</ele>
        <time>2017-03-28T02:00:29Z</time>
      </trkpt>
      <trkpt lat="46.103057032451034" lon="6.742740031331778">
        <ele>915</ele>
        <time>2017-03-28T02:00:49Z</time>
      </trkpt>
      <trkpt lat="46.102843964472413" lon="6.742795016616583">
        <ele>913</ele>
        <time>2017-03-28T02:01:09Z</time>
      </trkpt>
      <trkpt lat="46.101536974310875" lon="6.742704994976521">
        <ele>885</ele>
        <time>2017-03-28T02:01:29Z</time>
      </trkpt>
      <trkpt lat="46.101189041510224" lon="6.742929965257645">
        <ele>880</ele>
        <time>2017-03-28T02:01:49Z</time>
      </trkpt>
      <trkpt lat="46.099170008674264" lon="6.742195961996913">
        <ele>863</ele>
        <time>2017-03-28T02:02:09Z</time>
      </trkpt>
      <trkpt lat="46.099002035334706" lon="6.742244996130467">
        <ele>856</ele>
        <time>2017-03-28T02:02:29Z</time>
      </trkpt>
      <trkpt lat="46.09875300899148" lon="6.742109041661024">
        <ele>855</ele>
        <time>2017-03-28T02:02:49Z</time>
      </trkpt>
      <trkpt lat="46.098427958786488" lon="6.742097977548838">
        <ele>853</ele>
        <time>2017-03-28T02:03:09Z</time>
      </trkpt>
      <trkpt lat="46.098213968798518" lon="6.741947019472718">
        <ele>845</ele>
        <time>2017-03-28T02:03:29Z</time>
      </trkpt>
      <trkpt lat="46.097650034353137" lon="6.741891028359532">
        <ele>840</ele>
        <time>2017-03-28T02:03:49Z</time>
      </trkpt>
      <trkpt lat="46.097373012453318" lon="6.742708012461662">
        <ele>832</ele>
        <time>2017-03-28T02:04:09Z</time>
      </trkpt>
      <trkpt lat="46.097141001373529" lon="6.742838015779853">
        <ele>831</ele>
        <time>2017-03-28T02:04:29Z</time>
      </trkpt>
      <trkpt lat="46.097156004980206" lon="6.743000037968159">
        <ele>831</ele>
        <time>2017-03-28T02:04:49Z</time>
      </trkpt>
      <trkpt lat="46.096987025812268" lon="6.743373032659292">
        <ele>831</ele>
        <time>2017-03-28T02:05:09Z</time>
      </trkpt>
      <trkpt lat="46.09705600887537" lon="6.744096977636218">
        <ele>831</ele>
        <time>2017-03-28T02:05:29Z</time>
      </trkpt>
      <trkpt lat="46.096714027225971" lon="6.744371987879276">
        <ele>828</ele>
        <time>2017-03-28T02:05:49Z</time>
      </trkpt>
      <trkpt lat="46.096334997564554" lon="6.744376011192799">
        <ele>822</ele>
        <time>2017-03-28T02:06:09Z</time>
      </trkpt>
      <trkpt lat="46.095919003710151" lon="6.744657978415489">
        <ele>819</ele>
        <time>2017-03-28T02:06:29Z</time>
      </trkpt>
      <trkpt lat="46.095513990148902" lon="6.744683040305972">
        <ele>815</ele>
        <time>2017-03-28T02:06:49Z</time>
      </trkpt>
      <trkpt lat="46.095253983512521" lon="6.745001971721649">
        <ele>812</ele>
        <time>2017-03-28T02:07:09Z</time>
      </trkpt>
      <trkpt lat="46.09510000795126" lon="6.744990991428495">
        <ele>813</ele>
        <time>2017-03-28T02:07:29Z</time>
      </trkpt>
      <trkpt lat="46.094070039689541" lon="6.74538997001946">
        <ele>807</ele>
        <time>2017-03-28T02:07:49Z</time>
      </trkpt>
      <trkpt lat="46.093862000852823" lon="6.745246974751353">
        <ele>807</ele>
        <time>2017-03-28T02:08:09Z</time>
      </trkpt>
      <trkpt lat="46.093751024454832" lon="6.745060980319977">
        <ele>806</ele>
        <time>2017-03-28T02:08:29Z</time>
      </trkpt>
      <trkpt lat="46.093690004199743" lon="6.744758980348706">
        <ele>802</ele>
        <time>2017-03-28T02:08:49Z</time>
      </trkpt>
      <trkpt lat="46.093412982299924" lon="6.744338041171432">
        <ele>800</ele>
        <time>2017-03-28T02:09:09Z</time>
      </trkpt>
      <trkpt lat="46.093448018655181" lon="6.743997987359762">
        <ele>801</ele>
        <time>2017-03-28T02:09:29Z</time>
      </trkpt>
      <trkpt lat="46.093265041708946" lon="6.743833031505346">
        <ele>796</ele>
        <time>2017-03-28T02:09:49Z</time>
      </trkpt>
      <trkpt lat="46.093222964555025" lon="6.743016969412565">
        <ele>794</ele>
        <time>2017-03-28T02:10:09Z</time>
      </trkpt>
      <trkpt lat="46.093055997043848" lon="6.742625031620264">
        <ele>794</ele>
        <time>2017-03-28T02:10:29Z</time>
      </trkpt>
      <trkpt lat="46.092814011499286" lon="6.742330994457007">
        <ele>792</ele>
        <time>2017-03-28T02:10:49Z</time>
      </trkpt>
      <trkpt lat="46.09260899014771" lon="6.741920029744506">
        <ele>793</ele>
        <time>2017-03-28T02:11:09Z</time>
      </trkpt>
      <trkpt lat="46.092105992138386" lon="6.741659017279744">
        <ele>784</ele>
        <time>2017-03-28T02:11:29Z</time>
      </trkpt>
      <trkpt lat="46.092017982155085" lon="6.741430023685098">
        <ele>783</ele>
        <time>2017-03-28T02:11:49Z</time>
      </trkpt>
      <trkpt lat="46.091772979125381" lon="6.741311000660062">
        <ele>781</ele>
        <time>2017-03-28T02:12:09Z</time>
      </trkpt>
      <trkpt lat="46.091457987204194" lon="6.740353032946587">
        <ele>779</ele>
        <time>2017-03-28T02:12:29Z</time>
      </trkpt>
      <trkpt lat="46.091177025809884" lon="6.740073999390006">
        <ele>778</ele>
        <time>2017-03-28T02:12:49Z</time>
      </trkpt>
      <trkpt lat="46.090930011123419" lon="6.739488020539284">
        <ele>778</ele>
        <time>2017-03-28T02:13:09Z</time>
      </trkpt>
      <trkpt lat="46.090691965073347" lon="6.739378971979022">
        <ele>772</ele>
        <time>2017-03-28T02:13:29Z</time>
      </trkpt>
      <trkpt lat="46.09035300090909" lon="6.738833980634809">
        <ele>772</ele>
        <time>2017-03-28T02:13:49Z</time>
      </trkpt>
      <trkpt lat="46.09011797234416" lon="6.738545978441834">
        <ele>771</ele>
        <time>2017-03-28T02:14:09Z</time>
      </trkpt>
      <trkpt lat="46.089207027107477" lon="6.738330982625485">
        <ele>766</ele>
        <time>2017-03-28T02:14:29Z</time>
      </trkpt>
      <trkpt lat="46.088731018826365" lon="6.738294018432498">
        <ele>764</ele>
        <time>2017-03-28T02:14:49Z</time>
      </trkpt>
      <trkpt lat="46.088457014411688" lon="6.738013979047537">
        <ele>764</ele>
        <time>2017-03-28T02:15:09Z</time>
      </trkpt>
      <trkpt lat="46.087386980652809" lon="6.737316017970443">
        <ele>760</ele>
        <time>2017-03-28T02:15:29Z</time>
      </trkpt>
      <trkpt lat="46.087225964292884" lon="6.737277964130044">
        <ele>760</ele>
        <time>2017-03-28T02:15:49Z</time>
      </trkpt>
      <trkpt lat="46.08708799816668" lon="6.737090041860938">
        <ele>759</ele>
        <time>2017-03-28T02:16:09Z</time>
      </trkpt>
      <trkpt lat="46.08702203258872" lon="6.736456034705043">
        <ele>762</ele>
        <time>2017-03-28T02:16:29Z</time>
      </trkpt>
      <trkpt lat="46.08642297796905" lon="6.735409973189235">
        <ele>761</ele>
        <time>2017-03-28T02:16:49Z</time>
      </trkpt>
      <trkpt lat="46.08567195944488" lon="6.734487963840365">
        <ele>755</ele>
        <time>2017-03-28T02:17:09Z</time>
      </trkpt>
      <trkpt lat="46.085384041070938" lon="6.734204990789294">
        <ele>753</ele>
        <time>2017-03-28T02:17:29Z</time>
      </trkpt>
      <trkpt lat="46.08511196449399" lon="6.734069036319852">
        <ele>750</ele>
        <time>2017-03-28T02:17:49Z</time>
      </trkpt>
      <trkpt lat="46.084876013919711" lon="6.734275985509157">
        <ele>742</ele>
        <time>2017-03-28T02:18:09Z</time>
      </trkpt>
      <trkpt lat="46.084670992568135" lon="6.734210019931197">
        <ele>740</ele>
        <time>2017-03-28T02:18:29Z</time>
      </trkpt>
      <trkpt lat="46.084493966773152" lon="6.733887987211347">
        <ele>737</ele>
        <time>2017-03-28T02:18:49Z</time>
      </trkpt>
      <trkpt lat="46.084253992885351" lon="6.734049003571272">
        <ele>733</ele>
        <time>2017-03-28T02:19:09Z</time>
      </trkpt>
      <trkpt lat="46.084027010947466" lon="6.733989994972944">
        <ele>728</ele>
        <time>2017-03-28T02:19:29Z</time>
      </trkpt>
      <trkpt lat="46.084030028432608" lon="6.73473003320396">
        <ele>732</ele>
        <time>2017-03-28T02:19:49Z</time>
      </trkpt>
      <trkpt lat="46.083917962387204" lon="6.734789963811636">
        <ele>731</ele>
        <time>2017-03-28T02:20:09Z</time>
      </trkpt>
      <trkpt lat="46.083678994327784" lon="6.734349997714162">
        <ele>729</ele>
        <time>2017-03-28T02:20:29Z</time>
      </trkpt>
      <trkpt lat="46.083098966628313" lon="6.734440019354224">
        <ele>725</ele>
        <time>2017-03-28T02:20:49Z</time>
      </trkpt>
      <trkpt lat="46.082336967810988" lon="6.733946995809674">
        <ele>720</ele>
        <time>2017-03-28T02:21:09Z</time>
      </trkpt>
      <trkpt lat="46.081649987027049" lon="6.733260015025735">
        <ele>717</ele>
        <time>2017-03-28T02:21:29Z</time>
      </trkpt>
      <trkpt lat="46.081055961549282" lon="6.732545960694552">
        <ele>716</ele>
        <time>2017-03-28T02:21:49Z</time>
      </trkpt>
      <trkpt lat="46.080493032932281" lon="6.73172403126955">
        <ele>714</ele>
        <time>2017-03-28T02:22:09Z</time>
      </trkpt>
      <trkpt lat="46.080054994672537" lon="6.730820965021849">
        <ele>712</ele>
        <time>2017-03-28T02:22:29Z</time>
      </trkpt>
      <trkpt lat="46.079040030017495" lon="6.729813041165471">
        <ele>715</ele>
        <time>2017-03-28T02:22:49Z</time>
      </trkpt>
      <trkpt lat="46.078813970088959" lon="6.729416996240616">
        <ele>715</ele>
        <time>2017-03-28T02:23:09Z</time>
      </trkpt>
      <trkpt lat="46.078049037605524" lon="6.728774020448327">
        <ele>714</ele>
        <time>2017-03-28T02:23:29Z</time>
      </trkpt>
      <trkpt lat="46.076727965846658" lon="6.727359993383288">
        <ele>710</ele>
        <time>2017-03-28T02:23:49Z</time>
      </trkpt>
      <trkpt lat="46.076520010828972" lon="6.727283969521523">
        <ele>710</ele>
        <time>2017-03-28T02:24:09Z</time>
      </trkpt>
      <trkpt lat="46.076320018619299" lon="6.727388994768262">
        <ele>709</ele>
        <time>2017-03-28T02:24:29Z</time>
      </trkpt>
      <trkpt lat="46.076225973665714" lon="6.727785961702466">
        <ele>708</ele>
        <time>2017-03-28T02:24:49Z</time>
      </trkpt>
      <trkpt lat="46.076251035556197" lon="6.728087039664388">
        <ele>709</ele>
        <time>2017-03-28T02:25:09Z</time>
      </trkpt>
      <trkpt lat="46.076333010569215" lon="6.728299017995596">
        <ele>709</ele>
        <time>2017-03-28T02:25:29Z</time>
      </trkpt>
      <trkpt lat="46.076223039999604" lon="6.729172999039292">
        <ele>708</ele>
        <time>2017-03-28T02:25:49Z</time>
      </trkpt>
      <trkpt lat="46.075952975079417" lon="6.730017978698015">
        <ele>706</ele>
        <time>2017-03-28T02:26:09Z</time>
      </trkpt>
      <trkpt lat="46.075402032583952" lon="6.730535980314016">
        <ele>707</ele>
        <time>2017-03-28T02:26:29Z</time>
      </trkpt>
      <trkpt lat="46.075275968760252" lon="6.730720968917012">
        <ele>708</ele>
        <time>2017-03-28T02:26:49Z</time>
      </trkpt>
      <trkpt lat="46.071958998218179" lon="6.732263993471861">
        <ele>718</ele>
        <time>2017-03-28T02:27:09Z</time>
      </trkpt>
      <trkpt lat="46.071655992418528" lon="6.732052015140653">
        <ele>725</ele>
        <time>2017-03-28T02:27:29Z</time>
      </trkpt>
      <trkpt lat="46.071347035467625" lon="6.732066012918949">
        <ele>727</ele>
        <time>2017-03-28T02:27:49Z</time>
      </trkpt>
      <trkpt lat="46.071003964170814" lon="6.732316967099905">
        <ele>727</ele>
        <time>2017-03-28T02:28:09Z</time>
      </trkpt>
      <trkpt lat="46.070638010278344" lon="6.732814013957977">
        <ele>733</ele>
        <time>2017-03-28T02:28:29Z</time>
      </trkpt>
      <trkpt lat="46.070331986993551" lon="6.733628986403346">
        <ele>723</ele>
        <time>2017-03-28T02:28:49Z</time>
      </trkpt>
      <trkpt lat="46.070055970922112" lon="6.733927968889475">
        <ele>721</ele>
        <time>2017-03-28T02:29:09Z</time>
      </trkpt>
      <trkpt lat="46.069723041728139" lon="6.734514031559229">
        <ele>723</ele>
        <time>2017-03-28T02:29:29Z</time>
      </trkpt>
      <trkpt lat="46.069606030359864" lon="6.734597012400627">
        <ele>723</ele>
        <time>2017-03-28T02:29:49Z</time>
      </trkpt>
      <trkpt lat="46.069461023434997" lon="6.735019041225314">
        <ele>719</ele>
        <time>2017-03-28T02:30:09Z</time>
      </trkpt>
      <trkpt lat="46.06923102401197" lon="6.735205035656691">
        <ele>719</ele>
        <time>2017-03-28T02:30:29Z</time>
      </trkpt>
      <trkpt lat="46.069000018760562" lon="6.735521033406258">
        <ele>724</ele>
        <time>2017-03-28T02:30:49Z</time>
      </trkpt>
      <trkpt lat="46.068836990743876" lon="6.735616000369191">
        <ele>725</ele>
        <time>2017-03-28T02:31:09Z</time>
      </trkpt>
      <trkpt lat="46.068279007449746" lon="6.736159985885024">
        <ele>726</ele>
        <time>2017-03-28T02:31:29Z</time>
      </trkpt>
      <trkpt lat="46.067575011402369" lon="6.736357966437936">
        <ele>726</ele>
        <time>2017-03-28T02:31:49Z</time>
      </trkpt>
      <trkpt lat="46.066841008141637" lon="6.736619984731078">
        <ele>728</ele>
        <time>2017-03-28T02:32:09Z</time>
      </trkpt>
      <trkpt lat="46.066574966534972" lon="6.736978981643915">
        <ele>724</ele>
        <time>2017-03-28T02:32:29Z</time>
      </trkpt>
      <trkpt lat="46.066257040947676" lon="6.737000020220876">
        <ele>725</ele>
        <time>2017-03-28T02:32:49Z</time>
      </trkpt>
      <trkpt lat="46.064646961167455" lon="6.737717008218169">
        <ele>729</ele>
        <time>2017-03-28T02:33:09Z</time>
      </trkpt>
      <trkpt lat="46.064256029203534" lon="6.737819015979767">
        <ele>731</ele>
        <time>2017-03-28T02:33:29Z</time>
      </trkpt>
      <trkpt lat="46.063879011198878" lon="6.738070975989103">
        <ele>734</ele>
        <time>2017-03-28T02:33:49Z</time>
      </trkpt>
      <trkpt lat="46.064005997031927" lon="6.738660978153348">
        <ele>725</ele>
        <time>2017-03-28T02:34:09Z</time>
      </trkpt>
      <trkpt lat="46.062949961051345" lon="6.739856991916895">
        <ele>725</ele>
        <time>2017-03-28T02:34:29Z</time>
      </trkpt>
      <trkpt lat="46.061812033876777" lon="6.741054011508822">
        <ele>724</ele>
        <time>2017-03-28T02:34:49Z</time>
      </trkpt>
      <trkpt lat="46.060851970687509" lon="6.742664007470012">
        <ele>724</ele>
        <time>2017-03-28T02:35:09Z</time>
      </trkpt>
      <trkpt lat="46.060030041262507" lon="6.744294036179781">
        <ele>728</ele>
        <time>2017-03-28T02:35:29Z</time>
      </trkpt>
      <trkpt lat="46.060025012120605" lon="6.744727967306972">
        <ele>727</ele>
        <time>2017-03-28T02:35:49Z</time>
      </trkpt>
      <trkpt lat="46.059707002714276" lon="6.745055029168725">
        <ele>728</ele>
        <time>2017-03-28T02:36:09Z</time>
      </trkpt>
      <trkpt lat="46.059248009696603" lon="6.74581702798605">
        <ele>729</ele>
        <time>2017-03-28T02:36:29Z</time>
      </trkpt>
      <trkpt lat="46.05883302167058" lon="6.745318975299597">
        <ele>741</ele>
        <time>2017-03-28T02:36:49Z</time>
      </trkpt>
      <trkpt lat="46.058867974206805" lon="6.744590001180768">
        <ele>744</ele>
        <time>2017-03-28T02:37:09Z</time>
      </trkpt>
      <trkpt lat="46.058700000867248" lon="6.744340974837542">
        <ele>746</ele>
        <time>2017-03-28T02:37:29Z</time>
      </trkpt>
      <trkpt lat="46.058768983930349" lon="6.743700010702014">
        <ele>755</ele>
        <time>2017-03-28T02:37:49Z</time>
      </trkpt>
      <trkpt lat="46.058668987825513" lon="6.743538994342089">
        <ele>757</ele>
        <time>2017-03-28T02:38:09Z</time>
      </trkpt>
      <trkpt lat="46.058379979804158" lon="6.743720965459943">
        <ele>756</ele>
        <time>2017-03-28T02:38:29Z</time>
      </trkpt>
      <trkpt lat="46.058055013418198" lon="6.744188005104661">
        <ele>759</ele>
        <time>2017-03-28T02:38:49Z</time>
      </trkpt>
      <trkpt lat="46.057723006233573" lon="6.744538033381105">
        <ele>762</ele>
        <time>2017-03-28T02:39:09Z</time>
      </trkpt>
      <trkpt lat="46.05733098462224" lon="6.745470017194748">
        <ele>776</ele>
        <time>2017-03-28T02:39:29Z</time>
      </trkpt>
      <trkpt lat="46.056411992758512" lon="6.747099962085486">
        <ele>779</ele>
        <time>2017-03-28T02:39:49Z</time>
      </trkpt>
      <trkpt lat="46.0562779661268" lon="6.747849974781275">
        <ele>775</ele>
        <time>2017-03-28T02:40:09Z</time>
      </trkpt>
      <trkpt lat="46.056328006088734" lon="6.748506026342511">
        <ele>767</ele>
        <time>2017-03-28T02:40:29Z</time>
      </trkpt>
      <trkpt lat="46.056230021640658" lon="6.749161994084716">
        <ele>766</ele>
        <time>2017-03-28T02:40:49Z</time>
      </trkpt>
      <trkpt lat="46.055530970916152" lon="6.750088026747108">
        <ele>758</ele>
        <time>2017-03-28T02:41:09Z</time>
      </trkpt>
      <trkpt lat="46.05498899705708" lon="6.750829992815852">
        <ele>759</ele>
        <time>2017-03-28T02:41:29Z</time>
      </trkpt>
      <trkpt lat="46.054896963760257" lon="6.751560978591442">
        <ele>765</ele>
        <time>2017-03-28T02:41:49Z</time>
      </trkpt>
      <trkpt lat="46.055268030613661" lon="6.752190962433815">
        <ele>743</ele>
        <time>2017-03-28T02:42:09Z</time>
      </trkpt>
      <trkpt lat="46.055312035605311" lon="6.752946004271507">
        <ele>741</ele>
        <time>2017-03-28T02:42:29Z</time>
      </trkpt>
      <trkpt lat="46.055561983957887" lon="6.753540029749274">
        <ele>740</ele>
        <time>2017-03-28T02:42:49Z</time>
      </trkpt>
      <trkpt lat="46.055729035288095" lon="6.754079991951585">
        <ele>740</ele>
        <time>2017-03-28T02:43:09Z</time>
      </trkpt>
      <trkpt lat="46.055773962289095" lon="6.754705030471087">
        <ele>742</ele>
        <time>2017-03-28T02:43:29Z</time>
      </trkpt>
      <trkpt lat="46.055601965636015" lon="6.755282962694764">
        <ele>747</ele>
        <time>2017-03-28T02:43:49Z</time>
      </trkpt>
      <trkpt lat="46.055500963702798" lon="6.755759976804256">
        <ele>751</ele>
        <time>2017-03-28T02:44:09Z</time>
      </trkpt>
      <trkpt lat="46.05552401393652" lon="6.755913030356169">
        <ele>763</ele>
        <time>2017-03-28T02:44:29Z</time>
      </trkpt>
      <trkpt lat="46.055473973974586" lon="6.756012020632625">
        <ele>764</ele>
        <time>2017-03-28T02:44:49Z</time>
      </trkpt>
      <trkpt lat="46.055249003693461" lon="6.755955023691058">
        <ele>763</ele>
        <time>2017-03-28T02:45:09Z</time>
      </trkpt>
      <trkpt lat="46.055080024525523" lon="6.756000034511089">
        <ele>762</ele>
        <time>2017-03-28T02:45:29Z</time>
      </trkpt>
      <trkpt lat="46.054678028449416" lon="6.756502026692033">
        <ele>778</ele>
        <time>2017-03-28T02:45:49Z</time>
      </trkpt>
      <trkpt lat="46.054238984361291" lon="6.75682095810771">
        <ele>791</ele>
        <time>2017-03-28T02:46:09Z</time>
      </trkpt>
      <trkpt lat="46.053889961913228" lon="6.756879966706038">
        <ele>805</ele>
        <time>2017-03-28T02:46:29Z</time>
      </trkpt>
      <trkpt lat="46.053842017427087" lon="6.75748698413372">
        <ele>812</ele>
        <time>2017-03-28T02:46:49Z</time>
      </trkpt>
      <trkpt lat="46.053733974695206" lon="6.758137000724673">
        <ele>828</ele>
        <time>2017-03-28T02:47:09Z</time>
      </trkpt>
      <trkpt lat="46.05374101549387" lon="6.758879972621799">
        <ele>831</ele>
        <time>2017-03-28T02:47:29Z</time>
      </trkpt>
      <trkpt lat="46.053558038547635" lon="6.759233018383384">
        <ele>839</ele>
        <time>2017-03-28T02:47:49Z</time>
      </trkpt>
      <trkpt lat="46.05331496335566" lon="6.759521020576358">
        <ele>872</ele>
        <time>2017-03-28T02:48:09Z</time>
      </trkpt>
      <trkpt lat="46.053150007501245" lon="6.759840035811067">
        <ele>873</ele>
        <time>2017-03-28T02:48:29Z</time>
      </trkpt>
      <trkpt lat="46.0532489977777" lon="6.760519975796342">
        <ele>879</ele>
        <time>2017-03-28T02:48:49Z</time>
      </trkpt>
      <trkpt lat="46.05342099443078" lon="6.760719968006015">
        <ele>848</ele>
        <time>2017-03-28T02:49:09Z</time>
      </trkpt>
      <trkpt lat="46.053409008309245" lon="6.76120100542903">
        <ele>832</ele>
        <time>2017-03-28T02:49:29Z</time>
      </trkpt>
      <trkpt lat="46.053323009982705" lon="6.761350035667419">
        <ele>876</ele>
        <time>2017-03-28T02:49:49Z</time>
      </trkpt>
      <trkpt lat="46.053352011367679" lon="6.761563019827008">
        <ele>842</ele>
        <time>2017-03-28T02:50:09Z</time>
      </trkpt>
      <trkpt lat="46.053083036094904" lon="6.762107005342841">
        <ele>862</ele>
        <time>2017-03-28T02:50:29Z</time>
      </trkpt>
      <trkpt lat="46.053029978647828" lon="6.762296017259359">
        <ele>859</ele>
        <time>2017-03-28T02:50:49Z</time>
      </trkpt>
      <trkpt lat="46.052801990881562" lon="6.762560969218612">
        <ele>847</ele>
        <time>2017-03-28T02:51:09Z</time>
      </trkpt>
      <trkpt lat="46.052723033353686" lon="6.762803960591555">
        <ele>843</ele>
        <time>2017-03-28T02:51:29Z</time>
      </trkpt>
      <trkpt lat="46.053015980869532" lon="6.762803038582206">
        <ele>831</ele>
        <time>2017-03-28T02:51:49Z</time>
      </trkpt>
      <trkpt lat="46.052608033642173" lon="6.763290027156472">
        <ele>833</ele>
        <time>2017-03-28T02:52:09Z</time>
      </trkpt>
      <trkpt lat="46.05279897339642" lon="6.76345900632441">
        <ele>801</ele>
        <time>2017-03-28T02:52:29Z</time>
      </trkpt>
      <trkpt lat="46.052538966760039" lon="6.763537963852286">
        <ele>809</ele>
        <time>2017-03-28T02:52:49Z</time>
      </trkpt>
      <trkpt lat="46.052658995613456" lon="6.763628991320729">
        <ele>801</ele>
        <time>2017-03-28T02:53:09Z</time>
      </trkpt>
      <trkpt lat="46.052470989525318" lon="6.763820014894009">
        <ele>805</ele>
        <time>2017-03-28T02:53:29Z</time>
      </trkpt>
      <trkpt lat="46.052008979022503" lon="6.764089995995164">
        <ele>800</ele>
        <time>2017-03-28T02:53:49Z</time>
      </trkpt>
      <trkpt lat="46.051231976598501" lon="6.76401799544692">
        <ele>799</ele>
        <time>2017-03-28T02:54:09Z</time>
      </trkpt>
      <trkpt lat="46.050331005826592" lon="6.764229973778129">
        <ele>773</ele>
        <time>2017-03-28T02:54:29Z</time>
      </trkpt>
      <trkpt lat="46.049240017309785" lon="6.763859996572137">
        <ele>783</ele>
        <time>2017-03-28T02:54:49Z</time>
      </trkpt>
      <trkpt lat="46.049025021493435" lon="6.764039034023881">
        <ele>774</ele>
        <time>2017-03-28T02:55:09Z</time>
      </trkpt>
      <trkpt lat="46.048811031505466" lon="6.76401698961854">
        <ele>775</ele>
        <time>2017-03-28T02:55:29Z</time>
      </trkpt>
      <trkpt lat="46.048061018809676" lon="6.76408002153039">
        <ele>770</ele>
        <time>2017-03-28T02:55:49Z</time>
      </trkpt>
      <trkpt lat="46.047760024666786" lon="6.763939959928393">
        <ele>771</ele>
        <time>2017-03-28T02:56:09Z</time>
      </trkpt>
      <trkpt lat="46.047630021348596" lon="6.764245983213186">
        <ele>765</ele>
        <time>2017-03-28T02:56:29Z</time>
      </trkpt>
      <trkpt lat="46.047203969210386" lon="6.763999974355102">
        <ele>770</ele>
        <time>2017-03-28T02:56:49Z</time>
      </trkpt>
      <trkpt lat="46.046603992581367" lon="6.763947000727058">
        <ele>773</ele>
        <time>2017-03-28T02:57:09Z</time>
      </trkpt>
      <trkpt lat="46.046227980405092" lon="6.763872988522053">
        <ele>776</ele>
        <time>2017-03-28T02:57:29Z</time>
      </trkpt>
      <trkpt lat="46.045408984646201" lon="6.763906013220549">
        <ele>781</ele>
        <time>2017-03-28T02:57:49Z</time>
      </trkpt>
      <trkpt lat="46.044648997485638" lon="6.763789001852274">
        <ele>781</ele>
        <time>2017-03-28T02:58:09Z</time>
      </trkpt>
      <trkpt lat="46.044003004208207" lon="6.764216981828213">
        <ele>778</ele>
        <time>2017-03-28T02:58:29Z</time>
      </trkpt>
      <trkpt lat="46.042456040158868" lon="6.764912009239197">
        <ele>790</ele>
        <time>2017-03-28T02:58:49Z</time>
      </trkpt>
      <trkpt lat="46.04201003909111" lon="6.765380976721644">
        <ele>794</ele>
        <time>2017-03-28T02:59:09Z</time>
      </trkpt>
      <trkpt lat="46.041766041889787" lon="6.765330014750361">
        <ele>794</ele>
        <time>2017-03-28T02:59:29Z</time>
      </trkpt>
      <trkpt lat="46.041287016123533" lon="6.764758033677936">
        <ele>800</ele>
        <time>2017-03-28T02:59:49Z</time>
      </trkpt>
      <trkpt lat="46.040633982047439" lon="6.764740012586117">
        <ele>809</ele>
        <time>2017-03-28T03:00:09Z</time>
      </trkpt>
      <trkpt lat="46.04027196764946" lon="6.765100015327334">
        <ele>809</ele>
        <time>2017-03-28T03:00:29Z</time>
      </trkpt>
      <trkpt lat="46.040048003196716" lon="6.765103032812476">
        <ele>809</ele>
        <time>2017-03-28T03:00:49Z</time>
      </trkpt>
      <trkpt lat="46.039554979652166" lon="6.765517015010119">
        <ele>813</ele>
        <time>2017-03-28T03:01:09Z</time>
      </trkpt>
      <trkpt lat="46.039061034098268" lon="6.76586695946753">
        <ele>811</ele>
        <time>2017-03-28T03:01:29Z</time>
      </trkpt>
      <trkpt lat="46.039052987471223" lon="6.766461990773678">
        <ele>812</ele>
        <time>2017-03-28T03:01:49Z</time>
      </trkpt>
      <trkpt lat="46.038688961416483" lon="6.768772965297103">
        <ele>827</ele>
        <time>2017-03-28T03:02:09Z</time>
      </trkpt>
      <trkpt lat="46.037713978439569" lon="6.769447959959507">
        <ele>826</ele>
        <time>2017-03-28T03:02:29Z</time>
      </trkpt>
      <trkpt lat="46.037528989836574" lon="6.769709978252649">
        <ele>827</ele>
        <time>2017-03-28T03:02:49Z</time>
      </trkpt>
      <trkpt lat="46.037410972639918" lon="6.769549967721105">
        <ele>832</ele>
        <time>2017-03-28T03:03:09Z</time>
      </trkpt>
      <trkpt lat="46.037389012053609" lon="6.769195999950171">
        <ele>828</ele>
        <time>2017-03-28T03:03:29Z</time>
      </trkpt>
      <trkpt lat="46.037150966003537" lon="6.769040012732148">
        <ele>827</ele>
        <time>2017-03-28T03:03:49Z</time>
      </trkpt>
      <trkpt lat="46.036979975178838" lon="6.769349975511432">
        <ele>835</ele>
        <time>2017-03-28T03:04:09Z</time>
      </trkpt>
      <trkpt lat="46.036237003281713" lon="6.769951963797212">
        <ele>841</ele>
        <time>2017-03-28T03:04:29Z</time>
      </trkpt>
      <trkpt lat="46.035912036895752" lon="6.770359994843602">
        <ele>842</ele>
        <time>2017-03-28T03:04:49Z</time>
      </trkpt>
      <trkpt lat="46.035610036924481" lon="6.771249985322356">
        <ele>846</ele>
        <time>2017-03-28T03:05:09Z</time>
      </trkpt>
      <trkpt lat="46.035659993067384" lon="6.771649969741702">
        <ele>848</ele>
        <time>2017-03-28T03:05:29Z</time>
      </trkpt>
      <trkpt lat="46.034796992316842" lon="6.771829007193446">
        <ele>850</ele>
        <time>2017-03-28T03:05:49Z</time>
      </trkpt>
      <trkpt lat="46.034210007637739" lon="6.771839987486601">
        <ele>850</ele>
        <time>2017-03-28T03:06:09Z</time>
      </trkpt>
      <trkpt lat="46.033669961616397" lon="6.771974014118314">
        <ele>859</ele>
        <time>2017-03-28T03:06:29Z</time>
      </trkpt>
      <trkpt lat="46.032993961125612" lon="6.772343991324306">
        <ele>870</ele>
        <time>2017-03-28T03:06:49Z</time>
      </trkpt>
      <trkpt lat="46.032802015542984" lon="6.771824983879924">
        <ele>870</ele>
        <time>2017-03-28T03:07:09Z</time>
      </trkpt>
      <trkpt lat="46.033137962222099" lon="6.771319974213839">
        <ele>869</ele>
        <time>2017-03-28T03:07:29Z</time>
      </trkpt>
      <trkpt lat="46.033320017158985" lon="6.7706139665097">
        <ele>880</ele>
        <time>2017-03-28T03:07:49Z</time>
      </trkpt>
      <trkpt lat="46.032977029681206" lon="6.771032977849245">
        <ele>874</ele>
        <time>2017-03-28T03:08:09Z</time>
      </trkpt>
      <trkpt lat="46.032605040818453" lon="6.77136599086225">
        <ele>875</ele>
        <time>2017-03-28T03:08:29Z</time>
      </trkpt>
      <trkpt lat="46.032296000048518" lon="6.771354004740715">
        <ele>887</ele>
        <time>2017-03-28T03:08:49Z</time>
      </trkpt>
      <trkpt lat="46.031712032854557" lon="6.77085000090301">
        <ele>905</ele>
        <time>2017-03-28T03:09:09Z</time>
      </trkpt>
      <trkpt lat="46.03126997128129" lon="6.77069703117013">
        <ele>924</ele>
        <time>2017-03-28T03:09:29Z</time>
      </trkpt>
      <trkpt lat="46.030738977715373" lon="6.770629975944758">
        <ele>933</ele>
        <time>2017-03-28T03:09:49Z</time>
      </trkpt>
      <trkpt lat="46.030163979157805" lon="6.770820999518037">
        <ele>939</ele>
        <time>2017-03-28T03:10:09Z</time>
      </trkpt>
      <trkpt lat="46.030045039951801" lon="6.77050500176847">
        <ele>941</ele>
        <time>2017-03-28T03:10:29Z</time>
      </trkpt>
      <trkpt lat="46.029283041134477" lon="6.770834997296333">
        <ele>950</ele>
        <time>2017-03-28T03:10:49Z</time>
      </trkpt>
      <trkpt lat="46.028648028150201" lon="6.771050998941064">
        <ele>966</ele>
        <time>2017-03-28T03:11:09Z</time>
      </trkpt>
      <trkpt lat="46.028640987351537" lon="6.771734040230513">
        <ele>960</ele>
        <time>2017-03-28T03:11:29Z</time>
      </trkpt>
      <trkpt lat="46.027977978810668" lon="6.772500984370709">
        <ele>983</ele>
        <time>2017-03-28T03:11:49Z</time>
      </trkpt>
      <trkpt lat="46.027927016839385" lon="6.77278496325016">
        <ele>984</ele>
        <time>2017-03-28T03:12:09Z</time>
      </trkpt>
      <trkpt lat="46.02798099629581" lon="6.773089980706573">
        <ele>983</ele>
        <time>2017-03-28T03:12:29Z</time>
      </trkpt>
      <trkpt lat="46.028253994882107" lon="6.773273963481188">
        <ele>979</ele>
        <time>2017-03-28T03:12:49Z</time>
      </trkpt>
      <trkpt lat="46.028266986832023" lon="6.773458030074835">
        <ele>978</ele>
        <time>2017-03-28T03:13:09Z</time>
      </trkpt>
      <trkpt lat="46.027847975492477" lon="6.774183986708522">
        <ele>977</ele>
        <time>2017-03-28T03:13:29Z</time>
      </trkpt>
      <trkpt lat="46.027705986052752" lon="6.77405096590519">
        <ele>985</ele>
        <time>2017-03-28T03:13:49Z</time>
      </trkpt>
      <trkpt lat="46.027834983542562" lon="6.773533970117569">
        <ele>983</ele>
        <time>2017-03-28T03:14:09Z</time>
      </trkpt>
      <trkpt lat="46.027715960517526" lon="6.773329032585025">
        <ele>988</ele>
        <time>2017-03-28T03:14:29Z</time>
      </trkpt>
      <trkpt lat="46.027608001604676" lon="6.773456018418074">
        <ele>988</ele>
        <time>2017-03-28T03:14:49Z</time>
      </trkpt>
      <trkpt lat="46.027576988562942" lon="6.773712001740933">
        <ele>985</ele>
        <time>2017-03-28T03:15:09Z</time>
      </trkpt>
      <trkpt lat="46.027524014934897" lon="6.773934960365295">
        <ele>986</ele>
        <time>2017-03-28T03:15:29Z</time>
      </trkpt>
      <trkpt lat="46.027372973039746" lon="6.774049960076809">
        <ele>999</ele>
        <time>2017-03-28T03:15:49Z</time>
      </trkpt>
      <trkpt lat="46.027193013578653" lon="6.773967985063791">
        <ele>1004</ele>
        <time>2017-03-28T03:16:09Z</time>
      </trkpt>
      <trkpt lat="46.026999978348613" lon="6.773451995104551">
        <ele>1012</ele>
        <time>2017-03-28T03:16:29Z</time>
      </trkpt>
      <trkpt lat="46.026883972808719" lon="6.773437997326255">
        <ele>1016</ele>
        <time>2017-03-28T03:16:49Z</time>
      </trkpt>
      <trkpt lat="46.02680099196732" lon="6.773574035614729">
        <ele>1015</ele>
        <time>2017-03-28T03:17:09Z</time>
      </trkpt>
      <trkpt lat="46.026785988360643" lon="6.773959016427398">
        <ele>1011</ele>
        <time>2017-03-28T03:17:29Z</time>
      </trkpt>
      <trkpt lat="46.025889040902257" lon="6.774670975282788">
        <ele>1029</ele>
        <time>2017-03-28T03:17:49Z</time>
      </trkpt>
      <trkpt lat="46.025827014818788" lon="6.774583971127868">
        <ele>1039</ele>
        <time>2017-03-28T03:18:09Z</time>
      </trkpt>
      <trkpt lat="46.025898009538651" lon="6.774293035268784">
        <ele>1033</ele>
        <time>2017-03-28T03:18:29Z</time>
      </trkpt>
      <trkpt lat="46.025846041738987" lon="6.774098994210362">
        <ele>1038</ele>
        <time>2017-03-28T03:18:49Z</time>
      </trkpt>
      <trkpt lat="46.02572500705719" lon="6.774106035009027">
        <ele>1045</ele>
        <time>2017-03-28T03:19:09Z</time>
      </trkpt>
      <trkpt lat="46.025557033717632" lon="6.774366041645408">
        <ele>1040</ele>
        <time>2017-03-28T03:19:29Z</time>
      </trkpt>
      <trkpt lat="46.025000978261232" lon="6.77435003221035">
        <ele>1044</ele>
        <time>2017-03-28T03:19:49Z</time>
      </trkpt>
      <trkpt lat="46.024859994649887" lon="6.774198990315199">
        <ele>1050</ele>
        <time>2017-03-28T03:20:09Z</time>
      </trkpt>
      <trkpt lat="46.024713981896639" lon="6.774308038875461">
        <ele>1051</ele>
        <time>2017-03-28T03:20:29Z</time>
      </trkpt>
      <trkpt lat="46.024207966402173" lon="6.774245006963611">
        <ele>1063</ele>
        <time>2017-03-28T03:20:49Z</time>
      </trkpt>
      <trkpt lat="46.023784009739757" lon="6.774214999750257">
        <ele>1068</ele>
        <time>2017-03-28T03:21:09Z</time>
      </trkpt>
      <trkpt lat="46.023676972836256" lon="6.774319019168615">
        <ele>1069</ele>
        <time>2017-03-28T03:21:29Z</time>
      </trkpt>
      <trkpt lat="46.023607989773154" lon="6.774520017206669">
        <ele>1068</ele>
        <time>2017-03-28T03:21:49Z</time>
      </trkpt>
      <trkpt lat="46.023288974538445" lon="6.774340979754925">
        <ele>1083</ele>
        <time>2017-03-28T03:22:09Z</time>
      </trkpt>
      <trkpt lat="46.023113960400224" lon="6.773690041154623">
        <ele>1100</ele>
        <time>2017-03-28T03:22:29Z</time>
      </trkpt>
      <trkpt lat="46.022758986800909" lon="6.774213993921876">
        <ele>1091</ele>
        <time>2017-03-28T03:22:49Z</time>
      </trkpt>
      <trkpt lat="46.02286702953279" lon="6.773773021996021">
        <ele>1101</ele>
        <time>2017-03-28T03:23:09Z</time>
      </trkpt>
      <trkpt lat="46.022934000939131" lon="6.77269896492362">
        <ele>1117</ele>
        <time>2017-03-28T03:23:29Z</time>
      </trkpt>
      <trkpt lat="46.023031985387206" lon="6.772170988842845">
        <ele>1123</ele>
        <time>2017-03-28T03:23:49Z</time>
      </trkpt>
      <trkpt lat="46.023212028667331" lon="6.771878041327">
        <ele>1123</ele>
        <time>2017-03-28T03:24:09Z</time>
      </trkpt>
      <trkpt lat="46.023096023127437" lon="6.771522983908653">
        <ele>1125</ele>
        <time>2017-03-28T03:24:29Z</time>
      </trkpt>
      <trkpt lat="46.022918997332454" lon="6.771289967000485">
        <ele>1126</ele>
        <time>2017-03-28T03:24:49Z</time>
      </trkpt>
      <trkpt lat="46.022650022059679" lon="6.770865004509687">
        <ele>1129</ele>
        <time>2017-03-28T03:25:09Z</time>
      </trkpt>
      <trkpt lat="46.022403007373214" lon="6.770374998450279">
        <ele>1140</ele>
        <time>2017-03-28T03:25:29Z</time>
      </trkpt>
      <trkpt lat="46.022338969632983" lon="6.770009966567159">
        <ele>1139</ele>
        <time>2017-03-28T03:25:49Z</time>
      </trkpt>
      <trkpt lat="46.02218197658658" lon="6.769898990169168">
        <ele>1145</ele>
        <time>2017-03-28T03:26:09Z</time>
      </trkpt>
      <trkpt lat="46.021883999928832" lon="6.769360033795238">
        <ele>1152</ele>
        <time>2017-03-28T03:26:29Z</time>
      </trkpt>
      <trkpt lat="46.02172801271081" lon="6.76926095969975">
        <ele>1157</ele>
        <time>2017-03-28T03:26:49Z</time>
      </trkpt>
      <trkpt lat="46.021607983857393" lon="6.768990978598595">
        <ele>1170</ele>
        <time>2017-03-28T03:27:09Z</time>
      </trkpt>
      <trkpt lat="46.021459037438035" lon="6.768919983878732">
        <ele>1174</ele>
        <time>2017-03-28T03:27:29Z</time>
      </trkpt>
      <trkpt lat="46.021287962794304" lon="6.768709011375904">
        <ele>1178</ele>
        <time>2017-03-28T03:27:49Z</time>
      </trkpt>
      <trkpt lat="46.021343031898141" lon="6.76805698312819">
        <ele>1180</ele>
        <time>2017-03-28T03:28:09Z</time>
      </trkpt>
      <trkpt lat="46.021226020529866" lon="6.767938965931535">
        <ele>1182</ele>
        <time>2017-03-28T03:28:29Z</time>
      </trkpt>
      <trkpt lat="46.0208719689399" lon="6.768353031948209">
        <ele>1192</ele>
        <time>2017-03-28T03:28:49Z</time>
      </trkpt>
      <trkpt lat="46.02050400339067" lon="6.767888003960252">
        <ele>1202</ele>
        <time>2017-03-28T03:29:09Z</time>
      </trkpt>
      <trkpt lat="46.020122040063143" lon="6.767610982060432">
        <ele>1207</ele>
        <time>2017-03-28T03:29:29Z</time>
      </trkpt>
      <trkpt lat="46.020119022578001" lon="6.767381988465786">
        <ele>1206</ele>
        <time>2017-03-28T03:29:49Z</time>
      </trkpt>
      <trkpt lat="46.020093960687518" lon="6.767163975164294">
        <ele>1203</ele>
        <time>2017-03-28T03:30:09Z</time>
      </trkpt>
      <trkpt lat="46.019864967092872" lon="6.766770025715232">
        <ele>1216</ele>
        <time>2017-03-28T03:30:29Z</time>
      </trkpt>
      <trkpt lat="46.019690958783031" lon="6.766388984397054">
        <ele>1221</ele>
        <time>2017-03-28T03:30:49Z</time>
      </trkpt>
      <trkpt lat="46.019371021538973" lon="6.766028981655836">
        <ele>1226</ele>
        <time>2017-03-28T03:31:09Z</time>
      </trkpt>
      <trkpt lat="46.019121995195746" lon="6.765614999458194">
        <ele>1239</ele>
        <time>2017-03-28T03:31:29Z</time>
      </trkpt>
      <trkpt lat="46.018828041851521" lon="6.765544004738331">
        <ele>1243</ele>
        <time>2017-03-28T03:31:49Z</time>
      </trkpt>
      <trkpt lat="46.018630983307958" lon="6.765305958688259">
        <ele>1245</ele>
        <time>2017-03-28T03:32:09Z</time>
      </trkpt>
      <trkpt lat="46.01829101331532" lon="6.76534996367991">
        <ele>1264</ele>
        <time>2017-03-28T03:32:29Z</time>
      </trkpt>
      <trkpt lat="46.018137959763408" lon="6.765225995332003">
        <ele>1265</ele>
        <time>2017-03-28T03:32:49Z</time>
      </trkpt>
      <trkpt lat="46.017838977277279" lon="6.764785023406148">
        <ele>1271</ele>
        <time>2017-03-28T03:33:09Z</time>
      </trkpt>
      <trkpt lat="46.017679972574115" lon="6.76436198875308">
        <ele>1274</ele>
        <time>2017-03-28T03:33:29Z</time>
      </trkpt>
      <trkpt lat="46.017475035041571" lon="6.764239026233554">
        <ele>1285</ele>
        <time>2017-03-28T03:33:49Z</time>
      </trkpt>
      <trkpt lat="46.016924008727074" lon="6.76378296688199">
        <ele>1289</ele>
        <time>2017-03-28T03:34:09Z</time>
      </trkpt>
      <trkpt lat="46.016469039022923" lon="6.763344006612897">
        <ele>1303</ele>
        <time>2017-03-28T03:34:29Z</time>
      </trkpt>
      <trkpt lat="46.016167039051652" lon="6.763173015788198">
        <ele>1303</ele>
        <time>2017-03-28T03:34:49Z</time>
      </trkpt>
      <trkpt lat="46.015888005495071" lon="6.762970006093383">
        <ele>1305</ele>
        <time>2017-03-28T03:35:09Z</time>
      </trkpt>
      <trkpt lat="46.01564702577889" lon="6.762452004477382">
        <ele>1314</ele>
        <time>2017-03-28T03:35:29Z</time>
      </trkpt>
      <trkpt lat="46.015337985008955" lon="6.761857978999615">
        <ele>1322</ele>
        <time>2017-03-28T03:35:49Z</time>
      </trkpt>
      <trkpt lat="46.015061968937516" lon="6.761685982346535">
        <ele>1329</ele>
        <time>2017-03-28T03:36:09Z</time>
      </trkpt>
      <trkpt lat="46.0148970130831" lon="6.761690005660057">
        <ele>1341</ele>
        <time>2017-03-28T03:36:29Z</time>
      </trkpt>
      <trkpt lat="46.014911010861397" lon="6.761961998417974">
        <ele>1349</ele>
        <time>2017-03-28T03:36:49Z</time>
      </trkpt>
      <trkpt lat="46.014858037233353" lon="6.762180011719465">
        <ele>1352</ele>
        <time>2017-03-28T03:37:09Z</time>
      </trkpt>
      <trkpt lat="46.014723004773259" lon="6.761993011459708">
        <ele>1355</ele>
        <time>2017-03-28T03:37:29Z</time>
      </trkpt>
      <trkpt lat="46.014543967321515" lon="6.761881029233336">
        <ele>1359</ele>
        <time>2017-03-28T03:37:49Z</time>
      </trkpt>
      <trkpt lat="46.014490993693471" lon="6.761710960417986">
        <ele>1360</ele>
        <time>2017-03-28T03:38:09Z</time>
      </trkpt>
      <trkpt lat="46.013922030106187" lon="6.76113503985107">
        <ele>1389</ele>
        <time>2017-03-28T03:38:29Z</time>
      </trkpt>
      <trkpt lat="46.013751039281487" lon="6.761103020980954">
        <ele>1394</ele>
        <time>2017-03-28T03:38:49Z</time>
      </trkpt>
      <trkpt lat="46.01343403570354" lon="6.760529028251767">
        <ele>1390</ele>
        <time>2017-03-28T03:39:09Z</time>
      </trkpt>
      <trkpt lat="46.012901030480862" lon="6.759950006380677">
        <ele>1411</ele>
        <time>2017-03-28T03:39:29Z</time>
      </trkpt>
      <trkpt lat="46.01287798024714" lon="6.76010699942708">
        <ele>1421</ele>
        <time>2017-03-28T03:39:49Z</time>
      </trkpt>
      <trkpt lat="46.012959033250809" lon="6.760511007159948">
        <ele>1422</ele>
        <time>2017-03-28T03:40:09Z</time>
      </trkpt>
      <trkpt lat="46.012772032991052" lon="6.760402964428067">
        <ele>1426</ele>
        <time>2017-03-28T03:40:29Z</time>
      </trkpt>
      <trkpt lat="46.012673964723945" lon="6.760390978306532">
        <ele>1428</ele>
        <time>2017-03-28T03:40:49Z</time>
      </trkpt>
      <trkpt lat="46.012497022747993" lon="6.760257035493851">
        <ele>1456</ele>
        <time>2017-03-28T03:41:09Z</time>
      </trkpt>
      <trkpt lat="46.01229895837605" lon="6.760267009958625">
        <ele>1461</ele>
        <time>2017-03-28T03:41:29Z</time>
      </trkpt>
      <trkpt lat="46.012259982526302" lon="6.759959980845451">
        <ele>1449</ele>
        <time>2017-03-28T03:41:49Z</time>
      </trkpt>
      <trkpt lat="46.012148000299931" lon="6.760241026058793">
        <ele>1465</ele>
        <time>2017-03-28T03:42:09Z</time>
      </trkpt>
      <trkpt lat="46.012088991701603" lon="6.760521987453103">
        <ele>1471</ele>
        <time>2017-03-28T03:42:29Z</time>
      </trkpt>
      <trkpt lat="46.012180019170046" lon="6.760616032406688">
        <ele>1469</ele>
        <time>2017-03-28T03:42:49Z</time>
      </trkpt>
      <trkpt lat="46.012347992509604" lon="6.76133000291884">
        <ele>1488</ele>
        <time>2017-03-28T03:43:09Z</time>
      </trkpt>
      <trkpt lat="46.012509008869529" lon="6.761797964572907">
        <ele>1482</ele>
        <time>2017-03-28T03:43:29Z</time>
      </trkpt>
      <trkpt lat="46.012695003300905" lon="6.761926962062717">
        <ele>1482</ele>
        <time>2017-03-28T03:43:49Z</time>
      </trkpt>
      <trkpt lat="46.01276901550591" lon="6.762056965380907">
        <ele>1483</ele>
        <time>2017-03-28T03:44:09Z</time>
      </trkpt>
      <trkpt lat="46.013297997415066" lon="6.762499026954174">
        <ele>1483</ele>
        <time>2017-03-28T03:44:29Z</time>
      </trkpt>
      <trkpt lat="46.013398999348283" lon="6.762893982231617">
        <ele>1471</ele>
        <time>2017-03-28T03:44:49Z</time>
      </trkpt>
      <trkpt lat="46.013552974909544" lon="6.76313403993845">
        <ele>1474</ele>
        <time>2017-03-28T03:45:09Z</time>
      </trkpt>
      <trkpt lat="46.013674009591341" lon="6.763551039621234">
        <ele>1492</ele>
        <time>2017-03-28T03:45:29Z</time>
      </trkpt>
      <trkpt lat="46.013813987374306" lon="6.763786990195513">
        <ele>1492</ele>
        <time>2017-03-28T03:45:49Z</time>
      </trkpt>
      <trkpt lat="46.013860004022717" lon="6.764075998216867">
        <ele>1495</ele>
        <time>2017-03-28T03:46:09Z</time>
      </trkpt>
      <trkpt lat="46.013942984864116" lon="6.764214970171452">
        <ele>1509</ele>
        <time>2017-03-28T03:46:29Z</time>
      </trkpt>
      <trkpt lat="46.013912977650762" lon="6.764398030936718">
        <ele>1515</ele>
        <time>2017-03-28T03:46:49Z</time>
      </trkpt>
      <trkpt lat="46.014168038964272" lon="6.764589976519346">
        <ele>1484</ele>
        <time>2017-03-28T03:47:09Z</time>
      </trkpt>
      <trkpt lat="46.014216989278793" lon="6.764816958457232">
        <ele>1497</ele>
        <time>2017-03-28T03:47:29Z</time>
      </trkpt>
      <trkpt lat="46.014369959011674" lon="6.764900023117662">
        <ele>1493</ele>
        <time>2017-03-28T03:47:49Z</time>
      </trkpt>
      <trkpt lat="46.014408012852073" lon="6.765058021992445">
        <ele>1515</ele>
        <time>2017-03-28T03:48:09Z</time>
      </trkpt>
      <trkpt lat="46.014542039483786" lon="6.765279974788427">
        <ele>1513</ele>
        <time>2017-03-28T03:48:29Z</time>
      </trkpt>
      <trkpt lat="46.014091009274125" lon="6.765486001968384">
        <ele>1547</ele>
        <time>2017-03-28T03:48:49Z</time>
      </trkpt>
      <trkpt lat="46.014042980968952" lon="6.765696974471211">
        <ele>1550</ele>
        <time>2017-03-28T03:49:09Z</time>
      </trkpt>
      <trkpt lat="46.013976009562612" lon="6.765783978626132">
        <ele>1551</ele>
        <time>2017-03-28T03:49:29Z</time>
      </trkpt>
      <trkpt lat="46.013938039541245" lon="6.765979025512934">
        <ele>1568</ele>
        <time>2017-03-28T03:49:49Z</time>
      </trkpt>
      <trkpt lat="46.014094026759267" lon="6.766188992187381">
        <ele>1572</ele>
        <time>2017-03-28T03:50:09Z</time>
      </trkpt>
      <trkpt lat="46.014419998973608" lon="6.766410022974014">
        <ele>1562</ele>
        <time>2017-03-28T03:50:29Z</time>
      </trkpt>
      <trkpt lat="46.014678999781609" lon="6.766429971903563">
        <ele>1560</ele>
        <time>2017-03-28T03:50:49Z</time>
      </trkpt>
      <trkpt lat="46.014740020036697" lon="6.766870021820068">
        <ele>1586</ele>
        <time>2017-03-28T03:51:09Z</time>
      </trkpt>
      <trkpt lat="46.014632983133197" lon="6.766993990167975">
        <ele>1590</ele>
        <time>2017-03-28T03:51:29Z</time>
      </trkpt>
      <trkpt lat="46.014738008379936" lon="6.767148971557617">
        <ele>1592</ele>
        <time>2017-03-28T03:51:49Z</time>
      </trkpt>
      <trkpt lat="46.01481000892818" lon="6.767401015385985">
        <ele>1595</ele>
        <time>2017-03-28T03:52:09Z</time>
      </trkpt>
      <trkpt lat="46.014943029731512" lon="6.76753998734057">
        <ele>1603</ele>
        <time>2017-03-28T03:52:29Z</time>
      </trkpt>
      <trkpt lat="46.01504797115922" lon="6.767978025600314">
        <ele>1593</ele>
        <time>2017-03-28T03:52:49Z</time>
      </trkpt>
      <trkpt lat="46.014870023354888" lon="6.768038040027022">
        <ele>1619</ele>
        <time>2017-03-28T03:53:09Z</time>
      </trkpt>
      <trkpt lat="46.014770027250051" lon="6.768225962296128">
        <ele>1622</ele>
        <time>2017-03-28T03:53:29Z</time>
      </trkpt>
      <trkpt lat="46.01509097032249" lon="6.769345030188561">
        <ele>1648</ele>
        <time>2017-03-28T03:53:49Z</time>
      </trkpt>
      <trkpt lat="46.015163976699114" lon="6.769821960479021">
        <ele>1656</ele>
        <time>2017-03-28T03:54:09Z</time>
      </trkpt>
      <trkpt lat="46.015269001945853" lon="6.770003009587526">
        <ele>1672</ele>
        <time>2017-03-28T03:54:29Z</time>
      </trkpt>
      <trkpt lat="46.01524000056088" lon="6.770121026784182">
        <ele>1673</ele>
        <time>2017-03-28T03:54:49Z</time>
      </trkpt>
      <trkpt lat="46.015292974188924" lon="6.770259998738766">
        <ele>1673</ele>
        <time>2017-03-28T03:55:09Z</time>
      </trkpt>
      <trkpt lat="46.01522097364068" lon="6.770510030910373">
        <ele>1678</ele>
        <time>2017-03-28T03:55:29Z</time>
      </trkpt>
      <trkpt lat="46.015323987230659" lon="6.770820999518037">
        <ele>1681</ele>
        <time>2017-03-28T03:55:49Z</time>
      </trkpt>
      <trkpt lat="46.015448039397597" lon="6.770802978426218">
        <ele>1678</ele>
        <time>2017-03-28T03:56:09Z</time>
      </trkpt>
      <trkpt lat="46.015638979151845" lon="6.771018980070949">
        <ele>1694</ele>
        <time>2017-03-28T03:56:29Z</time>
      </trkpt>
      <trkpt lat="46.015688013285398" lon="6.771163986995816">
        <ele>1697</ele>
        <time>2017-03-28T03:56:49Z</time>
      </trkpt>
      <trkpt lat="46.015789015218616" lon="6.77112702280283">
        <ele>1695</ele>
        <time>2017-03-28T03:57:09Z</time>
      </trkpt>
      <trkpt lat="46.015877025201917" lon="6.771274963393807">
        <ele>1675</ele>
        <time>2017-03-28T03:57:29Z</time>
      </trkpt>
      <trkpt lat="46.016151029616594" lon="6.771530024707317">
        <ele>1674</ele>
        <time>2017-03-28T03:57:49Z</time>
      </trkpt>
      <trkpt lat="46.01631598547101" lon="6.771997986361384">
        <ele>1693</ele>
        <time>2017-03-28T03:58:09Z</time>
      </trkpt>
      <trkpt lat="46.016282038763165" lon="6.77233200520277">
        <ele>1699</ele>
        <time>2017-03-28T03:58:29Z</time>
      </trkpt>
      <trkpt lat="46.016330989077687" lon="6.772520011290908">
        <ele>1715</ele>
        <time>2017-03-28T03:58:49Z</time>
      </trkpt>
      <trkpt lat="46.016191011294723" lon="6.772710029035807">
        <ele>1720</ele>
        <time>2017-03-28T03:59:09Z</time>
      </trkpt>
      <trkpt lat="46.016147006303072" lon="6.772931981831789">
        <ele>1724</ele>
        <time>2017-03-28T03:59:29Z</time>
      </trkpt>
      <trkpt lat="46.016277009621263" lon="6.773060979321599">
        <ele>1723</ele>
        <time>2017-03-28T03:59:49Z</time>
      </trkpt>
      <trkpt lat="46.016290001571178" lon="6.773317968472838">
        <ele>1724</ele>
        <time>2017-03-28T04:00:09Z</time>
      </trkpt>
      <trkpt lat="46.016395026817918" lon="6.773607982322574">
        <ele>1738</ele>
        <time>2017-03-28T04:00:29Z</time>
      </trkpt>
      <trkpt lat="46.016370970755816" lon="6.773837981745601">
        <ele>1742</ele>
        <time>2017-03-28T04:00:49Z</time>
      </trkpt>
      <trkpt lat="46.016578003764153" lon="6.774325976148248">
        <ele>1751</ele>
        <time>2017-03-28T04:01:09Z</time>
      </trkpt>
      <trkpt lat="46.016566017642617" lon="6.774720009416342">
        <ele>1762</ele>
        <time>2017-03-28T04:01:29Z</time>
      </trkpt>
      <trkpt lat="46.016661990433931" lon="6.774946991354227">
        <ele>1757</ele>
        <time>2017-03-28T04:01:49Z</time>
      </trkpt>
      <trkpt lat="46.016739020124078" lon="6.775274975225329">
        <ele>1743</ele>
        <time>2017-03-28T04:02:09Z</time>
      </trkpt>
      <trkpt lat="46.016734996810555" lon="6.775529030710459">
        <ele>1747</ele>
        <time>2017-03-28T04:02:29Z</time>
      </trkpt>
      <trkpt lat="46.01687204092741" lon="6.775858020409942">
        <ele>1759</ele>
        <time>2017-03-28T04:02:49Z</time>
      </trkpt>
      <trkpt lat="46.016941023990512" lon="6.776239983737469">
        <ele>1754</ele>
        <time>2017-03-28T04:03:09Z</time>
      </trkpt>
      <trkpt lat="46.016781013458967" lon="6.776850018650293">
        <ele>1766</ele>
        <time>2017-03-28T04:03:29Z</time>
      </trkpt>
      <trkpt lat="46.016752012073994" lon="6.777454018592835">
        <ele>1772</ele>
        <time>2017-03-28T04:03:49Z</time>
      </trkpt>
      <trkpt lat="46.016648998484015" lon="6.777801029384136">
        <ele>1787</ele>
        <time>2017-03-28T04:04:09Z</time>
      </trkpt>
      <trkpt lat="46.016471972689033" lon="6.778105041012168">
        <ele>1789</ele>
        <time>2017-03-28T04:04:29Z</time>
      </trkpt>
      <trkpt lat="46.016426039859653" lon="6.778318025171757">
        <ele>1789</ele>
        <time>2017-03-28T04:04:49Z</time>
      </trkpt>
      <trkpt lat="46.016126973554492" lon="6.778565039858222">
        <ele>1792</ele>
        <time>2017-03-28T04:05:09Z</time>
      </trkpt>
      <trkpt lat="46.015762025490403" lon="6.77845599129796">
        <ele>1796</ele>
        <time>2017-03-28T04:05:29Z</time>
      </trkpt>
      <trkpt lat="46.015270007774234" lon="6.778460014611483">
        <ele>1798</ele>
        <time>2017-03-28T04:05:49Z</time>
      </trkpt>
      <trkpt lat="46.015187026932836" lon="6.778692025691271">
        <ele>1797</ele>
        <time>2017-03-28T04:06:09Z</time>
      </trkpt>
      <trkpt lat="46.014964990317822" lon="6.778693031519651">
        <ele>1796</ele>
        <time>2017-03-28T04:06:29Z</time>
      </trkpt>
      <trkpt lat="46.014699032530189" lon="6.779044987633824">
        <ele>1792</ele>
        <time>2017-03-28T04:06:49Z</time>
      </trkpt>
      <trkpt lat="46.014311034232378" lon="6.778982039541006">
        <ele>1789</ele>
        <time>2017-03-28T04:07:09Z</time>
      </trkpt>
      <trkpt lat="46.013894034549594" lon="6.779021015390754">
        <ele>1783</ele>
        <time>2017-03-28T04:07:29Z</time>
      </trkpt>
      <trkpt lat="46.013749027624726" lon="6.778896963223815">
        <ele>1783</ele>
        <time>2017-03-28T04:07:49Z</time>
      </trkpt>
      <trkpt lat="46.01354400627315" lon="6.778974998742342">
        <ele>1779</ele>
        <time>2017-03-28T04:08:09Z</time>
      </trkpt>
      <trkpt lat="46.013347031548619" lon="6.778972987085581">
        <ele>1777</ele>
        <time>2017-03-28T04:08:29Z</time>
      </trkpt>
      <trkpt lat="46.013034973293543" lon="6.779281022027135">
        <ele>1763</ele>
        <time>2017-03-28T04:08:49Z</time>
      </trkpt>
      <trkpt lat="46.012695003300905" lon="6.780021982267499">
        <ele>1752</ele>
        <time>2017-03-28T04:09:09Z</time>
      </trkpt>
      <trkpt lat="46.012660972774029" lon="6.780252987518907">
        <ele>1751</ele>
        <time>2017-03-28T04:09:29Z</time>
      </trkpt>
      <trkpt lat="46.012105001136661" lon="6.780823962762952">
        <ele>1751</ele>
        <time>2017-03-28T04:09:49Z</time>
      </trkpt>
      <trkpt lat="46.011883970350027" lon="6.780986990779638">
        <ele>1746</ele>
        <time>2017-03-28T04:10:09Z</time>
      </trkpt>
      <trkpt lat="46.01182303391397" lon="6.781181031838059">
        <ele>1746</ele>
        <time>2017-03-28T04:10:29Z</time>
      </trkpt>
      <trkpt lat="46.011461019515991" lon="6.781365014612675">
        <ele>1751</ele>
        <time>2017-03-28T04:10:49Z</time>
      </trkpt>
      <trkpt lat="46.011263038963079" lon="6.781570035964251">
        <ele>1752</ele>
        <time>2017-03-28T04:11:09Z</time>
      </trkpt>
      <trkpt lat="46.011089030653238" lon="6.782047972083092">
        <ele>1750</ele>
        <time>2017-03-28T04:11:29Z</time>
      </trkpt>
      <trkpt lat="46.010998003184795" lon="6.781991980969906">
        <ele>1751</ele>
        <time>2017-03-28T04:11:49Z</time>
      </trkpt>
      <trkpt lat="46.010717963799834" lon="6.782328011468053">
        <ele>1754</ele>
        <time>2017-03-28T04:12:09Z</time>
      </trkpt>
      <trkpt lat="46.010351004078984" lon="6.782721038907766">
        <ele>1752</ele>
        <time>2017-03-28T04:12:29Z</time>
      </trkpt>
      <trkpt lat="46.010208008810878" lon="6.783153964206576">
        <ele>1751</ele>
        <time>2017-03-28T04:12:49Z</time>
      </trkpt>
      <trkpt lat="46.010012039914727" lon="6.783421011641622">
        <ele>1751</ele>
        <time>2017-03-28T04:13:09Z</time>
      </trkpt>
      <trkpt lat="46.010009022429585" lon="6.783570041880012">
        <ele>1753</ele>
        <time>2017-03-28T04:13:29Z</time>
      </trkpt>
      <trkpt lat="46.009671986103058" lon="6.78365302272141">
        <ele>1753</ele>
        <time>2017-03-28T04:13:49Z</time>
      </trkpt>
      <trkpt lat="46.009368980303407" lon="6.783609017729759">
        <ele>1753</ele>
        <time>2017-03-28T04:14:09Z</time>
      </trkpt>
      <trkpt lat="46.009104028344154" lon="6.783650005236268">
        <ele>1755</ele>
        <time>2017-03-28T04:14:29Z</time>
      </trkpt>
      <trkpt lat="46.008738996461034" lon="6.783559983596206">
        <ele>1757</ele>
        <time>2017-03-28T04:14:49Z</time>
      </trkpt>
      <trkpt lat="46.008411012589931" lon="6.783745978027582">
        <ele>1758</ele>
        <time>2017-03-28T04:15:09Z</time>
      </trkpt>
      <trkpt lat="46.00815100595355" lon="6.784055018797517">
        <ele>1761</ele>
        <time>2017-03-28T04:15:29Z</time>
      </trkpt>
      <trkpt lat="46.007640967145562" lon="6.784231038764119">
        <ele>1763</ele>
        <time>2017-03-28T04:15:49Z</time>
      </trkpt>
      <trkpt lat="46.00750501267612" lon="6.784439999610186">
        <ele>1765</ele>
        <time>2017-03-28T04:16:09Z</time>
      </trkpt>
      <trkpt lat="46.007331004366279" lon="6.784476041793823">
        <ele>1764</ele>
        <time>2017-03-28T04:16:29Z</time>
      </trkpt>
      <trkpt lat="46.00703596137464" lon="6.784806959331036">
        <ele>1766</ele>
        <time>2017-03-28T04:16:49Z</time>
      </trkpt>
      <trkpt lat="46.00694602355361" lon="6.785232005640864">
        <ele>1774</ele>
        <time>2017-03-28T04:17:09Z</time>
      </trkpt>
      <trkpt lat="46.007087007164955" lon="6.785554038360715">
        <ele>1776</ele>
        <time>2017-03-28T04:17:29Z</time>
      </trkpt>
      <trkpt lat="46.007234025746584" lon="6.7856739833951">
        <ele>1777</ele>
        <time>2017-03-28T04:17:49Z</time>
      </trkpt>
      <trkpt lat="46.007294962182641" lon="6.785979000851512">
        <ele>1784</ele>
        <time>2017-03-28T04:18:09Z</time>
      </trkpt>
      <trkpt lat="46.007207036018372" lon="6.786230960860848">
        <ele>1786</ele>
        <time>2017-03-28T04:18:29Z</time>
      </trkpt>
      <trkpt lat="46.007049037143588" lon="6.786292986944318">
        <ele>1787</ele>
        <time>2017-03-28T04:18:49Z</time>
      </trkpt>
      <trkpt lat="46.006938982754946" lon="6.786393988877535">
        <ele>1788</ele>
        <time>2017-03-28T04:19:09Z</time>
      </trkpt>
      <trkpt lat="46.006723986938596" lon="6.786321988329291">
        <ele>1788</ele>
        <time>2017-03-28T04:19:29Z</time>
      </trkpt>
      <trkpt lat="46.006527012214065" lon="6.786432964727283">
        <ele>1790</ele>
        <time>2017-03-28T04:19:49Z</time>
      </trkpt>
      <trkpt lat="46.006396003067493" lon="6.786689031869173">
        <ele>1794</ele>
        <time>2017-03-28T04:20:09Z</time>
      </trkpt>
      <trkpt lat="46.005755038931966" lon="6.787561001256108">
        <ele>1797</ele>
        <time>2017-03-28T04:20:29Z</time>
      </trkpt>
      <trkpt lat="46.00542102009058" lon="6.788330040872097">
        <ele>1800</ele>
        <time>2017-03-28T04:20:49Z</time>
      </trkpt>
      <trkpt lat="46.005202000960708" lon="6.788430036976934">
        <ele>1801</ele>
        <time>2017-03-28T04:21:09Z</time>
      </trkpt>
      <trkpt lat="46.005178028717637" lon="6.788623994216323">
        <ele>1801</ele>
        <time>2017-03-28T04:21:29Z</time>
      </trkpt>
      <trkpt lat="46.005104016512632" lon="6.788615025579929">
        <ele>1801</ele>
        <time>2017-03-28T04:21:49Z</time>
      </trkpt>
      <trkpt lat="46.005044002085924" lon="6.788865979760885">
        <ele>1801</ele>
        <time>2017-03-28T04:22:09Z</time>
      </trkpt>
      <trkpt lat="46.004889020696282" lon="6.789163034409285">
        <ele>1802</ele>
        <time>2017-03-28T04:22:29Z</time>
      </trkpt>
      <trkpt lat="46.004783995449543" lon="6.789557989686728">
        <ele>1803</ele>
        <time>2017-03-28T04:22:49Z</time>
      </trkpt>
      <trkpt lat="46.004872005432844" lon="6.79044202901423">
        <ele>1805</ele>
        <time>2017-03-28T04:23:09Z</time>
      </trkpt>
      <trkpt lat="46.004804028198123" lon="6.790934968739748">
        <ele>1808</ele>
        <time>2017-03-28T04:23:29Z</time>
      </trkpt>
      <trkpt lat="46.004383005201817" lon="6.79201397113502">
        <ele>1820</ele>
        <time>2017-03-28T04:23:49Z</time>
      </trkpt>
      <trkpt lat="46.004150994122028" lon="6.792035009711981">
        <ele>1818</ele>
        <time>2017-03-28T04:24:09Z</time>
      </trkpt>
      <trkpt lat="46.003986038267612" lon="6.792130982503295">
        <ele>1818</ele>
        <time>2017-03-28T04:24:29Z</time>
      </trkpt>
      <trkpt lat="46.003670962527394" lon="6.792632974684238">
        <ele>1827</ele>
        <time>2017-03-28T04:24:49Z</time>
      </trkpt>
      <trkpt lat="46.003542970865965" lon="6.792370034381747">
        <ele>1820</ele>
        <time>2017-03-28T04:25:09Z</time>
      </trkpt>
      <trkpt lat="46.003527967259288" lon="6.792647978290916">
        <ele>1827</ele>
        <time>2017-03-28T04:25:29Z</time>
      </trkpt>
      <trkpt lat="46.003325963392854" lon="6.792689971625805">
        <ele>1834</ele>
        <time>2017-03-28T04:25:49Z</time>
      </trkpt>
      <trkpt lat="46.003374997526407" lon="6.792829027399421">
        <ele>1828</ele>
        <time>2017-03-28T04:26:09Z</time>
      </trkpt>
      <trkpt lat="46.003275001421571" lon="6.79285098798573">
        <ele>1839</ele>
        <time>2017-03-28T04:26:29Z</time>
      </trkpt>
      <trkpt lat="46.002964032813907" lon="6.792731964960694">
        <ele>1843</ele>
        <time>2017-03-28T04:26:49Z</time>
      </trkpt>
      <trkpt lat="46.00284299813211" lon="6.792618976905942">
        <ele>1845</ele>
        <time>2017-03-28T04:27:09Z</time>
      </trkpt>
      <trkpt lat="46.002654992043972" lon="6.79254898801446">
        <ele>1849</ele>
        <time>2017-03-28T04:27:29Z</time>
      </trkpt>
      <trkpt lat="46.002376964315772" lon="6.792399035766721">
        <ele>1857</ele>
        <time>2017-03-28T04:27:49Z</time>
      </trkpt>
      <trkpt lat="46.002131039276719" lon="6.792408004403114">
        <ele>1863</ele>
        <time>2017-03-28T04:28:09Z</time>
      </trkpt>
      <trkpt lat="46.002090973779559" lon="6.79224799387157">
        <ele>1863</ele>
        <time>2017-03-28T04:28:29Z</time>
      </trkpt>
      <trkpt lat="46.001969017088413" lon="6.792136011645198">
        <ele>1865</ele>
        <time>2017-03-28T04:28:49Z</time>
      </trkpt>
      <trkpt lat="46.001953007653356" lon="6.792387971654534">
        <ele>1868</ele>
        <time>2017-03-28T04:29:09Z</time>
      </trkpt>
      <trkpt lat="46.001869020983577" lon="6.792350001633167">
        <ele>1871</ele>
        <time>2017-03-28T04:29:29Z</time>
      </trkpt>
      <trkpt lat="46.00194102153182" lon="6.792712016031146">
        <ele>1880</ele>
        <time>2017-03-28T04:29:49Z</time>
      </trkpt>
      <trkpt lat="46.001978991553187" lon="6.793116023764014">
        <ele>1884</ele>
        <time>2017-03-28T04:30:09Z</time>
      </trkpt>
      <trkpt lat="46.00217797793448" lon="6.79388196207583">
        <ele>1901</ele>
        <time>2017-03-28T04:30:29Z</time>
      </trkpt>
      <trkpt lat="46.00215501151979" lon="6.794378003105521">
        <ele>1919</ele>
        <time>2017-03-28T04:30:49Z</time>
      </trkpt>
      <trkpt lat="46.002190969884396" lon="6.795100020244718">
        <ele>1936</ele>
        <time>2017-03-28T04:31:09Z</time>
      </trkpt>
      <trkpt lat="46.002100026234984" lon="6.795591032132506">
        <ele>1946</ele>
        <time>2017-03-28T04:31:29Z</time>
      </trkpt>
      <trkpt lat="46.002129027619958" lon="6.795760011300445">
        <ele>1946</ele>
        <time>2017-03-28T04:31:49Z</time>
      </trkpt>
      <trkpt lat="46.001999024301767" lon="6.795760011300445">
        <ele>1951</ele>
        <time>2017-03-28T04:32:09Z</time>
      </trkpt>
      <trkpt lat="46.002050992101431" lon="6.796049019321799">
        <ele>1962</ele>
        <time>2017-03-28T04:32:29Z</time>
      </trkpt>
      <trkpt lat="46.001960970461369" lon="6.796392006799579">
        <ele>1967</ele>
        <time>2017-03-28T04:32:49Z</time>
      </trkpt>
      <trkpt lat="46.002096002921462" lon="6.796686965972185">
        <ele>1977</ele>
        <time>2017-03-28T04:33:09Z</time>
      </trkpt>
      <trkpt lat="46.002208990976214" lon="6.797089967876673">
        <ele>1978</ele>
        <time>2017-03-28T04:33:29Z</time>
      </trkpt>
      <trkpt lat="46.002171020954847" lon="6.797419963404536">
        <ele>1982</ele>
        <time>2017-03-28T04:33:49Z</time>
      </trkpt>
      <trkpt lat="46.002058032900095" lon="6.797349974513054">
        <ele>1984</ele>
        <time>2017-03-28T04:34:09Z</time>
      </trkpt>
      <trkpt lat="46.00187798961997" lon="6.797332959249616">
        <ele>1989</ele>
        <time>2017-03-28T04:34:29Z</time>
      </trkpt>
      <trkpt lat="46.001756032928824" lon="6.797214020043612">
        <ele>1989</ele>
        <time>2017-03-28T04:34:49Z</time>
      </trkpt>
      <trkpt lat="46.001474987715483" lon="6.79729700088501">
        <ele>2012</ele>
        <time>2017-03-28T04:35:09Z</time>
      </trkpt>
      <trkpt lat="46.001610020175576" lon="6.797643005847931">
        <ele>2016</ele>
        <time>2017-03-28T04:35:29Z</time>
      </trkpt>
      <trkpt lat="46.001700963824987" lon="6.798040978610516">
        <ele>2006</ele>
        <time>2017-03-28T04:35:49Z</time>
      </trkpt>
      <trkpt lat="46.001260997727513" lon="6.797971995547414">
        <ele>2030</ele>
        <time>2017-03-28T04:36:09Z</time>
      </trkpt>
      <trkpt lat="46.001206012442708" lon="6.798080038279295">
        <ele>2033</ele>
        <time>2017-03-28T04:36:29Z</time>
      </trkpt>
      <trkpt lat="46.001269966363907" lon="6.798339961096644">
        <ele>2041</ele>
        <time>2017-03-28T04:36:49Z</time>
      </trkpt>
      <trkpt lat="46.001092018559575" lon="6.798354964703322">
        <ele>2047</ele>
        <time>2017-03-28T04:37:09Z</time>
      </trkpt>
      <trkpt lat="46.001081960275769" lon="6.798470970243216">
        <ele>2047</ele>
        <time>2017-03-28T04:37:29Z</time>
      </trkpt>
      <trkpt lat="46.000960003584623" lon="6.798531990498304">
        <ele>2049</ele>
        <time>2017-03-28T04:37:49Z</time>
      </trkpt>
      <trkpt lat="46.000510985031724" lon="6.798497037962079">
        <ele>2071</ele>
        <time>2017-03-28T04:38:09Z</time>
      </trkpt>
      <trkpt lat="46.000382993370295" lon="6.798421014100313">
        <ele>2073</ele>
        <time>2017-03-28T04:38:29Z</time>
      </trkpt>
      <trkpt lat="46.000142013654113" lon="6.798428976908326">
        <ele>2077</ele>
        <time>2017-03-28T04:38:49Z</time>
      </trkpt>
      <trkpt lat="45.99987898953259" lon="6.79850097745657">
        <ele>2082</ele>
        <time>2017-03-28T04:39:09Z</time>
      </trkpt>
      <trkpt lat="45.999714033678174" lon="6.798633998259902">
        <ele>2084</ele>
        <time>2017-03-28T04:39:29Z</time>
      </trkpt>
      <trkpt lat="45.999609008431435" lon="6.798692001029849">
        <ele>2085</ele>
        <time>2017-03-28T04:39:49Z</time>
      </trkpt>
      <trkpt lat="45.99938303232193" lon="6.798902973532677">
        <ele>2086</ele>
        <time>2017-03-28T04:40:09Z</time>
      </trkpt>
      <trkpt lat="45.999117996543646" lon="6.799304969608784">
        <ele>2099</ele>
        <time>2017-03-28T04:40:29Z</time>
      </trkpt>
      <trkpt lat="45.998970977962017" lon="6.799285020679236">
        <ele>2102</ele>
        <time>2017-03-28T04:40:49Z</time>
      </trkpt>
      <trkpt lat="45.998809039592743" lon="6.799319973215461">
        <ele>2106</ele>
        <time>2017-03-28T04:41:09Z</time>
      </trkpt>
      <trkpt lat="45.998659003525972" lon="6.799228023737669">
        <ele>2107</ele>
        <time>2017-03-28T04:41:29Z</time>
      </trkpt>
      <trkpt lat="45.998594965785742" lon="6.799088967964053">
        <ele>2099</ele>
        <time>2017-03-28T04:41:49Z</time>
      </trkpt>
      <trkpt lat="45.998434033244848" lon="6.798959970474243">
        <ele>2101</ele>
        <time>2017-03-28T04:42:09Z</time>
      </trkpt>
      <trkpt lat="45.998137984424829" lon="6.798540959134698">
        <ele>2108</ele>
        <time>2017-03-28T04:42:29Z</time>
      </trkpt>
      <trkpt lat="45.998080987483263" lon="6.798125971108675">
        <ele>2100</ele>
        <time>2017-03-28T04:42:49Z</time>
      </trkpt>
      <trkpt lat="45.997848976403475" lon="6.797994961962104">
        <ele>2102</ele>
        <time>2017-03-28T04:43:09Z</time>
      </trkpt>
      <trkpt lat="45.997776975855231" lon="6.79783696308732">
        <ele>2102</ele>
        <time>2017-03-28T04:43:29Z</time>
      </trkpt>
      <trkpt lat="45.997488973662257" lon="6.797607969492674">
        <ele>2110</ele>
        <time>2017-03-28T04:43:49Z</time>
      </trkpt>
      <trkpt lat="45.997366011142731" lon="6.797594977542758">
        <ele>2110</ele>
        <time>2017-03-28T04:44:09Z</time>
      </trkpt>
      <trkpt lat="45.997112961485982" lon="6.797464974224567">
        <ele>2107</ele>
        <time>2017-03-28T04:44:29Z</time>
      </trkpt>
      <trkpt lat="45.996981030330062" lon="6.798066962510347">
        <ele>2109</ele>
        <time>2017-03-28T04:44:49Z</time>
      </trkpt>
      <trkpt lat="45.996872987598181" lon="6.798405004665256">
        <ele>2109</ele>
        <time>2017-03-28T04:45:09Z</time>
      </trkpt>
      <trkpt lat="45.996562018990517" lon="6.798387989401817">
        <ele>2100</ele>
        <time>2017-03-28T04:45:29Z</time>
      </trkpt>
      <trkpt lat="45.996457999572158" lon="6.798512041568756">
        <ele>2096</ele>
        <time>2017-03-28T04:45:49Z</time>
      </trkpt>
      <trkpt lat="45.996231017634273" lon="6.798623017966747">
        <ele>2093</ele>
        <time>2017-03-28T04:46:09Z</time>
      </trkpt>
      <trkpt lat="45.99607796408236" lon="6.798775987699628">
        <ele>2091</ele>
        <time>2017-03-28T04:46:29Z</time>
      </trkpt>
      <trkpt lat="45.995727013796568" lon="6.79880297742784">
        <ele>2078</ele>
        <time>2017-03-28T04:46:49Z</time>
      </trkpt>
      <trkpt lat="45.995458038523793" lon="6.798940021544695">
        <ele>2077</ele>
        <time>2017-03-28T04:47:09Z</time>
      </trkpt>
      <trkpt lat="45.995354019105434" lon="6.798894004896283">
        <ele>2076</ele>
        <time>2017-03-28T04:47:29Z</time>
      </trkpt>
      <trkpt lat="45.994323967024684" lon="6.799075976014137">
        <ele>2068</ele>
        <time>2017-03-28T04:47:49Z</time>
      </trkpt>
      <trkpt lat="45.994175020605326" lon="6.799427010118961">
        <ele>2072</ele>
        <time>2017-03-28T04:48:09Z</time>
      </trkpt>
      <trkpt lat="45.994040993973613" lon="6.799820037558675">
        <ele>2072</ele>
        <time>2017-03-28T04:48:29Z</time>
      </trkpt>
      <trkpt lat="45.993858017027378" lon="6.800010977312923">
        <ele>2076</ele>
        <time>2017-03-28T04:48:49Z</time>
      </trkpt>
      <trkpt lat="45.993731031194329" lon="6.800271989777684">
        <ele>2076</ele>
        <time>2017-03-28T04:49:09Z</time>
      </trkpt>
      <trkpt lat="45.993313025683165" lon="6.800472987815738">
        <ele>2066</ele>
        <time>2017-03-28T04:49:29Z</time>
      </trkpt>
      <trkpt lat="45.993208000436425" lon="6.800582036376">
        <ele>2067</ele>
        <time>2017-03-28T04:49:49Z</time>
      </trkpt>
      <trkpt lat="45.992860989645123" lon="6.800653031095862">
        <ele>2065</ele>
        <time>2017-03-28T04:50:09Z</time>
      </trkpt>
      <trkpt lat="45.992669966071844" lon="6.800603996962309">
        <ele>2065</ele>
        <time>2017-03-28T04:50:29Z</time>
      </trkpt>
      <trkpt lat="45.992585979402065" lon="6.800359999760985">
        <ele>2064</ele>
        <time>2017-03-28T04:50:49Z</time>
      </trkpt>
      <trkpt lat="45.99253099411726" lon="6.800372991710901">
        <ele>2064</ele>
        <time>2017-03-28T04:51:09Z</time>
      </trkpt>
      <trkpt lat="45.992543986067176" lon="6.800693012773991">
        <ele>2064</ele>
        <time>2017-03-28T04:51:29Z</time>
      </trkpt>
      <trkpt lat="45.990126980468631" lon="6.801387034356594">
        <ele>2064</ele>
        <time>2017-03-28T04:51:49Z</time>
      </trkpt>
      <trkpt lat="45.989739987999201" lon="6.801167009398341">
        <ele>2067</ele>
        <time>2017-03-28T04:52:09Z</time>
      </trkpt>
      <trkpt lat="45.988697027787566" lon="6.800193032249808">
        <ele>2072</ele>
        <time>2017-03-28T04:52:29Z</time>
      </trkpt>
      <trkpt lat="45.988401984795928" lon="6.800214992836118">
        <ele>2073</ele>
        <time>2017-03-28T04:52:49Z</time>
      </trkpt>
      <trkpt lat="45.988230993971229" lon="6.799888014793396">
        <ele>2081</ele>
        <time>2017-03-28T04:53:09Z</time>
      </trkpt>
      <trkpt lat="45.988049022853374" lon="6.799749964848161">
        <ele>2087</ele>
        <time>2017-03-28T04:53:29Z</time>
      </trkpt>
      <trkpt lat="45.988026978448033" lon="6.799046974629164">
        <ele>2094</ele>
        <time>2017-03-28T04:53:49Z</time>
      </trkpt>
      <trkpt lat="45.987623976543546" lon="6.79963999427855">
        <ele>2095</ele>
        <time>2017-03-28T04:54:09Z</time>
      </trkpt>
      <trkpt lat="45.986373983323574" lon="6.799829006195068">
        <ele>2134</ele>
        <time>2017-03-28T04:54:29Z</time>
      </trkpt>
      <trkpt lat="45.986140966415405" lon="6.799716018140316">
        <ele>2139</ele>
        <time>2017-03-28T04:54:49Z</time>
      </trkpt>
      <trkpt lat="45.986065026372671" lon="6.79951099678874">
        <ele>2141</ele>
        <time>2017-03-28T04:55:09Z</time>
      </trkpt>
      <trkpt lat="45.985696977004409" lon="6.799247972667217">
        <ele>2151</ele>
        <time>2017-03-28T04:55:29Z</time>
      </trkpt>
      <trkpt lat="45.985453985631466" lon="6.798312971368432">
        <ele>2166</ele>
        <time>2017-03-28T04:55:49Z</time>
      </trkpt>
      <trkpt lat="45.985287018120289" lon="6.798215992748737">
        <ele>2166</ele>
        <time>2017-03-28T04:56:09Z</time>
      </trkpt>
      <trkpt lat="45.984630966559052" lon="6.798203000798821">
        <ele>2170</ele>
        <time>2017-03-28T04:56:29Z</time>
      </trkpt>
      <trkpt lat="45.984316980466247" lon="6.797917010262609">
        <ele>2172</ele>
        <time>2017-03-28T04:56:49Z</time>
      </trkpt>
      <trkpt lat="45.983891012147069" lon="6.798099987208843">
        <ele>2180</ele>
        <time>2017-03-28T04:57:09Z</time>
      </trkpt>
      <trkpt lat="45.983409974724054" lon="6.797839980572462">
        <ele>2183</ele>
        <time>2017-03-28T04:57:29Z</time>
      </trkpt>
      <trkpt lat="45.983138987794518" lon="6.797644011676312">
        <ele>2193</ele>
        <time>2017-03-28T04:57:49Z</time>
      </trkpt>
      <trkpt lat="45.982421999797225" lon="6.797519959509373">
        <ele>2205</ele>
        <time>2017-03-28T04:58:09Z</time>
      </trkpt>
      <trkpt lat="45.982194012030959" lon="6.797673013061285">
        <ele>2209</ele>
        <time>2017-03-28T04:58:29Z</time>
      </trkpt>
      <trkpt lat="45.982020003721118" lon="6.797880968078971">
        <ele>2210</ele>
        <time>2017-03-28T04:58:49Z</time>
      </trkpt>
      <trkpt lat="45.981676010414958" lon="6.797733027487993">
        <ele>2212</ele>
        <time>2017-03-28T04:59:09Z</time>
      </trkpt>
      <trkpt lat="45.981152979657054" lon="6.797241009771824">
        <ele>2226</ele>
        <time>2017-03-28T04:59:29Z</time>
      </trkpt>
      <trkpt lat="45.980808986350894" lon="6.796784028410912">
        <ele>2235</ele>
        <time>2017-03-28T04:59:49Z</time>
      </trkpt>
      <trkpt lat="45.980644030496478" lon="6.796712027862668">
        <ele>2236</ele>
        <time>2017-03-28T05:00:09Z</time>
      </trkpt>
      <trkpt lat="45.980512015521526" lon="6.796579007059336">
        <ele>2237</ele>
        <time>2017-03-28T05:00:29Z</time>
      </trkpt>
      <trkpt lat="45.980312023311853" lon="6.796479010954499">
        <ele>2239</ele>
        <time>2017-03-28T05:00:49Z</time>
      </trkpt>
      <trkpt lat="45.980113036930561" lon="6.796470964327455">
        <ele>2240</ele>
        <time>2017-03-28T05:01:09Z</time>
      </trkpt>
      <trkpt lat="45.980122005566955" lon="6.796621000394225">
        <ele>2241</ele>
        <time>2017-03-28T05:01:29Z</time>
      </trkpt>
      <trkpt lat="45.980070037767291" lon="6.796729965135455">
        <ele>2241</ele>
        <time>2017-03-28T05:01:49Z</time>
      </trkpt>
      <trkpt lat="45.980085963383317" lon="6.796850999817252">
        <ele>2239</ele>
        <time>2017-03-28T05:02:09Z</time>
      </trkpt>
      <trkpt lat="45.97996199503541" lon="6.797172026708722">
        <ele>2223</ele>
        <time>2017-03-28T05:02:29Z</time>
      </trkpt>
      <trkpt lat="45.979872979223728" lon="6.796855023130775">
        <ele>2226</ele>
        <time>2017-03-28T05:02:49Z</time>
      </trkpt>
      <trkpt lat="45.979763008654118" lon="6.797313010320067">
        <ele>2219</ele>
        <time>2017-03-28T05:03:09Z</time>
      </trkpt>
      <trkpt lat="45.979691008105874" lon="6.79772799834609">
        <ele>2204</ele>
        <time>2017-03-28T05:03:29Z</time>
      </trkpt>
      <trkpt lat="45.979549018666148" lon="6.797543009743094">
        <ele>2200</ele>
        <time>2017-03-28T05:03:49Z</time>
      </trkpt>
      <trkpt lat="45.979340979829431" lon="6.797370007261634">
        <ele>2200</ele>
        <time>2017-03-28T05:04:09Z</time>
      </trkpt>
      <trkpt lat="45.978879975154996" lon="6.796814035624266">
        <ele>2176</ele>
        <time>2017-03-28T05:04:29Z</time>
      </trkpt>
      <trkpt lat="45.978205986320972" lon="6.796454032883048">
        <ele>2151</ele>
        <time>2017-03-28T05:04:49Z</time>
      </trkpt>
      <trkpt lat="45.978287039324641" lon="6.79680498316884">
        <ele>2143</ele>
        <time>2017-03-28T05:05:09Z</time>
      </trkpt>
      <trkpt lat="45.978308999910951" lon="6.797080999240279">
        <ele>2136</ele>
        <time>2017-03-28T05:05:29Z</time>
      </trkpt>
      <trkpt lat="45.978249991312623" lon="6.797161968424916">
        <ele>2135</ele>
        <time>2017-03-28T05:05:49Z</time>
      </trkpt>
      <trkpt lat="45.978213027119637" lon="6.797531023621559">
        <ele>2133</ele>
        <time>2017-03-28T05:06:09Z</time>
      </trkpt>
      <trkpt lat="45.978019991889596" lon="6.797588020563126">
        <ele>2127</ele>
        <time>2017-03-28T05:06:29Z</time>
      </trkpt>
      <trkpt lat="45.977881019935012" lon="6.797204967588186">
        <ele>2128</ele>
        <time>2017-03-28T05:06:49Z</time>
      </trkpt>
      <trkpt lat="45.977807007730007" lon="6.797075970098376">
        <ele>2127</ele>
        <time>2017-03-28T05:07:09Z</time>
      </trkpt>
      <trkpt lat="45.977800972759724" lon="6.796898022294045">
        <ele>2127</ele>
        <time>2017-03-28T05:07:29Z</time>
      </trkpt>
      <trkpt lat="45.977622019127011" lon="6.796789979562163">
        <ele>2121</ele>
        <time>2017-03-28T05:07:49Z</time>
      </trkpt>
      <trkpt lat="45.977580025792122" lon="6.796541959047318">
        <ele>2128</ele>
        <time>2017-03-28T05:08:09Z</time>
      </trkpt>
      <trkpt lat="45.977389002218843" lon="6.796514969319105">
        <ele>2109</ele>
        <time>2017-03-28T05:08:29Z</time>
      </trkpt>
      <trkpt lat="45.977171994745731" lon="6.796327969059348">
        <ele>2106</ele>
        <time>2017-03-28T05:08:49Z</time>
      </trkpt>
      <trkpt lat="45.977038973942399" lon="6.796679003164172">
        <ele>2089</ele>
        <time>2017-03-28T05:09:09Z</time>
      </trkpt>
      <trkpt lat="45.97686898894608" lon="6.796687971800566">
        <ele>2083</ele>
        <time>2017-03-28T05:09:29Z</time>
      </trkpt>
      <trkpt lat="45.976837975904346" lon="6.796787967905402">
        <ele>2083</ele>
        <time>2017-03-28T05:09:49Z</time>
      </trkpt>
      <trkpt lat="45.97665399312973" lon="6.796613959595561">
        <ele>2072</ele>
        <time>2017-03-28T05:10:09Z</time>
      </trkpt>
      <trkpt lat="45.976476967334747" lon="6.796584958210588">
        <ele>2068</ele>
        <time>2017-03-28T05:10:29Z</time>
      </trkpt>
      <trkpt lat="45.976476967334747" lon="6.796584958210588">
        <ele>2068</ele>
        <time>2017-03-28T05:10:49Z</time>
      </trkpt>
      <trkpt lat="45.976274041458964" lon="6.796396030113101">
        <ele>2064</ele>
        <time>2017-03-28T05:11:09Z</time>
      </trkpt>
      <trkpt lat="45.976348975673318" lon="6.796857034787536">
        <ele>2053</ele>
        <time>2017-03-28T05:11:29Z</time>
      </trkpt>
      <trkpt lat="45.976303964853287" lon="6.79721100255847">
        <ele>2049</ele>
        <time>2017-03-28T05:11:49Z</time>
      </trkpt>
      <trkpt lat="45.976363979279995" lon="6.797994039952755">
        <ele>2043</ele>
        <time>2017-03-28T05:12:09Z</time>
      </trkpt>
      <trkpt lat="45.976259037852287" lon="6.798283969983459">
        <ele>2041</ele>
        <time>2017-03-28T05:12:29Z</time>
      </trkpt>
      <trkpt lat="45.976297007873654" lon="6.79884203709662">
        <ele>2034</ele>
        <time>2017-03-28T05:12:49Z</time>
      </trkpt>
      <trkpt lat="45.976140014827251" lon="6.798991989344358">
        <ele>2029</ele>
        <time>2017-03-28T05:13:09Z</time>
      </trkpt>
      <trkpt lat="45.976176979020238" lon="6.799205979332328">
        <ele>2025</ele>
        <time>2017-03-28T05:13:29Z</time>
      </trkpt>
      <trkpt lat="45.976333972066641" lon="6.7992730345577">
        <ele>2030</ele>
        <time>2017-03-28T05:13:49Z</time>
      </trkpt>
      <trkpt lat="45.976279992610216" lon="6.799749964848161">
        <ele>2028</ele>
        <time>2017-03-28T05:14:09Z</time>
      </trkpt>
      <trkpt lat="45.976228024810553" lon="6.799820037558675">
        <ele>2026</ele>
        <time>2017-03-28T05:14:29Z</time>
      </trkpt>
      <trkpt lat="45.9758560359478" lon="6.800120025873184">
        <ele>2017</ele>
        <time>2017-03-28T05:14:49Z</time>
      </trkpt>
      <trkpt lat="45.975760985165834" lon="6.800338961184025">
        <ele>2004</ele>
        <time>2017-03-28T05:15:09Z</time>
      </trkpt>
      <trkpt lat="45.975598962977529" lon="6.800470976158977">
        <ele>2003</ele>
        <time>2017-03-28T05:15:29Z</time>
      </trkpt>
      <trkpt lat="45.975497039034963" lon="6.800652025267482">
        <ele>2002</ele>
        <time>2017-03-28T05:15:49Z</time>
      </trkpt>
      <trkpt lat="45.975356977432966" lon="6.800663005560637">
        <ele>2000</ele>
        <time>2017-03-28T05:16:09Z</time>
      </trkpt>
      <trkpt lat="45.974938971921802" lon="6.80047600530088">
        <ele>1985</ele>
        <time>2017-03-28T05:16:29Z</time>
      </trkpt>
      <trkpt lat="45.974803017452359" lon="6.80032798089087">
        <ele>1984</ele>
        <time>2017-03-28T05:16:49Z</time>
      </trkpt>
      <trkpt lat="45.974479978904128" lon="6.800143998116255">
        <ele>1981</ele>
        <time>2017-03-28T05:17:09Z</time>
      </trkpt>
      <trkpt lat="45.974320974200964" lon="6.799970995634794">
        <ele>1977</ele>
        <time>2017-03-28T05:17:29Z</time>
      </trkpt>
      <trkpt lat="45.973979998379946" lon="6.799709983170033">
        <ele>1969</ele>
        <time>2017-03-28T05:17:49Z</time>
      </trkpt>
      <trkpt lat="45.973820993676782" lon="6.799762034788728">
        <ele>1969</ele>
        <time>2017-03-28T05:18:09Z</time>
      </trkpt>
      <trkpt lat="45.973587976768613" lon="6.799599006772041">
        <ele>1967</ele>
        <time>2017-03-28T05:18:29Z</time>
      </trkpt>
      <trkpt lat="45.973466020077467" lon="6.799455005675554">
        <ele>1967</ele>
        <time>2017-03-28T05:18:49Z</time>
      </trkpt>
      <trkpt lat="45.972963022068143" lon="6.799130961298943">
        <ele>1961</ele>
        <time>2017-03-28T05:19:09Z</time>
      </trkpt>
      <trkpt lat="45.972750959917903" lon="6.798946978524327">
        <ele>1959</ele>
        <time>2017-03-28T05:19:29Z</time>
      </trkpt>
      <trkpt lat="45.972328009083867" lon="6.798540959134698">
        <ele>1957</ele>
        <time>2017-03-28T05:19:49Z</time>
      </trkpt>
      <trkpt lat="45.972158024087548" lon="6.798582030460239">
        <ele>1955</ele>
        <time>2017-03-28T05:20:09Z</time>
      </trkpt>
      <trkpt lat="45.972084011882544" lon="6.798785040155053">
        <ele>1954</ele>
        <time>2017-03-28T05:20:29Z</time>
      </trkpt>
      <trkpt lat="45.97212097607553" lon="6.799097014591098">
        <ele>1952</ele>
        <time>2017-03-28T05:20:49Z</time>
      </trkpt>
      <trkpt lat="45.972020979970694" lon="6.799317039549351">
        <ele>1945</ele>
        <time>2017-03-28T05:21:09Z</time>
      </trkpt>
      <trkpt lat="45.971735995262861" lon="6.799365989863873">
        <ele>1943</ele>
        <time>2017-03-28T05:21:29Z</time>
      </trkpt>
      <trkpt lat="45.97166801802814" lon="6.799504039809108">
        <ele>1942</ele>
        <time>2017-03-28T05:21:49Z</time>
      </trkpt>
      <trkpt lat="45.971703976392746" lon="6.799812996760011">
        <ele>1939</ele>
        <time>2017-03-28T05:22:09Z</time>
      </trkpt>
      <trkpt lat="45.971970017999411" lon="6.800320018082857">
        <ele>1935</ele>
        <time>2017-03-28T05:22:29Z</time>
      </trkpt>
      <trkpt lat="45.972057022154331" lon="6.800764007493854">
        <ele>1934</ele>
        <time>2017-03-28T05:22:49Z</time>
      </trkpt>
      <trkpt lat="45.972214015200734" lon="6.800923012197018">
        <ele>1931</ele>
        <time>2017-03-28T05:23:09Z</time>
      </trkpt>
      <trkpt lat="45.972264977172017" lon="6.801259964704514">
        <ele>1929</ele>
        <time>2017-03-28T05:23:29Z</time>
      </trkpt>
      <trkpt lat="45.972252991050482" lon="6.801485018804669">
        <ele>1928</ele>
        <time>2017-03-28T05:23:49Z</time>
      </trkpt>
      <trkpt lat="45.972521966323256" lon="6.802313989028335">
        <ele>1925</ele>
        <time>2017-03-28T05:24:09Z</time>
      </trkpt>
      <trkpt lat="45.972506962716579" lon="6.802552035078406">
        <ele>1920</ele>
        <time>2017-03-28T05:24:29Z</time>
      </trkpt>
      <trkpt lat="45.972601007670164" lon="6.80305696092546">
        <ele>1919</ele>
        <time>2017-03-28T05:24:49Z</time>
      </trkpt>
      <trkpt lat="45.972664039582014" lon="6.803272040560842">
        <ele>1917</ele>
        <time>2017-03-28T05:25:09Z</time>
      </trkpt>
      <trkpt lat="45.972592039033771" lon="6.803315039724112">
        <ele>1915</ele>
        <time>2017-03-28T05:25:29Z</time>
      </trkpt>
      <trkpt lat="45.972477961331606" lon="6.803533975034952">
        <ele>1907</ele>
        <time>2017-03-28T05:25:49Z</time>
      </trkpt>
      <trkpt lat="45.972413001582026" lon="6.803887020796537">
        <ele>1903</ele>
        <time>2017-03-28T05:26:09Z</time>
      </trkpt>
      <trkpt lat="45.972167998552322" lon="6.804293962195516">
        <ele>1895</ele>
        <time>2017-03-28T05:26:29Z</time>
      </trkpt>
      <trkpt lat="45.972109995782375" lon="6.804509041830897">
        <ele>1894</ele>
        <time>2017-03-28T05:26:49Z</time>
      </trkpt>
      <trkpt lat="45.971903968602419" lon="6.804626975208521">
        <ele>1892</ele>
        <time>2017-03-28T05:27:09Z</time>
      </trkpt>
      <trkpt lat="45.971877984702587" lon="6.80485999211669">
        <ele>1889</ele>
        <time>2017-03-28T05:27:29Z</time>
      </trkpt>
      <trkpt lat="45.971667012199759" lon="6.805318985134363">
        <ele>1885</ele>
        <time>2017-03-28T05:27:49Z</time>
      </trkpt>
      <trkpt lat="45.971488980576396" lon="6.805860036984086">
        <ele>1877</ele>
        <time>2017-03-28T05:28:09Z</time>
      </trkpt>
      <trkpt lat="45.971456039696932" lon="6.806335961446166">
        <ele>1876</ele>
        <time>2017-03-28T05:28:29Z</time>
      </trkpt>
      <trkpt lat="45.971383033320308" lon="6.806594962254167">
        <ele>1876</ele>
        <time>2017-03-28T05:28:49Z</time>
      </trkpt>
      <trkpt lat="45.971340034157038" lon="6.806929986923933">
        <ele>1874</ele>
        <time>2017-03-28T05:29:09Z</time>
      </trkpt>
      <trkpt lat="45.971127972006798" lon="6.80713601410389">
        <ele>1872</ele>
        <time>2017-03-28T05:29:29Z</time>
      </trkpt>
      <trkpt lat="45.970973996445537" lon="6.807465003803372">
        <ele>1870</ele>
        <time>2017-03-28T05:29:49Z</time>
      </trkpt>
      <trkpt lat="45.970841981470585" lon="6.807878986001015">
        <ele>1868</ele>
        <time>2017-03-28T05:30:09Z</time>
      </trkpt>
      <trkpt lat="45.970921022817492" lon="6.808193977922201">
        <ele>1866</ele>
        <time>2017-03-28T05:30:29Z</time>
      </trkpt>
      <trkpt lat="45.970711978152394" lon="6.808928987011313">
        <ele>1855</ele>
        <time>2017-03-28T05:30:49Z</time>
      </trkpt>
      <trkpt lat="45.970992017537355" lon="6.809390997514129">
        <ele>1849</ele>
        <time>2017-03-28T05:31:09Z</time>
      </trkpt>
      <trkpt lat="45.971413962543011" lon="6.810271013528109">
        <ele>1840</ele>
        <time>2017-03-28T05:31:29Z</time>
      </trkpt>
      <trkpt lat="45.97143298946321" lon="6.810611989349127">
        <ele>1838</ele>
        <time>2017-03-28T05:31:49Z</time>
      </trkpt>
      <trkpt lat="45.971504990011454" lon="6.810996970161796">
        <ele>1832</ele>
        <time>2017-03-28T05:32:09Z</time>
      </trkpt>
      <trkpt lat="45.971404993906617" lon="6.811256976798177">
        <ele>1828</ele>
        <time>2017-03-28T05:32:29Z</time>
      </trkpt>
      <trkpt lat="45.97143198363483" lon="6.811387985944748">
        <ele>1828</ele>
        <time>2017-03-28T05:32:49Z</time>
      </trkpt>
      <trkpt lat="45.971341039985418" lon="6.811613962054253">
        <ele>1826</ele>
        <time>2017-03-28T05:33:09Z</time>
      </trkpt>
      <trkpt lat="45.971370963379741" lon="6.8117980286479">
        <ele>1824</ele>
        <time>2017-03-28T05:33:29Z</time>
      </trkpt>
      <trkpt lat="45.971317989751697" lon="6.811948986724019">
        <ele>1822</ele>
        <time>2017-03-28T05:33:49Z</time>
      </trkpt>
      <trkpt lat="45.971347996965051" lon="6.812305971980095">
        <ele>1823</ele>
        <time>2017-03-28T05:34:09Z</time>
      </trkpt>
      <trkpt lat="45.971157979220152" lon="6.812664968892932">
        <ele>1817</ele>
        <time>2017-03-28T05:34:29Z</time>
      </trkpt>
      <trkpt lat="45.971125960350037" lon="6.813037963584065">
        <ele>1816</ele>
        <time>2017-03-28T05:34:49Z</time>
      </trkpt>
      <trkpt lat="45.970986988395452" lon="6.813341975212097">
        <ele>1807</ele>
        <time>2017-03-28T05:35:09Z</time>
      </trkpt>
      <trkpt lat="45.971000986173749" lon="6.813528975471854">
        <ele>1812</ele>
        <time>2017-03-28T05:35:29Z</time>
      </trkpt>
      <trkpt lat="45.970862014219165" lon="6.813823012635112">
        <ele>1811</ele>
        <time>2017-03-28T05:35:49Z</time>
      </trkpt>
      <trkpt lat="45.970727987587452" lon="6.814025016501546">
        <ele>1788</ele>
        <time>2017-03-28T05:36:09Z</time>
      </trkpt>
      <trkpt lat="45.970667973160744" lon="6.814290974289179">
        <ele>1787</ele>
        <time>2017-03-28T05:36:29Z</time>
      </trkpt>
      <trkpt lat="45.970363961532712" lon="6.814923975616694">
        <ele>1782</ele>
        <time>2017-03-28T05:36:49Z</time>
      </trkpt>
      <trkpt lat="45.970087023451924" lon="6.815310968086124">
        <ele>1778</ele>
        <time>2017-03-28T05:37:09Z</time>
      </trkpt>
      <trkpt lat="45.970065984874964" lon="6.815611040219665">
        <ele>1776</ele>
        <time>2017-03-28T05:37:29Z</time>
      </trkpt>
      <trkpt lat="45.969788040965796" lon="6.815954027697444">
        <ele>1758</ele>
        <time>2017-03-28T05:37:49Z</time>
      </trkpt>
      <trkpt lat="45.969727020710707" lon="6.816147984936833">
        <ele>1755</ele>
        <time>2017-03-28T05:38:09Z</time>
      </trkpt>
      <trkpt lat="45.969628030434251" lon="6.816287962719798">
        <ele>1754</ele>
        <time>2017-03-28T05:38:29Z</time>
      </trkpt>
      <trkpt lat="45.969650996848941" lon="6.816551992669702">
        <ele>1754</ele>
        <time>2017-03-28T05:38:49Z</time>
      </trkpt>
      <trkpt lat="45.969549994915724" lon="6.816767994314432">
        <ele>1748</ele>
        <time>2017-03-28T05:39:09Z</time>
      </trkpt>
      <trkpt lat="45.969558041542768" lon="6.81695600040257">
        <ele>1748</ele>
        <time>2017-03-28T05:39:29Z</time>
      </trkpt>
      <trkpt lat="45.969499032944441" lon="6.81715096347034">
        <ele>1746</ele>
        <time>2017-03-28T05:39:49Z</time>
      </trkpt>
      <trkpt lat="45.969314966350794" lon="6.816990030929446">
        <ele>1743</ele>
        <time>2017-03-28T05:40:09Z</time>
      </trkpt>
      <trkpt lat="45.969344973564148" lon="6.817317008972168">
        <ele>1740</ele>
        <time>2017-03-28T05:40:29Z</time>
      </trkpt>
      <trkpt lat="45.969468019902706" lon="6.817397978156805">
        <ele>1743</ele>
        <time>2017-03-28T05:40:49Z</time>
      </trkpt>
      <trkpt lat="45.969456033781171" lon="6.817670976743102">
        <ele>1743</ele>
        <time>2017-03-28T05:41:09Z</time>
      </trkpt>
      <trkpt lat="45.969340028241277" lon="6.817785976454616">
        <ele>1741</ele>
        <time>2017-03-28T05:41:29Z</time>
      </trkpt>
      <trkpt lat="45.969212036579847" lon="6.818127036094666">
        <ele>1738</ele>
        <time>2017-03-28T05:41:49Z</time>
      </trkpt>
      <trkpt lat="45.969084966927767" lon="6.818164000287652">
        <ele>1721</ele>
        <time>2017-03-28T05:42:09Z</time>
      </trkpt>
      <trkpt lat="45.968798976391554" lon="6.818615030497313">
        <ele>1719</ele>
        <time>2017-03-28T05:42:29Z</time>
      </trkpt>
      <trkpt lat="45.968539975583553" lon="6.819226993247867">
        <ele>1722</ele>
        <time>2017-03-28T05:42:49Z</time>
      </trkpt>
      <trkpt lat="45.968455988913774" lon="6.819317014887929">
        <ele>1721</ele>
        <time>2017-03-28T05:43:09Z</time>
      </trkpt>
      <trkpt lat="45.968341995030642" lon="6.819546008482575">
        <ele>1727</ele>
        <time>2017-03-28T05:43:29Z</time>
      </trkpt>
      <trkpt lat="45.968149965628982" lon="6.819737032055855">
        <ele>1700</ele>
        <time>2017-03-28T05:43:49Z</time>
      </trkpt>
      <trkpt lat="45.968050975352526" lon="6.819971976801753">
        <ele>1700</ele>
        <time>2017-03-28T05:44:09Z</time>
      </trkpt>
      <trkpt lat="45.967625007033348" lon="6.820272970944643">
        <ele>1694</ele>
        <time>2017-03-28T05:44:29Z</time>
      </trkpt>
      <trkpt lat="45.96754202619195" lon="6.820482015609741">
        <ele>1696</ele>
        <time>2017-03-28T05:44:49Z</time>
      </trkpt>
      <trkpt lat="45.967461979016662" lon="6.820944026112557">
        <ele>1678</ele>
        <time>2017-03-28T05:45:09Z</time>
      </trkpt>
      <trkpt lat="45.967345973476768" lon="6.821079980581999">
        <ele>1672</ele>
        <time>2017-03-28T05:45:29Z</time>
      </trkpt>
      <trkpt lat="45.967312026768923" lon="6.821248959749937">
        <ele>1671</ele>
        <time>2017-03-28T05:45:49Z</time>
      </trkpt>
      <trkpt lat="45.967438006773591" lon="6.821737959980965">
        <ele>1682</ele>
        <time>2017-03-28T05:46:09Z</time>
      </trkpt>
      <trkpt lat="45.967533979564905" lon="6.821843991056085">
        <ele>1692</ele>
        <time>2017-03-28T05:46:29Z</time>
      </trkpt>
      <trkpt lat="45.9675860311836" lon="6.822101986035705">
        <ele>1694</ele>
        <time>2017-03-28T05:46:49Z</time>
      </trkpt>
      <trkpt lat="45.967553006485105" lon="6.822273982688785">
        <ele>1693</ele>
        <time>2017-03-28T05:47:09Z</time>
      </trkpt>
      <trkpt lat="45.967659959569573" lon="6.822460982948542">
        <ele>1692</ele>
        <time>2017-03-28T05:47:29Z</time>
      </trkpt>
      <trkpt lat="45.96767496317625" lon="6.82262702845037">
        <ele>1679</ele>
        <time>2017-03-28T05:47:49Z</time>
      </trkpt>
      <trkpt lat="45.96775802783668" lon="6.822528038173914">
        <ele>1679</ele>
        <time>2017-03-28T05:48:09Z</time>
      </trkpt>
      <trkpt lat="45.967992972582579" lon="6.822514962404966">
        <ele>1678</ele>
        <time>2017-03-28T05:48:29Z</time>
      </trkpt>
      <trkpt lat="45.96803798340261" lon="6.822691988199949">
        <ele>1676</ele>
        <time>2017-03-28T05:48:49Z</time>
      </trkpt>
      <trkpt lat="45.968128005042672" lon="6.822724007070065">
        <ele>1676</ele>
        <time>2017-03-28T05:49:09Z</time>
      </trkpt>
      <trkpt lat="45.968235963955522" lon="6.822949983179569">
        <ele>1669</ele>
        <time>2017-03-28T05:49:29Z</time>
      </trkpt>
      <trkpt lat="45.968418018892407" lon="6.822980996221304">
        <ele>1673</ele>
        <time>2017-03-28T05:49:49Z</time>
      </trkpt>
      <trkpt lat="45.968563025817275" lon="6.823151987046003">
        <ele>1669</ele>
        <time>2017-03-28T05:50:09Z</time>
      </trkpt>
      <trkpt lat="45.968720018863678" lon="6.823199009522796">
        <ele>1671</ele>
        <time>2017-03-28T05:50:29Z</time>
      </trkpt>
      <trkpt lat="45.968931997194886" lon="6.823343010619283">
        <ele>1649</ele>
        <time>2017-03-28T05:50:49Z</time>
      </trkpt>
      <trkpt lat="45.969040039926767" lon="6.82353101670742">
        <ele>1647</ele>
        <time>2017-03-28T05:51:09Z</time>
      </trkpt>
      <trkpt lat="45.969494003802538" lon="6.823900993913412">
        <ele>1656</ele>
        <time>2017-03-28T05:51:29Z</time>
      </trkpt>
      <trkpt lat="45.969834979623556" lon="6.824843036010861">
        <ele>1640</ele>
        <time>2017-03-28T05:51:49Z</time>
      </trkpt>
      <trkpt lat="45.970152989029884" lon="6.825604028999806">
        <ele>1652</ele>
        <time>2017-03-28T05:52:09Z</time>
      </trkpt>
      <trkpt lat="45.969903962686658" lon="6.825418034568429">
        <ele>1624</ele>
        <time>2017-03-28T05:52:29Z</time>
      </trkpt>
      <trkpt lat="45.969589976593852" lon="6.825304040685296">
        <ele>1619</ele>
        <time>2017-03-28T05:52:49Z</time>
      </trkpt>
      <trkpt lat="45.969356959685683" lon="6.825211001560092">
        <ele>1612</ele>
        <time>2017-03-28T05:53:09Z</time>
      </trkpt>
      <trkpt lat="45.9693250246346" lon="6.825484000146389">
        <ele>1611</ele>
        <time>2017-03-28T05:53:29Z</time>
      </trkpt>
      <trkpt lat="45.969374980777502" lon="6.825618026778102">
        <ele>1610</ele>
        <time>2017-03-28T05:53:49Z</time>
      </trkpt>
      <trkpt lat="45.969582013785839" lon="6.825769990682602">
        <ele>1615</ele>
        <time>2017-03-28T05:54:09Z</time>
      </trkpt>
      <trkpt lat="45.969748981297016" lon="6.826210040599108">
        <ele>1607</ele>
        <time>2017-03-28T05:54:29Z</time>
      </trkpt>
      <trkpt lat="45.96971201710403" lon="6.826600972563028">
        <ele>1604</ele>
        <time>2017-03-28T05:54:49Z</time>
      </trkpt>
      <trkpt lat="45.969920977950096" lon="6.826819991692901">
        <ele>1605</ele>
        <time>2017-03-28T05:55:09Z</time>
      </trkpt>
      <trkpt lat="45.969945034012198" lon="6.827135989442468">
        <ele>1609</ele>
        <time>2017-03-28T05:55:29Z</time>
      </trkpt>
      <trkpt lat="45.969887031242251" lon="6.827286025509238">
        <ele>1610</ele>
        <time>2017-03-28T05:55:49Z</time>
      </trkpt>
      <trkpt lat="45.969745041802526" lon="6.827328018844128">
        <ele>1611</ele>
        <time>2017-03-28T05:56:09Z</time>
      </trkpt>
      <trkpt lat="45.969592994078994" lon="6.827275967225432">
        <ele>1612</ele>
        <time>2017-03-28T05:56:29Z</time>
      </trkpt>
      <trkpt lat="45.969911003485322" lon="6.827877033501864">
        <ele>1628</ele>
        <time>2017-03-28T05:56:49Z</time>
      </trkpt>
      <trkpt lat="45.970245022326708" lon="6.828435016795993">
        <ele>1635</ele>
        <time>2017-03-28T05:57:09Z</time>
      </trkpt>
      <trkpt lat="45.969878984615207" lon="6.828307025134563">
        <ele>1633</ele>
        <time>2017-03-28T05:57:29Z</time>
      </trkpt>
      <trkpt lat="45.969408005475998" lon="6.828070990741253">
        <ele>1639</ele>
        <time>2017-03-28T05:57:49Z</time>
      </trkpt>
      <trkpt lat="45.968972984701395" lon="6.827955991029739">
        <ele>1658</ele>
        <time>2017-03-28T05:58:09Z</time>
      </trkpt>
      <trkpt lat="45.968566965311766" lon="6.827788017690182">
        <ele>1661</ele>
        <time>2017-03-28T05:58:29Z</time>
      </trkpt>
      <trkpt lat="45.968223977833986" lon="6.827725991606712">
        <ele>1683</ele>
        <time>2017-03-28T05:58:49Z</time>
      </trkpt>
      <trkpt lat="45.967446975409985" lon="6.827440001070499">
        <ele>1696</ele>
        <time>2017-03-28T05:59:09Z</time>
      </trkpt>
      <trkpt lat="45.967252012342215" lon="6.827303040772677">
        <ele>1695</ele>
        <time>2017-03-28T05:59:29Z</time>
      </trkpt>
      <trkpt lat="45.966639965772629" lon="6.827070023864508">
        <ele>1721</ele>
        <time>2017-03-28T05:59:49Z</time>
      </trkpt>
      <trkpt lat="45.966399991884828" lon="6.82724897749722">
        <ele>1730</ele>
        <time>2017-03-28T06:00:09Z</time>
      </trkpt>
      <trkpt lat="45.966272000223398" lon="6.827222993597388">
        <ele>1732</ele>
        <time>2017-03-28T06:00:29Z</time>
      </trkpt>
      <trkpt lat="45.966134034097195" lon="6.826902972534299">
        <ele>1726</ele>
        <time>2017-03-28T06:00:49Z</time>
      </trkpt>
      <trkpt lat="45.965884001925588" lon="6.826915964484215">
        <ele>1729</ele>
        <time>2017-03-28T06:01:09Z</time>
      </trkpt>
      <trkpt lat="45.965663976967335" lon="6.826805993914604">
        <ele>1746</ele>
        <time>2017-03-28T06:01:29Z</time>
      </trkpt>
      <trkpt lat="45.965507989749312" lon="6.826530983671546">
        <ele>1719</ele>
        <time>2017-03-28T06:01:49Z</time>
      </trkpt>
      <trkpt lat="45.965012032538652" lon="6.826510028913617">
        <ele>1735</ele>
        <time>2017-03-28T06:02:09Z</time>
      </trkpt>
      <trkpt lat="45.964976996183395" lon="6.826612958684564">
        <ele>1750</ele>
        <time>2017-03-28T06:02:29Z</time>
      </trkpt>
      <trkpt lat="45.964725036174059" lon="6.826640032231808">
        <ele>1743</ele>
        <time>2017-03-28T06:02:49Z</time>
      </trkpt>
      <trkpt lat="45.96440602093935" lon="6.826470969244838">
        <ele>1742</ele>
        <time>2017-03-28T06:03:09Z</time>
      </trkpt>
      <trkpt lat="45.964056998491287" lon="6.826536012813449">
        <ele>1750</ele>
        <time>2017-03-28T06:03:29Z</time>
      </trkpt>
      <trkpt lat="45.964080970734358" lon="6.826699962839484">
        <ele>1771</ele>
        <time>2017-03-28T06:03:49Z</time>
      </trkpt>
      <trkpt lat="45.963820964097977" lon="6.827049991115928">
        <ele>1776</ele>
        <time>2017-03-28T06:04:09Z</time>
      </trkpt>
      <trkpt lat="45.963633041828871" lon="6.827113023027778">
        <ele>1775</ele>
        <time>2017-03-28T06:04:29Z</time>
      </trkpt>
      <trkpt lat="45.962952012196183" lon="6.827519964426756">
        <ele>1779</ele>
        <time>2017-03-28T06:04:49Z</time>
      </trkpt>
      <trkpt lat="45.962448008358479" lon="6.828139973804355">
        <ele>1770</ele>
        <time>2017-03-28T06:05:09Z</time>
      </trkpt>
      <trkpt lat="45.961945010349154" lon="6.828584969043732">
        <ele>1788</ele>
        <time>2017-03-28T06:05:29Z</time>
      </trkpt>
      <trkpt lat="45.96142097376287" lon="6.829262981191278">
        <ele>1799</ele>
        <time>2017-03-28T06:05:49Z</time>
      </trkpt>
      <trkpt lat="45.961322989314795" lon="6.829759022220969">
        <ele>1805</ele>
        <time>2017-03-28T06:06:09Z</time>
      </trkpt>
      <trkpt lat="45.961063988506794" lon="6.82999899610877">
        <ele>1802</ele>
        <time>2017-03-28T06:06:29Z</time>
      </trkpt>
      <trkpt lat="45.960902972146869" lon="6.830390011891723">
        <ele>1822</ele>
        <time>2017-03-28T06:06:49Z</time>
      </trkpt>
      <trkpt lat="45.960520002990961" lon="6.830696035176516">
        <ele>1816</ele>
        <time>2017-03-28T06:07:09Z</time>
      </trkpt>
      <trkpt lat="45.960160000249743" lon="6.830830983817577">
        <ele>1818</ele>
        <time>2017-03-28T06:07:29Z</time>
      </trkpt>
      <trkpt lat="45.959751969203353" lon="6.830811034888029">
        <ele>1814</ele>
        <time>2017-03-28T06:07:49Z</time>
      </trkpt>
      <trkpt lat="45.959736965596676" lon="6.831059977412224">
        <ele>1831</ele>
        <time>2017-03-28T06:08:09Z</time>
      </trkpt>
      <trkpt lat="45.959467990323901" lon="6.831079004332423">
        <ele>1831</ele>
        <time>2017-03-28T06:08:29Z</time>
      </trkpt>
      <trkpt lat="45.959315020591021" lon="6.831320989876986">
        <ele>1833</ele>
        <time>2017-03-28T06:08:49Z</time>
      </trkpt>
      <trkpt lat="45.959251988679171" lon="6.831520982086659">
        <ele>1835</ele>
        <time>2017-03-28T06:09:09Z</time>
      </trkpt>
      <trkpt lat="45.958962980657816" lon="6.831664983183146">
        <ele>1830</ele>
        <time>2017-03-28T06:09:29Z</time>
      </trkpt>
      <trkpt lat="45.958629967644811" lon="6.831979975104332">
        <ele>1843</ele>
        <time>2017-03-28T06:09:49Z</time>
      </trkpt>
      <trkpt lat="45.958309024572372" lon="6.831990033388138">
        <ele>1842</ele>
        <time>2017-03-28T06:10:09Z</time>
      </trkpt>
      <trkpt lat="45.957753974944353" lon="6.832246016710997">
        <ele>1848</ele>
        <time>2017-03-28T06:10:29Z</time>
      </trkpt>
      <trkpt lat="45.957663031294942" lon="6.832192037254572">
        <ele>1847</ele>
        <time>2017-03-28T06:10:49Z</time>
      </trkpt>
      <trkpt lat="45.957265980541706" lon="6.832476016134024">
        <ele>1853</ele>
        <time>2017-03-28T06:11:09Z</time>
      </trkpt>
      <trkpt lat="45.957108987495303" lon="6.832480961456895">
        <ele>1853</ele>
        <time>2017-03-28T06:11:29Z</time>
      </trkpt>
      <trkpt lat="45.956600038334727" lon="6.832889998331666">
        <ele>1873</ele>
        <time>2017-03-28T06:11:49Z</time>
      </trkpt>
      <trkpt lat="45.955978017300367" lon="6.833040034398437">
        <ele>1873</ele>
        <time>2017-03-28T06:12:09Z</time>
      </trkpt>
      <trkpt lat="45.955291958525777" lon="6.834100009873509">
        <ele>1884</ele>
        <time>2017-03-28T06:12:29Z</time>
      </trkpt>
      <trkpt lat="45.954989958554506" lon="6.834349958226085">
        <ele>1885</ele>
        <time>2017-03-28T06:12:49Z</time>
      </trkpt>
      <trkpt lat="45.95478099770844" lon="6.834769975394011">
        <ele>1890</ele>
        <time>2017-03-28T06:13:09Z</time>
      </trkpt>
      <trkpt lat="45.95463196747005" lon="6.834729993715882">
        <ele>1887</ele>
        <time>2017-03-28T06:13:29Z</time>
      </trkpt>
      <trkpt lat="45.954299960285425" lon="6.834980025887489">
        <ele>1881</ele>
        <time>2017-03-28T06:13:49Z</time>
      </trkpt>
      <trkpt lat="45.954239023849368" lon="6.834829989820719">
        <ele>1881</ele>
        <time>2017-03-28T06:14:09Z</time>
      </trkpt>
      <trkpt lat="45.953639969229698" lon="6.83511002920568">
        <ele>1901</ele>
        <time>2017-03-28T06:14:29Z</time>
      </trkpt>
      <trkpt lat="45.953522035852075" lon="6.834990000352264">
        <ele>1886</ele>
        <time>2017-03-28T06:14:49Z</time>
      </trkpt>
      <trkpt lat="45.952988024801016" lon="6.835184041410685">
        <ele>1909</ele>
        <time>2017-03-28T06:15:09Z</time>
      </trkpt>
      <trkpt lat="45.952849974855781" lon="6.835529962554574">
        <ele>1916</ele>
        <time>2017-03-28T06:15:29Z</time>
      </trkpt>
      <trkpt lat="45.952734975144267" lon="6.835434995591641">
        <ele>1915</ele>
        <time>2017-03-28T06:15:49Z</time>
      </trkpt>
      <trkpt lat="45.952559961006045" lon="6.835489980876446">
        <ele>1917</ele>
        <time>2017-03-28T06:16:09Z</time>
      </trkpt>
      <trkpt lat="45.952438004314899" lon="6.835250006988645">
        <ele>1920</ele>
        <time>2017-03-28T06:16:29Z</time>
      </trkpt>
      <trkpt lat="45.952090993523598" lon="6.835140036419034">
        <ele>1924</ele>
        <time>2017-03-28T06:16:49Z</time>
      </trkpt>
      <trkpt lat="45.951951015740633" lon="6.835302980616689">
        <ele>1928</ele>
        <time>2017-03-28T06:17:09Z</time>
      </trkpt>
      <trkpt lat="45.951395966112614" lon="6.835094019770622">
        <ele>1941</ele>
        <time>2017-03-28T06:17:29Z</time>
      </trkpt>
      <trkpt lat="45.950631033629179" lon="6.834754971787334">
        <ele>1938</ele>
        <time>2017-03-28T06:17:49Z</time>
      </trkpt>
      <trkpt lat="45.950434980913997" lon="6.834501000121236">
        <ele>1935</ele>
        <time>2017-03-28T06:18:09Z</time>
      </trkpt>
      <trkpt lat="45.949913961812854" lon="6.834435034543276">
        <ele>1943</ele>
        <time>2017-03-28T06:18:29Z</time>
      </trkpt>
      <trkpt lat="45.949711035937071" lon="6.834850022569299">
        <ele>1953</ele>
        <time>2017-03-28T06:18:49Z</time>
      </trkpt>
      <trkpt lat="45.949448011815548" lon="6.834942977875471">
        <ele>1954</ele>
        <time>2017-03-28T06:19:09Z</time>
      </trkpt>
      <trkpt lat="45.949306022375822" lon="6.834780033677816">
        <ele>1952</ele>
        <time>2017-03-28T06:19:29Z</time>
      </trkpt>
      <trkpt lat="45.94897803850472" lon="6.83506996370852">
        <ele>1974</ele>
        <time>2017-03-28T06:19:49Z</time>
      </trkpt>
      <trkpt lat="45.949069987982512" lon="6.835129978135228">
        <ele>1973</ele>
        <time>2017-03-28T06:20:09Z</time>
      </trkpt>
      <trkpt lat="45.948704034090042" lon="6.835410017520189">
        <ele>1983</ele>
        <time>2017-03-28T06:20:29Z</time>
      </trkpt>
      <trkpt lat="45.948311006650329" lon="6.83554002083838">
        <ele>1996</ele>
        <time>2017-03-28T06:20:49Z</time>
      </trkpt>
      <trkpt lat="45.947914039716125" lon="6.835520993918181">
        <ele>1996</ele>
        <time>2017-03-28T06:21:09Z</time>
      </trkpt>
      <trkpt lat="45.947673982009292" lon="6.835359977558255">
        <ele>1994</ele>
        <time>2017-03-28T06:21:29Z</time>
      </trkpt>
      <trkpt lat="45.94721800647676" lon="6.835448993369937">
        <ele>2013</ele>
        <time>2017-03-28T06:21:49Z</time>
      </trkpt>
      <trkpt lat="45.947129996493459" lon="6.835387973114848">
        <ele>2013</ele>
        <time>2017-03-28T06:22:09Z</time>
      </trkpt>
      <trkpt lat="45.947047015652061" lon="6.83519896119833">
        <ele>2011</ele>
        <time>2017-03-28T06:22:29Z</time>
      </trkpt>
      <trkpt lat="45.946901002898812" lon="6.835170965641737">
        <ele>2013</ele>
        <time>2017-03-28T06:22:49Z</time>
      </trkpt>
      <trkpt lat="45.946998987346888" lon="6.835350003093481">
        <ele>2015</ele>
        <time>2017-03-28T06:23:09Z</time>
      </trkpt>
      <trkpt lat="45.946913994848728" lon="6.835328964516521">
        <ele>2015</ele>
        <time>2017-03-28T06:23:29Z</time>
      </trkpt>
      <trkpt lat="45.946999993175268" lon="6.835765996947885">
        <ele>2023</ele>
        <time>2017-03-28T06:23:49Z</time>
      </trkpt>
      <trkpt lat="45.946879964321852" lon="6.835677986964583">
        <ele>2025</ele>
        <time>2017-03-28T06:24:09Z</time>
      </trkpt>
      <trkpt lat="45.946701010689139" lon="6.835770020261407">
        <ele>2037</ele>
        <time>2017-03-28T06:24:29Z</time>
      </trkpt>
      <trkpt lat="45.946762030944228" lon="6.835997002199292">
        <ele>2047</ele>
        <time>2017-03-28T06:24:49Z</time>
      </trkpt>
      <trkpt lat="45.946903014555573" lon="6.836075959727168">
        <ele>2048</ele>
        <time>2017-03-28T06:25:09Z</time>
      </trkpt>
      <trkpt lat="45.946949031203985" lon="6.836235970258713">
        <ele>2050</ele>
        <time>2017-03-28T06:25:29Z</time>
      </trkpt>
      <trkpt lat="45.947064030915499" lon="6.836351975798607">
        <ele>2051</ele>
        <time>2017-03-28T06:25:49Z</time>
      </trkpt>
      <trkpt lat="45.946892034262419" lon="6.836395980790258">
        <ele>2054</ele>
        <time>2017-03-28T06:26:09Z</time>
      </trkpt>
      <trkpt lat="45.946716014295816" lon="6.836308976635337">
        <ele>2054</ele>
        <time>2017-03-28T06:26:29Z</time>
      </trkpt>
      <trkpt lat="45.946790026500821" lon="6.836489019915462">
        <ele>2059</ele>
        <time>2017-03-28T06:26:49Z</time>
      </trkpt>
      <trkpt lat="45.946589028462768" lon="6.83635801076889">
        <ele>2067</ele>
        <time>2017-03-28T06:27:09Z</time>
      </trkpt>
      <trkpt lat="45.946677960455418" lon="6.83655004017055">
        <ele>2064</ele>
        <time>2017-03-28T06:27:29Z</time>
      </trkpt>
      <trkpt lat="45.946536976844072" lon="6.836475022137165">
        <ele>2069</ele>
        <time>2017-03-28T06:27:49Z</time>
      </trkpt>
      <trkpt lat="45.946379983797669" lon="6.836238987743855">
        <ele>2067</ele>
        <time>2017-03-28T06:28:09Z</time>
      </trkpt>
      <trkpt lat="45.946418959647417" lon="6.8363799713552">
        <ele>2069</ele>
        <time>2017-03-28T06:28:29Z</time>
      </trkpt>
      <trkpt lat="45.946326004341245" lon="6.836541993543506">
        <ele>2071</ele>
        <time>2017-03-28T06:28:49Z</time>
      </trkpt>
      <trkpt lat="45.94631502404809" lon="6.836704015731812">
        <ele>2089</ele>
        <time>2017-03-28T06:29:09Z</time>
      </trkpt>
      <trkpt lat="45.946578970178962" lon="6.836820021271706">
        <ele>2084</ele>
        <time>2017-03-28T06:29:29Z</time>
      </trkpt>
      <trkpt lat="45.946674020960927" lon="6.837050020694733">
        <ele>2083</ele>
        <time>2017-03-28T06:29:49Z</time>
      </trkpt>
      <trkpt lat="45.946535971015692" lon="6.836983971297741">
        <ele>2090</ele>
        <time>2017-03-28T06:30:09Z</time>
      </trkpt>
      <trkpt lat="45.946312006562948" lon="6.837127972394228">
        <ele>2095</ele>
        <time>2017-03-28T06:30:29Z</time>
      </trkpt>
      <trkpt lat="45.9460140299052" lon="6.837014984339476">
        <ele>2095</ele>
        <time>2017-03-28T06:30:49Z</time>
      </trkpt>
      <trkpt lat="45.946114026010036" lon="6.837318995967507">
        <ele>2099</ele>
        <time>2017-03-28T06:31:09Z</time>
      </trkpt>
      <trkpt lat="45.946242017671466" lon="6.837370041757822">
        <ele>2099</ele>
        <time>2017-03-28T06:31:29Z</time>
      </trkpt>
      <trkpt lat="45.946389036253095" lon="6.837571039795876">
        <ele>2114</ele>
        <time>2017-03-28T06:31:49Z</time>
      </trkpt>
      <trkpt lat="45.946250986307859" lon="6.837729960680008">
        <ele>2117</ele>
        <time>2017-03-28T06:32:09Z</time>
      </trkpt>
      <trkpt lat="45.945475995540619" lon="6.838232036679983">
        <ele>2132</ele>
        <time>2017-03-28T06:32:29Z</time>
      </trkpt>
      <trkpt lat="45.945159997791052" lon="6.838285010308027">
        <ele>2138</ele>
        <time>2017-03-28T06:32:49Z</time>
      </trkpt>
      <trkpt lat="45.945082968100905" lon="6.838370002806187">
        <ele>2148</ele>
        <time>2017-03-28T06:33:09Z</time>
      </trkpt>
      <trkpt lat="45.945108029991388" lon="6.838514003902674">
        <ele>2150</ele>
        <time>2017-03-28T06:33:29Z</time>
      </trkpt>
      <trkpt lat="45.944938967004418" lon="6.838533030822873">
        <ele>2160</ele>
        <time>2017-03-28T06:33:49Z</time>
      </trkpt>
      <trkpt lat="45.944788008928299" lon="6.838413001969457">
        <ele>2161</ele>
        <time>2017-03-28T06:34:09Z</time>
      </trkpt>
      <trkpt lat="45.944635961204767" lon="6.838379977270961">
        <ele>2166</ele>
        <time>2017-03-28T06:34:29Z</time>
      </trkpt>
      <trkpt lat="45.944666974246502" lon="6.838457006961107">
        <ele>2166</ele>
        <time>2017-03-28T06:34:49Z</time>
      </trkpt>
      <trkpt lat="45.944534037262201" lon="6.838512998074293">
        <ele>2170</ele>
        <time>2017-03-28T06:35:09Z</time>
      </trkpt>
      <trkpt lat="45.944664040580392" lon="6.838751966133714">
        <ele>2171</ele>
        <time>2017-03-28T06:35:29Z</time>
      </trkpt>
      <trkpt lat="45.944500006735325" lon="6.838669991120696">
        <ele>2172</ele>
        <time>2017-03-28T06:35:49Z</time>
      </trkpt>
      <trkpt lat="45.944563960656524" lon="6.838905019685626">
        <ele>2175</ele>
        <time>2017-03-28T06:36:09Z</time>
      </trkpt>
      <trkpt lat="45.9443389903754" lon="6.838866965845227">
        <ele>2178</ele>
        <time>2017-03-28T06:36:29Z</time>
      </trkpt>
      <trkpt lat="45.944442003965378" lon="6.839057989418507">
        <ele>2180</ele>
        <time>2017-03-28T06:36:49Z</time>
      </trkpt>
      <trkpt lat="45.944171017035842" lon="6.839037034660578">
        <ele>2188</ele>
        <time>2017-03-28T06:37:09Z</time>
      </trkpt>
      <trkpt lat="45.944280987605453" lon="6.83923501521349">
        <ele>2197</ele>
        <time>2017-03-28T06:37:29Z</time>
      </trkpt>
      <trkpt lat="45.944278975948691" lon="6.839372981339693">
        <ele>2198</ele>
        <time>2017-03-28T06:37:49Z</time>
      </trkpt>
      <trkpt lat="45.944331027567387" lon="6.839599963277578">
        <ele>2200</ele>
        <time>2017-03-28T06:38:09Z</time>
      </trkpt>
      <trkpt lat="45.944152995944023" lon="6.839443976059556">
        <ele>2221</ele>
        <time>2017-03-28T06:38:29Z</time>
      </trkpt>
      <trkpt lat="45.943968007341027" lon="6.839489992707968">
        <ele>2226</ele>
        <time>2017-03-28T06:38:49Z</time>
      </trkpt>
      <trkpt lat="45.943798022344708" lon="6.839460991322994">
        <ele>2230</ele>
        <time>2017-03-28T06:39:09Z</time>
      </trkpt>
      <trkpt lat="45.9438899718225" lon="6.839619996026158">
        <ele>2231</ele>
        <time>2017-03-28T06:39:29Z</time>
      </trkpt>
      <trkpt lat="45.943676987662911" lon="6.839660983532667">
        <ele>2237</ele>
        <time>2017-03-28T06:39:49Z</time>
      </trkpt>
      <trkpt lat="45.943352021276951" lon="6.839659977704287">
        <ele>2245</ele>
        <time>2017-03-28T06:40:09Z</time>
      </trkpt>
      <trkpt lat="45.943611022084951" lon="6.83998997323215">
        <ele>2247</ele>
        <time>2017-03-28T06:40:29Z</time>
      </trkpt>
      <trkpt lat="45.943546984344721" lon="6.840020986273885">
        <ele>2270</ele>
        <time>2017-03-28T06:40:49Z</time>
      </trkpt>
      <trkpt lat="45.943533992394805" lon="6.840147972106934">
        <ele>2271</ele>
        <time>2017-03-28T06:41:09Z</time>
      </trkpt>
      <trkpt lat="45.943249007686973" lon="6.840079994872212">
        <ele>2287</ele>
        <time>2017-03-28T06:41:29Z</time>
      </trkpt>
      <trkpt lat="45.943409018218517" lon="6.840303959324956">
        <ele>2275</ele>
        <time>2017-03-28T06:41:49Z</time>
      </trkpt>
      <trkpt lat="45.943273985758424" lon="6.840322986245155">
        <ele>2298</ele>
        <time>2017-03-28T06:42:09Z</time>
      </trkpt>
      <trkpt lat="45.943096959963441" lon="6.840283004567027">
        <ele>2300</ele>
        <time>2017-03-28T06:42:29Z</time>
      </trkpt>
      <trkpt lat="45.942924963310361" lon="6.840166999027133">
        <ele>2303</ele>
        <time>2017-03-28T06:42:49Z</time>
      </trkpt>
      <trkpt lat="45.943066030740738" lon="6.840494982898235">
        <ele>2305</ele>
        <time>2017-03-28T06:43:09Z</time>
      </trkpt>
      <trkpt lat="45.943214977160096" lon="6.840576035901904">
        <ele>2305</ele>
        <time>2017-03-28T06:43:29Z</time>
      </trkpt>
      <trkpt lat="45.943531980738044" lon="6.840583998709917">
        <ele>2281</ele>
        <time>2017-03-28T06:43:49Z</time>
      </trkpt>
      <trkpt lat="45.943431984633207" lon="6.840769993141294">
        <ele>2294</ele>
        <time>2017-03-28T06:44:09Z</time>
      </trkpt>
      <trkpt lat="45.942910965532064" lon="6.841180035844445">
        <ele>2333</ele>
        <time>2017-03-28T06:44:29Z</time>
      </trkpt>
      <trkpt lat="45.942479968070984" lon="6.841327976435423">
        <ele>2349</ele>
        <time>2017-03-28T06:44:49Z</time>
      </trkpt>
      <trkpt lat="45.942008988931775" lon="6.841727960854769">
        <ele>2357</ele>
        <time>2017-03-28T06:45:09Z</time>
      </trkpt>
      <trkpt lat="45.941749988123775" lon="6.841740030795336">
        <ele>2356</ele>
        <time>2017-03-28T06:45:29Z</time>
      </trkpt>
      <trkpt lat="45.941687962040305" lon="6.841980004683137">
        <ele>2358</ele>
        <time>2017-03-28T06:45:49Z</time>
      </trkpt>
      <trkpt lat="45.941715035587549" lon="6.842446038499475">
        <ele>2361</ele>
        <time>2017-03-28T06:46:09Z</time>
      </trkpt>
      <trkpt lat="45.94163398258388" lon="6.842651981860399">
        <ele>2364</ele>
        <time>2017-03-28T06:46:29Z</time>
      </trkpt>
      <trkpt lat="45.941679999232292" lon="6.84295398183167">
        <ele>2365</ele>
        <time>2017-03-28T06:46:49Z</time>
      </trkpt>
      <trkpt lat="45.941788963973522" lon="6.843080967664719">
        <ele>2366</ele>
        <time>2017-03-28T06:47:09Z</time>
      </trkpt>
      <trkpt lat="45.941561982035637" lon="6.84338397346437">
        <ele>2361</ele>
        <time>2017-03-28T06:47:29Z</time>
      </trkpt>
      <trkpt lat="45.941335000097752" lon="6.843547001481056">
        <ele>2358</ele>
        <time>2017-03-28T06:47:49Z</time>
      </trkpt>
      <trkpt lat="45.941212959587574" lon="6.842404967173934">
        <ele>2373</ele>
        <time>2017-03-28T06:48:09Z</time>
      </trkpt>
      <trkpt lat="45.941093014553189" lon="6.842134986072779">
        <ele>2374</ele>
        <time>2017-03-28T06:48:29Z</time>
      </trkpt>
      <trkpt lat="45.940809035673738" lon="6.841242983937264">
        <ele>2384</ele>
        <time>2017-03-28T06:48:49Z</time>
      </trkpt>
      <trkpt lat="45.940826972946525" lon="6.841022036969662">
        <ele>2382</ele>
        <time>2017-03-28T06:49:09Z</time>
      </trkpt>
      <trkpt lat="45.940697975456715" lon="6.840877030044794">
        <ele>2381</ele>
        <time>2017-03-28T06:49:29Z</time>
      </trkpt>
      <trkpt lat="45.940629998221993" lon="6.840586010366678">
        <ele>2380</ele>
        <time>2017-03-28T06:49:49Z</time>
      </trkpt>
      <trkpt lat="45.940390024334192" lon="6.840203041210771">
        <ele>2379</ele>
        <time>2017-03-28T06:50:09Z</time>
      </trkpt>
      <trkpt lat="45.940190032124519" lon="6.839564004912973">
        <ele>2374</ele>
        <time>2017-03-28T06:50:29Z</time>
      </trkpt>
      <trkpt lat="45.939967995509505" lon="6.839220011606813">
        <ele>2368</ele>
        <time>2017-03-28T06:50:49Z</time>
      </trkpt>
      <trkpt lat="45.939930025488138" lon="6.838639983907342">
        <ele>2361</ele>
        <time>2017-03-28T06:51:09Z</time>
      </trkpt>
      <trkpt lat="45.939610004425049" lon="6.838390035554767">
        <ele>2363</ele>
        <time>2017-03-28T06:51:29Z</time>
      </trkpt>
      <trkpt lat="45.93939702026546" lon="6.838300013914704">
        <ele>2357</ele>
        <time>2017-03-28T06:51:49Z</time>
      </trkpt>
      <trkpt lat="45.939363995566964" lon="6.838086023926735">
        <ele>2354</ele>
        <time>2017-03-28T06:52:09Z</time>
      </trkpt>
      <trkpt lat="45.939257964491844" lon="6.838113013654947">
        <ele>2357</ele>
        <time>2017-03-28T06:52:29Z</time>
      </trkpt>
      <trkpt lat="45.938891004770994" lon="6.837764997035265">
        <ele>2373</ele>
        <time>2017-03-28T06:52:49Z</time>
      </trkpt>
      <trkpt lat="45.938759995624423" lon="6.837567016482353">
        <ele>2374</ele>
        <time>2017-03-28T06:53:09Z</time>
      </trkpt>
      <trkpt lat="45.938203018158674" lon="6.837414968758822">
        <ele>2376</ele>
        <time>2017-03-28T06:53:29Z</time>
      </trkpt>
      <trkpt lat="45.938148032873869" lon="6.837298963218927">
        <ele>2374</ele>
        <time>2017-03-28T06:53:49Z</time>
      </trkpt>
      <trkpt lat="45.937648974359035" lon="6.837299969047308">
        <ele>2382</ele>
        <time>2017-03-28T06:54:09Z</time>
      </trkpt>
      <trkpt lat="45.93744495883584" lon="6.837211959064007">
        <ele>2394</ele>
        <time>2017-03-28T06:54:29Z</time>
      </trkpt>
      <trkpt lat="45.936950007453561" lon="6.837178012356162">
        <ele>2400</ele>
        <time>2017-03-28T06:54:49Z</time>
      </trkpt>
      <trkpt lat="45.93675596639514" lon="6.837336011230946">
        <ele>2410</ele>
        <time>2017-03-28T06:55:09Z</time>
      </trkpt>
      <trkpt lat="45.936357993632555" lon="6.837300974875689">
        <ele>2425</ele>
        <time>2017-03-28T06:55:29Z</time>
      </trkpt>
      <trkpt lat="45.936176022514701" lon="6.837480012327433">
        <ele>2429</ele>
        <time>2017-03-28T06:55:49Z</time>
      </trkpt>
      <trkpt lat="45.936127994209528" lon="6.837364006787539">
        <ele>2429</ele>
        <time>2017-03-28T06:56:09Z</time>
      </trkpt>
      <trkpt lat="45.935951974242926" lon="6.837269961833954">
        <ele>2431</ele>
        <time>2017-03-28T06:56:29Z</time>
      </trkpt>
      <trkpt lat="45.935765979811549" lon="6.837328970432282">
        <ele>2445</ele>
        <time>2017-03-28T06:56:49Z</time>
      </trkpt>
      <trkpt lat="45.935391979292035" lon="6.837606998160482">
        <ele>2450</ele>
        <time>2017-03-28T06:57:09Z</time>
      </trkpt>
      <trkpt lat="45.935174971818924" lon="6.837634993717074">
        <ele>2454</ele>
        <time>2017-03-28T06:57:29Z</time>
      </trkpt>
      <trkpt lat="45.934917982667685" lon="6.837436007335782">
        <ele>2466</ele>
        <time>2017-03-28T06:57:49Z</time>
      </trkpt>
      <trkpt lat="45.934433005750179" lon="6.836897972971201">
        <ele>2470</ele>
        <time>2017-03-28T06:58:09Z</time>
      </trkpt>
      <trkpt lat="45.934114996343851" lon="6.836895039305091">
        <ele>2479</ele>
        <time>2017-03-28T06:58:29Z</time>
      </trkpt>
      <trkpt lat="45.934299984946847" lon="6.837515970692039">
        <ele>2483</ele>
        <time>2017-03-28T06:58:49Z</time>
      </trkpt>
      <trkpt lat="45.934055987745523" lon="6.83730399236083">
        <ele>2486</ele>
        <time>2017-03-28T06:59:09Z</time>
      </trkpt>
      <trkpt lat="45.933735966682434" lon="6.837228974327445">
        <ele>2484</ele>
        <time>2017-03-28T06:59:29Z</time>
      </trkpt>
      <trkpt lat="45.933673018589616" lon="6.837123027071357">
        <ele>2483</ele>
        <time>2017-03-28T06:59:49Z</time>
      </trkpt>
      <trkpt lat="45.933428015559912" lon="6.837101988494396">
        <ele>2482</ele>
        <time>2017-03-28T07:00:09Z</time>
      </trkpt>
      <trkpt lat="45.933625996112823" lon="6.836942983791232">
        <ele>2481</ele>
        <time>2017-03-28T07:00:29Z</time>
      </trkpt>
      <trkpt lat="45.933876028284431" lon="6.83689696714282">
        <ele>2480</ele>
        <time>2017-03-28T07:00:49Z</time>
      </trkpt>
      <trkpt lat="45.933608980849385" lon="6.836650036275387">
        <ele>2465</ele>
        <time>2017-03-28T07:01:09Z</time>
      </trkpt>
      <trkpt lat="45.933143030852079" lon="6.836641989648342">
        <ele>2455</ele>
        <time>2017-03-28T07:01:29Z</time>
      </trkpt>
      <trkpt lat="45.93331896699965" lon="6.836360022425652">
        <ele>2450</ele>
        <time>2017-03-28T07:01:49Z</time>
      </trkpt>
      <trkpt lat="45.932689988985658" lon="6.836679959669709">
        <ele>2445</ele>
        <time>2017-03-28T07:02:09Z</time>
      </trkpt>
      <trkpt lat="45.932860979810357" lon="6.83642003685236">
        <ele>2441</ele>
        <time>2017-03-28T07:02:29Z</time>
      </trkpt>
      <trkpt lat="45.93235001899302" lon="6.836639977991581">
        <ele>2421</ele>
        <time>2017-03-28T07:02:49Z</time>
      </trkpt>
      <trkpt lat="45.932100992649794" lon="6.836899984627962">
        <ele>2407</ele>
        <time>2017-03-28T07:03:09Z</time>
      </trkpt>
      <trkpt lat="45.931918015703559" lon="6.836839970201254">
        <ele>2403</ele>
        <time>2017-03-28T07:03:29Z</time>
      </trkpt>
      <trkpt lat="45.931994961574674" lon="6.836665039882064">
        <ele>2408</ele>
        <time>2017-03-28T07:03:49Z</time>
      </trkpt>
      <trkpt lat="45.931848026812077" lon="6.836766041815281">
        <ele>2402</ele>
        <time>2017-03-28T07:04:09Z</time>
      </trkpt>
      <trkpt lat="45.931931007653475" lon="6.83653000742197">
        <ele>2405</ele>
        <time>2017-03-28T07:04:29Z</time>
      </trkpt>
      <trkpt lat="45.931763034313917" lon="6.836623968556523">
        <ele>2402</ele>
        <time>2017-03-28T07:04:49Z</time>
      </trkpt>
      <trkpt lat="45.931914998218417" lon="6.836163969710469">
        <ele>2401</ele>
        <time>2017-03-28T07:05:09Z</time>
      </trkpt>
      <trkpt lat="45.931605035439134" lon="6.836279975250363">
        <ele>2380</ele>
        <time>2017-03-28T07:05:29Z</time>
      </trkpt>
      <trkpt lat="45.931457011029124" lon="6.836515003815293">
        <ele>2382</ele>
        <time>2017-03-28T07:05:49Z</time>
      </trkpt>
      <trkpt lat="45.931461034342647" lon="6.836179979145527">
        <ele>2376</ele>
        <time>2017-03-28T07:06:09Z</time>
      </trkpt>
      <trkpt lat="45.931660020723939" lon="6.83595098555088">
        <ele>2378</ele>
        <time>2017-03-28T07:06:29Z</time>
      </trkpt>
      <trkpt lat="45.931779965758324" lon="6.835689973086119">
        <ele>2381</ele>
        <time>2017-03-28T07:06:49Z</time>
      </trkpt>
      <trkpt lat="45.931973000988364" lon="6.835557036101818">
        <ele>2382</ele>
        <time>2017-03-28T07:07:09Z</time>
      </trkpt>
      <trkpt lat="45.932121025398374" lon="6.835382021963596">
        <ele>2382</ele>
        <time>2017-03-28T07:07:29Z</time>
      </trkpt>
      <trkpt lat="45.932056987658143" lon="6.835293006151915">
        <ele>2380</ele>
        <time>2017-03-28T07:07:49Z</time>
      </trkpt>
      <trkpt lat="45.93220098875463" lon="6.835050014778972">
        <ele>2381</ele>
        <time>2017-03-28T07:08:09Z</time>
      </trkpt>
      <trkpt lat="45.93187702819705" lon="6.835032999515533">
        <ele>2371</ele>
        <time>2017-03-28T07:08:29Z</time>
      </trkpt>
      <trkpt lat="45.932003008201718" lon="6.834819009527564">
        <ele>2363</ele>
        <time>2017-03-28T07:08:49Z</time>
      </trkpt>
      <trkpt lat="45.931892031803727" lon="6.834733011201024">
        <ele>2360</ele>
        <time>2017-03-28T07:09:09Z</time>
      </trkpt>
      <trkpt lat="45.931542003527284" lon="6.83489796705544">
        <ele>2346</ele>
        <time>2017-03-28T07:09:29Z</time>
      </trkpt>
      <trkpt lat="45.931401019915938" lon="6.834890004247427">
        <ele>2342</ele>
        <time>2017-03-28T07:09:49Z</time>
      </trkpt>
      <trkpt lat="45.931014027446508" lon="6.835084967315197">
        <ele>2345</ele>
        <time>2017-03-28T07:10:09Z</time>
      </trkpt>
      <trkpt lat="45.93082400970161" lon="6.835069041699171">
        <ele>2333</ele>
        <time>2017-03-28T07:10:29Z</time>
      </trkpt>
      <trkpt lat="45.930801965296268" lon="6.834859997034073">
        <ele>2327</ele>
        <time>2017-03-28T07:10:49Z</time>
      </trkpt>
      <trkpt lat="45.930629968643188" lon="6.834920011460781">
        <ele>2324</ele>
        <time>2017-03-28T07:11:09Z</time>
      </trkpt>
      <trkpt lat="45.930465012788773" lon="6.834861002862454">
        <ele>2320</ele>
        <time>2017-03-28T07:11:29Z</time>
      </trkpt>
      <trkpt lat="45.930400975048542" lon="6.834605019539595">
        <ele>2318</ele>
        <time>2017-03-28T07:11:49Z</time>
      </trkpt>
      <trkpt lat="45.929969977587461" lon="6.834629997611046">
        <ele>2306</ele>
        <time>2017-03-28T07:12:09Z</time>
      </trkpt>
      <trkpt lat="45.929897977039218" lon="6.834437968209386">
        <ele>2305</ele>
        <time>2017-03-28T07:12:29Z</time>
      </trkpt>
      <trkpt lat="45.929832011461258" lon="6.834621028974652">
        <ele>2305</ele>
        <time>2017-03-28T07:12:49Z</time>
      </trkpt>
      <trkpt lat="45.929533028975129" lon="6.834777016192675">
        <ele>2304</ele>
        <time>2017-03-28T07:13:09Z</time>
      </trkpt>
      <trkpt lat="45.929368995130062" lon="6.834735022857785">
        <ele>2303</ele>
        <time>2017-03-28T07:13:29Z</time>
      </trkpt>
      <trkpt lat="45.929390033707023" lon="6.834597978740931">
        <ele>2302</ele>
        <time>2017-03-28T07:13:49Z</time>
      </trkpt>
      <trkpt lat="45.929205967113376" lon="6.834556991234422">
        <ele>2300</ele>
        <time>2017-03-28T07:14:09Z</time>
      </trkpt>
      <trkpt lat="45.928940009325743" lon="6.834387006238103">
        <ele>2298</ele>
        <time>2017-03-28T07:14:29Z</time>
      </trkpt>
      <trkpt lat="45.928699029609561" lon="6.834060028195381">
        <ele>2286</ele>
        <time>2017-03-28T07:14:49Z</time>
      </trkpt>
      <trkpt lat="45.928199971094728" lon="6.833871016278863">
        <ele>2286</ele>
        <time>2017-03-28T07:15:09Z</time>
      </trkpt>
      <trkpt lat="45.92788397334516" lon="6.833841009065509">
        <ele>2286</ele>
        <time>2017-03-28T07:15:29Z</time>
      </trkpt>
      <trkpt lat="45.92758197337389" lon="6.833746964111924">
        <ele>2285</ele>
        <time>2017-03-28T07:15:49Z</time>
      </trkpt>
      <trkpt lat="45.927388016134501" lon="6.833529034629464">
        <ele>2281</ele>
        <time>2017-03-28T07:16:09Z</time>
      </trkpt>
      <trkpt lat="45.926760965958238" lon="6.833191998302937">
        <ele>2275</ele>
        <time>2017-03-28T07:16:29Z</time>
      </trkpt>
      <trkpt lat="45.926467012614012" lon="6.83315402828157">
        <ele>2270</ele>
        <time>2017-03-28T07:16:49Z</time>
      </trkpt>
      <trkpt lat="45.926558962091804" lon="6.833776971325278">
        <ele>2261</ele>
        <time>2017-03-28T07:17:09Z</time>
      </trkpt>
      <trkpt lat="45.925960997119546" lon="6.833140030503273">
        <ele>2260</ele>
        <time>2017-03-28T07:17:29Z</time>
      </trkpt>
      <trkpt lat="45.925596971064806" lon="6.832590010017157">
        <ele>2250</ele>
        <time>2017-03-28T07:17:49Z</time>
      </trkpt>
      <trkpt lat="45.925521031022072" lon="6.832215003669262">
        <ele>2256</ele>
        <time>2017-03-28T07:18:09Z</time>
      </trkpt>
      <trkpt lat="45.925288014113903" lon="6.83190998621285">
        <ele>2255</ele>
        <time>2017-03-28T07:18:29Z</time>
      </trkpt>
      <trkpt lat="45.925334030762315" lon="6.831807978451252">
        <ele>2256</ele>
        <time>2017-03-28T07:18:49Z</time>
      </trkpt>
      <trkpt lat="45.925146024674177" lon="6.831465996801853">
        <ele>2254</ele>
        <time>2017-03-28T07:19:09Z</time>
      </trkpt>
      <trkpt lat="45.925105959177017" lon="6.831232979893684">
        <ele>2252</ele>
        <time>2017-03-28T07:19:29Z</time>
      </trkpt>
      <trkpt lat="45.925020966678858" lon="6.831042962148786">
        <ele>2252</ele>
        <time>2017-03-28T07:19:49Z</time>
      </trkpt>
      <trkpt lat="45.925014009699225" lon="6.830727970227599">
        <ele>2250</ele>
        <time>2017-03-28T07:20:09Z</time>
      </trkpt>
      <trkpt lat="45.92466096393764" lon="6.830392023548484">
        <ele>2241</ele>
        <time>2017-03-28T07:20:29Z</time>
      </trkpt>
      <trkpt lat="45.924545964226127" lon="6.830200999975205">
        <ele>2239</ele>
        <time>2017-03-28T07:20:49Z</time>
      </trkpt>
      <trkpt lat="45.924159977585077" lon="6.829797998070717">
        <ele>2222</ele>
        <time>2017-03-28T07:21:09Z</time>
      </trkpt>
      <trkpt lat="45.924080014228821" lon="6.829240014776588">
        <ele>2224</ele>
        <time>2017-03-28T07:21:29Z</time>
      </trkpt>
      <trkpt lat="45.923903994262218" lon="6.829380998387933">
        <ele>2217</ele>
        <time>2017-03-28T07:21:49Z</time>
      </trkpt>
      <trkpt lat="45.923817995935678" lon="6.829500021412969">
        <ele>2214</ele>
        <time>2017-03-28T07:22:09Z</time>
      </trkpt>
      <trkpt lat="45.923810033127666" lon="6.829340010881424">
        <ele>2214</ele>
        <time>2017-03-28T07:22:29Z</time>
      </trkpt>
      <trkpt lat="45.923810033127666" lon="6.829340010881424">
        <ele>2214</ele>
        <time>2017-03-28T07:22:49Z</time>
      </trkpt>
      <trkpt lat="45.92386300675571" lon="6.82916097342968">
        <ele>2216</ele>
        <time>2017-03-28T07:23:09Z</time>
      </trkpt>
      <trkpt lat="45.923601994290948" lon="6.82916097342968">
        <ele>2208</ele>
        <time>2017-03-28T07:23:29Z</time>
      </trkpt>
      <trkpt lat="45.923653962090611" lon="6.829355014488101">
        <ele>2210</ele>
        <time>2017-03-28T07:23:49Z</time>
      </trkpt>
      <trkpt lat="45.92352001927793" lon="6.82948300614953">
        <ele>2207</ele>
        <time>2017-03-28T07:24:09Z</time>
      </trkpt>
      <trkpt lat="45.923565030097961" lon="6.829687021672726">
        <ele>2207</ele>
        <time>2017-03-28T07:24:29Z</time>
      </trkpt>
      <trkpt lat="45.923414994031191" lon="6.829601023346186">
        <ele>2205</ele>
        <time>2017-03-28T07:24:49Z</time>
      </trkpt>
      <trkpt lat="45.923355985432863" lon="6.8294189684093">
        <ele>2205</ele>
        <time>2017-03-28T07:25:09Z</time>
      </trkpt>
      <trkpt lat="45.923206033185124" lon="6.829579984769225">
        <ele>2181</ele>
        <time>2017-03-28T07:25:29Z</time>
      </trkpt>
      <trkpt lat="45.923259006813169" lon="6.829258035868406">
        <ele>2190</ele>
        <time>2017-03-28T07:25:49Z</time>
      </trkpt>
      <trkpt lat="45.923183988779783" lon="6.829075980931521">
        <ele>2188</ele>
        <time>2017-03-28T07:26:09Z</time>
      </trkpt>
      <trkpt lat="45.923207039013505" lon="6.828760989010334">
        <ele>2184</ele>
        <time>2017-03-28T07:26:29Z</time>
      </trkpt>
      <trkpt lat="45.923079969361424" lon="6.828919993713498">
        <ele>2183</ele>
        <time>2017-03-28T07:26:49Z</time>
      </trkpt>
      <trkpt lat="45.922948038205504" lon="6.829292988404632">
        <ele>2178</ele>
        <time>2017-03-28T07:27:09Z</time>
      </trkpt>
      <trkpt lat="45.922620976343751" lon="6.829344034194946">
        <ele>2171</ele>
        <time>2017-03-28T07:27:29Z</time>
      </trkpt>
      <trkpt lat="45.922450991347432" lon="6.829421985894442">
        <ele>2152</ele>
        <time>2017-03-28T07:27:49Z</time>
      </trkpt>
      <trkpt lat="45.922708986327052" lon="6.829176982864738">
        <ele>2172</ele>
        <time>2017-03-28T07:28:09Z</time>
      </trkpt>
      <trkpt lat="45.92253397218883" lon="6.829145969823003">
        <ele>2168</ele>
        <time>2017-03-28T07:28:29Z</time>
      </trkpt>
      <trkpt lat="45.922200037166476" lon="6.829406982287765">
        <ele>2147</ele>
        <time>2017-03-28T07:28:49Z</time>
      </trkpt>
      <trkpt lat="45.92205704189837" lon="6.829527011141181">
        <ele>2143</ele>
        <time>2017-03-28T07:29:09Z</time>
      </trkpt>
      <trkpt lat="45.922199031338096" lon="6.828870037570596">
        <ele>2151</ele>
        <time>2017-03-28T07:29:29Z</time>
      </trkpt>
      <trkpt lat="45.92208101414144" lon="6.828770041465759">
        <ele>2148</ele>
        <time>2017-03-28T07:29:49Z</time>
      </trkpt>
      <trkpt lat="45.922348983585835" lon="6.828441973775625">
        <ele>2152</ele>
        <time>2017-03-28T07:30:09Z</time>
      </trkpt>
      <trkpt lat="45.922271031886339" lon="6.828406015411019">
        <ele>2151</ele>
        <time>2017-03-28T07:30:29Z</time>
      </trkpt>
      <trkpt lat="45.922329034656286" lon="6.828265031799674">
        <ele>2145</ele>
        <time>2017-03-28T07:30:49Z</time>
      </trkpt>
      <trkpt lat="45.922313025221229" lon="6.828134022653103">
        <ele>2142</ele>
        <time>2017-03-28T07:31:09Z</time>
      </trkpt>
      <trkpt lat="45.922099035233259" lon="6.828148020431399">
        <ele>2136</ele>
        <time>2017-03-28T07:31:29Z</time>
      </trkpt>
      <trkpt lat="45.921971965581179" lon="6.82797996327281">
        <ele>2132</ele>
        <time>2017-03-28T07:31:49Z</time>
      </trkpt>
      <trkpt lat="45.921926032751799" lon="6.828099992126226">
        <ele>2132</ele>
        <time>2017-03-28T07:32:09Z</time>
      </trkpt>
      <trkpt lat="45.921851014718413" lon="6.827833028510213">
        <ele>2128</ele>
        <time>2017-03-28T07:32:29Z</time>
      </trkpt>
      <trkpt lat="45.921775996685028" lon="6.827924977988005">
        <ele>2129</ele>
        <time>2017-03-28T07:32:49Z</time>
      </trkpt>
      <trkpt lat="45.921670971438289" lon="6.827760022133589">
        <ele>2124</ele>
        <time>2017-03-28T07:33:09Z</time>
      </trkpt>
      <trkpt lat="45.921551026403904" lon="6.828069984912872">
        <ele>2092</ele>
        <time>2017-03-28T07:33:29Z</time>
      </trkpt>
      <trkpt lat="45.921484977006912" lon="6.828041989356279">
        <ele>2088</ele>
        <time>2017-03-28T07:33:49Z</time>
      </trkpt>
      <trkpt lat="45.92130702920258" lon="6.828141985461116">
        <ele>2078</ele>
        <time>2017-03-28T07:34:09Z</time>
      </trkpt>
      <trkpt lat="45.921396967023611" lon="6.827906034886837">
        <ele>2082</ele>
        <time>2017-03-28T07:34:29Z</time>
      </trkpt>
      <trkpt lat="45.921360002830625" lon="6.827679974958301">
        <ele>2081</ele>
        <time>2017-03-28T07:34:49Z</time>
      </trkpt>
      <trkpt lat="45.921271992847323" lon="6.827590959146619">
        <ele>2077</ele>
        <time>2017-03-28T07:35:09Z</time>
      </trkpt>
      <trkpt lat="45.92120099812746" lon="6.827284013852477">
        <ele>2080</ele>
        <time>2017-03-28T07:35:29Z</time>
      </trkpt>
      <trkpt lat="45.921101002022624" lon="6.827143030241132">
        <ele>2077</ele>
        <time>2017-03-28T07:35:49Z</time>
      </trkpt>
      <trkpt lat="45.921101002022624" lon="6.827340004965663">
        <ele>2074</ele>
        <time>2017-03-28T07:36:09Z</time>
      </trkpt>
      <trkpt lat="45.920920958742499" lon="6.827130038291216">
        <ele>2073</ele>
        <time>2017-03-28T07:36:29Z</time>
      </trkpt>
      <trkpt lat="45.920550981536508" lon="6.827089972794056">
        <ele>2031</ele>
        <time>2017-03-28T07:36:49Z</time>
      </trkpt>
      <trkpt lat="45.920608984306455" lon="6.826849998906255">
        <ele>2038</ele>
        <time>2017-03-28T07:37:09Z</time>
      </trkpt>
      <trkpt lat="45.920437993481755" lon="6.826902972534299">
        <ele>2030</ele>
        <time>2017-03-28T07:37:29Z</time>
      </trkpt>
      <trkpt lat="45.920326011255383" lon="6.826815968379378">
        <ele>2026</ele>
        <time>2017-03-28T07:37:49Z</time>
      </trkpt>
      <trkpt lat="45.920360963791609" lon="6.827079998329282">
        <ele>2025</ele>
        <time>2017-03-28T07:38:09Z</time>
      </trkpt>
      <trkpt lat="45.920161977410316" lon="6.826901966705918">
        <ele>2021</ele>
        <time>2017-03-28T07:38:29Z</time>
      </trkpt>
      <trkpt lat="45.920230038464069" lon="6.827184017747641">
        <ele>2019</ele>
        <time>2017-03-28T07:38:49Z</time>
      </trkpt>
      <trkpt lat="45.920112021267414" lon="6.827058959752321">
        <ele>2018</ele>
        <time>2017-03-28T07:39:09Z</time>
      </trkpt>
      <trkpt lat="45.920136999338865" lon="6.827223999425769">
        <ele>2014</ele>
        <time>2017-03-28T07:39:29Z</time>
      </trkpt>
      <trkpt lat="45.919880010187626" lon="6.827107993885875">
        <ele>1986</ele>
        <time>2017-03-28T07:39:49Z</time>
      </trkpt>
      <trkpt lat="45.919931977987289" lon="6.827356014400721">
        <ele>1983</ele>
        <time>2017-03-28T07:40:09Z</time>
      </trkpt>
      <trkpt lat="45.920029040426016" lon="6.827562041580677">
        <ele>1989</ele>
        <time>2017-03-28T07:40:29Z</time>
      </trkpt>
      <trkpt lat="45.919917980208993" lon="6.82761300355196">
        <ele>1970</ele>
        <time>2017-03-28T07:40:49Z</time>
      </trkpt>
      <trkpt lat="45.919776996597648" lon="6.827552989125252">
        <ele>1963</ele>
        <time>2017-03-28T07:41:09Z</time>
      </trkpt>
      <trkpt lat="45.919536016881466" lon="6.827207989990711">
        <ele>1977</ele>
        <time>2017-03-28T07:41:29Z</time>
      </trkpt>
      <trkpt lat="45.919379023835063" lon="6.827222993597388">
        <ele>1972</ele>
        <time>2017-03-28T07:41:49Z</time>
      </trkpt>
      <trkpt lat="45.919166961684823" lon="6.827130960300565">
        <ele>1972</ele>
        <time>2017-03-28T07:42:09Z</time>
      </trkpt>
      <trkpt lat="45.918560028076172" lon="6.827309997752309">
        <ele>1949</ele>
        <time>2017-03-28T07:42:29Z</time>
      </trkpt>
      <trkpt lat="45.918120983988047" lon="6.827243026345968">
        <ele>1942</ele>
        <time>2017-03-28T07:42:49Z</time>
      </trkpt>
      <trkpt lat="45.917819989845157" lon="6.827311003580689">
        <ele>1939</ele>
        <time>2017-03-28T07:43:09Z</time>
      </trkpt>
      <trkpt lat="45.917518995702267" lon="6.827530022710562">
        <ele>1916</ele>
        <time>2017-03-28T07:43:29Z</time>
      </trkpt>
      <trkpt lat="45.917170979082584" lon="6.827530022710562">
        <ele>1885</ele>
        <time>2017-03-28T07:43:49Z</time>
      </trkpt>
      <trkpt lat="45.917067965492606" lon="6.827349979430437">
        <ele>1910</ele>
        <time>2017-03-28T07:44:09Z</time>
      </trkpt>
      <trkpt lat="45.916691031306982" lon="6.827539997175336">
        <ele>1879</ele>
        <time>2017-03-28T07:44:29Z</time>
      </trkpt>
      <trkpt lat="45.916618024930358" lon="6.827760022133589">
        <ele>1850</ele>
        <time>2017-03-28T07:44:49Z</time>
      </trkpt>
      <trkpt lat="45.916458014398813" lon="6.827739989385009">
        <ele>1846</ele>
        <time>2017-03-28T07:45:09Z</time>
      </trkpt>
      <trkpt lat="45.916355000808835" lon="6.827383004128933">
        <ele>1864</ele>
        <time>2017-03-28T07:45:29Z</time>
      </trkpt>
      <trkpt lat="45.916137993335724" lon="6.827408988028765">
        <ele>1854</ele>
        <time>2017-03-28T07:45:49Z</time>
      </trkpt>
      <trkpt lat="45.916073033586144" lon="6.827216958627105">
        <ele>1854</ele>
        <time>2017-03-28T07:46:09Z</time>
      </trkpt>
      <trkpt lat="45.915858959779143" lon="6.826810017228127">
        <ele>1849</ele>
        <time>2017-03-28T07:46:29Z</time>
      </trkpt>
      <trkpt lat="45.915643963962793" lon="6.826784033328295">
        <ele>1816</ele>
        <time>2017-03-28T07:46:49Z</time>
      </trkpt>
      <trkpt lat="45.915449000895023" lon="6.826444985345006">
        <ele>1820</ele>
        <time>2017-03-28T07:47:09Z</time>
      </trkpt>
      <trkpt lat="45.915109030902386" lon="6.825988003984094">
        <ele>1811</ele>
        <time>2017-03-28T07:47:29Z</time>
      </trkpt>
      <trkpt lat="45.914924964308739" lon="6.825850959867239">
        <ele>1791</ele>
        <time>2017-03-28T07:47:49Z</time>
      </trkpt>
      <trkpt lat="45.914815999567509" lon="6.825676029548049">
        <ele>1792</ele>
        <time>2017-03-28T07:48:09Z</time>
      </trkpt>
      <trkpt lat="45.914766965433955" lon="6.825511995702982">
        <ele>1792</ele>
        <time>2017-03-28T07:48:29Z</time>
      </trkpt>
      <trkpt lat="45.914550041779876" lon="6.825501015409827">
        <ele>1785</ele>
        <time>2017-03-28T07:48:49Z</time>
      </trkpt>
      <trkpt lat="45.913848979398608" lon="6.824930040165782">
        <ele>1764</ele>
        <time>2017-03-28T07:49:09Z</time>
      </trkpt>
      <trkpt lat="45.913303988054395" lon="6.824716972187161">
        <ele>1724</ele>
        <time>2017-03-28T07:49:29Z</time>
      </trkpt>
      <trkpt lat="45.912418020889163" lon="6.822600038722158">
        <ele>1692</ele>
        <time>2017-03-28T07:49:49Z</time>
      </trkpt>
      <trkpt lat="45.912465965375304" lon="6.822396023198962">
        <ele>1686</ele>
        <time>2017-03-28T07:50:09Z</time>
      </trkpt>
      <trkpt lat="45.912349037826061" lon="6.822040965780616">
        <ele>1668</ele>
        <time>2017-03-28T07:50:29Z</time>
      </trkpt>
      <trkpt lat="45.912409974262118" lon="6.821954967454076">
        <ele>1668</ele>
        <time>2017-03-28T07:50:49Z</time>
      </trkpt>
      <trkpt lat="45.912404023110867" lon="6.821637963876128">
        <ele>1672</ele>
        <time>2017-03-28T07:51:09Z</time>
      </trkpt>
      <trkpt lat="45.912551041692495" lon="6.821116022765636">
        <ele>1703</ele>
        <time>2017-03-28T07:51:29Z</time>
      </trkpt>
      <trkpt lat="45.912269996479154" lon="6.821239991113544">
        <ele>1676</ele>
        <time>2017-03-28T07:51:49Z</time>
      </trkpt>
      <trkpt lat="45.912379967048764" lon="6.821048967540264">
        <ele>1684</ele>
        <time>2017-03-28T07:52:09Z</time>
      </trkpt>
      <trkpt lat="45.911129973828793" lon="6.820833971723914">
        <ele>1642</ele>
        <time>2017-03-28T07:52:29Z</time>
      </trkpt>
      <trkpt lat="45.910863010212779" lon="6.820530965924263">
        <ele>1661</ele>
        <time>2017-03-28T07:52:49Z</time>
      </trkpt>
      <trkpt lat="45.910842977464199" lon="6.820686031132937">
        <ele>1652</ele>
        <time>2017-03-28T07:53:09Z</time>
      </trkpt>
      <trkpt lat="45.910690007731318" lon="6.820486038923264">
        <ele>1635</ele>
        <time>2017-03-28T07:53:29Z</time>
      </trkpt>
      <trkpt lat="45.910679027438164" lon="6.820770017802715">
        <ele>1634</ele>
        <time>2017-03-28T07:53:49Z</time>
      </trkpt>
      <trkpt lat="45.910537960007787" lon="6.820567008107901">
        <ele>1631</ele>
        <time>2017-03-28T07:54:09Z</time>
      </trkpt>
      <trkpt lat="45.910461014136672" lon="6.820850986987352">
        <ele>1607</ele>
        <time>2017-03-28T07:54:29Z</time>
      </trkpt>
      <trkpt lat="45.910264039412141" lon="6.820529038086534">
        <ele>1624</ele>
        <time>2017-03-28T07:54:49Z</time>
      </trkpt>
      <trkpt lat="45.910182986408472" lon="6.820880994200707">
        <ele>1598</ele>
        <time>2017-03-28T07:55:09Z</time>
      </trkpt>
      <trkpt lat="45.909757018089294" lon="6.820618975907564">
        <ele>1590</ele>
        <time>2017-03-28T07:55:29Z</time>
      </trkpt>
      <trkpt lat="45.909745031967759" lon="6.820030985400081">
        <ele>1598</ele>
        <time>2017-03-28T07:55:49Z</time>
      </trkpt>
      <trkpt lat="45.909069031476974" lon="6.818329961970449">
        <ele>1591</ele>
        <time>2017-03-28T07:56:09Z</time>
      </trkpt>
      <trkpt lat="45.908858980983496" lon="6.817453969269991">
        <ele>1593</ele>
        <time>2017-03-28T07:56:29Z</time>
      </trkpt>
      <trkpt lat="45.908668041229248" lon="6.817134032025933">
        <ele>1587</ele>
        <time>2017-03-28T07:56:49Z</time>
      </trkpt>
      <trkpt lat="45.908735012635589" lon="6.81680403649807">
        <ele>1591</ele>
        <time>2017-03-28T07:57:09Z</time>
      </trkpt>
      <trkpt lat="45.908749010413885" lon="6.816430035978556">
        <ele>1596</ele>
        <time>2017-03-28T07:57:29Z</time>
      </trkpt>
      <trkpt lat="45.908489003777504" lon="6.816259967163205">
        <ele>1589</ele>
        <time>2017-03-28T07:57:49Z</time>
      </trkpt>
      <trkpt lat="45.908466037362814" lon="6.815999960526824">
        <ele>1585</ele>
        <time>2017-03-28T07:58:09Z</time>
      </trkpt>
      <trkpt lat="45.908607020974159" lon="6.815643981099129">
        <ele>1593</ele>
        <time>2017-03-28T07:58:29Z</time>
      </trkpt>
      <trkpt lat="45.908539965748787" lon="6.815271992236376">
        <ele>1593</ele>
        <time>2017-03-28T07:58:49Z</time>
      </trkpt>
      <trkpt lat="45.908239977434278" lon="6.814844012260437">
        <ele>1563</ele>
        <time>2017-03-28T07:59:09Z</time>
      </trkpt>
      <trkpt lat="45.908228997141123" lon="6.814369009807706">
        <ele>1560</ele>
        <time>2017-03-28T07:59:29Z</time>
      </trkpt>
      <trkpt lat="45.907914005219936" lon="6.813706001266837">
        <ele>1552</ele>
        <time>2017-03-28T07:59:49Z</time>
      </trkpt>
      <trkpt lat="45.907848039641976" lon="6.813980005681515">
        <ele>1548</ele>
        <time>2017-03-28T08:00:09Z</time>
      </trkpt>
      <trkpt lat="45.907738991081715" lon="6.81364799849689">
        <ele>1547</ele>
        <time>2017-03-28T08:00:29Z</time>
      </trkpt>
      <trkpt lat="45.90766497887671" lon="6.814068015664816">
        <ele>1539</ele>
        <time>2017-03-28T08:00:49Z</time>
      </trkpt>
      <trkpt lat="45.907504968345165" lon="6.813833992928267">
        <ele>1541</ele>
        <time>2017-03-28T08:01:09Z</time>
      </trkpt>
      <trkpt lat="45.907359961420298" lon="6.813450017943978">
        <ele>1516</ele>
        <time>2017-03-28T08:01:29Z</time>
      </trkpt>
      <trkpt lat="45.907325008884072" lon="6.812915001064539">
        <ele>1510</ele>
        <time>2017-03-28T08:01:49Z</time>
      </trkpt>
      <trkpt lat="45.907039018347859" lon="6.811872040852904">
        <ele>1507</ele>
        <time>2017-03-28T08:02:09Z</time>
      </trkpt>
      <trkpt lat="45.906951008364558" lon="6.811296036466956">
        <ele>1509</ele>
        <time>2017-03-28T08:02:29Z</time>
      </trkpt>
      <trkpt lat="45.906811030581594" lon="6.811771960929036">
        <ele>1499</ele>
        <time>2017-03-28T08:02:49Z</time>
      </trkpt>
      <trkpt lat="45.906823016703129" lon="6.812117965891957">
        <ele>1499</ele>
        <time>2017-03-28T08:03:09Z</time>
      </trkpt>
      <trkpt lat="45.906775994226336" lon="6.812270013615489">
        <ele>1494</ele>
        <time>2017-03-28T08:03:29Z</time>
      </trkpt>
      <trkpt lat="45.906765013933182" lon="6.8126389849931">
        <ele>1487</ele>
        <time>2017-03-28T08:03:49Z</time>
      </trkpt>
      <trkpt lat="45.906683960929513" lon="6.812721965834498">
        <ele>1488</ele>
        <time>2017-03-28T08:04:09Z</time>
      </trkpt>
      <trkpt lat="45.906737018376589" lon="6.812996976077557">
        <ele>1493</ele>
        <time>2017-03-28T08:04:29Z</time>
      </trkpt>
      <trkpt lat="45.906521016731858" lon="6.813915967941284">
        <ele>1481</ele>
        <time>2017-03-28T08:04:49Z</time>
      </trkpt>
      <trkpt lat="45.906439963728189" lon="6.813914040103555">
        <ele>1480</ele>
        <time>2017-03-28T08:05:09Z</time>
      </trkpt>
      <trkpt lat="45.906378021463752" lon="6.81367096491158">
        <ele>1479</ele>
        <time>2017-03-28T08:05:29Z</time>
      </trkpt>
      <trkpt lat="45.906224967911839" lon="6.813511960208416">
        <ele>1478</ele>
        <time>2017-03-28T08:05:49Z</time>
      </trkpt>
      <trkpt lat="45.906136035919189" lon="6.812856998294592">
        <ele>1476</ele>
        <time>2017-03-28T08:06:09Z</time>
      </trkpt>
      <trkpt lat="45.905972002074122" lon="6.813033018261194">
        <ele>1476</ele>
        <time>2017-03-28T08:06:29Z</time>
      </trkpt>
      <trkpt lat="45.905845016241074" lon="6.812741998583078">
        <ele>1477</ele>
        <time>2017-03-28T08:06:49Z</time>
      </trkpt>
      <trkpt lat="45.905718030408025" lon="6.812117965891957">
        <ele>1467</ele>
        <time>2017-03-28T08:07:09Z</time>
      </trkpt>
      <trkpt lat="45.905569000169635" lon="6.811717981472611">
        <ele>1464</ele>
        <time>2017-03-28T08:07:29Z</time>
      </trkpt>
      <trkpt lat="45.905446037650108" lon="6.810716008767486">
        <ele>1380</ele>
        <time>2017-03-28T08:07:49Z</time>
      </trkpt>
      <trkpt lat="45.905397003516555" lon="6.80984303355217">
        <ele>1376</ele>
        <time>2017-03-28T08:08:09Z</time>
      </trkpt>
      <trkpt lat="45.905265994369984" lon="6.809232998639345">
        <ele>1371</ele>
        <time>2017-03-28T08:08:29Z</time>
      </trkpt>
      <trkpt lat="45.905173039063811" lon="6.809829035773873">
        <ele>1360</ele>
        <time>2017-03-28T08:08:49Z</time>
      </trkpt>
      <trkpt lat="45.905072037130594" lon="6.810048976913095">
        <ele>1340</ele>
        <time>2017-03-28T08:09:09Z</time>
      </trkpt>
      <trkpt lat="45.904412968084216" lon="6.807443965226412">
        <ele>1367</ele>
        <time>2017-03-28T08:09:29Z</time>
      </trkpt>
      <trkpt lat="45.904185986146331" lon="6.806990001350641">
        <ele>1344</ele>
        <time>2017-03-28T08:09:49Z</time>
      </trkpt>
      <trkpt lat="45.904125971719623" lon="6.806461019441485">
        <ele>1288</ele>
        <time>2017-03-28T08:10:09Z</time>
      </trkpt>
      <trkpt lat="45.904199983924627" lon="6.8059750366956">
        <ele>1290</ele>
        <time>2017-03-28T08:10:29Z</time>
      </trkpt>
      <trkpt lat="45.904402993619442" lon="6.805515959858894">
        <ele>1305</ele>
        <time>2017-03-28T08:10:49Z</time>
      </trkpt>
      <trkpt lat="45.904381033033133" lon="6.804390018805862">
        <ele>1298</ele>
        <time>2017-03-28T08:11:09Z</time>
      </trkpt>
      <trkpt lat="45.903992028906941" lon="6.802539965137839">
        <ele>1267</ele>
        <time>2017-03-28T08:11:29Z</time>
      </trkpt>
      <trkpt lat="45.903976019471884" lon="6.802006037905812">
        <ele>1261</ele>
        <time>2017-03-28T08:11:49Z</time>
      </trkpt>
      <trkpt lat="45.903782984241843" lon="6.801825994625688">
        <ele>1257</ele>
        <time>2017-03-28T08:12:09Z</time>
      </trkpt>
      <trkpt lat="45.903611993417144" lon="6.801732033491135">
        <ele>1250</ele>
        <time>2017-03-28T08:12:29Z</time>
      </trkpt>
      <trkpt lat="45.903557008132339" lon="6.801887014880776">
        <ele>1250</ele>
        <time>2017-03-28T08:12:49Z</time>
      </trkpt>
      <trkpt lat="45.903749959543347" lon="6.802154984325171">
        <ele>1256</ele>
        <time>2017-03-28T08:13:09Z</time>
      </trkpt>
      <trkpt lat="45.903853978961706" lon="6.802391018718481">
        <ele>1260</ele>
        <time>2017-03-28T08:13:29Z</time>
      </trkpt>
      <trkpt lat="45.903750965371728" lon="6.802397975698113">
        <ele>1256</ele>
        <time>2017-03-28T08:13:49Z</time>
      </trkpt>
      <trkpt lat="45.903467992320657" lon="6.802168982103467">
        <ele>1249</ele>
        <time>2017-03-28T08:14:09Z</time>
      </trkpt>
      <trkpt lat="45.903503028675914" lon="6.802512975409627">
        <ele>1244</ele>
        <time>2017-03-28T08:14:29Z</time>
      </trkpt>
      <trkpt lat="45.903432033956051" lon="6.802627975121141">
        <ele>1243</ele>
        <time>2017-03-28T08:14:49Z</time>
      </trkpt>
      <trkpt lat="45.902966000139713" lon="6.80206798017025">
        <ele>1207</ele>
        <time>2017-03-28T08:15:09Z</time>
      </trkpt>
      <trkpt lat="45.902991984039545" lon="6.801215037703514">
        <ele>1204</ele>
        <time>2017-03-28T08:15:29Z</time>
      </trkpt>
      <trkpt lat="45.90291696600616" lon="6.800512969493866">
        <ele>1197</ele>
        <time>2017-03-28T08:15:49Z</time>
      </trkpt>
      <trkpt lat="45.9025729727" lon="6.801067013293505">
        <ele>1188</ele>
        <time>2017-03-28T08:16:09Z</time>
      </trkpt>
      <trkpt lat="45.902326963841915" lon="6.801546039059758">
        <ele>1162</ele>
        <time>2017-03-28T08:16:29Z</time>
      </trkpt>
      <trkpt lat="45.902222022414207" lon="6.802417002618313">
        <ele>1159</ele>
        <time>2017-03-28T08:16:49Z</time>
      </trkpt>
      <trkpt lat="45.902092019096017" lon="6.802333015948534">
        <ele>1153</ele>
        <time>2017-03-28T08:17:09Z</time>
      </trkpt>
      <trkpt lat="45.901892026886344" lon="6.802485985681415">
        <ele>1144</ele>
        <time>2017-03-28T08:17:29Z</time>
      </trkpt>
      <trkpt lat="45.901788007467985" lon="6.802740041166544">
        <ele>1142</ele>
        <time>2017-03-28T08:17:49Z</time>
      </trkpt>
      <trkpt lat="45.901345023885369" lon="6.803114041686058">
        <ele>1111</ele>
        <time>2017-03-28T08:18:09Z</time>
      </trkpt>
      <trkpt lat="45.901076970621943" lon="6.802921006456018">
        <ele>1105</ele>
        <time>2017-03-28T08:18:29Z</time>
      </trkpt>
      <trkpt lat="45.900934981182218" lon="6.80290600284934">
        <ele>1103</ele>
        <time>2017-03-28T08:18:49Z</time>
      </trkpt>
      <trkpt lat="45.901050986722112" lon="6.80361301638186">
        <ele>1098</ele>
        <time>2017-03-28T08:19:09Z</time>
      </trkpt>
      <trkpt lat="45.900798020884395" lon="6.804133029654622">
        <ele>1075</ele>
        <time>2017-03-28T08:19:29Z</time>
      </trkpt>
      <trkpt lat="45.900691989809275" lon="6.804594034329057">
        <ele>1060</ele>
        <time>2017-03-28T08:19:49Z</time>
      </trkpt>
      <trkpt lat="45.900624012574553" lon="6.80471196770668">
        <ele>1058</ele>
        <time>2017-03-28T08:20:09Z</time>
      </trkpt>
      <trkpt lat="45.900253029540181" lon="6.804333021864295">
        <ele>1053</ele>
        <time>2017-03-28T08:20:29Z</time>
      </trkpt>
      <trkpt lat="45.899912975728512" lon="6.803866988047957">
        <ele>1041</ele>
        <time>2017-03-28T08:20:49Z</time>
      </trkpt>
      <trkpt lat="45.899723963811994" lon="6.803730027750135">
        <ele>1040</ele>
        <time>2017-03-28T08:21:09Z</time>
      </trkpt>
      <trkpt lat="45.899959998205304" lon="6.804499989375472">
        <ele>1030</ele>
        <time>2017-03-28T08:21:29Z</time>
      </trkpt>
      <trkpt lat="45.899879029020667" lon="6.80456000380218">
        <ele>1028</ele>
        <time>2017-03-28T08:21:49Z</time>
      </trkpt>
      <trkpt lat="45.899577029049397" lon="6.804178962484002">
        <ele>1026</ele>
        <time>2017-03-28T08:22:09Z</time>
      </trkpt>
      <trkpt lat="45.899325991049409" lon="6.80406698025763">
        <ele>1028</ele>
        <time>2017-03-28T08:22:29Z</time>
      </trkpt>
      <trkpt lat="45.899190036579967" lon="6.803733967244625">
        <ele>1033</ele>
        <time>2017-03-28T08:22:49Z</time>
      </trkpt>
      <trkpt lat="45.898728026077151" lon="6.80337798781693">
        <ele>1015</ele>
        <time>2017-03-28T08:23:09Z</time>
      </trkpt>
      <trkpt lat="45.898356037214398" lon="6.802957970649004">
        <ele>1024</ele>
        <time>2017-03-28T08:23:29Z</time>
      </trkpt>
      <trkpt lat="45.89805998839438" lon="6.802740041166544">
        <ele>1010</ele>
        <time>2017-03-28T08:23:49Z</time>
      </trkpt>
      <trkpt lat="45.897669978439808" lon="6.802152972668409">
        <ele>1015</ele>
        <time>2017-03-28T08:24:09Z</time>
      </trkpt>
      <trkpt lat="45.897639971226454" lon="6.801269017159939">
        <ele>1022</ele>
        <time>2017-03-28T08:24:29Z</time>
      </trkpt>
      <trkpt lat="45.897277034819126" lon="6.800338039174676">
        <ele>1012</ele>
        <time>2017-03-28T08:24:49Z</time>
      </trkpt>
      <trkpt lat="45.896930024027824" lon="6.800149027258158">
        <ele>1010</ele>
        <time>2017-03-28T08:25:09Z</time>
      </trkpt>
      <trkpt lat="45.896777976304293" lon="6.799900000914931">
        <ele>1019</ele>
        <time>2017-03-28T08:25:29Z</time>
      </trkpt>
      <trkpt lat="45.89481602422893" lon="6.798735000193119">
        <ele>992</ele>
        <time>2017-03-28T08:25:49Z</time>
      </trkpt>
      <trkpt lat="45.894546965137124" lon="6.798935998231173">
        <ele>987</ele>
        <time>2017-03-28T08:26:09Z</time>
      </trkpt>
      <trkpt lat="45.893940031528473" lon="6.797839980572462">
        <ele>986</ele>
        <time>2017-03-28T08:26:29Z</time>
      </trkpt>
      <trkpt lat="45.893881022930145" lon="6.797961015254259">
        <ele>984</ele>
        <time>2017-03-28T08:26:49Z</time>
      </trkpt>
      <trkpt lat="45.893681030720472" lon="6.799127021804452">
        <ele>980</ele>
        <time>2017-03-28T08:27:09Z</time>
      </trkpt>
      <trkpt lat="45.893298983573914" lon="6.799709983170033">
        <ele>992</ele>
        <time>2017-03-28T08:27:29Z</time>
      </trkpt>
      <trkpt lat="45.893053980544209" lon="6.799645023420453">
        <ele>993</ele>
        <time>2017-03-28T08:27:49Z</time>
      </trkpt>
      <trkpt lat="45.892575038596988" lon="6.798988971859217">
        <ele>990</ele>
        <time>2017-03-28T08:28:09Z</time>
      </trkpt>
      <trkpt lat="45.892379991710186" lon="6.799149988219142">
        <ele>997</ele>
        <time>2017-03-28T08:28:29Z</time>
      </trkpt>
      <trkpt lat="45.892502032220364" lon="6.799709983170033">
        <ele>997</ele>
        <time>2017-03-28T08:28:49Z</time>
      </trkpt>
      <trkpt lat="45.892502032220364" lon="6.799709983170033">
        <ele>997</ele>
        <time>2017-03-28T08:29:09Z</time>
      </trkpt>
      <trkpt lat="45.892335986718535" lon="6.799877034500241">
        <ele>1004</ele>
        <time>2017-03-28T08:29:29Z</time>
      </trkpt>
      <trkpt lat="45.891947988420725" lon="6.799264987930656">
        <ele>1006</ele>
        <time>2017-03-28T08:29:49Z</time>
      </trkpt>
      <trkpt lat="45.891775991767645" lon="6.799093997105956">
        <ele>1004</ele>
        <time>2017-03-28T08:30:09Z</time>
      </trkpt>
      <trkpt lat="45.890767984092236" lon="6.798708010464907">
        <ele>1011</ele>
        <time>2017-03-28T08:30:29Z</time>
      </trkpt>
    </trkseg>
  </trk>

</gpx>