<?xml version="1.0" encoding="utf-8"?><gpx creator="Garmin Desktop App" version="1.1" xsi:schemaLocation="http://www.topografix.com/GPX/1/1 http://www.topografix.com/GPX/1/1/gpx.xsd http://www.garmin.com/xmlschemas/WaypointExtension/v1 http://www8.garmin.com/xmlschemas/WaypointExtensionv1.xsd http://www.garmin.com/xmlschemas/TrackPointExtension/v1 http://www.garmin.com/xmlschemas/TrackPointExtensionv1.xsd http://www.garmin.com/xmlschemas/GpxExtensions/v3 http://www8.garmin.com/xmlschemas/GpxExtensionsv3.xsd http://www.garmin.com/xmlschemas/ActivityExtension/v1 http://www8.garmin.com/xmlschemas/ActivityExtensionv1.xsd http://www.garmin.com/xmlschemas/AdventuresExtensions/v1 http://www8.garmin.com/xmlschemas/AdventuresExtensionv1.xsd http://www.garmin.com/xmlschemas/PressureExtension/v1 http://www.garmin.com/xmlschemas/PressureExtensionv1.xsd http://www.garmin.com/xmlschemas/TripExtensions/v1 http://www.garmin.com/xmlschemas/TripExtensionsv1.xsd http://www.garmin.com/xmlschemas/TripMetaDataExtensions/v1 http://www.garmin.com/xmlschemas/TripMetaDataExtensionsv1.xsd http://www.garmin.com/xmlschemas/ViaPointTransportationModeExtensions/v1 http://www.garmin.com/xmlschemas/ViaPointTransportationModeExtensionsv1.xsd http://www.garmin.com/xmlschemas/CreationTimeExtension/v1 http://www.garmin.com/xmlschemas/CreationTimeExtensionsv1.xsd http://www.garmin.com/xmlschemas/AccelerationExtension/v1 http://www.garmin.com/xmlschemas/AccelerationExtensionv1.xsd http://www.garmin.com/xmlschemas/PowerExtension/v1 http://www.garmin.com/xmlschemas/PowerExtensionv1.xsd http://www.garmin.com/xmlschemas/VideoExtension/v1 http://www.garmin.com/xmlschemas/VideoExtensionv1.xsd" xmlns="http://www.topografix.com/GPX/1/1" xmlns:xsi="http://www.w3.org/2001/XMLSchema-instance" xmlns:wptx1="http://www.garmin.com/xmlschemas/WaypointExtension/v1" xmlns:gpxtrx="http://www.garmin.com/xmlschemas/GpxExtensions/v3" xmlns:gpxtpx="http://www.garmin.com/xmlschemas/TrackPointExtension/v1" xmlns:gpxx="http://www.garmin.com/xmlschemas/GpxExtensions/v3" xmlns:trp="http://www.garmin.com/xmlschemas/TripExtensions/v1" xmlns:adv="http://www.garmin.com/xmlschemas/AdventuresExtensions/v1" xmlns:prs="http://www.garmin.com/xmlschemas/PressureExtension/v1" xmlns:tmd="http://www.garmin.com/xmlschemas/TripMetaDataExtensions/v1" xmlns:vptm="http://www.garmin.com/xmlschemas/ViaPointTransportationModeExtensions/v1" xmlns:ctx="http://www.garmin.com/xmlschemas/CreationTimeExtension/v1" xmlns:gpxacc="http://www.garmin.com/xmlschemas/AccelerationExtension/v1" xmlns:gpxpx="http://www.garmin.com/xmlschemas/PowerExtension/v1" xmlns:vidx1="http://www.garmin.com/xmlschemas/VideoExtension/v1">

  <metadata>
    <link href="http://www.garmin.com">
      <text>Garmin International</text>
    </link>
    <time>2018-04-18T11:07:45Z</time>
    <bounds maxlat="44.14183602668345" maxlon="7.522578975185752" minlat="43.784977002069354" minlon="7.186240023002029" />
  </metadata>

  <trk>
    <name>Part 15 - FR GR52 St Dalmas to Menton</name>
    <desc>Randonnée avec le GR52 à travers les Alpes Maritimes par le Parc National du Mercantour de St Dalmas de Valdeblore à Menton. Gîtes d'étapes, Chambres d'hôtes, Hôtels, Camping, Refuges, Auberges.</desc>
    <extensions>
      <gpxx:TrackExtension>
        <gpxx:DisplayColor>Blue</gpxx:DisplayColor>
      </gpxx:TrackExtension>
    </extensions>
    <trkseg>
      <trkpt lat="44.066728977486491" lon="7.201045984402299">
        <ele>1284</ele>
        <time>2016-08-21T16:13:24Z</time>
      </trkpt>
      <trkpt lat="44.06870299950242" lon="7.20136801712215">
        <ele>1311</ele>
        <time>2016-08-21T16:13:44Z</time>
      </trkpt>
      <trkpt lat="44.069813014939427" lon="7.201990038156509">
        <ele>1326</ele>
        <time>2016-08-21T16:14:04Z</time>
      </trkpt>
      <trkpt lat="44.070661012083292" lon="7.202119035646319">
        <ele>1342</ele>
        <time>2016-08-21T16:14:24Z</time>
      </trkpt>
      <trkpt lat="44.070552969351411" lon="7.202763017266989">
        <ele>1341</ele>
        <time>2016-08-21T16:14:44Z</time>
      </trkpt>
      <trkpt lat="44.07110801897943" lon="7.202892014756799">
        <ele>1355</ele>
        <time>2016-08-21T16:15:04Z</time>
      </trkpt>
      <trkpt lat="44.072926975786686" lon="7.201669011265039">
        <ele>1385</ele>
        <time>2016-08-21T16:15:24Z</time>
      </trkpt>
      <trkpt lat="44.073188994079828" lon="7.201904961839318">
        <ele>1387</ele>
        <time>2016-08-21T16:15:44Z</time>
      </trkpt>
      <trkpt lat="44.074637973681092" lon="7.202054997906089">
        <ele>1421</ele>
        <time>2016-08-21T16:16:04Z</time>
      </trkpt>
      <trkpt lat="44.075547996908426" lon="7.201754003763199">
        <ele>1445</ele>
        <time>2016-08-21T16:16:24Z</time>
      </trkpt>
      <trkpt lat="44.076333967968822" lon="7.202119035646319">
        <ele>1464</ele>
        <time>2016-08-21T16:16:44Z</time>
      </trkpt>
      <trkpt lat="44.077320015057921" lon="7.201947038993239">
        <ele>1485</ele>
        <time>2016-08-21T16:17:04Z</time>
      </trkpt>
      <trkpt lat="44.077721005305648" lon="7.202591020613909">
        <ele>1501</ele>
        <time>2016-08-21T16:17:24Z</time>
      </trkpt>
      <trkpt lat="44.079263024032116" lon="7.202720018103719">
        <ele>1538</ele>
        <time>2016-08-21T16:17:44Z</time>
      </trkpt>
      <trkpt lat="44.079864006489515" lon="7.203063005581498">
        <ele>1548</ele>
        <time>2016-08-21T16:18:04Z</time>
      </trkpt>
      <trkpt lat="44.080680990591645" lon="7.2015830129385">
        <ele>1564</ele>
        <time>2016-08-21T16:18:24Z</time>
      </trkpt>
      <trkpt lat="44.081806009635329" lon="7.201669011265039">
        <ele>1601</ele>
        <time>2016-08-21T16:18:44Z</time>
      </trkpt>
      <trkpt lat="44.082500031217933" lon="7.20036000944674">
        <ele>1603</ele>
        <time>2016-08-21T16:19:04Z</time>
      </trkpt>
      <trkpt lat="44.08354802057147" lon="7.20018801279366">
        <ele>1639</ele>
        <time>2016-08-21T16:19:24Z</time>
      </trkpt>
      <trkpt lat="44.083840968087316" lon="7.199759026989341">
        <ele>1646</ele>
        <time>2016-08-21T16:19:44Z</time>
      </trkpt>
      <trkpt lat="44.08414900302887" lon="7.199544031172991">
        <ele>1650</ele>
        <time>2016-08-21T16:20:04Z</time>
      </trkpt>
      <trkpt lat="44.084380008280277" lon="7.198536023497582">
        <ele>1671</ele>
        <time>2016-08-21T16:20:24Z</time>
      </trkpt>
      <trkpt lat="44.085150975733995" lon="7.197871003299952">
        <ele>1692</ele>
        <time>2016-08-21T16:20:44Z</time>
      </trkpt>
      <trkpt lat="44.085906017571688" lon="7.198127992451191">
        <ele>1717</ele>
        <time>2016-08-21T16:21:04Z</time>
      </trkpt>
      <trkpt lat="44.086507000029087" lon="7.198084993287921">
        <ele>1726</ele>
        <time>2016-08-21T16:21:24Z</time>
      </trkpt>
      <trkpt lat="44.086614958941936" lon="7.19859997741878">
        <ele>1731</ele>
        <time>2016-08-21T16:21:44Z</time>
      </trkpt>
      <trkpt lat="44.086800031363964" lon="7.198664015159011">
        <ele>1747</ele>
        <time>2016-08-21T16:22:04Z</time>
      </trkpt>
      <trkpt lat="44.087416017428041" lon="7.19784895889461">
        <ele>1751</ele>
        <time>2016-08-21T16:22:24Z</time>
      </trkpt>
      <trkpt lat="44.087663032114506" lon="7.198107037693262">
        <ele>1770</ele>
        <time>2016-08-21T16:22:44Z</time>
      </trkpt>
      <trkpt lat="44.087970983237028" lon="7.197742005810142">
        <ele>1776</ele>
        <time>2016-08-21T16:23:04Z</time>
      </trkpt>
      <trkpt lat="44.088264014571905" lon="7.198170991614461">
        <ele>1783</ele>
        <time>2016-08-21T16:23:24Z</time>
      </trkpt>
      <trkpt lat="44.08861898817122" lon="7.197527009993792">
        <ele>1801</ele>
        <time>2016-08-21T16:23:44Z</time>
      </trkpt>
      <trkpt lat="44.089065995067358" lon="7.197333974763751">
        <ele>1812</ele>
        <time>2016-08-21T16:24:04Z</time>
      </trkpt>
      <trkpt lat="44.089389033615589" lon="7.196969026699662">
        <ele>1828</ele>
        <time>2016-08-21T16:24:24Z</time>
      </trkpt>
      <trkpt lat="44.089389033615589" lon="7.196367960423231">
        <ele>1828</ele>
        <time>2016-08-21T16:24:44Z</time>
      </trkpt>
      <trkpt lat="44.08982103690505" lon="7.196004018187523">
        <ele>1834</ele>
        <time>2016-08-21T16:25:04Z</time>
      </trkpt>
      <trkpt lat="44.090021029114723" lon="7.195466989651322">
        <ele>1845</ele>
        <time>2016-08-21T16:25:24Z</time>
      </trkpt>
      <trkpt lat="44.090391006320715" lon="7.195016965270042">
        <ele>1848</ele>
        <time>2016-08-21T16:25:44Z</time>
      </trkpt>
      <trkpt lat="44.090453032404184" lon="7.194029996171594">
        <ele>1860</ele>
        <time>2016-08-21T16:26:04Z</time>
      </trkpt>
      <trkpt lat="44.090622011572123" lon="7.193621965125203">
        <ele>1865</ele>
        <time>2016-08-21T16:26:24Z</time>
      </trkpt>
      <trkpt lat="44.090391006320715" lon="7.193171018734574">
        <ele>1881</ele>
        <time>2016-08-21T16:26:44Z</time>
      </trkpt>
      <trkpt lat="44.091007998213172" lon="7.192527959123254">
        <ele>1890</ele>
        <time>2016-08-21T16:27:04Z</time>
      </trkpt>
      <trkpt lat="44.092364022508264" lon="7.191540990024805">
        <ele>1921</ele>
        <time>2016-08-21T16:27:24Z</time>
      </trkpt>
      <trkpt lat="44.093042034655809" lon="7.191219041123986">
        <ele>1941</ele>
        <time>2016-08-21T16:27:44Z</time>
      </trkpt>
      <trkpt lat="44.093102971091866" lon="7.190725011751056">
        <ele>1932</ele>
        <time>2016-08-21T16:28:04Z</time>
      </trkpt>
      <trkpt lat="44.093427015468478" lon="7.190468022599816">
        <ele>1944</ele>
        <time>2016-08-21T16:28:24Z</time>
      </trkpt>
      <trkpt lat="44.093534974381328" lon="7.190081030130386">
        <ele>1933</ele>
        <time>2016-08-21T16:28:44Z</time>
      </trkpt>
      <trkpt lat="44.095029970631003" lon="7.189159020781517">
        <ele>1944</ele>
        <time>2016-08-21T16:29:04Z</time>
      </trkpt>
      <trkpt lat="44.095169026404619" lon="7.188858026638627">
        <ele>1943</ele>
        <time>2016-08-21T16:29:24Z</time>
      </trkpt>
      <trkpt lat="44.09553799778223" lon="7.188750989735127">
        <ele>1948</ele>
        <time>2016-08-21T16:29:44Z</time>
      </trkpt>
      <trkpt lat="44.09586195833981" lon="7.188256960362196">
        <ele>1944</ele>
        <time>2016-08-21T16:30:04Z</time>
      </trkpt>
      <trkpt lat="44.096385994926095" lon="7.187913972884417">
        <ele>1953</ele>
        <time>2016-08-21T16:30:24Z</time>
      </trkpt>
      <trkpt lat="44.096308965235949" lon="7.187120039016008">
        <ele>1951</ele>
        <time>2016-08-21T16:30:44Z</time>
      </trkpt>
      <trkpt lat="44.096585987135768" lon="7.187312990427017">
        <ele>1956</ele>
        <time>2016-08-21T16:31:04Z</time>
      </trkpt>
      <trkpt lat="44.096724959090352" lon="7.187034040689468">
        <ele>1977</ele>
        <time>2016-08-21T16:31:24Z</time>
      </trkpt>
      <trkpt lat="44.096601996570826" lon="7.186670014634728">
        <ele>1965</ele>
        <time>2016-08-21T16:31:44Z</time>
      </trkpt>
      <trkpt lat="44.096816992387176" lon="7.186733968555927">
        <ele>1976</ele>
        <time>2016-08-21T16:32:04Z</time>
      </trkpt>
      <trkpt lat="44.096679026260972" lon="7.186240023002029">
        <ele>1991</ele>
        <time>2016-08-21T16:32:24Z</time>
      </trkpt>
      <trkpt lat="44.097202979028225" lon="7.186518972739577">
        <ele>1995</ele>
        <time>2016-08-21T16:32:44Z</time>
      </trkpt>
      <trkpt lat="44.097202979028225" lon="7.186518972739577">
        <ele>1995</ele>
        <time>2016-08-21T16:33:04Z</time>
      </trkpt>
      <trkpt lat="44.097864981740713" lon="7.187088020145893">
        <ele>2014</ele>
        <time>2016-08-21T16:33:24Z</time>
      </trkpt>
      <trkpt lat="44.097742019221187" lon="7.187474006786943">
        <ele>2010</ele>
        <time>2016-08-21T16:33:44Z</time>
      </trkpt>
      <trkpt lat="44.09794201143086" lon="7.187860999256373">
        <ele>2019</ele>
        <time>2016-08-21T16:34:04Z</time>
      </trkpt>
      <trkpt lat="44.097803961485624" lon="7.188246985897422">
        <ele>2016</ele>
        <time>2016-08-21T16:34:24Z</time>
      </trkpt>
      <trkpt lat="44.09822003915906" lon="7.188890967518091">
        <ele>2034</ele>
        <time>2016-08-21T16:34:44Z</time>
      </trkpt>
      <trkpt lat="44.099159985780716" lon="7.189491027966142">
        <ele>2068</ele>
        <time>2016-08-21T16:35:04Z</time>
      </trkpt>
      <trkpt lat="44.100593039765954" lon="7.189148040488362">
        <ele>2088</ele>
        <time>2016-08-21T16:35:24Z</time>
      </trkpt>
      <trkpt lat="44.101563999429345" lon="7.189405029639602">
        <ele>2109</ele>
        <time>2016-08-21T16:35:44Z</time>
      </trkpt>
      <trkpt lat="44.102688012644649" lon="7.189277037978172">
        <ele>2138</ele>
        <time>2016-08-21T16:36:04Z</time>
      </trkpt>
      <trkpt lat="44.102658005431294" lon="7.188955005258322">
        <ele>2147</ele>
        <time>2016-08-21T16:36:24Z</time>
      </trkpt>
      <trkpt lat="44.102935027331114" lon="7.189148040488362">
        <ele>2151</ele>
        <time>2016-08-21T16:36:44Z</time>
      </trkpt>
      <trkpt lat="44.103305004537106" lon="7.188912006095052">
        <ele>2156</ele>
        <time>2016-08-21T16:37:04Z</time>
      </trkpt>
      <trkpt lat="44.103767015039921" lon="7.188975960016251">
        <ele>2175</ele>
        <time>2016-08-21T16:37:24Z</time>
      </trkpt>
      <trkpt lat="44.103442970663309" lon="7.188397021964192">
        <ele>2175</ele>
        <time>2016-08-21T16:37:44Z</time>
      </trkpt>
      <trkpt lat="44.103983016684651" lon="7.188354022800922">
        <ele>2179</ele>
        <time>2016-08-21T16:38:04Z</time>
      </trkpt>
      <trkpt lat="44.105107029899955" lon="7.190027972683311">
        <ele>2232</ele>
        <time>2016-08-21T16:38:24Z</time>
      </trkpt>
      <trkpt lat="44.104661028832197" lon="7.190264007076621">
        <ele>2223</ele>
        <time>2016-08-21T16:38:44Z</time>
      </trkpt>
      <trkpt lat="44.105123039335012" lon="7.190543040633202">
        <ele>2243</ele>
        <time>2016-08-21T16:39:04Z</time>
      </trkpt>
      <trkpt lat="44.105107029899955" lon="7.190800029784441">
        <ele>2248</ele>
        <time>2016-08-21T16:39:24Z</time>
      </trkpt>
      <trkpt lat="44.105800967663527" lon="7.19094998203218">
        <ele>2259</ele>
        <time>2016-08-21T16:39:44Z</time>
      </trkpt>
      <trkpt lat="44.106293991208076" lon="7.19135801307857">
        <ele>2267</ele>
        <time>2016-08-21T16:40:04Z</time>
      </trkpt>
      <trkpt lat="44.107881020754576" lon="7.191808959469199">
        <ele>2270</ele>
        <time>2016-08-21T16:40:24Z</time>
      </trkpt>
      <trkpt lat="44.108866984024644" lon="7.19249501824379">
        <ele>2264</ele>
        <time>2016-08-21T16:40:44Z</time>
      </trkpt>
      <trkpt lat="44.109622025862336" lon="7.19215203076601">
        <ele>2258</ele>
        <time>2016-08-21T16:41:04Z</time>
      </trkpt>
      <trkpt lat="44.110099039971828" lon="7.192430980503559">
        <ele>2267</ele>
        <time>2016-08-21T16:41:24Z</time>
      </trkpt>
      <trkpt lat="44.11096204072237" lon="7.193524986505508">
        <ele>2290</ele>
        <time>2016-08-21T16:41:44Z</time>
      </trkpt>
      <trkpt lat="44.110776968300343" lon="7.19367602840066">
        <ele>2290</ele>
        <time>2016-08-21T16:42:04Z</time>
      </trkpt>
      <trkpt lat="44.110853997990489" lon="7.194019015878439">
        <ele>2296</ele>
        <time>2016-08-21T16:42:24Z</time>
      </trkpt>
      <trkpt lat="44.112132992595434" lon="7.193996971473098">
        <ele>2306</ele>
        <time>2016-08-21T16:42:44Z</time>
      </trkpt>
      <trkpt lat="44.113195985555649" lon="7.194534000009298">
        <ele>2308</ele>
        <time>2016-08-21T16:43:04Z</time>
      </trkpt>
      <trkpt lat="44.114243974909186" lon="7.194469040259719">
        <ele>2333</ele>
        <time>2016-08-21T16:43:24Z</time>
      </trkpt>
      <trkpt lat="44.115321971476078" lon="7.194105014204979">
        <ele>2347</ele>
        <time>2016-08-21T16:43:44Z</time>
      </trkpt>
      <trkpt lat="44.115321971476078" lon="7.194105014204979">
        <ele>2347</ele>
        <time>2016-08-21T16:44:04Z</time>
      </trkpt>
      <trkpt lat="44.116053963080049" lon="7.194705996662378">
        <ele>2359</ele>
        <time>2016-08-21T16:44:24Z</time>
      </trkpt>
      <trkpt lat="44.11708602681756" lon="7.194919986650348">
        <ele>2383</ele>
        <time>2016-08-21T16:44:44Z</time>
      </trkpt>
      <trkpt lat="44.117162972688675" lon="7.195563968271017">
        <ele>2391</ele>
        <time>2016-08-21T16:45:04Z</time>
      </trkpt>
      <trkpt lat="44.117040010169148" lon="7.195993037894368">
        <ele>2391</ele>
        <time>2016-08-21T16:45:24Z</time>
      </trkpt>
      <trkpt lat="44.117809971794486" lon="7.196551021188498">
        <ele>2416</ele>
        <time>2016-08-21T16:45:44Z</time>
      </trkpt>
      <trkpt lat="44.117979034781456" lon="7.197880977764726">
        <ele>2422</ele>
        <time>2016-08-21T16:46:04Z</time>
      </trkpt>
      <trkpt lat="44.11719398573041" lon="7.200927967205644">
        <ele>2439</ele>
        <time>2016-08-21T16:46:24Z</time>
      </trkpt>
      <trkpt lat="44.11691696383059" lon="7.201335998252034">
        <ele>2440</ele>
        <time>2016-08-21T16:46:44Z</time>
      </trkpt>
      <trkpt lat="44.116886034607887" lon="7.201850982382894">
        <ele>2433</ele>
        <time>2016-08-21T16:47:04Z</time>
      </trkpt>
      <trkpt lat="44.117533033713698" lon="7.201357036828995">
        <ele>2430</ele>
        <time>2016-08-21T16:47:24Z</time>
      </trkpt>
      <trkpt lat="44.117456004023552" lon="7.201658030971885">
        <ele>2425</ele>
        <time>2016-08-21T16:47:44Z</time>
      </trkpt>
      <trkpt lat="44.117824975401163" lon="7.201850982382894">
        <ele>2404</ele>
        <time>2016-08-21T16:48:04Z</time>
      </trkpt>
      <trkpt lat="44.117456004023552" lon="7.202173015102744">
        <ele>2414</ele>
        <time>2016-08-21T16:48:24Z</time>
      </trkpt>
      <trkpt lat="44.118071990087628" lon="7.202387005090714">
        <ele>2388</ele>
        <time>2016-08-21T16:48:44Z</time>
      </trkpt>
      <trkpt lat="44.117824975401163" lon="7.202623039484024">
        <ele>2371</ele>
        <time>2016-08-21T16:49:04Z</time>
      </trkpt>
      <trkpt lat="44.11861103028059" lon="7.203803965821862">
        <ele>2331</ele>
        <time>2016-08-21T16:49:24Z</time>
      </trkpt>
      <trkpt lat="44.118981007486582" lon="7.203845959156752">
        <ele>2328</ele>
        <time>2016-08-21T16:49:44Z</time>
      </trkpt>
      <trkpt lat="44.118949994444847" lon="7.203975040465593">
        <ele>2326</ele>
        <time>2016-08-21T16:50:04Z</time>
      </trkpt>
      <trkpt lat="44.119088966399431" lon="7.204018039628863">
        <ele>2322</ele>
        <time>2016-08-21T16:50:24Z</time>
      </trkpt>
      <trkpt lat="44.118811022490263" lon="7.204253990203142">
        <ele>2316</ele>
        <time>2016-08-21T16:50:44Z</time>
      </trkpt>
      <trkpt lat="44.119118973612785" lon="7.204339988529682">
        <ele>2314</ele>
        <time>2016-08-21T16:51:04Z</time>
      </trkpt>
      <trkpt lat="44.119273032993078" lon="7.204682976007462">
        <ele>2300</ele>
        <time>2016-08-21T16:51:24Z</time>
      </trkpt>
      <trkpt lat="44.119227016344666" lon="7.205069968476892">
        <ele>2293</ele>
        <time>2016-08-21T16:51:44Z</time>
      </trkpt>
      <trkpt lat="44.11964301019907" lon="7.205327041447163">
        <ele>2285</ele>
        <time>2016-08-21T16:52:04Z</time>
      </trkpt>
      <trkpt lat="44.120074007660151" lon="7.205370040610433">
        <ele>2275</ele>
        <time>2016-08-21T16:52:24Z</time>
      </trkpt>
      <trkpt lat="44.120552027598023" lon="7.205627029761672">
        <ele>2269</ele>
        <time>2016-08-21T16:52:44Z</time>
      </trkpt>
      <trkpt lat="44.120382964611053" lon="7.205756027251482">
        <ele>2270</ele>
        <time>2016-08-21T16:53:04Z</time>
      </trkpt>
      <trkpt lat="44.120752019807696" lon="7.205928023904562">
        <ele>2259</ele>
        <time>2016-08-21T16:53:24Z</time>
      </trkpt>
      <trkpt lat="44.120583040639758" lon="7.206163974478841">
        <ele>2258</ele>
        <time>2016-08-21T16:53:44Z</time>
      </trkpt>
      <trkpt lat="44.120968021452427" lon="7.206249972805381">
        <ele>2245</ele>
        <time>2016-08-21T16:54:04Z</time>
      </trkpt>
      <trkpt lat="44.121430031955242" lon="7.206077976152301">
        <ele>2242</ele>
        <time>2016-08-21T16:54:24Z</time>
      </trkpt>
      <trkpt lat="44.12170697003603" lon="7.206335971131921">
        <ele>2227</ele>
        <time>2016-08-21T16:54:44Z</time>
      </trkpt>
      <trkpt lat="44.122277023270726" lon="7.206699997186661">
        <ele>2214</ele>
        <time>2016-08-21T16:55:04Z</time>
      </trkpt>
      <trkpt lat="44.122754959389567" lon="7.206185013055801">
        <ele>2204</ele>
        <time>2016-08-21T16:55:24Z</time>
      </trkpt>
      <trkpt lat="44.122940031811595" lon="7.206314010545611">
        <ele>2201</ele>
        <time>2016-08-21T16:55:44Z</time>
      </trkpt>
      <trkpt lat="44.122831989079714" lon="7.206851039081812">
        <ele>2198</ele>
        <time>2016-08-21T16:56:04Z</time>
      </trkpt>
      <trkpt lat="44.123216969892383" lon="7.206271011382341">
        <ele>2199</ele>
        <time>2016-08-21T16:56:24Z</time>
      </trkpt>
      <trkpt lat="44.123340016230941" lon="7.206722041592002">
        <ele>2185</ele>
        <time>2016-08-21T16:56:44Z</time>
      </trkpt>
      <trkpt lat="44.123062994331121" lon="7.207451015710831">
        <ele>2191</ele>
        <time>2016-08-21T16:57:04Z</time>
      </trkpt>
      <trkpt lat="44.12318604066968" lon="7.207666011527181">
        <ele>2187</ele>
        <time>2016-08-21T16:57:24Z</time>
      </trkpt>
      <trkpt lat="44.12394099868834" lon="7.207408016547561">
        <ele>2170</ele>
        <time>2016-08-21T16:57:44Z</time>
      </trkpt>
      <trkpt lat="44.124371996149421" lon="7.206914993003011">
        <ele>2160</ele>
        <time>2016-08-21T16:58:04Z</time>
      </trkpt>
      <trkpt lat="44.125065011903644" lon="7.20654996111989">
        <ele>2146</ele>
        <time>2016-08-21T16:58:24Z</time>
      </trkpt>
      <trkpt lat="44.125774037092924" lon="7.206529006361961">
        <ele>2133</ele>
        <time>2016-08-21T16:58:44Z</time>
      </trkpt>
      <trkpt lat="44.126035971567035" lon="7.206335971131921">
        <ele>2115</ele>
        <time>2016-08-21T16:59:04Z</time>
      </trkpt>
      <trkpt lat="44.125896999612451" lon="7.205928023904562">
        <ele>2118</ele>
        <time>2016-08-21T16:59:24Z</time>
      </trkpt>
      <trkpt lat="44.12617402151227" lon="7.205627029761672">
        <ele>2113</ele>
        <time>2016-08-21T16:59:44Z</time>
      </trkpt>
      <trkpt lat="44.126296984031796" lon="7.205154960975051">
        <ele>2112</ele>
        <time>2016-08-21T17:00:04Z</time>
      </trkpt>
      <trkpt lat="44.126897966489196" lon="7.204597983509302">
        <ele>2097</ele>
        <time>2016-08-21T17:00:24Z</time>
      </trkpt>
      <trkpt lat="44.12763699889183" lon="7.204940970987082">
        <ele>2083</ele>
        <time>2016-08-21T17:00:44Z</time>
      </trkpt>
      <trkpt lat="44.128300007432699" lon="7.204876011237502">
        <ele>2076</ele>
        <time>2016-08-21T17:01:04Z</time>
      </trkpt>
      <trkpt lat="44.129024036228657" lon="7.204468986019492">
        <ele>2070</ele>
        <time>2016-08-21T17:01:24Z</time>
      </trkpt>
      <trkpt lat="44.129455033689737" lon="7.204533023759723">
        <ele>2058</ele>
        <time>2016-08-21T17:01:44Z</time>
      </trkpt>
      <trkpt lat="44.129824005067348" lon="7.204940970987082">
        <ele>2049</ele>
        <time>2016-08-21T17:02:04Z</time>
      </trkpt>
      <trkpt lat="44.130409983918071" lon="7.204897971823812">
        <ele>2040</ele>
        <time>2016-08-21T17:02:24Z</time>
      </trkpt>
      <trkpt lat="44.131317995488644" lon="7.205069968476892">
        <ele>2021</ele>
        <time>2016-08-21T17:02:44Z</time>
      </trkpt>
      <trkpt lat="44.13128798827529" lon="7.204854972660542">
        <ele>2030</ele>
        <time>2016-08-21T17:03:04Z</time>
      </trkpt>
      <trkpt lat="44.132227012887597" lon="7.205220004543662">
        <ele>2010</ele>
        <time>2016-08-21T17:03:24Z</time>
      </trkpt>
      <trkpt lat="44.133166037499905" lon="7.204940970987082">
        <ele>2001</ele>
        <time>2016-08-21T17:03:44Z</time>
      </trkpt>
      <trkpt lat="44.133998025208712" lon="7.205112967640162">
        <ele>1989</ele>
        <time>2016-08-21T17:04:04Z</time>
      </trkpt>
      <trkpt lat="44.13449096493423" lon="7.205069968476892">
        <ele>1984</ele>
        <time>2016-08-21T17:04:24Z</time>
      </trkpt>
      <trkpt lat="44.135814970359206" lon="7.205991977825761">
        <ele>1972</ele>
        <time>2016-08-21T17:04:44Z</time>
      </trkpt>
      <trkpt lat="44.136538999155164" lon="7.206529006361961">
        <ele>1962</ele>
        <time>2016-08-21T17:05:04Z</time>
      </trkpt>
      <trkpt lat="44.137017019093037" lon="7.206808039918542">
        <ele>1950</ele>
        <time>2016-08-21T17:05:24Z</time>
      </trkpt>
      <trkpt lat="44.137308960780501" lon="7.206722041592002">
        <ele>1949</ele>
        <time>2016-08-21T17:05:44Z</time>
      </trkpt>
      <trkpt lat="44.137385990470648" lon="7.207065029069781">
        <ele>1947</ele>
        <time>2016-08-21T17:06:04Z</time>
      </trkpt>
      <trkpt lat="44.137063035741448" lon="7.20730097964406">
        <ele>1948</ele>
        <time>2016-08-21T17:06:24Z</time>
      </trkpt>
      <trkpt lat="44.138572029769421" lon="7.207987960428">
        <ele>1915</ele>
        <time>2016-08-21T17:06:44Z</time>
      </trkpt>
      <trkpt lat="44.138632966205478" lon="7.207795009016991">
        <ele>1912</ele>
        <time>2016-08-21T17:07:04Z</time>
      </trkpt>
      <trkpt lat="44.139295974746346" lon="7.20901801250875">
        <ele>1905</ele>
        <time>2016-08-21T17:07:24Z</time>
      </trkpt>
      <trkpt lat="44.140127040445805" lon="7.210047980770469">
        <ele>1897</ele>
        <time>2016-08-21T17:07:44Z</time>
      </trkpt>
      <trkpt lat="44.140357961878181" lon="7.209961982443929">
        <ele>1884</ele>
        <time>2016-08-21T17:08:04Z</time>
      </trkpt>
      <trkpt lat="44.140835981816053" lon="7.210455005988479">
        <ele>1865</ele>
        <time>2016-08-21T17:08:24Z</time>
      </trkpt>
      <trkpt lat="44.141159020364285" lon="7.211421020328999">
        <ele>1867</ele>
        <time>2016-08-21T17:08:44Z</time>
      </trkpt>
      <trkpt lat="44.14183602668345" lon="7.211936004459858">
        <ele>1844</ele>
        <time>2016-08-21T17:09:04Z</time>
      </trkpt>
      <trkpt lat="44.141544001176953" lon="7.212235992774367">
        <ele>1857</ele>
        <time>2016-08-21T17:09:24Z</time>
      </trkpt>
      <trkpt lat="44.141728989779949" lon="7.212945017963648">
        <ele>1844</ele>
        <time>2016-08-21T17:09:44Z</time>
      </trkpt>
      <trkpt lat="44.141405029222369" lon="7.213867027312517">
        <ele>1857</ele>
        <time>2016-08-21T17:10:04Z</time>
      </trkpt>
      <trkpt lat="44.140788959339261" lon="7.214853996410966">
        <ele>1880</ele>
        <time>2016-08-21T17:10:24Z</time>
      </trkpt>
      <trkpt lat="44.141081990674138" lon="7.216463992372155">
        <ele>1870</ele>
        <time>2016-08-21T17:10:44Z</time>
      </trkpt>
      <trkpt lat="44.141019964590669" lon="7.217772994190455">
        <ele>1876</ele>
        <time>2016-08-21T17:11:04Z</time>
      </trkpt>
      <trkpt lat="44.140512021258473" lon="7.219724971801043">
        <ele>1899</ele>
        <time>2016-08-21T17:11:24Z</time>
      </trkpt>
      <trkpt lat="44.140543034300208" lon="7.220841022208333">
        <ele>1902</ele>
        <time>2016-08-21T17:11:44Z</time>
      </trkpt>
      <trkpt lat="44.140081023797393" lon="7.222279021516442">
        <ele>1910</ele>
        <time>2016-08-21T17:12:04Z</time>
      </trkpt>
      <trkpt lat="44.140127040445805" lon="7.222665008157492">
        <ele>1913</ele>
        <time>2016-08-21T17:12:24Z</time>
      </trkpt>
      <trkpt lat="44.141050977632403" lon="7.22435999661684">
        <ele>1919</ele>
        <time>2016-08-21T17:12:44Z</time>
      </trkpt>
      <trkpt lat="44.140665996819735" lon="7.225604960694909">
        <ele>1935</ele>
        <time>2016-08-21T17:13:04Z</time>
      </trkpt>
      <trkpt lat="44.140682006254792" lon="7.226612968370318">
        <ele>1940</ele>
        <time>2016-08-21T17:13:24Z</time>
      </trkpt>
      <trkpt lat="44.140573963522911" lon="7.227815017104149">
        <ele>1951</ele>
        <time>2016-08-21T17:13:44Z</time>
      </trkpt>
      <trkpt lat="44.140943018719554" lon="7.229058975353837">
        <ele>1954</ele>
        <time>2016-08-21T17:14:04Z</time>
      </trkpt>
      <trkpt lat="44.141113003715873" lon="7.229338008910418">
        <ele>1957</ele>
        <time>2016-08-21T17:14:24Z</time>
      </trkpt>
      <trkpt lat="44.141235966235399" lon="7.230067988857627">
        <ele>1960</ele>
        <time>2016-08-21T17:14:44Z</time>
      </trkpt>
      <trkpt lat="44.141312995925546" lon="7.230539973825216">
        <ele>1961</ele>
        <time>2016-08-21T17:15:04Z</time>
      </trkpt>
      <trkpt lat="44.140712013468146" lon="7.231247993186116">
        <ele>1973</ele>
        <time>2016-08-21T17:15:24Z</time>
      </trkpt>
      <trkpt lat="44.140357961878181" lon="7.231484027579427">
        <ele>1975</ele>
        <time>2016-08-21T17:15:44Z</time>
      </trkpt>
      <trkpt lat="44.139325981959701" lon="7.232836028560996">
        <ele>1997</ele>
        <time>2016-08-21T17:16:04Z</time>
      </trkpt>
      <trkpt lat="44.138848967850208" lon="7.233114978298545">
        <ele>2010</ele>
        <time>2016-08-21T17:16:24Z</time>
      </trkpt>
      <trkpt lat="44.138247985392809" lon="7.235239036381245">
        <ele>2029</ele>
        <time>2016-08-21T17:16:44Z</time>
      </trkpt>
      <trkpt lat="44.137570979073644" lon="7.235646983608604">
        <ele>2030</ele>
        <time>2016-08-21T17:17:04Z</time>
      </trkpt>
      <trkpt lat="44.137585982680321" lon="7.234551971778274">
        <ele>2022</ele>
        <time>2016-08-21T17:17:24Z</time>
      </trkpt>
      <trkpt lat="44.137339973822236" lon="7.234208984300494">
        <ele>2017</ele>
        <time>2016-08-21T17:17:44Z</time>
      </trkpt>
      <trkpt lat="44.137463020160794" lon="7.233736999332905">
        <ele>2023</ele>
        <time>2016-08-21T17:18:04Z</time>
      </trkpt>
      <trkpt lat="44.137108968570828" lon="7.233414966613054">
        <ele>2023</ele>
        <time>2016-08-21T17:18:24Z</time>
      </trkpt>
      <trkpt lat="44.136632038280368" lon="7.233243975788355">
        <ele>2022</ele>
        <time>2016-08-21T17:18:44Z</time>
      </trkpt>
      <trkpt lat="44.136507986113429" lon="7.233500964939594">
        <ele>2016</ele>
        <time>2016-08-21T17:19:04Z</time>
      </trkpt>
      <trkpt lat="44.136477978900075" lon="7.234079986810684">
        <ele>2009</ele>
        <time>2016-08-21T17:19:24Z</time>
      </trkpt>
      <trkpt lat="44.136708984151483" lon="7.235024040564895">
        <ele>2000</ele>
        <time>2016-08-21T17:19:44Z</time>
      </trkpt>
      <trkpt lat="44.13601596839726" lon="7.235969016328454">
        <ele>1992</ele>
        <time>2016-08-21T17:20:04Z</time>
      </trkpt>
      <trkpt lat="44.135568961501122" lon="7.237320011481643">
        <ele>1977</ele>
        <time>2016-08-21T17:20:24Z</time>
      </trkpt>
      <trkpt lat="44.13547701202333" lon="7.238006992265582">
        <ele>1971</ele>
        <time>2016-08-21T17:20:44Z</time>
      </trkpt>
      <trkpt lat="44.135229997336864" lon="7.238415023311973">
        <ele>1963</ele>
        <time>2016-08-21T17:21:04Z</time>
      </trkpt>
      <trkpt lat="44.13498398847878" lon="7.238973006606102">
        <ele>1955</ele>
        <time>2016-08-21T17:21:24Z</time>
      </trkpt>
      <trkpt lat="44.134630020707846" lon="7.239444991573691">
        <ele>1951</ele>
        <time>2016-08-21T17:21:44Z</time>
      </trkpt>
      <trkpt lat="44.1346600279212" lon="7.240067012608051">
        <ele>1944</ele>
        <time>2016-08-21T17:22:04Z</time>
      </trkpt>
      <trkpt lat="44.134645024314523" lon="7.240603035315871">
        <ele>1942</ele>
        <time>2016-08-21T17:22:24Z</time>
      </trkpt>
      <trkpt lat="44.134721970185637" lon="7.24122597835958">
        <ele>1937</ele>
        <time>2016-08-21T17:22:44Z</time>
      </trkpt>
      <trkpt lat="44.134368002414703" lon="7.24180500023067">
        <ele>1932</ele>
        <time>2016-08-21T17:23:04Z</time>
      </trkpt>
      <trkpt lat="44.133658977225423" lon="7.242620978504419">
        <ele>1920</ele>
        <time>2016-08-21T17:23:24Z</time>
      </trkpt>
      <trkpt lat="44.133120020851493" lon="7.244080016389489">
        <ele>1910</ele>
        <time>2016-08-21T17:23:44Z</time>
      </trkpt>
      <trkpt lat="44.132689023390412" lon="7.244552001357079">
        <ele>1909</ele>
        <time>2016-08-21T17:24:04Z</time>
      </trkpt>
      <trkpt lat="44.132611993700266" lon="7.245088024064899">
        <ele>1903</ele>
        <time>2016-08-21T17:24:24Z</time>
      </trkpt>
      <trkpt lat="44.132334971800447" lon="7.245752960443497">
        <ele>1896</ele>
        <time>2016-08-21T17:24:44Z</time>
      </trkpt>
      <trkpt lat="44.132273029536009" lon="7.246140036731958">
        <ele>1891</ele>
        <time>2016-08-21T17:25:04Z</time>
      </trkpt>
      <trkpt lat="44.131271978840232" lon="7.247170004993677">
        <ele>1876</ele>
        <time>2016-08-21T17:25:24Z</time>
      </trkpt>
      <trkpt lat="44.130933014675975" lon="7.247340995818377">
        <ele>1873</ele>
        <time>2016-08-21T17:25:44Z</time>
      </trkpt>
      <trkpt lat="44.130672002211213" lon="7.248264010995626">
        <ele>1862</ele>
        <time>2016-08-21T17:26:04Z</time>
      </trkpt>
      <trkpt lat="44.12976298481226" lon="7.249315017834306">
        <ele>1841</ele>
        <time>2016-08-21T17:26:24Z</time>
      </trkpt>
      <trkpt lat="44.129500966519117" lon="7.249530013650656">
        <ele>1840</ele>
        <time>2016-08-21T17:26:44Z</time>
      </trkpt>
      <trkpt lat="44.129008026793599" lon="7.250324031338096">
        <ele>1828</ele>
        <time>2016-08-21T17:27:04Z</time>
      </trkpt>
      <trkpt lat="44.128962010145187" lon="7.250796016305685">
        <ele>1824</ele>
        <time>2016-08-21T17:27:24Z</time>
      </trkpt>
      <trkpt lat="44.128515003249049" lon="7.251289039850235">
        <ele>1814</ele>
        <time>2016-08-21T17:27:44Z</time>
      </trkpt>
      <trkpt lat="44.128468986600637" lon="7.251676032319665">
        <ele>1805</ele>
        <time>2016-08-21T17:28:04Z</time>
      </trkpt>
      <trkpt lat="44.127945033833385" lon="7.252899035811424">
        <ele>1783</ele>
        <time>2016-08-21T17:28:24Z</time>
      </trkpt>
      <trkpt lat="44.127668011933565" lon="7.253113025799394">
        <ele>1779</ele>
        <time>2016-08-21T17:28:44Z</time>
      </trkpt>
      <trkpt lat="44.1276990249753" lon="7.253563972190023">
        <ele>1775</ele>
        <time>2016-08-21T17:29:04Z</time>
      </trkpt>
      <trkpt lat="44.127144981175661" lon="7.254786975681782">
        <ele>1759</ele>
        <time>2016-08-21T17:29:24Z</time>
      </trkpt>
      <trkpt lat="44.127113968133926" lon="7.255989024415612">
        <ele>1743</ele>
        <time>2016-08-21T17:29:44Z</time>
      </trkpt>
      <trkpt lat="44.126652041450143" lon="7.25753397680819">
        <ele>1728</ele>
        <time>2016-08-21T17:30:04Z</time>
      </trkpt>
      <trkpt lat="44.126359010115266" lon="7.25779096595943">
        <ele>1725</ele>
        <time>2016-08-21T17:30:24Z</time>
      </trkpt>
      <trkpt lat="44.126143008470535" lon="7.257770011201501">
        <ele>1725</ele>
        <time>2016-08-21T17:30:44Z</time>
      </trkpt>
      <trkpt lat="44.126096991822124" lon="7.25824199616909">
        <ele>1721</ele>
        <time>2016-08-21T17:31:04Z</time>
      </trkpt>
      <trkpt lat="44.126405026763678" lon="7.25961503572762">
        <ele>1704</ele>
        <time>2016-08-21T17:31:24Z</time>
      </trkpt>
      <trkpt lat="44.125819969922304" lon="7.26030201651156">
        <ele>1697</ele>
        <time>2016-08-21T17:31:44Z</time>
      </trkpt>
      <trkpt lat="44.125789040699601" lon="7.260602004826069">
        <ele>1693</ele>
        <time>2016-08-21T17:32:04Z</time>
      </trkpt>
      <trkpt lat="44.125342033803463" lon="7.261439021676779">
        <ele>1696</ele>
        <time>2016-08-21T17:32:24Z</time>
      </trkpt>
      <trkpt lat="44.125050008296967" lon="7.264014026150107">
        <ele>1659</ele>
        <time>2016-08-21T17:32:44Z</time>
      </trkpt>
      <trkpt lat="44.124710960313678" lon="7.264549965038896">
        <ele>1663</ele>
        <time>2016-08-21T17:33:04Z</time>
      </trkpt>
      <trkpt lat="44.12464901804924" lon="7.265000995248556">
        <ele>1647</ele>
        <time>2016-08-21T17:33:24Z</time>
      </trkpt>
      <trkpt lat="44.123924989253283" lon="7.267018016427755">
        <ele>1627</ele>
        <time>2016-08-21T17:33:44Z</time>
      </trkpt>
      <trkpt lat="44.12344797514379" lon="7.267511039972305">
        <ele>1618</ele>
        <time>2016-08-21T17:34:04Z</time>
      </trkpt>
      <trkpt lat="44.123155027627945" lon="7.268176982179284">
        <ele>1619</ele>
        <time>2016-08-21T17:34:24Z</time>
      </trkpt>
      <trkpt lat="44.122754959389567" lon="7.268413016572595">
        <ele>1619</ele>
        <time>2016-08-21T17:34:44Z</time>
      </trkpt>
      <trkpt lat="44.122615987434983" lon="7.269550021737814">
        <ele>1605</ele>
        <time>2016-08-21T17:35:04Z</time>
      </trkpt>
      <trkpt lat="44.122077031061053" lon="7.270108005031943">
        <ele>1594</ele>
        <time>2016-08-21T17:35:24Z</time>
      </trkpt>
      <trkpt lat="44.122077031061053" lon="7.271587997674942">
        <ele>1594</ele>
        <time>2016-08-21T17:35:44Z</time>
      </trkpt>
      <trkpt lat="44.121800009161234" lon="7.271974990144372">
        <ele>1598</ele>
        <time>2016-08-21T17:36:04Z</time>
      </trkpt>
      <trkpt lat="44.12089099176228" lon="7.272683009505272">
        <ele>1588</ele>
        <time>2016-08-21T17:36:24Z</time>
      </trkpt>
      <trkpt lat="44.120506010949612" lon="7.273520026355982">
        <ele>1586</ele>
        <time>2016-08-21T17:36:44Z</time>
      </trkpt>
      <trkpt lat="44.119843002408743" lon="7.274163002148271">
        <ele>1559</ele>
        <time>2016-08-21T17:37:04Z</time>
      </trkpt>
      <trkpt lat="44.119765972718596" lon="7.27497898042202">
        <ele>1565</ele>
        <time>2016-08-21T17:37:24Z</time>
      </trkpt>
      <trkpt lat="44.119180999696255" lon="7.275407966226339">
        <ele>1560</ele>
        <time>2016-08-21T17:37:44Z</time>
      </trkpt>
      <trkpt lat="44.119380991905928" lon="7.275943988934159">
        <ele>1576</ele>
        <time>2016-08-21T17:38:04Z</time>
      </trkpt>
      <trkpt lat="44.119180999696255" lon="7.276201983913779">
        <ele>1579</ele>
        <time>2016-08-21T17:38:24Z</time>
      </trkpt>
      <trkpt lat="44.118718989193439" lon="7.27635201998055">
        <ele>1544</ele>
        <time>2016-08-21T17:38:44Z</time>
      </trkpt>
      <trkpt lat="44.118672972545028" lon="7.276802966371179">
        <ele>1563</ele>
        <time>2016-08-21T17:39:04Z</time>
      </trkpt>
      <trkpt lat="44.117502020671964" lon="7.278305003419519">
        <ele>1547</ele>
        <time>2016-08-21T17:39:24Z</time>
      </trkpt>
      <trkpt lat="44.117177976295352" lon="7.278541037812829">
        <ele>1541</ele>
        <time>2016-08-21T17:39:44Z</time>
      </trkpt>
      <trkpt lat="44.117040010169148" lon="7.279056021943688">
        <ele>1548</ele>
        <time>2016-08-21T17:40:04Z</time>
      </trkpt>
      <trkpt lat="44.116624016314745" lon="7.279099021106958">
        <ele>1525</ele>
        <time>2016-08-21T17:40:24Z</time>
      </trkpt>
      <trkpt lat="44.116084976121783" lon="7.279677959159017">
        <ele>1530</ele>
        <time>2016-08-21T17:40:44Z</time>
      </trkpt>
      <trkpt lat="44.115576026961207" lon="7.280407017096877">
        <ele>1502</ele>
        <time>2016-08-21T17:41:04Z</time>
      </trkpt>
      <trkpt lat="44.115622965618968" lon="7.280965000391007">
        <ele>1513</ele>
        <time>2016-08-21T17:41:24Z</time>
      </trkpt>
      <trkpt lat="44.115792028605938" lon="7.281888015568256">
        <ele>1518</ele>
        <time>2016-08-21T17:41:44Z</time>
      </trkpt>
      <trkpt lat="44.115730002522469" lon="7.282831985503435">
        <ele>1523</ele>
        <time>2016-08-21T17:42:04Z</time>
      </trkpt>
      <trkpt lat="44.115421967580914" lon="7.283454006537795">
        <ele>1528</ele>
        <time>2016-08-21T17:42:24Z</time>
      </trkpt>
      <trkpt lat="44.115160033106804" lon="7.284569973126054">
        <ele>1536</ele>
        <time>2016-08-21T17:42:44Z</time>
      </trkpt>
      <trkpt lat="44.114836994558573" lon="7.285343036055565">
        <ele>1514</ele>
        <time>2016-08-21T17:43:04Z</time>
      </trkpt>
      <trkpt lat="44.114667009562254" lon="7.286158008500934">
        <ele>1520</ele>
        <time>2016-08-21T17:43:24Z</time>
      </trkpt>
      <trkpt lat="44.114343971014023" lon="7.286737030372024">
        <ele>1516</ele>
        <time>2016-08-21T17:43:44Z</time>
      </trkpt>
      <trkpt lat="44.114683018997312" lon="7.288668975234032">
        <ele>1537</ele>
        <time>2016-08-21T17:44:04Z</time>
      </trkpt>
      <trkpt lat="44.114820985123515" lon="7.288582976907492">
        <ele>1540</ele>
        <time>2016-08-21T17:44:24Z</time>
      </trkpt>
      <trkpt lat="44.11556102335453" lon="7.290171012282372">
        <ele>1570</ele>
        <time>2016-08-21T17:44:44Z</time>
      </trkpt>
      <trkpt lat="44.115946004167199" lon="7.2901919670403">
        <ele>1598</ele>
        <time>2016-08-21T17:45:04Z</time>
      </trkpt>
      <trkpt lat="44.116053963080049" lon="7.29186600074172">
        <ele>1614</ele>
        <time>2016-08-21T17:45:24Z</time>
      </trkpt>
      <trkpt lat="44.116269964724779" lon="7.29250998236239">
        <ele>1630</ele>
        <time>2016-08-21T17:45:44Z</time>
      </trkpt>
      <trkpt lat="44.116084976121783" lon="7.29296000674367">
        <ele>1627</ele>
        <time>2016-08-21T17:46:04Z</time>
      </trkpt>
      <trkpt lat="44.116284968331456" lon="7.293646987527609">
        <ele>1647</ele>
        <time>2016-08-21T17:46:24Z</time>
      </trkpt>
      <trkpt lat="44.115777024999261" lon="7.293989975005388">
        <ele>1627</ele>
        <time>2016-08-21T17:46:44Z</time>
      </trkpt>
      <trkpt lat="44.115961007773876" lon="7.294055018573999">
        <ele>1647</ele>
        <time>2016-08-21T17:47:04Z</time>
      </trkpt>
      <trkpt lat="44.115853970870376" lon="7.294398006051779">
        <ele>1664</ele>
        <time>2016-08-21T17:47:24Z</time>
      </trkpt>
      <trkpt lat="44.116269964724779" lon="7.294312007725239">
        <ele>1673</ele>
        <time>2016-08-21T17:47:44Z</time>
      </trkpt>
      <trkpt lat="44.115406963974237" lon="7.295341975986958">
        <ele>1665</ele>
        <time>2016-08-21T17:48:04Z</time>
      </trkpt>
      <trkpt lat="44.114836994558573" lon="7.297016009688377">
        <ele>1655</ele>
        <time>2016-08-21T17:48:24Z</time>
      </trkpt>
      <trkpt lat="44.113680962473154" lon="7.301971977576613">
        <ele>1686</ele>
        <time>2016-08-21T17:48:44Z</time>
      </trkpt>
      <trkpt lat="44.113280978053808" lon="7.302765995264053">
        <ele>1670</ele>
        <time>2016-08-21T17:49:04Z</time>
      </trkpt>
      <trkpt lat="44.112171968445182" lon="7.306135017424822">
        <ele>1666</ele>
        <time>2016-08-21T17:49:24Z</time>
      </trkpt>
      <trkpt lat="44.112171968445182" lon="7.306671962141991">
        <ele>1663</ele>
        <time>2016-08-21T17:49:44Z</time>
      </trkpt>
      <trkpt lat="44.111401000991464" lon="7.3083879891783">
        <ele>1646</ele>
        <time>2016-08-21T17:50:04Z</time>
      </trkpt>
      <trkpt lat="44.11126303486526" lon="7.309246966615319">
        <ele>1651</ele>
        <time>2016-08-21T17:50:24Z</time>
      </trkpt>
      <trkpt lat="44.11077001132071" lon="7.310319012030959">
        <ele>1640</ele>
        <time>2016-08-21T17:50:44Z</time>
      </trkpt>
      <trkpt lat="44.110707985237241" lon="7.311800010502338">
        <ele>1650</ele>
        <time>2016-08-21T17:51:04Z</time>
      </trkpt>
      <trkpt lat="44.110384024679661" lon="7.312251040711999">
        <ele>1650</ele>
        <time>2016-08-21T17:51:24Z</time>
      </trkpt>
      <trkpt lat="44.109875997528434" lon="7.314395969733596">
        <ele>1677</ele>
        <time>2016-08-21T17:51:44Z</time>
      </trkpt>
      <trkpt lat="44.10946000367403" lon="7.315189987421036">
        <ele>1689</ele>
        <time>2016-08-21T17:52:04Z</time>
      </trkpt>
      <trkpt lat="44.109676005318761" lon="7.316242000088096">
        <ele>1708</ele>
        <time>2016-08-21T17:52:24Z</time>
      </trkpt>
      <trkpt lat="44.110123012214899" lon="7.317099971696734">
        <ele>1737</ele>
        <time>2016-08-21T17:52:44Z</time>
      </trkpt>
      <trkpt lat="44.110616035759449" lon="7.317572040483356">
        <ele>1750</ele>
        <time>2016-08-21T17:53:04Z</time>
      </trkpt>
      <trkpt lat="44.111001016572118" lon="7.318388018757105">
        <ele>1761</ele>
        <time>2016-08-21T17:53:24Z</time>
      </trkpt>
      <trkpt lat="44.112217985093594" lon="7.319331988692284">
        <ele>1785</ele>
        <time>2016-08-21T17:53:44Z</time>
      </trkpt>
      <trkpt lat="44.112664991989732" lon="7.319181030616164">
        <ele>1807</ele>
        <time>2016-08-21T17:54:04Z</time>
      </trkpt>
      <trkpt lat="44.113389020785689" lon="7.319974964484572">
        <ele>1832</ele>
        <time>2016-08-21T17:54:24Z</time>
      </trkpt>
      <trkpt lat="44.113435037434101" lon="7.320897979661822">
        <ele>1835</ele>
        <time>2016-08-21T17:54:44Z</time>
      </trkpt>
      <trkpt lat="44.114067032933235" lon="7.321520000696182">
        <ele>1846</ele>
        <time>2016-08-21T17:55:04Z</time>
      </trkpt>
      <trkpt lat="44.114267025142908" lon="7.323022037744522">
        <ele>1861</ele>
        <time>2016-08-21T17:55:24Z</time>
      </trkpt>
      <trkpt lat="44.115099012851715" lon="7.324546035379171">
        <ele>1872</ele>
        <time>2016-08-21T17:55:44Z</time>
      </trkpt>
      <trkpt lat="44.115746011957526" lon="7.325147017836571">
        <ele>1872</ele>
        <time>2016-08-21T17:56:04Z</time>
      </trkpt>
      <trkpt lat="44.115961007773876" lon="7.32626298442483">
        <ele>1879</ele>
        <time>2016-08-21T17:56:24Z</time>
      </trkpt>
      <trkpt lat="44.116330984979868" lon="7.327184993773699">
        <ele>1879</ele>
        <time>2016-08-21T17:56:44Z</time>
      </trkpt>
      <trkpt lat="44.117055013775826" lon="7.327550025656819">
        <ele>1887</ele>
        <time>2016-08-21T17:57:04Z</time>
      </trkpt>
      <trkpt lat="44.117778958752751" lon="7.328558033332229">
        <ele>1902</ele>
        <time>2016-08-21T17:57:24Z</time>
      </trkpt>
      <trkpt lat="44.118334008380771" lon="7.328687030822039">
        <ele>1917</ele>
        <time>2016-08-21T17:57:44Z</time>
      </trkpt>
      <trkpt lat="44.119288958609104" lon="7.329073017463088">
        <ele>1931</ele>
        <time>2016-08-21T17:58:04Z</time>
      </trkpt>
      <trkpt lat="44.119674023240805" lon="7.329759998247027">
        <ele>1928</ele>
        <time>2016-08-21T17:58:24Z</time>
      </trkpt>
      <trkpt lat="44.120121030136943" lon="7.330317981541157">
        <ele>1937</ele>
        <time>2016-08-21T17:58:44Z</time>
      </trkpt>
      <trkpt lat="44.11996697075665" lon="7.331004962325096">
        <ele>1942</ele>
        <time>2016-08-21T17:59:04Z</time>
      </trkpt>
      <trkpt lat="44.119705036282539" lon="7.331004962325096">
        <ele>1945</ele>
        <time>2016-08-21T17:59:24Z</time>
      </trkpt>
      <trkpt lat="44.119550976902246" lon="7.330640014261007">
        <ele>1934</ele>
        <time>2016-08-21T17:59:44Z</time>
      </trkpt>
      <trkpt lat="44.119073040783405" lon="7.330617969855666">
        <ele>1936</ele>
        <time>2016-08-21T18:00:04Z</time>
      </trkpt>
      <trkpt lat="44.118395028635859" lon="7.331262035295367">
        <ele>1957</ele>
        <time>2016-08-21T18:00:24Z</time>
      </trkpt>
      <trkpt lat="44.117824975401163" lon="7.331368988379836">
        <ele>1951</ele>
        <time>2016-08-21T18:00:44Z</time>
      </trkpt>
      <trkpt lat="44.118086993694305" lon="7.332120006904006">
        <ele>1973</ele>
        <time>2016-08-21T18:01:04Z</time>
      </trkpt>
      <trkpt lat="44.11790200509131" lon="7.332657035440207">
        <ele>1990</ele>
        <time>2016-08-21T18:01:24Z</time>
      </trkpt>
      <trkpt lat="44.118134016171098" lon="7.332871025428176">
        <ele>1996</ele>
        <time>2016-08-21T18:01:44Z</time>
      </trkpt>
      <trkpt lat="44.117733025923371" lon="7.333730002865195">
        <ele>2009</ele>
        <time>2016-08-21T18:02:04Z</time>
      </trkpt>
      <trkpt lat="44.117702012881637" lon="7.334802970290184">
        <ele>2028</ele>
        <time>2016-08-21T18:02:24Z</time>
      </trkpt>
      <trkpt lat="44.117840984836221" lon="7.335361037403345">
        <ele>2047</ele>
        <time>2016-08-21T18:02:44Z</time>
      </trkpt>
      <trkpt lat="44.117748029530048" lon="7.336927028372884">
        <ele>2094</ele>
        <time>2016-08-21T18:03:04Z</time>
      </trkpt>
      <trkpt lat="44.117593970149755" lon="7.337677963078022">
        <ele>2118</ele>
        <time>2016-08-21T18:03:24Z</time>
      </trkpt>
      <trkpt lat="44.117809971794486" lon="7.337677963078022">
        <ele>2122</ele>
        <time>2016-08-21T18:03:44Z</time>
      </trkpt>
      <trkpt lat="44.117347961291671" lon="7.338299984112382">
        <ele>2134</ele>
        <time>2016-08-21T18:04:04Z</time>
      </trkpt>
      <trkpt lat="44.117271015420556" lon="7.338493019342423">
        <ele>2148</ele>
        <time>2016-08-21T18:04:24Z</time>
      </trkpt>
      <trkpt lat="44.116624016314745" lon="7.339522987604141">
        <ele>2154</ele>
        <time>2016-08-21T18:04:44Z</time>
      </trkpt>
      <trkpt lat="44.116424024105072" lon="7.340467041358352">
        <ele>2153</ele>
        <time>2016-08-21T18:05:04Z</time>
      </trkpt>
      <trkpt lat="44.115961007773876" lon="7.3413469735533">
        <ele>2160</ele>
        <time>2016-08-21T18:05:24Z</time>
      </trkpt>
      <trkpt lat="44.115931000560522" lon="7.341905040666461">
        <ele>2170</ele>
        <time>2016-08-21T18:05:44Z</time>
      </trkpt>
      <trkpt lat="44.115683985874057" lon="7.34218399040401">
        <ele>2167</ele>
        <time>2016-08-21T18:06:04Z</time>
      </trkpt>
      <trkpt lat="44.115592036396265" lon="7.34280601143837">
        <ele>2179</ele>
        <time>2016-08-21T18:06:24Z</time>
      </trkpt>
      <trkpt lat="44.115252988412976" lon="7.343041962012649">
        <ele>2181</ele>
        <time>2016-08-21T18:06:44Z</time>
      </trkpt>
      <trkpt lat="44.114945037290454" lon="7.343535991385579">
        <ele>2188</ele>
        <time>2016-08-21T18:07:04Z</time>
      </trkpt>
      <trkpt lat="44.114605989307165" lon="7.343707988038659">
        <ele>2190</ele>
        <time>2016-08-21T18:07:24Z</time>
      </trkpt>
      <trkpt lat="44.114729035645723" lon="7.344050975516439">
        <ele>2193</ele>
        <time>2016-08-21T18:07:44Z</time>
      </trkpt>
      <trkpt lat="44.114267025142908" lon="7.345038028433919">
        <ele>2225</ele>
        <time>2016-08-21T18:08:04Z</time>
      </trkpt>
      <trkpt lat="44.114082036539912" lon="7.345124026760459">
        <ele>2222</ele>
        <time>2016-08-21T18:08:24Z</time>
      </trkpt>
      <trkpt lat="44.113727984949946" lon="7.346003958955407">
        <ele>2233</ele>
        <time>2016-08-21T18:08:44Z</time>
      </trkpt>
      <trkpt lat="44.113805014640093" lon="7.346647018566728">
        <ele>2236</ele>
        <time>2016-08-21T18:09:04Z</time>
      </trkpt>
      <trkpt lat="44.113373011350632" lon="7.347183963283896">
        <ele>2243</ele>
        <time>2016-08-21T18:09:24Z</time>
      </trkpt>
      <trkpt lat="44.113219035789371" lon="7.349480018019676">
        <ele>2286</ele>
        <time>2016-08-21T18:09:44Z</time>
      </trkpt>
      <trkpt lat="44.112757025286555" lon="7.349371975287795">
        <ele>2291</ele>
        <time>2016-08-21T18:10:04Z</time>
      </trkpt>
      <trkpt lat="44.112864984199405" lon="7.349737007170916">
        <ele>2294</ele>
        <time>2016-08-21T18:10:24Z</time>
      </trkpt>
      <trkpt lat="44.112679995596409" lon="7.349886959418654">
        <ele>2300</ele>
        <time>2016-08-21T18:10:44Z</time>
      </trkpt>
      <trkpt lat="44.11283397115767" lon="7.350122993811965">
        <ele>2312</ele>
        <time>2016-08-21T18:11:04Z</time>
      </trkpt>
      <trkpt lat="44.112402973696589" lon="7.350208992138505">
        <ele>2325</ele>
        <time>2016-08-21T18:11:24Z</time>
      </trkpt>
      <trkpt lat="44.112602965906262" lon="7.350445026531816">
        <ele>2319</ele>
        <time>2016-08-21T18:11:44Z</time>
      </trkpt>
      <trkpt lat="44.112417977303267" lon="7.350574024021626">
        <ele>2335</ele>
        <time>2016-08-21T18:12:04Z</time>
      </trkpt>
      <trkpt lat="44.112742021679878" lon="7.350832019001246">
        <ele>2326</ele>
        <time>2016-08-21T18:12:24Z</time>
      </trkpt>
      <trkpt lat="44.112341031432152" lon="7.350832019001246">
        <ele>2339</ele>
        <time>2016-08-21T18:12:44Z</time>
      </trkpt>
      <trkpt lat="44.112694999203086" lon="7.351152962073684">
        <ele>2350</ele>
        <time>2016-08-21T18:13:04Z</time>
      </trkpt>
      <trkpt lat="44.112711008638144" lon="7.351388996466994">
        <ele>2357</ele>
        <time>2016-08-21T18:13:24Z</time>
      </trkpt>
      <trkpt lat="44.112495006993413" lon="7.351583037525415">
        <ele>2376</ele>
        <time>2016-08-21T18:13:44Z</time>
      </trkpt>
      <trkpt lat="44.112757025286555" lon="7.351883025839925">
        <ele>2389</ele>
        <time>2016-08-21T18:14:04Z</time>
      </trkpt>
      <trkpt lat="44.112818967550993" lon="7.352290973067284">
        <ele>2398</ele>
        <time>2016-08-21T18:14:24Z</time>
      </trkpt>
      <trkpt lat="44.112557033076882" lon="7.352226013317704">
        <ele>2399</ele>
        <time>2016-08-21T18:14:44Z</time>
      </trkpt>
      <trkpt lat="44.11229501478374" lon="7.353321025148034">
        <ele>2432</ele>
        <time>2016-08-21T18:15:04Z</time>
      </trkpt>
      <trkpt lat="44.111986979842186" lon="7.353384979069233">
        <ele>2421</ele>
        <time>2016-08-21T18:15:24Z</time>
      </trkpt>
      <trkpt lat="44.111879020929337" lon="7.353664012625814">
        <ele>2419</ele>
        <time>2016-08-21T18:15:44Z</time>
      </trkpt>
      <trkpt lat="44.111570985987782" lon="7.353578014299274">
        <ele>2398</ele>
        <time>2016-08-21T18:16:04Z</time>
      </trkpt>
      <trkpt lat="44.111617002636194" lon="7.353836009278894">
        <ele>2395</ele>
        <time>2016-08-21T18:16:24Z</time>
      </trkpt>
      <trkpt lat="44.111108975484967" lon="7.354114959016442">
        <ele>2387</ele>
        <time>2016-08-21T18:16:44Z</time>
      </trkpt>
      <trkpt lat="44.110938990488648" lon="7.353964000940323">
        <ele>2385</ele>
        <time>2016-08-21T18:17:04Z</time>
      </trkpt>
      <trkpt lat="44.110816027969122" lon="7.354307994246483">
        <ele>2379</ele>
        <time>2016-08-21T18:17:24Z</time>
      </trkpt>
      <trkpt lat="44.110229965299368" lon="7.354157036170363">
        <ele>2366</ele>
        <time>2016-08-21T18:17:44Z</time>
      </trkpt>
      <trkpt lat="44.10946000367403" lon="7.354458030313253">
        <ele>2350</ele>
        <time>2016-08-21T18:18:04Z</time>
      </trkpt>
      <trkpt lat="44.109321031719446" lon="7.354415031149983">
        <ele>2348</ele>
        <time>2016-08-21T18:18:24Z</time>
      </trkpt>
      <trkpt lat="44.108981983736157" lon="7.354844016954303">
        <ele>2327</ele>
        <time>2016-08-21T18:18:44Z</time>
      </trkpt>
      <trkpt lat="44.108644025400281" lon="7.354844016954303">
        <ele>2317</ele>
        <time>2016-08-21T18:19:04Z</time>
      </trkpt>
      <trkpt lat="44.108334984630346" lon="7.354844016954303">
        <ele>2305</ele>
        <time>2016-08-21T18:19:24Z</time>
      </trkpt>
      <trkpt lat="44.108365997672081" lon="7.355079967528582">
        <ele>2292</ele>
        <time>2016-08-21T18:19:44Z</time>
      </trkpt>
      <trkpt lat="44.107796028256416" lon="7.355316001921892">
        <ele>2254</ele>
        <time>2016-08-21T18:20:04Z</time>
      </trkpt>
      <trkpt lat="44.107487993314862" lon="7.354993969202042">
        <ele>2254</ele>
        <time>2016-08-21T18:20:24Z</time>
      </trkpt>
      <trkpt lat="44.106949036940932" lon="7.355165965855122">
        <ele>2240</ele>
        <time>2016-08-21T18:20:44Z</time>
      </trkpt>
      <trkpt lat="44.106547962874174" lon="7.355036968365312">
        <ele>2246</ele>
        <time>2016-08-21T18:21:04Z</time>
      </trkpt>
      <trkpt lat="44.105946980416775" lon="7.355294963344932">
        <ele>2243</ele>
        <time>2016-08-21T18:21:24Z</time>
      </trkpt>
      <trkpt lat="44.105345997959375" lon="7.355294963344932">
        <ele>2250</ele>
        <time>2016-08-21T18:21:44Z</time>
      </trkpt>
      <trkpt lat="44.104683995246887" lon="7.356088981032372">
        <ele>2228</ele>
        <time>2016-08-21T18:22:04Z</time>
      </trkpt>
      <trkpt lat="44.103883020579815" lon="7.356775039806962">
        <ele>2206</ele>
        <time>2016-08-21T18:22:24Z</time>
      </trkpt>
      <trkpt lat="44.104360034689307" lon="7.356732040643692">
        <ele>2196</ele>
        <time>2016-08-21T18:22:44Z</time>
      </trkpt>
      <trkpt lat="44.103835998103023" lon="7.35748297534883">
        <ele>2193</ele>
        <time>2016-08-21T18:23:04Z</time>
      </trkpt>
      <trkpt lat="44.10357397980988" lon="7.3575259745121">
        <ele>2176</ele>
        <time>2016-08-21T18:23:24Z</time>
      </trkpt>
      <trkpt lat="44.103282038122416" lon="7.358127040788531">
        <ele>2161</ele>
        <time>2016-08-21T18:23:44Z</time>
      </trkpt>
      <trkpt lat="44.103482030332088" lon="7.358213039115071">
        <ele>2158</ele>
        <time>2016-08-21T18:24:04Z</time>
      </trkpt>
      <trkpt lat="44.10335898399353" lon="7.358728023245931">
        <ele>2143</ele>
        <time>2016-08-21T18:24:24Z</time>
      </trkpt>
      <trkpt lat="44.102619029581547" lon="7.35900697298348">
        <ele>2122</ele>
        <time>2016-08-21T18:24:44Z</time>
      </trkpt>
      <trkpt lat="44.102188032120466" lon="7.358900019899011">
        <ele>2115</ele>
        <time>2016-08-21T18:25:04Z</time>
      </trkpt>
      <trkpt lat="44.102419037371874" lon="7.35922196879983">
        <ele>2102</ele>
        <time>2016-08-21T18:25:24Z</time>
      </trkpt>
      <trkpt lat="44.101972030475736" lon="7.35922196879983">
        <ele>2091</ele>
        <time>2016-08-21T18:25:44Z</time>
      </trkpt>
      <trkpt lat="44.100969973951578" lon="7.36003702506423">
        <ele>2053</ele>
        <time>2016-08-21T18:26:04Z</time>
      </trkpt>
      <trkpt lat="44.100616006180644" lon="7.359972987323999">
        <ele>2055</ele>
        <time>2016-08-21T18:26:24Z</time>
      </trkpt>
      <trkpt lat="44.100492959842086" lon="7.360251015052199">
        <ele>2036</ele>
        <time>2016-08-21T18:26:44Z</time>
      </trkpt>
      <trkpt lat="44.098596973344684" lon="7.359499996528029">
        <ele>2001</ele>
        <time>2016-08-21T18:27:04Z</time>
      </trkpt>
      <trkpt lat="44.098596973344684" lon="7.35909297131002">
        <ele>2010</ele>
        <time>2016-08-21T18:27:24Z</time>
      </trkpt>
      <trkpt lat="44.098812974989414" lon="7.358642024919391">
        <ele>2018</ele>
        <time>2016-08-21T18:27:44Z</time>
      </trkpt>
      <trkpt lat="44.098289022222161" lon="7.358084041625261">
        <ele>1992</ele>
        <time>2016-08-21T18:28:04Z</time>
      </trkpt>
      <trkpt lat="44.098427994176745" lon="7.3586639855057">
        <ele>2010</ele>
        <time>2016-08-21T18:28:24Z</time>
      </trkpt>
      <trkpt lat="44.098165975883603" lon="7.358556026592851">
        <ele>1985</ele>
        <time>2016-08-21T18:28:44Z</time>
      </trkpt>
      <trkpt lat="44.097842015326023" lon="7.357934005558491">
        <ele>1982</ele>
        <time>2016-08-21T18:29:04Z</time>
      </trkpt>
      <trkpt lat="44.097780995070934" lon="7.35831999219954">
        <ele>1977</ele>
        <time>2016-08-21T18:29:24Z</time>
      </trkpt>
      <trkpt lat="44.097472038120031" lon="7.358192000538111">
        <ele>1954</ele>
        <time>2016-08-21T18:29:44Z</time>
      </trkpt>
      <trkpt lat="44.097055960446596" lon="7.356925997883081">
        <ele>1953</ele>
        <time>2016-08-21T18:30:04Z</time>
      </trkpt>
      <trkpt lat="44.096701992675662" lon="7.356861038133502">
        <ele>1946</ele>
        <time>2016-08-21T18:30:24Z</time>
      </trkpt>
      <trkpt lat="44.096532007679343" lon="7.357119033113122">
        <ele>1927</ele>
        <time>2016-08-21T18:30:44Z</time>
      </trkpt>
      <trkpt lat="44.096423964947462" lon="7.357634017243981">
        <ele>1922</ele>
        <time>2016-08-21T18:31:04Z</time>
      </trkpt>
      <trkpt lat="44.096254985779524" lon="7.356882998719811">
        <ele>1923</ele>
        <time>2016-08-21T18:31:24Z</time>
      </trkpt>
      <trkpt lat="44.095500027760863" lon="7.356302971020341">
        <ele>1901</ele>
        <time>2016-08-21T18:31:44Z</time>
      </trkpt>
      <trkpt lat="44.095776965841651" lon="7.357440982013941">
        <ele>1900</ele>
        <time>2016-08-21T18:32:04Z</time>
      </trkpt>
      <trkpt lat="44.095685016363859" lon="7.35849198885262">
        <ele>1880</ele>
        <time>2016-08-21T18:32:24Z</time>
      </trkpt>
      <trkpt lat="44.09590101800859" lon="7.35907101072371">
        <ele>1888</ele>
        <time>2016-08-21T18:32:44Z</time>
      </trkpt>
      <trkpt lat="44.095807978883386" lon="7.359435958787799">
        <ele>1872</ele>
        <time>2016-08-21T18:33:04Z</time>
      </trkpt>
      <trkpt lat="44.095685016363859" lon="7.35945800319314">
        <ele>1871</ele>
        <time>2016-08-21T18:33:24Z</time>
      </trkpt>
      <trkpt lat="44.095406988635659" lon="7.36016602255404">
        <ele>1872</ele>
        <time>2016-08-21T18:33:44Z</time>
      </trkpt>
      <trkpt lat="44.096007971093059" lon="7.360851997509599">
        <ele>1883</ele>
        <time>2016-08-21T18:34:04Z</time>
      </trkpt>
      <trkpt lat="44.096239982172847" lon="7.361924964934588">
        <ele>1892</ele>
        <time>2016-08-21T18:34:24Z</time>
      </trkpt>
      <trkpt lat="44.097611010074615" lon="7.362440032884479">
        <ele>1913</ele>
        <time>2016-08-21T18:34:44Z</time>
      </trkpt>
      <trkpt lat="44.097780995070934" lon="7.362354034557939">
        <ele>1916</ele>
        <time>2016-08-21T18:35:04Z</time>
      </trkpt>
      <trkpt lat="44.098812974989414" lon="7.363104969263077">
        <ele>1956</ele>
        <time>2016-08-21T18:35:24Z</time>
      </trkpt>
      <trkpt lat="44.099568016827106" lon="7.362804980948567">
        <ele>1971</ele>
        <time>2016-08-21T18:35:44Z</time>
      </trkpt>
      <trkpt lat="44.100061040371656" lon="7.363448962569237">
        <ele>1998</ele>
        <time>2016-08-21T18:36:04Z</time>
      </trkpt>
      <trkpt lat="44.100723965093493" lon="7.363491961732507">
        <ele>2008</ele>
        <time>2016-08-21T18:36:24Z</time>
      </trkpt>
      <trkpt lat="44.100246028974652" lon="7.363984985277057">
        <ele>2011</ele>
        <time>2016-08-21T18:36:44Z</time>
      </trkpt>
      <trkpt lat="44.100647019222379" lon="7.363921031355858">
        <ele>2016</ele>
        <time>2016-08-21T18:37:04Z</time>
      </trkpt>
      <trkpt lat="44.101878991350532" lon="7.364628966897726">
        <ele>2052</ele>
        <time>2016-08-21T18:37:24Z</time>
      </trkpt>
      <trkpt lat="44.101987034082413" lon="7.365487022325397">
        <ele>2073</ele>
        <time>2016-08-21T18:37:44Z</time>
      </trkpt>
      <trkpt lat="44.101895000785589" lon="7.366367038339376">
        <ele>2088</ele>
        <time>2016-08-21T18:38:04Z</time>
      </trkpt>
      <trkpt lat="44.101616973057389" lon="7.367096012458205">
        <ele>2107</ele>
        <time>2016-08-21T18:38:24Z</time>
      </trkpt>
      <trkpt lat="44.101632982492447" lon="7.367633040994406">
        <ele>2115</ele>
        <time>2016-08-21T18:38:44Z</time>
      </trkpt>
      <trkpt lat="44.101185975596309" lon="7.367868991568685">
        <ele>2126</ele>
        <time>2016-08-21T18:39:04Z</time>
      </trkpt>
      <trkpt lat="44.101278008893132" lon="7.368448013439775">
        <ele>2138</ele>
        <time>2016-08-21T18:39:24Z</time>
      </trkpt>
      <trkpt lat="44.100893028080463" lon="7.368426974862814">
        <ele>2147</ele>
        <time>2016-08-21T18:39:44Z</time>
      </trkpt>
      <trkpt lat="44.100553980097175" lon="7.369285030290484">
        <ele>2191</ele>
        <time>2016-08-21T18:40:04Z</time>
      </trkpt>
      <trkpt lat="44.101340034976602" lon="7.372246021404862">
        <ele>2219</ele>
        <time>2016-08-21T18:40:24Z</time>
      </trkpt>
      <trkpt lat="44.101571040228009" lon="7.37417696043849">
        <ele>2271</ele>
        <time>2016-08-21T18:40:44Z</time>
      </trkpt>
      <trkpt lat="44.101972030475736" lon="7.37535797059536">
        <ele>2304</ele>
        <time>2016-08-21T18:41:04Z</time>
      </trkpt>
      <trkpt lat="44.102017963305116" lon="7.375830039381981">
        <ele>2310</ele>
        <time>2016-08-21T18:41:24Z</time>
      </trkpt>
      <trkpt lat="44.102294985204935" lon="7.37608702853322">
        <ele>2318</ele>
        <time>2016-08-21T18:41:44Z</time>
      </trkpt>
      <trkpt lat="44.102495983242989" lon="7.377009959891439">
        <ele>2328</ele>
        <time>2016-08-21T18:42:04Z</time>
      </trkpt>
      <trkpt lat="44.102188032120466" lon="7.377889975905418">
        <ele>2348</ele>
        <time>2016-08-21T18:42:24Z</time>
      </trkpt>
      <trkpt lat="44.102434040978551" lon="7.378791030496359">
        <ele>2373</ele>
        <time>2016-08-21T18:42:44Z</time>
      </trkpt>
      <trkpt lat="44.102079989388585" lon="7.379606002941728">
        <ele>2396</ele>
        <time>2016-08-21T18:43:04Z</time>
      </trkpt>
      <trkpt lat="44.102573012933135" lon="7.379906997084618">
        <ele>2382</ele>
        <time>2016-08-21T18:43:24Z</time>
      </trkpt>
      <trkpt lat="44.102373020723462" lon="7.380529018118978">
        <ele>2398</ele>
        <time>2016-08-21T18:43:44Z</time>
      </trkpt>
      <trkpt lat="44.102157019078732" lon="7.380678970366716">
        <ele>2402</ele>
        <time>2016-08-21T18:44:04Z</time>
      </trkpt>
      <trkpt lat="44.102248968556523" lon="7.381172999739647">
        <ele>2405</ele>
        <time>2016-08-21T18:44:24Z</time>
      </trkpt>
      <trkpt lat="44.101078016683459" lon="7.386022014543414">
        <ele>2482</ele>
        <time>2016-08-21T18:44:44Z</time>
      </trkpt>
      <trkpt lat="44.099106006324291" lon="7.391558010131121">
        <ele>2334</ele>
        <time>2016-08-21T18:45:04Z</time>
      </trkpt>
      <trkpt lat="44.099583020433784" lon="7.391902003437281">
        <ele>2324</ele>
        <time>2016-08-21T18:45:24Z</time>
      </trkpt>
      <trkpt lat="44.099428961053491" lon="7.392266029492021">
        <ele>2310</ele>
        <time>2016-08-21T18:45:44Z</time>
      </trkpt>
      <trkpt lat="44.098858991637826" lon="7.392567023634911">
        <ele>2260</ele>
        <time>2016-08-21T18:46:04Z</time>
      </trkpt>
      <trkpt lat="44.098612982779741" lon="7.3930390086025">
        <ele>2249</ele>
        <time>2016-08-21T18:46:24Z</time>
      </trkpt>
      <trkpt lat="44.098350964486599" lon="7.393059963360429">
        <ele>2245</ele>
        <time>2016-08-21T18:46:44Z</time>
      </trkpt>
      <trkpt lat="44.098474010825157" lon="7.393317958340049">
        <ele>2238</ele>
        <time>2016-08-21T18:47:04Z</time>
      </trkpt>
      <trkpt lat="44.098350964486599" lon="7.393724983558059">
        <ele>2222</ele>
        <time>2016-08-21T18:47:24Z</time>
      </trkpt>
      <trkpt lat="44.098396981135011" lon="7.39383302628994">
        <ele>2219</ele>
        <time>2016-08-21T18:47:44Z</time>
      </trkpt>
      <trkpt lat="44.097888031974435" lon="7.394604999572039">
        <ele>2175</ele>
        <time>2016-08-21T18:48:04Z</time>
      </trkpt>
      <trkpt lat="44.09845900721848" lon="7.395033985376358">
        <ele>2173</ele>
        <time>2016-08-21T18:48:24Z</time>
      </trkpt>
      <trkpt lat="44.098827978596091" lon="7.395978039130569">
        <ele>2163</ele>
        <time>2016-08-21T18:48:44Z</time>
      </trkpt>
      <trkpt lat="44.098766958341002" lon="7.396471984684467">
        <ele>2159</ele>
        <time>2016-08-21T18:49:04Z</time>
      </trkpt>
      <trkpt lat="44.098936021327972" lon="7.397029967978597">
        <ele>2162</ele>
        <time>2016-08-21T18:49:24Z</time>
      </trkpt>
      <trkpt lat="44.099444970488548" lon="7.396794017404318">
        <ele>2175</ele>
        <time>2016-08-21T18:49:44Z</time>
      </trkpt>
      <trkpt lat="44.099459974095225" lon="7.396342987194657">
        <ele>2184</ele>
        <time>2016-08-21T18:50:04Z</time>
      </trkpt>
      <trkpt lat="44.100924041122198" lon="7.396385986357927">
        <ele>2198</ele>
        <time>2016-08-21T18:50:24Z</time>
      </trkpt>
      <trkpt lat="44.101154962554574" lon="7.395978039130569">
        <ele>2204</ele>
        <time>2016-08-21T18:50:44Z</time>
      </trkpt>
      <trkpt lat="44.102094992995262" lon="7.395892962813377">
        <ele>2198</ele>
        <time>2016-08-21T18:51:04Z</time>
      </trkpt>
      <trkpt lat="44.10335898399353" lon="7.396193034946919">
        <ele>2206</ele>
        <time>2016-08-21T18:51:24Z</time>
      </trkpt>
      <trkpt lat="44.104251991957426" lon="7.396708019077778">
        <ele>2202</ele>
        <time>2016-08-21T18:51:44Z</time>
      </trkpt>
      <trkpt lat="44.104467993602157" lon="7.398209972307086">
        <ele>2194</ele>
        <time>2016-08-21T18:52:04Z</time>
      </trkpt>
      <trkpt lat="44.10488398745656" lon="7.398854037746787">
        <ele>2195</ele>
        <time>2016-08-21T18:52:24Z</time>
      </trkpt>
      <trkpt lat="44.105037963017821" lon="7.399884006008506">
        <ele>2203</ele>
        <time>2016-08-21T18:52:44Z</time>
      </trkpt>
      <trkpt lat="44.105238039046526" lon="7.400183994323015">
        <ele>2209</ele>
        <time>2016-08-21T18:53:04Z</time>
      </trkpt>
      <trkpt lat="44.10516100935638" lon="7.400463027879596">
        <ele>2212</ele>
        <time>2016-08-21T18:53:24Z</time>
      </trkpt>
      <trkpt lat="44.105454040691257" lon="7.401320999488235">
        <ele>2221</ele>
        <time>2016-08-21T18:53:44Z</time>
      </trkpt>
      <trkpt lat="44.104898991063237" lon="7.400569980964065">
        <ele>2212</ele>
        <time>2016-08-21T18:54:04Z</time>
      </trkpt>
      <trkpt lat="44.104514010250568" lon="7.400420028716326">
        <ele>2212</ele>
        <time>2016-08-21T18:54:24Z</time>
      </trkpt>
      <trkpt lat="44.104576036334038" lon="7.401901027187705">
        <ele>2238</ele>
        <time>2016-08-21T18:54:44Z</time>
      </trkpt>
      <trkpt lat="44.104606965556741" lon="7.403038032352924">
        <ele>2247</ele>
        <time>2016-08-21T18:55:04Z</time>
      </trkpt>
      <trkpt lat="44.104360034689307" lon="7.403553016483784">
        <ele>2250</ele>
        <time>2016-08-21T18:55:24Z</time>
      </trkpt>
      <trkpt lat="44.104098016396165" lon="7.403488978743553">
        <ele>2249</ele>
        <time>2016-08-21T18:55:44Z</time>
      </trkpt>
      <trkpt lat="44.103883020579815" lon="7.403659969568253">
        <ele>2253</ele>
        <time>2016-08-21T18:56:04Z</time>
      </trkpt>
      <trkpt lat="44.10357397980988" lon="7.403316982090473">
        <ele>2259</ele>
        <time>2016-08-21T18:56:24Z</time>
      </trkpt>
      <trkpt lat="44.103266028687358" lon="7.404218036681414">
        <ele>2269</ele>
        <time>2016-08-21T18:56:44Z</time>
      </trkpt>
      <trkpt lat="44.103188998997211" lon="7.405377002432942">
        <ele>2272</ele>
        <time>2016-08-21T18:57:04Z</time>
      </trkpt>
      <trkpt lat="44.102880964055657" lon="7.406300017610192">
        <ele>2282</ele>
        <time>2016-08-21T18:57:24Z</time>
      </trkpt>
      <trkpt lat="44.102911977097392" lon="7.407028991729021">
        <ele>2292</ele>
        <time>2016-08-21T18:57:44Z</time>
      </trkpt>
      <trkpt lat="44.102726988494396" lon="7.407523021101952">
        <ele>2310</ele>
        <time>2016-08-21T18:58:04Z</time>
      </trkpt>
      <trkpt lat="44.102079989388585" lon="7.40754397585988">
        <ele>2332</ele>
        <time>2016-08-21T18:58:24Z</time>
      </trkpt>
      <trkpt lat="44.101571040228009" lon="7.408789023756981">
        <ele>2359</ele>
        <time>2016-08-21T18:58:44Z</time>
      </trkpt>
      <trkpt lat="44.101370964199305" lon="7.40893897600472">
        <ele>2360</ele>
        <time>2016-08-21T18:59:04Z</time>
      </trkpt>
      <trkpt lat="44.101216988638043" lon="7.409453960135579">
        <ele>2363</ele>
        <time>2016-08-21T18:59:24Z</time>
      </trkpt>
      <trkpt lat="44.100832007825375" lon="7.410741001367569">
        <ele>2360</ele>
        <time>2016-08-21T18:59:44Z</time>
      </trkpt>
      <trkpt lat="44.100878024473786" lon="7.411685977131128">
        <ele>2375</ele>
        <time>2016-08-21T19:00:04Z</time>
      </trkpt>
      <trkpt lat="44.10129401832819" lon="7.413531001657248">
        <ele>2390</ele>
        <time>2016-08-21T19:00:24Z</time>
      </trkpt>
      <trkpt lat="44.101154962554574" lon="7.415955970063806">
        <ele>2391</ele>
        <time>2016-08-21T19:00:44Z</time>
      </trkpt>
      <trkpt lat="44.100954970344901" lon="7.416986022144556">
        <ele>2391</ele>
        <time>2016-08-21T19:01:04Z</time>
      </trkpt>
      <trkpt lat="44.10123199224472" lon="7.416986022144556">
        <ele>2396</ele>
        <time>2016-08-21T19:01:24Z</time>
      </trkpt>
      <trkpt lat="44.101139958947897" lon="7.417737040668726">
        <ele>2401</ele>
        <time>2016-08-21T19:01:44Z</time>
      </trkpt>
      <trkpt lat="44.100723965093493" lon="7.418294018134475">
        <ele>2385</ele>
        <time>2016-08-21T19:02:04Z</time>
      </trkpt>
      <trkpt lat="44.10047703422606" lon="7.418337017297745">
        <ele>2382</ele>
        <time>2016-08-21T19:02:24Z</time>
      </trkpt>
      <trkpt lat="44.099799022078514" lon="7.419260032474995">
        <ele>2386</ele>
        <time>2016-08-21T19:02:44Z</time>
      </trkpt>
      <trkpt lat="44.099537003785372" lon="7.421190971508622">
        <ele>2434</ele>
        <time>2016-08-21T19:03:04Z</time>
      </trkpt>
      <trkpt lat="44.099043980240822" lon="7.422865005210042">
        <ele>2483</ele>
        <time>2016-08-21T19:03:24Z</time>
      </trkpt>
      <trkpt lat="44.098612982779741" lon="7.423293991014361">
        <ele>2489</ele>
        <time>2016-08-21T19:03:44Z</time>
      </trkpt>
      <trkpt lat="44.098196988925338" lon="7.423316035419703">
        <ele>2504</ele>
        <time>2016-08-21T19:04:04Z</time>
      </trkpt>
      <trkpt lat="44.098073020577431" lon="7.423702022060752">
        <ele>2519</ele>
        <time>2016-08-21T19:04:24Z</time>
      </trkpt>
      <trkpt lat="44.09764202311635" lon="7.42428096011281">
        <ele>2541</ele>
        <time>2016-08-21T19:04:44Z</time>
      </trkpt>
      <trkpt lat="44.09742602147162" lon="7.42511797696352">
        <ele>0</ele>
        <time>2016-08-21T19:05:04Z</time>
      </trkpt>
      <trkpt lat="44.096779022365808" lon="7.4252899736166">
        <ele>0</ele>
        <time>2016-08-21T19:05:24Z</time>
      </trkpt>
      <trkpt lat="44.097226029261947" lon="7.426363024860621">
        <ele>0</ele>
        <time>2016-08-21T19:05:44Z</time>
      </trkpt>
      <trkpt lat="44.096995024010539" lon="7.42666301317513">
        <ele>0</ele>
        <time>2016-08-21T19:06:04Z</time>
      </trkpt>
      <trkpt lat="44.097117986530066" lon="7.427113959565759">
        <ele>0</ele>
        <time>2016-08-21T19:06:24Z</time>
      </trkpt>
      <trkpt lat="44.096794025972486" lon="7.427778979763389">
        <ele>0</ele>
        <time>2016-08-21T19:06:44Z</time>
      </trkpt>
      <trkpt lat="44.095822982490063" lon="7.428379962220788">
        <ele>0</ele>
        <time>2016-08-21T19:07:04Z</time>
      </trkpt>
      <trkpt lat="44.09508403390646" lon="7.428035968914628">
        <ele>0</ele>
        <time>2016-08-21T19:07:24Z</time>
      </trkpt>
      <trkpt lat="44.094775998964906" lon="7.428508037701249">
        <ele>0</ele>
        <time>2016-08-21T19:07:44Z</time>
      </trkpt>
      <trkpt lat="44.094375008717179" lon="7.428637035191059">
        <ele>0</ele>
        <time>2016-08-21T19:08:04Z</time>
      </trkpt>
      <trkpt lat="44.094096980988979" lon="7.429281016811729">
        <ele>0</ele>
        <time>2016-08-21T19:08:24Z</time>
      </trkpt>
      <trkpt lat="44.092971961945295" lon="7.429645964875817">
        <ele>2559</ele>
        <time>2016-08-21T19:08:44Z</time>
      </trkpt>
      <trkpt lat="44.09197099506855" lon="7.430396983399987">
        <ele>2552</ele>
        <time>2016-08-21T19:09:04Z</time>
      </trkpt>
      <trkpt lat="44.091677963733673" lon="7.430310985073447">
        <ele>2552</ele>
        <time>2016-08-21T19:09:24Z</time>
      </trkpt>
      <trkpt lat="44.09121603704989" lon="7.431019004434347">
        <ele>2543</ele>
        <time>2016-08-21T19:09:44Z</time>
      </trkpt>
      <trkpt lat="44.090876989066601" lon="7.431169040501118">
        <ele>2541</ele>
        <time>2016-08-21T19:10:04Z</time>
      </trkpt>
      <trkpt lat="44.090769030153751" lon="7.431899020448327">
        <ele>2520</ele>
        <time>2016-08-21T19:10:24Z</time>
      </trkpt>
      <trkpt lat="44.090475998818874" lon="7.432177970185876">
        <ele>2515</ele>
        <time>2016-08-21T19:10:44Z</time>
      </trkpt>
      <trkpt lat="44.089812990278006" lon="7.432177970185876">
        <ele>2511</ele>
        <time>2016-08-21T19:11:04Z</time>
      </trkpt>
      <trkpt lat="44.087547026574612" lon="7.434365982189775">
        <ele>2459</ele>
        <time>2016-08-21T19:11:24Z</time>
      </trkpt>
      <trkpt lat="44.086869014427066" lon="7.435202999040484">
        <ele>2453</ele>
        <time>2016-08-21T19:11:44Z</time>
      </trkpt>
      <trkpt lat="44.085312997922301" lon="7.435717983171344">
        <ele>2460</ele>
        <time>2016-08-21T19:12:04Z</time>
      </trkpt>
      <trkpt lat="44.08466499298811" lon="7.436232967302203">
        <ele>2441</ele>
        <time>2016-08-21T19:12:24Z</time>
      </trkpt>
      <trkpt lat="44.084418984130025" lon="7.436769995838404">
        <ele>2423</ele>
        <time>2016-08-21T19:12:44Z</time>
      </trkpt>
      <trkpt lat="44.084001984447241" lon="7.437091022729874">
        <ele>2432</ele>
        <time>2016-08-21T19:13:04Z</time>
      </trkpt>
      <trkpt lat="44.083917997777462" lon="7.437767023220658">
        <ele>2420</ele>
        <time>2016-08-21T19:13:24Z</time>
      </trkpt>
      <trkpt lat="44.083423968404531" lon="7.438431959599257">
        <ele>2431</ele>
        <time>2016-08-21T19:13:44Z</time>
      </trkpt>
      <trkpt lat="44.083116017282009" lon="7.438260968774557">
        <ele>2441</ele>
        <time>2016-08-21T19:14:04Z</time>
      </trkpt>
      <trkpt lat="44.083162033930421" lon="7.438561040908098">
        <ele>2452</ele>
        <time>2016-08-21T19:14:24Z</time>
      </trkpt>
      <trkpt lat="44.082530038431287" lon="7.438561040908098">
        <ele>2464</ele>
        <time>2016-08-21T19:14:44Z</time>
      </trkpt>
      <trkpt lat="44.082190990447998" lon="7.438002973794937">
        <ele>2476</ele>
        <time>2016-08-21T19:15:04Z</time>
      </trkpt>
      <trkpt lat="44.08223801292479" lon="7.438905034214258">
        <ele>2492</ele>
        <time>2016-08-21T19:15:24Z</time>
      </trkpt>
      <trkpt lat="44.081621021032333" lon="7.438561040908098">
        <ele>2512</ele>
        <time>2016-08-21T19:15:44Z</time>
      </trkpt>
      <trkpt lat="44.081759992986917" lon="7.439462011680007">
        <ele>2511</ele>
        <time>2016-08-21T19:16:04Z</time>
      </trkpt>
      <trkpt lat="44.08146696165204" lon="7.439377019181848">
        <ele>2527</ele>
        <time>2016-08-21T19:16:24Z</time>
      </trkpt>
      <trkpt lat="44.080773023888469" lon="7.439054986461997">
        <ele>2543</ele>
        <time>2016-08-21T19:16:44Z</time>
      </trkpt>
      <trkpt lat="44.080618964508176" lon="7.438604040071368">
        <ele>2531</ele>
        <time>2016-08-21T19:17:04Z</time>
      </trkpt>
      <trkpt lat="44.080172041431069" lon="7.438260968774557">
        <ele>2522</ele>
        <time>2016-08-21T19:17:24Z</time>
      </trkpt>
      <trkpt lat="44.080187967047095" lon="7.437917981296778">
        <ele>2527</ele>
        <time>2016-08-21T19:17:44Z</time>
      </trkpt>
      <trkpt lat="44.079740960150957" lon="7.437316998839378">
        <ele>2518</ele>
        <time>2016-08-21T19:18:04Z</time>
      </trkpt>
      <trkpt lat="44.079725034534931" lon="7.437896020710468">
        <ele>2505</ele>
        <time>2016-08-21T19:18:24Z</time>
      </trkpt>
      <trkpt lat="44.07890796661377" lon="7.437123963609338">
        <ele>2482</ele>
        <time>2016-08-21T19:18:44Z</time>
      </trkpt>
      <trkpt lat="44.07907803542912" lon="7.437659986317158">
        <ele>2472</ele>
        <time>2016-08-21T19:19:04Z</time>
      </trkpt>
      <trkpt lat="44.078722978010774" lon="7.437424035742879">
        <ele>2472</ele>
        <time>2016-08-21T19:19:24Z</time>
      </trkpt>
      <trkpt lat="44.078768994659185" lon="7.437831982970238">
        <ele>2457</ele>
        <time>2016-08-21T19:19:44Z</time>
      </trkpt>
      <trkpt lat="44.078199025243521" lon="7.437359998002648">
        <ele>2435</ele>
        <time>2016-08-21T19:20:04Z</time>
      </trkpt>
      <trkpt lat="44.07836901023984" lon="7.437917981296778">
        <ele>2447</ele>
        <time>2016-08-21T19:20:24Z</time>
      </trkpt>
      <trkpt lat="44.078153008595109" lon="7.437939019873738">
        <ele>2420</ele>
        <time>2016-08-21T19:20:44Z</time>
      </trkpt>
      <trkpt lat="44.077689992263913" lon="7.437252039089799">
        <ele>2423</ele>
        <time>2016-08-21T19:21:04Z</time>
      </trkpt>
      <trkpt lat="44.077305011451244" lon="7.437767023220658">
        <ele>2396</ele>
        <time>2016-08-21T19:21:24Z</time>
      </trkpt>
      <trkpt lat="44.076317958533764" lon="7.438411004841328">
        <ele>2389</ele>
        <time>2016-08-21T19:21:44Z</time>
      </trkpt>
      <trkpt lat="44.075995003804564" lon="7.438217969611287">
        <ele>2384</ele>
        <time>2016-08-21T19:22:04Z</time>
      </trkpt>
      <trkpt lat="44.075516983866692" lon="7.438647039234638">
        <ele>2381</ele>
        <time>2016-08-21T19:22:24Z</time>
      </trkpt>
      <trkpt lat="44.074483998119831" lon="7.438839990645647">
        <ele>2375</ele>
        <time>2016-08-21T19:22:44Z</time>
      </trkpt>
      <trkpt lat="44.073203997686505" lon="7.439806004986167">
        <ele>2344</ele>
        <time>2016-08-21T19:23:04Z</time>
      </trkpt>
      <trkpt lat="44.072989001870155" lon="7.439677007496357">
        <ele>2341</ele>
        <time>2016-08-21T19:23:24Z</time>
      </trkpt>
      <trkpt lat="44.072695970535278" lon="7.439849004149437">
        <ele>2336</ele>
        <time>2016-08-21T19:23:44Z</time>
      </trkpt>
      <trkpt lat="44.072340996935964" lon="7.439655968919396">
        <ele>2327</ele>
        <time>2016-08-21T19:24:04Z</time>
      </trkpt>
      <trkpt lat="44.071261994540691" lon="7.439849004149437">
        <ele>2323</ele>
        <time>2016-08-21T19:24:24Z</time>
      </trkpt>
      <trkpt lat="44.071060996502638" lon="7.440406987443566">
        <ele>2316</ele>
        <time>2016-08-21T19:24:44Z</time>
      </trkpt>
      <trkpt lat="44.069828018546104" lon="7.441135961562395">
        <ele>2307</ele>
        <time>2016-08-21T19:25:04Z</time>
      </trkpt>
      <trkpt lat="44.069056967273355" lon="7.441780027002096">
        <ele>2307</ele>
        <time>2016-08-21T19:25:24Z</time>
      </trkpt>
      <trkpt lat="44.067639000713825" lon="7.441866025328636">
        <ele>2302</ele>
        <time>2016-08-21T19:25:44Z</time>
      </trkpt>
      <trkpt lat="44.067206997424364" lon="7.442315965890884">
        <ele>2291</ele>
        <time>2016-08-21T19:26:04Z</time>
      </trkpt>
      <trkpt lat="44.066481962800026" lon="7.442381009459496">
        <ele>2268</ele>
        <time>2016-08-21T19:26:24Z</time>
      </trkpt>
      <trkpt lat="44.066020036116242" lon="7.442702958360314">
        <ele>2265</ele>
        <time>2016-08-21T19:26:44Z</time>
      </trkpt>
      <trkpt lat="44.066020036116242" lon="7.442358965054154">
        <ele>2256</ele>
        <time>2016-08-21T19:27:04Z</time>
      </trkpt>
      <trkpt lat="44.065388040617108" lon="7.442123014479876">
        <ele>2241</ele>
        <time>2016-08-21T19:27:24Z</time>
      </trkpt>
      <trkpt lat="44.064832990989089" lon="7.442338010296226">
        <ele>2232</ele>
        <time>2016-08-21T19:27:44Z</time>
      </trkpt>
      <trkpt lat="44.064616989344358" lon="7.443066984415054">
        <ele>2228</ele>
        <time>2016-08-21T19:28:04Z</time>
      </trkpt>
      <trkpt lat="44.063691962510347" lon="7.443218026310206">
        <ele>2223</ele>
        <time>2016-08-21T19:28:24Z</time>
      </trkpt>
      <trkpt lat="44.063368001952767" lon="7.443367978557944">
        <ele>2214</ele>
        <time>2016-08-21T19:28:44Z</time>
      </trkpt>
      <trkpt lat="44.063120987266302" lon="7.443046029657126">
        <ele>2220</ele>
        <time>2016-08-21T19:29:04Z</time>
      </trkpt>
      <trkpt lat="44.062658976763487" lon="7.442960031330586">
        <ele>2219</ele>
        <time>2016-08-21T19:29:24Z</time>
      </trkpt>
      <trkpt lat="44.062442975118756" lon="7.442659959197044">
        <ele>2222</ele>
        <time>2016-08-21T19:29:44Z</time>
      </trkpt>
      <trkpt lat="44.061825983226299" lon="7.443175027146936">
        <ele>2211</ele>
        <time>2016-08-21T19:30:04Z</time>
      </trkpt>
      <trkpt lat="44.060268960893154" lon="7.443281980231404">
        <ele>2184</ele>
        <time>2016-08-21T19:30:24Z</time>
      </trkpt>
      <trkpt lat="44.060067962855101" lon="7.442809995263815">
        <ele>2192</ele>
        <time>2016-08-21T19:30:44Z</time>
      </trkpt>
      <trkpt lat="44.059390034526587" lon="7.442831033840776">
        <ele>2176</ele>
        <time>2016-08-21T19:31:04Z</time>
      </trkpt>
      <trkpt lat="44.058896005153656" lon="7.442401964217424">
        <ele>2183</ele>
        <time>2016-08-21T19:31:24Z</time>
      </trkpt>
      <trkpt lat="44.058048008009791" lon="7.443260019645095">
        <ele>2170</ele>
        <time>2016-08-21T19:31:44Z</time>
      </trkpt>
      <trkpt lat="44.057523971423507" lon="7.445470998063684">
        <ele>2154</ele>
        <time>2016-08-21T19:32:04Z</time>
      </trkpt>
      <trkpt lat="44.05712298117578" lon="7.446565004065633">
        <ele>2166</ele>
        <time>2016-08-21T19:32:24Z</time>
      </trkpt>
      <trkpt lat="44.057030025869608" lon="7.447702009230852">
        <ele>2153</ele>
        <time>2016-08-21T19:32:44Z</time>
      </trkpt>
      <trkpt lat="44.057107977569103" lon="7.448560986667872">
        <ele>2139</ele>
        <time>2016-08-21T19:33:04Z</time>
      </trkpt>
      <trkpt lat="44.056984009221196" lon="7.449226006865501">
        <ele>2134</ele>
        <time>2016-08-21T19:33:24Z</time>
      </trkpt>
      <trkpt lat="44.057015022262931" lon="7.44991198182106">
        <ele>2129</ele>
        <time>2016-08-21T19:33:44Z</time>
      </trkpt>
      <trkpt lat="44.056675974279642" lon="7.45154301635921">
        <ele>2131</ele>
        <time>2016-08-21T19:34:04Z</time>
      </trkpt>
      <trkpt lat="44.056490985676646" lon="7.45154301635921">
        <ele>2140</ele>
        <time>2016-08-21T19:34:24Z</time>
      </trkpt>
      <trkpt lat="44.056367017328739" lon="7.451950963586569">
        <ele>2138</ele>
        <time>2016-08-21T19:34:44Z</time>
      </trkpt>
      <trkpt lat="44.056058982387185" lon="7.452229997143149">
        <ele>2139</ele>
        <time>2016-08-21T19:35:04Z</time>
      </trkpt>
      <trkpt lat="44.055997040122747" lon="7.451735967770219">
        <ele>2142</ele>
        <time>2016-08-21T19:35:24Z</time>
      </trkpt>
      <trkpt lat="44.055873993784189" lon="7.4518440105021">
        <ele>2142</ele>
        <time>2016-08-21T19:35:44Z</time>
      </trkpt>
      <trkpt lat="44.055751031264663" lon="7.45150001719594">
        <ele>2152</ele>
        <time>2016-08-21T19:36:04Z</time>
      </trkpt>
      <trkpt lat="44.055565036833286" lon="7.452036961913109">
        <ele>2151</ele>
        <time>2016-08-21T19:36:24Z</time>
      </trkpt>
      <trkpt lat="44.055426986888051" lon="7.4514140188694">
        <ele>2156</ele>
        <time>2016-08-21T19:36:44Z</time>
      </trkpt>
      <trkpt lat="44.054978974163532" lon="7.451564976945519">
        <ele>2166</ele>
        <time>2016-08-21T19:37:04Z</time>
      </trkpt>
      <trkpt lat="44.054640009999275" lon="7.451071031391621">
        <ele>2166</ele>
        <time>2016-08-21T19:37:24Z</time>
      </trkpt>
      <trkpt lat="44.053884968161583" lon="7.4513069819659">
        <ele>2169</ele>
        <time>2016-08-21T19:37:44Z</time>
      </trkpt>
      <trkpt lat="44.053760999813676" lon="7.450406011193991">
        <ele>2170</ele>
        <time>2016-08-21T19:38:04Z</time>
      </trkpt>
      <trkpt lat="44.053607024252415" lon="7.45021297596395">
        <ele>2171</ele>
        <time>2016-08-21T19:38:24Z</time>
      </trkpt>
      <trkpt lat="44.053607024252415" lon="7.449183007702231">
        <ele>2179</ele>
        <time>2016-08-21T19:38:44Z</time>
      </trkpt>
      <trkpt lat="44.053868958726525" lon="7.448324030265212">
        <ele>2187</ele>
        <time>2016-08-21T19:39:04Z</time>
      </trkpt>
      <trkpt lat="44.05357601121068" lon="7.448023958131671">
        <ele>2195</ele>
        <time>2016-08-21T19:39:24Z</time>
      </trkpt>
      <trkpt lat="44.052959019318223" lon="7.448067041113973">
        <ele>2217</ele>
        <time>2016-08-21T19:39:44Z</time>
      </trkpt>
      <trkpt lat="44.052604967728257" lon="7.447465974837542">
        <ele>2233</ele>
        <time>2016-08-21T19:40:04Z</time>
      </trkpt>
      <trkpt lat="44.052881989628077" lon="7.447122987359762">
        <ele>2231</ele>
        <time>2016-08-21T19:40:24Z</time>
      </trkpt>
      <trkpt lat="44.052634974941611" lon="7.445878023281694">
        <ele>2252</ele>
        <time>2016-08-21T19:40:44Z</time>
      </trkpt>
      <trkpt lat="44.052233984693885" lon="7.445470998063684">
        <ele>2262</ele>
        <time>2016-08-21T19:41:04Z</time>
      </trkpt>
      <trkpt lat="44.052018988877535" lon="7.444956013932824">
        <ele>2267</ele>
        <time>2016-08-21T19:41:24Z</time>
      </trkpt>
      <trkpt lat="44.051633002236485" lon="7.444956013932824">
        <ele>2275</ele>
        <time>2016-08-21T19:41:44Z</time>
      </trkpt>
      <trkpt lat="44.051633002236485" lon="7.444676980376244">
        <ele>2275</ele>
        <time>2016-08-21T19:42:04Z</time>
      </trkpt>
      <trkpt lat="44.052065005525947" lon="7.444558963179588">
        <ele>2265</ele>
        <time>2016-08-21T19:42:24Z</time>
      </trkpt>
      <trkpt lat="44.051911029964685" lon="7.4441940151155">
        <ele>2266</ele>
        <time>2016-08-21T19:42:44Z</time>
      </trkpt>
      <trkpt lat="44.052172964438796" lon="7.44406501762569">
        <ele>2261</ele>
        <time>2016-08-21T19:43:04Z</time>
      </trkpt>
      <trkpt lat="44.052048996090889" lon="7.44346403516829">
        <ele>2262</ele>
        <time>2016-08-21T19:43:24Z</time>
      </trkpt>
      <trkpt lat="44.052096018567681" lon="7.44286397472024">
        <ele>2266</ele>
        <time>2016-08-21T19:43:44Z</time>
      </trkpt>
      <trkpt lat="44.051710031926632" lon="7.442241031676531">
        <ele>2274</ele>
        <time>2016-08-21T19:44:04Z</time>
      </trkpt>
      <trkpt lat="44.051695028319955" lon="7.440568003803492">
        <ele>2291</ele>
        <time>2016-08-21T19:44:24Z</time>
      </trkpt>
      <trkpt lat="44.051479026675224" lon="7.440439006313682">
        <ele>2282</ele>
        <time>2016-08-21T19:44:44Z</time>
      </trkpt>
      <trkpt lat="44.051524959504604" lon="7.440202971920371">
        <ele>2285</ele>
        <time>2016-08-21T19:45:04Z</time>
      </trkpt>
      <trkpt lat="44.051370983943343" lon="7.440138012170792">
        <ele>2283</ele>
        <time>2016-08-21T19:45:24Z</time>
      </trkpt>
      <trkpt lat="44.051463017240167" lon="7.439107960090041">
        <ele>2290</ele>
        <time>2016-08-21T19:45:44Z</time>
      </trkpt>
      <trkpt lat="44.051324967294931" lon="7.438678974285722">
        <ele>2287</ele>
        <time>2016-08-21T19:46:04Z</time>
      </trkpt>
      <trkpt lat="44.051417000591755" lon="7.437950000166893">
        <ele>2293</ele>
        <time>2016-08-21T19:46:24Z</time>
      </trkpt>
      <trkpt lat="44.051294038072228" lon="7.437670966610313">
        <ele>2294</ele>
        <time>2016-08-21T19:46:44Z</time>
      </trkpt>
      <trkpt lat="44.051370983943343" lon="7.437412971630693">
        <ele>2304</ele>
        <time>2016-08-21T19:47:04Z</time>
      </trkpt>
      <trkpt lat="44.050969993695617" lon="7.436469001695514">
        <ele>2322</ele>
        <time>2016-08-21T19:47:24Z</time>
      </trkpt>
      <trkpt lat="44.051078036427498" lon="7.435932978987694">
        <ele>2329</ele>
        <time>2016-08-21T19:47:44Z</time>
      </trkpt>
      <trkpt lat="44.05084602534771" lon="7.435482032597065">
        <ele>2343</ele>
        <time>2016-08-21T19:48:04Z</time>
      </trkpt>
      <trkpt lat="44.050615020096302" lon="7.435503993183374">
        <ele>2340</ele>
        <time>2016-08-21T19:48:24Z</time>
      </trkpt>
      <trkpt lat="44.050337998196483" lon="7.434709975495935">
        <ele>2355</ele>
        <time>2016-08-21T19:48:44Z</time>
      </trkpt>
      <trkpt lat="44.050337998196483" lon="7.433743961155415">
        <ele>2374</ele>
        <time>2016-08-21T19:49:04Z</time>
      </trkpt>
      <trkpt lat="44.050044966861606" lon="7.433357974514365">
        <ele>2376</ele>
        <time>2016-08-21T19:49:24Z</time>
      </trkpt>
      <trkpt lat="44.049597037956119" lon="7.433013981208205">
        <ele>2380</ele>
        <time>2016-08-21T19:49:44Z</time>
      </trkpt>
      <trkpt lat="44.049010975286365" lon="7.429946037009358">
        <ele>2419</ele>
        <time>2016-08-21T19:50:04Z</time>
      </trkpt>
      <trkpt lat="44.047052962705493" lon="7.431318992748857">
        <ele>2422</ele>
        <time>2016-08-21T19:50:24Z</time>
      </trkpt>
      <trkpt lat="44.046913990750909" lon="7.430782970041037">
        <ele>2397</ele>
        <time>2016-08-21T19:50:44Z</time>
      </trkpt>
      <trkpt lat="44.046173030510545" lon="7.431255038827658">
        <ele>2400</ele>
        <time>2016-08-21T19:51:04Z</time>
      </trkpt>
      <trkpt lat="44.042023988440633" lon="7.430396983399987">
        <ele>2286</ele>
        <time>2016-08-21T19:51:24Z</time>
      </trkpt>
      <trkpt lat="44.041591985151172" lon="7.429001983255148">
        <ele>2247</ele>
        <time>2016-08-21T19:51:44Z</time>
      </trkpt>
      <trkpt lat="44.038955038413405" lon="7.429645964875817">
        <ele>2145</ele>
        <time>2016-08-21T19:52:04Z</time>
      </trkpt>
      <trkpt lat="44.038969958201051" lon="7.429130980744958">
        <ele>2148</ele>
        <time>2016-08-21T19:52:24Z</time>
      </trkpt>
      <trkpt lat="44.037519972771406" lon="7.427886016666889">
        <ele>2114</ele>
        <time>2016-08-21T19:52:44Z</time>
      </trkpt>
      <trkpt lat="44.036965006962419" lon="7.42683500982821">
        <ele>2110</ele>
        <time>2016-08-21T19:53:04Z</time>
      </trkpt>
      <trkpt lat="44.035530025139451" lon="7.42644801735878">
        <ele>2076</ele>
        <time>2016-08-21T19:53:24Z</time>
      </trkpt>
      <trkpt lat="44.035190977156162" lon="7.425848040729761">
        <ele>2081</ele>
        <time>2016-08-21T19:53:44Z</time>
      </trkpt>
      <trkpt lat="44.034651014953852" lon="7.425417965278029">
        <ele>2093</ele>
        <time>2016-08-21T19:54:04Z</time>
      </trkpt>
      <trkpt lat="44.033910976722836" lon="7.425546962767839">
        <ele>2089</ele>
        <time>2016-08-21T19:54:24Z</time>
      </trkpt>
      <trkpt lat="44.033123999834061" lon="7.425976032391191">
        <ele>2067</ele>
        <time>2016-08-21T19:54:44Z</time>
      </trkpt>
      <trkpt lat="44.032507007941604" lon="7.425976032391191">
        <ele>2068</ele>
        <time>2016-08-21T19:55:04Z</time>
      </trkpt>
      <trkpt lat="44.031921029090881" lon="7.425311012193561">
        <ele>2067</ele>
        <time>2016-08-21T19:55:24Z</time>
      </trkpt>
      <trkpt lat="44.031781973317266" lon="7.423250991851091">
        <ele>2104</ele>
        <time>2016-08-21T19:55:44Z</time>
      </trkpt>
      <trkpt lat="44.03121099807322" lon="7.422113986685872">
        <ele>2093</ele>
        <time>2016-08-21T19:56:04Z</time>
      </trkpt>
      <trkpt lat="44.030640022829175" lon="7.421104973182082">
        <ele>2096</ele>
        <time>2016-08-21T19:56:24Z</time>
      </trkpt>
      <trkpt lat="44.030440030619502" lon="7.419796977192164">
        <ele>2079</ele>
        <time>2016-08-21T19:56:44Z</time>
      </trkpt>
      <trkpt lat="44.029591027647257" lon="7.418724009767175">
        <ele>2077</ele>
        <time>2016-08-21T19:57:04Z</time>
      </trkpt>
      <trkpt lat="44.029451971873641" lon="7.418100982904434">
        <ele>2050</ele>
        <time>2016-08-21T19:57:24Z</time>
      </trkpt>
      <trkpt lat="44.028758034110069" lon="7.417607959359884">
        <ele>2070</ele>
        <time>2016-08-21T19:57:44Z</time>
      </trkpt>
      <trkpt lat="44.026952991262078" lon="7.414883002638817">
        <ele>2008</ele>
        <time>2016-08-21T19:58:04Z</time>
      </trkpt>
      <trkpt lat="44.025950012728572" lon="7.414603969082236">
        <ele>2010</ele>
        <time>2016-08-21T19:58:24Z</time>
      </trkpt>
      <trkpt lat="44.025178961455822" lon="7.414110023528338">
        <ele>1994</ele>
        <time>2016-08-21T19:58:44Z</time>
      </trkpt>
      <trkpt lat="44.024591976776719" lon="7.414689967408776">
        <ele>1982</ele>
        <time>2016-08-21T19:59:04Z</time>
      </trkpt>
      <trkpt lat="44.023588998243213" lon="7.415033038705587">
        <ele>1957</ele>
        <time>2016-08-21T19:59:24Z</time>
      </trkpt>
      <trkpt lat="44.021397968754172" lon="7.416385039687157">
        <ele>1941</ele>
        <time>2016-08-21T19:59:44Z</time>
      </trkpt>
      <trkpt lat="44.018882978707552" lon="7.418638011440635">
        <ele>1893</ele>
        <time>2016-08-21T20:00:04Z</time>
      </trkpt>
      <trkpt lat="44.018729003146291" lon="7.419066997244954">
        <ele>1888</ele>
        <time>2016-08-21T20:00:24Z</time>
      </trkpt>
      <trkpt lat="44.017896009609103" lon="7.419753978028894">
        <ele>1859</ele>
        <time>2016-08-21T20:00:44Z</time>
      </trkpt>
      <trkpt lat="44.017818979918957" lon="7.420075004920363">
        <ele>1843</ele>
        <time>2016-08-21T20:01:04Z</time>
      </trkpt>
      <trkpt lat="44.017078019678593" lon="7.420890983194113">
        <ele>1820</ele>
        <time>2016-08-21T20:01:24Z</time>
      </trkpt>
      <trkpt lat="44.016552977263927" lon="7.421921035274863">
        <ele>1830</ele>
        <time>2016-08-21T20:01:44Z</time>
      </trkpt>
      <trkpt lat="44.015149008482695" lon="7.422264022752643">
        <ele>1847</ele>
        <time>2016-08-21T20:02:04Z</time>
      </trkpt>
      <trkpt lat="44.016029024496675" lon="7.422822006046772">
        <ele>1852</ele>
        <time>2016-08-21T20:02:24Z</time>
      </trkpt>
      <trkpt lat="44.01539602316916" lon="7.423980971798301">
        <ele>1884</ele>
        <time>2016-08-21T20:02:44Z</time>
      </trkpt>
      <trkpt lat="44.015350006520748" lon="7.423058040440083">
        <ele>1875</ele>
        <time>2016-08-21T20:03:04Z</time>
      </trkpt>
      <trkpt lat="44.014623966068029" lon="7.422885959967971">
        <ele>1886</ele>
        <time>2016-08-21T20:03:24Z</time>
      </trkpt>
      <trkpt lat="44.013884011656046" lon="7.423037001863122">
        <ele>1903</ele>
        <time>2016-08-21T20:03:44Z</time>
      </trkpt>
      <trkpt lat="44.01292696595192" lon="7.422951003536582">
        <ele>1917</ele>
        <time>2016-08-21T20:04:04Z</time>
      </trkpt>
      <trkpt lat="44.012525975704193" lon="7.422714969143271">
        <ele>1916</ele>
        <time>2016-08-21T20:04:24Z</time>
      </trkpt>
      <trkpt lat="44.012077962979674" lon="7.423465987667441">
        <ele>1934</ele>
        <time>2016-08-21T20:04:44Z</time>
      </trkpt>
      <trkpt lat="44.010426979511976" lon="7.42428096011281">
        <ele>1917</ele>
        <time>2016-08-21T20:05:04Z</time>
      </trkpt>
      <trkpt lat="44.009871007874608" lon="7.42533297277987">
        <ele>1930</ele>
        <time>2016-08-21T20:05:24Z</time>
      </trkpt>
      <trkpt lat="44.009531959891319" lon="7.425397010520101">
        <ele>1925</ele>
        <time>2016-08-21T20:05:44Z</time>
      </trkpt>
      <trkpt lat="44.009022004902363" lon="7.426363024860621">
        <ele>1932</ele>
        <time>2016-08-21T20:06:04Z</time>
      </trkpt>
      <trkpt lat="44.008683040738106" lon="7.426363024860621">
        <ele>1922</ele>
        <time>2016-08-21T20:06:24Z</time>
      </trkpt>
      <trkpt lat="44.008512971922755" lon="7.427177997305989">
        <ele>1951</ele>
        <time>2016-08-21T20:06:44Z</time>
      </trkpt>
      <trkpt lat="44.007402034476399" lon="7.428766032680869">
        <ele>1947</ele>
        <time>2016-08-21T20:07:04Z</time>
      </trkpt>
      <trkpt lat="44.006182970479131" lon="7.429430969059467">
        <ele>1950</ele>
        <time>2016-08-21T20:07:24Z</time>
      </trkpt>
      <trkpt lat="44.00592003017664" lon="7.430181987583637">
        <ele>1969</ele>
        <time>2016-08-21T20:07:44Z</time>
      </trkpt>
      <trkpt lat="44.004299975931644" lon="7.430996960029006">
        <ele>1960</ele>
        <time>2016-08-21T20:08:04Z</time>
      </trkpt>
      <trkpt lat="44.00362104177475" lon="7.431126041337848">
        <ele>1970</ele>
        <time>2016-08-21T20:08:24Z</time>
      </trkpt>
      <trkpt lat="44.001089036464691" lon="7.431833976879716">
        <ele>2032</ele>
        <time>2016-08-21T20:08:44Z</time>
      </trkpt>
      <trkpt lat="44.000687962397933" lon="7.432113010436297">
        <ele>2042</ele>
        <time>2016-08-21T20:09:04Z</time>
      </trkpt>
      <trkpt lat="44.000502973794937" lon="7.431899020448327">
        <ele>2041</ele>
        <time>2016-08-21T20:09:24Z</time>
      </trkpt>
      <trkpt lat="43.999793026596308" lon="7.430161032825708">
        <ele>2044</ele>
        <time>2016-08-21T20:09:44Z</time>
      </trkpt>
      <trkpt lat="43.99889700114727" lon="7.428829986602068">
        <ele>2038</ele>
        <time>2016-08-21T20:10:04Z</time>
      </trkpt>
      <trkpt lat="43.999221967533231" lon="7.426898963749409">
        <ele>2052</ele>
        <time>2016-08-21T20:10:24Z</time>
      </trkpt>
      <trkpt lat="43.998527023941278" lon="7.426363024860621">
        <ele>2052</ele>
        <time>2016-08-21T20:10:44Z</time>
      </trkpt>
      <trkpt lat="43.998156962916255" lon="7.425397010520101">
        <ele>2048</ele>
        <time>2016-08-21T20:11:04Z</time>
      </trkpt>
      <trkpt lat="43.997600991278887" lon="7.425311012193561">
        <ele>2052</ele>
        <time>2016-08-21T20:11:24Z</time>
      </trkpt>
      <trkpt lat="43.997277030721307" lon="7.424860987812281">
        <ele>2044</ele>
        <time>2016-08-21T20:11:44Z</time>
      </trkpt>
      <trkpt lat="43.99719899520278" lon="7.424496039748192">
        <ele>2040</ele>
        <time>2016-08-21T20:12:04Z</time>
      </trkpt>
      <trkpt lat="43.996982993558049" lon="7.424303004518151">
        <ele>2038</ele>
        <time>2016-08-21T20:12:24Z</time>
      </trkpt>
      <trkpt lat="43.996150000020862" lon="7.422479018568993">
        <ele>2007</ele>
        <time>2016-08-21T20:12:44Z</time>
      </trkpt>
      <trkpt lat="43.996242033317685" lon="7.421127017587423">
        <ele>1994</ele>
        <time>2016-08-21T20:13:04Z</time>
      </trkpt>
      <trkpt lat="43.99670597165823" lon="7.419066997244954">
        <ele>1968</ele>
        <time>2016-08-21T20:13:24Z</time>
      </trkpt>
      <trkpt lat="43.996766991913319" lon="7.416986022144556">
        <ele>1941</ele>
        <time>2016-08-21T20:13:44Z</time>
      </trkpt>
      <trkpt lat="43.996397014707327" lon="7.415076037868857">
        <ele>1915</ele>
        <time>2016-08-21T20:14:04Z</time>
      </trkpt>
      <trkpt lat="43.994915010407567" lon="7.411513980478048">
        <ele>1877</ele>
        <time>2016-08-21T20:14:24Z</time>
      </trkpt>
      <trkpt lat="43.994219982996583" lon="7.410676963627338">
        <ele>1882</ele>
        <time>2016-08-21T20:14:44Z</time>
      </trkpt>
      <trkpt lat="43.992753988131881" lon="7.410419974476099">
        <ele>1861</ele>
        <time>2016-08-21T20:15:04Z</time>
      </trkpt>
      <trkpt lat="43.991797026246786" lon="7.40889597684145">
        <ele>1859</ele>
        <time>2016-08-21T20:15:24Z</time>
      </trkpt>
      <trkpt lat="43.990236986428499" lon="7.407694011926651">
        <ele>1830</ele>
        <time>2016-08-21T20:15:44Z</time>
      </trkpt>
      <trkpt lat="43.989713033661246" lon="7.406557006761432">
        <ele>1819</ele>
        <time>2016-08-21T20:16:04Z</time>
      </trkpt>
      <trkpt lat="43.989140968769789" lon="7.402050979435444">
        <ele>1752</ele>
        <time>2016-08-21T20:16:24Z</time>
      </trkpt>
      <trkpt lat="43.988817008212209" lon="7.400956973433495">
        <ele>1744</ele>
        <time>2016-08-21T20:16:44Z</time>
      </trkpt>
      <trkpt lat="43.988817008212209" lon="7.400956973433495">
        <ele>1744</ele>
        <time>2016-08-21T20:17:04Z</time>
      </trkpt>
      <trkpt lat="43.988169003278017" lon="7.400269992649555">
        <ele>1735</ele>
        <time>2016-08-21T20:17:24Z</time>
      </trkpt>
      <trkpt lat="43.988276962190866" lon="7.401664992794395">
        <ele>1735</ele>
        <time>2016-08-21T20:17:44Z</time>
      </trkpt>
      <trkpt lat="43.987968005239964" lon="7.402244014665484">
        <ele>1729</ele>
        <time>2016-08-21T20:18:04Z</time>
      </trkpt>
      <trkpt lat="43.987087989225984" lon="7.402995033189654">
        <ele>1705</ele>
        <time>2016-08-21T20:18:24Z</time>
      </trkpt>
      <trkpt lat="43.987150015309453" lon="7.403616970404983">
        <ele>1718</ele>
        <time>2016-08-21T20:18:44Z</time>
      </trkpt>
      <trkpt lat="43.98688699118793" lon="7.404110999777913">
        <ele>1708</ele>
        <time>2016-08-21T20:19:04Z</time>
      </trkpt>
      <trkpt lat="43.986949017271399" lon="7.404948016628623">
        <ele>1719</ele>
        <time>2016-08-21T20:19:24Z</time>
      </trkpt>
      <trkpt lat="43.986146030947566" lon="7.406277973204851">
        <ele>1705</ele>
        <time>2016-08-21T20:19:44Z</time>
      </trkpt>
      <trkpt lat="43.986809961497784" lon="7.406686004251242">
        <ele>1727</ele>
        <time>2016-08-21T20:20:04Z</time>
      </trkpt>
      <trkpt lat="43.987350007519126" lon="7.407437022775412">
        <ele>1724</ele>
        <time>2016-08-21T20:20:24Z</time>
      </trkpt>
      <trkpt lat="43.987890975549817" lon="7.40758697502315">
        <ele>1731</ele>
        <time>2016-08-21T20:20:44Z</time>
      </trkpt>
      <trkpt lat="43.988184006884694" lon="7.4085099902004">
        <ele>1707</ele>
        <time>2016-08-21T20:21:04Z</time>
      </trkpt>
      <trkpt lat="43.98864702321589" lon="7.408789023756981">
        <ele>1733</ele>
        <time>2016-08-21T20:21:24Z</time>
      </trkpt>
      <trkpt lat="43.988770991563797" lon="7.410504966974258">
        <ele>1697</ele>
        <time>2016-08-21T20:21:44Z</time>
      </trkpt>
      <trkpt lat="43.989296033978462" lon="7.41110603325069">
        <ele>1707</ele>
        <time>2016-08-21T20:22:04Z</time>
      </trkpt>
      <trkpt lat="43.989634998142719" lon="7.411899967119098">
        <ele>1686</ele>
        <time>2016-08-21T20:22:24Z</time>
      </trkpt>
      <trkpt lat="43.990500010550022" lon="7.411813968792558">
        <ele>1712</ele>
        <time>2016-08-21T20:22:44Z</time>
      </trkpt>
      <trkpt lat="43.990669995546341" lon="7.412415035068989">
        <ele>1709</ele>
        <time>2016-08-21T20:23:04Z</time>
      </trkpt>
      <trkpt lat="43.990653986111283" lon="7.412822982296348">
        <ele>1695</ele>
        <time>2016-08-21T20:23:24Z</time>
      </trkpt>
      <trkpt lat="43.991255974397063" lon="7.414002986624837">
        <ele>1698</ele>
        <time>2016-08-21T20:23:44Z</time>
      </trkpt>
      <trkpt lat="43.992676958441734" lon="7.413981026038528">
        <ele>1730</ele>
        <time>2016-08-21T20:24:04Z</time>
      </trkpt>
      <trkpt lat="43.992490964010358" lon="7.415376026183367">
        <ele>1690</ele>
        <time>2016-08-21T20:24:24Z</time>
      </trkpt>
      <trkpt lat="43.993108961731195" lon="7.416448993608356">
        <ele>1721</ele>
        <time>2016-08-21T20:24:44Z</time>
      </trkpt>
      <trkpt lat="43.9933090377599" lon="7.416685028001666">
        <ele>1728</ele>
        <time>2016-08-21T20:25:04Z</time>
      </trkpt>
      <trkpt lat="43.993324963375926" lon="7.417071014642716">
        <ele>1725</ele>
        <time>2016-08-21T20:25:24Z</time>
      </trkpt>
      <trkpt lat="43.993217004463077" lon="7.417178973555565">
        <ele>1726</ele>
        <time>2016-08-21T20:25:44Z</time>
      </trkpt>
      <trkpt lat="43.9933090377599" lon="7.417737040668726">
        <ele>1743</ele>
        <time>2016-08-21T20:26:04Z</time>
      </trkpt>
      <trkpt lat="43.992414018139243" lon="7.418337017297745">
        <ele>1753</ele>
        <time>2016-08-21T20:26:24Z</time>
      </trkpt>
      <trkpt lat="43.992120986804366" lon="7.419238993898034">
        <ele>1779</ele>
        <time>2016-08-21T20:26:44Z</time>
      </trkpt>
      <trkpt lat="43.991688983514905" lon="7.419366985559464">
        <ele>1771</ele>
        <time>2016-08-21T20:27:04Z</time>
      </trkpt>
      <trkpt lat="43.991286987438798" lon="7.419904014095664">
        <ele>1759</ele>
        <time>2016-08-21T20:27:24Z</time>
      </trkpt>
      <trkpt lat="43.991318000480533" lon="7.420504996553063">
        <ele>1766</ele>
        <time>2016-08-21T20:27:44Z</time>
      </trkpt>
      <trkpt lat="43.99165797047317" lon="7.421534964814782">
        <ele>1764</ele>
        <time>2016-08-21T20:28:04Z</time>
      </trkpt>
      <trkpt lat="43.991797026246786" lon="7.422393020242453">
        <ele>1767</ele>
        <time>2016-08-21T20:28:24Z</time>
      </trkpt>
      <trkpt lat="43.992290971800685" lon="7.423144038766623">
        <ele>1768</ele>
        <time>2016-08-21T20:28:44Z</time>
      </trkpt>
      <trkpt lat="43.992862030863762" lon="7.424346003681421">
        <ele>1787</ele>
        <time>2016-08-21T20:29:04Z</time>
      </trkpt>
      <trkpt lat="43.992506973445415" lon="7.424602992832661">
        <ele>1784</ele>
        <time>2016-08-21T20:29:24Z</time>
      </trkpt>
      <trkpt lat="43.992506973445415" lon="7.42494598031044">
        <ele>1783</ele>
        <time>2016-08-21T20:29:44Z</time>
      </trkpt>
      <trkpt lat="43.991672974079847" lon="7.424882026389241">
        <ele>1767</ele>
        <time>2016-08-21T20:30:04Z</time>
      </trkpt>
      <trkpt lat="43.990252995863557" lon="7.425311012193561">
        <ele>1771</ele>
        <time>2016-08-21T20:30:24Z</time>
      </trkpt>
      <trkpt lat="43.989789979532361" lon="7.42582599632442">
        <ele>1761</ele>
        <time>2016-08-21T20:30:44Z</time>
      </trkpt>
      <trkpt lat="43.989634998142719" lon="7.426555976271629">
        <ele>1773</ele>
        <time>2016-08-21T20:31:04Z</time>
      </trkpt>
      <trkpt lat="43.988924967125058" lon="7.42754302918911">
        <ele>1759</ele>
        <time>2016-08-21T20:31:24Z</time>
      </trkpt>
      <trkpt lat="43.989018006250262" lon="7.428486999124289">
        <ele>1765</ele>
        <time>2016-08-21T20:31:44Z</time>
      </trkpt>
      <trkpt lat="43.989326963201165" lon="7.428658995777369">
        <ele>1786</ele>
        <time>2016-08-21T20:32:04Z</time>
      </trkpt>
      <trkpt lat="43.988785995170474" lon="7.429215973243117">
        <ele>1779</ele>
        <time>2016-08-21T20:32:24Z</time>
      </trkpt>
      <trkpt lat="43.987412033602595" lon="7.429258972406387">
        <ele>1754</ele>
        <time>2016-08-21T20:32:44Z</time>
      </trkpt>
      <trkpt lat="43.986825970932841" lon="7.429066020995379">
        <ele>1741</ele>
        <time>2016-08-21T20:33:04Z</time>
      </trkpt>
      <trkpt lat="43.986795041710138" lon="7.430203026160598">
        <ele>1757</ele>
        <time>2016-08-21T20:33:24Z</time>
      </trkpt>
      <trkpt lat="43.986593959853053" lon="7.431039959192276">
        <ele>1735</ele>
        <time>2016-08-21T20:33:44Z</time>
      </trkpt>
      <trkpt lat="43.987072985619307" lon="7.432305961847305">
        <ele>1772</ele>
        <time>2016-08-21T20:34:04Z</time>
      </trkpt>
      <trkpt lat="43.986748019233346" lon="7.433142978698015">
        <ele>1768</ele>
        <time>2016-08-21T20:34:24Z</time>
      </trkpt>
      <trkpt lat="43.986408971250057" lon="7.433379013091326">
        <ele>1758</ele>
        <time>2016-08-21T20:34:44Z</time>
      </trkpt>
      <trkpt lat="43.986131027340889" lon="7.433850998058915">
        <ele>1760</ele>
        <time>2016-08-21T20:35:04Z</time>
      </trkpt>
      <trkpt lat="43.985852999612689" lon="7.434022994711995">
        <ele>1760</ele>
        <time>2016-08-21T20:35:24Z</time>
      </trkpt>
      <trkpt lat="43.985620988532901" lon="7.434474024921656">
        <ele>1760</ele>
        <time>2016-08-21T20:35:44Z</time>
      </trkpt>
      <trkpt lat="43.985251011326909" lon="7.434688014909625">
        <ele>1755</ele>
        <time>2016-08-21T20:36:04Z</time>
      </trkpt>
      <trkpt lat="43.985035009682178" lon="7.435224959626794">
        <ele>1777</ele>
        <time>2016-08-21T20:36:24Z</time>
      </trkpt>
      <trkpt lat="43.984570987522602" lon="7.435611030086875">
        <ele>1760</ele>
        <time>2016-08-21T20:36:44Z</time>
      </trkpt>
      <trkpt lat="43.984339982271194" lon="7.436103969812393">
        <ele>1777</ele>
        <time>2016-08-21T20:37:04Z</time>
      </trkpt>
      <trkpt lat="43.983846036717296" lon="7.436490962281823">
        <ele>1761</ele>
        <time>2016-08-21T20:37:24Z</time>
      </trkpt>
      <trkpt lat="43.983429037034512" lon="7.437563007697463">
        <ele>1776</ele>
        <time>2016-08-21T20:37:44Z</time>
      </trkpt>
      <trkpt lat="43.98271900601685" lon="7.437842041254044">
        <ele>1779</ele>
        <time>2016-08-21T20:38:04Z</time>
      </trkpt>
      <trkpt lat="43.981220992282033" lon="7.439130004495382">
        <ele>1788</ele>
        <time>2016-08-21T20:38:24Z</time>
      </trkpt>
      <trkpt lat="43.981205988675356" lon="7.439472991973162">
        <ele>1773</ele>
        <time>2016-08-21T20:38:44Z</time>
      </trkpt>
      <trkpt lat="43.980803992599249" lon="7.439452037215233">
        <ele>1764</ele>
        <time>2016-08-21T20:39:04Z</time>
      </trkpt>
      <trkpt lat="43.980820002034307" lon="7.439730986952782">
        <ele>1760</ele>
        <time>2016-08-21T20:39:24Z</time>
      </trkpt>
      <trkpt lat="43.980371989309788" lon="7.439472991973162">
        <ele>1756</ele>
        <time>2016-08-21T20:39:44Z</time>
      </trkpt>
      <trkpt lat="43.980820002034307" lon="7.440718039870262">
        <ele>1739</ele>
        <time>2016-08-21T20:40:04Z</time>
      </trkpt>
      <trkpt lat="43.981390977278352" lon="7.440459961071611">
        <ele>1749</ele>
        <time>2016-08-21T20:40:24Z</time>
      </trkpt>
      <trkpt lat="43.981838990002871" lon="7.440095013007522">
        <ele>1752</ele>
        <time>2016-08-21T20:40:44Z</time>
      </trkpt>
      <trkpt lat="43.982656979933381" lon="7.440288970246911">
        <ele>1741</ele>
        <time>2016-08-21T20:41:04Z</time>
      </trkpt>
      <trkpt lat="43.982333019375801" lon="7.440975029021502">
        <ele>1745</ele>
        <time>2016-08-21T20:41:24Z</time>
      </trkpt>
      <trkpt lat="43.982178037986159" lon="7.441662009805441">
        <ele>1750</ele>
        <time>2016-08-21T20:41:44Z</time>
      </trkpt>
      <trkpt lat="43.981931023299694" lon="7.44198395870626">
        <ele>1762</ele>
        <time>2016-08-21T20:42:04Z</time>
      </trkpt>
      <trkpt lat="43.98239403963089" lon="7.44187599979341">
        <ele>1765</ele>
        <time>2016-08-21T20:42:24Z</time>
      </trkpt>
      <trkpt lat="43.982981024309993" lon="7.44142597541213">
        <ele>1762</ele>
        <time>2016-08-21T20:42:44Z</time>
      </trkpt>
      <trkpt lat="43.982702996581793" lon="7.44198395870626">
        <ele>1778</ele>
        <time>2016-08-21T20:43:04Z</time>
      </trkpt>
      <trkpt lat="43.982549021020532" lon="7.4427779763937">
        <ele>1793</ele>
        <time>2016-08-21T20:43:24Z</time>
      </trkpt>
      <trkpt lat="43.981838990002871" lon="7.443742984905839">
        <ele>1798</ele>
        <time>2016-08-21T20:43:44Z</time>
      </trkpt>
      <trkpt lat="43.981283018365502" lon="7.443742984905839">
        <ele>1800</ele>
        <time>2016-08-21T20:44:04Z</time>
      </trkpt>
      <trkpt lat="43.980850009247661" lon="7.444214969873428">
        <ele>1811</ele>
        <time>2016-08-21T20:44:24Z</time>
      </trkpt>
      <trkpt lat="43.980017015710473" lon="7.445223983377218">
        <ele>1822</ele>
        <time>2016-08-21T20:44:44Z</time>
      </trkpt>
      <trkpt lat="43.977778041735291" lon="7.445523971691728">
        <ele>1862</ele>
        <time>2016-08-21T20:45:04Z</time>
      </trkpt>
      <trkpt lat="43.977607972919941" lon="7.445846004411578">
        <ele>1869</ele>
        <time>2016-08-21T20:45:24Z</time>
      </trkpt>
      <trkpt lat="43.97678897716105" lon="7.446082038804889">
        <ele>1882</ele>
        <time>2016-08-21T20:45:44Z</time>
      </trkpt>
      <trkpt lat="43.973701000213623" lon="7.447777027264237">
        <ele>1872</ele>
        <time>2016-08-21T20:46:04Z</time>
      </trkpt>
      <trkpt lat="43.973191967234015" lon="7.448806995525956">
        <ele>1887</ele>
        <time>2016-08-21T20:46:24Z</time>
      </trkpt>
      <trkpt lat="43.972528036683798" lon="7.448335010558367">
        <ele>1884</ele>
        <time>2016-08-21T20:46:44Z</time>
      </trkpt>
      <trkpt lat="43.97173997014761" lon="7.448141975328326">
        <ele>1895</ele>
        <time>2016-08-21T20:47:04Z</time>
      </trkpt>
      <trkpt lat="43.969839960336685" lon="7.446940010413528">
        <ele>1909</ele>
        <time>2016-08-21T20:47:24Z</time>
      </trkpt>
      <trkpt lat="43.96767801605165" lon="7.447434039786458">
        <ele>1900</ele>
        <time>2016-08-21T20:47:44Z</time>
      </trkpt>
      <trkpt lat="43.965408029034734" lon="7.447863025590777">
        <ele>1876</ele>
        <time>2016-08-21T20:48:04Z</time>
      </trkpt>
      <trkpt lat="43.962474027648568" lon="7.449708972126246">
        <ele>1860</ele>
        <time>2016-08-21T20:48:24Z</time>
      </trkpt>
      <trkpt lat="43.961809007450938" lon="7.449793964624405">
        <ele>1855</ele>
        <time>2016-08-21T20:48:44Z</time>
      </trkpt>
      <trkpt lat="43.960295990109444" lon="7.449364978820086">
        <ele>1858</ele>
        <time>2016-08-21T20:49:04Z</time>
      </trkpt>
      <trkpt lat="43.957762978971004" lon="7.450373992323875">
        <ele>1831</ele>
        <time>2016-08-21T20:49:24Z</time>
      </trkpt>
      <trkpt lat="43.957113968208432" lon="7.451274963095784">
        <ele>1807</ele>
        <time>2016-08-21T20:49:44Z</time>
      </trkpt>
      <trkpt lat="43.95614099688828" lon="7.452197978273034">
        <ele>1799</ele>
        <time>2016-08-21T20:50:04Z</time>
      </trkpt>
      <trkpt lat="43.955676974728703" lon="7.452884037047625">
        <ele>1787</ele>
        <time>2016-08-21T20:50:24Z</time>
      </trkpt>
      <trkpt lat="43.95455002784729" lon="7.453591972589493">
        <ele>1768</ele>
        <time>2016-08-21T20:50:44Z</time>
      </trkpt>
      <trkpt lat="43.953113034367561" lon="7.453871006146073">
        <ele>1739</ele>
        <time>2016-08-21T20:51:04Z</time>
      </trkpt>
      <trkpt lat="43.951984997838736" lon="7.454579025506973">
        <ele>1716</ele>
        <time>2016-08-21T20:51:24Z</time>
      </trkpt>
      <trkpt lat="43.951398013159633" lon="7.455309005454183">
        <ele>1726</ele>
        <time>2016-08-21T20:51:44Z</time>
      </trkpt>
      <trkpt lat="43.950410038232803" lon="7.455502040684223">
        <ele>1714</ele>
        <time>2016-08-21T20:52:04Z</time>
      </trkpt>
      <trkpt lat="43.950023967772722" lon="7.455244967713952">
        <ele>1701</ele>
        <time>2016-08-21T20:52:24Z</time>
      </trkpt>
      <trkpt lat="43.949097013100982" lon="7.456017024815083">
        <ele>1709</ele>
        <time>2016-08-21T20:52:44Z</time>
      </trkpt>
      <trkpt lat="43.948448002338409" lon="7.456060023978353">
        <ele>1702</ele>
        <time>2016-08-21T20:53:04Z</time>
      </trkpt>
      <trkpt lat="43.948230994865298" lon="7.456424972042441">
        <ele>1709</ele>
        <time>2016-08-21T20:53:24Z</time>
      </trkpt>
      <trkpt lat="43.947474025189877" lon="7.455909987911582">
        <ele>1673</ele>
        <time>2016-08-21T20:53:44Z</time>
      </trkpt>
      <trkpt lat="43.94651697948575" lon="7.456595962867141">
        <ele>1687</ele>
        <time>2016-08-21T20:54:04Z</time>
      </trkpt>
      <trkpt lat="43.944863984361291" lon="7.456681961193681">
        <ele>1689</ele>
        <time>2016-08-21T20:54:24Z</time>
      </trkpt>
      <trkpt lat="43.942484026774764" lon="7.456275019794703">
        <ele>1714</ele>
        <time>2016-08-21T20:54:44Z</time>
      </trkpt>
      <trkpt lat="43.941912967711687" lon="7.455866988748312">
        <ele>1722</ele>
        <time>2016-08-21T20:55:04Z</time>
      </trkpt>
      <trkpt lat="43.940691975876689" lon="7.455845028162003">
        <ele>1755</ele>
        <time>2016-08-21T20:55:24Z</time>
      </trkpt>
      <trkpt lat="43.937710030004382" lon="7.453591972589493">
        <ele>1776</ele>
        <time>2016-08-21T20:55:44Z</time>
      </trkpt>
      <trkpt lat="43.937231004238129" lon="7.452197978273034">
        <ele>1791</ele>
        <time>2016-08-21T20:56:04Z</time>
      </trkpt>
      <trkpt lat="43.935392014682293" lon="7.450738018378615">
        <ele>1758</ele>
        <time>2016-08-21T20:56:24Z</time>
      </trkpt>
      <trkpt lat="43.936133980751038" lon="7.450587982311845">
        <ele>1758</ele>
        <time>2016-08-21T20:56:44Z</time>
      </trkpt>
      <trkpt lat="43.936596997082233" lon="7.450352031737566">
        <ele>1751</ele>
        <time>2016-08-21T20:57:04Z</time>
      </trkpt>
      <trkpt lat="43.937107035890222" lon="7.450309032574296">
        <ele>1751</ele>
        <time>2016-08-21T20:57:24Z</time>
      </trkpt>
      <trkpt lat="43.937539961189032" lon="7.449986999854446">
        <ele>1738</ele>
        <time>2016-08-21T20:57:44Z</time>
      </trkpt>
      <trkpt lat="43.937354972586036" lon="7.449793964624405">
        <ele>1731</ele>
        <time>2016-08-21T20:58:04Z</time>
      </trkpt>
      <trkpt lat="43.937694020569324" lon="7.449086029082537">
        <ele>1723</ele>
        <time>2016-08-21T20:58:24Z</time>
      </trkpt>
      <trkpt lat="43.937447005882859" lon="7.449129028245807">
        <ele>1721</ele>
        <time>2016-08-21T20:58:44Z</time>
      </trkpt>
      <trkpt lat="43.936906037852168" lon="7.449430022388697">
        <ele>1719</ele>
        <time>2016-08-21T20:59:04Z</time>
      </trkpt>
      <trkpt lat="43.936026021838188" lon="7.448679003864527">
        <ele>1670</ele>
        <time>2016-08-21T20:59:24Z</time>
      </trkpt>
      <trkpt lat="43.935408024117351" lon="7.447863025590777">
        <ele>1630</ele>
        <time>2016-08-21T20:59:44Z</time>
      </trkpt>
      <trkpt lat="43.93480503000319" lon="7.447755988687277">
        <ele>1633</ele>
        <time>2016-08-21T21:00:04Z</time>
      </trkpt>
      <trkpt lat="43.933599963784218" lon="7.445566970854998">
        <ele>1554</ele>
        <time>2016-08-21T21:00:24Z</time>
      </trkpt>
      <trkpt lat="43.93237897194922" lon="7.444859035313129">
        <ele>1567</ele>
        <time>2016-08-21T21:00:44Z</time>
      </trkpt>
      <trkpt lat="43.932116031646729" lon="7.44415101595223">
        <ele>1535</ele>
        <time>2016-08-21T21:01:04Z</time>
      </trkpt>
      <trkpt lat="43.931653015315533" lon="7.44389302097261">
        <ele>1565</ele>
        <time>2016-08-21T21:01:24Z</time>
      </trkpt>
      <trkpt lat="43.931312961503863" lon="7.442905968055129">
        <ele>1537</ele>
        <time>2016-08-21T21:01:44Z</time>
      </trkpt>
      <trkpt lat="43.931034011766315" lon="7.44269197806716">
        <ele>1541</ele>
        <time>2016-08-21T21:02:04Z</time>
      </trkpt>
      <trkpt lat="43.930463036522269" lon="7.44172596372664">
        <ele>1549</ele>
        <time>2016-08-21T21:02:24Z</time>
      </trkpt>
      <trkpt lat="43.930508969351649" lon="7.440353007987142">
        <ele>1515</ele>
        <time>2016-08-21T21:02:44Z</time>
      </trkpt>
      <trkpt lat="43.930168999359012" lon="7.439858978614211">
        <ele>1512</ele>
        <time>2016-08-21T21:03:04Z</time>
      </trkpt>
      <trkpt lat="43.9301229827106" lon="7.438550982624292">
        <ele>1485</ele>
        <time>2016-08-21T21:03:24Z</time>
      </trkpt>
      <trkpt lat="43.930262038484216" lon="7.437821002677083">
        <ele>1477</ele>
        <time>2016-08-21T21:03:44Z</time>
      </trkpt>
      <trkpt lat="43.9301229827106" lon="7.437177021056414">
        <ele>1473</ele>
        <time>2016-08-21T21:04:04Z</time>
      </trkpt>
      <trkpt lat="43.929674969986081" lon="7.437455970793963">
        <ele>1461</ele>
        <time>2016-08-21T21:04:24Z</time>
      </trkpt>
      <trkpt lat="43.928778022527695" lon="7.437649006024003">
        <ele>1451</ele>
        <time>2016-08-21T21:04:44Z</time>
      </trkpt>
      <trkpt lat="43.927712012082338" lon="7.437326973304153">
        <ele>1413</ele>
        <time>2016-08-21T21:05:04Z</time>
      </trkpt>
      <trkpt lat="43.925626007840037" lon="7.437606006860733">
        <ele>1398</ele>
        <time>2016-08-21T21:05:24Z</time>
      </trkpt>
      <trkpt lat="43.924374002963305" lon="7.437971038743854">
        <ele>1384</ele>
        <time>2016-08-21T21:05:44Z</time>
      </trkpt>
      <trkpt lat="43.92335400916636" lon="7.437220020219684">
        <ele>1362</ele>
        <time>2016-08-21T21:06:04Z</time>
      </trkpt>
      <trkpt lat="43.922782028093934" lon="7.436683997511864">
        <ele>1356</ele>
        <time>2016-08-21T21:06:24Z</time>
      </trkpt>
      <trkpt lat="43.921344028785825" lon="7.435911018401384">
        <ele>1340</ele>
        <time>2016-08-21T21:06:44Z</time>
      </trkpt>
      <trkpt lat="43.920309031382203" lon="7.436490962281823">
        <ele>1336</ele>
        <time>2016-08-21T21:07:04Z</time>
      </trkpt>
      <trkpt lat="43.919706037268043" lon="7.436983985826373">
        <ele>1302</ele>
        <time>2016-08-21T21:07:24Z</time>
      </trkpt>
      <trkpt lat="43.918825015425682" lon="7.436877032741904">
        <ele>1294</ele>
        <time>2016-08-21T21:07:44Z</time>
      </trkpt>
      <trkpt lat="43.917078981176019" lon="7.437048023566604">
        <ele>1255</ele>
        <time>2016-08-21T21:08:04Z</time>
      </trkpt>
      <trkpt lat="43.915996961295605" lon="7.436361964792013">
        <ele>1252</ele>
        <time>2016-08-21T21:08:24Z</time>
      </trkpt>
      <trkpt lat="43.914466006681323" lon="7.436404963955283">
        <ele>1203</ele>
        <time>2016-08-21T21:08:44Z</time>
      </trkpt>
      <trkpt lat="43.913848008960485" lon="7.436103969812393">
        <ele>1190</ele>
        <time>2016-08-21T21:09:04Z</time>
      </trkpt>
      <trkpt lat="43.913508038967848" lon="7.436404963955283">
        <ele>1177</ele>
        <time>2016-08-21T21:09:24Z</time>
      </trkpt>
      <trkpt lat="43.913075029850006" lon="7.436469001695514">
        <ele>1161</ele>
        <time>2016-08-21T21:09:44Z</time>
      </trkpt>
      <trkpt lat="43.912518974393606" lon="7.436748035252094">
        <ele>1142</ele>
        <time>2016-08-21T21:10:04Z</time>
      </trkpt>
      <trkpt lat="43.911406025290489" lon="7.436533039435744">
        <ele>1101</ele>
        <time>2016-08-21T21:10:24Z</time>
      </trkpt>
      <trkpt lat="43.911482971161604" lon="7.436811989173293">
        <ele>1101</ele>
        <time>2016-08-21T21:10:44Z</time>
      </trkpt>
      <trkpt lat="43.911034958437085" lon="7.436769995838404">
        <ele>1087</ele>
        <time>2016-08-21T21:11:04Z</time>
      </trkpt>
      <trkpt lat="43.911436032503843" lon="7.437069984152913">
        <ele>1094</ele>
        <time>2016-08-21T21:11:24Z</time>
      </trkpt>
      <trkpt lat="43.911544997245073" lon="7.437435016036034">
        <ele>1092</ele>
        <time>2016-08-21T21:11:44Z</time>
      </trkpt>
      <trkpt lat="43.910138010978699" lon="7.437306018546224">
        <ele>1048</ele>
        <time>2016-08-21T21:12:04Z</time>
      </trkpt>
      <trkpt lat="43.909334018826485" lon="7.437907001003623">
        <ele>1014</ele>
        <time>2016-08-21T21:12:24Z</time>
      </trkpt>
      <trkpt lat="43.908668998628855" lon="7.438678974285722">
        <ele>984</ele>
        <time>2016-08-21T21:12:44Z</time>
      </trkpt>
      <trkpt lat="43.90737097710371" lon="7.439173003658652">
        <ele>948</ele>
        <time>2016-08-21T21:13:04Z</time>
      </trkpt>
      <trkpt lat="43.905963990837336" lon="7.439193958416581">
        <ele>934</ele>
        <time>2016-08-21T21:13:24Z</time>
      </trkpt>
      <trkpt lat="43.90599500387907" lon="7.439601989462972">
        <ele>930</ele>
        <time>2016-08-21T21:13:44Z</time>
      </trkpt>
      <trkpt lat="43.905376000329852" lon="7.440439006313682">
        <ele>902</ele>
        <time>2016-08-21T21:14:04Z</time>
      </trkpt>
      <trkpt lat="43.90532998368144" lon="7.440824992954731">
        <ele>900</ele>
        <time>2016-08-21T21:14:24Z</time>
      </trkpt>
      <trkpt lat="43.905052039772272" lon="7.441039988771081">
        <ele>890</ele>
        <time>2016-08-21T21:14:44Z</time>
      </trkpt>
      <trkpt lat="43.904927987605333" lon="7.441705008968711">
        <ele>882</ele>
        <time>2016-08-21T21:15:04Z</time>
      </trkpt>
      <trkpt lat="43.904927987605333" lon="7.441705008968711">
        <ele>882</ele>
        <time>2016-08-21T21:15:24Z</time>
      </trkpt>
      <trkpt lat="43.903829958289862" lon="7.44187599979341">
        <ele>869</ele>
        <time>2016-08-21T21:15:44Z</time>
      </trkpt>
      <trkpt lat="43.902855981141329" lon="7.441361015662551">
        <ele>862</ele>
        <time>2016-08-21T21:16:04Z</time>
      </trkpt>
      <trkpt lat="43.901232993230224" lon="7.441791007295251">
        <ele>839</ele>
        <time>2016-08-21T21:16:24Z</time>
      </trkpt>
      <trkpt lat="43.900567973032594" lon="7.44230599142611">
        <ele>825</ele>
        <time>2016-08-21T21:16:44Z</time>
      </trkpt>
      <trkpt lat="43.900491027161479" lon="7.442585024982691">
        <ele>820</ele>
        <time>2016-08-21T21:17:04Z</time>
      </trkpt>
      <trkpt lat="43.8994400203228" lon="7.443034965544939">
        <ele>799</ele>
        <time>2016-08-21T21:17:24Z</time>
      </trkpt>
      <trkpt lat="43.899285038933158" lon="7.44275601580739">
        <ele>797</ele>
        <time>2016-08-21T21:17:44Z</time>
      </trkpt>
      <trkpt lat="43.899176996201277" lon="7.44318500161171">
        <ele>794</ele>
        <time>2016-08-21T21:18:04Z</time>
      </trkpt>
      <trkpt lat="43.898495966568589" lon="7.44318500161171">
        <ele>780</ele>
        <time>2016-08-21T21:18:24Z</time>
      </trkpt>
      <trkpt lat="43.898140992969275" lon="7.44335699826479">
        <ele>763</ele>
        <time>2016-08-21T21:18:44Z</time>
      </trkpt>
      <trkpt lat="43.897908981889486" lon="7.442991966381669">
        <ele>756</ele>
        <time>2016-08-21T21:19:04Z</time>
      </trkpt>
      <trkpt lat="43.897801022976637" lon="7.444086978211999">
        <ele>748</ele>
        <time>2016-08-21T21:19:24Z</time>
      </trkpt>
      <trkpt lat="43.896749010309577" lon="7.444494003430009">
        <ele>722</ele>
        <time>2016-08-21T21:19:44Z</time>
      </trkpt>
      <trkpt lat="43.896052977070212" lon="7.445031031966209">
        <ele>705</ele>
        <time>2016-08-21T21:20:04Z</time>
      </trkpt>
      <trkpt lat="43.895744020119309" lon="7.445909958332777">
        <ele>709</ele>
        <time>2016-08-21T21:20:24Z</time>
      </trkpt>
      <trkpt lat="43.895172039046884" lon="7.445824965834618">
        <ele>678</ele>
        <time>2016-08-21T21:20:44Z</time>
      </trkpt>
      <trkpt lat="43.894815975800157" lon="7.446146998554468">
        <ele>674</ele>
        <time>2016-08-21T21:21:04Z</time>
      </trkpt>
      <trkpt lat="43.894181968644261" lon="7.446898017078638">
        <ele>688</ele>
        <time>2016-08-21T21:21:24Z</time>
      </trkpt>
      <trkpt lat="43.893950041383505" lon="7.446746975183487">
        <ele>677</ele>
        <time>2016-08-21T21:21:44Z</time>
      </trkpt>
      <trkpt lat="43.893657010048628" lon="7.446832973510027">
        <ele>681</ele>
        <time>2016-08-21T21:22:04Z</time>
      </trkpt>
      <trkpt lat="43.893471015617251" lon="7.446168037131429">
        <ele>657</ele>
        <time>2016-08-21T21:22:24Z</time>
      </trkpt>
      <trkpt lat="43.892466025426984" lon="7.445609970018268">
        <ele>636</ele>
        <time>2016-08-21T21:22:44Z</time>
      </trkpt>
      <trkpt lat="43.892079032957554" lon="7.444922989234328">
        <ele>613</ele>
        <time>2016-08-21T21:23:04Z</time>
      </trkpt>
      <trkpt lat="43.891939977183938" lon="7.444880995899439">
        <ele>612</ele>
        <time>2016-08-21T21:23:24Z</time>
      </trkpt>
      <trkpt lat="43.8913219794631" lon="7.446146998554468">
        <ele>606</ele>
        <time>2016-08-21T21:23:44Z</time>
      </trkpt>
      <trkpt lat="43.890687972307205" lon="7.445932002738118">
        <ele>576</ele>
        <time>2016-08-21T21:24:04Z</time>
      </trkpt>
      <trkpt lat="43.890501977875829" lon="7.446340033784509">
        <ele>571</ele>
        <time>2016-08-21T21:24:24Z</time>
      </trkpt>
      <trkpt lat="43.890269966796041" lon="7.445674007758498">
        <ele>562</ele>
        <time>2016-08-21T21:24:44Z</time>
      </trkpt>
      <trkpt lat="43.889929996803403" lon="7.445652969181538">
        <ele>544</ele>
        <time>2016-08-21T21:25:04Z</time>
      </trkpt>
      <trkpt lat="43.889775015413761" lon="7.445417018607259">
        <ele>540</ele>
        <time>2016-08-21T21:25:24Z</time>
      </trkpt>
      <trkpt lat="43.889605030417442" lon="7.445781966671348">
        <ele>539</ele>
        <time>2016-08-21T21:25:44Z</time>
      </trkpt>
      <trkpt lat="43.889574017375708" lon="7.445031031966209">
        <ele>535</ele>
        <time>2016-08-21T21:26:04Z</time>
      </trkpt>
      <trkpt lat="43.889327002689242" lon="7.444794997572899">
        <ele>535</ele>
        <time>2016-08-21T21:26:24Z</time>
      </trkpt>
      <trkpt lat="43.889203034341335" lon="7.445180984213948">
        <ele>528</ele>
        <time>2016-08-21T21:26:44Z</time>
      </trkpt>
      <trkpt lat="43.888661982491612" lon="7.444708999246359">
        <ele>518</ele>
        <time>2016-08-21T21:27:04Z</time>
      </trkpt>
      <trkpt lat="43.888306003063917" lon="7.444751998409629">
        <ele>512</ele>
        <time>2016-08-21T21:27:24Z</time>
      </trkpt>
      <trkpt lat="43.88762597925961" lon="7.444472964853048">
        <ele>508</ele>
        <time>2016-08-21T21:27:44Z</time>
      </trkpt>
      <trkpt lat="43.887332025915384" lon="7.444086978211999">
        <ele>488</ele>
        <time>2016-08-21T21:28:04Z</time>
      </trkpt>
      <trkpt lat="43.887131027877331" lon="7.44389302097261">
        <ele>484</ele>
        <time>2016-08-21T21:28:24Z</time>
      </trkpt>
      <trkpt lat="43.886558962985873" lon="7.44410801678896">
        <ele>478</ele>
        <time>2016-08-21T21:28:44Z</time>
      </trkpt>
      <trkpt lat="43.885461017489433" lon="7.443699985742569">
        <ele>456</ele>
        <time>2016-08-21T21:29:04Z</time>
      </trkpt>
      <trkpt lat="43.884563986212015" lon="7.44389302097261">
        <ele>447</ele>
        <time>2016-08-21T21:29:24Z</time>
      </trkpt>
      <trkpt lat="43.883868036791682" lon="7.443957980722189">
        <ele>428</ele>
        <time>2016-08-21T21:29:44Z</time>
      </trkpt>
      <trkpt lat="43.884099964052439" lon="7.444816036149859">
        <ele>442</ele>
        <time>2016-08-21T21:30:04Z</time>
      </trkpt>
      <trkpt lat="43.883975995704532" lon="7.445395980030298">
        <ele>448</ele>
        <time>2016-08-21T21:30:24Z</time>
      </trkpt>
      <trkpt lat="43.882816024124622" lon="7.445137985050678">
        <ele>422</ele>
        <time>2016-08-21T21:30:44Z</time>
      </trkpt>
      <trkpt lat="43.882383015006781" lon="7.444902034476399">
        <ele>404</ele>
        <time>2016-08-21T21:31:04Z</time>
      </trkpt>
      <trkpt lat="43.882383015006781" lon="7.444902034476399">
        <ele>404</ele>
        <time>2016-08-21T21:31:24Z</time>
      </trkpt>
      <trkpt lat="43.881424041464925" lon="7.445245021954179">
        <ele>394</ele>
        <time>2016-08-21T21:31:44Z</time>
      </trkpt>
      <trkpt lat="43.880558023229241" lon="7.446489986032248">
        <ele>385</ele>
        <time>2016-08-21T21:32:04Z</time>
      </trkpt>
      <trkpt lat="43.879273999482393" lon="7.447626991197467">
        <ele>364</ele>
        <time>2016-08-21T21:32:24Z</time>
      </trkpt>
      <trkpt lat="43.879258995875716" lon="7.448292011395097">
        <ele>363</ele>
        <time>2016-08-21T21:32:44Z</time>
      </trkpt>
      <trkpt lat="43.878934029489756" lon="7.448484962806106">
        <ele>355</ele>
        <time>2016-08-21T21:33:04Z</time>
      </trkpt>
      <trkpt lat="43.87879497371614" lon="7.448184974491596">
        <ele>354</ele>
        <time>2016-08-21T21:33:24Z</time>
      </trkpt>
      <trkpt lat="43.87840798124671" lon="7.448550006374717">
        <ele>351</ele>
        <time>2016-08-21T21:33:44Z</time>
      </trkpt>
      <trkpt lat="43.878254005685449" lon="7.449215026572347">
        <ele>351</ele>
        <time>2016-08-21T21:34:04Z</time>
      </trkpt>
      <trkpt lat="43.87774296104908" lon="7.448978992179036">
        <ele>352</ele>
        <time>2016-08-21T21:34:24Z</time>
      </trkpt>
      <trkpt lat="43.877618992701173" lon="7.450244994834065">
        <ele>350</ele>
        <time>2016-08-21T21:34:44Z</time>
      </trkpt>
      <trkpt lat="43.877295032143593" lon="7.449965961277485">
        <ele>351</ele>
        <time>2016-08-21T21:35:04Z</time>
      </trkpt>
      <trkpt lat="43.876536972820759" lon="7.450544983148575">
        <ele>357</ele>
        <time>2016-08-21T21:35:24Z</time>
      </trkpt>
      <trkpt lat="43.876707041636109" lon="7.452047020196915">
        <ele>354</ele>
        <time>2016-08-21T21:35:44Z</time>
      </trkpt>
      <trkpt lat="43.875948982313275" lon="7.452434012666345">
        <ele>365</ele>
        <time>2016-08-21T21:36:04Z</time>
      </trkpt>
      <trkpt lat="43.875484960153699" lon="7.454729983583093">
        <ele>374</ele>
        <time>2016-08-21T21:36:24Z</time>
      </trkpt>
      <trkpt lat="43.875128980726004" lon="7.454536026343703">
        <ele>379</ele>
        <time>2016-08-21T21:36:44Z</time>
      </trkpt>
      <trkpt lat="43.875113977119327" lon="7.455137008801103">
        <ele>380</ele>
        <time>2016-08-21T21:37:04Z</time>
      </trkpt>
      <trkpt lat="43.874710975214839" lon="7.456317013129592">
        <ele>398</ele>
        <time>2016-08-21T21:37:24Z</time>
      </trkpt>
      <trkpt lat="43.874463960528374" lon="7.456874996423721">
        <ele>402</ele>
        <time>2016-08-21T21:37:44Z</time>
      </trkpt>
      <trkpt lat="43.874634029343724" lon="7.457389980554581">
        <ele>400</ele>
        <time>2016-08-21T21:38:04Z</time>
      </trkpt>
      <trkpt lat="43.874463960528374" lon="7.459471961483359">
        <ele>418</ele>
        <time>2016-08-21T21:38:24Z</time>
      </trkpt>
      <trkpt lat="43.873954005539417" lon="7.460050983354449">
        <ele>438</ele>
        <time>2016-08-21T21:38:44Z</time>
      </trkpt>
      <trkpt lat="43.873690981417894" lon="7.46050201356411">
        <ele>443</ele>
        <time>2016-08-21T21:39:04Z</time>
      </trkpt>
      <trkpt lat="43.873196030035615" lon="7.460930999368429">
        <ele>466</ele>
        <time>2016-08-21T21:39:24Z</time>
      </trkpt>
      <trkpt lat="43.87355100363493" lon="7.46116703376174">
        <ele>453</ele>
        <time>2016-08-21T21:39:44Z</time>
      </trkpt>
      <trkpt lat="43.873613029718399" lon="7.46133903041482">
        <ele>455</ele>
        <time>2016-08-21T21:40:04Z</time>
      </trkpt>
      <trkpt lat="43.874186016619205" lon="7.461596019566059">
        <ele>444</ele>
        <time>2016-08-21T21:40:24Z</time>
      </trkpt>
      <trkpt lat="43.874186016619205" lon="7.462476035580039">
        <ele>463</ele>
        <time>2016-08-21T21:40:44Z</time>
      </trkpt>
      <trkpt lat="43.874293975532055" lon="7.462668986991048">
        <ele>457</ele>
        <time>2016-08-21T21:41:04Z</time>
      </trkpt>
      <trkpt lat="43.874247036874294" lon="7.464234977960587">
        <ele>478</ele>
        <time>2016-08-21T21:41:24Z</time>
      </trkpt>
      <trkpt lat="43.874572003260255" lon="7.465179031714797">
        <ele>476</ele>
        <time>2016-08-21T21:41:44Z</time>
      </trkpt>
      <trkpt lat="43.873891979455948" lon="7.467324966564775">
        <ele>531</ele>
        <time>2016-08-21T21:42:04Z</time>
      </trkpt>
      <trkpt lat="43.873428041115403" lon="7.467711037024856">
        <ele>542</ele>
        <time>2016-08-21T21:42:24Z</time>
      </trkpt>
      <trkpt lat="43.872839966788888" lon="7.468870002776384">
        <ele>544</ele>
        <time>2016-08-21T21:42:44Z</time>
      </trkpt>
      <trkpt lat="43.871818967163563" lon="7.469063038006425">
        <ele>569</ele>
        <time>2016-08-21T21:43:04Z</time>
      </trkpt>
      <trkpt lat="43.871246986091137" lon="7.469470985233784">
        <ele>580</ele>
        <time>2016-08-21T21:43:24Z</time>
      </trkpt>
      <trkpt lat="43.871324015781283" lon="7.473053997382522">
        <ele>586</ele>
        <time>2016-08-21T21:43:44Z</time>
      </trkpt>
      <trkpt lat="43.870535027235746" lon="7.474041972309351">
        <ele>612</ele>
        <time>2016-08-21T21:44:04Z</time>
      </trkpt>
      <trkpt lat="43.870054995641112" lon="7.475286014378071">
        <ele>617</ele>
        <time>2016-08-21T21:44:24Z</time>
      </trkpt>
      <trkpt lat="43.869389975443482" lon="7.475029025226831">
        <ele>626</ele>
        <time>2016-08-21T21:44:44Z</time>
      </trkpt>
      <trkpt lat="43.868246013298631" lon="7.47492098249495">
        <ele>666</ele>
        <time>2016-08-21T21:45:04Z</time>
      </trkpt>
      <trkpt lat="43.86691496707499" lon="7.47646601870656">
        <ele>678</ele>
        <time>2016-08-21T21:45:24Z</time>
      </trkpt>
      <trkpt lat="43.864037962630391" lon="7.476615970954299">
        <ele>767</ele>
        <time>2016-08-21T21:45:44Z</time>
      </trkpt>
      <trkpt lat="43.864192022010684" lon="7.47693800367415">
        <ele>757</ele>
        <time>2016-08-21T21:46:04Z</time>
      </trkpt>
      <trkpt lat="43.863960010930896" lon="7.476873965933919">
        <ele>774</ele>
        <time>2016-08-21T21:46:24Z</time>
      </trkpt>
      <trkpt lat="43.863093992695212" lon="7.47650901786983">
        <ele>798</ele>
        <time>2016-08-21T21:46:44Z</time>
      </trkpt>
      <trkpt lat="43.863263977691531" lon="7.47685200534761">
        <ele>792</ele>
        <time>2016-08-21T21:47:04Z</time>
      </trkpt>
      <trkpt lat="43.862613961100578" lon="7.47638002038002">
        <ele>805</ele>
        <time>2016-08-21T21:47:24Z</time>
      </trkpt>
      <trkpt lat="43.862675987184048" lon="7.476916965097189">
        <ele>798</ele>
        <time>2016-08-21T21:47:44Z</time>
      </trkpt>
      <trkpt lat="43.861824972555041" lon="7.47713103890419">
        <ele>797</ele>
        <time>2016-08-21T21:48:04Z</time>
      </trkpt>
      <trkpt lat="43.861145032569766" lon="7.477002963423729">
        <ele>789</ele>
        <time>2016-08-21T21:48:24Z</time>
      </trkpt>
      <trkpt lat="43.860556958243251" lon="7.4764449801296">
        <ele>791</ele>
        <time>2016-08-21T21:48:44Z</time>
      </trkpt>
      <trkpt lat="43.860355960205197" lon="7.47575799934566">
        <ele>809</ele>
        <time>2016-08-21T21:49:04Z</time>
      </trkpt>
      <trkpt lat="43.859581975266337" lon="7.47547896578908">
        <ele>811</ele>
        <time>2016-08-21T21:49:24Z</time>
      </trkpt>
      <trkpt lat="43.859443003311753" lon="7.475865036249161">
        <ele>790</ele>
        <time>2016-08-21T21:49:44Z</time>
      </trkpt>
      <trkpt lat="43.858236009255052" lon="7.47676701284945">
        <ele>803</ele>
        <time>2016-08-21T21:50:04Z</time>
      </trkpt>
      <trkpt lat="43.857925962656736" lon="7.47689500451088">
        <ele>810</ele>
        <time>2016-08-21T21:50:24Z</time>
      </trkpt>
      <trkpt lat="43.85763200931251" lon="7.477409988641739">
        <ele>809</ele>
        <time>2016-08-21T21:50:44Z</time>
      </trkpt>
      <trkpt lat="43.857215009629726" lon="7.477667983621359">
        <ele>812</ele>
        <time>2016-08-21T21:51:04Z</time>
      </trkpt>
      <trkpt lat="43.856874033808708" lon="7.478118008002639">
        <ele>810</ele>
        <time>2016-08-21T21:51:24Z</time>
      </trkpt>
      <trkpt lat="43.856178000569344" lon="7.478161007165909">
        <ele>831</ele>
        <time>2016-08-21T21:51:44Z</time>
      </trkpt>
      <trkpt lat="43.855899972841144" lon="7.478397041559219">
        <ele>828</ele>
        <time>2016-08-21T21:52:04Z</time>
      </trkpt>
      <trkpt lat="43.856378998607397" lon="7.478933986276388">
        <ele>821</ele>
        <time>2016-08-21T21:52:24Z</time>
      </trkpt>
      <trkpt lat="43.856487041339278" lon="7.479427009820938">
        <ele>830</ele>
        <time>2016-08-21T21:52:44Z</time>
      </trkpt>
      <trkpt lat="43.856719974428415" lon="7.479771003127098">
        <ele>822</ele>
        <time>2016-08-21T21:53:04Z</time>
      </trkpt>
      <trkpt lat="43.856719974428415" lon="7.480242988094688">
        <ele>828</ele>
        <time>2016-08-21T21:53:24Z</time>
      </trkpt>
      <trkpt lat="43.856271039694548" lon="7.480456978082657">
        <ele>841</ele>
        <time>2016-08-21T21:53:44Z</time>
      </trkpt>
      <trkpt lat="43.855373002588749" lon="7.480565020814538">
        <ele>862</ele>
        <time>2016-08-21T21:54:04Z</time>
      </trkpt>
      <trkpt lat="43.854274973273277" lon="7.481359038501978">
        <ele>863</ele>
        <time>2016-08-21T21:54:24Z</time>
      </trkpt>
      <trkpt lat="43.853532001376152" lon="7.482366962358356">
        <ele>862</ele>
        <time>2016-08-21T21:54:44Z</time>
      </trkpt>
      <trkpt lat="43.85277402587235" lon="7.482988983392716">
        <ele>890</ele>
        <time>2016-08-21T21:55:04Z</time>
      </trkpt>
      <trkpt lat="43.852201038971543" lon="7.482559997588396">
        <ele>918</ele>
        <time>2016-08-21T21:55:24Z</time>
      </trkpt>
      <trkpt lat="43.852015966549516" lon="7.482860991731286">
        <ele>926</ele>
        <time>2016-08-21T21:55:44Z</time>
      </trkpt>
      <trkpt lat="43.851567031815648" lon="7.482645995914936">
        <ele>952</ele>
        <time>2016-08-21T21:56:04Z</time>
      </trkpt>
      <trkpt lat="43.851597961038351" lon="7.483140025287867">
        <ele>962</ele>
        <time>2016-08-21T21:56:24Z</time>
      </trkpt>
      <trkpt lat="43.851458989083767" lon="7.483569011092186">
        <ele>983</ele>
        <time>2016-08-21T21:56:44Z</time>
      </trkpt>
      <trkpt lat="43.851381037384272" lon="7.484898967668414">
        <ele>1003</ele>
        <time>2016-08-21T21:57:04Z</time>
      </trkpt>
      <trkpt lat="43.849927028641105" lon="7.486809035763145">
        <ele>1032</ele>
        <time>2016-08-21T21:57:24Z</time>
      </trkpt>
      <trkpt lat="43.84950902312994" lon="7.488224990665913">
        <ele>1045</ele>
        <time>2016-08-21T21:57:44Z</time>
      </trkpt>
      <trkpt lat="43.84884400293231" lon="7.488719020038843">
        <ele>1039</ele>
        <time>2016-08-21T21:58:04Z</time>
      </trkpt>
      <trkpt lat="43.847976978868246" lon="7.489919979125261">
        <ele>1027</ele>
        <time>2016-08-21T21:58:24Z</time>
      </trkpt>
      <trkpt lat="43.847900032997131" lon="7.490328010171652">
        <ele>1036</ele>
        <time>2016-08-21T21:58:44Z</time>
      </trkpt>
      <trkpt lat="43.847372978925705" lon="7.491508014500141">
        <ele>1026</ele>
        <time>2016-08-21T21:59:04Z</time>
      </trkpt>
      <trkpt lat="43.847110038623214" lon="7.491723010316491">
        <ele>1024</ele>
        <time>2016-08-21T21:59:24Z</time>
      </trkpt>
      <trkpt lat="43.847219003364444" lon="7.49232298694551">
        <ele>1026</ele>
        <time>2016-08-21T21:59:44Z</time>
      </trkpt>
      <trkpt lat="43.84673897176981" lon="7.49328900128603">
        <ele>1020</ele>
        <time>2016-08-21T22:00:04Z</time>
      </trkpt>
      <trkpt lat="43.846119968220592" lon="7.493674987927079">
        <ele>1014</ele>
        <time>2016-08-21T22:00:24Z</time>
      </trkpt>
      <trkpt lat="43.84557799436152" lon="7.495821006596088">
        <ele>1028</ele>
        <time>2016-08-21T22:00:44Z</time>
      </trkpt>
      <trkpt lat="43.845006013289094" lon="7.496787020936608">
        <ele>1042</ele>
        <time>2016-08-21T22:01:04Z</time>
      </trkpt>
      <trkpt lat="43.844789005815983" lon="7.497452041134238">
        <ele>1047</ele>
        <time>2016-08-21T22:01:24Z</time>
      </trkpt>
      <trkpt lat="43.844494968652725" lon="7.497838027775288">
        <ele>1062</ele>
        <time>2016-08-21T22:01:44Z</time>
      </trkpt>
      <trkpt lat="43.844154998660088" lon="7.499619014561176">
        <ele>1088</ele>
        <time>2016-08-21T22:02:04Z</time>
      </trkpt>
      <trkpt lat="43.843783009797335" lon="7.499791011214256">
        <ele>1092</ele>
        <time>2016-08-21T22:02:24Z</time>
      </trkpt>
      <trkpt lat="43.843597015365958" lon="7.500476986169815">
        <ele>1094</ele>
        <time>2016-08-21T22:02:44Z</time>
      </trkpt>
      <trkpt lat="43.843164006248116" lon="7.500948971137404">
        <ele>1103</ele>
        <time>2016-08-21T22:03:04Z</time>
      </trkpt>
      <trkpt lat="43.842762010172009" lon="7.501828987151384">
        <ele>1116</ele>
        <time>2016-08-21T22:03:24Z</time>
      </trkpt>
      <trkpt lat="43.842545002698898" lon="7.501357002183795">
        <ele>1109</ele>
        <time>2016-08-21T22:03:44Z</time>
      </trkpt>
      <trkpt lat="43.841818040236831" lon="7.501571998000145">
        <ele>1107</ele>
        <time>2016-08-21T22:04:04Z</time>
      </trkpt>
      <trkpt lat="43.840533010661602" lon="7.501636035740376">
        <ele>1082</ele>
        <time>2016-08-21T22:04:24Z</time>
      </trkpt>
      <trkpt lat="43.839109009131789" lon="7.502752002328634">
        <ele>1062</ele>
        <time>2016-08-21T22:04:44Z</time>
      </trkpt>
      <trkpt lat="43.838475001975894" lon="7.502795001491904">
        <ele>1053</ele>
        <time>2016-08-21T22:05:04Z</time>
      </trkpt>
      <trkpt lat="43.836323032155633" lon="7.503546020016074">
        <ele>1014</ele>
        <time>2016-08-21T22:05:24Z</time>
      </trkpt>
      <trkpt lat="43.835765970870852" lon="7.503523975610733">
        <ele>996</ele>
        <time>2016-08-21T22:05:44Z</time>
      </trkpt>
      <trkpt lat="43.83489903062582" lon="7.503717010840774">
        <ele>994</ele>
        <time>2016-08-21T22:06:04Z</time>
      </trkpt>
      <trkpt lat="43.833692036569118" lon="7.503309985622764">
        <ele>976</ele>
        <time>2016-08-21T22:06:24Z</time>
      </trkpt>
      <trkpt lat="43.833011006936431" lon="7.503288025036454">
        <ele>978</ele>
        <time>2016-08-21T22:06:44Z</time>
      </trkpt>
      <trkpt lat="43.832639018073678" lon="7.503417022526264">
        <ele>977</ele>
        <time>2016-08-21T22:07:04Z</time>
      </trkpt>
      <trkpt lat="43.832082040607929" lon="7.503245025873184">
        <ele>978</ele>
        <time>2016-08-21T22:07:24Z</time>
      </trkpt>
      <trkpt lat="43.83163302205503" lon="7.503395983949304">
        <ele>963</ele>
        <time>2016-08-21T22:07:44Z</time>
      </trkpt>
      <trkpt lat="43.831152990460396" lon="7.503288025036454">
        <ele>958</ele>
        <time>2016-08-21T22:08:04Z</time>
      </trkpt>
      <trkpt lat="43.827763013541698" lon="7.504317993298173">
        <ele>852</ele>
        <time>2016-08-21T22:08:24Z</time>
      </trkpt>
      <trkpt lat="43.82798002101481" lon="7.504769023507834">
        <ele>855</ele>
        <time>2016-08-21T22:08:44Z</time>
      </trkpt>
      <trkpt lat="43.827499989420176" lon="7.504618987441063">
        <ele>849</ele>
        <time>2016-08-21T22:09:04Z</time>
      </trkpt>
      <trkpt lat="43.826943011954427" lon="7.504147002473474">
        <ele>822</ele>
        <time>2016-08-21T22:09:24Z</time>
      </trkpt>
      <trkpt lat="43.826339012011886" lon="7.505304962396622">
        <ele>820</ele>
        <time>2016-08-21T22:09:44Z</time>
      </trkpt>
      <trkpt lat="43.825147021561861" lon="7.505841990932822">
        <ele>823</ele>
        <time>2016-08-21T22:10:04Z</time>
      </trkpt>
      <trkpt lat="43.824589960277081" lon="7.505970988422632">
        <ele>821</ele>
        <time>2016-08-21T22:10:24Z</time>
      </trkpt>
      <trkpt lat="43.823723020032048" lon="7.506378013640642">
        <ele>826</ele>
        <time>2016-08-21T22:10:44Z</time>
      </trkpt>
      <trkpt lat="43.822748037055135" lon="7.505626995116472">
        <ele>815</ele>
        <time>2016-08-21T22:11:04Z</time>
      </trkpt>
      <trkpt lat="43.822251996025443" lon="7.504898020997644">
        <ele>805</ele>
        <time>2016-08-21T22:11:24Z</time>
      </trkpt>
      <trkpt lat="43.821833990514278" lon="7.504231994971633">
        <ele>797</ele>
        <time>2016-08-21T22:11:44Z</time>
      </trkpt>
      <trkpt lat="43.821647996082902" lon="7.505241008475423">
        <ele>814</ele>
        <time>2016-08-21T22:12:04Z</time>
      </trkpt>
      <trkpt lat="43.821771964430809" lon="7.505626995116472">
        <ele>820</ele>
        <time>2016-08-21T22:12:24Z</time>
      </trkpt>
      <trkpt lat="43.821323029696941" lon="7.506098980084062">
        <ele>836</ele>
        <time>2016-08-21T22:12:44Z</time>
      </trkpt>
      <trkpt lat="43.821183973923326" lon="7.505755992606282">
        <ele>822</ele>
        <time>2016-08-21T22:13:04Z</time>
      </trkpt>
      <trkpt lat="43.82082799449563" lon="7.506098980084062">
        <ele>843</ele>
        <time>2016-08-21T22:13:24Z</time>
      </trkpt>
      <trkpt lat="43.819868015125394" lon="7.506421012803912">
        <ele>855</ele>
        <time>2016-08-21T22:13:44Z</time>
      </trkpt>
      <trkpt lat="43.819837002083659" lon="7.507301028817892">
        <ele>873</ele>
        <time>2016-08-21T22:14:04Z</time>
      </trkpt>
      <trkpt lat="43.819542964920402" lon="7.507430026307702">
        <ele>873</ele>
        <time>2016-08-21T22:14:24Z</time>
      </trkpt>
      <trkpt lat="43.819512035697699" lon="7.507816012948751">
        <ele>887</ele>
        <time>2016-08-21T22:14:44Z</time>
      </trkpt>
      <trkpt lat="43.819217998534441" lon="7.50813796184957">
        <ele>892</ele>
        <time>2016-08-21T22:15:04Z</time>
      </trkpt>
      <trkpt lat="43.819201989099383" lon="7.508502993732691">
        <ele>903</ele>
        <time>2016-08-21T22:15:24Z</time>
      </trkpt>
      <trkpt lat="43.818722041323781" lon="7.509082015603781">
        <ele>912</ele>
        <time>2016-08-21T22:15:44Z</time>
      </trkpt>
      <trkpt lat="43.818444013595581" lon="7.50981098972261">
        <ele>934</ele>
        <time>2016-08-21T22:16:04Z</time>
      </trkpt>
      <trkpt lat="43.817809000611305" lon="7.51013302244246">
        <ele>956</ele>
        <time>2016-08-21T22:16:24Z</time>
      </trkpt>
      <trkpt lat="43.818365978077054" lon="7.511076992377639">
        <ele>978</ele>
        <time>2016-08-21T22:16:44Z</time>
      </trkpt>
      <trkpt lat="43.818722041323781" lon="7.511485023424029">
        <ele>987</ele>
        <time>2016-08-21T22:17:04Z</time>
      </trkpt>
      <trkpt lat="43.81850603967905" lon="7.511957008391619">
        <ele>1013</ele>
        <time>2016-08-21T22:17:24Z</time>
      </trkpt>
      <trkpt lat="43.817947972565889" lon="7.512301001697779">
        <ele>1018</ele>
        <time>2016-08-21T22:17:44Z</time>
      </trkpt>
      <trkpt lat="43.817654019221663" lon="7.512192958965898">
        <ele>1017</ele>
        <time>2016-08-21T22:18:04Z</time>
      </trkpt>
      <trkpt lat="43.817298039793968" lon="7.512557990849018">
        <ele>1041</ele>
        <time>2016-08-21T22:18:24Z</time>
      </trkpt>
      <trkpt lat="43.816538974642754" lon="7.512708026915789">
        <ele>1052</ele>
        <time>2016-08-21T22:18:44Z</time>
      </trkpt>
      <trkpt lat="43.816276034340262" lon="7.512537036091089">
        <ele>1056</ele>
        <time>2016-08-21T22:19:04Z</time>
      </trkpt>
      <trkpt lat="43.81595098413527" lon="7.512794025242329">
        <ele>1062</ele>
        <time>2016-08-21T22:19:24Z</time>
      </trkpt>
      <trkpt lat="43.815780999138951" lon="7.512471992522478">
        <ele>1062</ele>
        <time>2016-08-21T22:19:44Z</time>
      </trkpt>
      <trkpt lat="43.815578995272517" lon="7.512408038601279">
        <ele>1071</ele>
        <time>2016-08-21T22:20:04Z</time>
      </trkpt>
      <trkpt lat="43.81528495810926" lon="7.513009021058679">
        <ele>1085</ele>
        <time>2016-08-21T22:20:24Z</time>
      </trkpt>
      <trkpt lat="43.814805010333657" lon="7.513094013556838">
        <ele>1085</ele>
        <time>2016-08-21T22:20:44Z</time>
      </trkpt>
      <trkpt lat="43.814666038379073" lon="7.512815985828638">
        <ele>1084</ele>
        <time>2016-08-21T22:21:04Z</time>
      </trkpt>
      <trkpt lat="43.81367496214807" lon="7.512708026915789">
        <ele>1045</ele>
        <time>2016-08-21T22:21:24Z</time>
      </trkpt>
      <trkpt lat="43.81373698823154" lon="7.513544959947467">
        <ele>1039</ele>
        <time>2016-08-21T22:21:44Z</time>
      </trkpt>
      <trkpt lat="43.813458038493991" lon="7.513995990157127">
        <ele>1030</ele>
        <time>2016-08-21T22:22:04Z</time>
      </trkpt>
      <trkpt lat="43.812683969736099" lon="7.514338977634907">
        <ele>987</ele>
        <time>2016-08-21T22:22:24Z</time>
      </trkpt>
      <trkpt lat="43.81251398473978" lon="7.513866992667317">
        <ele>982</ele>
        <time>2016-08-21T22:22:44Z</time>
      </trkpt>
      <trkpt lat="43.812110982835293" lon="7.514252979308367">
        <ele>949</ele>
        <time>2016-08-21T22:23:04Z</time>
      </trkpt>
      <trkpt lat="43.811383014544845" lon="7.514403015375137">
        <ele>907</ele>
        <time>2016-08-21T22:23:24Z</time>
      </trkpt>
      <trkpt lat="43.811336997896433" lon="7.514060027897358">
        <ele>908</ele>
        <time>2016-08-21T22:23:44Z</time>
      </trkpt>
      <trkpt lat="43.811057964339852" lon="7.514381976798177">
        <ele>896</ele>
        <time>2016-08-21T22:24:04Z</time>
      </trkpt>
      <trkpt lat="43.810856966301799" lon="7.514123981818557">
        <ele>882</ele>
        <time>2016-08-21T22:24:24Z</time>
      </trkpt>
      <trkpt lat="43.810438960790634" lon="7.514575012028217">
        <ele>859</ele>
        <time>2016-08-21T22:24:44Z</time>
      </trkpt>
      <trkpt lat="43.810346005484462" lon="7.514403015375137">
        <ele>856</ele>
        <time>2016-08-21T22:25:04Z</time>
      </trkpt>
      <trkpt lat="43.809880977496505" lon="7.514532012864947">
        <ele>822</ele>
        <time>2016-08-21T22:25:24Z</time>
      </trkpt>
      <trkpt lat="43.808920998126268" lon="7.515197033062577">
        <ele>790</ele>
        <time>2016-08-21T22:25:44Z</time>
      </trkpt>
      <trkpt lat="43.808735003694892" lon="7.515046996995807">
        <ele>785</ele>
        <time>2016-08-21T22:26:04Z</time>
      </trkpt>
      <trkpt lat="43.808425962924957" lon="7.515132995322347">
        <ele>774</ele>
        <time>2016-08-21T22:26:24Z</time>
      </trkpt>
      <trkpt lat="43.808285985141993" lon="7.514939960092306">
        <ele>758</ele>
        <time>2016-08-21T22:26:44Z</time>
      </trkpt>
      <trkpt lat="43.807821962982416" lon="7.514896960929036">
        <ele>746</ele>
        <time>2016-08-21T22:27:04Z</time>
      </trkpt>
      <trkpt lat="43.807898992672563" lon="7.514489013701677">
        <ele>744</ele>
        <time>2016-08-21T22:27:24Z</time>
      </trkpt>
      <trkpt lat="43.807898992672563" lon="7.514017028734088">
        <ele>729</ele>
        <time>2016-08-21T22:27:44Z</time>
      </trkpt>
      <trkpt lat="43.806442972272635" lon="7.514833007007837">
        <ele>720</ele>
        <time>2016-08-21T22:28:04Z</time>
      </trkpt>
      <trkpt lat="43.80553001537919" lon="7.514661010354757">
        <ele>721</ele>
        <time>2016-08-21T22:28:24Z</time>
      </trkpt>
      <trkpt lat="43.805080996826291" lon="7.514318022876978">
        <ele>721</ele>
        <time>2016-08-21T22:28:44Z</time>
      </trkpt>
      <trkpt lat="43.804570036008954" lon="7.514575012028217">
        <ele>717</ele>
        <time>2016-08-21T22:29:04Z</time>
      </trkpt>
      <trkpt lat="43.803624976426363" lon="7.515584025532007">
        <ele>725</ele>
        <time>2016-08-21T22:29:24Z</time>
      </trkpt>
      <trkpt lat="43.803190961480141" lon="7.515884013846517">
        <ele>725</ele>
        <time>2016-08-21T22:29:44Z</time>
      </trkpt>
      <trkpt lat="43.803129019215703" lon="7.516270000487566">
        <ele>729</ele>
        <time>2016-08-21T22:30:04Z</time>
      </trkpt>
      <trkpt lat="43.802648987621069" lon="7.516764029860497">
        <ele>737</ele>
        <time>2016-08-21T22:30:24Z</time>
      </trkpt>
      <trkpt lat="43.802324021235108" lon="7.517450004816055">
        <ele>737</ele>
        <time>2016-08-21T22:30:44Z</time>
      </trkpt>
      <trkpt lat="43.802044987678528" lon="7.517493003979325">
        <ele>730</ele>
        <time>2016-08-21T22:31:04Z</time>
      </trkpt>
      <trkpt lat="43.801859999075532" lon="7.517944034188986">
        <ele>744</ele>
        <time>2016-08-21T22:31:24Z</time>
      </trkpt>
      <trkpt lat="43.801007978618145" lon="7.518908958882093">
        <ele>721</ele>
        <time>2016-08-21T22:31:44Z</time>
      </trkpt>
      <trkpt lat="43.800635989755392" lon="7.518780967220664">
        <ele>688</ele>
        <time>2016-08-21T22:32:04Z</time>
      </trkpt>
      <trkpt lat="43.799597974866629" lon="7.519531985744834">
        <ele>656</ele>
        <time>2016-08-21T22:32:24Z</time>
      </trkpt>
      <trkpt lat="43.799335034564137" lon="7.519531985744834">
        <ele>649</ele>
        <time>2016-08-21T22:32:44Z</time>
      </trkpt>
      <trkpt lat="43.799350960180163" lon="7.519167037680745">
        <ele>642</ele>
        <time>2016-08-21T22:33:04Z</time>
      </trkpt>
      <trkpt lat="43.79897897131741" lon="7.519831974059343">
        <ele>622</ele>
        <time>2016-08-21T22:33:24Z</time>
      </trkpt>
      <trkpt lat="43.798405984416604" lon="7.520283004269004">
        <ele>620</ele>
        <time>2016-08-21T22:33:44Z</time>
      </trkpt>
      <trkpt lat="43.79781698808074" lon="7.521226974204183">
        <ele>601</ele>
        <time>2016-08-21T22:34:04Z</time>
      </trkpt>
      <trkpt lat="43.796919034793973" lon="7.522214027121663">
        <ele>570</ele>
        <time>2016-08-21T22:34:24Z</time>
      </trkpt>
      <trkpt lat="43.796733040362597" lon="7.522085029631853">
        <ele>565</ele>
        <time>2016-08-21T22:34:44Z</time>
      </trkpt>
      <trkpt lat="43.795835003256798" lon="7.522578975185752">
        <ele>521</ele>
        <time>2016-08-21T22:35:04Z</time>
      </trkpt>
      <trkpt lat="43.79581899382174" lon="7.522063991054893">
        <ele>488</ele>
        <time>2016-08-21T22:35:24Z</time>
      </trkpt>
      <trkpt lat="43.795680021867156" lon="7.521977992728353">
        <ele>485</ele>
        <time>2016-08-21T22:35:44Z</time>
      </trkpt>
      <trkpt lat="43.79549402743578" lon="7.522192988544703">
        <ele>484</ele>
        <time>2016-08-21T22:36:04Z</time>
      </trkpt>
      <trkpt lat="43.794967979192734" lon="7.521355971693993">
        <ele>436</ele>
        <time>2016-08-21T22:36:24Z</time>
      </trkpt>
      <trkpt lat="43.794564977288246" lon="7.521377010270953">
        <ele>429</ele>
        <time>2016-08-21T22:36:44Z</time>
      </trkpt>
      <trkpt lat="43.794518038630486" lon="7.521163020282984">
        <ele>427</ele>
        <time>2016-08-21T22:37:04Z</time>
      </trkpt>
      <trkpt lat="43.794192988425493" lon="7.521077021956444">
        <ele>419</ele>
        <time>2016-08-21T22:37:24Z</time>
      </trkpt>
      <trkpt lat="43.794192988425493" lon="7.520862026140094">
        <ele>409</ele>
        <time>2016-08-21T22:37:44Z</time>
      </trkpt>
      <trkpt lat="43.793603992089629" lon="7.520390041172504">
        <ele>381</ele>
        <time>2016-08-21T22:38:04Z</time>
      </trkpt>
      <trkpt lat="43.792968979105353" lon="7.520174961537123">
        <ele>352</ele>
        <time>2016-08-21T22:38:24Z</time>
      </trkpt>
      <trkpt lat="43.793093031272292" lon="7.519424026831985">
        <ele>343</ele>
        <time>2016-08-21T22:38:44Z</time>
      </trkpt>
      <trkpt lat="43.792736968025565" lon="7.519273990765214">
        <ele>334</ele>
        <time>2016-08-21T22:39:04Z</time>
      </trkpt>
      <trkpt lat="43.79266002215445" lon="7.519017001613975">
        <ele>321</ele>
        <time>2016-08-21T22:39:24Z</time>
      </trkpt>
      <trkpt lat="43.792566983029246" lon="7.519038040190935">
        <ele>320</ele>
        <time>2016-08-21T22:39:44Z</time>
      </trkpt>
      <trkpt lat="43.792364979162812" lon="7.518588015809655">
        <ele>291</ele>
        <time>2016-08-21T22:40:04Z</time>
      </trkpt>
      <trkpt lat="43.792349975556135" lon="7.518244022503495">
        <ele>282</ele>
        <time>2016-08-21T22:40:24Z</time>
      </trkpt>
      <trkpt lat="43.792102038860321" lon="7.518116030842066">
        <ele>273</ele>
        <time>2016-08-21T22:40:44Z</time>
      </trkpt>
      <trkpt lat="43.791049020364881" lon="7.516570994630456">
        <ele>211</ele>
        <time>2016-08-21T22:41:04Z</time>
      </trkpt>
      <trkpt lat="43.791219005361199" lon="7.516527995467186">
        <ele>213</ele>
        <time>2016-08-21T22:41:24Z</time>
      </trkpt>
      <trkpt lat="43.791482029482722" lon="7.515389984473586">
        <ele>193</ele>
        <time>2016-08-21T22:41:44Z</time>
      </trkpt>
      <trkpt lat="43.791219005361199" lon="7.515326030552387">
        <ele>189</ele>
        <time>2016-08-21T22:42:04Z</time>
      </trkpt>
      <trkpt lat="43.791064023971558" lon="7.516162963584065">
        <ele>207</ele>
        <time>2016-08-21T22:42:24Z</time>
      </trkpt>
      <trkpt lat="43.79038299433887" lon="7.515584025532007">
        <ele>174</ele>
        <time>2016-08-21T22:42:44Z</time>
      </trkpt>
      <trkpt lat="43.790212003514171" lon="7.515755016356707">
        <ele>175</ele>
        <time>2016-08-21T22:43:04Z</time>
      </trkpt>
      <trkpt lat="43.78993296995759" lon="7.517772037535906">
        <ele>176</ele>
        <time>2016-08-21T22:43:24Z</time>
      </trkpt>
      <trkpt lat="43.78971696831286" lon="7.517279013991356">
        <ele>173</ele>
        <time>2016-08-21T22:43:44Z</time>
      </trkpt>
      <trkpt lat="43.789514964446425" lon="7.517836997285485">
        <ele>166</ele>
        <time>2016-08-21T22:44:04Z</time>
      </trkpt>
      <trkpt lat="43.789143981412053" lon="7.517579002305865">
        <ele>145</ele>
        <time>2016-08-21T22:44:24Z</time>
      </trkpt>
      <trkpt lat="43.7892210111022" lon="7.518050987273455">
        <ele>159</ele>
        <time>2016-08-21T22:44:44Z</time>
      </trkpt>
      <trkpt lat="43.789051026105881" lon="7.518287021666765">
        <ele>139</ele>
        <time>2016-08-21T22:45:04Z</time>
      </trkpt>
      <trkpt lat="43.788818009197712" lon="7.517750998958945">
        <ele>132</ele>
        <time>2016-08-21T22:45:24Z</time>
      </trkpt>
      <trkpt lat="43.788182996213436" lon="7.518116030842066">
        <ele>102</ele>
        <time>2016-08-21T22:45:44Z</time>
      </trkpt>
      <trkpt lat="43.788431016728282" lon="7.517322013154626">
        <ele>121</ele>
        <time>2016-08-21T22:46:04Z</time>
      </trkpt>
      <trkpt lat="43.788059027865529" lon="7.516184002161026">
        <ele>97</ele>
        <time>2016-08-21T22:46:24Z</time>
      </trkpt>
      <trkpt lat="43.787516970187426" lon="7.516227001324296">
        <ele>88</ele>
        <time>2016-08-21T22:46:44Z</time>
      </trkpt>
      <trkpt lat="43.786927973851562" lon="7.517193015664816">
        <ele>67</ele>
        <time>2016-08-21T22:47:04Z</time>
      </trkpt>
      <trkpt lat="43.78666503354907" lon="7.517042979598045">
        <ele>52</ele>
        <time>2016-08-21T22:47:24Z</time>
      </trkpt>
      <trkpt lat="43.786339983344078" lon="7.517299968749285">
        <ele>48</ele>
        <time>2016-08-21T22:47:44Z</time>
      </trkpt>
      <trkpt lat="43.786137979477644" lon="7.517879996448755">
        <ele>39</ele>
        <time>2016-08-21T22:48:04Z</time>
      </trkpt>
      <trkpt lat="43.786153988912702" lon="7.518093986436725">
        <ele>37</ele>
        <time>2016-08-21T22:48:24Z</time>
      </trkpt>
      <trkpt lat="43.785905968397856" lon="7.518073031678796">
        <ele>34</ele>
        <time>2016-08-21T22:48:44Z</time>
      </trkpt>
      <trkpt lat="43.785750987008214" lon="7.518588015809655">
        <ele>20</ele>
        <time>2016-08-21T22:49:04Z</time>
      </trkpt>
      <trkpt lat="43.785472037270665" lon="7.518545016646385">
        <ele>18</ele>
        <time>2016-08-21T22:49:24Z</time>
      </trkpt>
      <trkpt lat="43.784977002069354" lon="7.516698986291885">
        <ele>16</ele>
        <time>2016-08-21T22:49:44Z</time>
      </trkpt>
    </trkseg>
  </trk>

</gpx>