<?xml version="1.0" encoding="utf-8"?><gpx creator="Garmin Desktop App" version="1.1" xsi:schemaLocation="http://www.topografix.com/GPX/1/1 http://www.topografix.com/GPX/1/1/gpx.xsd http://www.garmin.com/xmlschemas/WaypointExtension/v1 http://www8.garmin.com/xmlschemas/WaypointExtensionv1.xsd http://www.garmin.com/xmlschemas/TrackPointExtension/v1 http://www.garmin.com/xmlschemas/TrackPointExtensionv1.xsd http://www.garmin.com/xmlschemas/GpxExtensions/v3 http://www8.garmin.com/xmlschemas/GpxExtensionsv3.xsd http://www.garmin.com/xmlschemas/ActivityExtension/v1 http://www8.garmin.com/xmlschemas/ActivityExtensionv1.xsd http://www.garmin.com/xmlschemas/AdventuresExtensions/v1 http://www8.garmin.com/xmlschemas/AdventuresExtensionv1.xsd http://www.garmin.com/xmlschemas/PressureExtension/v1 http://www.garmin.com/xmlschemas/PressureExtensionv1.xsd http://www.garmin.com/xmlschemas/TripExtensions/v1 http://www.garmin.com/xmlschemas/TripExtensionsv1.xsd http://www.garmin.com/xmlschemas/TripMetaDataExtensions/v1 http://www.garmin.com/xmlschemas/TripMetaDataExtensionsv1.xsd http://www.garmin.com/xmlschemas/ViaPointTransportationModeExtensions/v1 http://www.garmin.com/xmlschemas/ViaPointTransportationModeExtensionsv1.xsd http://www.garmin.com/xmlschemas/CreationTimeExtension/v1 http://www.garmin.com/xmlschemas/CreationTimeExtensionsv1.xsd http://www.garmin.com/xmlschemas/AccelerationExtension/v1 http://www.garmin.com/xmlschemas/AccelerationExtensionv1.xsd http://www.garmin.com/xmlschemas/PowerExtension/v1 http://www.garmin.com/xmlschemas/PowerExtensionv1.xsd http://www.garmin.com/xmlschemas/VideoExtension/v1 http://www.garmin.com/xmlschemas/VideoExtensionv1.xsd" xmlns="http://www.topografix.com/GPX/1/1" xmlns:xsi="http://www.w3.org/2001/XMLSchema-instance" xmlns:wptx1="http://www.garmin.com/xmlschemas/WaypointExtension/v1" xmlns:gpxtrx="http://www.garmin.com/xmlschemas/GpxExtensions/v3" xmlns:gpxtpx="http://www.garmin.com/xmlschemas/TrackPointExtension/v1" xmlns:gpxx="http://www.garmin.com/xmlschemas/GpxExtensions/v3" xmlns:trp="http://www.garmin.com/xmlschemas/TripExtensions/v1" xmlns:adv="http://www.garmin.com/xmlschemas/AdventuresExtensions/v1" xmlns:prs="http://www.garmin.com/xmlschemas/PressureExtension/v1" xmlns:tmd="http://www.garmin.com/xmlschemas/TripMetaDataExtensions/v1" xmlns:vptm="http://www.garmin.com/xmlschemas/ViaPointTransportationModeExtensions/v1" xmlns:ctx="http://www.garmin.com/xmlschemas/CreationTimeExtension/v1" xmlns:gpxacc="http://www.garmin.com/xmlschemas/AccelerationExtension/v1" xmlns:gpxpx="http://www.garmin.com/xmlschemas/PowerExtension/v1" xmlns:vidx1="http://www.garmin.com/xmlschemas/VideoExtension/v1">

  <metadata>
    <link href="http://www.garmin.com">
      <text>Garmin International</text>
    </link>
    <time>2018-04-18T11:07:29Z</time>
    <bounds maxlat="44.283649027347565" maxlon="7.20119702629745" minlat="44.063389962539077" minlon="6.866999985650182" />
  </metadata>

  <trk>
    <name>Part 14 - FR St Dalmas-le-Selvage to St Dalmas</name>
    <desc>Randonnée avec le GR5 à travers les Alpes-Maritimes de St Dalmas-le-Selvage à Nice. Gîtes d'étapes, Chambres d'hôtes, Hôtels, Camping, Refuges, Auberges.</desc>
    <extensions>
      <gpxx:TrackExtension>
        <gpxx:DisplayColor>Blue</gpxx:DisplayColor>
      </gpxx:TrackExtension>
    </extensions>
    <trkseg>
      <trkpt lat="44.283649027347565" lon="6.866999985650182">
        <ele>1492</ele>
        <time>2017-03-28T13:05:55Z</time>
      </trkpt>
      <trkpt lat="44.283203026279807" lon="6.867070980370045">
        <ele>1482</ele>
        <time>2017-03-28T13:06:15Z</time>
      </trkpt>
      <trkpt lat="44.283430008217692" lon="6.867334004491568">
        <ele>1484</ele>
        <time>2017-03-28T13:06:35Z</time>
      </trkpt>
      <trkpt lat="44.283143011853099" lon="6.867191009223461">
        <ele>1481</ele>
        <time>2017-03-28T13:06:55Z</time>
      </trkpt>
      <trkpt lat="44.282878981903195" lon="6.867139963433147">
        <ele>1481</ele>
        <time>2017-03-28T13:07:15Z</time>
      </trkpt>
      <trkpt lat="44.282722994685173" lon="6.867584958672524">
        <ele>1483</ele>
        <time>2017-03-28T13:07:35Z</time>
      </trkpt>
      <trkpt lat="44.28286699578166" lon="6.867913026362658">
        <ele>1483</ele>
        <time>2017-03-28T13:07:55Z</time>
      </trkpt>
      <trkpt lat="44.282917035743594" lon="6.868833024054766">
        <ele>1490</ele>
        <time>2017-03-28T13:08:15Z</time>
      </trkpt>
      <trkpt lat="44.28271503187716" lon="6.870018979534507">
        <ele>1493</ele>
        <time>2017-03-28T13:08:35Z</time>
      </trkpt>
      <trkpt lat="44.282410014420748" lon="6.870918022468686">
        <ele>1503</ele>
        <time>2017-03-28T13:08:55Z</time>
      </trkpt>
      <trkpt lat="44.282187977805734" lon="6.871315995231271">
        <ele>1513</ele>
        <time>2017-03-28T13:09:15Z</time>
      </trkpt>
      <trkpt lat="44.282046994194388" lon="6.872531035915017">
        <ele>1503</ele>
        <time>2017-03-28T13:09:35Z</time>
      </trkpt>
      <trkpt lat="44.281989997252822" lon="6.873072003945708">
        <ele>1503</ele>
        <time>2017-03-28T13:09:55Z</time>
      </trkpt>
      <trkpt lat="44.282038025557995" lon="6.873635016381741">
        <ele>1499</ele>
        <time>2017-03-28T13:10:15Z</time>
      </trkpt>
      <trkpt lat="44.281955966725945" lon="6.874223006889224">
        <ele>1500</ele>
        <time>2017-03-28T13:10:35Z</time>
      </trkpt>
      <trkpt lat="44.281430002301931" lon="6.874280003830791">
        <ele>1520</ele>
        <time>2017-03-28T13:10:55Z</time>
      </trkpt>
      <trkpt lat="44.28058996796608" lon="6.874630032107234">
        <ele>1553</ele>
        <time>2017-03-28T13:11:15Z</time>
      </trkpt>
      <trkpt lat="44.280644031241536" lon="6.8748580198735">
        <ele>1548</ele>
        <time>2017-03-28T13:11:35Z</time>
      </trkpt>
      <trkpt lat="44.280879981815815" lon="6.875049965456128">
        <ele>1530</ele>
        <time>2017-03-28T13:11:55Z</time>
      </trkpt>
      <trkpt lat="44.281144011765718" lon="6.875137975439429">
        <ele>1524</ele>
        <time>2017-03-28T13:12:15Z</time>
      </trkpt>
      <trkpt lat="44.28116999566555" lon="6.875252975150943">
        <ele>1523</ele>
        <time>2017-03-28T13:12:35Z</time>
      </trkpt>
      <trkpt lat="44.28084502927959" lon="6.875735018402338">
        <ele>1533</ele>
        <time>2017-03-28T13:12:55Z</time>
      </trkpt>
      <trkpt lat="44.280743021517992" lon="6.875681038945913">
        <ele>1548</ele>
        <time>2017-03-28T13:13:15Z</time>
      </trkpt>
      <trkpt lat="44.280712008476257" lon="6.875290023162961">
        <ele>1549</ele>
        <time>2017-03-28T13:13:35Z</time>
      </trkpt>
      <trkpt lat="44.280593991279602" lon="6.875292034819722">
        <ele>1552</ele>
        <time>2017-03-28T13:13:55Z</time>
      </trkpt>
      <trkpt lat="44.280631961300969" lon="6.876189988106489">
        <ele>1559</ele>
        <time>2017-03-28T13:14:15Z</time>
      </trkpt>
      <trkpt lat="44.280465999618173" lon="6.877091964706779">
        <ele>1568</ele>
        <time>2017-03-28T13:14:35Z</time>
      </trkpt>
      <trkpt lat="44.280345970764756" lon="6.877542994916439">
        <ele>1572</ele>
        <time>2017-03-28T13:14:55Z</time>
      </trkpt>
      <trkpt lat="44.280386036261916" lon="6.877897968515754">
        <ele>1570</ele>
        <time>2017-03-28T13:15:15Z</time>
      </trkpt>
      <trkpt lat="44.280346976593137" lon="6.87876801006496">
        <ele>1572</ele>
        <time>2017-03-28T13:15:35Z</time>
      </trkpt>
      <trkpt lat="44.280171962454915" lon="6.879234965890646">
        <ele>1577</ele>
        <time>2017-03-28T13:15:55Z</time>
      </trkpt>
      <trkpt lat="44.279915979132056" lon="6.879533026367426">
        <ele>1596</ele>
        <time>2017-03-28T13:16:15Z</time>
      </trkpt>
      <trkpt lat="44.279667036607862" lon="6.879927981644869">
        <ele>1595</ele>
        <time>2017-03-28T13:16:35Z</time>
      </trkpt>
      <trkpt lat="44.27927803248167" lon="6.880198968574405">
        <ele>1594</ele>
        <time>2017-03-28T13:16:55Z</time>
      </trkpt>
      <trkpt lat="44.279091032221913" lon="6.880518989637494">
        <ele>1609</ele>
        <time>2017-03-28T13:17:15Z</time>
      </trkpt>
      <trkpt lat="44.278583005070686" lon="6.880798023194075">
        <ele>1619</ele>
        <time>2017-03-28T13:17:35Z</time>
      </trkpt>
      <trkpt lat="44.27856900729239" lon="6.881180992349982">
        <ele>1611</ele>
        <time>2017-03-28T13:17:55Z</time>
      </trkpt>
      <trkpt lat="44.278174974024296" lon="6.88190502114594">
        <ele>1636</ele>
        <time>2017-03-28T13:18:15Z</time>
      </trkpt>
      <trkpt lat="44.278133986517787" lon="6.882161004468799">
        <ele>1638</ele>
        <time>2017-03-28T13:18:35Z</time>
      </trkpt>
      <trkpt lat="44.278040025383234" lon="6.882116999477148">
        <ele>1640</ele>
        <time>2017-03-28T13:18:55Z</time>
      </trkpt>
      <trkpt lat="44.278076989576221" lon="6.881826985627413">
        <ele>1638</ele>
        <time>2017-03-28T13:19:15Z</time>
      </trkpt>
      <trkpt lat="44.278184026479721" lon="6.881493972614408">
        <ele>1635</ele>
        <time>2017-03-28T13:19:35Z</time>
      </trkpt>
      <trkpt lat="44.2780970223248" lon="6.881459020078182">
        <ele>1638</ele>
        <time>2017-03-28T13:19:55Z</time>
      </trkpt>
      <trkpt lat="44.277902981266379" lon="6.881810976192355">
        <ele>1644</ele>
        <time>2017-03-28T13:20:15Z</time>
      </trkpt>
      <trkpt lat="44.277890995144844" lon="6.882098978385329">
        <ele>1644</ele>
        <time>2017-03-28T13:20:35Z</time>
      </trkpt>
      <trkpt lat="44.277794016525149" lon="6.882371976971626">
        <ele>1648</ele>
        <time>2017-03-28T13:20:55Z</time>
      </trkpt>
      <trkpt lat="44.278087969869375" lon="6.882900958880782">
        <ele>1645</ele>
        <time>2017-03-28T13:21:15Z</time>
      </trkpt>
      <trkpt lat="44.277969030663371" lon="6.883295997977257">
        <ele>1649</ele>
        <time>2017-03-28T13:21:35Z</time>
      </trkpt>
      <trkpt lat="44.278087969869375" lon="6.883813999593258">
        <ele>1651</ele>
        <time>2017-03-28T13:21:55Z</time>
      </trkpt>
      <trkpt lat="44.277698965743184" lon="6.884340969845653">
        <ele>1661</ele>
        <time>2017-03-28T13:22:15Z</time>
      </trkpt>
      <trkpt lat="44.277502996847034" lon="6.884782025590539">
        <ele>1662</ele>
        <time>2017-03-28T13:22:35Z</time>
      </trkpt>
      <trkpt lat="44.277453040704131" lon="6.885145967826247">
        <ele>1683</ele>
        <time>2017-03-28T13:22:55Z</time>
      </trkpt>
      <trkpt lat="44.277598969638348" lon="6.885504964739084">
        <ele>1661</ele>
        <time>2017-03-28T13:23:15Z</time>
      </trkpt>
      <trkpt lat="44.277610033750534" lon="6.886217007413507">
        <ele>1664</ele>
        <time>2017-03-28T13:23:35Z</time>
      </trkpt>
      <trkpt lat="44.277401994913816" lon="6.886758981272578">
        <ele>1687</ele>
        <time>2017-03-28T13:23:55Z</time>
      </trkpt>
      <trkpt lat="44.277472989633679" lon="6.887063998728991">
        <ele>1693</ele>
        <time>2017-03-28T13:24:15Z</time>
      </trkpt>
      <trkpt lat="44.277381040155888" lon="6.887354012578726">
        <ele>1693</ele>
        <time>2017-03-28T13:24:35Z</time>
      </trkpt>
      <trkpt lat="44.277454968541861" lon="6.887546963989735">
        <ele>1691</ele>
        <time>2017-03-28T13:24:55Z</time>
      </trkpt>
      <trkpt lat="44.277202002704144" lon="6.887503964826465">
        <ele>1699</ele>
        <time>2017-03-28T13:25:15Z</time>
      </trkpt>
      <trkpt lat="44.277024976909161" lon="6.887319982051849">
        <ele>1701</ele>
        <time>2017-03-28T13:25:35Z</time>
      </trkpt>
      <trkpt lat="44.277210971340537" lon="6.887871008366346">
        <ele>1701</ele>
        <time>2017-03-28T13:25:55Z</time>
      </trkpt>
      <trkpt lat="44.276866978034377" lon="6.88888999633491">
        <ele>1709</ele>
        <time>2017-03-28T13:26:15Z</time>
      </trkpt>
      <trkpt lat="44.276253003627062" lon="6.889390982687473">
        <ele>1719</ele>
        <time>2017-03-28T13:26:35Z</time>
      </trkpt>
      <trkpt lat="44.275929965078831" lon="6.889392994344235">
        <ele>1721</ele>
        <time>2017-03-28T13:26:55Z</time>
      </trkpt>
      <trkpt lat="44.27526100538671" lon="6.889610001817346">
        <ele>1731</ele>
        <time>2017-03-28T13:27:15Z</time>
      </trkpt>
      <trkpt lat="44.27489597350359" lon="6.88985601067543">
        <ele>1740</ele>
        <time>2017-03-28T13:27:35Z</time>
      </trkpt>
      <trkpt lat="44.274561032652855" lon="6.889973022043705">
        <ele>1740</ele>
        <time>2017-03-28T13:27:55Z</time>
      </trkpt>
      <trkpt lat="44.273769026622176" lon="6.890691015869379">
        <ele>1746</ele>
        <time>2017-03-28T13:28:15Z</time>
      </trkpt>
      <trkpt lat="44.273498961701989" lon="6.890763016417623">
        <ele>1745</ele>
        <time>2017-03-28T13:28:35Z</time>
      </trkpt>
      <trkpt lat="44.273044997826219" lon="6.890738038346171">
        <ele>1743</ele>
        <time>2017-03-28T13:28:55Z</time>
      </trkpt>
      <trkpt lat="44.272976014763117" lon="6.891383025795221">
        <ele>1729</ele>
        <time>2017-03-28T13:29:15Z</time>
      </trkpt>
      <trkpt lat="44.273301986977458" lon="6.892029019072652">
        <ele>1722</ele>
        <time>2017-03-28T13:29:35Z</time>
      </trkpt>
      <trkpt lat="44.273396031931043" lon="6.892378963530064">
        <ele>1735</ele>
        <time>2017-03-28T13:29:55Z</time>
      </trkpt>
      <trkpt lat="44.273536009714007" lon="6.892642993479967">
        <ele>1735</ele>
        <time>2017-03-28T13:30:15Z</time>
      </trkpt>
      <trkpt lat="44.273522011935711" lon="6.893413960933685">
        <ele>1741</ele>
        <time>2017-03-28T13:30:35Z</time>
      </trkpt>
      <trkpt lat="44.272506963461637" lon="6.894586002454162">
        <ele>1751</ele>
        <time>2017-03-28T13:30:55Z</time>
      </trkpt>
      <trkpt lat="44.271872034296393" lon="6.89490501768887">
        <ele>1737</ele>
        <time>2017-03-28T13:31:15Z</time>
      </trkpt>
      <trkpt lat="44.27117801271379" lon="6.895366022363305">
        <ele>1746</ele>
        <time>2017-03-28T13:31:35Z</time>
      </trkpt>
      <trkpt lat="44.270000020042062" lon="6.89679304137826">
        <ele>1750</ele>
        <time>2017-03-28T13:31:55Z</time>
      </trkpt>
      <trkpt lat="44.269533986225724" lon="6.897130999714136">
        <ele>1744</ele>
        <time>2017-03-28T13:32:15Z</time>
      </trkpt>
      <trkpt lat="44.269359977915883" lon="6.897429982200265">
        <ele>1741</ele>
        <time>2017-03-28T13:32:35Z</time>
      </trkpt>
      <trkpt lat="44.269355032593012" lon="6.897921999916434">
        <ele>1752</ele>
        <time>2017-03-28T13:32:55Z</time>
      </trkpt>
      <trkpt lat="44.269028976559639" lon="6.898490963503718">
        <ele>1745</ele>
        <time>2017-03-28T13:33:15Z</time>
      </trkpt>
      <trkpt lat="44.268680959939957" lon="6.898864964023233">
        <ele>1743</ele>
        <time>2017-03-28T13:33:35Z</time>
      </trkpt>
      <trkpt lat="44.268203023821115" lon="6.899304008111358">
        <ele>1736</ele>
        <time>2017-03-28T13:33:55Z</time>
      </trkpt>
      <trkpt lat="44.267994984984398" lon="6.899870038032532">
        <ele>1733</ele>
        <time>2017-03-28T13:34:15Z</time>
      </trkpt>
      <trkpt lat="44.267675969749689" lon="6.900221994146705">
        <ele>1736</ele>
        <time>2017-03-28T13:34:35Z</time>
      </trkpt>
      <trkpt lat="44.267433984205127" lon="6.900402959436178">
        <ele>1721</ele>
        <time>2017-03-28T13:34:55Z</time>
      </trkpt>
      <trkpt lat="44.267176995053887" lon="6.900702025741339">
        <ele>1722</ele>
        <time>2017-03-28T13:35:15Z</time>
      </trkpt>
      <trkpt lat="44.26692696288228" lon="6.900839991867542">
        <ele>1726</ele>
        <time>2017-03-28T13:35:35Z</time>
      </trkpt>
      <trkpt lat="44.26683702506125" lon="6.900973012670875">
        <ele>1725</ele>
        <time>2017-03-28T13:35:55Z</time>
      </trkpt>
      <trkpt lat="44.266566960141063" lon="6.901089018210769">
        <ele>1704</ele>
        <time>2017-03-28T13:36:15Z</time>
      </trkpt>
      <trkpt lat="44.266330003738403" lon="6.901647001504898">
        <ele>1702</ele>
        <time>2017-03-28T13:36:35Z</time>
      </trkpt>
      <trkpt lat="44.266025992110372" lon="6.901993006467819">
        <ele>1700</ele>
        <time>2017-03-28T13:36:55Z</time>
      </trkpt>
      <trkpt lat="44.265687027946115" lon="6.902179000899196">
        <ele>1677</ele>
        <time>2017-03-28T13:37:15Z</time>
      </trkpt>
      <trkpt lat="44.265277991071343" lon="6.902594994753599">
        <ele>1677</ele>
        <time>2017-03-28T13:37:35Z</time>
      </trkpt>
      <trkpt lat="44.26499099470675" lon="6.902622990310192">
        <ele>1662</ele>
        <time>2017-03-28T13:37:55Z</time>
      </trkpt>
      <trkpt lat="44.264832995831966" lon="6.902846032753587">
        <ele>1658</ele>
        <time>2017-03-28T13:38:15Z</time>
      </trkpt>
      <trkpt lat="44.264682037755847" lon="6.903196983039379">
        <ele>1657</ele>
        <time>2017-03-28T13:38:35Z</time>
      </trkpt>
      <trkpt lat="44.264419013634324" lon="6.903483979403973">
        <ele>1653</ele>
        <time>2017-03-28T13:38:55Z</time>
      </trkpt>
      <trkpt lat="44.263920960947871" lon="6.9045290350914">
        <ele>1628</ele>
        <time>2017-03-28T13:39:15Z</time>
      </trkpt>
      <trkpt lat="44.263979969546199" lon="6.904929019510746">
        <ele>1627</ele>
        <time>2017-03-28T13:39:35Z</time>
      </trkpt>
      <trkpt lat="44.263890031725168" lon="6.904947040602565">
        <ele>1625</ele>
        <time>2017-03-28T13:39:55Z</time>
      </trkpt>
      <trkpt lat="44.263762962073088" lon="6.905124988406897">
        <ele>1611</ele>
        <time>2017-03-28T13:40:15Z</time>
      </trkpt>
      <trkpt lat="44.263373035937548" lon="6.905234958976507">
        <ele>1608</ele>
        <time>2017-03-28T13:40:35Z</time>
      </trkpt>
      <trkpt lat="44.263166002929211" lon="6.904964977875352">
        <ele>1600</ele>
        <time>2017-03-28T13:40:55Z</time>
      </trkpt>
      <trkpt lat="44.2632079962641" lon="6.905255997553468">
        <ele>1589</ele>
        <time>2017-03-28T13:41:15Z</time>
      </trkpt>
      <trkpt lat="44.263124009594321" lon="6.905493037775159">
        <ele>1581</ele>
        <time>2017-03-28T13:41:35Z</time>
      </trkpt>
      <trkpt lat="44.262999035418034" lon="6.905218027532101">
        <ele>1583</ele>
        <time>2017-03-28T13:41:55Z</time>
      </trkpt>
      <trkpt lat="44.262977996841073" lon="6.905489014461637">
        <ele>1578</ele>
        <time>2017-03-28T13:42:15Z</time>
      </trkpt>
      <trkpt lat="44.263027030974627" lon="6.905685989186168">
        <ele>1578</ele>
        <time>2017-03-28T13:42:35Z</time>
      </trkpt>
      <trkpt lat="44.262865008786321" lon="6.905570989474654">
        <ele>1574</ele>
        <time>2017-03-28T13:42:55Z</time>
      </trkpt>
      <trkpt lat="44.262290010228753" lon="6.903910031542182">
        <ele>1544</ele>
        <time>2017-03-28T13:43:15Z</time>
      </trkpt>
      <trkpt lat="44.262199988588691" lon="6.904470026493073">
        <ele>1540</ele>
        <time>2017-03-28T13:43:35Z</time>
      </trkpt>
      <trkpt lat="44.262013994157314" lon="6.903954036533833">
        <ele>1534</ele>
        <time>2017-03-28T13:43:55Z</time>
      </trkpt>
      <trkpt lat="44.261985998600721" lon="6.903738034889102">
        <ele>1533</ele>
        <time>2017-03-28T13:44:15Z</time>
      </trkpt>
      <trkpt lat="44.261860018596053" lon="6.903751026839018">
        <ele>1530</ele>
        <time>2017-03-28T13:44:35Z</time>
      </trkpt>
      <trkpt lat="44.261843003332615" lon="6.904204990714788">
        <ele>1524</ele>
        <time>2017-03-28T13:44:55Z</time>
      </trkpt>
      <trkpt lat="44.261752981692553" lon="6.904041962698102">
        <ele>1522</ele>
        <time>2017-03-28T13:45:15Z</time>
      </trkpt>
      <trkpt lat="44.261646028608084" lon="6.9046809989959">
        <ele>1487</ele>
        <time>2017-03-28T13:45:35Z</time>
      </trkpt>
      <trkpt lat="44.261566987261176" lon="6.90435603260994">
        <ele>1492</ele>
        <time>2017-03-28T13:45:55Z</time>
      </trkpt>
      <trkpt lat="44.261500015854836" lon="6.904648980125785">
        <ele>1484</ele>
        <time>2017-03-28T13:46:15Z</time>
      </trkpt>
      <trkpt lat="44.261217964813113" lon="6.904374975711107">
        <ele>1477</ele>
        <time>2017-03-28T13:46:35Z</time>
      </trkpt>
      <trkpt lat="44.261239003390074" lon="6.905231019482017">
        <ele>1471</ele>
        <time>2017-03-28T13:46:55Z</time>
      </trkpt>
      <trkpt lat="44.261138001456857" lon="6.905684983357787">
        <ele>1466</ele>
        <time>2017-03-28T13:47:15Z</time>
      </trkpt>
      <trkpt lat="44.260902972891927" lon="6.905909031629562">
        <ele>1453</ele>
        <time>2017-03-28T13:47:35Z</time>
      </trkpt>
      <trkpt lat="44.260966004803777" lon="6.907318029552698">
        <ele>1443</ele>
        <time>2017-03-28T13:47:55Z</time>
      </trkpt>
      <trkpt lat="44.261091984808445" lon="6.908155968412757">
        <ele>1428</ele>
        <time>2017-03-28T13:48:15Z</time>
      </trkpt>
      <trkpt lat="44.261451987549663" lon="6.908925008028746">
        <ele>1412</ele>
        <time>2017-03-28T13:48:35Z</time>
      </trkpt>
      <trkpt lat="44.261486018076539" lon="6.909658005461097">
        <ele>1388</ele>
        <time>2017-03-28T13:48:55Z</time>
      </trkpt>
      <trkpt lat="44.261620966717601" lon="6.909746015444398">
        <ele>1386</ele>
        <time>2017-03-28T13:49:15Z</time>
      </trkpt>
      <trkpt lat="44.262164030224085" lon="6.909845005720854">
        <ele>1391</ele>
        <time>2017-03-28T13:49:35Z</time>
      </trkpt>
      <trkpt lat="44.262362010776997" lon="6.909980960190296">
        <ele>1386</ele>
        <time>2017-03-28T13:49:55Z</time>
      </trkpt>
      <trkpt lat="44.262614976614714" lon="6.910048015415669">
        <ele>1388</ele>
        <time>2017-03-28T13:50:15Z</time>
      </trkpt>
      <trkpt lat="44.26254297606647" lon="6.91022302955389">
        <ele>1391</ele>
        <time>2017-03-28T13:50:35Z</time>
      </trkpt>
      <trkpt lat="44.262385983020067" lon="6.91039795987308">
        <ele>1374</ele>
        <time>2017-03-28T13:50:55Z</time>
      </trkpt>
      <trkpt lat="44.262349018827081" lon="6.910726027563214">
        <ele>1372</ele>
        <time>2017-03-28T13:51:15Z</time>
      </trkpt>
      <trkpt lat="44.262251034379005" lon="6.910749999806285">
        <ele>1371</ele>
        <time>2017-03-28T13:51:35Z</time>
      </trkpt>
      <trkpt lat="44.262146009132266" lon="6.910968013107777">
        <ele>1363</ele>
        <time>2017-03-28T13:51:55Z</time>
      </trkpt>
      <trkpt lat="44.262012988328934" lon="6.911118971183896">
        <ele>1361</ele>
        <time>2017-03-28T13:52:15Z</time>
      </trkpt>
      <trkpt lat="44.261886002495885" lon="6.911333967000246">
        <ele>1358</ele>
        <time>2017-03-28T13:52:35Z</time>
      </trkpt>
      <trkpt lat="44.261912992224097" lon="6.911493977531791">
        <ele>1356</ele>
        <time>2017-03-28T13:52:55Z</time>
      </trkpt>
      <trkpt lat="44.261878039687872" lon="6.911760019138455">
        <ele>1352</ele>
        <time>2017-03-28T13:53:15Z</time>
      </trkpt>
      <trkpt lat="44.261632030829787" lon="6.91213795915246">
        <ele>1335</ele>
        <time>2017-03-28T13:53:35Z</time>
      </trkpt>
      <trkpt lat="44.261570004746318" lon="6.912327976897359">
        <ele>1336</ele>
        <time>2017-03-28T13:53:55Z</time>
      </trkpt>
      <trkpt lat="44.26131603308022" lon="6.912626959383488">
        <ele>1330</ele>
        <time>2017-03-28T13:54:15Z</time>
      </trkpt>
      <trkpt lat="44.26125300116837" lon="6.913163987919688">
        <ele>1329</ele>
        <time>2017-03-28T13:54:35Z</time>
      </trkpt>
      <trkpt lat="44.26105996593833" lon="6.913377977907658">
        <ele>1324</ele>
        <time>2017-03-28T13:54:55Z</time>
      </trkpt>
      <trkpt lat="44.26084203645587" lon="6.913614012300968">
        <ele>1323</ele>
        <time>2017-03-28T13:55:15Z</time>
      </trkpt>
      <trkpt lat="44.260739022865891" lon="6.913861026987433">
        <ele>1310</ele>
        <time>2017-03-28T13:55:35Z</time>
      </trkpt>
      <trkpt lat="44.260224960744381" lon="6.914426973089576">
        <ele>1301</ele>
        <time>2017-03-28T13:55:55Z</time>
      </trkpt>
      <trkpt lat="44.259204966947436" lon="6.915100961923599">
        <ele>1261</ele>
        <time>2017-03-28T13:56:15Z</time>
      </trkpt>
      <trkpt lat="44.259036993607879" lon="6.915473034605384">
        <ele>1246</ele>
        <time>2017-03-28T13:56:35Z</time>
      </trkpt>
      <trkpt lat="44.259024001657963" lon="6.915714014321566">
        <ele>1252</ele>
        <time>2017-03-28T13:56:55Z</time>
      </trkpt>
      <trkpt lat="44.258845970034599" lon="6.916063958778977">
        <ele>1247</ele>
        <time>2017-03-28T13:57:15Z</time>
      </trkpt>
      <trkpt lat="44.258768018335104" lon="6.916381968185306">
        <ele>1245</ele>
        <time>2017-03-28T13:57:35Z</time>
      </trkpt>
      <trkpt lat="44.258766006678343" lon="6.916546002030373">
        <ele>1245</ele>
        <time>2017-03-28T13:57:55Z</time>
      </trkpt>
      <trkpt lat="44.258601972833276" lon="6.916812965646386">
        <ele>1241</ele>
        <time>2017-03-28T13:58:15Z</time>
      </trkpt>
      <trkpt lat="44.258620999753475" lon="6.917341025546193">
        <ele>1242</ele>
        <time>2017-03-28T13:58:35Z</time>
      </trkpt>
      <trkpt lat="44.258827026933432" lon="6.917683007195592">
        <ele>1238</ele>
        <time>2017-03-28T13:58:55Z</time>
      </trkpt>
      <trkpt lat="44.258858961984515" lon="6.918079974129796">
        <ele>1236</ele>
        <time>2017-03-28T13:59:15Z</time>
      </trkpt>
      <trkpt lat="44.259030036628246" lon="6.918395971879363">
        <ele>1227</ele>
        <time>2017-03-28T13:59:35Z</time>
      </trkpt>
      <trkpt lat="44.258901039138436" lon="6.91857903264463">
        <ele>1224</ele>
        <time>2017-03-28T13:59:55Z</time>
      </trkpt>
      <trkpt lat="44.258810011669993" lon="6.918814983218908">
        <ele>1221</ele>
        <time>2017-03-28T14:00:15Z</time>
      </trkpt>
      <trkpt lat="44.258583029732108" lon="6.918992009013891">
        <ele>1221</ele>
        <time>2017-03-28T14:00:35Z</time>
      </trkpt>
      <trkpt lat="44.258276000618935" lon="6.919559966772795">
        <ele>1201</ele>
        <time>2017-03-28T14:00:55Z</time>
      </trkpt>
      <trkpt lat="44.258010964840651" lon="6.92030000500381">
        <ele>1182</ele>
        <time>2017-03-28T14:01:15Z</time>
      </trkpt>
      <trkpt lat="44.257584996521473" lon="6.921109026297927">
        <ele>1168</ele>
        <time>2017-03-28T14:01:35Z</time>
      </trkpt>
      <trkpt lat="44.257335970178246" lon="6.921702967956662">
        <ele>1161</ele>
        <time>2017-03-28T14:01:55Z</time>
      </trkpt>
      <trkpt lat="44.257500004023314" lon="6.921920981258154">
        <ele>1161</ele>
        <time>2017-03-28T14:02:15Z</time>
      </trkpt>
      <trkpt lat="44.256840012967587" lon="6.922382991760969">
        <ele>1161</ele>
        <time>2017-03-28T14:02:35Z</time>
      </trkpt>
      <trkpt lat="44.25661101937294" lon="6.922527998685837">
        <ele>1161</ele>
        <time>2017-03-28T14:02:55Z</time>
      </trkpt>
      <trkpt lat="44.256674973294139" lon="6.923336014151573">
        <ele>1159</ele>
        <time>2017-03-28T14:03:15Z</time>
      </trkpt>
      <trkpt lat="44.256250010803342" lon="6.924086026847363">
        <ele>1160</ele>
        <time>2017-03-28T14:03:35Z</time>
      </trkpt>
      <trkpt lat="44.255482982844114" lon="6.925121024250984">
        <ele>1155</ele>
        <time>2017-03-28T14:03:55Z</time>
      </trkpt>
      <trkpt lat="44.255262035876513" lon="6.925471974536777">
        <ele>1154</ele>
        <time>2017-03-28T14:04:15Z</time>
      </trkpt>
      <trkpt lat="44.255199003964663" lon="6.92545797675848">
        <ele>1154</ele>
        <time>2017-03-28T14:04:35Z</time>
      </trkpt>
      <trkpt lat="44.254774963483214" lon="6.926046973094344">
        <ele>1150</ele>
        <time>2017-03-28T14:04:55Z</time>
      </trkpt>
      <trkpt lat="44.254300966858864" lon="6.926486017182469">
        <ele>1150</ele>
        <time>2017-03-28T14:05:15Z</time>
      </trkpt>
      <trkpt lat="44.253724040463567" lon="6.926786005496979">
        <ele>1151</ele>
        <time>2017-03-28T14:05:35Z</time>
      </trkpt>
      <trkpt lat="44.253248032182455" lon="6.927254972979426">
        <ele>1155</ele>
        <time>2017-03-28T14:05:55Z</time>
      </trkpt>
      <trkpt lat="44.252738999202847" lon="6.928002974018455">
        <ele>1149</ele>
        <time>2017-03-28T14:06:15Z</time>
      </trkpt>
      <trkpt lat="44.252708991989493" lon="6.928225010633469">
        <ele>1148</ele>
        <time>2017-03-28T14:06:35Z</time>
      </trkpt>
      <trkpt lat="44.252390982583165" lon="6.928638992831111">
        <ele>1146</ele>
        <time>2017-03-28T14:06:55Z</time>
      </trkpt>
      <trkpt lat="44.25203500315547" lon="6.929321028292179">
        <ele>1139</ele>
        <time>2017-03-28T14:07:15Z</time>
      </trkpt>
      <trkpt lat="44.251682963222265" lon="6.929609030485153">
        <ele>1139</ele>
        <time>2017-03-28T14:07:35Z</time>
      </trkpt>
      <trkpt lat="44.251038981601596" lon="6.930413022637367">
        <ele>1136</ele>
        <time>2017-03-28T14:07:55Z</time>
      </trkpt>
      <trkpt lat="44.250798001885414" lon="6.930852988734841">
        <ele>1134</ele>
        <time>2017-03-28T14:08:15Z</time>
      </trkpt>
      <trkpt lat="44.250065004453063" lon="6.931554973125458">
        <ele>1127</ele>
        <time>2017-03-28T14:08:35Z</time>
      </trkpt>
      <trkpt lat="44.249279033392668" lon="6.93220398388803">
        <ele>1120</ele>
        <time>2017-03-28T14:08:55Z</time>
      </trkpt>
      <trkpt lat="44.248345037922263" lon="6.933596972376108">
        <ele>1115</ele>
        <time>2017-03-28T14:09:15Z</time>
      </trkpt>
      <trkpt lat="44.248084025457501" lon="6.933643994852901">
        <ele>1121</ele>
        <time>2017-03-28T14:09:35Z</time>
      </trkpt>
      <trkpt lat="44.247732991352677" lon="6.933435034006834">
        <ele>1125</ele>
        <time>2017-03-28T14:09:55Z</time>
      </trkpt>
      <trkpt lat="44.247497962787747" lon="6.933711972087622">
        <ele>1140</ele>
        <time>2017-03-28T14:10:15Z</time>
      </trkpt>
      <trkpt lat="44.247250026091933" lon="6.934267021715641">
        <ele>1134</ele>
        <time>2017-03-28T14:10:35Z</time>
      </trkpt>
      <trkpt lat="44.246403034776449" lon="6.935184001922607">
        <ele>1138</ele>
        <time>2017-03-28T14:10:55Z</time>
      </trkpt>
      <trkpt lat="44.246162977069616" lon="6.935220966115594">
        <ele>1141</ele>
        <time>2017-03-28T14:11:15Z</time>
      </trkpt>
      <trkpt lat="44.2457390204072" lon="6.935470998287201">
        <ele>1152</ele>
        <time>2017-03-28T14:11:35Z</time>
      </trkpt>
      <trkpt lat="44.245392009615898" lon="6.93518903106451">
        <ele>1159</ele>
        <time>2017-03-28T14:11:55Z</time>
      </trkpt>
      <trkpt lat="44.24531196244061" lon="6.934812013059855">
        <ele>1171</ele>
        <time>2017-03-28T14:12:15Z</time>
      </trkpt>
      <trkpt lat="44.245184976607561" lon="6.934789968654513">
        <ele>1172</ele>
        <time>2017-03-28T14:12:35Z</time>
      </trkpt>
      <trkpt lat="44.245163016021252" lon="6.935723964124918">
        <ele>1157</ele>
        <time>2017-03-28T14:12:55Z</time>
      </trkpt>
      <trkpt lat="44.244347959756851" lon="6.936239032074809">
        <ele>1169</ele>
        <time>2017-03-28T14:13:15Z</time>
      </trkpt>
      <trkpt lat="44.24442901276052" lon="6.936024036258459">
        <ele>1171</ele>
        <time>2017-03-28T14:13:35Z</time>
      </trkpt>
      <trkpt lat="44.244624981656671" lon="6.935788001865149">
        <ele>1177</ele>
        <time>2017-03-28T14:13:55Z</time>
      </trkpt>
      <trkpt lat="44.244755990803242" lon="6.935423975810409">
        <ele>1177</ele>
        <time>2017-03-28T14:14:15Z</time>
      </trkpt>
      <trkpt lat="44.244536971673369" lon="6.935578035190702">
        <ele>1180</ele>
        <time>2017-03-28T14:14:35Z</time>
      </trkpt>
      <trkpt lat="44.244015030562878" lon="6.936226040124893">
        <ele>1187</ele>
        <time>2017-03-28T14:14:55Z</time>
      </trkpt>
      <trkpt lat="44.244005978107452" lon="6.936138030141592">
        <ele>1188</ele>
        <time>2017-03-28T14:15:15Z</time>
      </trkpt>
      <trkpt lat="44.244519034400582" lon="6.935224989429116">
        <ele>1183</ele>
        <time>2017-03-28T14:15:35Z</time>
      </trkpt>
      <trkpt lat="44.243681011721492" lon="6.936214976012707">
        <ele>1191</ele>
        <time>2017-03-28T14:15:55Z</time>
      </trkpt>
      <trkpt lat="44.243111964315176" lon="6.936969012022018">
        <ele>1198</ele>
        <time>2017-03-28T14:16:15Z</time>
      </trkpt>
      <trkpt lat="44.241932965815067" lon="6.936746975407004">
        <ele>1214</ele>
        <time>2017-03-28T14:16:35Z</time>
      </trkpt>
      <trkpt lat="44.240821022540331" lon="6.936841020360589">
        <ele>1237</ele>
        <time>2017-03-28T14:16:55Z</time>
      </trkpt>
      <trkpt lat="44.240910960361362" lon="6.93667396903038">
        <ele>1231</ele>
        <time>2017-03-28T14:17:15Z</time>
      </trkpt>
      <trkpt lat="44.240479040890932" lon="6.936729960143566">
        <ele>1244</ele>
        <time>2017-03-28T14:17:35Z</time>
      </trkpt>
      <trkpt lat="44.239996997639537" lon="6.936700958758593">
        <ele>1275</ele>
        <time>2017-03-28T14:17:55Z</time>
      </trkpt>
      <trkpt lat="44.239429961889982" lon="6.937248967587948">
        <ele>1284</ele>
        <time>2017-03-28T14:18:15Z</time>
      </trkpt>
      <trkpt lat="44.238919001072645" lon="6.937324991449714">
        <ele>1317</ele>
        <time>2017-03-28T14:18:35Z</time>
      </trkpt>
      <trkpt lat="44.238591017201543" lon="6.937712989747524">
        <ele>1306</ele>
        <time>2017-03-28T14:18:55Z</time>
      </trkpt>
      <trkpt lat="44.238433018326759" lon="6.937800999730825">
        <ele>1308</ele>
        <time>2017-03-28T14:19:15Z</time>
      </trkpt>
      <trkpt lat="44.237964972853661" lon="6.937684994190931">
        <ele>1335</ele>
        <time>2017-03-28T14:19:35Z</time>
      </trkpt>
      <trkpt lat="44.237496005371213" lon="6.938093025237322">
        <ele>1342</ele>
        <time>2017-03-28T14:19:55Z</time>
      </trkpt>
      <trkpt lat="44.237342029809952" lon="6.938034016638994">
        <ele>1344</ele>
        <time>2017-03-28T14:20:15Z</time>
      </trkpt>
      <trkpt lat="44.237084034830332" lon="6.937367990612984">
        <ele>1374</ele>
        <time>2017-03-28T14:20:35Z</time>
      </trkpt>
      <trkpt lat="44.236940033733845" lon="6.93727201782167">
        <ele>1375</ele>
        <time>2017-03-28T14:20:55Z</time>
      </trkpt>
      <trkpt lat="44.23671598546207" lon="6.937363967299461">
        <ele>1370</ele>
        <time>2017-03-28T14:21:15Z</time>
      </trkpt>
      <trkpt lat="44.236633004620671" lon="6.937235975638032">
        <ele>1370</ele>
        <time>2017-03-28T14:21:35Z</time>
      </trkpt>
      <trkpt lat="44.236763007938862" lon="6.937141008675098">
        <ele>1378</ele>
        <time>2017-03-28T14:21:55Z</time>
      </trkpt>
      <trkpt lat="44.236595034599304" lon="6.936989966779947">
        <ele>1376</ele>
        <time>2017-03-28T14:22:15Z</time>
      </trkpt>
      <trkpt lat="44.236423959955573" lon="6.936202989891172">
        <ele>1406</ele>
        <time>2017-03-28T14:22:35Z</time>
      </trkpt>
      <trkpt lat="44.236031016334891" lon="6.935950024053454">
        <ele>1405</ele>
        <time>2017-03-28T14:22:55Z</time>
      </trkpt>
      <trkpt lat="44.235828006640077" lon="6.935669984668493">
        <ele>1410</ele>
        <time>2017-03-28T14:23:15Z</time>
      </trkpt>
      <trkpt lat="44.235500022768974" lon="6.935609970241785">
        <ele>1410</ele>
        <time>2017-03-28T14:23:35Z</time>
      </trkpt>
      <trkpt lat="44.235235992819071" lon="6.935314005240798">
        <ele>1412</ele>
        <time>2017-03-28T14:23:55Z</time>
      </trkpt>
      <trkpt lat="44.235111018642783" lon="6.935072019696236">
        <ele>1414</ele>
        <time>2017-03-28T14:24:15Z</time>
      </trkpt>
      <trkpt lat="44.234859980642796" lon="6.93497596308589">
        <ele>1422</ele>
        <time>2017-03-28T14:24:35Z</time>
      </trkpt>
      <trkpt lat="44.23476199619472" lon="6.93475803360343">
        <ele>1429</ele>
        <time>2017-03-28T14:24:55Z</time>
      </trkpt>
      <trkpt lat="44.234817987307906" lon="6.934250006452203">
        <ele>1440</ele>
        <time>2017-03-28T14:25:15Z</time>
      </trkpt>
      <trkpt lat="44.234488997608423" lon="6.934023024514318">
        <ele>1461</ele>
        <time>2017-03-28T14:25:35Z</time>
      </trkpt>
      <trkpt lat="44.23435396514833" lon="6.934307003393769">
        <ele>1439</ele>
        <time>2017-03-28T14:25:55Z</time>
      </trkpt>
      <trkpt lat="44.234165037050843" lon="6.934402976185083">
        <ele>1452</ele>
        <time>2017-03-28T14:26:15Z</time>
      </trkpt>
      <trkpt lat="44.234020030125976" lon="6.934312032535672">
        <ele>1454</ele>
        <time>2017-03-28T14:26:35Z</time>
      </trkpt>
      <trkpt lat="44.233891032636166" lon="6.934552006423473">
        <ele>1456</ele>
        <time>2017-03-28T14:26:55Z</time>
      </trkpt>
      <trkpt lat="44.233860019594431" lon="6.934830034151673">
        <ele>1453</ele>
        <time>2017-03-28T14:27:15Z</time>
      </trkpt>
      <trkpt lat="44.23368601128459" lon="6.935045029968023">
        <ele>1449</ele>
        <time>2017-03-28T14:27:35Z</time>
      </trkpt>
      <trkpt lat="44.233237998560071" lon="6.935847010463476">
        <ele>1460</ele>
        <time>2017-03-28T14:27:55Z</time>
      </trkpt>
      <trkpt lat="44.233035994693637" lon="6.936144987121224">
        <ele>1454</ele>
        <time>2017-03-28T14:28:15Z</time>
      </trkpt>
      <trkpt lat="44.232789985835552" lon="6.93613400682807">
        <ele>1457</ele>
        <time>2017-03-28T14:28:35Z</time>
      </trkpt>
      <trkpt lat="44.232946978881955" lon="6.935952035710216">
        <ele>1458</ele>
        <time>2017-03-28T14:28:55Z</time>
      </trkpt>
      <trkpt lat="44.232802977785468" lon="6.935893027111888">
        <ele>1461</ele>
        <time>2017-03-28T14:29:15Z</time>
      </trkpt>
      <trkpt lat="44.232845976948738" lon="6.935798982158303">
        <ele>1478</ele>
        <time>2017-03-28T14:29:35Z</time>
      </trkpt>
      <trkpt lat="44.23278696835041" lon="6.93570401519537">
        <ele>1479</ele>
        <time>2017-03-28T14:29:55Z</time>
      </trkpt>
      <trkpt lat="44.232772970572114" lon="6.93531802855432">
        <ele>1485</ele>
        <time>2017-03-28T14:30:15Z</time>
      </trkpt>
      <trkpt lat="44.232555041089654" lon="6.93493296392262">
        <ele>1508</ele>
        <time>2017-03-28T14:30:35Z</time>
      </trkpt>
      <trkpt lat="44.232466025277972" lon="6.934540020301938">
        <ele>1535</ele>
        <time>2017-03-28T14:30:55Z</time>
      </trkpt>
      <trkpt lat="44.232310960069299" lon="6.934470031410456">
        <ele>1538</ele>
        <time>2017-03-28T14:31:15Z</time>
      </trkpt>
      <trkpt lat="44.232361000031233" lon="6.934275990352035">
        <ele>1541</ele>
        <time>2017-03-28T14:31:35Z</time>
      </trkpt>
      <trkpt lat="44.231936037540436" lon="6.934371041134">
        <ele>1547</ele>
        <time>2017-03-28T14:31:55Z</time>
      </trkpt>
      <trkpt lat="44.232007032260299" lon="6.934239026159048">
        <ele>1548</ele>
        <time>2017-03-28T14:32:15Z</time>
      </trkpt>
      <trkpt lat="44.231835035607219" lon="6.934242965653539">
        <ele>1555</ele>
        <time>2017-03-28T14:32:35Z</time>
      </trkpt>
      <trkpt lat="44.231870993971825" lon="6.934107011184096">
        <ele>1574</ele>
        <time>2017-03-28T14:32:55Z</time>
      </trkpt>
      <trkpt lat="44.231605036184192" lon="6.933876005932689">
        <ele>1592</ele>
        <time>2017-03-28T14:33:15Z</time>
      </trkpt>
      <trkpt lat="44.231832018122077" lon="6.933767041191459">
        <ele>1580</ele>
        <time>2017-03-28T14:33:35Z</time>
      </trkpt>
      <trkpt lat="44.231747025623918" lon="6.933487001806498">
        <ele>1594</ele>
        <time>2017-03-28T14:33:55Z</time>
      </trkpt>
      <trkpt lat="44.231352992355824" lon="6.933403015136719">
        <ele>1605</ele>
        <time>2017-03-28T14:34:15Z</time>
      </trkpt>
      <trkpt lat="44.231360033154488" lon="6.933329002931714">
        <ele>1625</ele>
        <time>2017-03-28T14:34:35Z</time>
      </trkpt>
      <trkpt lat="44.231590032577515" lon="6.933221966028214">
        <ele>1621</ele>
        <time>2017-03-28T14:34:55Z</time>
      </trkpt>
      <trkpt lat="44.231330025941133" lon="6.933035971596837">
        <ele>1629</ele>
        <time>2017-03-28T14:35:15Z</time>
      </trkpt>
      <trkpt lat="44.231222989037633" lon="6.932855006307364">
        <ele>1633</ele>
        <time>2017-03-28T14:35:35Z</time>
      </trkpt>
      <trkpt lat="44.231370007619262" lon="6.93271704018116">
        <ele>1636</ele>
        <time>2017-03-28T14:35:55Z</time>
      </trkpt>
      <trkpt lat="44.231171021237969" lon="6.932610003277659">
        <ele>1637</ele>
        <time>2017-03-28T14:36:15Z</time>
      </trkpt>
      <trkpt lat="44.231369001790881" lon="6.932470025494695">
        <ele>1657</ele>
        <time>2017-03-28T14:36:35Z</time>
      </trkpt>
      <trkpt lat="44.230810012668371" lon="6.931950012221932">
        <ele>1665</ele>
        <time>2017-03-28T14:36:55Z</time>
      </trkpt>
      <trkpt lat="44.230556963011622" lon="6.93181598559022">
        <ele>1666</ele>
        <time>2017-03-28T14:37:15Z</time>
      </trkpt>
      <trkpt lat="44.230423020198941" lon="6.931940037757158">
        <ele>1663</ele>
        <time>2017-03-28T14:37:35Z</time>
      </trkpt>
      <trkpt lat="44.230463001877069" lon="6.931469980627298">
        <ele>1672</ele>
        <time>2017-03-28T14:37:55Z</time>
      </trkpt>
      <trkpt lat="44.230449004098773" lon="6.931074019521475">
        <ele>1673</ele>
        <time>2017-03-28T14:38:15Z</time>
      </trkpt>
      <trkpt lat="44.230494014918804" lon="6.930867992341518">
        <ele>1674</ele>
        <time>2017-03-28T14:38:35Z</time>
      </trkpt>
      <trkpt lat="44.230545982718468" lon="6.930286036804318">
        <ele>1672</ele>
        <time>2017-03-28T14:38:55Z</time>
      </trkpt>
      <trkpt lat="44.230801966041327" lon="6.930064000189304">
        <ele>1678</ele>
        <time>2017-03-28T14:39:15Z</time>
      </trkpt>
      <trkpt lat="44.230826022103429" lon="6.92968899384141">
        <ele>1673</ele>
        <time>2017-03-28T14:39:35Z</time>
      </trkpt>
      <trkpt lat="44.230703981593251" lon="6.929253973066807">
        <ele>1676</ele>
        <time>2017-03-28T14:39:55Z</time>
      </trkpt>
      <trkpt lat="44.230601973831654" lon="6.928677968680859">
        <ele>1673</ele>
        <time>2017-03-28T14:40:15Z</time>
      </trkpt>
      <trkpt lat="44.230654025450349" lon="6.928331963717938">
        <ele>1679</ele>
        <time>2017-03-28T14:40:35Z</time>
      </trkpt>
      <trkpt lat="44.230555035173893" lon="6.928278990089893">
        <ele>1676</ele>
        <time>2017-03-28T14:40:55Z</time>
      </trkpt>
      <trkpt lat="44.230329981073737" lon="6.92902497947216">
        <ele>1667</ele>
        <time>2017-03-28T14:41:15Z</time>
      </trkpt>
      <trkpt lat="44.230320006608963" lon="6.929545998573303">
        <ele>1666</ele>
        <time>2017-03-28T14:41:35Z</time>
      </trkpt>
      <trkpt lat="44.230010965839028" lon="6.930352002382278">
        <ele>1664</ele>
        <time>2017-03-28T14:41:55Z</time>
      </trkpt>
      <trkpt lat="44.229808039963245" lon="6.930451998487115">
        <ele>1652</ele>
        <time>2017-03-28T14:42:15Z</time>
      </trkpt>
      <trkpt lat="44.229251984506845" lon="6.929988982155919">
        <ele>1643</ele>
        <time>2017-03-28T14:42:35Z</time>
      </trkpt>
      <trkpt lat="44.229069007560611" lon="6.930018989369273">
        <ele>1640</ele>
        <time>2017-03-28T14:42:55Z</time>
      </trkpt>
      <trkpt lat="44.22891897149384" lon="6.930695995688438">
        <ele>1641</ele>
        <time>2017-03-28T14:43:15Z</time>
      </trkpt>
      <trkpt lat="44.228427959606051" lon="6.931350035592914">
        <ele>1635</ele>
        <time>2017-03-28T14:43:35Z</time>
      </trkpt>
      <trkpt lat="44.228286975994706" lon="6.931294966489077">
        <ele>1625</ele>
        <time>2017-03-28T14:43:55Z</time>
      </trkpt>
      <trkpt lat="44.228237019851804" lon="6.931031020358205">
        <ele>1626</ele>
        <time>2017-03-28T14:44:15Z</time>
      </trkpt>
      <trkpt lat="44.228382026776671" lon="6.930531039834023">
        <ele>1636</ele>
        <time>2017-03-28T14:44:35Z</time>
      </trkpt>
      <trkpt lat="44.228310026228428" lon="6.930176988244057">
        <ele>1632</ele>
        <time>2017-03-28T14:44:55Z</time>
      </trkpt>
      <trkpt lat="44.22814498655498" lon="6.930102976039052">
        <ele>1631</ele>
        <time>2017-03-28T14:45:15Z</time>
      </trkpt>
      <trkpt lat="44.228004002943635" lon="6.930191991850734">
        <ele>1629</ele>
        <time>2017-03-28T14:45:35Z</time>
      </trkpt>
      <trkpt lat="44.227927979081869" lon="6.93072197958827">
        <ele>1626</ele>
        <time>2017-03-28T14:45:55Z</time>
      </trkpt>
      <trkpt lat="44.227532017976046" lon="6.930694989860058">
        <ele>1622</ele>
        <time>2017-03-28T14:46:15Z</time>
      </trkpt>
      <trkpt lat="44.227444007992744" lon="6.93100000731647">
        <ele>1615</ele>
        <time>2017-03-28T14:46:35Z</time>
      </trkpt>
      <trkpt lat="44.227405032142997" lon="6.931688999757171">
        <ele>1614</ele>
        <time>2017-03-28T14:46:55Z</time>
      </trkpt>
      <trkpt lat="44.227257007732987" lon="6.931737028062344">
        <ele>1611</ele>
        <time>2017-03-28T14:47:15Z</time>
      </trkpt>
      <trkpt lat="44.227179978042841" lon="6.931203017011285">
        <ele>1613</ele>
        <time>2017-03-28T14:47:35Z</time>
      </trkpt>
      <trkpt lat="44.227164974436164" lon="6.930728014558554">
        <ele>1615</ele>
        <time>2017-03-28T14:47:55Z</time>
      </trkpt>
      <trkpt lat="44.226714028045535" lon="6.92996802739799">
        <ele>1610</ele>
        <time>2017-03-28T14:48:15Z</time>
      </trkpt>
      <trkpt lat="44.226457960903645" lon="6.929419012740254">
        <ele>1604</ele>
        <time>2017-03-28T14:48:35Z</time>
      </trkpt>
      <trkpt lat="44.226372968405485" lon="6.929013999179006">
        <ele>1598</ele>
        <time>2017-03-28T14:48:55Z</time>
      </trkpt>
      <trkpt lat="44.226551000028849" lon="6.928796991705895">
        <ele>1598</ele>
        <time>2017-03-28T14:49:15Z</time>
      </trkpt>
      <trkpt lat="44.226697012782097" lon="6.928204977884889">
        <ele>1600</ele>
        <time>2017-03-28T14:49:35Z</time>
      </trkpt>
      <trkpt lat="44.226545970886946" lon="6.928048990666866">
        <ele>1594</ele>
        <time>2017-03-28T14:49:55Z</time>
      </trkpt>
      <trkpt lat="44.226368023082614" lon="6.927808010950685">
        <ele>1593</ele>
        <time>2017-03-28T14:50:15Z</time>
      </trkpt>
      <trkpt lat="44.225970972329378" lon="6.927599972113967">
        <ele>1590</ele>
        <time>2017-03-28T14:50:35Z</time>
      </trkpt>
      <trkpt lat="44.225551960989833" lon="6.926962025463581">
        <ele>1601</ele>
        <time>2017-03-28T14:50:55Z</time>
      </trkpt>
      <trkpt lat="44.225120963528752" lon="6.927081970497966">
        <ele>1605</ele>
        <time>2017-03-28T14:51:15Z</time>
      </trkpt>
      <trkpt lat="44.224922982975841" lon="6.927344994619489">
        <ele>1613</ele>
        <time>2017-03-28T14:51:35Z</time>
      </trkpt>
      <trkpt lat="44.224602039903402" lon="6.927585974335671">
        <ele>1608</ele>
        <time>2017-03-28T14:51:55Z</time>
      </trkpt>
      <trkpt lat="44.224140029400587" lon="6.927829971536994">
        <ele>1631</ele>
        <time>2017-03-28T14:52:15Z</time>
      </trkpt>
      <trkpt lat="44.223884968087077" lon="6.927890991792083">
        <ele>1632</ele>
        <time>2017-03-28T14:52:35Z</time>
      </trkpt>
      <trkpt lat="44.2234399728477" lon="6.928221993148327">
        <ele>1635</ele>
        <time>2017-03-28T14:52:55Z</time>
      </trkpt>
      <trkpt lat="44.223019033670425" lon="6.928660031408072">
        <ele>1626</ele>
        <time>2017-03-28T14:53:15Z</time>
      </trkpt>
      <trkpt lat="44.222491979598999" lon="6.928575038909912">
        <ele>1625</ele>
        <time>2017-03-28T14:53:35Z</time>
      </trkpt>
      <trkpt lat="44.221966015174985" lon="6.927828965708613">
        <ele>1635</ele>
        <time>2017-03-28T14:53:55Z</time>
      </trkpt>
      <trkpt lat="44.220875026658177" lon="6.926876027137041">
        <ele>1631</ele>
        <time>2017-03-28T14:54:15Z</time>
      </trkpt>
      <trkpt lat="44.22068702057004" lon="6.926631024107337">
        <ele>1633</ele>
        <time>2017-03-28T14:54:35Z</time>
      </trkpt>
      <trkpt lat="44.220646033063531" lon="6.926481993868947">
        <ele>1634</ele>
        <time>2017-03-28T14:54:55Z</time>
      </trkpt>
      <trkpt lat="44.220226015895605" lon="6.926601016893983">
        <ele>1632</ele>
        <time>2017-03-28T14:55:15Z</time>
      </trkpt>
      <trkpt lat="44.219858972355723" lon="6.926950961351395">
        <ele>1621</ele>
        <time>2017-03-28T14:55:35Z</time>
      </trkpt>
      <trkpt lat="44.219753025099635" lon="6.928100036457181">
        <ele>1611</ele>
        <time>2017-03-28T14:55:55Z</time>
      </trkpt>
      <trkpt lat="44.219879005104303" lon="6.928814006969333">
        <ele>1610</ele>
        <time>2017-03-28T14:56:15Z</time>
      </trkpt>
      <trkpt lat="44.219741960987449" lon="6.929124975576997">
        <ele>1610</ele>
        <time>2017-03-28T14:56:35Z</time>
      </trkpt>
      <trkpt lat="44.219211973249912" lon="6.92923997528851">
        <ele>1620</ele>
        <time>2017-03-28T14:56:55Z</time>
      </trkpt>
      <trkpt lat="44.218903016299009" lon="6.929121958091855">
        <ele>1630</ele>
        <time>2017-03-28T14:57:15Z</time>
      </trkpt>
      <trkpt lat="44.218634041026235" lon="6.928534973412752">
        <ele>1636</ele>
        <time>2017-03-28T14:57:35Z</time>
      </trkpt>
      <trkpt lat="44.218385014683008" lon="6.92792896181345">
        <ele>1635</ele>
        <time>2017-03-28T14:57:55Z</time>
      </trkpt>
      <trkpt lat="44.218263980001211" lon="6.929746996611357">
        <ele>1672</ele>
        <time>2017-03-28T14:58:15Z</time>
      </trkpt>
      <trkpt lat="44.218246964737773" lon="6.930557023733854">
        <ele>1689</ele>
        <time>2017-03-28T14:58:35Z</time>
      </trkpt>
      <trkpt lat="44.218140011653304" lon="6.931532006710768">
        <ele>1704</ele>
        <time>2017-03-28T14:58:55Z</time>
      </trkpt>
      <trkpt lat="44.217966003343463" lon="6.931954035535455">
        <ele>1714</ele>
        <time>2017-03-28T14:59:15Z</time>
      </trkpt>
      <trkpt lat="44.217742960900068" lon="6.932272966951132">
        <ele>1717</ele>
        <time>2017-03-28T14:59:35Z</time>
      </trkpt>
      <trkpt lat="44.217639025300741" lon="6.932676974684">
        <ele>1714</ele>
        <time>2017-03-28T14:59:55Z</time>
      </trkpt>
      <trkpt lat="44.217305006459355" lon="6.932698013260961">
        <ele>1720</ele>
        <time>2017-03-28T15:00:15Z</time>
      </trkpt>
      <trkpt lat="44.21682296320796" lon="6.932885013520718">
        <ele>1722</ele>
        <time>2017-03-28T15:00:35Z</time>
      </trkpt>
      <trkpt lat="44.216132964938879" lon="6.933008981868625">
        <ele>1738</ele>
        <time>2017-03-28T15:00:55Z</time>
      </trkpt>
      <trkpt lat="44.215771034359932" lon="6.933320034295321">
        <ele>1743</ele>
        <time>2017-03-28T15:01:15Z</time>
      </trkpt>
      <trkpt lat="44.214987996965647" lon="6.934465002268553">
        <ele>1760</ele>
        <time>2017-03-28T15:01:35Z</time>
      </trkpt>
      <trkpt lat="44.215053040534258" lon="6.934570027515292">
        <ele>1748</ele>
        <time>2017-03-28T15:01:55Z</time>
      </trkpt>
      <trkpt lat="44.215809004381299" lon="6.934814024716616">
        <ele>1744</ele>
        <time>2017-03-28T15:02:15Z</time>
      </trkpt>
      <trkpt lat="44.216079991310835" lon="6.935119964182377">
        <ele>1735</ele>
        <time>2017-03-28T15:02:35Z</time>
      </trkpt>
      <trkpt lat="44.216108992695808" lon="6.935355998575687">
        <ele>1733</ele>
        <time>2017-03-28T15:02:55Z</time>
      </trkpt>
      <trkpt lat="44.216057024896145" lon="6.935650035738945">
        <ele>1736</ele>
        <time>2017-03-28T15:03:15Z</time>
      </trkpt>
      <trkpt lat="44.215773968026042" lon="6.93602898158133">
        <ele>1754</ele>
        <time>2017-03-28T15:03:35Z</time>
      </trkpt>
      <trkpt lat="44.215476997196674" lon="6.936218999326229">
        <ele>1757</ele>
        <time>2017-03-28T15:03:55Z</time>
      </trkpt>
      <trkpt lat="44.214981039986014" lon="6.936380015686154">
        <ele>1778</ele>
        <time>2017-03-28T15:04:15Z</time>
      </trkpt>
      <trkpt lat="44.214122984558344" lon="6.936902962625027">
        <ele>1804</ele>
        <time>2017-03-28T15:04:35Z</time>
      </trkpt>
      <trkpt lat="44.213955011218786" lon="6.937601007521153">
        <ele>1805</ele>
        <time>2017-03-28T15:04:55Z</time>
      </trkpt>
      <trkpt lat="44.214531015604734" lon="6.938229985535145">
        <ele>1790</ele>
        <time>2017-03-28T15:05:15Z</time>
      </trkpt>
      <trkpt lat="44.215179020538926" lon="6.939175967127085">
        <ele>1796</ele>
        <time>2017-03-28T15:05:35Z</time>
      </trkpt>
      <trkpt lat="44.215183965861797" lon="6.939355004578829">
        <ele>1793</ele>
        <time>2017-03-28T15:05:55Z</time>
      </trkpt>
      <trkpt lat="44.2150370310992" lon="6.939579974859953">
        <ele>1794</ele>
        <time>2017-03-28T15:06:15Z</time>
      </trkpt>
      <trkpt lat="44.214725978672504" lon="6.939783990383148">
        <ele>1820</ele>
        <time>2017-03-28T15:06:35Z</time>
      </trkpt>
      <trkpt lat="44.214474018663168" lon="6.939801005646586">
        <ele>1826</ele>
        <time>2017-03-28T15:06:55Z</time>
      </trkpt>
      <trkpt lat="44.214291041716933" lon="6.939671002328396">
        <ele>1828</ele>
        <time>2017-03-28T15:07:15Z</time>
      </trkpt>
      <trkpt lat="44.214042015373707" lon="6.939106984063983">
        <ele>1834</ele>
        <time>2017-03-28T15:07:35Z</time>
      </trkpt>
      <trkpt lat="44.213833976536989" lon="6.939126010984182">
        <ele>1836</ele>
        <time>2017-03-28T15:07:55Z</time>
      </trkpt>
      <trkpt lat="44.213872030377388" lon="6.939681982621551">
        <ele>1848</ele>
        <time>2017-03-28T15:08:15Z</time>
      </trkpt>
      <trkpt lat="44.213526025414467" lon="6.94025999866426">
        <ele>1850</ele>
        <time>2017-03-28T15:08:35Z</time>
      </trkpt>
      <trkpt lat="44.2133429646492" lon="6.939928997308016">
        <ele>1863</ele>
        <time>2017-03-28T15:08:55Z</time>
      </trkpt>
      <trkpt lat="44.213178008794785" lon="6.939735962077975">
        <ele>1872</ele>
        <time>2017-03-28T15:09:15Z</time>
      </trkpt>
      <trkpt lat="44.21312796883285" lon="6.939536975696683">
        <ele>1871</ele>
        <time>2017-03-28T15:09:35Z</time>
      </trkpt>
      <trkpt lat="44.213051022961736" lon="6.93940001539886">
        <ele>1871</ele>
        <time>2017-03-28T15:09:55Z</time>
      </trkpt>
      <trkpt lat="44.21295597217977" lon="6.939559020102024">
        <ele>1874</ele>
        <time>2017-03-28T15:10:15Z</time>
      </trkpt>
      <trkpt lat="44.212959995493293" lon="6.939874012023211">
        <ele>1876</ele>
        <time>2017-03-28T15:10:35Z</time>
      </trkpt>
      <trkpt lat="44.212537966668606" lon="6.940658977255225">
        <ele>1886</ele>
        <time>2017-03-28T15:10:55Z</time>
      </trkpt>
      <trkpt lat="44.211619980633259" lon="6.942019024863839">
        <ele>1935</ele>
        <time>2017-03-28T15:11:15Z</time>
      </trkpt>
      <trkpt lat="44.211009023711085" lon="6.943279998376966">
        <ele>1942</ele>
        <time>2017-03-28T15:11:35Z</time>
      </trkpt>
      <trkpt lat="44.210712974891067" lon="6.943779978901148">
        <ele>1968</ele>
        <time>2017-03-28T15:11:55Z</time>
      </trkpt>
      <trkpt lat="44.210669975727797" lon="6.944580031558871">
        <ele>1975</ele>
        <time>2017-03-28T15:12:15Z</time>
      </trkpt>
      <trkpt lat="44.210613984614611" lon="6.94468698464334">
        <ele>1976</ele>
        <time>2017-03-28T15:12:35Z</time>
      </trkpt>
      <trkpt lat="44.210279965773225" lon="6.944207036867738">
        <ele>1981</ele>
        <time>2017-03-28T15:12:55Z</time>
      </trkpt>
      <trkpt lat="44.210177036002278" lon="6.943974019959569">
        <ele>1979</ele>
        <time>2017-03-28T15:13:15Z</time>
      </trkpt>
      <trkpt lat="44.209714019671082" lon="6.94337303750217">
        <ele>1997</ele>
        <time>2017-03-28T15:13:35Z</time>
      </trkpt>
      <trkpt lat="44.209635984152555" lon="6.943217972293496">
        <ele>2002</ele>
        <time>2017-03-28T15:13:55Z</time>
      </trkpt>
      <trkpt lat="44.209460970014334" lon="6.943089980632067">
        <ele>2005</ele>
        <time>2017-03-28T15:14:15Z</time>
      </trkpt>
      <trkpt lat="44.209412019699812" lon="6.942782029509544">
        <ele>2008</ele>
        <time>2017-03-28T15:14:35Z</time>
      </trkpt>
      <trkpt lat="44.209209010004997" lon="6.943047987297177">
        <ele>2008</ele>
        <time>2017-03-28T15:14:55Z</time>
      </trkpt>
      <trkpt lat="44.209003988653421" lon="6.942999036982656">
        <ele>2010</ele>
        <time>2017-03-28T15:15:15Z</time>
      </trkpt>
      <trkpt lat="44.208908015862107" lon="6.943260971456766">
        <ele>2009</ele>
        <time>2017-03-28T15:15:35Z</time>
      </trkpt>
      <trkpt lat="44.208705006167293" lon="6.943158963695169">
        <ele>2007</ele>
        <time>2017-03-28T15:15:55Z</time>
      </trkpt>
      <trkpt lat="44.208471989259124" lon="6.942836008965969">
        <ele>2008</ele>
        <time>2017-03-28T15:16:15Z</time>
      </trkpt>
      <trkpt lat="44.207938984036446" lon="6.942556975409389">
        <ele>1990</ele>
        <time>2017-03-28T15:16:35Z</time>
      </trkpt>
      <trkpt lat="44.207588033750653" lon="6.941697997972369">
        <ele>1998</ele>
        <time>2017-03-28T15:16:55Z</time>
      </trkpt>
      <trkpt lat="44.207167010754347" lon="6.940966006368399">
        <ele>1984</ele>
        <time>2017-03-28T15:17:15Z</time>
      </trkpt>
      <trkpt lat="44.206717992201447" lon="6.940406011417508">
        <ele>1994</ele>
        <time>2017-03-28T15:17:35Z</time>
      </trkpt>
      <trkpt lat="44.205818027257919" lon="6.939935032278299">
        <ele>1961</ele>
        <time>2017-03-28T15:17:55Z</time>
      </trkpt>
      <trkpt lat="44.205104978755116" lon="6.939844004809856">
        <ele>1951</ele>
        <time>2017-03-28T15:18:15Z</time>
      </trkpt>
      <trkpt lat="44.204841032624245" lon="6.939777033403516">
        <ele>1940</ele>
        <time>2017-03-28T15:18:35Z</time>
      </trkpt>
      <trkpt lat="44.204527968540788" lon="6.939796982333064">
        <ele>1937</ele>
        <time>2017-03-28T15:18:55Z</time>
      </trkpt>
      <trkpt lat="44.204334011301398" lon="6.939747026190162">
        <ele>1935</ele>
        <time>2017-03-28T15:19:15Z</time>
      </trkpt>
      <trkpt lat="44.204185986891389" lon="6.939568994566798">
        <ele>1938</ele>
        <time>2017-03-28T15:19:35Z</time>
      </trkpt>
      <trkpt lat="44.204196967184544" lon="6.939997980371118">
        <ele>1921</ele>
        <time>2017-03-28T15:19:55Z</time>
      </trkpt>
      <trkpt lat="44.203901002183557" lon="6.939803017303348">
        <ele>1916</ele>
        <time>2017-03-28T15:20:15Z</time>
      </trkpt>
      <trkpt lat="44.20365197584033" lon="6.939505962654948">
        <ele>1916</ele>
        <time>2017-03-28T15:20:35Z</time>
      </trkpt>
      <trkpt lat="44.203236987814307" lon="6.939404960721731">
        <ele>1901</ele>
        <time>2017-03-28T15:20:55Z</time>
      </trkpt>
      <trkpt lat="44.202890982851386" lon="6.939434967935085">
        <ele>1896</ele>
        <time>2017-03-28T15:21:15Z</time>
      </trkpt>
      <trkpt lat="44.202356971800327" lon="6.939682988449931">
        <ele>1879</ele>
        <time>2017-03-28T15:21:35Z</time>
      </trkpt>
      <trkpt lat="44.20204097405076" lon="6.939866971224546">
        <ele>1875</ele>
        <time>2017-03-28T15:21:55Z</time>
      </trkpt>
      <trkpt lat="44.201710978522897" lon="6.939888009801507">
        <ele>1868</ele>
        <time>2017-03-28T15:22:15Z</time>
      </trkpt>
      <trkpt lat="44.201334966346622" lon="6.939844004809856">
        <ele>1863</ele>
        <time>2017-03-28T15:22:35Z</time>
      </trkpt>
      <trkpt lat="44.2010079883039" lon="6.939918017014861">
        <ele>1859</ele>
        <time>2017-03-28T15:22:55Z</time>
      </trkpt>
      <trkpt lat="44.200759967789054" lon="6.939765969291329">
        <ele>1845</ele>
        <time>2017-03-28T15:23:15Z</time>
      </trkpt>
      <trkpt lat="44.200567016378045" lon="6.939093992114067">
        <ele>1840</ele>
        <time>2017-03-28T15:23:35Z</time>
      </trkpt>
      <trkpt lat="44.200435001403093" lon="6.938813030719757">
        <ele>1834</ele>
        <time>2017-03-28T15:23:55Z</time>
      </trkpt>
      <trkpt lat="44.200470959767699" lon="6.938503989949822">
        <ele>1835</ele>
        <time>2017-03-28T15:24:15Z</time>
      </trkpt>
      <trkpt lat="44.20059903524816" lon="6.938268961384893">
        <ele>1834</ele>
        <time>2017-03-28T15:24:35Z</time>
      </trkpt>
      <trkpt lat="44.200859041884542" lon="6.937290038913488">
        <ele>1843</ele>
        <time>2017-03-28T15:24:55Z</time>
      </trkpt>
      <trkpt lat="44.200840014964342" lon="6.936689978465438">
        <ele>1827</ele>
        <time>2017-03-28T15:25:15Z</time>
      </trkpt>
      <trkpt lat="44.200566010549664" lon="6.936378004029393">
        <ele>1812</ele>
        <time>2017-03-28T15:25:35Z</time>
      </trkpt>
      <trkpt lat="44.200439024716616" lon="6.935690017417073">
        <ele>1813</ele>
        <time>2017-03-28T15:25:55Z</time>
      </trkpt>
      <trkpt lat="44.200294017791748" lon="6.935292966663837">
        <ele>1811</ele>
        <time>2017-03-28T15:26:15Z</time>
      </trkpt>
      <trkpt lat="44.200095031410456" lon="6.934885019436479">
        <ele>1807</ele>
        <time>2017-03-28T15:26:35Z</time>
      </trkpt>
      <trkpt lat="44.199924040585756" lon="6.934380009770393">
        <ele>1796</ele>
        <time>2017-03-28T15:26:55Z</time>
      </trkpt>
      <trkpt lat="44.199634026736021" lon="6.934015983715653">
        <ele>1790</ele>
        <time>2017-03-28T15:27:15Z</time>
      </trkpt>
      <trkpt lat="44.199908031150699" lon="6.933307964354754">
        <ele>1780</ele>
        <time>2017-03-28T15:27:35Z</time>
      </trkpt>
      <trkpt lat="44.200279014185071" lon="6.932900017127395">
        <ele>1786</ele>
        <time>2017-03-28T15:27:55Z</time>
      </trkpt>
      <trkpt lat="44.20021103695035" lon="6.932432977482677">
        <ele>1773</ele>
        <time>2017-03-28T15:28:15Z</time>
      </trkpt>
      <trkpt lat="44.20032100751996" lon="6.931508034467697">
        <ele>1769</ele>
        <time>2017-03-28T15:28:35Z</time>
      </trkpt>
      <trkpt lat="44.200241966173053" lon="6.930760033428669">
        <ele>1763</ele>
        <time>2017-03-28T15:28:55Z</time>
      </trkpt>
      <trkpt lat="44.200358977541327" lon="6.930048996582627">
        <ele>1763</ele>
        <time>2017-03-28T15:29:15Z</time>
      </trkpt>
      <trkpt lat="44.200259987264872" lon="6.92887200973928">
        <ele>1760</ele>
        <time>2017-03-28T15:29:35Z</time>
      </trkpt>
      <trkpt lat="44.200412034988403" lon="6.92857101559639">
        <ele>1763</ele>
        <time>2017-03-28T15:29:55Z</time>
      </trkpt>
      <trkpt lat="44.200222017243505" lon="6.928532961755991">
        <ele>1760</ele>
        <time>2017-03-28T15:30:15Z</time>
      </trkpt>
      <trkpt lat="44.200153034180403" lon="6.928211012855172">
        <ele>1762</ele>
        <time>2017-03-28T15:30:35Z</time>
      </trkpt>
      <trkpt lat="44.199932003393769" lon="6.927628973498941">
        <ele>1756</ele>
        <time>2017-03-28T15:30:55Z</time>
      </trkpt>
      <trkpt lat="44.199742991477251" lon="6.927457982674241">
        <ele>1758</ele>
        <time>2017-03-28T15:31:15Z</time>
      </trkpt>
      <trkpt lat="44.199541993439198" lon="6.927163023501635">
        <ele>1757</ele>
        <time>2017-03-28T15:31:35Z</time>
      </trkpt>
      <trkpt lat="44.199540987610817" lon="6.926911985501647">
        <ele>1758</ele>
        <time>2017-03-28T15:31:55Z</time>
      </trkpt>
      <trkpt lat="44.199330015107989" lon="6.926967976614833">
        <ele>1757</ele>
        <time>2017-03-28T15:32:15Z</time>
      </trkpt>
      <trkpt lat="44.199162963777781" lon="6.926764966920018">
        <ele>1757</ele>
        <time>2017-03-28T15:32:35Z</time>
      </trkpt>
      <trkpt lat="44.19881503097713" lon="6.926680980250239">
        <ele>1760</ele>
        <time>2017-03-28T15:32:55Z</time>
      </trkpt>
      <trkpt lat="44.198455028235912" lon="6.926892958581448">
        <ele>1764</ele>
        <time>2017-03-28T15:33:15Z</time>
      </trkpt>
      <trkpt lat="44.198132995516062" lon="6.927675995975733">
        <ele>1763</ele>
        <time>2017-03-28T15:33:35Z</time>
      </trkpt>
      <trkpt lat="44.197855973616242" lon="6.927724024280906">
        <ele>1765</ele>
        <time>2017-03-28T15:33:55Z</time>
      </trkpt>
      <trkpt lat="44.197594039142132" lon="6.927461000159383">
        <ele>1778</ele>
        <time>2017-03-28T15:34:15Z</time>
      </trkpt>
      <trkpt lat="44.197147032245994" lon="6.927318004891276">
        <ele>1784</ele>
        <time>2017-03-28T15:34:35Z</time>
      </trkpt>
      <trkpt lat="44.196907980367541" lon="6.92747600376606">
        <ele>1782</ele>
        <time>2017-03-28T15:34:55Z</time>
      </trkpt>
      <trkpt lat="44.196830028668046" lon="6.927963998168707">
        <ele>1764</ele>
        <time>2017-03-28T15:35:15Z</time>
      </trkpt>
      <trkpt lat="44.19666700065136" lon="6.92814202979207">
        <ele>1759</ele>
        <time>2017-03-28T15:35:35Z</time>
      </trkpt>
      <trkpt lat="44.196199961006641" lon="6.928201960399747">
        <ele>1756</ele>
        <time>2017-03-28T15:35:55Z</time>
      </trkpt>
      <trkpt lat="44.196351002901793" lon="6.928348978981376">
        <ele>1739</ele>
        <time>2017-03-28T15:36:15Z</time>
      </trkpt>
      <trkpt lat="44.19606601819396" lon="6.928454004228115">
        <ele>1738</ele>
        <time>2017-03-28T15:36:35Z</time>
      </trkpt>
      <trkpt lat="44.195757983252406" lon="6.928450986742973">
        <ele>1735</ele>
        <time>2017-03-28T15:36:55Z</time>
      </trkpt>
      <trkpt lat="44.195694029331207" lon="6.92820698954165">
        <ele>1745</ele>
        <time>2017-03-28T15:37:15Z</time>
      </trkpt>
      <trkpt lat="44.19514199718833" lon="6.928517036139965">
        <ele>1722</ele>
        <time>2017-03-28T15:37:35Z</time>
      </trkpt>
      <trkpt lat="44.194881990551949" lon="6.928537990897894">
        <ele>1709</ele>
        <time>2017-03-28T15:37:55Z</time>
      </trkpt>
      <trkpt lat="44.19477797113359" lon="6.928652990609407">
        <ele>1705</ele>
        <time>2017-03-28T15:38:15Z</time>
      </trkpt>
      <trkpt lat="44.194635981693864" lon="6.929165041074157">
        <ele>1700</ele>
        <time>2017-03-28T15:38:35Z</time>
      </trkpt>
      <trkpt lat="44.194630030542612" lon="6.92945497110486">
        <ele>1685</ele>
        <time>2017-03-28T15:38:55Z</time>
      </trkpt>
      <trkpt lat="44.194521987810731" lon="6.929501993581653">
        <ele>1683</ele>
        <time>2017-03-28T15:39:15Z</time>
      </trkpt>
      <trkpt lat="44.193602995947003" lon="6.928331963717938">
        <ele>1683</ele>
        <time>2017-03-28T15:39:35Z</time>
      </trkpt>
      <trkpt lat="44.193023974075913" lon="6.92855198867619">
        <ele>1662</ele>
        <time>2017-03-28T15:39:55Z</time>
      </trkpt>
      <trkpt lat="44.19286304153502" lon="6.928562968969345">
        <ele>1660</ele>
        <time>2017-03-28T15:40:15Z</time>
      </trkpt>
      <trkpt lat="44.192627007141709" lon="6.928966976702213">
        <ele>1659</ele>
        <time>2017-03-28T15:40:35Z</time>
      </trkpt>
      <trkpt lat="44.192460039630532" lon="6.929092034697533">
        <ele>1650</ele>
        <time>2017-03-28T15:40:55Z</time>
      </trkpt>
      <trkpt lat="44.192230962216854" lon="6.929423036053777">
        <ele>1641</ele>
        <time>2017-03-28T15:41:15Z</time>
      </trkpt>
      <trkpt lat="44.192201960831881" lon="6.92971003241837">
        <ele>1640</ele>
        <time>2017-03-28T15:41:35Z</time>
      </trkpt>
      <trkpt lat="44.192135995253921" lon="6.929615987464786">
        <ele>1639</ele>
        <time>2017-03-28T15:41:55Z</time>
      </trkpt>
      <trkpt lat="44.192094001919031" lon="6.929715983569622">
        <ele>1638</ele>
        <time>2017-03-28T15:42:15Z</time>
      </trkpt>
      <trkpt lat="44.191970033571124" lon="6.929550021886826">
        <ele>1636</ele>
        <time>2017-03-28T15:42:35Z</time>
      </trkpt>
      <trkpt lat="44.191645989194512" lon="6.929844981059432">
        <ele>1614</ele>
        <time>2017-03-28T15:42:55Z</time>
      </trkpt>
      <trkpt lat="44.191558985039592" lon="6.929785972461104">
        <ele>1610</ele>
        <time>2017-03-28T15:43:15Z</time>
      </trkpt>
      <trkpt lat="44.191483967006207" lon="6.929874988272786">
        <ele>1610</ele>
        <time>2017-03-28T15:43:35Z</time>
      </trkpt>
      <trkpt lat="44.191468041390181" lon="6.930023012682796">
        <ele>1608</ele>
        <time>2017-03-28T15:43:55Z</time>
      </trkpt>
      <trkpt lat="44.191353041678667" lon="6.929894015192986">
        <ele>1605</ele>
        <time>2017-03-28T15:44:15Z</time>
      </trkpt>
      <trkpt lat="44.191192025318742" lon="6.9298189971596">
        <ele>1599</ele>
        <time>2017-03-28T15:44:35Z</time>
      </trkpt>
      <trkpt lat="44.191123964264989" lon="6.929562008008361">
        <ele>1598</ele>
        <time>2017-03-28T15:44:55Z</time>
      </trkpt>
      <trkpt lat="44.190995972603559" lon="6.929705003276467">
        <ele>1594</ele>
        <time>2017-03-28T15:45:15Z</time>
      </trkpt>
      <trkpt lat="44.190876027569175" lon="6.929584974423051">
        <ele>1593</ele>
        <time>2017-03-28T15:45:35Z</time>
      </trkpt>
      <trkpt lat="44.190970994532108" lon="6.929126987233758">
        <ele>1587</ele>
        <time>2017-03-28T15:45:55Z</time>
      </trkpt>
      <trkpt lat="44.190922966226935" lon="6.929004024714232">
        <ele>1588</ele>
        <time>2017-03-28T15:46:15Z</time>
      </trkpt>
      <trkpt lat="44.190913997590542" lon="6.928741000592709">
        <ele>1589</ele>
        <time>2017-03-28T15:46:35Z</time>
      </trkpt>
      <trkpt lat="44.190754992887378" lon="6.928556011989713">
        <ele>1562</ele>
        <time>2017-03-28T15:46:55Z</time>
      </trkpt>
      <trkpt lat="44.190711993724108" lon="6.928127026185393">
        <ele>1559</ele>
        <time>2017-03-28T15:47:15Z</time>
      </trkpt>
      <trkpt lat="44.19054301455617" lon="6.927674990147352">
        <ele>1554</ele>
        <time>2017-03-28T15:47:35Z</time>
      </trkpt>
      <trkpt lat="44.190559023991227" lon="6.92739000543952">
        <ele>1556</ele>
        <time>2017-03-28T15:47:55Z</time>
      </trkpt>
      <trkpt lat="44.190471014007926" lon="6.927246004343033">
        <ele>1553</ele>
        <time>2017-03-28T15:48:15Z</time>
      </trkpt>
      <trkpt lat="44.190306980162859" lon="6.92724097520113">
        <ele>1550</ele>
        <time>2017-03-28T15:48:35Z</time>
      </trkpt>
      <trkpt lat="44.190282002091408" lon="6.927490001544356">
        <ele>1548</ele>
        <time>2017-03-28T15:48:55Z</time>
      </trkpt>
      <trkpt lat="44.190163984894753" lon="6.92743300460279">
        <ele>1544</ele>
        <time>2017-03-28T15:49:15Z</time>
      </trkpt>
      <trkpt lat="44.189905989915133" lon="6.927758976817131">
        <ele>1526</ele>
        <time>2017-03-28T15:49:35Z</time>
      </trkpt>
      <trkpt lat="44.189775986596942" lon="6.927831983193755">
        <ele>1524</ele>
        <time>2017-03-28T15:49:55Z</time>
      </trkpt>
      <trkpt lat="44.189583035185933" lon="6.928137000650168">
        <ele>1521</ele>
        <time>2017-03-28T15:50:15Z</time>
      </trkpt>
      <trkpt lat="44.189609019085765" lon="6.928328024223447">
        <ele>1521</ele>
        <time>2017-03-28T15:50:35Z</time>
      </trkpt>
      <trkpt lat="44.189498964697123" lon="6.928684003651142">
        <ele>1517</ele>
        <time>2017-03-28T15:50:55Z</time>
      </trkpt>
      <trkpt lat="44.189324034377933" lon="6.928761033341289">
        <ele>1515</ele>
        <time>2017-03-28T15:51:15Z</time>
      </trkpt>
      <trkpt lat="44.189037038013339" lon="6.928732031956315">
        <ele>1499</ele>
        <time>2017-03-28T15:51:35Z</time>
      </trkpt>
      <trkpt lat="44.188919020816684" lon="6.928563974797726">
        <ele>1499</ele>
        <time>2017-03-28T15:51:55Z</time>
      </trkpt>
      <trkpt lat="44.188951961696148" lon="6.928040022030473">
        <ele>1500</ele>
        <time>2017-03-28T15:52:15Z</time>
      </trkpt>
      <trkpt lat="44.188953973352909" lon="6.927526965737343">
        <ele>1502</ele>
        <time>2017-03-28T15:52:35Z</time>
      </trkpt>
      <trkpt lat="44.188836039975286" lon="6.927511040121317">
        <ele>1499</ele>
        <time>2017-03-28T15:52:55Z</time>
      </trkpt>
      <trkpt lat="44.188737971708179" lon="6.927660992369056">
        <ele>1497</ele>
        <time>2017-03-28T15:53:15Z</time>
      </trkpt>
      <trkpt lat="44.188140006735921" lon="6.92810095846653">
        <ele>1481</ele>
        <time>2017-03-28T15:53:35Z</time>
      </trkpt>
      <trkpt lat="44.18794303201139" lon="6.928116967901588">
        <ele>1479</ele>
        <time>2017-03-28T15:53:55Z</time>
      </trkpt>
      <trkpt lat="44.187872959300876" lon="6.927877999842167">
        <ele>1478</ele>
        <time>2017-03-28T15:54:15Z</time>
      </trkpt>
      <trkpt lat="44.187912018969655" lon="6.927440967410803">
        <ele>1478</ele>
        <time>2017-03-28T15:54:35Z</time>
      </trkpt>
      <trkpt lat="44.187705991789699" lon="6.927517997100949">
        <ele>1476</ele>
        <time>2017-03-28T15:54:55Z</time>
      </trkpt>
      <trkpt lat="44.18751304037869" lon="6.927287997677922">
        <ele>1475</ele>
        <time>2017-03-28T15:55:15Z</time>
      </trkpt>
      <trkpt lat="44.187416983768344" lon="6.927265031263232">
        <ele>1480</ele>
        <time>2017-03-28T15:55:35Z</time>
      </trkpt>
      <trkpt lat="44.187382031232119" lon="6.927080964669585">
        <ele>1481</ele>
        <time>2017-03-28T15:55:55Z</time>
      </trkpt>
      <trkpt lat="44.187206011265516" lon="6.927153971046209">
        <ele>1483</ele>
        <time>2017-03-28T15:56:15Z</time>
      </trkpt>
      <trkpt lat="44.187083970755339" lon="6.926815006881952">
        <ele>1484</ele>
        <time>2017-03-28T15:56:35Z</time>
      </trkpt>
      <trkpt lat="44.186941981315613" lon="6.926707969978452">
        <ele>1485</ele>
        <time>2017-03-28T15:56:55Z</time>
      </trkpt>
      <trkpt lat="44.186893031001091" lon="6.926482999697328">
        <ele>1485</ele>
        <time>2017-03-28T15:57:15Z</time>
      </trkpt>
      <trkpt lat="44.18680896051228" lon="6.926450980827212">
        <ele>1486</ele>
        <time>2017-03-28T15:57:35Z</time>
      </trkpt>
      <trkpt lat="44.186697984114289" lon="6.926536979153752">
        <ele>1486</ele>
        <time>2017-03-28T15:57:55Z</time>
      </trkpt>
      <trkpt lat="44.186475025489926" lon="6.926364982500672">
        <ele>1493</ele>
        <time>2017-03-28T15:58:15Z</time>
      </trkpt>
      <trkpt lat="44.186324989423156" lon="6.926140012219548">
        <ele>1493</ele>
        <time>2017-03-28T15:58:35Z</time>
      </trkpt>
      <trkpt lat="44.185871025547385" lon="6.926025012508035">
        <ele>1494</ele>
        <time>2017-03-28T15:58:55Z</time>
      </trkpt>
      <trkpt lat="44.185666004195809" lon="6.926313014701009">
        <ele>1506</ele>
        <time>2017-03-28T15:59:15Z</time>
      </trkpt>
      <trkpt lat="44.185612024739385" lon="6.926570003852248">
        <ele>1509</ele>
        <time>2017-03-28T15:59:35Z</time>
      </trkpt>
      <trkpt lat="44.185068961232901" lon="6.926644016057253">
        <ele>1516</ele>
        <time>2017-03-28T15:59:55Z</time>
      </trkpt>
      <trkpt lat="44.184848014265299" lon="6.926771001890302">
        <ele>1534</ele>
        <time>2017-03-28T16:00:15Z</time>
      </trkpt>
      <trkpt lat="44.184751035645604" lon="6.926634041592479">
        <ele>1522</ele>
        <time>2017-03-28T16:00:35Z</time>
      </trkpt>
      <trkpt lat="44.183930028229952" lon="6.926443018019199">
        <ele>1540</ele>
        <time>2017-03-28T16:00:55Z</time>
      </trkpt>
      <trkpt lat="44.183670021593571" lon="6.926679974421859">
        <ele>1564</ele>
        <time>2017-03-28T16:01:15Z</time>
      </trkpt>
      <trkpt lat="44.183330973610282" lon="6.926777958869934">
        <ele>1570</ele>
        <time>2017-03-28T16:01:35Z</time>
      </trkpt>
      <trkpt lat="44.183178003877401" lon="6.926608979701996">
        <ele>1559</ele>
        <time>2017-03-28T16:01:55Z</time>
      </trkpt>
      <trkpt lat="44.182690009474754" lon="6.926849959418178">
        <ele>1585</ele>
        <time>2017-03-28T16:02:15Z</time>
      </trkpt>
      <trkpt lat="44.182160021737218" lon="6.926860017701984">
        <ele>1598</ele>
        <time>2017-03-28T16:02:35Z</time>
      </trkpt>
      <trkpt lat="44.181903032585979" lon="6.92674501799047">
        <ele>1598</ele>
        <time>2017-03-28T16:02:55Z</time>
      </trkpt>
      <trkpt lat="44.181529032066464" lon="6.926812995225191">
        <ele>1603</ele>
        <time>2017-03-28T16:03:15Z</time>
      </trkpt>
      <trkpt lat="44.181204987689853" lon="6.926966970786452">
        <ele>1609</ele>
        <time>2017-03-28T16:03:35Z</time>
      </trkpt>
      <trkpt lat="44.180926959961653" lon="6.927036037668586">
        <ele>1611</ele>
        <time>2017-03-28T16:03:55Z</time>
      </trkpt>
      <trkpt lat="44.180397978052497" lon="6.926769996061921">
        <ele>1616</ele>
        <time>2017-03-28T16:04:15Z</time>
      </trkpt>
      <trkpt lat="44.179649977013469" lon="6.926746023818851">
        <ele>1625</ele>
        <time>2017-03-28T16:04:35Z</time>
      </trkpt>
      <trkpt lat="44.178940029814839" lon="6.926679974421859">
        <ele>1621</ele>
        <time>2017-03-28T16:04:55Z</time>
      </trkpt>
      <trkpt lat="44.178870962932706" lon="6.926809977740049">
        <ele>1623</ele>
        <time>2017-03-28T16:05:15Z</time>
      </trkpt>
      <trkpt lat="44.178778007626534" lon="6.926706964150071">
        <ele>1622</ele>
        <time>2017-03-28T16:05:35Z</time>
      </trkpt>
      <trkpt lat="44.178583966568112" lon="6.926818024367094">
        <ele>1621</ele>
        <time>2017-03-28T16:05:55Z</time>
      </trkpt>
      <trkpt lat="44.178256988525391" lon="6.927222032099962">
        <ele>1627</ele>
        <time>2017-03-28T16:06:15Z</time>
      </trkpt>
      <trkpt lat="44.178199991583824" lon="6.927569964900613">
        <ele>1643</ele>
        <time>2017-03-28T16:06:35Z</time>
      </trkpt>
      <trkpt lat="44.178027994930744" lon="6.927654035389423">
        <ele>1649</ele>
        <time>2017-03-28T16:06:55Z</time>
      </trkpt>
      <trkpt lat="44.177532037720084" lon="6.927611036226153">
        <ele>1646</ele>
        <time>2017-03-28T16:07:15Z</time>
      </trkpt>
      <trkpt lat="44.176688985899091" lon="6.92779996432364">
        <ele>1667</ele>
        <time>2017-03-28T16:07:35Z</time>
      </trkpt>
      <trkpt lat="44.17612798511982" lon="6.927796024829149">
        <ele>1678</ele>
        <time>2017-03-28T16:07:55Z</time>
      </trkpt>
      <trkpt lat="44.175878958776593" lon="6.927912030369043">
        <ele>1681</ele>
        <time>2017-03-28T16:08:15Z</time>
      </trkpt>
      <trkpt lat="44.175800001248717" lon="6.92801202647388">
        <ele>1694</ele>
        <time>2017-03-28T16:08:35Z</time>
      </trkpt>
      <trkpt lat="44.175614006817341" lon="6.92799299955368">
        <ele>1695</ele>
        <time>2017-03-28T16:08:55Z</time>
      </trkpt>
      <trkpt lat="44.175431029871106" lon="6.928133983165026">
        <ele>1698</ele>
        <time>2017-03-28T16:09:15Z</time>
      </trkpt>
      <trkpt lat="44.175259033218026" lon="6.928157033398747">
        <ele>1700</ele>
        <time>2017-03-28T16:09:35Z</time>
      </trkpt>
      <trkpt lat="44.175087036564946" lon="6.928259963169694">
        <ele>1702</ele>
        <time>2017-03-28T16:09:55Z</time>
      </trkpt>
      <trkpt lat="44.174885032698512" lon="6.928196009248495">
        <ele>1712</ele>
        <time>2017-03-28T16:10:15Z</time>
      </trkpt>
      <trkpt lat="44.174746982753277" lon="6.928329030051827">
        <ele>1713</ele>
        <time>2017-03-28T16:10:35Z</time>
      </trkpt>
      <trkpt lat="44.174543973058462" lon="6.928375968709588">
        <ele>1721</ele>
        <time>2017-03-28T16:10:55Z</time>
      </trkpt>
      <trkpt lat="44.174062013626099" lon="6.928848959505558">
        <ele>1730</ele>
        <time>2017-03-28T16:11:15Z</time>
      </trkpt>
      <trkpt lat="44.173767976462841" lon="6.929033026099205">
        <ele>1731</ele>
        <time>2017-03-28T16:11:35Z</time>
      </trkpt>
      <trkpt lat="44.173224996775389" lon="6.929748002439737">
        <ele>1741</ele>
        <time>2017-03-28T16:11:55Z</time>
      </trkpt>
      <trkpt lat="44.173035984858871" lon="6.929915975779295">
        <ele>1742</ele>
        <time>2017-03-28T16:12:15Z</time>
      </trkpt>
      <trkpt lat="44.17296901345253" lon="6.930120997130871">
        <ele>1746</ele>
        <time>2017-03-28T16:12:35Z</time>
      </trkpt>
      <trkpt lat="44.172667013481259" lon="6.930425008758903">
        <ele>1748</ele>
        <time>2017-03-28T16:12:55Z</time>
      </trkpt>
      <trkpt lat="44.172566011548042" lon="6.930214036256075">
        <ele>1746</ele>
        <time>2017-03-28T16:13:15Z</time>
      </trkpt>
      <trkpt lat="44.172144988551736" lon="6.930622989311814">
        <ele>1753</ele>
        <time>2017-03-28T16:13:35Z</time>
      </trkpt>
      <trkpt lat="44.172067036852241" lon="6.930775037035346">
        <ele>1753</ele>
        <time>2017-03-28T16:13:55Z</time>
      </trkpt>
      <trkpt lat="44.171806024387479" lon="6.930760033428669">
        <ele>1754</ele>
        <time>2017-03-28T16:14:15Z</time>
      </trkpt>
      <trkpt lat="44.171497989445925" lon="6.9309570081532">
        <ele>1759</ele>
        <time>2017-03-28T16:14:35Z</time>
      </trkpt>
      <trkpt lat="44.171364968642592" lon="6.930938987061381">
        <ele>1762</ele>
        <time>2017-03-28T16:14:55Z</time>
      </trkpt>
      <trkpt lat="44.171160031110048" lon="6.931006964296103">
        <ele>1766</ele>
        <time>2017-03-28T16:15:15Z</time>
      </trkpt>
      <trkpt lat="44.170974036678672" lon="6.930904034525156">
        <ele>1772</ele>
        <time>2017-03-28T16:15:35Z</time>
      </trkpt>
      <trkpt lat="44.170668013393879" lon="6.931144008412957">
        <ele>1787</ele>
        <time>2017-03-28T16:15:55Z</time>
      </trkpt>
      <trkpt lat="44.170600958168507" lon="6.931124981492758">
        <ele>1788</ele>
        <time>2017-03-28T16:16:15Z</time>
      </trkpt>
      <trkpt lat="44.17036903090775" lon="6.931266970932484">
        <ele>1792</ele>
        <time>2017-03-28T16:16:35Z</time>
      </trkpt>
      <trkpt lat="44.169857986271381" lon="6.931838029995561">
        <ele>1806</ele>
        <time>2017-03-28T16:16:55Z</time>
      </trkpt>
      <trkpt lat="44.169690012931824" lon="6.931913970038295">
        <ele>1811</ele>
        <time>2017-03-28T16:17:15Z</time>
      </trkpt>
      <trkpt lat="44.169672997668386" lon="6.931779021397233">
        <ele>1812</ele>
        <time>2017-03-28T16:17:35Z</time>
      </trkpt>
      <trkpt lat="44.169284999370575" lon="6.932097030803561">
        <ele>1818</ele>
        <time>2017-03-28T16:17:55Z</time>
      </trkpt>
      <trkpt lat="44.169018035754561" lon="6.932398024946451">
        <ele>1841</ele>
        <time>2017-03-28T16:18:15Z</time>
      </trkpt>
      <trkpt lat="44.168740008026361" lon="6.932539008557797">
        <ele>1847</ele>
        <time>2017-03-28T16:18:35Z</time>
      </trkpt>
      <trkpt lat="44.168704971671104" lon="6.932847965508699">
        <ele>1846</ele>
        <time>2017-03-28T16:18:55Z</time>
      </trkpt>
      <trkpt lat="44.168548984453082" lon="6.933090034872294">
        <ele>1851</ele>
        <time>2017-03-28T16:19:15Z</time>
      </trkpt>
      <trkpt lat="44.168574968352914" lon="6.933294972404838">
        <ele>1851</ele>
        <time>2017-03-28T16:19:35Z</time>
      </trkpt>
      <trkpt lat="44.168467009440064" lon="6.933551961556077">
        <ele>1850</ele>
        <time>2017-03-28T16:19:55Z</time>
      </trkpt>
      <trkpt lat="44.168424010276794" lon="6.933847004547715">
        <ele>1849</ele>
        <time>2017-03-28T16:20:15Z</time>
      </trkpt>
      <trkpt lat="44.168288977816701" lon="6.934313038364053">
        <ele>1869</ele>
        <time>2017-03-28T16:20:35Z</time>
      </trkpt>
      <trkpt lat="44.168073982000351" lon="6.934514958411455">
        <ele>1875</ele>
        <time>2017-03-28T16:20:55Z</time>
      </trkpt>
      <trkpt lat="44.1678970400244" lon="6.934792986139655">
        <ele>1877</ele>
        <time>2017-03-28T16:21:15Z</time>
      </trkpt>
      <trkpt lat="44.167499989271164" lon="6.935090040788055">
        <ele>1889</ele>
        <time>2017-03-28T16:21:35Z</time>
      </trkpt>
      <trkpt lat="44.167441986501217" lon="6.935346024110913">
        <ele>1892</ele>
        <time>2017-03-28T16:21:55Z</time>
      </trkpt>
      <trkpt lat="44.167148033156991" lon="6.935674007982016">
        <ele>1894</ele>
        <time>2017-03-28T16:22:15Z</time>
      </trkpt>
      <trkpt lat="44.166946029290557" lon="6.936120009049773">
        <ele>1895</ele>
        <time>2017-03-28T16:22:35Z</time>
      </trkpt>
      <trkpt lat="44.166844021528959" lon="6.936059994623065">
        <ele>1897</ele>
        <time>2017-03-28T16:22:55Z</time>
      </trkpt>
      <trkpt lat="44.166645035147667" lon="6.936355959624052">
        <ele>1917</ele>
        <time>2017-03-28T16:23:15Z</time>
      </trkpt>
      <trkpt lat="44.166575968265533" lon="6.936395019292831">
        <ele>1917</ele>
        <time>2017-03-28T16:23:35Z</time>
      </trkpt>
      <trkpt lat="44.166431967169046" lon="6.936644967645407">
        <ele>1919</ele>
        <time>2017-03-28T16:23:55Z</time>
      </trkpt>
      <trkpt lat="44.16641604155302" lon="6.937004970386624">
        <ele>1929</ele>
        <time>2017-03-28T16:24:15Z</time>
      </trkpt>
      <trkpt lat="44.166569011285901" lon="6.937379976734519">
        <ele>1930</ele>
        <time>2017-03-28T16:24:35Z</time>
      </trkpt>
      <trkpt lat="44.166488964110613" lon="6.938029993325472">
        <ele>1940</ele>
        <time>2017-03-28T16:24:55Z</time>
      </trkpt>
      <trkpt lat="44.166320990771055" lon="6.938099982216954">
        <ele>1942</ele>
        <time>2017-03-28T16:25:15Z</time>
      </trkpt>
      <trkpt lat="44.166099037975073" lon="6.937934020534158">
        <ele>1944</ele>
        <time>2017-03-28T16:25:35Z</time>
      </trkpt>
      <trkpt lat="44.165888987481594" lon="6.93841002881527">
        <ele>1950</ele>
        <time>2017-03-28T16:25:55Z</time>
      </trkpt>
      <trkpt lat="44.165806006640196" lon="6.938943034037948">
        <ele>1961</ele>
        <time>2017-03-28T16:26:15Z</time>
      </trkpt>
      <trkpt lat="44.165676003322005" lon="6.939475033432245">
        <ele>1964</ele>
        <time>2017-03-28T16:26:35Z</time>
      </trkpt>
      <trkpt lat="44.165749009698629" lon="6.939796982333064">
        <ele>1964</ele>
        <time>2017-03-28T16:26:55Z</time>
      </trkpt>
      <trkpt lat="44.165650019422174" lon="6.939968978986144">
        <ele>1964</ele>
        <time>2017-03-28T16:27:15Z</time>
      </trkpt>
      <trkpt lat="44.165698969736695" lon="6.940220016986132">
        <ele>1964</ele>
        <time>2017-03-28T16:27:35Z</time>
      </trkpt>
      <trkpt lat="44.165569972246885" lon="6.940411040559411">
        <ele>1965</ele>
        <time>2017-03-28T16:27:55Z</time>
      </trkpt>
      <trkpt lat="44.165527978911996" lon="6.940799038857222">
        <ele>1964</ele>
        <time>2017-03-28T16:28:15Z</time>
      </trkpt>
      <trkpt lat="44.165444998070598" lon="6.941089974716306">
        <ele>1960</ele>
        <time>2017-03-28T16:28:35Z</time>
      </trkpt>
      <trkpt lat="44.165409039705992" lon="6.941379988566041">
        <ele>1959</ele>
        <time>2017-03-28T16:28:55Z</time>
      </trkpt>
      <trkpt lat="44.16521399281919" lon="6.941649969667196">
        <ele>1962</ele>
        <time>2017-03-28T16:29:15Z</time>
      </trkpt>
      <trkpt lat="44.165039984509349" lon="6.942305015400052">
        <ele>1956</ele>
        <time>2017-03-28T16:29:35Z</time>
      </trkpt>
      <trkpt lat="44.165006959810853" lon="6.942598968744278">
        <ele>1957</ele>
        <time>2017-03-28T16:29:55Z</time>
      </trkpt>
      <trkpt lat="44.164923978969455" lon="6.942829973995686">
        <ele>1970</ele>
        <time>2017-03-28T16:30:15Z</time>
      </trkpt>
      <trkpt lat="44.165130006149411" lon="6.943507986143231">
        <ele>1963</ele>
        <time>2017-03-28T16:30:35Z</time>
      </trkpt>
      <trkpt lat="44.165001008659601" lon="6.944608027115464">
        <ele>1969</ele>
        <time>2017-03-28T16:30:55Z</time>
      </trkpt>
      <trkpt lat="44.164820965379477" lon="6.94507397711277">
        <ele>1976</ele>
        <time>2017-03-28T16:31:15Z</time>
      </trkpt>
      <trkpt lat="44.164630025625229" lon="6.945310011506081">
        <ele>1980</ele>
        <time>2017-03-28T16:31:35Z</time>
      </trkpt>
      <trkpt lat="44.164434978738427" lon="6.945803035050631">
        <ele>1982</ele>
        <time>2017-03-28T16:31:55Z</time>
      </trkpt>
      <trkpt lat="44.164456017315388" lon="6.945943012833595">
        <ele>1985</ele>
        <time>2017-03-28T16:32:15Z</time>
      </trkpt>
      <trkpt lat="44.164623990654945" lon="6.945985006168485">
        <ele>1985</ele>
        <time>2017-03-28T16:32:35Z</time>
      </trkpt>
      <trkpt lat="44.164686016738415" lon="6.94649001583457">
        <ele>1988</ele>
        <time>2017-03-28T16:32:55Z</time>
      </trkpt>
      <trkpt lat="44.164593983441591" lon="6.946725966408849">
        <ele>1999</ele>
        <time>2017-03-28T16:33:15Z</time>
      </trkpt>
      <trkpt lat="44.164737984538078" lon="6.947059985250235">
        <ele>2002</ele>
        <time>2017-03-28T16:33:35Z</time>
      </trkpt>
      <trkpt lat="44.164863964542747" lon="6.94670501165092">
        <ele>1995</ele>
        <time>2017-03-28T16:33:55Z</time>
      </trkpt>
      <trkpt lat="44.165035961195827" lon="6.946446010842919">
        <ele>1993</ele>
        <time>2017-03-28T16:34:15Z</time>
      </trkpt>
      <trkpt lat="44.165168981999159" lon="6.946485992521048">
        <ele>1994</ele>
        <time>2017-03-28T16:34:35Z</time>
      </trkpt>
      <trkpt lat="44.165151966735721" lon="6.946792015805841">
        <ele>2004</ele>
        <time>2017-03-28T16:34:55Z</time>
      </trkpt>
      <trkpt lat="44.165000002831221" lon="6.947129974141717">
        <ele>2003</ele>
        <time>2017-03-28T16:35:15Z</time>
      </trkpt>
      <trkpt lat="44.165417002514005" lon="6.947162998840213">
        <ele>2017</ele>
        <time>2017-03-28T16:35:35Z</time>
      </trkpt>
      <trkpt lat="44.165552034974098" lon="6.947119999676943">
        <ele>2018</ele>
        <time>2017-03-28T16:35:55Z</time>
      </trkpt>
      <trkpt lat="44.165717996656895" lon="6.946981027722359">
        <ele>2018</ele>
        <time>2017-03-28T16:36:15Z</time>
      </trkpt>
      <trkpt lat="44.165726965293288" lon="6.947142966091633">
        <ele>2021</ele>
        <time>2017-03-28T16:36:35Z</time>
      </trkpt>
      <trkpt lat="44.165866021066904" lon="6.947115976363421">
        <ele>2041</ele>
        <time>2017-03-28T16:36:55Z</time>
      </trkpt>
      <trkpt lat="44.166019996628165" lon="6.947208009660244">
        <ele>2044</ele>
        <time>2017-03-28T16:37:15Z</time>
      </trkpt>
      <trkpt lat="44.165916983038187" lon="6.947358967736363">
        <ele>2043</ele>
        <time>2017-03-28T16:37:35Z</time>
      </trkpt>
      <trkpt lat="44.165886975824833" lon="6.947520989924669">
        <ele>2047</ele>
        <time>2017-03-28T16:37:55Z</time>
      </trkpt>
      <trkpt lat="44.165717996656895" lon="6.947899013757706">
        <ele>2048</ele>
        <time>2017-03-28T16:38:15Z</time>
      </trkpt>
      <trkpt lat="44.165452038869262" lon="6.948154997080565">
        <ele>2049</ele>
        <time>2017-03-28T16:38:35Z</time>
      </trkpt>
      <trkpt lat="44.165353970602155" lon="6.948335962370038">
        <ele>2069</ele>
        <time>2017-03-28T16:38:55Z</time>
      </trkpt>
      <trkpt lat="44.165081977844238" lon="6.948524974286556">
        <ele>2065</ele>
        <time>2017-03-28T16:39:15Z</time>
      </trkpt>
      <trkpt lat="44.165026992559433" lon="6.948742987588048">
        <ele>2072</ele>
        <time>2017-03-28T16:39:35Z</time>
      </trkpt>
      <trkpt lat="44.16521399281919" lon="6.948700994253159">
        <ele>2073</ele>
        <time>2017-03-28T16:39:55Z</time>
      </trkpt>
      <trkpt lat="44.165454972535372" lon="6.948739970102906">
        <ele>2076</ele>
        <time>2017-03-28T16:40:15Z</time>
      </trkpt>
      <trkpt lat="44.165217010304332" lon="6.949054040014744">
        <ele>2079</ele>
        <time>2017-03-28T16:40:35Z</time>
      </trkpt>
      <trkpt lat="44.165222039446235" lon="6.94924003444612">
        <ele>2094</ele>
        <time>2017-03-28T16:40:55Z</time>
      </trkpt>
      <trkpt lat="44.165610959753394" lon="6.949222013354302">
        <ele>2098</ele>
        <time>2017-03-28T16:41:15Z</time>
      </trkpt>
      <trkpt lat="44.165622023865581" lon="6.949506998062134">
        <ele>2101</ele>
        <time>2017-03-28T16:41:35Z</time>
      </trkpt>
      <trkpt lat="44.165780022740364" lon="6.949530970305204">
        <ele>2103</ele>
        <time>2017-03-28T16:41:55Z</time>
      </trkpt>
      <trkpt lat="44.165896028280258" lon="6.949481014162302">
        <ele>2113</ele>
        <time>2017-03-28T16:42:15Z</time>
      </trkpt>
      <trkpt lat="44.166048998013139" lon="6.949517978355289">
        <ele>2115</ele>
        <time>2017-03-28T16:42:35Z</time>
      </trkpt>
      <trkpt lat="44.165911031886935" lon="6.949653010815382">
        <ele>2117</ele>
        <time>2017-03-28T16:42:55Z</time>
      </trkpt>
      <trkpt lat="44.165871972218156" lon="6.949873035773635">
        <ele>2120</ele>
        <time>2017-03-28T16:43:15Z</time>
      </trkpt>
      <trkpt lat="44.165970040485263" lon="6.94984101690352">
        <ele>2120</ele>
        <time>2017-03-28T16:43:35Z</time>
      </trkpt>
      <trkpt lat="44.166114963591099" lon="6.949905976653099">
        <ele>2121</ele>
        <time>2017-03-28T16:43:55Z</time>
      </trkpt>
      <trkpt lat="44.165992001071572" lon="6.95001401938498">
        <ele>2135</ele>
        <time>2017-03-28T16:44:15Z</time>
      </trkpt>
      <trkpt lat="44.166127033531666" lon="6.95007897913456">
        <ele>2143</ele>
        <time>2017-03-28T16:44:35Z</time>
      </trkpt>
      <trkpt lat="44.166023014113307" lon="6.950155002996326">
        <ele>2141</ele>
        <time>2017-03-28T16:44:55Z</time>
      </trkpt>
      <trkpt lat="44.165996024385095" lon="6.950359018519521">
        <ele>2148</ele>
        <time>2017-03-28T16:45:15Z</time>
      </trkpt>
      <trkpt lat="44.1657729819417" lon="6.950541995465756">
        <ele>2142</ele>
        <time>2017-03-28T16:45:35Z</time>
      </trkpt>
      <trkpt lat="44.165541976690292" lon="6.950660012662411">
        <ele>2142</ele>
        <time>2017-03-28T16:45:55Z</time>
      </trkpt>
      <trkpt lat="44.165593022480607" lon="6.950749028474093">
        <ele>2145</ele>
        <time>2017-03-28T16:46:15Z</time>
      </trkpt>
      <trkpt lat="44.165295967832208" lon="6.950911972671747">
        <ele>2167</ele>
        <time>2017-03-28T16:46:35Z</time>
      </trkpt>
      <trkpt lat="44.165158001706004" lon="6.95108899846673">
        <ele>2168</ele>
        <time>2017-03-28T16:46:55Z</time>
      </trkpt>
      <trkpt lat="44.164696997031569" lon="6.951224030926824">
        <ele>2170</ele>
        <time>2017-03-28T16:47:15Z</time>
      </trkpt>
      <trkpt lat="44.164359960705042" lon="6.951700961217284">
        <ele>2200</ele>
        <time>2017-03-28T16:47:35Z</time>
      </trkpt>
      <trkpt lat="44.164287960156798" lon="6.951588978990912">
        <ele>2182</ele>
        <time>2017-03-28T16:47:55Z</time>
      </trkpt>
      <trkpt lat="44.164131972938776" lon="6.951562995091081">
        <ele>2185</ele>
        <time>2017-03-28T16:48:15Z</time>
      </trkpt>
      <trkpt lat="44.164127027615905" lon="6.951744966208935">
        <ele>2196</ele>
        <time>2017-03-28T16:48:35Z</time>
      </trkpt>
      <trkpt lat="44.163780016824603" lon="6.952204965054989">
        <ele>2211</ele>
        <time>2017-03-28T16:48:55Z</time>
      </trkpt>
      <trkpt lat="44.163963999599218" lon="6.952278977259994">
        <ele>2213</ele>
        <time>2017-03-28T16:49:15Z</time>
      </trkpt>
      <trkpt lat="44.163822010159492" lon="6.952419960871339">
        <ele>2214</ele>
        <time>2017-03-28T16:49:35Z</time>
      </trkpt>
      <trkpt lat="44.163723019883037" lon="6.952648032456636">
        <ele>2234</ele>
        <time>2017-03-28T16:49:55Z</time>
      </trkpt>
      <trkpt lat="44.163848999887705" lon="6.952751968055964">
        <ele>2236</ele>
        <time>2017-03-28T16:50:15Z</time>
      </trkpt>
      <trkpt lat="44.163707010447979" lon="6.952993031591177">
        <ele>2240</ele>
        <time>2017-03-28T16:50:35Z</time>
      </trkpt>
      <trkpt lat="44.163372991606593" lon="6.953251026570797">
        <ele>2243</ele>
        <time>2017-03-28T16:50:55Z</time>
      </trkpt>
      <trkpt lat="44.1630669683218" lon="6.953658973798156">
        <ele>2249</ele>
        <time>2017-03-28T16:51:15Z</time>
      </trkpt>
      <trkpt lat="44.16278600692749" lon="6.953660985454917">
        <ele>2247</ele>
        <time>2017-03-28T16:51:35Z</time>
      </trkpt>
      <trkpt lat="44.162543015554547" lon="6.954059964045882">
        <ele>2245</ele>
        <time>2017-03-28T16:51:55Z</time>
      </trkpt>
      <trkpt lat="44.162322990596294" lon="6.953843040391803">
        <ele>2242</ele>
        <time>2017-03-28T16:52:15Z</time>
      </trkpt>
      <trkpt lat="44.161918982863426" lon="6.953648999333382">
        <ele>2244</ele>
        <time>2017-03-28T16:52:35Z</time>
      </trkpt>
      <trkpt lat="44.161457978188992" lon="6.953558977693319">
        <ele>2251</ele>
        <time>2017-03-28T16:52:55Z</time>
      </trkpt>
      <trkpt lat="44.160493975505233" lon="6.954239001497626">
        <ele>2252</ele>
        <time>2017-03-28T16:53:15Z</time>
      </trkpt>
      <trkpt lat="44.158099014312029" lon="6.953920992091298">
        <ele>2268</ele>
        <time>2017-03-28T16:53:35Z</time>
      </trkpt>
      <trkpt lat="44.158249972388148" lon="6.953664002940059">
        <ele>2270</ele>
        <time>2017-03-28T16:53:55Z</time>
      </trkpt>
      <trkpt lat="44.157652007415891" lon="6.953776990994811">
        <ele>2274</ele>
        <time>2017-03-28T16:54:15Z</time>
      </trkpt>
      <trkpt lat="44.157439023256302" lon="6.953916968777776">
        <ele>2286</ele>
        <time>2017-03-28T16:54:35Z</time>
      </trkpt>
      <trkpt lat="44.157312037423253" lon="6.954095000401139">
        <ele>2284</ele>
        <time>2017-03-28T16:54:55Z</time>
      </trkpt>
      <trkpt lat="44.156912975013256" lon="6.954283006489277">
        <ele>2286</ele>
        <time>2017-03-28T16:55:15Z</time>
      </trkpt>
      <trkpt lat="44.156869975849986" lon="6.95457000285387">
        <ele>2284</ele>
        <time>2017-03-28T16:55:35Z</time>
      </trkpt>
      <trkpt lat="44.156604018062353" lon="6.95454703643918">
        <ele>2306</ele>
        <time>2017-03-28T16:55:55Z</time>
      </trkpt>
      <trkpt lat="44.156593037769198" lon="6.954099023714662">
        <ele>2306</ele>
        <time>2017-03-28T16:56:15Z</time>
      </trkpt>
      <trkpt lat="44.15651299059391" lon="6.953806998208165">
        <ele>2316</ele>
        <time>2017-03-28T16:56:35Z</time>
      </trkpt>
      <trkpt lat="44.156412994489074" lon="6.953800963237882">
        <ele>2318</ele>
        <time>2017-03-28T16:56:55Z</time>
      </trkpt>
      <trkpt lat="44.156291959807277" lon="6.954065999016166">
        <ele>2317</ele>
        <time>2017-03-28T16:57:15Z</time>
      </trkpt>
      <trkpt lat="44.156151982024312" lon="6.953863995149732">
        <ele>2321</ele>
        <time>2017-03-28T16:57:35Z</time>
      </trkpt>
      <trkpt lat="44.156004041433334" lon="6.954074967652559">
        <ele>2324</ele>
        <time>2017-03-28T16:57:55Z</time>
      </trkpt>
      <trkpt lat="44.155882000923157" lon="6.953976983204484">
        <ele>2325</ele>
        <time>2017-03-28T16:58:15Z</time>
      </trkpt>
      <trkpt lat="44.155778987333179" lon="6.954158032312989">
        <ele>2332</ele>
        <time>2017-03-28T16:58:35Z</time>
      </trkpt>
      <trkpt lat="44.155683014541864" lon="6.954013025388122">
        <ele>2336</ele>
        <time>2017-03-28T16:58:55Z</time>
      </trkpt>
      <trkpt lat="44.155192002654076" lon="6.954000033438206">
        <ele>2343</ele>
        <time>2017-03-28T16:59:15Z</time>
      </trkpt>
      <trkpt lat="44.155084965750575" lon="6.954223997890949">
        <ele>2342</ele>
        <time>2017-03-28T16:59:35Z</time>
      </trkpt>
      <trkpt lat="44.154335036873817" lon="6.954169012606144">
        <ele>2364</ele>
        <time>2017-03-28T16:59:55Z</time>
      </trkpt>
      <trkpt lat="44.154358003288507" lon="6.954029034823179">
        <ele>2365</ele>
        <time>2017-03-28T17:00:15Z</time>
      </trkpt>
      <trkpt lat="44.15453502908349" lon="6.953758969902992">
        <ele>2363</ele>
        <time>2017-03-28T17:00:35Z</time>
      </trkpt>
      <trkpt lat="44.154404019936919" lon="6.953756958246231">
        <ele>2365</ele>
        <time>2017-03-28T17:00:55Z</time>
      </trkpt>
      <trkpt lat="44.154220037162304" lon="6.95381797850132">
        <ele>2367</ele>
        <time>2017-03-28T17:01:15Z</time>
      </trkpt>
      <trkpt lat="44.154297988861799" lon="6.953587979078293">
        <ele>2369</ele>
        <time>2017-03-28T17:01:35Z</time>
      </trkpt>
      <trkpt lat="44.153928011655807" lon="6.953728040680289">
        <ele>2384</ele>
        <time>2017-03-28T17:01:55Z</time>
      </trkpt>
      <trkpt lat="44.153953995555639" lon="6.953487982973456">
        <ele>2384</ele>
        <time>2017-03-28T17:02:15Z</time>
      </trkpt>
      <trkpt lat="44.153594998642802" lon="6.953464010730386">
        <ele>2389</ele>
        <time>2017-03-28T17:02:35Z</time>
      </trkpt>
      <trkpt lat="44.15335301309824" lon="6.953351022675633">
        <ele>2394</ele>
        <time>2017-03-28T17:02:55Z</time>
      </trkpt>
      <trkpt lat="44.152564024552703" lon="6.952577959746122">
        <ele>2399</ele>
        <time>2017-03-28T17:03:15Z</time>
      </trkpt>
      <trkpt lat="44.152365038171411" lon="6.952104968950152">
        <ele>2403</ele>
        <time>2017-03-28T17:03:35Z</time>
      </trkpt>
      <trkpt lat="44.152123974636197" lon="6.951824007555842">
        <ele>2404</ele>
        <time>2017-03-28T17:03:55Z</time>
      </trkpt>
      <trkpt lat="44.151932029053569" lon="6.951718982309103">
        <ele>2407</ele>
        <time>2017-03-28T17:04:15Z</time>
      </trkpt>
      <trkpt lat="44.151301961392164" lon="6.95169098675251">
        <ele>2434</ele>
        <time>2017-03-28T17:04:35Z</time>
      </trkpt>
      <trkpt lat="44.150760993361473" lon="6.951197041198611">
        <ele>2437</ele>
        <time>2017-03-28T17:04:55Z</time>
      </trkpt>
      <trkpt lat="44.149691965430975" lon="6.9504239782691">
        <ele>2460</ele>
        <time>2017-03-28T17:05:15Z</time>
      </trkpt>
      <trkpt lat="44.149632034823298" lon="6.950684990733862">
        <ele>2462</ele>
        <time>2017-03-28T17:05:35Z</time>
      </trkpt>
      <trkpt lat="44.149502031505108" lon="6.950468989089131">
        <ele>2464</ele>
        <time>2017-03-28T17:05:55Z</time>
      </trkpt>
      <trkpt lat="44.149454003199935" lon="6.950717009603977">
        <ele>2468</ele>
        <time>2017-03-28T17:06:15Z</time>
      </trkpt>
      <trkpt lat="44.14937999099493" lon="6.950665041804314">
        <ele>2469</ele>
        <time>2017-03-28T17:06:35Z</time>
      </trkpt>
      <trkpt lat="44.149316037073731" lon="6.950347032397986">
        <ele>2466</ele>
        <time>2017-03-28T17:06:55Z</time>
      </trkpt>
      <trkpt lat="44.148703990504146" lon="6.950811976566911">
        <ele>2473</ele>
        <time>2017-03-28T17:07:15Z</time>
      </trkpt>
      <trkpt lat="44.147973004728556" lon="6.951234005391598">
        <ele>2494</ele>
        <time>2017-03-28T17:07:35Z</time>
      </trkpt>
      <trkpt lat="44.147434970363975" lon="6.951602976769209">
        <ele>2513</ele>
        <time>2017-03-28T17:07:55Z</time>
      </trkpt>
      <trkpt lat="44.146296037361026" lon="6.952045038342476">
        <ele>2517</ele>
        <time>2017-03-28T17:08:15Z</time>
      </trkpt>
      <trkpt lat="44.145418033003807" lon="6.952261039987207">
        <ele>2515</ele>
        <time>2017-03-28T17:08:35Z</time>
      </trkpt>
      <trkpt lat="44.144637007266283" lon="6.952589023858309">
        <ele>2556</ele>
        <time>2017-03-28T17:08:55Z</time>
      </trkpt>
      <trkpt lat="44.144517984241247" lon="6.952756997197866">
        <ele>2556</ele>
        <time>2017-03-28T17:09:15Z</time>
      </trkpt>
      <trkpt lat="44.144731974229217" lon="6.952926982194185">
        <ele>2556</ele>
        <time>2017-03-28T17:09:35Z</time>
      </trkpt>
      <trkpt lat="44.145097006112337" lon="6.952983979135752">
        <ele>0</ele>
        <time>2017-03-28T17:09:55Z</time>
      </trkpt>
      <trkpt lat="44.145479975268245" lon="6.95334498770535">
        <ele>2537</ele>
        <time>2017-03-28T17:10:15Z</time>
      </trkpt>
      <trkpt lat="44.144873963668942" lon="6.953378012403846">
        <ele>2539</ele>
        <time>2017-03-28T17:10:35Z</time>
      </trkpt>
      <trkpt lat="44.144121017307043" lon="6.953594014048576">
        <ele>2538</ele>
        <time>2017-03-28T17:10:55Z</time>
      </trkpt>
      <trkpt lat="44.144005011767149" lon="6.95373198017478">
        <ele>2533</ele>
        <time>2017-03-28T17:11:15Z</time>
      </trkpt>
      <trkpt lat="44.143774006515741" lon="6.953901965171099">
        <ele>2528</ele>
        <time>2017-03-28T17:11:35Z</time>
      </trkpt>
      <trkpt lat="44.143635034561157" lon="6.954069016501308">
        <ele>2524</ele>
        <time>2017-03-28T17:11:55Z</time>
      </trkpt>
      <trkpt lat="44.143178975209594" lon="6.954341009259224">
        <ele>2500</ele>
        <time>2017-03-28T17:12:15Z</time>
      </trkpt>
      <trkpt lat="44.143128013238311" lon="6.954430025070906">
        <ele>2496</ele>
        <time>2017-03-28T17:12:35Z</time>
      </trkpt>
      <trkpt lat="44.143222980201244" lon="6.954566985368729">
        <ele>2496</ele>
        <time>2017-03-28T17:12:55Z</time>
      </trkpt>
      <trkpt lat="44.142831964418292" lon="6.954815005883575">
        <ele>2489</ele>
        <time>2017-03-28T17:13:15Z</time>
      </trkpt>
      <trkpt lat="44.14256701245904" lon="6.955198980867863">
        <ele>2482</ele>
        <time>2017-03-28T17:13:35Z</time>
      </trkpt>
      <trkpt lat="44.142364002764225" lon="6.955605000257492">
        <ele>2470</ele>
        <time>2017-03-28T17:13:55Z</time>
      </trkpt>
      <trkpt lat="44.14198899641633" lon="6.956385020166636">
        <ele>2461</ele>
        <time>2017-03-28T17:14:15Z</time>
      </trkpt>
      <trkpt lat="44.141613990068436" lon="6.957004023715854">
        <ele>2446</ele>
        <time>2017-03-28T17:14:35Z</time>
      </trkpt>
      <trkpt lat="44.14125700481236" lon="6.957930978387594">
        <ele>2436</ele>
        <time>2017-03-28T17:14:55Z</time>
      </trkpt>
      <trkpt lat="44.141003033146262" lon="6.958315037190914">
        <ele>2433</ele>
        <time>2017-03-28T17:15:15Z</time>
      </trkpt>
      <trkpt lat="44.140916028991342" lon="6.958566997200251">
        <ele>2431</ele>
        <time>2017-03-28T17:15:35Z</time>
      </trkpt>
      <trkpt lat="44.140783008188009" lon="6.958743017166853">
        <ele>2430</ele>
        <time>2017-03-28T17:15:55Z</time>
      </trkpt>
      <trkpt lat="44.140513027086854" lon="6.959308041259646">
        <ele>2431</ele>
        <time>2017-03-28T17:16:15Z</time>
      </trkpt>
      <trkpt lat="44.140270035713911" lon="6.959667038172483">
        <ele>2432</ele>
        <time>2017-03-28T17:16:35Z</time>
      </trkpt>
      <trkpt lat="44.140189988538623" lon="6.960073979571462">
        <ele>2431</ele>
        <time>2017-03-28T17:16:55Z</time>
      </trkpt>
      <trkpt lat="44.140072977170348" lon="6.960272965952754">
        <ele>2430</ele>
        <time>2017-03-28T17:17:15Z</time>
      </trkpt>
      <trkpt lat="44.140025032684207" lon="6.960502965375781">
        <ele>2429</ele>
        <time>2017-03-28T17:17:35Z</time>
      </trkpt>
      <trkpt lat="44.139706017449498" lon="6.961276028305292">
        <ele>2437</ele>
        <time>2017-03-28T17:17:55Z</time>
      </trkpt>
      <trkpt lat="44.139356995001435" lon="6.962262997403741">
        <ele>2435</ele>
        <time>2017-03-28T17:18:15Z</time>
      </trkpt>
      <trkpt lat="44.139236966148019" lon="6.962670022621751">
        <ele>2432</ele>
        <time>2017-03-28T17:18:35Z</time>
      </trkpt>
      <trkpt lat="44.139125989750028" lon="6.962844030931592">
        <ele>2443</ele>
        <time>2017-03-28T17:18:55Z</time>
      </trkpt>
      <trkpt lat="44.139119032770395" lon="6.963050980120897">
        <ele>2442</ele>
        <time>2017-03-28T17:19:15Z</time>
      </trkpt>
      <trkpt lat="44.138824995607138" lon="6.963597983121872">
        <ele>2439</ele>
        <time>2017-03-28T17:19:35Z</time>
      </trkpt>
      <trkpt lat="44.138531964272261" lon="6.964499037712812">
        <ele>2434</ele>
        <time>2017-03-28T17:19:55Z</time>
      </trkpt>
      <trkpt lat="44.138203980401158" lon="6.965367989614606">
        <ele>2439</ele>
        <time>2017-03-28T17:20:15Z</time>
      </trkpt>
      <trkpt lat="44.138226024806499" lon="6.96556999348104">
        <ele>2438</ele>
        <time>2017-03-28T17:20:35Z</time>
      </trkpt>
      <trkpt lat="44.13801203481853" lon="6.966325035318732">
        <ele>2433</ele>
        <time>2017-03-28T17:20:55Z</time>
      </trkpt>
      <trkpt lat="44.137921007350087" lon="6.966768018901348">
        <ele>2426</ele>
        <time>2017-03-28T17:21:15Z</time>
      </trkpt>
      <trkpt lat="44.137438964098692" lon="6.966932974755764">
        <ele>2429</ele>
        <time>2017-03-28T17:21:35Z</time>
      </trkpt>
      <trkpt lat="44.137586988508701" lon="6.967382999137044">
        <ele>2423</ele>
        <time>2017-03-28T17:21:55Z</time>
      </trkpt>
      <trkpt lat="44.137568967416883" lon="6.968106022104621">
        <ele>2414</ele>
        <time>2017-03-28T17:22:15Z</time>
      </trkpt>
      <trkpt lat="44.137307032942772" lon="6.969129033386707">
        <ele>2407</ele>
        <time>2017-03-28T17:22:35Z</time>
      </trkpt>
      <trkpt lat="44.137397976592183" lon="6.969860019162297">
        <ele>2392</ele>
        <time>2017-03-28T17:22:55Z</time>
      </trkpt>
      <trkpt lat="44.137016013264656" lon="6.970137041062117">
        <ele>2381</ele>
        <time>2017-03-28T17:23:15Z</time>
      </trkpt>
      <trkpt lat="44.136791964992881" lon="6.970393024384975">
        <ele>2379</ele>
        <time>2017-03-28T17:23:35Z</time>
      </trkpt>
      <trkpt lat="44.136449983343482" lon="6.970613971352577">
        <ele>2377</ele>
        <time>2017-03-28T17:23:55Z</time>
      </trkpt>
      <trkpt lat="44.136030972003937" lon="6.970915971323848">
        <ele>2361</ele>
        <time>2017-03-28T17:24:15Z</time>
      </trkpt>
      <trkpt lat="44.135825028643012" lon="6.970944972708821">
        <ele>2362</ele>
        <time>2017-03-28T17:24:35Z</time>
      </trkpt>
      <trkpt lat="44.135688990354538" lon="6.971199028193951">
        <ele>2353</ele>
        <time>2017-03-28T17:24:55Z</time>
      </trkpt>
      <trkpt lat="44.135510036721826" lon="6.971302963793278">
        <ele>2350</ele>
        <time>2017-03-28T17:25:15Z</time>
      </trkpt>
      <trkpt lat="44.135383972898126" lon="6.971246972680092">
        <ele>2351</ele>
        <time>2017-03-28T17:25:35Z</time>
      </trkpt>
      <trkpt lat="44.135323036462069" lon="6.971398014575243">
        <ele>2348</ele>
        <time>2017-03-28T17:25:55Z</time>
      </trkpt>
      <trkpt lat="44.135409034788609" lon="6.971575040370226">
        <ele>2347</ele>
        <time>2017-03-28T17:26:15Z</time>
      </trkpt>
      <trkpt lat="44.135938016697764" lon="6.971832029521465">
        <ele>2332</ele>
        <time>2017-03-28T17:26:35Z</time>
      </trkpt>
      <trkpt lat="44.135526968166232" lon="6.971969995647669">
        <ele>2326</ele>
        <time>2017-03-28T17:26:55Z</time>
      </trkpt>
      <trkpt lat="44.135452033951879" lon="6.972118020057678">
        <ele>2323</ele>
        <time>2017-03-28T17:27:15Z</time>
      </trkpt>
      <trkpt lat="44.135605003684759" lon="6.9721669703722">
        <ele>2323</ele>
        <time>2017-03-28T17:27:35Z</time>
      </trkpt>
      <trkpt lat="44.135684967041016" lon="6.972275013104081">
        <ele>2320</ele>
        <time>2017-03-28T17:27:55Z</time>
      </trkpt>
      <trkpt lat="44.13552101701498" lon="6.972297979518771">
        <ele>2321</ele>
        <time>2017-03-28T17:28:15Z</time>
      </trkpt>
      <trkpt lat="44.135523028671741" lon="6.972598973661661">
        <ele>2303</ele>
        <time>2017-03-28T17:28:35Z</time>
      </trkpt>
      <trkpt lat="44.135579019784927" lon="6.972665023058653">
        <ele>2303</ele>
        <time>2017-03-28T17:28:55Z</time>
      </trkpt>
      <trkpt lat="44.135516993701458" lon="6.972784968093038">
        <ele>2302</ele>
        <time>2017-03-28T17:29:15Z</time>
      </trkpt>
      <trkpt lat="44.135548006743193" lon="6.973043968901038">
        <ele>2298</ele>
        <time>2017-03-28T17:29:35Z</time>
      </trkpt>
      <trkpt lat="44.135482041165233" lon="6.973451999947429">
        <ele>2286</ele>
        <time>2017-03-28T17:29:55Z</time>
      </trkpt>
      <trkpt lat="44.135130001232028" lon="6.973988022655249">
        <ele>2280</ele>
        <time>2017-03-28T17:30:15Z</time>
      </trkpt>
      <trkpt lat="44.135117009282112" lon="6.97412196546793">
        <ele>2278</ele>
        <time>2017-03-28T17:30:35Z</time>
      </trkpt>
      <trkpt lat="44.135346002876759" lon="6.974319024011493">
        <ele>2271</ele>
        <time>2017-03-28T17:30:55Z</time>
      </trkpt>
      <trkpt lat="44.135028999298811" lon="6.974686989560723">
        <ele>2267</ele>
        <time>2017-03-28T17:31:15Z</time>
      </trkpt>
      <trkpt lat="44.134804029017687" lon="6.974682966247201">
        <ele>2263</ele>
        <time>2017-03-28T17:31:35Z</time>
      </trkpt>
      <trkpt lat="44.134751977398992" lon="6.974825961515307">
        <ele>2262</ele>
        <time>2017-03-28T17:31:55Z</time>
      </trkpt>
      <trkpt lat="44.134847028180957" lon="6.97502302005887">
        <ele>2255</ele>
        <time>2017-03-28T17:32:15Z</time>
      </trkpt>
      <trkpt lat="44.134991029277444" lon="6.975180013105273">
        <ele>2254</ele>
        <time>2017-03-28T17:32:35Z</time>
      </trkpt>
      <trkpt lat="44.134716019034386" lon="6.975269028916955">
        <ele>2250</ele>
        <time>2017-03-28T17:32:55Z</time>
      </trkpt>
      <trkpt lat="44.135039979591966" lon="6.97564403526485">
        <ele>2246</ele>
        <time>2017-03-28T17:33:15Z</time>
      </trkpt>
      <trkpt lat="44.134723981842399" lon="6.975829023867846">
        <ele>2245</ele>
        <time>2017-03-28T17:33:35Z</time>
      </trkpt>
      <trkpt lat="44.134388035163283" lon="6.975949974730611">
        <ele>2232</ele>
        <time>2017-03-28T17:33:55Z</time>
      </trkpt>
      <trkpt lat="44.134780978783965" lon="6.976580964401364">
        <ele>2224</ele>
        <time>2017-03-28T17:34:15Z</time>
      </trkpt>
      <trkpt lat="44.134250991046429" lon="6.976810041815043">
        <ele>2214</ele>
        <time>2017-03-28T17:34:35Z</time>
      </trkpt>
      <trkpt lat="44.13453496992588" lon="6.977199967950583">
        <ele>2209</ele>
        <time>2017-03-28T17:34:55Z</time>
      </trkpt>
      <trkpt lat="44.134873012080789" lon="6.977332988753915">
        <ele>2205</ele>
        <time>2017-03-28T17:35:15Z</time>
      </trkpt>
      <trkpt lat="44.134560031816363" lon="6.977747976779938">
        <ele>2194</ele>
        <time>2017-03-28T17:35:35Z</time>
      </trkpt>
      <trkpt lat="44.133860981091857" lon="6.978141004219651">
        <ele>2190</ele>
        <time>2017-03-28T17:35:55Z</time>
      </trkpt>
      <trkpt lat="44.133855029940605" lon="6.978520033881068">
        <ele>2177</ele>
        <time>2017-03-28T17:36:15Z</time>
      </trkpt>
      <trkpt lat="44.133713962510228" lon="6.9786979816854">
        <ele>2175</ele>
        <time>2017-03-28T17:36:35Z</time>
      </trkpt>
      <trkpt lat="44.13380297832191" lon="6.978865033015609">
        <ele>2173</ele>
        <time>2017-03-28T17:36:55Z</time>
      </trkpt>
      <trkpt lat="44.133914960548282" lon="6.978929992765188">
        <ele>2172</ele>
        <time>2017-03-28T17:37:15Z</time>
      </trkpt>
      <trkpt lat="44.133868021890521" lon="6.979067036882043">
        <ele>2171</ele>
        <time>2017-03-28T17:37:35Z</time>
      </trkpt>
      <trkpt lat="44.133688984438777" lon="6.979220006614924">
        <ele>2160</ele>
        <time>2017-03-28T17:37:55Z</time>
      </trkpt>
      <trkpt lat="44.133857963606715" lon="6.979533992707729">
        <ele>2158</ele>
        <time>2017-03-28T17:38:15Z</time>
      </trkpt>
      <trkpt lat="44.134014034643769" lon="6.979703977704048">
        <ele>2156</ele>
        <time>2017-03-28T17:38:35Z</time>
      </trkpt>
      <trkpt lat="44.134007999673486" lon="6.97992199100554">
        <ele>2153</ele>
        <time>2017-03-28T17:38:55Z</time>
      </trkpt>
      <trkpt lat="44.134086035192013" lon="6.980097005143762">
        <ele>2146</ele>
        <time>2017-03-28T17:39:15Z</time>
      </trkpt>
      <trkpt lat="44.134002970531583" lon="6.98063001036644">
        <ele>2141</ele>
        <time>2017-03-28T17:39:35Z</time>
      </trkpt>
      <trkpt lat="44.13309495896101" lon="6.981445988640189">
        <ele>2124</ele>
        <time>2017-03-28T17:39:55Z</time>
      </trkpt>
      <trkpt lat="44.132894966751337" lon="6.981585966423154">
        <ele>2121</ele>
        <time>2017-03-28T17:40:15Z</time>
      </trkpt>
      <trkpt lat="44.132562959566712" lon="6.982031967490912">
        <ele>2121</ele>
        <time>2017-03-28T17:40:35Z</time>
      </trkpt>
      <trkpt lat="44.132435973733664" lon="6.982374032959342">
        <ele>2116</ele>
        <time>2017-03-28T17:40:55Z</time>
      </trkpt>
      <trkpt lat="44.132431028410792" lon="6.982510993257165">
        <ele>2120</ele>
        <time>2017-03-28T17:41:15Z</time>
      </trkpt>
      <trkpt lat="44.132754988968372" lon="6.983265029266477">
        <ele>2119</ele>
        <time>2017-03-28T17:41:35Z</time>
      </trkpt>
      <trkpt lat="44.132801005616784" lon="6.983526041731238">
        <ele>2113</ele>
        <time>2017-03-28T17:41:55Z</time>
      </trkpt>
      <trkpt lat="44.132561031728983" lon="6.98434503749013">
        <ele>2101</ele>
        <time>2017-03-28T17:42:15Z</time>
      </trkpt>
      <trkpt lat="44.1325359698385" lon="6.984574031084776">
        <ele>2096</ele>
        <time>2017-03-28T17:42:35Z</time>
      </trkpt>
      <trkpt lat="44.131895005702972" lon="6.985192028805614">
        <ele>2085</ele>
        <time>2017-03-28T17:42:55Z</time>
      </trkpt>
      <trkpt lat="44.131665006279945" lon="6.985785970464349">
        <ele>2077</ele>
        <time>2017-03-28T17:43:15Z</time>
      </trkpt>
      <trkpt lat="44.131509019061923" lon="6.985964002087712">
        <ele>2068</ele>
        <time>2017-03-28T17:43:35Z</time>
      </trkpt>
      <trkpt lat="44.131475994363427" lon="6.986185032874346">
        <ele>2064</ele>
        <time>2017-03-28T17:43:55Z</time>
      </trkpt>
      <trkpt lat="44.131535002961755" lon="6.986358035355806">
        <ele>2062</ele>
        <time>2017-03-28T17:44:15Z</time>
      </trkpt>
      <trkpt lat="44.131469959393144" lon="6.986825997009873">
        <ele>2056</ele>
        <time>2017-03-28T17:44:35Z</time>
      </trkpt>
      <trkpt lat="44.131541037932038" lon="6.987208966165781">
        <ele>2052</ele>
        <time>2017-03-28T17:44:55Z</time>
      </trkpt>
      <trkpt lat="44.131497032940388" lon="6.987696038559079">
        <ele>2050</ele>
        <time>2017-03-28T17:45:15Z</time>
      </trkpt>
      <trkpt lat="44.131538020446897" lon="6.988073978573084">
        <ele>2049</ele>
        <time>2017-03-28T17:45:35Z</time>
      </trkpt>
      <trkpt lat="44.131659977138042" lon="6.9885169621557">
        <ele>2044</ele>
        <time>2017-03-28T17:45:55Z</time>
      </trkpt>
      <trkpt lat="44.131689984351397" lon="6.989402007311583">
        <ele>2020</ele>
        <time>2017-03-28T17:46:15Z</time>
      </trkpt>
      <trkpt lat="44.131783023476601" lon="6.989627983421087">
        <ele>2016</ele>
        <time>2017-03-28T17:46:35Z</time>
      </trkpt>
      <trkpt lat="44.131779000163078" lon="6.989822024479508">
        <ele>2017</ele>
        <time>2017-03-28T17:46:55Z</time>
      </trkpt>
      <trkpt lat="44.131736000999808" lon="6.989952027797699">
        <ele>2020</ele>
        <time>2017-03-28T17:47:15Z</time>
      </trkpt>
      <trkpt lat="44.131798027083278" lon="6.990087982267141">
        <ele>2019</ele>
        <time>2017-03-28T17:47:35Z</time>
      </trkpt>
      <trkpt lat="44.131835997104645" lon="6.990566002205014">
        <ele>2016</ele>
        <time>2017-03-28T17:47:55Z</time>
      </trkpt>
      <trkpt lat="44.131415979936719" lon="6.991413999348879">
        <ele>2006</ele>
        <time>2017-03-28T17:48:15Z</time>
      </trkpt>
      <trkpt lat="44.131280025467277" lon="6.991805015131831">
        <ele>1992</ele>
        <time>2017-03-28T17:48:35Z</time>
      </trkpt>
      <trkpt lat="44.131298968568444" lon="6.992084970697761">
        <ele>1990</ele>
        <time>2017-03-28T17:48:55Z</time>
      </trkpt>
      <trkpt lat="44.131385972723365" lon="6.992357969284058">
        <ele>1991</ele>
        <time>2017-03-28T17:49:15Z</time>
      </trkpt>
      <trkpt lat="44.131682021543384" lon="6.992847975343466">
        <ele>1992</ele>
        <time>2017-03-28T17:49:35Z</time>
      </trkpt>
      <trkpt lat="44.131939010694623" lon="6.993019971996546">
        <ele>1990</ele>
        <time>2017-03-28T17:49:55Z</time>
      </trkpt>
      <trkpt lat="44.132000030949712" lon="6.993227005004883">
        <ele>1988</ele>
        <time>2017-03-28T17:50:15Z</time>
      </trkpt>
      <trkpt lat="44.132236987352371" lon="6.993827987462282">
        <ele>1973</ele>
        <time>2017-03-28T17:50:35Z</time>
      </trkpt>
      <trkpt lat="44.132271017879248" lon="6.994127975776792">
        <ele>1971</ele>
        <time>2017-03-28T17:50:55Z</time>
      </trkpt>
      <trkpt lat="44.132477967068553" lon="6.994041977450252">
        <ele>1971</ele>
        <time>2017-03-28T17:51:15Z</time>
      </trkpt>
      <trkpt lat="44.133153967559338" lon="6.993408976122737">
        <ele>1957</ele>
        <time>2017-03-28T17:51:35Z</time>
      </trkpt>
      <trkpt lat="44.133345996960998" lon="6.993098007515073">
        <ele>1942</ele>
        <time>2017-03-28T17:51:55Z</time>
      </trkpt>
      <trkpt lat="44.133532997220755" lon="6.992995999753475">
        <ele>1938</ele>
        <time>2017-03-28T17:52:15Z</time>
      </trkpt>
      <trkpt lat="44.133857963606715" lon="6.992009030655026">
        <ele>1938</ele>
        <time>2017-03-28T17:52:35Z</time>
      </trkpt>
      <trkpt lat="44.133948991075158" lon="6.992528960108757">
        <ele>1926</ele>
        <time>2017-03-28T17:52:55Z</time>
      </trkpt>
      <trkpt lat="44.134181002154946" lon="6.99113697744906">
        <ele>1899</ele>
        <time>2017-03-28T17:53:15Z</time>
      </trkpt>
      <trkpt lat="44.134203968569636" lon="6.990754008293152">
        <ele>1908</ele>
        <time>2017-03-28T17:53:35Z</time>
      </trkpt>
      <trkpt lat="44.134330032393336" lon="6.990209016948938">
        <ele>1899</ele>
        <time>2017-03-28T17:53:55Z</time>
      </trkpt>
      <trkpt lat="44.134436985477805" lon="6.989556988701224">
        <ele>1893</ele>
        <time>2017-03-28T17:54:15Z</time>
      </trkpt>
      <trkpt lat="44.134569000452757" lon="6.989335035905242">
        <ele>1889</ele>
        <time>2017-03-28T17:54:35Z</time>
      </trkpt>
      <trkpt lat="44.134635971859097" lon="6.989020965993404">
        <ele>1889</ele>
        <time>2017-03-28T17:54:55Z</time>
      </trkpt>
      <trkpt lat="44.134791037067771" lon="6.989145018160343">
        <ele>1882</ele>
        <time>2017-03-28T17:55:15Z</time>
      </trkpt>
      <trkpt lat="44.13487602956593" lon="6.989323971793056">
        <ele>1879</ele>
        <time>2017-03-28T17:55:35Z</time>
      </trkpt>
      <trkpt lat="44.134986000135541" lon="6.989325983449817">
        <ele>1877</ele>
        <time>2017-03-28T17:55:55Z</time>
      </trkpt>
      <trkpt lat="44.134927997365594" lon="6.989555982872844">
        <ele>1881</ele>
        <time>2017-03-28T17:56:15Z</time>
      </trkpt>
      <trkpt lat="44.135131007060409" lon="6.989448023959994">
        <ele>1860</ele>
        <time>2017-03-28T17:56:35Z</time>
      </trkpt>
      <trkpt lat="44.135218011215329" lon="6.989574003964663">
        <ele>1858</ele>
        <time>2017-03-28T17:56:55Z</time>
      </trkpt>
      <trkpt lat="44.135146010667086" lon="6.989839039742947">
        <ele>1859</ele>
        <time>2017-03-28T17:57:15Z</time>
      </trkpt>
      <trkpt lat="44.13534801453352" lon="6.989853037521243">
        <ele>1857</ele>
        <time>2017-03-28T17:57:35Z</time>
      </trkpt>
      <trkpt lat="44.135309960693121" lon="6.9903629925102">
        <ele>1851</ele>
        <time>2017-03-28T17:57:55Z</time>
      </trkpt>
      <trkpt lat="44.135367041453719" lon="6.990507999435067">
        <ele>1850</ele>
        <time>2017-03-28T17:58:15Z</time>
      </trkpt>
      <trkpt lat="44.13586400449276" lon="6.990688964724541">
        <ele>1836</ele>
        <time>2017-03-28T17:58:35Z</time>
      </trkpt>
      <trkpt lat="44.135745987296104" lon="6.991123985499144">
        <ele>1837</ele>
        <time>2017-03-28T17:58:55Z</time>
      </trkpt>
      <trkpt lat="44.135932987555861" lon="6.991150975227356">
        <ele>1832</ele>
        <time>2017-03-28T17:59:15Z</time>
      </trkpt>
      <trkpt lat="44.136097021400928" lon="6.990845035761595">
        <ele>1833</ele>
        <time>2017-03-28T17:59:35Z</time>
      </trkpt>
      <trkpt lat="44.136281004175544" lon="6.990840006619692">
        <ele>1836</ele>
        <time>2017-03-28T17:59:55Z</time>
      </trkpt>
      <trkpt lat="44.136247979477048" lon="6.991489017382264">
        <ele>1832</ele>
        <time>2017-03-28T18:00:15Z</time>
      </trkpt>
      <trkpt lat="44.136546039953828" lon="6.991939041763544">
        <ele>1829</ele>
        <time>2017-03-28T18:00:35Z</time>
      </trkpt>
      <trkpt lat="44.136653998866677" lon="6.992316981777549">
        <ele>1824</ele>
        <time>2017-03-28T18:00:55Z</time>
      </trkpt>
      <trkpt lat="44.136786013841629" lon="6.992634991183877">
        <ele>1823</ele>
        <time>2017-03-28T18:01:15Z</time>
      </trkpt>
      <trkpt lat="44.136921968311071" lon="6.993272015824914">
        <ele>1819</ele>
        <time>2017-03-28T18:01:35Z</time>
      </trkpt>
      <trkpt lat="44.137000003829598" lon="6.993443006649613">
        <ele>1813</ele>
        <time>2017-03-28T18:01:55Z</time>
      </trkpt>
      <trkpt lat="44.136943006888032" lon="6.99362900108099">
        <ele>1812</ele>
        <time>2017-03-28T18:02:15Z</time>
      </trkpt>
      <trkpt lat="44.136714013293386" lon="6.993603017181158">
        <ele>1811</ele>
        <time>2017-03-28T18:02:35Z</time>
      </trkpt>
      <trkpt lat="44.13666196167469" lon="6.993766967207193">
        <ele>1811</ele>
        <time>2017-03-28T18:02:55Z</time>
      </trkpt>
      <trkpt lat="44.136699009686708" lon="6.9939099624753">
        <ele>1809</ele>
        <time>2017-03-28T18:03:15Z</time>
      </trkpt>
      <trkpt lat="44.136906964704394" lon="6.99412596412003">
        <ele>1809</ele>
        <time>2017-03-28T18:03:35Z</time>
      </trkpt>
      <trkpt lat="44.137054989114404" lon="6.994161000475287">
        <ele>1811</ele>
        <time>2017-03-28T18:03:55Z</time>
      </trkpt>
      <trkpt lat="44.137234026566148" lon="6.994326962158084">
        <ele>1812</ele>
        <time>2017-03-28T18:04:15Z</time>
      </trkpt>
      <trkpt lat="44.137246012687683" lon="6.994443973526359">
        <ele>1812</ele>
        <time>2017-03-28T18:04:35Z</time>
      </trkpt>
      <trkpt lat="44.136795988306403" lon="6.994916964322329">
        <ele>1807</ele>
        <time>2017-03-28T18:04:55Z</time>
      </trkpt>
      <trkpt lat="44.136568000540137" lon="6.995630012825131">
        <ele>1803</ele>
        <time>2017-03-28T18:05:15Z</time>
      </trkpt>
      <trkpt lat="44.136585015803576" lon="6.996224960312247">
        <ele>1803</ele>
        <time>2017-03-28T18:05:35Z</time>
      </trkpt>
      <trkpt lat="44.136500023305416" lon="6.996986037120223">
        <ele>1806</ele>
        <time>2017-03-28T18:05:55Z</time>
      </trkpt>
      <trkpt lat="44.13633800111711" lon="6.997552989050746">
        <ele>1806</ele>
        <time>2017-03-28T18:06:15Z</time>
      </trkpt>
      <trkpt lat="44.136306988075376" lon="6.997862029820681">
        <ele>1805</ele>
        <time>2017-03-28T18:06:35Z</time>
      </trkpt>
      <trkpt lat="44.136550985276699" lon="6.998285986483097">
        <ele>1808</ele>
        <time>2017-03-28T18:06:55Z</time>
      </trkpt>
      <trkpt lat="44.136580992490053" lon="6.999076986685395">
        <ele>1802</ele>
        <time>2017-03-28T18:07:15Z</time>
      </trkpt>
      <trkpt lat="44.1366580221802" lon="6.999808978289366">
        <ele>1795</ele>
        <time>2017-03-28T18:07:35Z</time>
      </trkpt>
      <trkpt lat="44.136805962771177" lon="7.000151965767145">
        <ele>1801</ele>
        <time>2017-03-28T18:07:55Z</time>
      </trkpt>
      <trkpt lat="44.137244001030922" lon="7.001911997795105">
        <ele>1793</ele>
        <time>2017-03-28T18:08:15Z</time>
      </trkpt>
      <trkpt lat="44.137297980487347" lon="7.002270994707942">
        <ele>1792</ele>
        <time>2017-03-28T18:08:35Z</time>
      </trkpt>
      <trkpt lat="44.137209970504045" lon="7.002640971913934">
        <ele>1785</ele>
        <time>2017-03-28T18:08:55Z</time>
      </trkpt>
      <trkpt lat="44.137267973273993" lon="7.002893015742302">
        <ele>1784</ele>
        <time>2017-03-28T18:09:15Z</time>
      </trkpt>
      <trkpt lat="44.137520017102361" lon="7.003141036257148">
        <ele>1802</ele>
        <time>2017-03-28T18:09:35Z</time>
      </trkpt>
      <trkpt lat="44.137587994337082" lon="7.003952991217375">
        <ele>1793</ele>
        <time>2017-03-28T18:09:55Z</time>
      </trkpt>
      <trkpt lat="44.137894017621875" lon="7.004852034151554">
        <ele>1782</ele>
        <time>2017-03-28T18:10:15Z</time>
      </trkpt>
      <trkpt lat="44.138409001752734" lon="7.005414962768555">
        <ele>1789</ele>
        <time>2017-03-28T18:10:35Z</time>
      </trkpt>
      <trkpt lat="44.138559959828854" lon="7.006066991016269">
        <ele>1774</ele>
        <time>2017-03-28T18:10:55Z</time>
      </trkpt>
      <trkpt lat="44.138633972033858" lon="7.006227001547813">
        <ele>1774</ele>
        <time>2017-03-28T18:11:15Z</time>
      </trkpt>
      <trkpt lat="44.138607988134027" lon="7.006408972665668">
        <ele>1771</ele>
        <time>2017-03-28T18:11:35Z</time>
      </trkpt>
      <trkpt lat="44.138774033635855" lon="7.006708960980177">
        <ele>1762</ele>
        <time>2017-03-28T18:11:55Z</time>
      </trkpt>
      <trkpt lat="44.138839999213815" lon="7.006954969838262">
        <ele>1761</ele>
        <time>2017-03-28T18:12:15Z</time>
      </trkpt>
      <trkpt lat="44.138781996443868" lon="7.007325030863285">
        <ele>1755</ele>
        <time>2017-03-28T18:12:35Z</time>
      </trkpt>
      <trkpt lat="44.139099000021815" lon="7.007672963663936">
        <ele>1745</ele>
        <time>2017-03-28T18:12:55Z</time>
      </trkpt>
      <trkpt lat="44.139420026913285" lon="7.007513036951423">
        <ele>1748</ele>
        <time>2017-03-28T18:13:15Z</time>
      </trkpt>
      <trkpt lat="44.139730995520949" lon="7.007807996124029">
        <ele>1742</ele>
        <time>2017-03-28T18:13:35Z</time>
      </trkpt>
      <trkpt lat="44.139806013554335" lon="7.007600963115692">
        <ele>1745</ele>
        <time>2017-03-28T18:13:55Z</time>
      </trkpt>
      <trkpt lat="44.140111031010747" lon="7.00703501701355">
        <ele>1768</ele>
        <time>2017-03-28T18:14:15Z</time>
      </trkpt>
      <trkpt lat="44.140562983229756" lon="7.007899023592472">
        <ele>1754</ele>
        <time>2017-03-28T18:14:35Z</time>
      </trkpt>
      <trkpt lat="44.140641018748283" lon="7.008457006886601">
        <ele>1744</ele>
        <time>2017-03-28T18:14:55Z</time>
      </trkpt>
      <trkpt lat="44.140888033434749" lon="7.008681977167726">
        <ele>1753</ele>
        <time>2017-03-28T18:15:15Z</time>
      </trkpt>
      <trkpt lat="44.14127997122705" lon="7.008681977167726">
        <ele>1756</ele>
        <time>2017-03-28T18:15:35Z</time>
      </trkpt>
      <trkpt lat="44.141483986750245" lon="7.008806029334664">
        <ele>1757</ele>
        <time>2017-03-28T18:15:55Z</time>
      </trkpt>
      <trkpt lat="44.141620025038719" lon="7.009138036519289">
        <ele>1755</ele>
        <time>2017-03-28T18:16:15Z</time>
      </trkpt>
      <trkpt lat="44.141835020855069" lon="7.009253036230803">
        <ele>1755</ele>
        <time>2017-03-28T18:16:35Z</time>
      </trkpt>
      <trkpt lat="44.142072983086109" lon="7.00929201208055">
        <ele>1756</ele>
        <time>2017-03-28T18:16:55Z</time>
      </trkpt>
      <trkpt lat="44.142305999994278" lon="7.009411035105586">
        <ele>1758</ele>
        <time>2017-03-28T18:17:15Z</time>
      </trkpt>
      <trkpt lat="44.142472967505455" lon="7.009406005963683">
        <ele>1759</ele>
        <time>2017-03-28T18:17:35Z</time>
      </trkpt>
      <trkpt lat="44.142833976075053" lon="7.009716974571347">
        <ele>1769</ele>
        <time>2017-03-28T18:17:55Z</time>
      </trkpt>
      <trkpt lat="44.14284897968173" lon="7.009911015629768">
        <ele>1768</ele>
        <time>2017-03-28T18:18:15Z</time>
      </trkpt>
      <trkpt lat="44.143414003774524" lon="7.009626030921936">
        <ele>1788</ele>
        <time>2017-03-28T18:18:35Z</time>
      </trkpt>
      <trkpt lat="44.143301015719771" lon="7.009931970387697">
        <ele>1778</ele>
        <time>2017-03-28T18:18:55Z</time>
      </trkpt>
      <trkpt lat="44.143164977431297" lon="7.01023799367249">
        <ele>1778</ele>
        <time>2017-03-28T18:19:15Z</time>
      </trkpt>
      <trkpt lat="44.143823040649295" lon="7.009748993441463">
        <ele>1793</ele>
        <time>2017-03-28T18:19:35Z</time>
      </trkpt>
      <trkpt lat="44.14409201592207" lon="7.009662995114923">
        <ele>1795</ele>
        <time>2017-03-28T18:19:55Z</time>
      </trkpt>
      <trkpt lat="44.143596980720758" lon="7.010740991681814">
        <ele>1805</ele>
        <time>2017-03-28T18:20:15Z</time>
      </trkpt>
      <trkpt lat="44.143438981845975" lon="7.010895973071456">
        <ele>1813</ele>
        <time>2017-03-28T18:20:35Z</time>
      </trkpt>
      <trkpt lat="44.143334962427616" lon="7.011109041050077">
        <ele>1821</ele>
        <time>2017-03-28T18:20:55Z</time>
      </trkpt>
      <trkpt lat="44.143085014075041" lon="7.011450016871095">
        <ele>1806</ele>
        <time>2017-03-28T18:21:15Z</time>
      </trkpt>
      <trkpt lat="44.143050983548164" lon="7.011814964935184">
        <ele>1826</ele>
        <time>2017-03-28T18:21:35Z</time>
      </trkpt>
      <trkpt lat="44.142878986895084" lon="7.012162981554866">
        <ele>1829</ele>
        <time>2017-03-28T18:21:55Z</time>
      </trkpt>
      <trkpt lat="44.142212960869074" lon="7.012404967099428">
        <ele>1812</ele>
        <time>2017-03-28T18:22:15Z</time>
      </trkpt>
      <trkpt lat="44.141595968976617" lon="7.01335396617651">
        <ele>1827</ele>
        <time>2017-03-28T18:22:35Z</time>
      </trkpt>
      <trkpt lat="44.141433024778962" lon="7.013778006657958">
        <ele>1825</ele>
        <time>2017-03-28T18:22:55Z</time>
      </trkpt>
      <trkpt lat="44.141437970101833" lon="7.01431998051703">
        <ele>1841</ele>
        <time>2017-03-28T18:23:15Z</time>
      </trkpt>
      <trkpt lat="44.141297992318869" lon="7.0144700165838">
        <ele>1837</ele>
        <time>2017-03-28T18:23:35Z</time>
      </trkpt>
      <trkpt lat="44.141274020075798" lon="7.0146410074085">
        <ele>1837</ele>
        <time>2017-03-28T18:23:55Z</time>
      </trkpt>
      <trkpt lat="44.141335040330887" lon="7.014908976852894">
        <ele>1843</ele>
        <time>2017-03-28T18:24:15Z</time>
      </trkpt>
      <trkpt lat="44.141603009775281" lon="7.015320025384426">
        <ele>1855</ele>
        <time>2017-03-28T18:24:35Z</time>
      </trkpt>
      <trkpt lat="44.141657995060086" lon="7.015789998695254">
        <ele>1873</ele>
        <time>2017-03-28T18:24:55Z</time>
      </trkpt>
      <trkpt lat="44.141593035310507" lon="7.016129968687892">
        <ele>1863</ele>
        <time>2017-03-28T18:25:15Z</time>
      </trkpt>
      <trkpt lat="44.141636034473777" lon="7.016393998637795">
        <ele>1867</ele>
        <time>2017-03-28T18:25:35Z</time>
      </trkpt>
      <trkpt lat="44.142145989462733" lon="7.016928009688854">
        <ele>1917</ele>
        <time>2017-03-28T18:25:55Z</time>
      </trkpt>
      <trkpt lat="44.142272975295782" lon="7.017336962744594">
        <ele>1918</ele>
        <time>2017-03-28T18:26:15Z</time>
      </trkpt>
      <trkpt lat="44.142455030232668" lon="7.017605016008019">
        <ele>1922</ele>
        <time>2017-03-28T18:26:35Z</time>
      </trkpt>
      <trkpt lat="44.142575981095433" lon="7.017701994627714">
        <ele>1935</ele>
        <time>2017-03-28T18:26:55Z</time>
      </trkpt>
      <trkpt lat="44.142615962773561" lon="7.017810037359595">
        <ele>1938</ele>
        <time>2017-03-28T18:27:15Z</time>
      </trkpt>
      <trkpt lat="44.142500041052699" lon="7.017819005995989">
        <ele>1936</ele>
        <time>2017-03-28T18:27:35Z</time>
      </trkpt>
      <trkpt lat="44.142413958907127" lon="7.017897963523865">
        <ele>1922</ele>
        <time>2017-03-28T18:27:55Z</time>
      </trkpt>
      <trkpt lat="44.142220001667738" lon="7.017898969352245">
        <ele>1922</ele>
        <time>2017-03-28T18:28:15Z</time>
      </trkpt>
      <trkpt lat="44.141980027779937" lon="7.01814497821033">
        <ele>1924</ele>
        <time>2017-03-28T18:28:35Z</time>
      </trkpt>
      <trkpt lat="44.142386969178915" lon="7.018429040908814">
        <ele>1930</ele>
        <time>2017-03-28T18:28:55Z</time>
      </trkpt>
      <trkpt lat="44.142484031617641" lon="7.018897002562881">
        <ele>1936</ele>
        <time>2017-03-28T18:29:15Z</time>
      </trkpt>
      <trkpt lat="44.14265301078558" lon="7.019076040014625">
        <ele>1938</ele>
        <time>2017-03-28T18:29:35Z</time>
      </trkpt>
      <trkpt lat="44.142772033810616" lon="7.019337974488735">
        <ele>1943</ele>
        <time>2017-03-28T18:29:55Z</time>
      </trkpt>
      <trkpt lat="44.142830958589911" lon="7.019650032743812">
        <ele>1946</ele>
        <time>2017-03-28T18:30:15Z</time>
      </trkpt>
      <trkpt lat="44.142929026857018" lon="7.019795961678028">
        <ele>1946</ele>
        <time>2017-03-28T18:30:35Z</time>
      </trkpt>
      <trkpt lat="44.14304000325501" lon="7.020218996331096">
        <ele>1952</ele>
        <time>2017-03-28T18:30:55Z</time>
      </trkpt>
      <trkpt lat="44.14314997382462" lon="7.02136798761785">
        <ele>1957</ele>
        <time>2017-03-28T18:31:15Z</time>
      </trkpt>
      <trkpt lat="44.143378967419267" lon="7.021751962602139">
        <ele>1951</ele>
        <time>2017-03-28T18:31:35Z</time>
      </trkpt>
      <trkpt lat="44.1435999982059" lon="7.022774973884225">
        <ele>1958</ele>
        <time>2017-03-28T18:31:55Z</time>
      </trkpt>
      <trkpt lat="44.143644003197551" lon="7.023324994370341">
        <ele>1959</ele>
        <time>2017-03-28T18:32:15Z</time>
      </trkpt>
      <trkpt lat="44.143752967938781" lon="7.024196963757277">
        <ele>1956</ele>
        <time>2017-03-28T18:32:35Z</time>
      </trkpt>
      <trkpt lat="44.143733019009233" lon="7.025338998064399">
        <ele>1955</ele>
        <time>2017-03-28T18:32:55Z</time>
      </trkpt>
      <trkpt lat="44.143637968227267" lon="7.026079036295414">
        <ele>1954</ele>
        <time>2017-03-28T18:33:15Z</time>
      </trkpt>
      <trkpt lat="44.143595974892378" lon="7.026817984879017">
        <ele>1954</ele>
        <time>2017-03-28T18:33:35Z</time>
      </trkpt>
      <trkpt lat="44.143634028732777" lon="7.027551988139749">
        <ele>1953</ele>
        <time>2017-03-28T18:33:55Z</time>
      </trkpt>
      <trkpt lat="44.143656995147467" lon="7.028318010270596">
        <ele>1953</ele>
        <time>2017-03-28T18:34:15Z</time>
      </trkpt>
      <trkpt lat="44.14349396713078" lon="7.029786016792059">
        <ele>1945</ele>
        <time>2017-03-28T18:34:35Z</time>
      </trkpt>
      <trkpt lat="44.143349966034293" lon="7.03043301589787">
        <ele>1941</ele>
        <time>2017-03-28T18:34:55Z</time>
      </trkpt>
      <trkpt lat="44.143249969929457" lon="7.031319988891482">
        <ele>1947</ele>
        <time>2017-03-28T18:35:15Z</time>
      </trkpt>
      <trkpt lat="44.143142011016607" lon="7.031928012147546">
        <ele>1941</ele>
        <time>2017-03-28T18:35:35Z</time>
      </trkpt>
      <trkpt lat="44.142923997715116" lon="7.032713983207941">
        <ele>1937</ele>
        <time>2017-03-28T18:35:55Z</time>
      </trkpt>
      <trkpt lat="44.142726017162204" lon="7.033719979226589">
        <ele>1932</ele>
        <time>2017-03-28T18:36:15Z</time>
      </trkpt>
      <trkpt lat="44.142451006919146" lon="7.034568982198834">
        <ele>1935</ele>
        <time>2017-03-28T18:36:35Z</time>
      </trkpt>
      <trkpt lat="44.142299965023994" lon="7.035236014053226">
        <ele>1928</ele>
        <time>2017-03-28T18:36:55Z</time>
      </trkpt>
      <trkpt lat="44.14175296202302" lon="7.036467986181378">
        <ele>1923</ele>
        <time>2017-03-28T18:37:15Z</time>
      </trkpt>
      <trkpt lat="44.141445010900497" lon="7.037089001387358">
        <ele>1924</ele>
        <time>2017-03-28T18:37:35Z</time>
      </trkpt>
      <trkpt lat="44.141549030318856" lon="7.039367035031319">
        <ele>1916</ele>
        <time>2017-03-28T18:37:55Z</time>
      </trkpt>
      <trkpt lat="44.141379967331886" lon="7.039725026115775">
        <ele>1916</ele>
        <time>2017-03-28T18:38:15Z</time>
      </trkpt>
      <trkpt lat="44.141403017565608" lon="7.040075976401568">
        <ele>1914</ele>
        <time>2017-03-28T18:38:35Z</time>
      </trkpt>
      <trkpt lat="44.141330011188984" lon="7.040261970832944">
        <ele>1915</ele>
        <time>2017-03-28T18:38:55Z</time>
      </trkpt>
      <trkpt lat="44.14125700481236" lon="7.040726998820901">
        <ele>1915</ele>
        <time>2017-03-28T18:39:15Z</time>
      </trkpt>
      <trkpt lat="44.14106598123908" lon="7.041137041524053">
        <ele>1917</ele>
        <time>2017-03-28T18:39:35Z</time>
      </trkpt>
      <trkpt lat="44.140915023162961" lon="7.041675997897983">
        <ele>1917</ele>
        <time>2017-03-28T18:39:55Z</time>
      </trkpt>
      <trkpt lat="44.14074101485312" lon="7.042215960100293">
        <ele>1918</ele>
        <time>2017-03-28T18:40:15Z</time>
      </trkpt>
      <trkpt lat="44.140598019585013" lon="7.042468003928661">
        <ele>1918</ele>
        <time>2017-03-28T18:40:35Z</time>
      </trkpt>
      <trkpt lat="44.140494000166655" lon="7.042731028050184">
        <ele>1919</ele>
        <time>2017-03-28T18:40:55Z</time>
      </trkpt>
      <trkpt lat="44.140260983258486" lon="7.043064963072538">
        <ele>1917</ele>
        <time>2017-03-28T18:41:15Z</time>
      </trkpt>
      <trkpt lat="44.14016199298203" lon="7.043610960245132">
        <ele>1916</ele>
        <time>2017-03-28T18:41:35Z</time>
      </trkpt>
      <trkpt lat="44.140186971053481" lon="7.04388395883143">
        <ele>1916</ele>
        <time>2017-03-28T18:41:55Z</time>
      </trkpt>
      <trkpt lat="44.140016986057162" lon="7.044165004044771">
        <ele>1910</ele>
        <time>2017-03-28T18:42:15Z</time>
      </trkpt>
      <trkpt lat="44.140123017132282" lon="7.04478501342237">
        <ele>1913</ele>
        <time>2017-03-28T18:42:35Z</time>
      </trkpt>
      <trkpt lat="44.140121005475521" lon="7.045234031975269">
        <ele>1912</ele>
        <time>2017-03-28T18:42:55Z</time>
      </trkpt>
      <trkpt lat="44.139985973015428" lon="7.045675003901124">
        <ele>1903</ele>
        <time>2017-03-28T18:43:15Z</time>
      </trkpt>
      <trkpt lat="44.139764020219445" lon="7.045805007219315">
        <ele>1902</ele>
        <time>2017-03-28T18:43:35Z</time>
      </trkpt>
      <trkpt lat="44.139595963060856" lon="7.046073982492089">
        <ele>1902</ele>
        <time>2017-03-28T18:43:55Z</time>
      </trkpt>
      <trkpt lat="44.139454979449511" lon="7.04618202522397">
        <ele>1901</ele>
        <time>2017-03-28T18:44:15Z</time>
      </trkpt>
      <trkpt lat="44.139278959482908" lon="7.046472039073706">
        <ele>1899</ele>
        <time>2017-03-28T18:44:35Z</time>
      </trkpt>
      <trkpt lat="44.139128001406789" lon="7.047118032351136">
        <ele>1900</ele>
        <time>2017-03-28T18:44:55Z</time>
      </trkpt>
      <trkpt lat="44.139119032770395" lon="7.047291034832597">
        <ele>1898</ele>
        <time>2017-03-28T18:45:15Z</time>
      </trkpt>
      <trkpt lat="44.139033034443855" lon="7.047669980674982">
        <ele>1895</ele>
        <time>2017-03-28T18:45:35Z</time>
      </trkpt>
      <trkpt lat="44.139005038887262" lon="7.048381017521024">
        <ele>1895</ele>
        <time>2017-03-28T18:45:55Z</time>
      </trkpt>
      <trkpt lat="44.13902398198843" lon="7.048599030822516">
        <ele>1895</ele>
        <time>2017-03-28T18:46:15Z</time>
      </trkpt>
      <trkpt lat="44.138929015025496" lon="7.048914022743702">
        <ele>1896</ele>
        <time>2017-03-28T18:46:35Z</time>
      </trkpt>
      <trkpt lat="44.138839999213815" lon="7.049685996025801">
        <ele>1896</ele>
        <time>2017-03-28T18:46:55Z</time>
      </trkpt>
      <trkpt lat="44.138666996732354" lon="7.05035001039505">
        <ele>1893</ele>
        <time>2017-03-28T18:47:15Z</time>
      </trkpt>
      <trkpt lat="44.13865702226758" lon="7.05058503895998">
        <ele>1893</ele>
        <time>2017-03-28T18:47:35Z</time>
      </trkpt>
      <trkpt lat="44.138419982045889" lon="7.050905982032418">
        <ele>1890</ele>
        <time>2017-03-28T18:47:55Z</time>
      </trkpt>
      <trkpt lat="44.138376982882619" lon="7.051264978945255">
        <ele>1891</ele>
        <time>2017-03-28T18:48:15Z</time>
      </trkpt>
      <trkpt lat="44.138372037559748" lon="7.051721038296819">
        <ele>1886</ele>
        <time>2017-03-28T18:48:35Z</time>
      </trkpt>
      <trkpt lat="44.138386035338044" lon="7.052041981369257">
        <ele>1890</ele>
        <time>2017-03-28T18:48:55Z</time>
      </trkpt>
      <trkpt lat="44.13831596262753" lon="7.052290001884103">
        <ele>1881</ele>
        <time>2017-03-28T18:49:15Z</time>
      </trkpt>
      <trkpt lat="44.138245973736048" lon="7.052676994353533">
        <ele>1871</ele>
        <time>2017-03-28T18:49:35Z</time>
      </trkpt>
      <trkpt lat="44.138099038973451" lon="7.052869023755193">
        <ele>1867</ele>
        <time>2017-03-28T18:49:55Z</time>
      </trkpt>
      <trkpt lat="44.138089986518025" lon="7.053065998479724">
        <ele>1865</ele>
        <time>2017-03-28T18:50:15Z</time>
      </trkpt>
      <trkpt lat="44.13782000541687" lon="7.053789021447301">
        <ele>1835</ele>
        <time>2017-03-28T18:50:35Z</time>
      </trkpt>
      <trkpt lat="44.137780023738742" lon="7.054523024708033">
        <ele>1809</ele>
        <time>2017-03-28T18:50:55Z</time>
      </trkpt>
      <trkpt lat="44.137458996847272" lon="7.054005023092032">
        <ele>1805</ele>
        <time>2017-03-28T18:51:15Z</time>
      </trkpt>
      <trkpt lat="44.137231009081006" lon="7.054273998364806">
        <ele>1782</ele>
        <time>2017-03-28T18:51:35Z</time>
      </trkpt>
      <trkpt lat="44.137115003541112" lon="7.054301993921399">
        <ele>1781</ele>
        <time>2017-03-28T18:51:55Z</time>
      </trkpt>
      <trkpt lat="44.136720970273018" lon="7.054742965847254">
        <ele>1766</ele>
        <time>2017-03-28T18:52:15Z</time>
      </trkpt>
      <trkpt lat="44.136657016351819" lon="7.054977994412184">
        <ele>1749</ele>
        <time>2017-03-28T18:52:35Z</time>
      </trkpt>
      <trkpt lat="44.136342024430633" lon="7.055326011031866">
        <ele>1735</ele>
        <time>2017-03-28T18:52:55Z</time>
      </trkpt>
      <trkpt lat="44.135732995346189" lon="7.055517034605146">
        <ele>1729</ele>
        <time>2017-03-28T18:53:15Z</time>
      </trkpt>
      <trkpt lat="44.135436024516821" lon="7.055450985208154">
        <ele>1731</ele>
        <time>2017-03-28T18:53:35Z</time>
      </trkpt>
      <trkpt lat="44.135135030373931" lon="7.055709986016154">
        <ele>1718</ele>
        <time>2017-03-28T18:53:55Z</time>
      </trkpt>
      <trkpt lat="44.134268006309867" lon="7.055916013196111">
        <ele>1695</ele>
        <time>2017-03-28T18:54:15Z</time>
      </trkpt>
      <trkpt lat="44.134164992719889" lon="7.056035958230496">
        <ele>1699</ele>
        <time>2017-03-28T18:54:35Z</time>
      </trkpt>
      <trkpt lat="44.134092992171645" lon="7.056226981803775">
        <ele>1693</ele>
        <time>2017-03-28T18:54:55Z</time>
      </trkpt>
      <trkpt lat="44.133790992200375" lon="7.056720005348325">
        <ele>1662</ele>
        <time>2017-03-28T18:55:15Z</time>
      </trkpt>
      <trkpt lat="44.133537020534277" lon="7.056901976466179">
        <ele>1664</ele>
        <time>2017-03-28T18:55:35Z</time>
      </trkpt>
      <trkpt lat="44.132468998432159" lon="7.058235034346581">
        <ele>1643</ele>
        <time>2017-03-28T18:55:55Z</time>
      </trkpt>
      <trkpt lat="44.132151994854212" lon="7.058553965762258">
        <ele>1629</ele>
        <time>2017-03-28T18:56:15Z</time>
      </trkpt>
      <trkpt lat="44.132001036778092" lon="7.05913701094687">
        <ele>1622</ele>
        <time>2017-03-28T18:56:35Z</time>
      </trkpt>
      <trkpt lat="44.131771959364414" lon="7.059411015361548">
        <ele>1603</ele>
        <time>2017-03-28T18:56:55Z</time>
      </trkpt>
      <trkpt lat="44.131240965798497" lon="7.059530038386583">
        <ele>1608</ele>
        <time>2017-03-28T18:57:15Z</time>
      </trkpt>
      <trkpt lat="44.130613999441266" lon="7.06001803278923">
        <ele>1584</ele>
        <time>2017-03-28T18:57:35Z</time>
      </trkpt>
      <trkpt lat="44.130230024456978" lon="7.060236968100071">
        <ele>1582</ele>
        <time>2017-03-28T18:57:55Z</time>
      </trkpt>
      <trkpt lat="44.129615966230631" lon="7.06090098246932">
        <ele>1546</ele>
        <time>2017-03-28T18:58:15Z</time>
      </trkpt>
      <trkpt lat="44.129029987379909" lon="7.060976000502706">
        <ele>1555</ele>
        <time>2017-03-28T18:58:35Z</time>
      </trkpt>
      <trkpt lat="44.127703970298171" lon="7.06171696074307">
        <ele>1517</ele>
        <time>2017-03-28T18:58:55Z</time>
      </trkpt>
      <trkpt lat="44.127231985330582" lon="7.062029018998146">
        <ele>1507</ele>
        <time>2017-03-28T18:59:15Z</time>
      </trkpt>
      <trkpt lat="44.126521032303572" lon="7.062664031982422">
        <ele>1480</ele>
        <time>2017-03-28T18:59:35Z</time>
      </trkpt>
      <trkpt lat="44.126364961266518" lon="7.062607035040855">
        <ele>1474</ele>
        <time>2017-03-28T18:59:55Z</time>
      </trkpt>
      <trkpt lat="44.126343000680208" lon="7.062334958463907">
        <ele>1476</ele>
        <time>2017-03-28T19:00:15Z</time>
      </trkpt>
      <trkpt lat="44.126258008182049" lon="7.062028013169766">
        <ele>1472</ele>
        <time>2017-03-28T19:00:35Z</time>
      </trkpt>
      <trkpt lat="44.126351969316602" lon="7.061825003474951">
        <ele>1477</ele>
        <time>2017-03-28T19:00:55Z</time>
      </trkpt>
      <trkpt lat="44.126358004286885" lon="7.061605984345079">
        <ele>1475</ele>
        <time>2017-03-28T19:01:15Z</time>
      </trkpt>
      <trkpt lat="44.126473003998399" lon="7.061334997415543">
        <ele>1477</ele>
        <time>2017-03-28T19:01:35Z</time>
      </trkpt>
      <trkpt lat="44.126552967354655" lon="7.060418017208576">
        <ele>1478</ele>
        <time>2017-03-28T19:01:55Z</time>
      </trkpt>
      <trkpt lat="44.12647501565516" lon="7.06023596227169">
        <ele>1478</ele>
        <time>2017-03-28T19:02:15Z</time>
      </trkpt>
      <trkpt lat="44.126517008990049" lon="7.060029013082385">
        <ele>1483</ele>
        <time>2017-03-28T19:02:35Z</time>
      </trkpt>
      <trkpt lat="44.126520026475191" lon="7.059887023642659">
        <ele>1490</ele>
        <time>2017-03-28T19:02:55Z</time>
      </trkpt>
      <trkpt lat="44.126621028408408" lon="7.059680996462703">
        <ele>1490</ele>
        <time>2017-03-28T19:03:15Z</time>
      </trkpt>
      <trkpt lat="44.126760000362992" lon="7.059600027278066">
        <ele>1512</ele>
        <time>2017-03-28T19:03:35Z</time>
      </trkpt>
      <trkpt lat="44.126783972606063" lon="7.059445967897773">
        <ele>1511</ele>
        <time>2017-03-28T19:03:55Z</time>
      </trkpt>
      <trkpt lat="44.126607030630112" lon="7.059237007051706">
        <ele>1492</ele>
        <time>2017-03-28T19:04:15Z</time>
      </trkpt>
      <trkpt lat="44.126182990148664" lon="7.059497013688088">
        <ele>1490</ele>
        <time>2017-03-28T19:04:35Z</time>
      </trkpt>
      <trkpt lat="44.126036977395415" lon="7.059477986767888">
        <ele>1490</ele>
        <time>2017-03-28T19:04:55Z</time>
      </trkpt>
      <trkpt lat="44.125818964093924" lon="7.059729024767876">
        <ele>1483</ele>
        <time>2017-03-28T19:05:15Z</time>
      </trkpt>
      <trkpt lat="44.125656019896269" lon="7.060120040550828">
        <ele>1453</ele>
        <time>2017-03-28T19:05:35Z</time>
      </trkpt>
      <trkpt lat="44.125240026041865" lon="7.060290025547147">
        <ele>1456</ele>
        <time>2017-03-28T19:05:55Z</time>
      </trkpt>
      <trkpt lat="44.125141035765409" lon="7.060566041618586">
        <ele>1448</ele>
        <time>2017-03-28T19:06:15Z</time>
      </trkpt>
      <trkpt lat="44.125049002468586" lon="7.060681041330099">
        <ele>1444</ele>
        <time>2017-03-28T19:06:35Z</time>
      </trkpt>
      <trkpt lat="44.12469101138413" lon="7.060609040781856">
        <ele>1467</ele>
        <time>2017-03-28T19:06:55Z</time>
      </trkpt>
      <trkpt lat="44.124620016664267" lon="7.060336964204907">
        <ele>1475</ele>
        <time>2017-03-28T19:07:15Z</time>
      </trkpt>
      <trkpt lat="44.124556984752417" lon="7.060354985296726">
        <ele>1476</ele>
        <time>2017-03-28T19:07:35Z</time>
      </trkpt>
      <trkpt lat="44.124115006998181" lon="7.06098698079586">
        <ele>1467</ele>
        <time>2017-03-28T19:07:55Z</time>
      </trkpt>
      <trkpt lat="44.1240259911865" lon="7.061225026845932">
        <ele>1460</ele>
        <time>2017-03-28T19:08:15Z</time>
      </trkpt>
      <trkpt lat="44.123781993985176" lon="7.061505988240242">
        <ele>1458</ele>
        <time>2017-03-28T19:08:35Z</time>
      </trkpt>
      <trkpt lat="44.122906001284719" lon="7.061904966831207">
        <ele>1461</ele>
        <time>2017-03-28T19:08:55Z</time>
      </trkpt>
      <trkpt lat="44.122443990781903" lon="7.061794996261597">
        <ele>1468</ele>
        <time>2017-03-28T19:09:15Z</time>
      </trkpt>
      <trkpt lat="44.122193958610296" lon="7.062062965705991">
        <ele>1468</ele>
        <time>2017-03-28T19:09:35Z</time>
      </trkpt>
      <trkpt lat="44.121644021943212" lon="7.062487006187439">
        <ele>1467</ele>
        <time>2017-03-28T19:09:55Z</time>
      </trkpt>
      <trkpt lat="44.121155021712184" lon="7.062685992568731">
        <ele>1465</ele>
        <time>2017-03-28T19:10:15Z</time>
      </trkpt>
      <trkpt lat="44.120772974565625" lon="7.062899982556701">
        <ele>1464</ele>
        <time>2017-03-28T19:10:35Z</time>
      </trkpt>
      <trkpt lat="44.120577005669475" lon="7.062793029472232">
        <ele>1464</ele>
        <time>2017-03-28T19:10:55Z</time>
      </trkpt>
      <trkpt lat="44.12009303458035" lon="7.06280903890729">
        <ele>1464</ele>
        <time>2017-03-28T19:11:15Z</time>
      </trkpt>
      <trkpt lat="44.119859011843801" lon="7.062711976468563">
        <ele>1464</ele>
        <time>2017-03-28T19:11:35Z</time>
      </trkpt>
      <trkpt lat="44.119374034926295" lon="7.062738966196775">
        <ele>1461</ele>
        <time>2017-03-28T19:11:55Z</time>
      </trkpt>
      <trkpt lat="44.119035992771387" lon="7.062793029472232">
        <ele>1461</ele>
        <time>2017-03-28T19:12:15Z</time>
      </trkpt>
      <trkpt lat="44.118658974766731" lon="7.063189996406436">
        <ele>1458</ele>
        <time>2017-03-28T19:12:35Z</time>
      </trkpt>
      <trkpt lat="44.118477003648877" lon="7.063222015276551">
        <ele>1458</ele>
        <time>2017-03-28T19:12:55Z</time>
      </trkpt>
      <trkpt lat="44.118297966197133" lon="7.063163006678224">
        <ele>1461</ele>
        <time>2017-03-28T19:13:15Z</time>
      </trkpt>
      <trkpt lat="44.118046006187797" lon="7.0633490011096">
        <ele>1455</ele>
        <time>2017-03-28T19:13:35Z</time>
      </trkpt>
      <trkpt lat="44.117821035906672" lon="7.063729036599398">
        <ele>1453</ele>
        <time>2017-03-28T19:13:55Z</time>
      </trkpt>
      <trkpt lat="44.117637975141406" lon="7.063632979989052">
        <ele>1455</ele>
        <time>2017-03-28T19:14:15Z</time>
      </trkpt>
      <trkpt lat="44.117476036772132" lon="7.063843030482531">
        <ele>1462</ele>
        <time>2017-03-28T19:14:35Z</time>
      </trkpt>
      <trkpt lat="44.117390038445592" lon="7.063854010775685">
        <ele>1463</ele>
        <time>2017-03-28T19:14:55Z</time>
      </trkpt>
      <trkpt lat="44.117330024018884" lon="7.063738005235791">
        <ele>1465</ele>
        <time>2017-03-28T19:15:15Z</time>
      </trkpt>
      <trkpt lat="44.117146963253617" lon="7.06367002800107">
        <ele>1468</ele>
        <time>2017-03-28T19:15:35Z</time>
      </trkpt>
      <trkpt lat="44.116599960252643" lon="7.064040005207062">
        <ele>1485</ele>
        <time>2017-03-28T19:15:55Z</time>
      </trkpt>
      <trkpt lat="44.11622503772378" lon="7.064714999869466">
        <ele>1485</ele>
        <time>2017-03-28T19:16:15Z</time>
      </trkpt>
      <trkpt lat="44.11594801582396" lon="7.065222021192312">
        <ele>1478</ele>
        <time>2017-03-28T19:16:35Z</time>
      </trkpt>
      <trkpt lat="44.115710975602269" lon="7.066046968102455">
        <ele>1489</ele>
        <time>2017-03-28T19:16:55Z</time>
      </trkpt>
      <trkpt lat="44.11562598310411" lon="7.066836040467024">
        <ele>1473</ele>
        <time>2017-03-28T19:17:15Z</time>
      </trkpt>
      <trkpt lat="44.115509977564216" lon="7.0673259627074">
        <ele>1473</ele>
        <time>2017-03-28T19:17:35Z</time>
      </trkpt>
      <trkpt lat="44.115107981488109" lon="7.067884029820561">
        <ele>1475</ele>
        <time>2017-03-28T19:17:55Z</time>
      </trkpt>
      <trkpt lat="44.11543202586472" lon="7.0687420014292">
        <ele>1462</ele>
        <time>2017-03-28T19:18:15Z</time>
      </trkpt>
      <trkpt lat="44.115414004772902" lon="7.06921398639679">
        <ele>1456</ele>
        <time>2017-03-28T19:18:35Z</time>
      </trkpt>
      <trkpt lat="44.115265980362892" lon="7.069461001083255">
        <ele>1459</ele>
        <time>2017-03-28T19:18:55Z</time>
      </trkpt>
      <trkpt lat="44.115077974274755" lon="7.069961987435818">
        <ele>1463</ele>
        <time>2017-03-28T19:19:15Z</time>
      </trkpt>
      <trkpt lat="44.114868007600307" lon="7.070324001833797">
        <ele>1468</ele>
        <time>2017-03-28T19:19:35Z</time>
      </trkpt>
      <trkpt lat="44.114140039309859" lon="7.070706970989704">
        <ele>1490</ele>
        <time>2017-03-28T19:19:55Z</time>
      </trkpt>
      <trkpt lat="44.114051023498178" lon="7.071118019521236">
        <ele>1484</ele>
        <time>2017-03-28T19:20:15Z</time>
      </trkpt>
      <trkpt lat="44.11425101570785" lon="7.071699975058436">
        <ele>1457</ele>
        <time>2017-03-28T19:20:35Z</time>
      </trkpt>
      <trkpt lat="44.113883972167969" lon="7.072633970528841">
        <ele>1445</ele>
        <time>2017-03-28T19:20:55Z</time>
      </trkpt>
      <trkpt lat="44.113523969426751" lon="7.072410006076098">
        <ele>1465</ele>
        <time>2017-03-28T19:21:15Z</time>
      </trkpt>
      <trkpt lat="44.113266980275512" lon="7.072378993034363">
        <ele>1474</ele>
        <time>2017-03-28T19:21:35Z</time>
      </trkpt>
      <trkpt lat="44.113024994730949" lon="7.072165003046393">
        <ele>1487</ele>
        <time>2017-03-28T19:21:55Z</time>
      </trkpt>
      <trkpt lat="44.112860038876534" lon="7.072583008557558">
        <ele>1467</ele>
        <time>2017-03-28T19:22:15Z</time>
      </trkpt>
      <trkpt lat="44.112678989768028" lon="7.072753999382258">
        <ele>1469</ele>
        <time>2017-03-28T19:22:35Z</time>
      </trkpt>
      <trkpt lat="44.112092005088925" lon="7.073819003999233">
        <ele>1464</ele>
        <time>2017-03-28T19:22:55Z</time>
      </trkpt>
      <trkpt lat="44.111523041501641" lon="7.074148999527097">
        <ele>1467</ele>
        <time>2017-03-28T19:23:15Z</time>
      </trkpt>
      <trkpt lat="44.111259011551738" lon="7.074040034785867">
        <ele>1470</ele>
        <time>2017-03-28T19:23:35Z</time>
      </trkpt>
      <trkpt lat="44.110594997182488" lon="7.073936015367508">
        <ele>1469</ele>
        <time>2017-03-28T19:23:55Z</time>
      </trkpt>
      <trkpt lat="44.109993008896708" lon="7.07396199926734">
        <ele>1472</ele>
        <time>2017-03-28T19:24:15Z</time>
      </trkpt>
      <trkpt lat="44.109758986160159" lon="7.074076998978853">
        <ele>1474</ele>
        <time>2017-03-28T19:24:35Z</time>
      </trkpt>
      <trkpt lat="44.109121039509773" lon="7.075177039951086">
        <ele>1461</ele>
        <time>2017-03-28T19:24:55Z</time>
      </trkpt>
      <trkpt lat="44.108420982956886" lon="7.076147999614477">
        <ele>1440</ele>
        <time>2017-03-28T19:25:15Z</time>
      </trkpt>
      <trkpt lat="44.108157958835363" lon="7.076419992372394">
        <ele>1458</ele>
        <time>2017-03-28T19:25:35Z</time>
      </trkpt>
      <trkpt lat="44.10787196829915" lon="7.076845038682222">
        <ele>1448</ele>
        <time>2017-03-28T19:25:55Z</time>
      </trkpt>
      <trkpt lat="44.107467038556933" lon="7.077252985909581">
        <ele>1476</ele>
        <time>2017-03-28T19:26:15Z</time>
      </trkpt>
      <trkpt lat="44.107361007481813" lon="7.078139958903194">
        <ele>1459</ele>
        <time>2017-03-28T19:26:35Z</time>
      </trkpt>
      <trkpt lat="44.105353960767388" lon="7.082852013409138">
        <ele>1433</ele>
        <time>2017-03-28T19:26:55Z</time>
      </trkpt>
      <trkpt lat="44.104748032987118" lon="7.083659023046494">
        <ele>1431</ele>
        <time>2017-03-28T19:27:15Z</time>
      </trkpt>
      <trkpt lat="44.104591039940715" lon="7.084160009399056">
        <ele>1427</ele>
        <time>2017-03-28T19:27:35Z</time>
      </trkpt>
      <trkpt lat="44.104039007797837" lon="7.085012029856443">
        <ele>1407</ele>
        <time>2017-03-28T19:27:55Z</time>
      </trkpt>
      <trkpt lat="44.103191010653973" lon="7.085905037820339">
        <ele>1396</ele>
        <time>2017-03-28T19:28:15Z</time>
      </trkpt>
      <trkpt lat="44.102565972134471" lon="7.086068987846375">
        <ele>1397</ele>
        <time>2017-03-28T19:28:35Z</time>
      </trkpt>
      <trkpt lat="44.10179098136723" lon="7.087770011276007">
        <ele>1370</ele>
        <time>2017-03-28T19:28:55Z</time>
      </trkpt>
      <trkpt lat="44.101527035236359" lon="7.088053990155459">
        <ele>1371</ele>
        <time>2017-03-28T19:29:15Z</time>
      </trkpt>
      <trkpt lat="44.100726982578635" lon="7.087919963523746">
        <ele>1373</ele>
        <time>2017-03-28T19:29:35Z</time>
      </trkpt>
      <trkpt lat="44.099946040660143" lon="7.088498985394836">
        <ele>1343</ele>
        <time>2017-03-28T19:29:55Z</time>
      </trkpt>
      <trkpt lat="44.099442036822438" lon="7.088620020076633">
        <ele>1333</ele>
        <time>2017-03-28T19:30:15Z</time>
      </trkpt>
      <trkpt lat="44.099158979952335" lon="7.088326988741756">
        <ele>1345</ele>
        <time>2017-03-28T19:30:35Z</time>
      </trkpt>
      <trkpt lat="44.09878196194768" lon="7.088609961792827">
        <ele>1325</ele>
        <time>2017-03-28T19:30:55Z</time>
      </trkpt>
      <trkpt lat="44.098289022222161" lon="7.088669976219535">
        <ele>1322</ele>
        <time>2017-03-28T19:31:15Z</time>
      </trkpt>
      <trkpt lat="44.098068997263908" lon="7.088589007034898">
        <ele>1324</ele>
        <time>2017-03-28T19:31:35Z</time>
      </trkpt>
      <trkpt lat="44.097444964572787" lon="7.089377995580435">
        <ele>1300</ele>
        <time>2017-03-28T19:31:55Z</time>
      </trkpt>
      <trkpt lat="44.096457995474339" lon="7.090210989117622">
        <ele>1276</ele>
        <time>2017-03-28T19:32:15Z</time>
      </trkpt>
      <trkpt lat="44.095910992473364" lon="7.090391032397747">
        <ele>1272</ele>
        <time>2017-03-28T19:32:35Z</time>
      </trkpt>
      <trkpt lat="44.095628019422293" lon="7.09033596329391">
        <ele>1262</ele>
        <time>2017-03-28T19:32:55Z</time>
      </trkpt>
      <trkpt lat="44.095527017489076" lon="7.090387009084225">
        <ele>1259</ele>
        <time>2017-03-28T19:33:15Z</time>
      </trkpt>
      <trkpt lat="44.095089985057712" lon="7.09029296413064">
        <ele>1255</ele>
        <time>2017-03-28T19:33:35Z</time>
      </trkpt>
      <trkpt lat="44.094645995646715" lon="7.089585028588772">
        <ele>1250</ele>
        <time>2017-03-28T19:33:55Z</time>
      </trkpt>
      <trkpt lat="44.094421025365591" lon="7.089355029165745">
        <ele>1247</ele>
        <time>2017-03-28T19:34:15Z</time>
      </trkpt>
      <trkpt lat="44.094167975708842" lon="7.089300965890288">
        <ele>1243</ele>
        <time>2017-03-28T19:34:35Z</time>
      </trkpt>
      <trkpt lat="44.094094969332218" lon="7.089204993098974">
        <ele>1233</ele>
        <time>2017-03-28T19:34:55Z</time>
      </trkpt>
      <trkpt lat="44.093960020691156" lon="7.08915101364255">
        <ele>1236</ele>
        <time>2017-03-28T19:35:15Z</time>
      </trkpt>
      <trkpt lat="44.093536986038089" lon="7.088738959282637">
        <ele>1231</ele>
        <time>2017-03-28T19:35:35Z</time>
      </trkpt>
      <trkpt lat="44.093006998300552" lon="7.088672993704677">
        <ele>1208</ele>
        <time>2017-03-28T19:35:55Z</time>
      </trkpt>
      <trkpt lat="44.092480028048158" lon="7.088340986520052">
        <ele>1199</ele>
        <time>2017-03-28T19:36:15Z</time>
      </trkpt>
      <trkpt lat="44.092169981449842" lon="7.087813010439277">
        <ele>1191</ele>
        <time>2017-03-28T19:36:35Z</time>
      </trkpt>
      <trkpt lat="44.09182095900178" lon="7.087306994944811">
        <ele>1188</ele>
        <time>2017-03-28T19:36:55Z</time>
      </trkpt>
      <trkpt lat="44.091512002050877" lon="7.086526975035667">
        <ele>1169</ele>
        <time>2017-03-28T19:37:15Z</time>
      </trkpt>
      <trkpt lat="44.091506972908974" lon="7.08627300336957">
        <ele>1166</ele>
        <time>2017-03-28T19:37:35Z</time>
      </trkpt>
      <trkpt lat="44.091400019824505" lon="7.085903026163578">
        <ele>1165</ele>
        <time>2017-03-28T19:37:55Z</time>
      </trkpt>
      <trkpt lat="44.09128200262785" lon="7.085870001465082">
        <ele>1162</ele>
        <time>2017-03-28T19:38:15Z</time>
      </trkpt>
      <trkpt lat="44.091530023142695" lon="7.085647964850068">
        <ele>1160</ele>
        <time>2017-03-28T19:38:35Z</time>
      </trkpt>
      <trkpt lat="44.09147696569562" lon="7.085515027865768">
        <ele>1156</ele>
        <time>2017-03-28T19:38:55Z</time>
      </trkpt>
      <trkpt lat="44.091042028740048" lon="7.085719965398312">
        <ele>1151</ele>
        <time>2017-03-28T19:39:15Z</time>
      </trkpt>
      <trkpt lat="44.090799037367105" lon="7.085616029798985">
        <ele>1138</ele>
        <time>2017-03-28T19:39:35Z</time>
      </trkpt>
      <trkpt lat="44.090472981333733" lon="7.085611000657082">
        <ele>1133</ele>
        <time>2017-03-28T19:39:55Z</time>
      </trkpt>
      <trkpt lat="44.090269971638918" lon="7.085310006514192">
        <ele>1125</ele>
        <time>2017-03-28T19:40:15Z</time>
      </trkpt>
      <trkpt lat="44.090083977207541" lon="7.085185032337904">
        <ele>1118</ele>
        <time>2017-03-28T19:40:35Z</time>
      </trkpt>
      <trkpt lat="44.089878033846617" lon="7.085288967937231">
        <ele>1097</ele>
        <time>2017-03-28T19:40:55Z</time>
      </trkpt>
      <trkpt lat="44.089532028883696" lon="7.086320025846362">
        <ele>1097</ele>
        <time>2017-03-28T19:41:15Z</time>
      </trkpt>
      <trkpt lat="44.089595982804894" lon="7.086556982249022">
        <ele>1098</ele>
        <time>2017-03-28T19:41:35Z</time>
      </trkpt>
      <trkpt lat="44.089751970022917" lon="7.086624959483743">
        <ele>1104</ele>
        <time>2017-03-28T19:41:55Z</time>
      </trkpt>
      <trkpt lat="44.089862024411559" lon="7.086858982220292">
        <ele>1099</ele>
        <time>2017-03-28T19:42:15Z</time>
      </trkpt>
      <trkpt lat="44.090290004387498" lon="7.087069032713771">
        <ele>1120</ele>
        <time>2017-03-28T19:42:35Z</time>
      </trkpt>
      <trkpt lat="44.090295033529401" lon="7.087155031040311">
        <ele>1119</ele>
        <time>2017-03-28T19:42:55Z</time>
      </trkpt>
      <trkpt lat="44.089641999453306" lon="7.087050005793572">
        <ele>1090</ele>
        <time>2017-03-28T19:43:15Z</time>
      </trkpt>
      <trkpt lat="44.089615009725094" lon="7.087186966091394">
        <ele>1088</ele>
        <time>2017-03-28T19:43:35Z</time>
      </trkpt>
      <trkpt lat="44.0900809597224" lon="7.087285034358501">
        <ele>1112</ele>
        <time>2017-03-28T19:43:55Z</time>
      </trkpt>
      <trkpt lat="44.090233007445931" lon="7.087446972727776">
        <ele>1112</ele>
        <time>2017-03-28T19:44:15Z</time>
      </trkpt>
      <trkpt lat="44.090240970253944" lon="7.087582005187869">
        <ele>1103</ele>
        <time>2017-03-28T19:44:35Z</time>
      </trkpt>
      <trkpt lat="44.09003896638751" lon="7.087428029626608">
        <ele>1104</ele>
        <time>2017-03-28T19:44:55Z</time>
      </trkpt>
      <trkpt lat="44.089546026661992" lon="7.087620981037617">
        <ele>1078</ele>
        <time>2017-03-28T19:45:15Z</time>
      </trkpt>
      <trkpt lat="44.089523982256651" lon="7.087759030982852">
        <ele>1078</ele>
        <time>2017-03-28T19:45:35Z</time>
      </trkpt>
      <trkpt lat="44.089667983353138" lon="7.087901020422578">
        <ele>1078</ele>
        <time>2017-03-28T19:45:55Z</time>
      </trkpt>
      <trkpt lat="44.089911980554461" lon="7.08769298158586">
        <ele>1085</ele>
        <time>2017-03-28T19:46:15Z</time>
      </trkpt>
      <trkpt lat="44.090195037424564" lon="7.08777797408402">
        <ele>1101</ele>
        <time>2017-03-28T19:46:35Z</time>
      </trkpt>
      <trkpt lat="44.090010970830917" lon="7.087972015142441">
        <ele>1096</ele>
        <time>2017-03-28T19:46:55Z</time>
      </trkpt>
      <trkpt lat="44.090218003839254" lon="7.088513989001513">
        <ele>1083</ele>
        <time>2017-03-28T19:47:15Z</time>
      </trkpt>
      <trkpt lat="44.090139968320727" lon="7.089621992781758">
        <ele>1064</ele>
        <time>2017-03-28T19:47:35Z</time>
      </trkpt>
      <trkpt lat="44.090065034106374" lon="7.08977404050529">
        <ele>1059</ele>
        <time>2017-03-28T19:47:55Z</time>
      </trkpt>
      <trkpt lat="44.090125970542431" lon="7.09003396332264">
        <ele>1049</ele>
        <time>2017-03-28T19:48:15Z</time>
      </trkpt>
      <trkpt lat="44.090050030499697" lon="7.090430008247495">
        <ele>1048</ele>
        <time>2017-03-28T19:48:35Z</time>
      </trkpt>
      <trkpt lat="44.090205011889338" lon="7.090528998523951">
        <ele>1049</ele>
        <time>2017-03-28T19:48:55Z</time>
      </trkpt>
      <trkpt lat="44.090313976630569" lon="7.090864023193717">
        <ele>1040</ele>
        <time>2017-03-28T19:49:15Z</time>
      </trkpt>
      <trkpt lat="44.090368961915374" lon="7.091355035081506">
        <ele>1040</ele>
        <time>2017-03-28T19:49:35Z</time>
      </trkpt>
      <trkpt lat="44.09033602103591" lon="7.091717971488833">
        <ele>1025</ele>
        <time>2017-03-28T19:49:55Z</time>
      </trkpt>
      <trkpt lat="44.090566020458937" lon="7.092089960351586">
        <ele>1029</ele>
        <time>2017-03-28T19:50:15Z</time>
      </trkpt>
      <trkpt lat="44.090656964108348" lon="7.092505032196641">
        <ele>1023</ele>
        <time>2017-03-28T19:50:35Z</time>
      </trkpt>
      <trkpt lat="44.09065998159349" lon="7.093194024637342">
        <ele>1012</ele>
        <time>2017-03-28T19:50:55Z</time>
      </trkpt>
      <trkpt lat="44.090541964396834" lon="7.093302989378572">
        <ele>1008</ele>
        <time>2017-03-28T19:51:15Z</time>
      </trkpt>
      <trkpt lat="44.090397963300347" lon="7.093931967392564">
        <ele>992</ele>
        <time>2017-03-28T19:51:35Z</time>
      </trkpt>
      <trkpt lat="44.090385977178812" lon="7.094230027869344">
        <ele>985</ele>
        <time>2017-03-28T19:51:55Z</time>
      </trkpt>
      <trkpt lat="44.090543976053596" lon="7.094655996188521">
        <ele>987</ele>
        <time>2017-03-28T19:52:15Z</time>
      </trkpt>
      <trkpt lat="44.090559985488653" lon="7.094897981733084">
        <ele>987</ele>
        <time>2017-03-28T19:52:35Z</time>
      </trkpt>
      <trkpt lat="44.090668028220534" lon="7.09525597281754">
        <ele>976</ele>
        <time>2017-03-28T19:52:55Z</time>
      </trkpt>
      <trkpt lat="44.090884029865265" lon="7.09553400054574">
        <ele>981</ele>
        <time>2017-03-28T19:53:15Z</time>
      </trkpt>
      <trkpt lat="44.091054014861584" lon="7.095656963065267">
        <ele>979</ele>
        <time>2017-03-28T19:53:35Z</time>
      </trkpt>
      <trkpt lat="44.090856034308672" lon="7.095699962228537">
        <ele>976</ele>
        <time>2017-03-28T19:53:55Z</time>
      </trkpt>
      <trkpt lat="44.0903589874506" lon="7.095483960583806">
        <ele>967</ele>
        <time>2017-03-28T19:54:15Z</time>
      </trkpt>
      <trkpt lat="44.090031003579497" lon="7.09486898034811">
        <ele>971</ele>
        <time>2017-03-28T19:54:35Z</time>
      </trkpt>
      <trkpt lat="44.089936036616564" lon="7.094542002305389">
        <ele>945</ele>
        <time>2017-03-28T19:54:55Z</time>
      </trkpt>
      <trkpt lat="44.089847020804882" lon="7.094592964276671">
        <ele>943</ele>
        <time>2017-03-28T19:55:15Z</time>
      </trkpt>
      <trkpt lat="44.09012496471405" lon="7.095512039959431">
        <ele>963</ele>
        <time>2017-03-28T19:55:35Z</time>
      </trkpt>
      <trkpt lat="44.09042595885694" lon="7.095883022993803">
        <ele>949</ele>
        <time>2017-03-28T19:55:55Z</time>
      </trkpt>
      <trkpt lat="44.08999202772975" lon="7.095580017194152">
        <ele>940</ele>
        <time>2017-03-28T19:56:15Z</time>
      </trkpt>
      <trkpt lat="44.089735960587859" lon="7.094979034736753">
        <ele>943</ele>
        <time>2017-03-28T19:56:35Z</time>
      </trkpt>
      <trkpt lat="44.089825982227921" lon="7.095541041344404">
        <ele>938</ele>
        <time>2017-03-28T19:56:55Z</time>
      </trkpt>
      <trkpt lat="44.089974006637931" lon="7.095844969153404">
        <ele>944</ele>
        <time>2017-03-28T19:57:15Z</time>
      </trkpt>
      <trkpt lat="44.09016402438283" lon="7.096019983291626">
        <ele>944</ele>
        <time>2017-03-28T19:57:35Z</time>
      </trkpt>
      <trkpt lat="44.090481027960777" lon="7.096376968547702">
        <ele>942</ele>
        <time>2017-03-28T19:57:55Z</time>
      </trkpt>
      <trkpt lat="44.090090012177825" lon="7.096217963844538">
        <ele>940</ele>
        <time>2017-03-28T19:58:15Z</time>
      </trkpt>
      <trkpt lat="44.089528005570173" lon="7.096188040450215">
        <ele>916</ele>
        <time>2017-03-28T19:58:35Z</time>
      </trkpt>
      <trkpt lat="44.089319966733456" lon="7.096072034910321">
        <ele>913</ele>
        <time>2017-03-28T19:58:55Z</time>
      </trkpt>
      <trkpt lat="44.08919901587069" lon="7.095883022993803">
        <ele>910</ele>
        <time>2017-03-28T19:59:15Z</time>
      </trkpt>
      <trkpt lat="44.089160040020943" lon="7.095460994169116">
        <ele>895</ele>
        <time>2017-03-28T19:59:35Z</time>
      </trkpt>
      <trkpt lat="44.089002041146159" lon="7.095000995323062">
        <ele>899</ele>
        <time>2017-03-28T19:59:55Z</time>
      </trkpt>
      <trkpt lat="44.089022995904088" lon="7.094591958448291">
        <ele>884</ele>
        <time>2017-03-28T20:00:15Z</time>
      </trkpt>
      <trkpt lat="44.089160962030292" lon="7.09426598623395">
        <ele>891</ele>
        <time>2017-03-28T20:00:35Z</time>
      </trkpt>
      <trkpt lat="44.089075969532132" lon="7.093961974605918">
        <ele>881</ele>
        <time>2017-03-28T20:00:55Z</time>
      </trkpt>
      <trkpt lat="44.089065995067358" lon="7.094207983464003">
        <ele>889</ele>
        <time>2017-03-28T20:01:15Z</time>
      </trkpt>
      <trkpt lat="44.088978990912437" lon="7.094410993158817">
        <ele>882</ele>
        <time>2017-03-28T20:01:35Z</time>
      </trkpt>
      <trkpt lat="44.088808000087738" lon="7.094649961218238">
        <ele>877</ele>
        <time>2017-03-28T20:01:55Z</time>
      </trkpt>
      <trkpt lat="44.088744968175888" lon="7.094871997833252">
        <ele>877</ele>
        <time>2017-03-28T20:02:15Z</time>
      </trkpt>
      <trkpt lat="44.088524021208286" lon="7.094991020858288">
        <ele>867</ele>
        <time>2017-03-28T20:02:35Z</time>
      </trkpt>
      <trkpt lat="44.088486973196268" lon="7.0952960383147">
        <ele>877</ele>
        <time>2017-03-28T20:02:55Z</time>
      </trkpt>
      <trkpt lat="44.088330985978246" lon="7.095574988052249">
        <ele>848</ele>
        <time>2017-03-28T20:03:15Z</time>
      </trkpt>
      <trkpt lat="44.088307013735175" lon="7.095799958333373">
        <ele>861</ele>
        <time>2017-03-28T20:03:35Z</time>
      </trkpt>
      <trkpt lat="44.088414972648025" lon="7.096033981069922">
        <ele>872</ele>
        <time>2017-03-28T20:03:55Z</time>
      </trkpt>
      <trkpt lat="44.08842695876956" lon="7.096225004643202">
        <ele>872</ele>
        <time>2017-03-28T20:04:15Z</time>
      </trkpt>
      <trkpt lat="44.088594010099769" lon="7.096504960209131">
        <ele>870</ele>
        <time>2017-03-28T20:04:35Z</time>
      </trkpt>
      <trkpt lat="44.08814700320363" lon="7.096449974924326">
        <ele>844</ele>
        <time>2017-03-28T20:04:55Z</time>
      </trkpt>
      <trkpt lat="44.087761016562581" lon="7.096291976049542">
        <ele>838</ele>
        <time>2017-03-28T20:05:15Z</time>
      </trkpt>
      <trkpt lat="44.087741989642382" lon="7.095993999391794">
        <ele>836</ele>
        <time>2017-03-28T20:05:35Z</time>
      </trkpt>
      <trkpt lat="44.087920021265745" lon="7.095185983926058">
        <ele>832</ele>
        <time>2017-03-28T20:05:55Z</time>
      </trkpt>
      <trkpt lat="44.088199976831675" lon="7.094598999246955">
        <ele>822</ele>
        <time>2017-03-28T20:06:15Z</time>
      </trkpt>
      <trkpt lat="44.088251022621989" lon="7.094101030379534">
        <ele>821</ele>
        <time>2017-03-28T20:06:35Z</time>
      </trkpt>
      <trkpt lat="44.088271977379918" lon="7.093710014596582">
        <ele>814</ele>
        <time>2017-03-28T20:06:55Z</time>
      </trkpt>
      <trkpt lat="44.088038960471749" lon="7.094448041170836">
        <ele>815</ele>
        <time>2017-03-28T20:07:15Z</time>
      </trkpt>
      <trkpt lat="44.087861012667418" lon="7.09478298202157">
        <ele>813</ele>
        <time>2017-03-28T20:07:35Z</time>
      </trkpt>
      <trkpt lat="44.087539985775948" lon="7.09512697532773">
        <ele>810</ele>
        <time>2017-03-28T20:07:55Z</time>
      </trkpt>
      <trkpt lat="44.087330019101501" lon="7.095272988080978">
        <ele>782</ele>
        <time>2017-03-28T20:08:15Z</time>
      </trkpt>
      <trkpt lat="44.087249971926212" lon="7.095428975299001">
        <ele>782</ele>
        <time>2017-03-28T20:08:35Z</time>
      </trkpt>
      <trkpt lat="44.086728030815721" lon="7.096136994659901">
        <ele>786</ele>
        <time>2017-03-28T20:08:55Z</time>
      </trkpt>
      <trkpt lat="44.08660096116364" lon="7.096487022936344">
        <ele>766</ele>
        <time>2017-03-28T20:09:15Z</time>
      </trkpt>
      <trkpt lat="44.086442962288857" lon="7.096748035401106">
        <ele>770</ele>
        <time>2017-03-28T20:09:35Z</time>
      </trkpt>
      <trkpt lat="44.086217992007732" lon="7.09695003926754">
        <ele>760</ele>
        <time>2017-03-28T20:09:55Z</time>
      </trkpt>
      <trkpt lat="44.086157977581024" lon="7.097118012607098">
        <ele>759</ele>
        <time>2017-03-28T20:10:15Z</time>
      </trkpt>
      <trkpt lat="44.086169963702559" lon="7.097322028130293">
        <ele>759</ele>
        <time>2017-03-28T20:10:35Z</time>
      </trkpt>
      <trkpt lat="44.086375990882516" lon="7.097727041691542">
        <ele>753</ele>
        <time>2017-03-28T20:10:55Z</time>
      </trkpt>
      <trkpt lat="44.086403986439109" lon="7.097957041114569">
        <ele>750</ele>
        <time>2017-03-28T20:11:15Z</time>
      </trkpt>
      <trkpt lat="44.086552010849118" lon="7.098230039700866">
        <ele>749</ele>
        <time>2017-03-28T20:11:35Z</time>
      </trkpt>
      <trkpt lat="44.086539018899202" lon="7.098546037450433">
        <ele>729</ele>
        <time>2017-03-28T20:11:55Z</time>
      </trkpt>
      <trkpt lat="44.086594004184008" lon="7.098835967481136">
        <ele>720</ele>
        <time>2017-03-28T20:12:15Z</time>
      </trkpt>
      <trkpt lat="44.086707998067141" lon="7.098914002999663">
        <ele>731</ele>
        <time>2017-03-28T20:12:35Z</time>
      </trkpt>
      <trkpt lat="44.086590986698866" lon="7.099109971895814">
        <ele>715</ele>
        <time>2017-03-28T20:12:55Z</time>
      </trkpt>
      <trkpt lat="44.086868008598685" lon="7.099151965230703">
        <ele>727</ele>
        <time>2017-03-28T20:13:15Z</time>
      </trkpt>
      <trkpt lat="44.087083004415035" lon="7.099693017080426">
        <ele>702</ele>
        <time>2017-03-28T20:13:35Z</time>
      </trkpt>
      <trkpt lat="44.087058026343584" lon="7.100005997344852">
        <ele>679</ele>
        <time>2017-03-28T20:13:55Z</time>
      </trkpt>
      <trkpt lat="44.086920982226729" lon="7.10017497651279">
        <ele>676</ele>
        <time>2017-03-28T20:14:15Z</time>
      </trkpt>
      <trkpt lat="44.086816962808371" lon="7.100426014512777">
        <ele>672</ele>
        <time>2017-03-28T20:14:35Z</time>
      </trkpt>
      <trkpt lat="44.086809000000358" lon="7.100958013907075">
        <ele>653</ele>
        <time>2017-03-28T20:14:55Z</time>
      </trkpt>
      <trkpt lat="44.086834983900189" lon="7.101537035778165">
        <ele>644</ele>
        <time>2017-03-28T20:15:15Z</time>
      </trkpt>
      <trkpt lat="44.086632980033755" lon="7.101860996335745">
        <ele>616</ele>
        <time>2017-03-28T20:15:35Z</time>
      </trkpt>
      <trkpt lat="44.086573971435428" lon="7.102183029055595">
        <ele>605</ele>
        <time>2017-03-28T20:15:55Z</time>
      </trkpt>
      <trkpt lat="44.086805982515216" lon="7.102608997374773">
        <ele>598</ele>
        <time>2017-03-28T20:16:15Z</time>
      </trkpt>
      <trkpt lat="44.086799025535583" lon="7.10272902622819">
        <ele>594</ele>
        <time>2017-03-28T20:16:35Z</time>
      </trkpt>
      <trkpt lat="44.086476992815733" lon="7.102834973484278">
        <ele>577</ele>
        <time>2017-03-28T20:16:55Z</time>
      </trkpt>
      <trkpt lat="44.086253028362989" lon="7.103036977350712">
        <ele>568</ele>
        <time>2017-03-28T20:17:15Z</time>
      </trkpt>
      <trkpt lat="44.086021017283201" lon="7.10277303121984">
        <ele>569</ele>
        <time>2017-03-28T20:17:35Z</time>
      </trkpt>
      <trkpt lat="44.085964020341635" lon="7.102500032633543">
        <ele>569</ele>
        <time>2017-03-28T20:17:55Z</time>
      </trkpt>
      <trkpt lat="44.085799986496568" lon="7.10268996655941">
        <ele>548</ele>
        <time>2017-03-28T20:18:15Z</time>
      </trkpt>
      <trkpt lat="44.085689010098577" lon="7.103191958740354">
        <ele>537</ele>
        <time>2017-03-28T20:18:35Z</time>
      </trkpt>
      <trkpt lat="44.08550200983882" lon="7.10298802703619">
        <ele>533</ele>
        <time>2017-03-28T20:18:55Z</time>
      </trkpt>
      <trkpt lat="44.085563030093908" lon="7.103240992873907">
        <ele>534</ele>
        <time>2017-03-28T20:19:15Z</time>
      </trkpt>
      <trkpt lat="44.085423974320292" lon="7.103896038606763">
        <ele>512</ele>
        <time>2017-03-28T20:19:35Z</time>
      </trkpt>
      <trkpt lat="44.08515902236104" lon="7.104120003059506">
        <ele>504</ele>
        <time>2017-03-28T20:19:55Z</time>
      </trkpt>
      <trkpt lat="44.084816034883261" lon="7.105342000722885">
        <ele>495</ele>
        <time>2017-03-28T20:20:15Z</time>
      </trkpt>
      <trkpt lat="44.084491990506649" lon="7.105492958799005">
        <ele>498</ele>
        <time>2017-03-28T20:20:35Z</time>
      </trkpt>
      <trkpt lat="44.084338014945388" lon="7.105462029576302">
        <ele>499</ele>
        <time>2017-03-28T20:20:55Z</time>
      </trkpt>
      <trkpt lat="44.084125030785799" lon="7.104935981333256">
        <ele>492</ele>
        <time>2017-03-28T20:21:15Z</time>
      </trkpt>
      <trkpt lat="44.083899976685643" lon="7.104860041290522">
        <ele>491</ele>
        <time>2017-03-28T20:21:35Z</time>
      </trkpt>
      <trkpt lat="44.081843979656696" lon="7.106442963704467">
        <ele>500</ele>
        <time>2017-03-28T20:21:55Z</time>
      </trkpt>
      <trkpt lat="44.081481965258718" lon="7.106806989759207">
        <ele>516</ele>
        <time>2017-03-28T20:22:15Z</time>
      </trkpt>
      <trkpt lat="44.080994976684451" lon="7.107003964483738">
        <ele>520</ele>
        <time>2017-03-28T20:22:35Z</time>
      </trkpt>
      <trkpt lat="44.080708986148238" lon="7.107031038030982">
        <ele>533</ele>
        <time>2017-03-28T20:22:55Z</time>
      </trkpt>
      <trkpt lat="44.080680990591645" lon="7.107147965580225">
        <ele>537</ele>
        <time>2017-03-28T20:23:15Z</time>
      </trkpt>
      <trkpt lat="44.080962035804987" lon="7.107148971408606">
        <ele>525</ele>
        <time>2017-03-28T20:23:35Z</time>
      </trkpt>
      <trkpt lat="44.080379996448755" lon="7.107677031308413">
        <ele>567</ele>
        <time>2017-03-28T20:23:55Z</time>
      </trkpt>
      <trkpt lat="44.080016976222396" lon="7.107275035232306">
        <ele>553</ele>
        <time>2017-03-28T20:24:15Z</time>
      </trkpt>
      <trkpt lat="44.079750012606382" lon="7.107255002483726">
        <ele>580</ele>
        <time>2017-03-28T20:24:35Z</time>
      </trkpt>
      <trkpt lat="44.079528981819749" lon="7.10750101134181">
        <ele>596</ele>
        <time>2017-03-28T20:24:55Z</time>
      </trkpt>
      <trkpt lat="44.079608023166656" lon="7.107160035520792">
        <ele>583</ele>
        <time>2017-03-28T20:25:15Z</time>
      </trkpt>
      <trkpt lat="44.079555971547961" lon="7.107100021094084">
        <ele>584</ele>
        <time>2017-03-28T20:25:35Z</time>
      </trkpt>
      <trkpt lat="44.079471984878182" lon="7.107477961108089">
        <ele>591</ele>
        <time>2017-03-28T20:25:55Z</time>
      </trkpt>
      <trkpt lat="44.079352961853147" lon="7.107602013275027">
        <ele>603</ele>
        <time>2017-03-28T20:26:15Z</time>
      </trkpt>
      <trkpt lat="44.079277021810412" lon="7.108056982979178">
        <ele>602</ele>
        <time>2017-03-28T20:26:35Z</time>
      </trkpt>
      <trkpt lat="44.079181971028447" lon="7.108141975477338">
        <ele>605</ele>
        <time>2017-03-28T20:26:55Z</time>
      </trkpt>
      <trkpt lat="44.07914400100708" lon="7.108570961281657">
        <ele>616</ele>
        <time>2017-03-28T20:27:15Z</time>
      </trkpt>
      <trkpt lat="44.078794978559017" lon="7.108530979603529">
        <ele>616</ele>
        <time>2017-03-28T20:27:35Z</time>
      </trkpt>
      <trkpt lat="44.078586017712951" lon="7.108685038983822">
        <ele>617</ele>
        <time>2017-03-28T20:27:55Z</time>
      </trkpt>
      <trkpt lat="44.07830698415637" lon="7.109106983989477">
        <ele>624</ele>
        <time>2017-03-28T20:28:15Z</time>
      </trkpt>
      <trkpt lat="44.077117005363107" lon="7.109620962291956">
        <ele>629</ele>
        <time>2017-03-28T20:28:35Z</time>
      </trkpt>
      <trkpt lat="44.076640997081995" lon="7.109965039417148">
        <ele>632</ele>
        <time>2017-03-28T20:28:55Z</time>
      </trkpt>
      <trkpt lat="44.076299015432596" lon="7.110411962494254">
        <ele>639</ele>
        <time>2017-03-28T20:29:15Z</time>
      </trkpt>
      <trkpt lat="44.076273031532764" lon="7.111502029001713">
        <ele>672</ele>
        <time>2017-03-28T20:29:35Z</time>
      </trkpt>
      <trkpt lat="44.076111009344459" lon="7.111567994579673">
        <ele>668</ele>
        <time>2017-03-28T20:29:55Z</time>
      </trkpt>
      <trkpt lat="44.075695015490055" lon="7.112045008689165">
        <ele>661</ele>
        <time>2017-03-28T20:30:15Z</time>
      </trkpt>
      <trkpt lat="44.07549099996686" lon="7.112371986731887">
        <ele>661</ele>
        <time>2017-03-28T20:30:35Z</time>
      </trkpt>
      <trkpt lat="44.075561994686723" lon="7.112788986414671">
        <ele>675</ele>
        <time>2017-03-28T20:30:55Z</time>
      </trkpt>
      <trkpt lat="44.075450012460351" lon="7.113137003034353">
        <ele>675</ele>
        <time>2017-03-28T20:31:15Z</time>
      </trkpt>
      <trkpt lat="44.075541039928794" lon="7.113316962495446">
        <ele>680</ele>
        <time>2017-03-28T20:31:35Z</time>
      </trkpt>
      <trkpt lat="44.0755579713732" lon="7.113523995503783">
        <ele>690</ele>
        <time>2017-03-28T20:31:55Z</time>
      </trkpt>
      <trkpt lat="44.075611028820276" lon="7.113405978307128">
        <ele>692</ele>
        <time>2017-03-28T20:32:15Z</time>
      </trkpt>
      <trkpt lat="44.075594013556838" lon="7.11304203607142">
        <ele>678</ele>
        <time>2017-03-28T20:32:35Z</time>
      </trkpt>
      <trkpt lat="44.075914034619927" lon="7.11282997392118">
        <ele>706</ele>
        <time>2017-03-28T20:32:55Z</time>
      </trkpt>
      <trkpt lat="44.076102962717414" lon="7.112761996686459">
        <ele>709</ele>
        <time>2017-03-28T20:33:15Z</time>
      </trkpt>
      <trkpt lat="44.076452990993857" lon="7.112751016393304">
        <ele>716</ele>
        <time>2017-03-28T20:33:35Z</time>
      </trkpt>
      <trkpt lat="44.076702017337084" lon="7.112452033907175">
        <ele>721</ele>
        <time>2017-03-28T20:33:55Z</time>
      </trkpt>
      <trkpt lat="44.076438993215561" lon="7.113353004679084">
        <ele>739</ele>
        <time>2017-03-28T20:34:15Z</time>
      </trkpt>
      <trkpt lat="44.076367998495698" lon="7.113876035436988">
        <ele>744</ele>
        <time>2017-03-28T20:34:35Z</time>
      </trkpt>
      <trkpt lat="44.075917974114418" lon="7.114408034831286">
        <ele>752</ele>
        <time>2017-03-28T20:34:55Z</time>
      </trkpt>
      <trkpt lat="44.07570700161159" lon="7.114835008978844">
        <ele>731</ele>
        <time>2017-03-28T20:35:15Z</time>
      </trkpt>
      <trkpt lat="44.075633995234966" lon="7.115441020578146">
        <ele>741</ele>
        <time>2017-03-28T20:35:35Z</time>
      </trkpt>
      <trkpt lat="44.075843961909413" lon="7.116149039939046">
        <ele>797</ele>
        <time>2017-03-28T20:35:55Z</time>
      </trkpt>
      <trkpt lat="44.075753018260002" lon="7.116638040170074">
        <ele>778</ele>
        <time>2017-03-28T20:36:15Z</time>
      </trkpt>
      <trkpt lat="44.074960006400943" lon="7.119179014116526">
        <ele>799</ele>
        <time>2017-03-28T20:36:35Z</time>
      </trkpt>
      <trkpt lat="44.074646020308137" lon="7.120121978223324">
        <ele>835</ele>
        <time>2017-03-28T20:36:55Z</time>
      </trkpt>
      <trkpt lat="44.073799028992653" lon="7.119441032409668">
        <ele>833</ele>
        <time>2017-03-28T20:37:15Z</time>
      </trkpt>
      <trkpt lat="44.073250014334917" lon="7.118209982290864">
        <ele>820</ele>
        <time>2017-03-28T20:37:35Z</time>
      </trkpt>
      <trkpt lat="44.072696976363659" lon="7.117757024243474">
        <ele>823</ele>
        <time>2017-03-28T20:37:55Z</time>
      </trkpt>
      <trkpt lat="44.072128012776375" lon="7.117388974875212">
        <ele>815</ele>
        <time>2017-03-28T20:38:15Z</time>
      </trkpt>
      <trkpt lat="44.07173196785152" lon="7.117459969595075">
        <ele>821</ele>
        <time>2017-03-28T20:38:35Z</time>
      </trkpt>
      <trkpt lat="44.071571035310626" lon="7.117930026724935">
        <ele>827</ele>
        <time>2017-03-28T20:38:55Z</time>
      </trkpt>
      <trkpt lat="44.070986984297633" lon="7.118573002517223">
        <ele>842</ele>
        <time>2017-03-28T20:39:15Z</time>
      </trkpt>
      <trkpt lat="44.070938033983111" lon="7.119327038526535">
        <ele>870</ele>
        <time>2017-03-28T20:39:35Z</time>
      </trkpt>
      <trkpt lat="44.069931032136083" lon="7.120089959353209">
        <ele>842</ele>
        <time>2017-03-28T20:39:55Z</time>
      </trkpt>
      <trkpt lat="44.069999009370804" lon="7.12069102562964">
        <ele>847</ele>
        <time>2017-03-28T20:40:15Z</time>
      </trkpt>
      <trkpt lat="44.070128006860614" lon="7.121206009760499">
        <ele>877</ele>
        <time>2017-03-28T20:40:35Z</time>
      </trkpt>
      <trkpt lat="44.070171006023884" lon="7.122106980532408">
        <ele>883</ele>
        <time>2017-03-28T20:40:55Z</time>
      </trkpt>
      <trkpt lat="44.069910999387503" lon="7.123035024851561">
        <ele>862</ele>
        <time>2017-03-28T20:41:15Z</time>
      </trkpt>
      <trkpt lat="44.069774961099029" lon="7.124048983678222">
        <ele>870</ele>
        <time>2017-03-28T20:41:35Z</time>
      </trkpt>
      <trkpt lat="44.070114009082317" lon="7.12460202164948">
        <ele>909</ele>
        <time>2017-03-28T20:41:55Z</time>
      </trkpt>
      <trkpt lat="44.070127001032233" lon="7.125126980245113">
        <ele>904</ele>
        <time>2017-03-28T20:42:15Z</time>
      </trkpt>
      <trkpt lat="44.070188021287322" lon="7.125540040433407">
        <ele>915</ele>
        <time>2017-03-28T20:42:35Z</time>
      </trkpt>
      <trkpt lat="44.070186009630561" lon="7.125973971560597">
        <ele>925</ele>
        <time>2017-03-28T20:42:55Z</time>
      </trkpt>
      <trkpt lat="44.06971100717783" lon="7.126243030652404">
        <ele>895</ele>
        <time>2017-03-28T20:43:15Z</time>
      </trkpt>
      <trkpt lat="44.069298030808568" lon="7.12705004028976">
        <ele>906</ele>
        <time>2017-03-28T20:43:35Z</time>
      </trkpt>
      <trkpt lat="44.069279003888369" lon="7.127407025545836">
        <ele>902</ele>
        <time>2017-03-28T20:43:55Z</time>
      </trkpt>
      <trkpt lat="44.069466004148126" lon="7.127728974446654">
        <ele>931</ele>
        <time>2017-03-28T20:44:15Z</time>
      </trkpt>
      <trkpt lat="44.069445971399546" lon="7.128457026556134">
        <ele>954</ele>
        <time>2017-03-28T20:44:35Z</time>
      </trkpt>
      <trkpt lat="44.069328038021922" lon="7.128801019862294">
        <ele>959</ele>
        <time>2017-03-28T20:44:55Z</time>
      </trkpt>
      <trkpt lat="44.069449994713068" lon="7.12913797236979">
        <ele>965</ele>
        <time>2017-03-28T20:45:15Z</time>
      </trkpt>
      <trkpt lat="44.069358967244625" lon="7.12930996902287">
        <ele>982</ele>
        <time>2017-03-28T20:45:35Z</time>
      </trkpt>
      <trkpt lat="44.0688749961555" lon="7.129370989277959">
        <ele>954</ele>
        <time>2017-03-28T20:45:55Z</time>
      </trkpt>
      <trkpt lat="44.068691013380885" lon="7.129320027306676">
        <ele>947</ele>
        <time>2017-03-28T20:46:15Z</time>
      </trkpt>
      <trkpt lat="44.068355988711119" lon="7.129815984517336">
        <ele>957</ele>
        <time>2017-03-28T20:46:35Z</time>
      </trkpt>
      <trkpt lat="44.068050971254706" lon="7.130407998338342">
        <ele>959</ele>
        <time>2017-03-28T20:46:55Z</time>
      </trkpt>
      <trkpt lat="44.067809991538525" lon="7.130639003589749">
        <ele>957</ele>
        <time>2017-03-28T20:47:15Z</time>
      </trkpt>
      <trkpt lat="44.067750982940197" lon="7.130843019112945">
        <ele>980</ele>
        <time>2017-03-28T20:47:35Z</time>
      </trkpt>
      <trkpt lat="44.067790964618325" lon="7.131298994645476">
        <ele>994</ele>
        <time>2017-03-28T20:47:55Z</time>
      </trkpt>
      <trkpt lat="44.067689040675759" lon="7.13147702626884">
        <ele>997</ele>
        <time>2017-03-28T20:48:15Z</time>
      </trkpt>
      <trkpt lat="44.067513020709157" lon="7.131488006561995">
        <ele>997</ele>
        <time>2017-03-28T20:48:35Z</time>
      </trkpt>
      <trkpt lat="44.067359967157245" lon="7.131379963830113">
        <ele>987</ele>
        <time>2017-03-28T20:48:55Z</time>
      </trkpt>
      <trkpt lat="44.066823022440076" lon="7.131522037088871">
        <ele>1002</ele>
        <time>2017-03-28T20:49:15Z</time>
      </trkpt>
      <trkpt lat="44.066691007465124" lon="7.131470991298556">
        <ele>1003</ele>
        <time>2017-03-28T20:49:35Z</time>
      </trkpt>
      <trkpt lat="44.066512975841761" lon="7.131081987172365">
        <ele>998</ele>
        <time>2017-03-28T20:49:55Z</time>
      </trkpt>
      <trkpt lat="44.066086001694202" lon="7.13083203881979">
        <ele>981</ele>
        <time>2017-03-28T20:50:15Z</time>
      </trkpt>
      <trkpt lat="44.065360967069864" lon="7.130093006417155">
        <ele>985</ele>
        <time>2017-03-28T20:50:35Z</time>
      </trkpt>
      <trkpt lat="44.065101966261864" lon="7.130118990316987">
        <ele>990</ele>
        <time>2017-03-28T20:50:55Z</time>
      </trkpt>
      <trkpt lat="44.064669962972403" lon="7.129940958693624">
        <ele>973</ele>
        <time>2017-03-28T20:51:15Z</time>
      </trkpt>
      <trkpt lat="44.064399981871247" lon="7.130205994471908">
        <ele>1000</ele>
        <time>2017-03-28T20:51:35Z</time>
      </trkpt>
      <trkpt lat="44.064195966348052" lon="7.130578989163041">
        <ele>1007</ele>
        <time>2017-03-28T20:51:55Z</time>
      </trkpt>
      <trkpt lat="44.063915004953742" lon="7.130761966109276">
        <ele>1008</ele>
        <time>2017-03-28T20:52:15Z</time>
      </trkpt>
      <trkpt lat="44.06369699165225" lon="7.130738999694586">
        <ele>1008</ele>
        <time>2017-03-28T20:52:35Z</time>
      </trkpt>
      <trkpt lat="44.063486019149423" lon="7.130531966686249">
        <ele>1007</ele>
        <time>2017-03-28T20:52:55Z</time>
      </trkpt>
      <trkpt lat="44.063389962539077" lon="7.131072012707591">
        <ele>1014</ele>
        <time>2017-03-28T20:53:15Z</time>
      </trkpt>
      <trkpt lat="44.063853984698653" lon="7.131699984893203">
        <ele>1008</ele>
        <time>2017-03-28T20:53:35Z</time>
      </trkpt>
      <trkpt lat="44.064022963866591" lon="7.132535995915532">
        <ele>998</ele>
        <time>2017-03-28T20:53:55Z</time>
      </trkpt>
      <trkpt lat="44.064118014648557" lon="7.132803965359926">
        <ele>992</ele>
        <time>2017-03-28T20:54:15Z</time>
      </trkpt>
      <trkpt lat="44.064197978004813" lon="7.133243009448052">
        <ele>1000</ele>
        <time>2017-03-28T20:54:35Z</time>
      </trkpt>
      <trkpt lat="44.064609026536345" lon="7.133933007717133">
        <ele>994</ele>
        <time>2017-03-28T20:54:55Z</time>
      </trkpt>
      <trkpt lat="44.064765013754368" lon="7.134738005697727">
        <ele>973</ele>
        <time>2017-03-28T20:55:15Z</time>
      </trkpt>
      <trkpt lat="44.06490096822381" lon="7.135741990059614">
        <ele>957</ele>
        <time>2017-03-28T20:55:35Z</time>
      </trkpt>
      <trkpt lat="44.065017979592085" lon="7.13601197116077">
        <ele>961</ele>
        <time>2017-03-28T20:55:55Z</time>
      </trkpt>
      <trkpt lat="44.065619967877865" lon="7.136417990550399">
        <ele>960</ele>
        <time>2017-03-28T20:56:15Z</time>
      </trkpt>
      <trkpt lat="44.066191026940942" lon="7.137189041823149">
        <ele>950</ele>
        <time>2017-03-28T20:56:35Z</time>
      </trkpt>
      <trkpt lat="44.066787986084819" lon="7.138066962361336">
        <ele>945</ele>
        <time>2017-03-28T20:56:55Z</time>
      </trkpt>
      <trkpt lat="44.067003987729549" lon="7.138028992339969">
        <ele>950</ele>
        <time>2017-03-28T20:57:15Z</time>
      </trkpt>
      <trkpt lat="44.067104989662766" lon="7.138088000938296">
        <ele>952</ele>
        <time>2017-03-28T20:57:35Z</time>
      </trkpt>
      <trkpt lat="44.067123010754585" lon="7.13826896622777">
        <ele>951</ele>
        <time>2017-03-28T20:57:55Z</time>
      </trkpt>
      <trkpt lat="44.066895022988319" lon="7.138793002814055">
        <ele>937</ele>
        <time>2017-03-28T20:58:15Z</time>
      </trkpt>
      <trkpt lat="44.066936010494828" lon="7.139390967786312">
        <ele>933</ele>
        <time>2017-03-28T20:58:35Z</time>
      </trkpt>
      <trkpt lat="44.067066013813019" lon="7.139775026589632">
        <ele>937</ele>
        <time>2017-03-28T20:58:55Z</time>
      </trkpt>
      <trkpt lat="44.067085962742567" lon="7.140848999843001">
        <ele>925</ele>
        <time>2017-03-28T20:59:15Z</time>
      </trkpt>
      <trkpt lat="44.067079005762935" lon="7.14151100255549">
        <ele>922</ele>
        <time>2017-03-28T20:59:35Z</time>
      </trkpt>
      <trkpt lat="44.067064002156258" lon="7.141678975895047">
        <ele>911</ele>
        <time>2017-03-28T20:59:55Z</time>
      </trkpt>
      <trkpt lat="44.067146982997656" lon="7.141895983368158">
        <ele>912</ele>
        <time>2017-03-28T21:00:15Z</time>
      </trkpt>
      <trkpt lat="44.067229963839054" lon="7.142498977482319">
        <ele>906</ele>
        <time>2017-03-28T21:00:35Z</time>
      </trkpt>
      <trkpt lat="44.067874029278755" lon="7.143271034583449">
        <ele>898</ele>
        <time>2017-03-28T21:00:55Z</time>
      </trkpt>
      <trkpt lat="44.067951980978251" lon="7.143522994592786">
        <ele>882</ele>
        <time>2017-03-28T21:01:15Z</time>
      </trkpt>
      <trkpt lat="44.067944018170238" lon="7.143774032592773">
        <ele>879</ele>
        <time>2017-03-28T21:01:35Z</time>
      </trkpt>
      <trkpt lat="44.067805968225002" lon="7.144098998978734">
        <ele>876</ele>
        <time>2017-03-28T21:01:55Z</time>
      </trkpt>
      <trkpt lat="44.067646963521838" lon="7.144164964556694">
        <ele>873</ele>
        <time>2017-03-28T21:02:15Z</time>
      </trkpt>
      <trkpt lat="44.06734898686409" lon="7.14443301782012">
        <ele>854</ele>
        <time>2017-03-28T21:02:35Z</time>
      </trkpt>
      <trkpt lat="44.066950008273125" lon="7.144513987004757">
        <ele>849</ele>
        <time>2017-03-28T21:02:55Z</time>
      </trkpt>
      <trkpt lat="44.066921006888151" lon="7.144622029736638">
        <ele>848</ele>
        <time>2017-03-28T21:03:15Z</time>
      </trkpt>
      <trkpt lat="44.067546967417002" lon="7.145001981407404">
        <ele>843</ele>
        <time>2017-03-28T21:03:35Z</time>
      </trkpt>
      <trkpt lat="44.067786019295454" lon="7.14497197419405">
        <ele>853</ele>
        <time>2017-03-28T21:03:55Z</time>
      </trkpt>
      <trkpt lat="44.067839998751879" lon="7.144881030544639">
        <ele>855</ele>
        <time>2017-03-28T21:04:15Z</time>
      </trkpt>
      <trkpt lat="44.067986011505127" lon="7.144877007231116">
        <ele>856</ele>
        <time>2017-03-28T21:04:35Z</time>
      </trkpt>
      <trkpt lat="44.068406028673053" lon="7.145011033862829">
        <ele>854</ele>
        <time>2017-03-28T21:04:55Z</time>
      </trkpt>
      <trkpt lat="44.068565033376217" lon="7.145011033862829">
        <ele>860</ele>
        <time>2017-03-28T21:05:15Z</time>
      </trkpt>
      <trkpt lat="44.06857299618423" lon="7.145108012482524">
        <ele>861</ele>
        <time>2017-03-28T21:05:35Z</time>
      </trkpt>
      <trkpt lat="44.068215005099773" lon="7.14544496499002">
        <ele>844</ele>
        <time>2017-03-28T21:05:55Z</time>
      </trkpt>
      <trkpt lat="44.06808097846806" lon="7.145768003538251">
        <ele>843</ele>
        <time>2017-03-28T21:06:15Z</time>
      </trkpt>
      <trkpt lat="44.067932032048702" lon="7.145889960229397">
        <ele>835</ele>
        <time>2017-03-28T21:06:35Z</time>
      </trkpt>
      <trkpt lat="44.067981988191605" lon="7.147029982879758">
        <ele>828</ele>
        <time>2017-03-28T21:06:55Z</time>
      </trkpt>
      <trkpt lat="44.06837803311646" lon="7.147810002788901">
        <ele>839</ele>
        <time>2017-03-28T21:07:15Z</time>
      </trkpt>
      <trkpt lat="44.068614989519119" lon="7.148551968857646">
        <ele>830</ele>
        <time>2017-03-28T21:07:35Z</time>
      </trkpt>
      <trkpt lat="44.068610966205597" lon="7.14909696020186">
        <ele>824</ele>
        <time>2017-03-28T21:07:55Z</time>
      </trkpt>
      <trkpt lat="44.068951020017266" lon="7.149242972955108">
        <ele>827</ele>
        <time>2017-03-28T21:08:15Z</time>
      </trkpt>
      <trkpt lat="44.068921012803912" lon="7.149429973214865">
        <ele>824</ele>
        <time>2017-03-28T21:08:35Z</time>
      </trkpt>
      <trkpt lat="44.068783968687057" lon="7.149628037586808">
        <ele>820</ele>
        <time>2017-03-28T21:08:55Z</time>
      </trkpt>
      <trkpt lat="44.06870299950242" lon="7.150045037269592">
        <ele>814</ele>
        <time>2017-03-28T21:09:15Z</time>
      </trkpt>
      <trkpt lat="44.068954959511757" lon="7.150307977572084">
        <ele>819</ele>
        <time>2017-03-28T21:09:35Z</time>
      </trkpt>
      <trkpt lat="44.068969963118434" lon="7.150727994740009">
        <ele>818</ele>
        <time>2017-03-28T21:09:55Z</time>
      </trkpt>
      <trkpt lat="44.069190993905067" lon="7.15133199468255">
        <ele>829</ele>
        <time>2017-03-28T21:10:15Z</time>
      </trkpt>
      <trkpt lat="44.069328960031271" lon="7.151409024372697">
        <ele>829</ele>
        <time>2017-03-28T21:10:35Z</time>
      </trkpt>
      <trkpt lat="44.069698015227914" lon="7.151410030201078">
        <ele>835</ele>
        <time>2017-03-28T21:10:55Z</time>
      </trkpt>
      <trkpt lat="44.069714024662971" lon="7.151743965223432">
        <ele>833</ele>
        <time>2017-03-28T21:11:15Z</time>
      </trkpt>
      <trkpt lat="44.069505985826254" lon="7.151993997395039">
        <ele>833</ele>
        <time>2017-03-28T21:11:35Z</time>
      </trkpt>
      <trkpt lat="44.069011034443974" lon="7.15214503929019">
        <ele>842</ele>
        <time>2017-03-28T21:11:55Z</time>
      </trkpt>
      <trkpt lat="44.069557031616569" lon="7.1528559923172">
        <ele>856</ele>
        <time>2017-03-28T21:12:15Z</time>
      </trkpt>
      <trkpt lat="44.069630037993193" lon="7.153225969523192">
        <ele>861</ele>
        <time>2017-03-28T21:12:35Z</time>
      </trkpt>
      <trkpt lat="44.070041002705693" lon="7.153938012197614">
        <ele>871</ele>
        <time>2017-03-28T21:12:55Z</time>
      </trkpt>
      <trkpt lat="44.070136975497007" lon="7.154301032423973">
        <ele>879</ele>
        <time>2017-03-28T21:13:15Z</time>
      </trkpt>
      <trkpt lat="44.069835981354117" lon="7.154934033751488">
        <ele>895</ele>
        <time>2017-03-28T21:13:35Z</time>
      </trkpt>
      <trkpt lat="44.069298030808568" lon="7.155727967619896">
        <ele>909</ele>
        <time>2017-03-28T21:13:55Z</time>
      </trkpt>
      <trkpt lat="44.069168027490377" lon="7.156131975352764">
        <ele>910</ele>
        <time>2017-03-28T21:14:15Z</time>
      </trkpt>
      <trkpt lat="44.069186970591545" lon="7.156910989433527">
        <ele>914</ele>
        <time>2017-03-28T21:14:35Z</time>
      </trkpt>
      <trkpt lat="44.069256037473679" lon="7.15721701271832">
        <ele>914</ele>
        <time>2017-03-28T21:14:55Z</time>
      </trkpt>
      <trkpt lat="44.069226030260324" lon="7.157843979075551">
        <ele>918</ele>
        <time>2017-03-28T21:15:15Z</time>
      </trkpt>
      <trkpt lat="44.069118993356824" lon="7.159048961475492">
        <ele>930</ele>
        <time>2017-03-28T21:15:35Z</time>
      </trkpt>
      <trkpt lat="44.069316973909736" lon="7.160093011334539">
        <ele>946</ele>
        <time>2017-03-28T21:15:55Z</time>
      </trkpt>
      <trkpt lat="44.069288978353143" lon="7.161394972354174">
        <ele>959</ele>
        <time>2017-03-28T21:16:15Z</time>
      </trkpt>
      <trkpt lat="44.069190993905067" lon="7.162321005016565">
        <ele>966</ele>
        <time>2017-03-28T21:16:35Z</time>
      </trkpt>
      <trkpt lat="44.069103989750147" lon="7.162755019962788">
        <ele>961</ele>
        <time>2017-03-28T21:16:55Z</time>
      </trkpt>
      <trkpt lat="44.068983038887382" lon="7.163058025762439">
        <ele>960</ele>
        <time>2017-03-28T21:17:15Z</time>
      </trkpt>
      <trkpt lat="44.068915983662009" lon="7.163372011855245">
        <ele>964</ele>
        <time>2017-03-28T21:17:35Z</time>
      </trkpt>
      <trkpt lat="44.068997036665678" lon="7.164519997313619">
        <ele>970</ele>
        <time>2017-03-28T21:17:55Z</time>
      </trkpt>
      <trkpt lat="44.068951020017266" lon="7.164870025590062">
        <ele>971</ele>
        <time>2017-03-28T21:18:15Z</time>
      </trkpt>
      <trkpt lat="44.069129973649979" lon="7.165349973365665">
        <ele>972</ele>
        <time>2017-03-28T21:18:35Z</time>
      </trkpt>
      <trkpt lat="44.069180013611913" lon="7.1660699788481">
        <ele>985</ele>
        <time>2017-03-28T21:18:55Z</time>
      </trkpt>
      <trkpt lat="44.069080017507076" lon="7.166255973279476">
        <ele>975</ele>
        <time>2017-03-28T21:19:15Z</time>
      </trkpt>
      <trkpt lat="44.068724038079381" lon="7.1678969822824">
        <ele>987</ele>
        <time>2017-03-28T21:19:35Z</time>
      </trkpt>
      <trkpt lat="44.068738035857677" lon="7.168525960296392">
        <ele>995</ele>
        <time>2017-03-28T21:19:55Z</time>
      </trkpt>
      <trkpt lat="44.068878013640642" lon="7.169169019907713">
        <ele>1009</ele>
        <time>2017-03-28T21:20:15Z</time>
      </trkpt>
      <trkpt lat="44.068966023623943" lon="7.170194964855909">
        <ele>1025</ele>
        <time>2017-03-28T21:20:35Z</time>
      </trkpt>
      <trkpt lat="44.068993013352156" lon="7.171101970598102">
        <ele>1036</ele>
        <time>2017-03-28T21:20:55Z</time>
      </trkpt>
      <trkpt lat="44.069137014448643" lon="7.171704964712262">
        <ele>1042</ele>
        <time>2017-03-28T21:21:15Z</time>
      </trkpt>
      <trkpt lat="44.069141959771514" lon="7.172081982716918">
        <ele>1048</ele>
        <time>2017-03-28T21:21:35Z</time>
      </trkpt>
      <trkpt lat="44.069241033867002" lon="7.172263031825423">
        <ele>1052</ele>
        <time>2017-03-28T21:21:55Z</time>
      </trkpt>
      <trkpt lat="44.069439014419913" lon="7.173044979572296">
        <ele>1064</ele>
        <time>2017-03-28T21:22:15Z</time>
      </trkpt>
      <trkpt lat="44.069702960550785" lon="7.173276990652084">
        <ele>1067</ele>
        <time>2017-03-28T21:22:35Z</time>
      </trkpt>
      <trkpt lat="44.069861965253949" lon="7.173578990623355">
        <ele>1076</ele>
        <time>2017-03-28T21:22:55Z</time>
      </trkpt>
      <trkpt lat="44.069759035483003" lon="7.173736989498138">
        <ele>1077</ele>
        <time>2017-03-28T21:23:15Z</time>
      </trkpt>
      <trkpt lat="44.069305993616581" lon="7.17401996254921">
        <ele>1077</ele>
        <time>2017-03-28T21:23:35Z</time>
      </trkpt>
      <trkpt lat="44.069144977256656" lon="7.174334032461047">
        <ele>1081</ele>
        <time>2017-03-28T21:23:55Z</time>
      </trkpt>
      <trkpt lat="44.068996030837297" lon="7.174468981102109">
        <ele>1083</ele>
        <time>2017-03-28T21:24:15Z</time>
      </trkpt>
      <trkpt lat="44.068806013092399" lon="7.175442958250642">
        <ele>1099</ele>
        <time>2017-03-28T21:24:35Z</time>
      </trkpt>
      <trkpt lat="44.068409968167543" lon="7.175750993192196">
        <ele>1101</ele>
        <time>2017-03-28T21:24:55Z</time>
      </trkpt>
      <trkpt lat="44.068200001493096" lon="7.176043018698692">
        <ele>1102</ele>
        <time>2017-03-28T21:25:15Z</time>
      </trkpt>
      <trkpt lat="44.068104028701782" lon="7.176903001964092">
        <ele>1109</ele>
        <time>2017-03-28T21:25:35Z</time>
      </trkpt>
      <trkpt lat="44.068334028124809" lon="7.176646012812853">
        <ele>1112</ele>
        <time>2017-03-28T21:25:55Z</time>
      </trkpt>
      <trkpt lat="44.06868003308773" lon="7.176690017804503">
        <ele>1118</ele>
        <time>2017-03-28T21:26:15Z</time>
      </trkpt>
      <trkpt lat="44.068149961531162" lon="7.177083967253566">
        <ele>1110</ele>
        <time>2017-03-28T21:26:35Z</time>
      </trkpt>
      <trkpt lat="44.068011995404959" lon="7.17737004160881">
        <ele>1110</ele>
        <time>2017-03-28T21:26:55Z</time>
      </trkpt>
      <trkpt lat="44.067639000713825" lon="7.178621040657163">
        <ele>1123</ele>
        <time>2017-03-28T21:27:15Z</time>
      </trkpt>
      <trkpt lat="44.067211020737886" lon="7.179440036416054">
        <ele>1116</ele>
        <time>2017-03-28T21:27:35Z</time>
      </trkpt>
      <trkpt lat="44.067035000771284" lon="7.180460030212998">
        <ele>1125</ele>
        <time>2017-03-28T21:27:55Z</time>
      </trkpt>
      <trkpt lat="44.066751021891832" lon="7.181071992963553">
        <ele>1132</ele>
        <time>2017-03-28T21:28:15Z</time>
      </trkpt>
      <trkpt lat="44.066086001694202" lon="7.181965000927448">
        <ele>1134</ele>
        <time>2017-03-28T21:28:35Z</time>
      </trkpt>
      <trkpt lat="44.065986005589366" lon="7.182512003928423">
        <ele>1141</ele>
        <time>2017-03-28T21:28:55Z</time>
      </trkpt>
      <trkpt lat="44.065819038078189" lon="7.182986000552774">
        <ele>1144</ele>
        <time>2017-03-28T21:29:15Z</time>
      </trkpt>
      <trkpt lat="44.065701020881534" lon="7.183297974988818">
        <ele>1146</ele>
        <time>2017-03-28T21:29:35Z</time>
      </trkpt>
      <trkpt lat="44.065550984814763" lon="7.183969030156732">
        <ele>1152</ele>
        <time>2017-03-28T21:29:55Z</time>
      </trkpt>
      <trkpt lat="44.065540004521608" lon="7.18480596318841">
        <ele>1161</ele>
        <time>2017-03-28T21:30:15Z</time>
      </trkpt>
      <trkpt lat="44.065396003425121" lon="7.185004027560353">
        <ele>1166</ele>
        <time>2017-03-28T21:30:35Z</time>
      </trkpt>
      <trkpt lat="44.065033989027143" lon="7.185993008315563">
        <ele>1170</ele>
        <time>2017-03-28T21:30:55Z</time>
      </trkpt>
      <trkpt lat="44.064968023449183" lon="7.186424005776644">
        <ele>1170</ele>
        <time>2017-03-28T21:31:15Z</time>
      </trkpt>
      <trkpt lat="44.065089980140328" lon="7.187029011547566">
        <ele>1182</ele>
        <time>2017-03-28T21:31:35Z</time>
      </trkpt>
      <trkpt lat="44.065037006512284" lon="7.187319025397301">
        <ele>1184</ele>
        <time>2017-03-28T21:31:55Z</time>
      </trkpt>
      <trkpt lat="44.065061984583735" lon="7.187927970662713">
        <ele>1191</ele>
        <time>2017-03-28T21:32:15Z</time>
      </trkpt>
      <trkpt lat="44.065056033432484" lon="7.188429040834308">
        <ele>1194</ele>
        <time>2017-03-28T21:32:35Z</time>
      </trkpt>
      <trkpt lat="44.065276980400085" lon="7.188879987224937">
        <ele>1199</ele>
        <time>2017-03-28T21:32:55Z</time>
      </trkpt>
      <trkpt lat="44.065173966810107" lon="7.189916996285319">
        <ele>1205</ele>
        <time>2017-03-28T21:33:15Z</time>
      </trkpt>
      <trkpt lat="44.065638994798064" lon="7.192513961344957">
        <ele>1233</ele>
        <time>2017-03-28T21:33:35Z</time>
      </trkpt>
      <trkpt lat="44.065354010090232" lon="7.194180032238364">
        <ele>1239</ele>
        <time>2017-03-28T21:33:55Z</time>
      </trkpt>
      <trkpt lat="44.065592978149652" lon="7.195715010166168">
        <ele>1249</ele>
        <time>2017-03-28T21:34:15Z</time>
      </trkpt>
      <trkpt lat="44.065559031441808" lon="7.196639031171799">
        <ele>1254</ele>
        <time>2017-03-28T21:34:35Z</time>
      </trkpt>
      <trkpt lat="44.065847033634782" lon="7.197725996375084">
        <ele>1264</ele>
        <time>2017-03-28T21:34:55Z</time>
      </trkpt>
      <trkpt lat="44.066539965569973" lon="7.199790040031076">
        <ele>1273</ele>
        <time>2017-03-28T21:35:15Z</time>
      </trkpt>
      <trkpt lat="44.066692013293505" lon="7.20119702629745">
        <ele>1284</ele>
        <time>2017-03-28T21:35:35Z</time>
      </trkpt>
    </trkseg>
  </trk>

</gpx>