<?xml version="1.0" encoding="utf-8"?><gpx creator="Garmin Desktop App" version="1.1" xsi:schemaLocation="http://www.topografix.com/GPX/1/1 http://www.topografix.com/GPX/1/1/gpx.xsd http://www.garmin.com/xmlschemas/WaypointExtension/v1 http://www8.garmin.com/xmlschemas/WaypointExtensionv1.xsd http://www.garmin.com/xmlschemas/TrackPointExtension/v1 http://www.garmin.com/xmlschemas/TrackPointExtensionv1.xsd http://www.garmin.com/xmlschemas/GpxExtensions/v3 http://www8.garmin.com/xmlschemas/GpxExtensionsv3.xsd http://www.garmin.com/xmlschemas/ActivityExtension/v1 http://www8.garmin.com/xmlschemas/ActivityExtensionv1.xsd http://www.garmin.com/xmlschemas/AdventuresExtensions/v1 http://www8.garmin.com/xmlschemas/AdventuresExtensionv1.xsd http://www.garmin.com/xmlschemas/PressureExtension/v1 http://www.garmin.com/xmlschemas/PressureExtensionv1.xsd http://www.garmin.com/xmlschemas/TripExtensions/v1 http://www.garmin.com/xmlschemas/TripExtensionsv1.xsd http://www.garmin.com/xmlschemas/TripMetaDataExtensions/v1 http://www.garmin.com/xmlschemas/TripMetaDataExtensionsv1.xsd http://www.garmin.com/xmlschemas/ViaPointTransportationModeExtensions/v1 http://www.garmin.com/xmlschemas/ViaPointTransportationModeExtensionsv1.xsd http://www.garmin.com/xmlschemas/CreationTimeExtension/v1 http://www.garmin.com/xmlschemas/CreationTimeExtensionsv1.xsd http://www.garmin.com/xmlschemas/AccelerationExtension/v1 http://www.garmin.com/xmlschemas/AccelerationExtensionv1.xsd http://www.garmin.com/xmlschemas/PowerExtension/v1 http://www.garmin.com/xmlschemas/PowerExtensionv1.xsd http://www.garmin.com/xmlschemas/VideoExtension/v1 http://www.garmin.com/xmlschemas/VideoExtensionv1.xsd" xmlns="http://www.topografix.com/GPX/1/1" xmlns:xsi="http://www.w3.org/2001/XMLSchema-instance" xmlns:wptx1="http://www.garmin.com/xmlschemas/WaypointExtension/v1" xmlns:gpxtrx="http://www.garmin.com/xmlschemas/GpxExtensions/v3" xmlns:gpxtpx="http://www.garmin.com/xmlschemas/TrackPointExtension/v1" xmlns:gpxx="http://www.garmin.com/xmlschemas/GpxExtensions/v3" xmlns:trp="http://www.garmin.com/xmlschemas/TripExtensions/v1" xmlns:adv="http://www.garmin.com/xmlschemas/AdventuresExtensions/v1" xmlns:prs="http://www.garmin.com/xmlschemas/PressureExtension/v1" xmlns:tmd="http://www.garmin.com/xmlschemas/TripMetaDataExtensions/v1" xmlns:vptm="http://www.garmin.com/xmlschemas/ViaPointTransportationModeExtensions/v1" xmlns:ctx="http://www.garmin.com/xmlschemas/CreationTimeExtension/v1" xmlns:gpxacc="http://www.garmin.com/xmlschemas/AccelerationExtension/v1" xmlns:gpxpx="http://www.garmin.com/xmlschemas/PowerExtension/v1" xmlns:vidx1="http://www.garmin.com/xmlschemas/VideoExtension/v1">

  <metadata>
    <link href="http://www.garmin.com">
      <text>Garmin International</text>
    </link>
    <time>2018-04-18T11:08:16Z</time>
    <bounds maxlat="44.066692013293505" maxlon="7.263716971501708" minlat="43.718648990616202" minlon="7.201109016314149" />
  </metadata>

  <trk>
    <name>Part 15a - FR alternative route GR5 St Dalmas to Nice</name>
    <desc>Randonnée avec le GR5 à travers les Alpes-Maritimes de St Dalmas-le-Selvage à Nice. Gîtes d'étapes, Chambres d'hôtes, Hôtels, Camping, Refuges, Auberges.</desc>
    <extensions>
      <gpxx:TrackExtension>
        <gpxx:DisplayColor>Red</gpxx:DisplayColor>
      </gpxx:TrackExtension>
    </extensions>
    <trkseg>
      <trkpt lat="44.066692013293505" lon="7.20119702629745">
        <ele>1284</ele>
        <time>2017-03-28T21:35:35Z</time>
      </trkpt>
      <trkpt lat="44.066452039405704" lon="7.201643027365208">
        <ele>1283</ele>
        <time>2017-03-28T21:35:55Z</time>
      </trkpt>
      <trkpt lat="44.066536026075482" lon="7.202872987836599">
        <ele>1292</ele>
        <time>2017-03-28T21:36:15Z</time>
      </trkpt>
      <trkpt lat="44.066466959193349" lon="7.203129976987839">
        <ele>1292</ele>
        <time>2017-03-28T21:36:35Z</time>
      </trkpt>
      <trkpt lat="44.066437035799026" lon="7.203483022749424">
        <ele>1294</ele>
        <time>2017-03-28T21:36:55Z</time>
      </trkpt>
      <trkpt lat="44.066271996125579" lon="7.203813018277288">
        <ele>1294</ele>
        <time>2017-03-28T21:37:15Z</time>
      </trkpt>
      <trkpt lat="44.065938983112574" lon="7.203396018594503">
        <ele>1294</ele>
        <time>2017-03-28T21:37:35Z</time>
      </trkpt>
      <trkpt lat="44.065620973706245" lon="7.203101981431246">
        <ele>1296</ele>
        <time>2017-03-28T21:37:55Z</time>
      </trkpt>
      <trkpt lat="44.065303970128298" lon="7.203441029414535">
        <ele>1301</ele>
        <time>2017-03-28T21:38:15Z</time>
      </trkpt>
      <trkpt lat="44.065268011763692" lon="7.203645966947079">
        <ele>1301</ele>
        <time>2017-03-28T21:38:35Z</time>
      </trkpt>
      <trkpt lat="44.065065002068877" lon="7.203713022172451">
        <ele>1302</ele>
        <time>2017-03-28T21:38:55Z</time>
      </trkpt>
      <trkpt lat="44.06438497826457" lon="7.203575978055596">
        <ele>1314</ele>
        <time>2017-03-28T21:39:15Z</time>
      </trkpt>
      <trkpt lat="44.064175011590123" lon="7.203657031059265">
        <ele>1315</ele>
        <time>2017-03-28T21:39:35Z</time>
      </trkpt>
      <trkpt lat="44.063858008012176" lon="7.203621994704008">
        <ele>1323</ele>
        <time>2017-03-28T21:39:55Z</time>
      </trkpt>
      <trkpt lat="44.062955025583506" lon="7.204031031578779">
        <ele>1340</ele>
        <time>2017-03-28T21:40:15Z</time>
      </trkpt>
      <trkpt lat="44.062016000971198" lon="7.204702002927661">
        <ele>1375</ele>
        <time>2017-03-28T21:40:35Z</time>
      </trkpt>
      <trkpt lat="44.061924973502755" lon="7.204942982643843">
        <ele>1381</ele>
        <time>2017-03-28T21:40:55Z</time>
      </trkpt>
      <trkpt lat="44.061986999586225" lon="7.205307008698583">
        <ele>1390</ele>
        <time>2017-03-28T21:41:15Z</time>
      </trkpt>
      <trkpt lat="44.061996974050999" lon="7.205863986164331">
        <ele>1402</ele>
        <time>2017-03-28T21:41:35Z</time>
      </trkpt>
      <trkpt lat="44.061821959912777" lon="7.206329014152288">
        <ele>1406</ele>
        <time>2017-03-28T21:41:55Z</time>
      </trkpt>
      <trkpt lat="44.061301024630666" lon="7.207071986049414">
        <ele>1436</ele>
        <time>2017-03-28T21:42:15Z</time>
      </trkpt>
      <trkpt lat="44.060652013868093" lon="7.207853011786938">
        <ele>1454</ele>
        <time>2017-03-28T21:42:35Z</time>
      </trkpt>
      <trkpt lat="44.060527039691806" lon="7.207869021221995">
        <ele>1453</ele>
        <time>2017-03-28T21:42:55Z</time>
      </trkpt>
      <trkpt lat="44.060431988909841" lon="7.208127016201615">
        <ele>1455</ele>
        <time>2017-03-28T21:43:15Z</time>
      </trkpt>
      <trkpt lat="44.060310032218695" lon="7.208260037004948">
        <ele>1455</ele>
        <time>2017-03-28T21:43:35Z</time>
      </trkpt>
      <trkpt lat="44.060394018888474" lon="7.208531023934484">
        <ele>1468</ele>
        <time>2017-03-28T21:43:55Z</time>
      </trkpt>
      <trkpt lat="44.060600968077779" lon="7.208909969776869">
        <ele>1473</ele>
        <time>2017-03-28T21:44:15Z</time>
      </trkpt>
      <trkpt lat="44.060638016089797" lon="7.209151033312082">
        <ele>1477</ele>
        <time>2017-03-28T21:44:35Z</time>
      </trkpt>
      <trkpt lat="44.060104005038738" lon="7.209477005526424">
        <ele>1495</ele>
        <time>2017-03-28T21:44:55Z</time>
      </trkpt>
      <trkpt lat="44.060441041365266" lon="7.209450015798211">
        <ele>1496</ele>
        <time>2017-03-28T21:45:15Z</time>
      </trkpt>
      <trkpt lat="44.060133006423712" lon="7.209927029907703">
        <ele>1510</ele>
        <time>2017-03-28T21:45:35Z</time>
      </trkpt>
      <trkpt lat="44.059101026505232" lon="7.212119987234473">
        <ele>1581</ele>
        <time>2017-03-28T21:45:55Z</time>
      </trkpt>
      <trkpt lat="44.058827022090554" lon="7.212429028004408">
        <ele>1584</ele>
        <time>2017-03-28T21:46:15Z</time>
      </trkpt>
      <trkpt lat="44.058556035161018" lon="7.213090024888516">
        <ele>1606</ele>
        <time>2017-03-28T21:46:35Z</time>
      </trkpt>
      <trkpt lat="44.058481017127633" lon="7.213462013751268">
        <ele>1624</ele>
        <time>2017-03-28T21:46:55Z</time>
      </trkpt>
      <trkpt lat="44.058533990755677" lon="7.213635016232729">
        <ele>1630</ele>
        <time>2017-03-28T21:47:15Z</time>
      </trkpt>
      <trkpt lat="44.057880034670234" lon="7.214240022003651">
        <ele>1661</ele>
        <time>2017-03-28T21:47:35Z</time>
      </trkpt>
      <trkpt lat="44.0576590038836" lon="7.214570017531514">
        <ele>1667</ele>
        <time>2017-03-28T21:47:55Z</time>
      </trkpt>
      <trkpt lat="44.057338982820511" lon="7.214609999209642">
        <ele>1680</ele>
        <time>2017-03-28T21:48:15Z</time>
      </trkpt>
      <trkpt lat="44.056763984262943" lon="7.214311016723514">
        <ele>1685</ele>
        <time>2017-03-28T21:48:35Z</time>
      </trkpt>
      <trkpt lat="44.056453015655279" lon="7.213829979300499">
        <ele>1686</ele>
        <time>2017-03-28T21:48:55Z</time>
      </trkpt>
      <trkpt lat="44.056217987090349" lon="7.21365999430418">
        <ele>1688</ele>
        <time>2017-03-28T21:49:15Z</time>
      </trkpt>
      <trkpt lat="44.055781960487366" lon="7.213665023446083">
        <ele>1714</ele>
        <time>2017-03-28T21:49:35Z</time>
      </trkpt>
      <trkpt lat="44.055350963026285" lon="7.21333796158433">
        <ele>1720</ele>
        <time>2017-03-28T21:49:55Z</time>
      </trkpt>
      <trkpt lat="44.055306036025286" lon="7.212737984955311">
        <ele>1700</ele>
        <time>2017-03-28T21:50:15Z</time>
      </trkpt>
      <trkpt lat="44.055181983858347" lon="7.212578980252147">
        <ele>1703</ele>
        <time>2017-03-28T21:50:35Z</time>
      </trkpt>
      <trkpt lat="44.055027002468705" lon="7.212504968047142">
        <ele>1707</ele>
        <time>2017-03-28T21:50:55Z</time>
      </trkpt>
      <trkpt lat="44.054444963112473" lon="7.21252198331058">
        <ele>1718</ele>
        <time>2017-03-28T21:51:15Z</time>
      </trkpt>
      <trkpt lat="44.053906006738544" lon="7.212678976356983">
        <ele>1720</ele>
        <time>2017-03-28T21:51:35Z</time>
      </trkpt>
      <trkpt lat="44.053439972922206" lon="7.212700014933944">
        <ele>1720</ele>
        <time>2017-03-28T21:51:55Z</time>
      </trkpt>
      <trkpt lat="44.052939992398024" lon="7.212830018252134">
        <ele>1712</ele>
        <time>2017-03-28T21:52:15Z</time>
      </trkpt>
      <trkpt lat="44.05271896161139" lon="7.212719963863492">
        <ele>1711</ele>
        <time>2017-03-28T21:52:35Z</time>
      </trkpt>
      <trkpt lat="44.052552999928594" lon="7.212397009134293">
        <ele>1709</ele>
        <time>2017-03-28T21:52:55Z</time>
      </trkpt>
      <trkpt lat="44.052105993032455" lon="7.21181002445519">
        <ele>1708</ele>
        <time>2017-03-28T21:53:15Z</time>
      </trkpt>
      <trkpt lat="44.05187901109457" lon="7.211621012538672">
        <ele>1715</ele>
        <time>2017-03-28T21:53:35Z</time>
      </trkpt>
      <trkpt lat="44.051712965592742" lon="7.211410040035844">
        <ele>1716</ele>
        <time>2017-03-28T21:53:55Z</time>
      </trkpt>
      <trkpt lat="44.051562007516623" lon="7.211325969547033">
        <ele>1726</ele>
        <time>2017-03-28T21:54:15Z</time>
      </trkpt>
      <trkpt lat="44.051399985328317" lon="7.211040984839201">
        <ele>1728</ele>
        <time>2017-03-28T21:54:35Z</time>
      </trkpt>
      <trkpt lat="44.051094967871904" lon="7.211033022031188">
        <ele>1730</ele>
        <time>2017-03-28T21:54:55Z</time>
      </trkpt>
      <trkpt lat="44.051208039745688" lon="7.210839986801148">
        <ele>1731</ele>
        <time>2017-03-28T21:55:15Z</time>
      </trkpt>
      <trkpt lat="44.051078958436847" lon="7.210411000996828">
        <ele>1750</ele>
        <time>2017-03-28T21:55:35Z</time>
      </trkpt>
      <trkpt lat="44.051120029762387" lon="7.210116041824222">
        <ele>1756</ele>
        <time>2017-03-28T21:55:55Z</time>
      </trkpt>
      <trkpt lat="44.051230000331998" lon="7.209837008267641">
        <ele>1766</ele>
        <time>2017-03-28T21:56:15Z</time>
      </trkpt>
      <trkpt lat="44.051235029473901" lon="7.209639027714729">
        <ele>1768</ele>
        <time>2017-03-28T21:56:35Z</time>
      </trkpt>
      <trkpt lat="44.051097985357046" lon="7.209248011931777">
        <ele>1780</ele>
        <time>2017-03-28T21:56:55Z</time>
      </trkpt>
      <trkpt lat="44.051135033369064" lon="7.208873005583882">
        <ele>1789</ele>
        <time>2017-03-28T21:57:15Z</time>
      </trkpt>
      <trkpt lat="44.051420018076897" lon="7.208232963457704">
        <ele>1787</ele>
        <time>2017-03-28T21:57:35Z</time>
      </trkpt>
      <trkpt lat="44.051726963371038" lon="7.207738012075424">
        <ele>1755</ele>
        <time>2017-03-28T21:57:55Z</time>
      </trkpt>
      <trkpt lat="44.051732998341322" lon="7.207381026819348">
        <ele>1761</ele>
        <time>2017-03-28T21:58:15Z</time>
      </trkpt>
      <trkpt lat="44.051551027223468" lon="7.20693301409483">
        <ele>1780</ele>
        <time>2017-03-28T21:58:35Z</time>
      </trkpt>
      <trkpt lat="44.05099899508059" lon="7.206349968910217">
        <ele>1776</ele>
        <time>2017-03-28T21:58:55Z</time>
      </trkpt>
      <trkpt lat="44.049976989626884" lon="7.205672040581703">
        <ele>1817</ele>
        <time>2017-03-28T21:59:15Z</time>
      </trkpt>
      <trkpt lat="44.049760987982154" lon="7.205292005091906">
        <ele>1818</ele>
        <time>2017-03-28T21:59:35Z</time>
      </trkpt>
      <trkpt lat="44.049264024943113" lon="7.204622039571405">
        <ele>1812</ele>
        <time>2017-03-28T21:59:55Z</time>
      </trkpt>
      <trkpt lat="44.049183977767825" lon="7.204191964119673">
        <ele>1818</ele>
        <time>2017-03-28T22:00:15Z</time>
      </trkpt>
      <trkpt lat="44.048795979470015" lon="7.203390989452601">
        <ele>1843</ele>
        <time>2017-03-28T22:00:35Z</time>
      </trkpt>
      <trkpt lat="44.048419967293739" lon="7.202841974794865">
        <ele>1839</ele>
        <time>2017-03-28T22:00:55Z</time>
      </trkpt>
      <trkpt lat="44.048199020326138" lon="7.202220959588885">
        <ele>1859</ele>
        <time>2017-03-28T22:01:15Z</time>
      </trkpt>
      <trkpt lat="44.047803981229663" lon="7.201993977651">
        <ele>1870</ele>
        <time>2017-03-28T22:01:35Z</time>
      </trkpt>
      <trkpt lat="44.047610023990273" lon="7.201568009331822">
        <ele>1876</ele>
        <time>2017-03-28T22:01:55Z</time>
      </trkpt>
      <trkpt lat="44.047551015391946" lon="7.201888030394912">
        <ele>1877</ele>
        <time>2017-03-28T22:02:15Z</time>
      </trkpt>
      <trkpt lat="44.04747499153018" lon="7.201748974621296">
        <ele>1892</ele>
        <time>2017-03-28T22:02:35Z</time>
      </trkpt>
      <trkpt lat="44.047441966831684" lon="7.201502965763211">
        <ele>1891</ele>
        <time>2017-03-28T22:02:55Z</time>
      </trkpt>
      <trkpt lat="44.04736896045506" lon="7.201300039887428">
        <ele>1892</ele>
        <time>2017-03-28T22:03:15Z</time>
      </trkpt>
      <trkpt lat="44.047338031232357" lon="7.201876966282725">
        <ele>1898</ele>
        <time>2017-03-28T22:03:35Z</time>
      </trkpt>
      <trkpt lat="44.047239040955901" lon="7.201860034838319">
        <ele>1899</ele>
        <time>2017-03-28T22:03:55Z</time>
      </trkpt>
      <trkpt lat="44.047179026529193" lon="7.201699018478394">
        <ele>1899</ele>
        <time>2017-03-28T22:04:15Z</time>
      </trkpt>
      <trkpt lat="44.047192018479109" lon="7.201109016314149">
        <ele>1892</ele>
        <time>2017-03-28T22:04:35Z</time>
      </trkpt>
      <trkpt lat="44.047133009880781" lon="7.201199037954211">
        <ele>1892</ele>
        <time>2017-03-28T22:04:55Z</time>
      </trkpt>
      <trkpt lat="44.047101996839046" lon="7.20154101960361">
        <ele>1893</ele>
        <time>2017-03-28T22:05:15Z</time>
      </trkpt>
      <trkpt lat="44.047018010169268" lon="7.201661970466375">
        <ele>1893</ele>
        <time>2017-03-28T22:05:35Z</time>
      </trkpt>
      <trkpt lat="44.04620798304677" lon="7.201795997098088">
        <ele>1894</ele>
        <time>2017-03-28T22:05:55Z</time>
      </trkpt>
      <trkpt lat="44.045556960627437" lon="7.202269993722439">
        <ele>1879</ele>
        <time>2017-03-28T22:06:15Z</time>
      </trkpt>
      <trkpt lat="44.045268958434463" lon="7.202450037002564">
        <ele>1874</ele>
        <time>2017-03-28T22:06:35Z</time>
      </trkpt>
      <trkpt lat="44.044861011207104" lon="7.202969966456294">
        <ele>1874</ele>
        <time>2017-03-28T22:06:55Z</time>
      </trkpt>
      <trkpt lat="44.044819017872214" lon="7.203198038041592">
        <ele>1881</ele>
        <time>2017-03-28T22:07:15Z</time>
      </trkpt>
      <trkpt lat="44.044607961550355" lon="7.203511018306017">
        <ele>1896</ele>
        <time>2017-03-28T22:07:35Z</time>
      </trkpt>
      <trkpt lat="44.044132959097624" lon="7.203975962474942">
        <ele>1884</ele>
        <time>2017-03-28T22:07:55Z</time>
      </trkpt>
      <trkpt lat="44.043528037145734" lon="7.20439899712801">
        <ele>1898</ele>
        <time>2017-03-28T22:08:15Z</time>
      </trkpt>
      <trkpt lat="44.0431999694556" lon="7.204546015709639">
        <ele>1895</ele>
        <time>2017-03-28T22:08:35Z</time>
      </trkpt>
      <trkpt lat="44.042694037780166" lon="7.204853966832161">
        <ele>1905</ele>
        <time>2017-03-28T22:08:55Z</time>
      </trkpt>
      <trkpt lat="44.042034968733788" lon="7.204683981835842">
        <ele>1904</ele>
        <time>2017-03-28T22:09:15Z</time>
      </trkpt>
      <trkpt lat="44.041488971561193" lon="7.204899983480573">
        <ele>1918</ele>
        <time>2017-03-28T22:09:35Z</time>
      </trkpt>
      <trkpt lat="44.041237011551857" lon="7.204793030396104">
        <ele>1917</ele>
        <time>2017-03-28T22:09:55Z</time>
      </trkpt>
      <trkpt lat="44.040894024074078" lon="7.204870982095599">
        <ele>1928</ele>
        <time>2017-03-28T22:10:15Z</time>
      </trkpt>
      <trkpt lat="44.040649021044374" lon="7.204619022086263">
        <ele>1932</ele>
        <time>2017-03-28T22:10:35Z</time>
      </trkpt>
      <trkpt lat="44.040187010541558" lon="7.204460017383099">
        <ele>1936</ele>
        <time>2017-03-28T22:10:55Z</time>
      </trkpt>
      <trkpt lat="44.039486031979322" lon="7.204087022691965">
        <ele>1931</ele>
        <time>2017-03-28T22:11:15Z</time>
      </trkpt>
      <trkpt lat="44.039344964548945" lon="7.204166986048222">
        <ele>1945</ele>
        <time>2017-03-28T22:11:35Z</time>
      </trkpt>
      <trkpt lat="44.039275981485844" lon="7.204412994906306">
        <ele>1947</ele>
        <time>2017-03-28T22:11:55Z</time>
      </trkpt>
      <trkpt lat="44.039238011464477" lon="7.205045996233821">
        <ele>1960</ele>
        <time>2017-03-28T22:12:15Z</time>
      </trkpt>
      <trkpt lat="44.038781030103564" lon="7.20590497367084">
        <ele>1958</ele>
        <time>2017-03-28T22:12:35Z</time>
      </trkpt>
      <trkpt lat="44.038324970752001" lon="7.20708497799933">
        <ele>1947</ele>
        <time>2017-03-28T22:12:55Z</time>
      </trkpt>
      <trkpt lat="44.03823503293097" lon="7.207545982673764">
        <ele>1968</ele>
        <time>2017-03-28T22:13:15Z</time>
      </trkpt>
      <trkpt lat="44.037633966654539" lon="7.208659015595913">
        <ele>1987</ele>
        <time>2017-03-28T22:13:35Z</time>
      </trkpt>
      <trkpt lat="44.037356022745371" lon="7.208946011960506">
        <ele>1980</ele>
        <time>2017-03-28T22:13:55Z</time>
      </trkpt>
      <trkpt lat="44.037022003903985" lon="7.208845010027289">
        <ele>1971</ele>
        <time>2017-03-28T22:14:15Z</time>
      </trkpt>
      <trkpt lat="44.036790998652577" lon="7.20901801250875">
        <ele>1975</ele>
        <time>2017-03-28T22:14:35Z</time>
      </trkpt>
      <trkpt lat="44.036439964547753" lon="7.209062017500401">
        <ele>1957</ele>
        <time>2017-03-28T22:14:55Z</time>
      </trkpt>
      <trkpt lat="44.036096977069974" lon="7.209247006103396">
        <ele>1973</ele>
        <time>2017-03-28T22:15:15Z</time>
      </trkpt>
      <trkpt lat="44.036022964864969" lon="7.209724020212889">
        <ele>1986</ele>
        <time>2017-03-28T22:15:35Z</time>
      </trkpt>
      <trkpt lat="44.035789025947452" lon="7.209962988272309">
        <ele>1984</ele>
        <time>2017-03-28T22:15:55Z</time>
      </trkpt>
      <trkpt lat="44.035606971010566" lon="7.210017973557115">
        <ele>1994</ele>
        <time>2017-03-28T22:16:15Z</time>
      </trkpt>
      <trkpt lat="44.035475039854646" lon="7.210212014615536">
        <ele>1996</ele>
        <time>2017-03-28T22:16:35Z</time>
      </trkpt>
      <trkpt lat="44.035248979926109" lon="7.210288038477302">
        <ele>1993</ele>
        <time>2017-03-28T22:16:55Z</time>
      </trkpt>
      <trkpt lat="44.035103973001242" lon="7.210421981289983">
        <ele>1997</ele>
        <time>2017-03-28T22:17:15Z</time>
      </trkpt>
      <trkpt lat="44.03460499830544" lon="7.210683999583125">
        <ele>1987</ele>
        <time>2017-03-28T22:17:35Z</time>
      </trkpt>
      <trkpt lat="44.033543011173606" lon="7.211257992312312">
        <ele>2021</ele>
        <time>2017-03-28T22:17:55Z</time>
      </trkpt>
      <trkpt lat="44.033287027850747" lon="7.211099993437529">
        <ele>2005</ele>
        <time>2017-03-28T22:18:15Z</time>
      </trkpt>
      <trkpt lat="44.033223995938897" lon="7.210978958755732">
        <ele>2000</ele>
        <time>2017-03-28T22:18:35Z</time>
      </trkpt>
      <trkpt lat="44.032970024272799" lon="7.210978958755732">
        <ele>2002</ele>
        <time>2017-03-28T22:18:55Z</time>
      </trkpt>
      <trkpt lat="44.0325400326401" lon="7.211248017847538">
        <ele>2003</ele>
        <time>2017-03-28T22:19:15Z</time>
      </trkpt>
      <trkpt lat="44.032166032120585" lon="7.21185696311295">
        <ele>1991</ele>
        <time>2017-03-28T22:19:35Z</time>
      </trkpt>
      <trkpt lat="44.032015996053815" lon="7.212261976674199">
        <ele>1986</ele>
        <time>2017-03-28T22:19:55Z</time>
      </trkpt>
      <trkpt lat="44.032100988551974" lon="7.212891960516572">
        <ele>1987</ele>
        <time>2017-03-28T22:20:15Z</time>
      </trkpt>
      <trkpt lat="44.032135019078851" lon="7.213913965970278">
        <ele>1972</ele>
        <time>2017-03-28T22:20:35Z</time>
      </trkpt>
      <trkpt lat="44.032062012702227" lon="7.214374970644712">
        <ele>1955</ele>
        <time>2017-03-28T22:20:55Z</time>
      </trkpt>
      <trkpt lat="44.032130995765328" lon="7.214799011126161">
        <ele>1952</ele>
        <time>2017-03-28T22:21:15Z</time>
      </trkpt>
      <trkpt lat="44.03185497969389" lon="7.21518499776721">
        <ele>1940</ele>
        <time>2017-03-28T22:21:35Z</time>
      </trkpt>
      <trkpt lat="44.031840981915593" lon="7.215378032997251">
        <ele>1941</ele>
        <time>2017-03-28T22:21:55Z</time>
      </trkpt>
      <trkpt lat="44.031508974730968" lon="7.215738035738468">
        <ele>1937</ele>
        <time>2017-03-28T22:22:15Z</time>
      </trkpt>
      <trkpt lat="44.031197000294924" lon="7.216003993526101">
        <ele>1944</ele>
        <time>2017-03-28T22:22:35Z</time>
      </trkpt>
      <trkpt lat="44.030884020030499" lon="7.216355027630925">
        <ele>1949</ele>
        <time>2017-03-28T22:22:55Z</time>
      </trkpt>
      <trkpt lat="44.030411029234529" lon="7.216472961008549">
        <ele>1924</ele>
        <time>2017-03-28T22:23:15Z</time>
      </trkpt>
      <trkpt lat="44.030277002602816" lon="7.216685023158789">
        <ele>1946</ele>
        <time>2017-03-28T22:23:35Z</time>
      </trkpt>
      <trkpt lat="44.03013601899147" lon="7.217101017013192">
        <ele>1955</ele>
        <time>2017-03-28T22:23:55Z</time>
      </trkpt>
      <trkpt lat="44.029774004593492" lon="7.217175029218197">
        <ele>1931</ele>
        <time>2017-03-28T22:24:15Z</time>
      </trkpt>
      <trkpt lat="44.029449038207531" lon="7.217524973675609">
        <ele>1952</ele>
        <time>2017-03-28T22:24:35Z</time>
      </trkpt>
      <trkpt lat="44.029022986069322" lon="7.217492032796145">
        <ele>1914</ele>
        <time>2017-03-28T22:24:55Z</time>
      </trkpt>
      <trkpt lat="44.028920978307724" lon="7.217717003077269">
        <ele>1925</ele>
        <time>2017-03-28T22:25:15Z</time>
      </trkpt>
      <trkpt lat="44.02891200967133" lon="7.218113970011473">
        <ele>1932</ele>
        <time>2017-03-28T22:25:35Z</time>
      </trkpt>
      <trkpt lat="44.028663989156485" lon="7.218414964154363">
        <ele>1942</ele>
        <time>2017-03-28T22:25:55Z</time>
      </trkpt>
      <trkpt lat="44.028225028887391" lon="7.218607999384403">
        <ele>1911</ele>
        <time>2017-03-28T22:26:15Z</time>
      </trkpt>
      <trkpt lat="44.027997963130474" lon="7.219233037903905">
        <ele>1928</ele>
        <time>2017-03-28T22:26:35Z</time>
      </trkpt>
      <trkpt lat="44.027685988694429" lon="7.219793032854796">
        <ele>1926</ele>
        <time>2017-03-28T22:26:55Z</time>
      </trkpt>
      <trkpt lat="44.026970006525517" lon="7.220661984756589">
        <ele>1913</ele>
        <time>2017-03-28T22:27:15Z</time>
      </trkpt>
      <trkpt lat="44.026908986270428" lon="7.221238994970918">
        <ele>1917</ele>
        <time>2017-03-28T22:27:35Z</time>
      </trkpt>
      <trkpt lat="44.026771020144224" lon="7.221643002703786">
        <ele>1911</ele>
        <time>2017-03-28T22:27:55Z</time>
      </trkpt>
      <trkpt lat="44.026845032349229" lon="7.222218001261354">
        <ele>1908</ele>
        <time>2017-03-28T22:28:15Z</time>
      </trkpt>
      <trkpt lat="44.026455022394657" lon="7.223161971196532">
        <ele>1910</ele>
        <time>2017-03-28T22:28:35Z</time>
      </trkpt>
      <trkpt lat="44.025895027443767" lon="7.223493978381157">
        <ele>1923</ele>
        <time>2017-03-28T22:28:55Z</time>
      </trkpt>
      <trkpt lat="44.025140991434455" lon="7.224176013842225">
        <ele>1930</ele>
        <time>2017-03-28T22:29:15Z</time>
      </trkpt>
      <trkpt lat="44.025028003379703" lon="7.224427973851562">
        <ele>1933</ele>
        <time>2017-03-28T22:29:35Z</time>
      </trkpt>
      <trkpt lat="44.025009982287884" lon="7.225317964330316">
        <ele>1941</ele>
        <time>2017-03-28T22:29:55Z</time>
      </trkpt>
      <trkpt lat="44.024927001446486" lon="7.225879970937967">
        <ele>1937</ele>
        <time>2017-03-28T22:30:15Z</time>
      </trkpt>
      <trkpt lat="44.02476598508656" lon="7.22629202529788">
        <ele>1929</ele>
        <time>2017-03-28T22:30:35Z</time>
      </trkpt>
      <trkpt lat="44.024630030617118" lon="7.227018987759948">
        <ele>1929</ele>
        <time>2017-03-28T22:30:55Z</time>
      </trkpt>
      <trkpt lat="44.024195009842515" lon="7.227891040965915">
        <ele>1930</ele>
        <time>2017-03-28T22:31:15Z</time>
      </trkpt>
      <trkpt lat="44.023959981277585" lon="7.228215001523495">
        <ele>1930</ele>
        <time>2017-03-28T22:31:35Z</time>
      </trkpt>
      <trkpt lat="44.02386199682951" lon="7.228740965947509">
        <ele>1934</ele>
        <time>2017-03-28T22:31:55Z</time>
      </trkpt>
      <trkpt lat="44.023494031280279" lon="7.229156959801912">
        <ele>1937</ele>
        <time>2017-03-28T22:32:15Z</time>
      </trkpt>
      <trkpt lat="44.023349024355412" lon="7.229369021952152">
        <ele>1936</ele>
        <time>2017-03-28T22:32:35Z</time>
      </trkpt>
      <trkpt lat="44.023075019940734" lon="7.229599021375179">
        <ele>1931</ele>
        <time>2017-03-28T22:32:55Z</time>
      </trkpt>
      <trkpt lat="44.022944010794163" lon="7.230162033811212">
        <ele>1929</ele>
        <time>2017-03-28T22:33:15Z</time>
      </trkpt>
      <trkpt lat="44.022528016939759" lon="7.230618009343743">
        <ele>1931</ele>
        <time>2017-03-28T22:33:35Z</time>
      </trkpt>
      <trkpt lat="44.021461000666022" lon="7.23106300458312">
        <ele>1927</ele>
        <time>2017-03-28T22:33:55Z</time>
      </trkpt>
      <trkpt lat="44.021127987653017" lon="7.231123019009829">
        <ele>1926</ele>
        <time>2017-03-28T22:34:15Z</time>
      </trkpt>
      <trkpt lat="44.020485011860728" lon="7.231584023684263">
        <ele>1926</ele>
        <time>2017-03-28T22:34:35Z</time>
      </trkpt>
      <trkpt lat="44.019697029143572" lon="7.23162199370563">
        <ele>1918</ele>
        <time>2017-03-28T22:34:55Z</time>
      </trkpt>
      <trkpt lat="44.019908001646399" lon="7.231822991743684">
        <ele>1939</ele>
        <time>2017-03-28T22:35:15Z</time>
      </trkpt>
      <trkpt lat="44.019872965291142" lon="7.231932962313294">
        <ele>1941</ele>
        <time>2017-03-28T22:35:35Z</time>
      </trkpt>
      <trkpt lat="44.019412966445088" lon="7.232407964766026">
        <ele>1953</ele>
        <time>2017-03-28T22:35:55Z</time>
      </trkpt>
      <trkpt lat="44.019296038895845" lon="7.232581973075867">
        <ele>1960</ele>
        <time>2017-03-28T22:36:15Z</time>
      </trkpt>
      <trkpt lat="44.019023962318897" lon="7.232748018577695">
        <ele>1975</ele>
        <time>2017-03-28T22:36:35Z</time>
      </trkpt>
      <trkpt lat="44.018819024786353" lon="7.233127970248461">
        <ele>1979</ele>
        <time>2017-03-28T22:36:55Z</time>
      </trkpt>
      <trkpt lat="44.018614003434777" lon="7.233379008248448">
        <ele>1981</ele>
        <time>2017-03-28T22:37:15Z</time>
      </trkpt>
      <trkpt lat="44.01855600066483" lon="7.233742028474808">
        <ele>1974</ele>
        <time>2017-03-28T22:37:35Z</time>
      </trkpt>
      <trkpt lat="44.01829699985683" lon="7.233874965459108">
        <ele>2005</ele>
        <time>2017-03-28T22:37:55Z</time>
      </trkpt>
      <trkpt lat="44.01782501488924" lon="7.234539985656738">
        <ele>2000</ele>
        <time>2017-03-28T22:38:15Z</time>
      </trkpt>
      <trkpt lat="44.017565008252859" lon="7.235109033063054">
        <ele>1996</ele>
        <time>2017-03-28T22:38:35Z</time>
      </trkpt>
      <trkpt lat="44.017511028796434" lon="7.235730970278382">
        <ele>1984</ele>
        <time>2017-03-28T22:38:55Z</time>
      </trkpt>
      <trkpt lat="44.017392005771399" lon="7.236230028793216">
        <ele>1985</ele>
        <time>2017-03-28T22:39:15Z</time>
      </trkpt>
      <trkpt lat="44.017272982746363" lon="7.236481988802552">
        <ele>1983</ele>
        <time>2017-03-28T22:39:35Z</time>
      </trkpt>
      <trkpt lat="44.017398962751031" lon="7.237098980695009">
        <ele>1974</ele>
        <time>2017-03-28T22:39:55Z</time>
      </trkpt>
      <trkpt lat="44.017380019649863" lon="7.237661993131042">
        <ele>1972</ele>
        <time>2017-03-28T22:40:15Z</time>
      </trkpt>
      <trkpt lat="44.017435004934669" lon="7.238121991977096">
        <ele>1973</ele>
        <time>2017-03-28T22:40:35Z</time>
      </trkpt>
      <trkpt lat="44.017452020198107" lon="7.238561036065221">
        <ele>1972</ele>
        <time>2017-03-28T22:40:55Z</time>
      </trkpt>
      <trkpt lat="44.017531983554363" lon="7.239426970481873">
        <ele>1991</ele>
        <time>2017-03-28T22:41:15Z</time>
      </trkpt>
      <trkpt lat="44.017323022708297" lon="7.241368973627687">
        <ele>1972</ele>
        <time>2017-03-28T22:41:35Z</time>
      </trkpt>
      <trkpt lat="44.017326962202787" lon="7.242286037653685">
        <ele>1965</ele>
        <time>2017-03-28T22:41:55Z</time>
      </trkpt>
      <trkpt lat="44.016994033008814" lon="7.242988022044301">
        <ele>1955</ele>
        <time>2017-03-28T22:42:15Z</time>
      </trkpt>
      <trkpt lat="44.016647022217512" lon="7.243290022015572">
        <ele>1941</ele>
        <time>2017-03-28T22:42:35Z</time>
      </trkpt>
      <trkpt lat="44.016707958653569" lon="7.243981026113033">
        <ele>1946</ele>
        <time>2017-03-28T22:42:55Z</time>
      </trkpt>
      <trkpt lat="44.016463961452246" lon="7.244688961654902">
        <ele>1928</ele>
        <time>2017-03-28T22:43:15Z</time>
      </trkpt>
      <trkpt lat="44.016270004212856" lon="7.244866993278265">
        <ele>1925</ele>
        <time>2017-03-28T22:43:35Z</time>
      </trkpt>
      <trkpt lat="44.016083003953099" lon="7.245569983497262">
        <ele>1923</ele>
        <time>2017-03-28T22:43:55Z</time>
      </trkpt>
      <trkpt lat="44.015861973166466" lon="7.245987989008427">
        <ele>1919</ele>
        <time>2017-03-28T22:44:15Z</time>
      </trkpt>
      <trkpt lat="44.015793995931745" lon="7.246518982574344">
        <ele>1908</ele>
        <time>2017-03-28T22:44:35Z</time>
      </trkpt>
      <trkpt lat="44.015536000952125" lon="7.246947968378663">
        <ele>1903</ele>
        <time>2017-03-28T22:44:55Z</time>
      </trkpt>
      <trkpt lat="44.015152025967836" lon="7.247247034683824">
        <ele>1896</ele>
        <time>2017-03-28T22:45:15Z</time>
      </trkpt>
      <trkpt lat="44.01498899795115" lon="7.247774004936218">
        <ele>1877</ele>
        <time>2017-03-28T22:45:35Z</time>
      </trkpt>
      <trkpt lat="44.014636036008596" lon="7.248137025162578">
        <ele>1872</ele>
        <time>2017-03-28T22:45:55Z</time>
      </trkpt>
      <trkpt lat="44.014144018292427" lon="7.248478000983596">
        <ele>1847</ele>
        <time>2017-03-28T22:46:15Z</time>
      </trkpt>
      <trkpt lat="44.014036981388927" lon="7.248850995674729">
        <ele>1844</ele>
        <time>2017-03-28T22:46:35Z</time>
      </trkpt>
      <trkpt lat="44.013653006404638" lon="7.249051993712783">
        <ele>1837</ele>
        <time>2017-03-28T22:46:55Z</time>
      </trkpt>
      <trkpt lat="44.013571031391621" lon="7.248710012063384">
        <ele>1835</ele>
        <time>2017-03-28T22:47:15Z</time>
      </trkpt>
      <trkpt lat="44.013413032516837" lon="7.248473977670074">
        <ele>1829</ele>
        <time>2017-03-28T22:47:35Z</time>
      </trkpt>
      <trkpt lat="44.01320499368012" lon="7.24833601154387">
        <ele>1815</ele>
        <time>2017-03-28T22:47:55Z</time>
      </trkpt>
      <trkpt lat="44.012909028679132" lon="7.247912976890802">
        <ele>1803</ele>
        <time>2017-03-28T22:48:15Z</time>
      </trkpt>
      <trkpt lat="44.01279897429049" lon="7.24704603664577">
        <ele>1797</ele>
        <time>2017-03-28T22:48:35Z</time>
      </trkpt>
      <trkpt lat="44.012786988168955" lon="7.246482018381357">
        <ele>1794</ele>
        <time>2017-03-28T22:48:55Z</time>
      </trkpt>
      <trkpt lat="44.012828981503844" lon="7.24607901647687">
        <ele>1796</ele>
        <time>2017-03-28T22:49:15Z</time>
      </trkpt>
      <trkpt lat="44.012684980407357" lon="7.245666040107608">
        <ele>1793</ele>
        <time>2017-03-28T22:49:35Z</time>
      </trkpt>
      <trkpt lat="44.012511977925897" lon="7.24552296102047">
        <ele>1792</ele>
        <time>2017-03-28T22:49:55Z</time>
      </trkpt>
      <trkpt lat="44.012373005971313" lon="7.245547017082572">
        <ele>1776</ele>
        <time>2017-03-28T22:50:15Z</time>
      </trkpt>
      <trkpt lat="44.01226001791656" lon="7.245704010128975">
        <ele>1776</ele>
        <time>2017-03-28T22:50:35Z</time>
      </trkpt>
      <trkpt lat="44.012278961017728" lon="7.245968962088227">
        <ele>1774</ele>
        <time>2017-03-28T22:50:55Z</time>
      </trkpt>
      <trkpt lat="44.012444000691175" lon="7.246326031163335">
        <ele>1774</ele>
        <time>2017-03-28T22:51:15Z</time>
      </trkpt>
      <trkpt lat="44.012225987389684" lon="7.246986022219062">
        <ele>1773</ele>
        <time>2017-03-28T22:51:35Z</time>
      </trkpt>
      <trkpt lat="44.011891968548298" lon="7.247296990826726">
        <ele>1768</ele>
        <time>2017-03-28T22:51:55Z</time>
      </trkpt>
      <trkpt lat="44.011778980493546" lon="7.247313000261784">
        <ele>1767</ele>
        <time>2017-03-28T22:52:15Z</time>
      </trkpt>
      <trkpt lat="44.01170102879405" lon="7.248020013794303">
        <ele>1771</ele>
        <time>2017-03-28T22:52:35Z</time>
      </trkpt>
      <trkpt lat="44.011396011337638" lon="7.248454028740525">
        <ele>1756</ele>
        <time>2017-03-28T22:52:55Z</time>
      </trkpt>
      <trkpt lat="44.010917991399765" lon="7.248429972678423">
        <ele>1745</ele>
        <time>2017-03-28T22:53:15Z</time>
      </trkpt>
      <trkpt lat="44.0107780136168" lon="7.248456962406635">
        <ele>1735</ele>
        <time>2017-03-28T22:53:35Z</time>
      </trkpt>
      <trkpt lat="44.01054197922349" lon="7.248994996771216">
        <ele>1731</ele>
        <time>2017-03-28T22:53:55Z</time>
      </trkpt>
      <trkpt lat="44.009992964565754" lon="7.249774010851979">
        <ele>1711</ele>
        <time>2017-03-28T22:54:15Z</time>
      </trkpt>
      <trkpt lat="44.009878970682621" lon="7.250216994434595">
        <ele>1709</ele>
        <time>2017-03-28T22:54:35Z</time>
      </trkpt>
      <trkpt lat="44.009868996217847" lon="7.250834992155433">
        <ele>1704</ele>
        <time>2017-03-28T22:54:55Z</time>
      </trkpt>
      <trkpt lat="44.009758019819856" lon="7.250801967456937">
        <ele>1705</ele>
        <time>2017-03-28T22:55:15Z</time>
      </trkpt>
      <trkpt lat="44.00966296903789" lon="7.250553024932742">
        <ele>1704</ele>
        <time>2017-03-28T22:55:35Z</time>
      </trkpt>
      <trkpt lat="44.009646959602833" lon="7.250108029693365">
        <ele>1705</ele>
        <time>2017-03-28T22:55:55Z</time>
      </trkpt>
      <trkpt lat="44.009525002911687" lon="7.250014990568161">
        <ele>1702</ele>
        <time>2017-03-28T22:56:15Z</time>
      </trkpt>
      <trkpt lat="44.009244041517377" lon="7.250468032434583">
        <ele>1699</ele>
        <time>2017-03-28T22:56:35Z</time>
      </trkpt>
      <trkpt lat="44.009077996015549" lon="7.250579008832574">
        <ele>1688</ele>
        <time>2017-03-28T22:56:55Z</time>
      </trkpt>
      <trkpt lat="44.009104985743761" lon="7.249906025826931">
        <ele>1691</ele>
        <time>2017-03-28T22:57:15Z</time>
      </trkpt>
      <trkpt lat="44.00901697576046" lon="7.248941017314792">
        <ele>1690</ele>
        <time>2017-03-28T22:57:35Z</time>
      </trkpt>
      <trkpt lat="44.009067015722394" lon="7.248206008225679">
        <ele>1689</ele>
        <time>2017-03-28T22:57:55Z</time>
      </trkpt>
      <trkpt lat="44.009291986003518" lon="7.247235970571637">
        <ele>1696</ele>
        <time>2017-03-28T22:58:15Z</time>
      </trkpt>
      <trkpt lat="44.008959978818893" lon="7.244926001876593">
        <ele>1685</ele>
        <time>2017-03-28T22:58:35Z</time>
      </trkpt>
      <trkpt lat="44.009005995467305" lon="7.24408202804625">
        <ele>1684</ele>
        <time>2017-03-28T22:58:55Z</time>
      </trkpt>
      <trkpt lat="44.009504970163107" lon="7.241941038519144">
        <ele>1681</ele>
        <time>2017-03-28T22:59:15Z</time>
      </trkpt>
      <trkpt lat="44.010054990649223" lon="7.240392984822393">
        <ele>1692</ele>
        <time>2017-03-28T22:59:35Z</time>
      </trkpt>
      <trkpt lat="44.010196980088949" lon="7.239466030150652">
        <ele>1690</ele>
        <time>2017-03-28T22:59:55Z</time>
      </trkpt>
      <trkpt lat="44.010140988975763" lon="7.239035032689571">
        <ele>1687</ele>
        <time>2017-03-28T23:00:15Z</time>
      </trkpt>
      <trkpt lat="44.010193040594459" lon="7.238550977781415">
        <ele>1691</ele>
        <time>2017-03-28T23:00:35Z</time>
      </trkpt>
      <trkpt lat="44.010071000084281" lon="7.237521009519696">
        <ele>1690</ele>
        <time>2017-03-28T23:00:55Z</time>
      </trkpt>
      <trkpt lat="44.008781025186181" lon="7.236320972442627">
        <ele>1685</ele>
        <time>2017-03-28T23:01:15Z</time>
      </trkpt>
      <trkpt lat="44.008125979453325" lon="7.236350979655981">
        <ele>1679</ele>
        <time>2017-03-28T23:01:35Z</time>
      </trkpt>
      <trkpt lat="44.007624993100762" lon="7.236490035429597">
        <ele>1676</ele>
        <time>2017-03-28T23:01:55Z</time>
      </trkpt>
      <trkpt lat="44.006814965978265" lon="7.236447958275676">
        <ele>1677</ele>
        <time>2017-03-28T23:02:15Z</time>
      </trkpt>
      <trkpt lat="44.005459025502205" lon="7.236170014366508">
        <ele>1665</ele>
        <time>2017-03-28T23:02:35Z</time>
      </trkpt>
      <trkpt lat="44.004901964217424" lon="7.235329980030656">
        <ele>1679</ele>
        <time>2017-03-28T23:02:55Z</time>
      </trkpt>
      <trkpt lat="44.003821033984423" lon="7.235091011971235">
        <ele>1670</ele>
        <time>2017-03-28T23:03:15Z</time>
      </trkpt>
      <trkpt lat="44.002833981066942" lon="7.235056981444359">
        <ele>1673</ele>
        <time>2017-03-28T23:03:35Z</time>
      </trkpt>
      <trkpt lat="44.001889005303383" lon="7.235311958938837">
        <ele>1685</ele>
        <time>2017-03-28T23:03:55Z</time>
      </trkpt>
      <trkpt lat="44.001483991742134" lon="7.235657041892409">
        <ele>1693</ele>
        <time>2017-03-28T23:04:15Z</time>
      </trkpt>
      <trkpt lat="44.000977976247668" lon="7.235830966383219">
        <ele>1701</ele>
        <time>2017-03-28T23:04:35Z</time>
      </trkpt>
      <trkpt lat="44.000777984037995" lon="7.236363971605897">
        <ele>1687</ele>
        <time>2017-03-28T23:04:55Z</time>
      </trkpt>
      <trkpt lat="44.000597018748522" lon="7.236553989350796">
        <ele>1685</ele>
        <time>2017-03-28T23:05:15Z</time>
      </trkpt>
      <trkpt lat="44.000424016267061" lon="7.236830005422235">
        <ele>1663</ele>
        <time>2017-03-28T23:05:35Z</time>
      </trkpt>
      <trkpt lat="43.999883970245719" lon="7.236482994630933">
        <ele>1693</ele>
        <time>2017-03-28T23:05:55Z</time>
      </trkpt>
      <trkpt lat="43.999434029683471" lon="7.236393978819251">
        <ele>1693</ele>
        <time>2017-03-28T23:06:15Z</time>
      </trkpt>
      <trkpt lat="43.998728021979332" lon="7.235978990793228">
        <ele>1688</ele>
        <time>2017-03-28T23:06:35Z</time>
      </trkpt>
      <trkpt lat="43.998109018430114" lon="7.235373985022306">
        <ele>1672</ele>
        <time>2017-03-28T23:06:55Z</time>
      </trkpt>
      <trkpt lat="43.997679026797414" lon="7.235245993360877">
        <ele>1664</ele>
        <time>2017-03-28T23:07:15Z</time>
      </trkpt>
      <trkpt lat="43.997338972985744" lon="7.234827987849712">
        <ele>1639</ele>
        <time>2017-03-28T23:07:35Z</time>
      </trkpt>
      <trkpt lat="43.996874028816819" lon="7.234753975644708">
        <ele>1630</ele>
        <time>2017-03-28T23:07:55Z</time>
      </trkpt>
      <trkpt lat="43.996722986921668" lon="7.234663031995297">
        <ele>1628</ele>
        <time>2017-03-28T23:08:15Z</time>
      </trkpt>
      <trkpt lat="43.996631959453225" lon="7.23434996791184">
        <ele>1612</ele>
        <time>2017-03-28T23:08:35Z</time>
      </trkpt>
      <trkpt lat="43.996487958356738" lon="7.23426103591919">
        <ele>1611</ele>
        <time>2017-03-28T23:08:55Z</time>
      </trkpt>
      <trkpt lat="43.996324008330703" lon="7.23430696874857">
        <ele>1609</ele>
        <time>2017-03-28T23:09:15Z</time>
      </trkpt>
      <trkpt lat="43.996259970590472" lon="7.234224993735552">
        <ele>1607</ele>
        <time>2017-03-28T23:09:35Z</time>
      </trkpt>
      <trkpt lat="43.995660999789834" lon="7.23428500816226">
        <ele>1593</ele>
        <time>2017-03-28T23:09:55Z</time>
      </trkpt>
      <trkpt lat="43.995491014793515" lon="7.2343710064888">
        <ele>1593</ele>
        <time>2017-03-28T23:10:15Z</time>
      </trkpt>
      <trkpt lat="43.995666028931737" lon="7.234044028446078">
        <ele>1590</ele>
        <time>2017-03-28T23:10:35Z</time>
      </trkpt>
      <trkpt lat="43.995578018948436" lon="7.233870020136237">
        <ele>1589</ele>
        <time>2017-03-28T23:10:55Z</time>
      </trkpt>
      <trkpt lat="43.99470797739923" lon="7.23331798799336">
        <ele>1580</ele>
        <time>2017-03-28T23:11:15Z</time>
      </trkpt>
      <trkpt lat="43.994247978553176" lon="7.233152026310563">
        <ele>1571</ele>
        <time>2017-03-28T23:11:35Z</time>
      </trkpt>
      <trkpt lat="43.994095008820295" lon="7.232924960553646">
        <ele>1558</ele>
        <time>2017-03-28T23:11:55Z</time>
      </trkpt>
      <trkpt lat="43.993585975840688" lon="7.232574010267854">
        <ele>1548</ele>
        <time>2017-03-28T23:12:15Z</time>
      </trkpt>
      <trkpt lat="43.993450021371245" lon="7.232349961996079">
        <ele>1548</ele>
        <time>2017-03-28T23:12:35Z</time>
      </trkpt>
      <trkpt lat="43.993085995316505" lon="7.231889041140676">
        <ele>1533</ele>
        <time>2017-03-28T23:12:55Z</time>
      </trkpt>
      <trkpt lat="43.992685005068779" lon="7.231758031994104">
        <ele>1524</ele>
        <time>2017-03-28T23:13:15Z</time>
      </trkpt>
      <trkpt lat="43.992284014821053" lon="7.231690976768732">
        <ele>1509</ele>
        <time>2017-03-28T23:13:35Z</time>
      </trkpt>
      <trkpt lat="43.992202961817384" lon="7.23174998536706">
        <ele>1507</ele>
        <time>2017-03-28T23:13:55Z</time>
      </trkpt>
      <trkpt lat="43.991851005703211" lon="7.231468018144369">
        <ele>1507</ele>
        <time>2017-03-28T23:14:15Z</time>
      </trkpt>
      <trkpt lat="43.991479016840458" lon="7.231428036466241">
        <ele>1488</ele>
        <time>2017-03-28T23:14:35Z</time>
      </trkpt>
      <trkpt lat="43.990933019667864" lon="7.231654012575746">
        <ele>1480</ele>
        <time>2017-03-28T23:14:55Z</time>
      </trkpt>
      <trkpt lat="43.990403031930327" lon="7.231815028935671">
        <ele>1467</ele>
        <time>2017-03-28T23:15:15Z</time>
      </trkpt>
      <trkpt lat="43.990176972001791" lon="7.231755014508963">
        <ele>1464</ele>
        <time>2017-03-28T23:15:35Z</time>
      </trkpt>
      <trkpt lat="43.990300018340349" lon="7.231526020914316">
        <ele>1461</ele>
        <time>2017-03-28T23:15:55Z</time>
      </trkpt>
      <trkpt lat="43.989780005067587" lon="7.231523003429174">
        <ele>1443</ele>
        <time>2017-03-28T23:16:15Z</time>
      </trkpt>
      <trkpt lat="43.99002400226891" lon="7.231098040938377">
        <ele>1450</ele>
        <time>2017-03-28T23:16:35Z</time>
      </trkpt>
      <trkpt lat="43.988752970471978" lon="7.231374979019165">
        <ele>1409</ele>
        <time>2017-03-28T23:16:55Z</time>
      </trkpt>
      <trkpt lat="43.989052036777139" lon="7.230970971286297">
        <ele>1408</ele>
        <time>2017-03-28T23:17:15Z</time>
      </trkpt>
      <trkpt lat="43.988434039056301" lon="7.231050012633205">
        <ele>1397</ele>
        <time>2017-03-28T23:17:35Z</time>
      </trkpt>
      <trkpt lat="43.987777987495065" lon="7.23138595931232">
        <ele>1378</ele>
        <time>2017-03-28T23:17:55Z</time>
      </trkpt>
      <trkpt lat="43.98744598031044" lon="7.231607995927334">
        <ele>1370</ele>
        <time>2017-03-28T23:18:15Z</time>
      </trkpt>
      <trkpt lat="43.987656030803919" lon="7.231108015403152">
        <ele>1370</ele>
        <time>2017-03-28T23:18:35Z</time>
      </trkpt>
      <trkpt lat="43.986867964267731" lon="7.231775969266892">
        <ele>1360</ele>
        <time>2017-03-28T23:18:55Z</time>
      </trkpt>
      <trkpt lat="43.986443001776934" lon="7.232230016961694">
        <ele>1351</ele>
        <time>2017-03-28T23:19:15Z</time>
      </trkpt>
      <trkpt lat="43.985829027369618" lon="7.232520030811429">
        <ele>1354</ele>
        <time>2017-03-28T23:19:35Z</time>
      </trkpt>
      <trkpt lat="43.985259979963303" lon="7.233299966901541">
        <ele>1358</ele>
        <time>2017-03-28T23:19:55Z</time>
      </trkpt>
      <trkpt lat="43.984892014414072" lon="7.233609007671475">
        <ele>1372</ele>
        <time>2017-03-28T23:20:15Z</time>
      </trkpt>
      <trkpt lat="43.98480199277401" lon="7.233777986839414">
        <ele>1373</ele>
        <time>2017-03-28T23:20:35Z</time>
      </trkpt>
      <trkpt lat="43.98465002886951" lon="7.233901033177972">
        <ele>1374</ele>
        <time>2017-03-28T23:20:55Z</time>
      </trkpt>
      <trkpt lat="43.984432015568018" lon="7.234219964593649">
        <ele>1372</ele>
        <time>2017-03-28T23:21:15Z</time>
      </trkpt>
      <trkpt lat="43.984337970614433" lon="7.234533028677106">
        <ele>1370</ele>
        <time>2017-03-28T23:21:35Z</time>
      </trkpt>
      <trkpt lat="43.984183995053172" lon="7.234756993129849">
        <ele>1370</ele>
        <time>2017-03-28T23:21:55Z</time>
      </trkpt>
      <trkpt lat="43.983778981491923" lon="7.234911974519491">
        <ele>1388</ele>
        <time>2017-03-28T23:22:15Z</time>
      </trkpt>
      <trkpt lat="43.983400035649538" lon="7.235223026946187">
        <ele>1379</ele>
        <time>2017-03-28T23:22:35Z</time>
      </trkpt>
      <trkpt lat="43.982015009969473" lon="7.236039005219936">
        <ele>1369</ele>
        <time>2017-03-28T23:22:55Z</time>
      </trkpt>
      <trkpt lat="43.981777969747782" lon="7.235984019935131">
        <ele>1374</ele>
        <time>2017-03-28T23:23:15Z</time>
      </trkpt>
      <trkpt lat="43.981533972546458" lon="7.235704986378551">
        <ele>1387</ele>
        <time>2017-03-28T23:23:35Z</time>
      </trkpt>
      <trkpt lat="43.980794018134475" lon="7.235354036092758">
        <ele>1378</ele>
        <time>2017-03-28T23:23:55Z</time>
      </trkpt>
      <trkpt lat="43.980438038706779" lon="7.234861012548208">
        <ele>1394</ele>
        <time>2017-03-28T23:24:15Z</time>
      </trkpt>
      <trkpt lat="43.980033025145531" lon="7.234595976769924">
        <ele>1394</ele>
        <time>2017-03-28T23:24:35Z</time>
      </trkpt>
      <trkpt lat="43.979534972459078" lon="7.234190963208675">
        <ele>1390</ele>
        <time>2017-03-28T23:24:55Z</time>
      </trkpt>
      <trkpt lat="43.979096012189984" lon="7.23415601067245">
        <ele>1394</ele>
        <time>2017-03-28T23:25:15Z</time>
      </trkpt>
      <trkpt lat="43.978815972805023" lon="7.234248965978622">
        <ele>1394</ele>
        <time>2017-03-28T23:25:35Z</time>
      </trkpt>
      <trkpt lat="43.978451024740934" lon="7.234550965949893">
        <ele>1395</ele>
        <time>2017-03-28T23:25:55Z</time>
      </trkpt>
      <trkpt lat="43.977663964033127" lon="7.235024962574244">
        <ele>1402</ele>
        <time>2017-03-28T23:26:15Z</time>
      </trkpt>
      <trkpt lat="43.977377973496914" lon="7.235262002795935">
        <ele>1419</ele>
        <time>2017-03-28T23:26:35Z</time>
      </trkpt>
      <trkpt lat="43.97717303596437" lon="7.235888969153166">
        <ele>1407</ele>
        <time>2017-03-28T23:26:55Z</time>
      </trkpt>
      <trkpt lat="43.97687497548759" lon="7.236428009346128">
        <ele>1410</ele>
        <time>2017-03-28T23:27:15Z</time>
      </trkpt>
      <trkpt lat="43.976619997993112" lon="7.236709976568818">
        <ele>1413</ele>
        <time>2017-03-28T23:27:35Z</time>
      </trkpt>
      <trkpt lat="43.975862022489309" lon="7.236509984359145">
        <ele>1426</ele>
        <time>2017-03-28T23:27:55Z</time>
      </trkpt>
      <trkpt lat="43.975666975602508" lon="7.236681981012225">
        <ele>1409</ele>
        <time>2017-03-28T23:28:15Z</time>
      </trkpt>
      <trkpt lat="43.975312002003193" lon="7.236673012375832">
        <ele>1408</ele>
        <time>2017-03-28T23:28:35Z</time>
      </trkpt>
      <trkpt lat="43.974121017381549" lon="7.237160000950098">
        <ele>1417</ele>
        <time>2017-03-28T23:28:55Z</time>
      </trkpt>
      <trkpt lat="43.973540989682078" lon="7.237194031476975">
        <ele>1421</ele>
        <time>2017-03-28T23:29:15Z</time>
      </trkpt>
      <trkpt lat="43.972931038588285" lon="7.237610025331378">
        <ele>1425</ele>
        <time>2017-03-28T23:29:35Z</time>
      </trkpt>
      <trkpt lat="43.972860965877771" lon="7.238075975328684">
        <ele>1420</ele>
        <time>2017-03-28T23:29:55Z</time>
      </trkpt>
      <trkpt lat="43.972778990864754" lon="7.238449975848198">
        <ele>1401</ele>
        <time>2017-03-28T23:30:15Z</time>
      </trkpt>
      <trkpt lat="43.971626982092857" lon="7.239315994083881">
        <ele>1400</ele>
        <time>2017-03-28T23:30:35Z</time>
      </trkpt>
      <trkpt lat="43.971205959096551" lon="7.239410039037466">
        <ele>1389</ele>
        <time>2017-03-28T23:30:55Z</time>
      </trkpt>
      <trkpt lat="43.970996998250484" lon="7.239279029890895">
        <ele>1392</ele>
        <time>2017-03-28T23:31:15Z</time>
      </trkpt>
      <trkpt lat="43.970897002145648" lon="7.23896898329258">
        <ele>1411</ele>
        <time>2017-03-28T23:31:35Z</time>
      </trkpt>
      <trkpt lat="43.970673959702253" lon="7.238653991371393">
        <ele>1400</ele>
        <time>2017-03-28T23:31:55Z</time>
      </trkpt>
      <trkpt lat="43.970530964434147" lon="7.238343022763729">
        <ele>1403</ele>
        <time>2017-03-28T23:32:15Z</time>
      </trkpt>
      <trkpt lat="43.970373971387744" lon="7.238375041633844">
        <ele>1396</ele>
        <time>2017-03-28T23:32:35Z</time>
      </trkpt>
      <trkpt lat="43.970081023871899" lon="7.238207990303636">
        <ele>1405</ele>
        <time>2017-03-28T23:32:55Z</time>
      </trkpt>
      <trkpt lat="43.969769971445203" lon="7.237791996449232">
        <ele>1403</ele>
        <time>2017-03-28T23:33:15Z</time>
      </trkpt>
      <trkpt lat="43.969595963135362" lon="7.237713038921356">
        <ele>1402</ele>
        <time>2017-03-28T23:33:35Z</time>
      </trkpt>
      <trkpt lat="43.969413992017508" lon="7.237549005076289">
        <ele>1403</ele>
        <time>2017-03-28T23:33:55Z</time>
      </trkpt>
      <trkpt lat="43.968613017350435" lon="7.237452026456595">
        <ele>1421</ele>
        <time>2017-03-28T23:34:15Z</time>
      </trkpt>
      <trkpt lat="43.968010023236275" lon="7.237469041720033">
        <ele>1419</ele>
        <time>2017-03-28T23:34:35Z</time>
      </trkpt>
      <trkpt lat="43.967196978628635" lon="7.237655958160758">
        <ele>1406</ele>
        <time>2017-03-28T23:34:55Z</time>
      </trkpt>
      <trkpt lat="43.966771010309458" lon="7.237640032544732">
        <ele>1407</ele>
        <time>2017-03-28T23:35:15Z</time>
      </trkpt>
      <trkpt lat="43.966549979522824" lon="7.237771041691303">
        <ele>1408</ele>
        <time>2017-03-28T23:35:35Z</time>
      </trkpt>
      <trkpt lat="43.965644985437393" lon="7.237823009490967">
        <ele>1410</ele>
        <time>2017-03-28T23:35:55Z</time>
      </trkpt>
      <trkpt lat="43.96507803350687" lon="7.238119980320334">
        <ele>1412</ele>
        <time>2017-03-28T23:36:15Z</time>
      </trkpt>
      <trkpt lat="43.964700009673834" lon="7.238470008596778">
        <ele>1413</ele>
        <time>2017-03-28T23:36:35Z</time>
      </trkpt>
      <trkpt lat="43.964372025802732" lon="7.238705959171057">
        <ele>1412</ele>
        <time>2017-03-28T23:36:55Z</time>
      </trkpt>
      <trkpt lat="43.963068975135684" lon="7.239378020167351">
        <ele>1413</ele>
        <time>2017-03-28T23:37:15Z</time>
      </trkpt>
      <trkpt lat="43.962812991812825" lon="7.239626040682197">
        <ele>1413</ele>
        <time>2017-03-28T23:37:35Z</time>
      </trkpt>
      <trkpt lat="43.962637977674603" lon="7.239845981821418">
        <ele>1410</ele>
        <time>2017-03-28T23:37:55Z</time>
      </trkpt>
      <trkpt lat="43.96237101405859" lon="7.24013096652925">
        <ele>1406</ele>
        <time>2017-03-28T23:38:15Z</time>
      </trkpt>
      <trkpt lat="43.961719991639256" lon="7.241156995296478">
        <ele>1386</ele>
        <time>2017-03-28T23:38:35Z</time>
      </trkpt>
      <trkpt lat="43.961139963939786" lon="7.241398980841041">
        <ele>1399</ele>
        <time>2017-03-28T23:38:55Z</time>
      </trkpt>
      <trkpt lat="43.960765041410923" lon="7.241780022159219">
        <ele>1399</ele>
        <time>2017-03-28T23:39:15Z</time>
      </trkpt>
      <trkpt lat="43.960506040602922" lon="7.24187096580863">
        <ele>1402</ele>
        <time>2017-03-28T23:39:35Z</time>
      </trkpt>
      <trkpt lat="43.960247039794922" lon="7.242245972156525">
        <ele>1402</ele>
        <time>2017-03-28T23:39:55Z</time>
      </trkpt>
      <trkpt lat="43.959873961284757" lon="7.24257898516953">
        <ele>1402</ele>
        <time>2017-03-28T23:40:15Z</time>
      </trkpt>
      <trkpt lat="43.959729038178921" lon="7.242788029834628">
        <ele>1401</ele>
        <time>2017-03-28T23:40:35Z</time>
      </trkpt>
      <trkpt lat="43.958469992503524" lon="7.243192959576845">
        <ele>1410</ele>
        <time>2017-03-28T23:40:55Z</time>
      </trkpt>
      <trkpt lat="43.957719979807734" lon="7.243090029805899">
        <ele>1417</ele>
        <time>2017-03-28T23:41:15Z</time>
      </trkpt>
      <trkpt lat="43.957479000091553" lon="7.242949968203902">
        <ele>1417</ele>
        <time>2017-03-28T23:41:35Z</time>
      </trkpt>
      <trkpt lat="43.957036016508937" lon="7.242818959057331">
        <ele>1417</ele>
        <time>2017-03-28T23:41:55Z</time>
      </trkpt>
      <trkpt lat="43.956672996282578" lon="7.242635982111096">
        <ele>1420</ele>
        <time>2017-03-28T23:42:15Z</time>
      </trkpt>
      <trkpt lat="43.956284997984767" lon="7.242321996018291">
        <ele>1434</ele>
        <time>2017-03-28T23:42:35Z</time>
      </trkpt>
      <trkpt lat="43.956144014373422" lon="7.242248989641666">
        <ele>1435</ele>
        <time>2017-03-28T23:42:55Z</time>
      </trkpt>
      <trkpt lat="43.956021973863244" lon="7.24208596162498">
        <ele>1437</ele>
        <time>2017-03-28T23:43:15Z</time>
      </trkpt>
      <trkpt lat="43.955074986442924" lon="7.241798965260387">
        <ele>1445</ele>
        <time>2017-03-28T23:43:35Z</time>
      </trkpt>
      <trkpt lat="43.954725963994861" lon="7.241947995498776">
        <ele>1457</ele>
        <time>2017-03-28T23:43:55Z</time>
      </trkpt>
      <trkpt lat="43.954554973170161" lon="7.241850011050701">
        <ele>1460</ele>
        <time>2017-03-28T23:44:15Z</time>
      </trkpt>
      <trkpt lat="43.954021967947483" lon="7.242608992382884">
        <ele>1467</ele>
        <time>2017-03-28T23:44:35Z</time>
      </trkpt>
      <trkpt lat="43.952839029952884" lon="7.242726003751159">
        <ele>1479</ele>
        <time>2017-03-28T23:44:55Z</time>
      </trkpt>
      <trkpt lat="43.952698968350887" lon="7.242640005424619">
        <ele>1484</ele>
        <time>2017-03-28T23:45:15Z</time>
      </trkpt>
      <trkpt lat="43.952414989471436" lon="7.242944017052651">
        <ele>1485</ele>
        <time>2017-03-28T23:45:35Z</time>
      </trkpt>
      <trkpt lat="43.952041994780302" lon="7.24298601038754">
        <ele>1487</ele>
        <time>2017-03-28T23:45:55Z</time>
      </trkpt>
      <trkpt lat="43.951974017545581" lon="7.242872016504407">
        <ele>1489</ele>
        <time>2017-03-28T23:46:15Z</time>
      </trkpt>
      <trkpt lat="43.951890030875802" lon="7.242886014282703">
        <ele>1489</ele>
        <time>2017-03-28T23:46:35Z</time>
      </trkpt>
      <trkpt lat="43.951915008947253" lon="7.243042001500726">
        <ele>1488</ele>
        <time>2017-03-28T23:46:55Z</time>
      </trkpt>
      <trkpt lat="43.951728008687496" lon="7.243203017860651">
        <ele>1490</ele>
        <time>2017-03-28T23:47:15Z</time>
      </trkpt>
      <trkpt lat="43.951664976775646" lon="7.243160018697381">
        <ele>1496</ele>
        <time>2017-03-28T23:47:35Z</time>
      </trkpt>
      <trkpt lat="43.951577972620726" lon="7.243338972330093">
        <ele>1493</ele>
        <time>2017-03-28T23:47:55Z</time>
      </trkpt>
      <trkpt lat="43.95158501341939" lon="7.243519015610218">
        <ele>1490</ele>
        <time>2017-03-28T23:48:15Z</time>
      </trkpt>
      <trkpt lat="43.95130698569119" lon="7.243702998384833">
        <ele>1491</ele>
        <time>2017-03-28T23:48:35Z</time>
      </trkpt>
      <trkpt lat="43.951128032058477" lon="7.243604008108378">
        <ele>1497</ele>
        <time>2017-03-28T23:48:55Z</time>
      </trkpt>
      <trkpt lat="43.9509869646281" lon="7.243720013648272">
        <ele>1498</ele>
        <time>2017-03-28T23:49:15Z</time>
      </trkpt>
      <trkpt lat="43.950804993510246" lon="7.243650024756789">
        <ele>1521</ele>
        <time>2017-03-28T23:49:35Z</time>
      </trkpt>
      <trkpt lat="43.950651017948985" lon="7.243413990363479">
        <ele>1523</ele>
        <time>2017-03-28T23:49:55Z</time>
      </trkpt>
      <trkpt lat="43.950545992702246" lon="7.243054993450642">
        <ele>1504</ele>
        <time>2017-03-28T23:50:15Z</time>
      </trkpt>
      <trkpt lat="43.950346000492573" lon="7.243254985660315">
        <ele>1508</ele>
        <time>2017-03-28T23:50:35Z</time>
      </trkpt>
      <trkpt lat="43.95021197386086" lon="7.243298990651965">
        <ele>1512</ele>
        <time>2017-03-28T23:50:55Z</time>
      </trkpt>
      <trkpt lat="43.949982980266213" lon="7.243550028651953">
        <ele>1524</ele>
        <time>2017-03-28T23:51:15Z</time>
      </trkpt>
      <trkpt lat="43.949767984449863" lon="7.243594033643603">
        <ele>1523</ele>
        <time>2017-03-28T23:51:35Z</time>
      </trkpt>
      <trkpt lat="43.949366994202137" lon="7.243367973715067">
        <ele>1510</ele>
        <time>2017-03-28T23:51:55Z</time>
      </trkpt>
      <trkpt lat="43.948956029489636" lon="7.243940960615873">
        <ele>1498</ele>
        <time>2017-03-28T23:52:15Z</time>
      </trkpt>
      <trkpt lat="43.948718989267945" lon="7.244015978649259">
        <ele>1490</ele>
        <time>2017-03-28T23:52:35Z</time>
      </trkpt>
      <trkpt lat="43.948828037828207" lon="7.243707021698356">
        <ele>1488</ele>
        <time>2017-03-28T23:52:55Z</time>
      </trkpt>
      <trkpt lat="43.948889980092645" lon="7.243451960384846">
        <ele>1487</ele>
        <time>2017-03-28T23:53:15Z</time>
      </trkpt>
      <trkpt lat="43.948754025623202" lon="7.24337300285697">
        <ele>1482</ele>
        <time>2017-03-28T23:53:35Z</time>
      </trkpt>
      <trkpt lat="43.948576999828219" lon="7.243664022535086">
        <ele>1480</ele>
        <time>2017-03-28T23:53:55Z</time>
      </trkpt>
      <trkpt lat="43.948314981535077" lon="7.243923023343086">
        <ele>1457</ele>
        <time>2017-03-28T23:54:15Z</time>
      </trkpt>
      <trkpt lat="43.948100991547108" lon="7.244123015552759">
        <ele>1456</ele>
        <time>2017-03-28T23:54:35Z</time>
      </trkpt>
      <trkpt lat="43.947855988517404" lon="7.244237009435892">
        <ele>1466</ele>
        <time>2017-03-28T23:54:55Z</time>
      </trkpt>
      <trkpt lat="43.947964031249285" lon="7.243915982544422">
        <ele>1448</ele>
        <time>2017-03-28T23:55:15Z</time>
      </trkpt>
      <trkpt lat="43.947747023776174" lon="7.244025031104684">
        <ele>1443</ele>
        <time>2017-03-28T23:55:35Z</time>
      </trkpt>
      <trkpt lat="43.947837967425585" lon="7.243646001443267">
        <ele>1440</ele>
        <time>2017-03-28T23:55:55Z</time>
      </trkpt>
      <trkpt lat="43.947539990767837" lon="7.243705010041595">
        <ele>1436</ele>
        <time>2017-03-28T23:56:15Z</time>
      </trkpt>
      <trkpt lat="43.947562035173178" lon="7.243452966213226">
        <ele>1426</ele>
        <time>2017-03-28T23:56:35Z</time>
      </trkpt>
      <trkpt lat="43.947339998558164" lon="7.243574000895023">
        <ele>1406</ele>
        <time>2017-03-28T23:56:55Z</time>
      </trkpt>
      <trkpt lat="43.94707496277988" lon="7.243426982313395">
        <ele>1398</ele>
        <time>2017-03-28T23:57:15Z</time>
      </trkpt>
      <trkpt lat="43.946933979168534" lon="7.243398986756802">
        <ele>1391</ele>
        <time>2017-03-28T23:57:35Z</time>
      </trkpt>
      <trkpt lat="43.946927022188902" lon="7.243165969848633">
        <ele>1382</ele>
        <time>2017-03-28T23:57:55Z</time>
      </trkpt>
      <trkpt lat="43.946746978908777" lon="7.243163036182523">
        <ele>1378</ele>
        <time>2017-03-28T23:58:15Z</time>
      </trkpt>
      <trkpt lat="43.946594009175897" lon="7.243006965145469">
        <ele>1359</ele>
        <time>2017-03-28T23:58:35Z</time>
      </trkpt>
      <trkpt lat="43.946517985314131" lon="7.242808984592557">
        <ele>1358</ele>
        <time>2017-03-28T23:58:55Z</time>
      </trkpt>
      <trkpt lat="43.946357974782586" lon="7.242635982111096">
        <ele>1357</ele>
        <time>2017-03-28T23:59:15Z</time>
      </trkpt>
      <trkpt lat="43.94554995931685" lon="7.241059010848403">
        <ele>1373</ele>
        <time>2017-03-28T23:59:35Z</time>
      </trkpt>
      <trkpt lat="43.945576027035713" lon="7.240229034796357">
        <ele>1358</ele>
        <time>2017-03-28T23:59:55Z</time>
      </trkpt>
      <trkpt lat="43.945437977090478" lon="7.239715978503227">
        <ele>1337</ele>
        <time>2017-03-29T00:00:15Z</time>
      </trkpt>
      <trkpt lat="43.944845963269472" lon="7.240053014829755">
        <ele>1364</ele>
        <time>2017-03-29T00:00:35Z</time>
      </trkpt>
      <trkpt lat="43.944356041029096" lon="7.24010800011456">
        <ele>1364</ele>
        <time>2017-03-29T00:00:55Z</time>
      </trkpt>
      <trkpt lat="43.944115983322263" lon="7.24006500095129">
        <ele>1359</ele>
        <time>2017-03-29T00:01:15Z</time>
      </trkpt>
      <trkpt lat="43.943081991747022" lon="7.240024013444781">
        <ele>1367</ele>
        <time>2017-03-29T00:01:35Z</time>
      </trkpt>
      <trkpt lat="43.942802958190441" lon="7.239873977378011">
        <ele>1352</ele>
        <time>2017-03-29T00:01:55Z</time>
      </trkpt>
      <trkpt lat="43.942537000402808" lon="7.239859979599714">
        <ele>1357</ele>
        <time>2017-03-29T00:02:15Z</time>
      </trkpt>
      <trkpt lat="43.942394005134702" lon="7.239723019301891">
        <ele>1357</ele>
        <time>2017-03-29T00:02:35Z</time>
      </trkpt>
      <trkpt lat="43.942314963787794" lon="7.239502994343638">
        <ele>1352</ele>
        <time>2017-03-29T00:02:55Z</time>
      </trkpt>
      <trkpt lat="43.942310018464923" lon="7.238879967480898">
        <ele>1328</ele>
        <time>2017-03-29T00:03:15Z</time>
      </trkpt>
      <trkpt lat="43.942543035373092" lon="7.237751008942723">
        <ele>1307</ele>
        <time>2017-03-29T00:03:35Z</time>
      </trkpt>
      <trkpt lat="43.942760964855552" lon="7.237320011481643">
        <ele>1300</ele>
        <time>2017-03-29T00:03:55Z</time>
      </trkpt>
      <trkpt lat="43.942751996219158" lon="7.237138962373138">
        <ele>1298</ele>
        <time>2017-03-29T00:04:15Z</time>
      </trkpt>
      <trkpt lat="43.942592991515994" lon="7.237198976799846">
        <ele>1299</ele>
        <time>2017-03-29T00:04:35Z</time>
      </trkpt>
      <trkpt lat="43.942480003461242" lon="7.237549005076289">
        <ele>1304</ele>
        <time>2017-03-29T00:04:55Z</time>
      </trkpt>
      <trkpt lat="43.942223014310002" lon="7.238056026399136">
        <ele>1302</ele>
        <time>2017-03-29T00:05:15Z</time>
      </trkpt>
      <trkpt lat="43.942171968519688" lon="7.238318966701627">
        <ele>1304</ele>
        <time>2017-03-29T00:05:35Z</time>
      </trkpt>
      <trkpt lat="43.941978011280298" lon="7.238630019128323">
        <ele>1321</ele>
        <time>2017-03-29T00:05:55Z</time>
      </trkpt>
      <trkpt lat="43.941783970221877" lon="7.238596994429827">
        <ele>1317</ele>
        <time>2017-03-29T00:06:15Z</time>
      </trkpt>
      <trkpt lat="43.941644998267293" lon="7.238639993593097">
        <ele>1304</ele>
        <time>2017-03-29T00:06:35Z</time>
      </trkpt>
      <trkpt lat="43.941194973886013" lon="7.238520970568061">
        <ele>1296</ele>
        <time>2017-03-29T00:06:55Z</time>
      </trkpt>
      <trkpt lat="43.940888028591871" lon="7.238358026370406">
        <ele>1277</ele>
        <time>2017-03-29T00:07:15Z</time>
      </trkpt>
      <trkpt lat="43.940773028880358" lon="7.238503033295274">
        <ele>1266</ele>
        <time>2017-03-29T00:07:35Z</time>
      </trkpt>
      <trkpt lat="43.940754001960158" lon="7.239060010761023">
        <ele>1283</ele>
        <time>2017-03-29T00:07:55Z</time>
      </trkpt>
      <trkpt lat="43.940558033064008" lon="7.23922798410058">
        <ele>1297</ele>
        <time>2017-03-29T00:08:15Z</time>
      </trkpt>
      <trkpt lat="43.940353011712432" lon="7.239508023485541">
        <ele>1298</ele>
        <time>2017-03-29T00:08:35Z</time>
      </trkpt>
      <trkpt lat="43.939882032573223" lon="7.239414984360337">
        <ele>1270</ele>
        <time>2017-03-29T00:08:55Z</time>
      </trkpt>
      <trkpt lat="43.939607022330165" lon="7.239595027640462">
        <ele>1276</ele>
        <time>2017-03-29T00:09:15Z</time>
      </trkpt>
      <trkpt lat="43.939480036497116" lon="7.23963500931859">
        <ele>1276</ele>
        <time>2017-03-29T00:09:35Z</time>
      </trkpt>
      <trkpt lat="43.939129002392292" lon="7.239790996536613">
        <ele>1269</ele>
        <time>2017-03-29T00:09:55Z</time>
      </trkpt>
      <trkpt lat="43.939006961882114" lon="7.239900967106223">
        <ele>1272</ele>
        <time>2017-03-29T00:10:15Z</time>
      </trkpt>
      <trkpt lat="43.93876195885241" lon="7.239962993189693">
        <ele>1259</ele>
        <time>2017-03-29T00:10:35Z</time>
      </trkpt>
      <trkpt lat="43.938503041863441" lon="7.239744979888201">
        <ele>1248</ele>
        <time>2017-03-29T00:10:55Z</time>
      </trkpt>
      <trkpt lat="43.93835199996829" lon="7.239881018176675">
        <ele>1252</ele>
        <time>2017-03-29T00:11:15Z</time>
      </trkpt>
      <trkpt lat="43.938100039958954" lon="7.239728970453143">
        <ele>1216</ele>
        <time>2017-03-29T00:11:35Z</time>
      </trkpt>
      <trkpt lat="43.937899963930249" lon="7.239987971261144">
        <ele>1213</ele>
        <time>2017-03-29T00:11:55Z</time>
      </trkpt>
      <trkpt lat="43.937899963930249" lon="7.240258036181331">
        <ele>1228</ele>
        <time>2017-03-29T00:12:15Z</time>
      </trkpt>
      <trkpt lat="43.937812959775329" lon="7.240529023110867">
        <ele>1225</ele>
        <time>2017-03-29T00:12:35Z</time>
      </trkpt>
      <trkpt lat="43.937942963093519" lon="7.240706970915198">
        <ele>1232</ele>
        <time>2017-03-29T00:12:55Z</time>
      </trkpt>
      <trkpt lat="43.937957966700196" lon="7.241136962547898">
        <ele>1239</ele>
        <time>2017-03-29T00:13:15Z</time>
      </trkpt>
      <trkpt lat="43.937991997227073" lon="7.241450026631355">
        <ele>1243</ele>
        <time>2017-03-29T00:13:35Z</time>
      </trkpt>
      <trkpt lat="43.937812959775329" lon="7.241707015782595">
        <ele>1244</ele>
        <time>2017-03-29T00:13:55Z</time>
      </trkpt>
      <trkpt lat="43.937798961997032" lon="7.241964004933834">
        <ele>1249</ele>
        <time>2017-03-29T00:14:15Z</time>
      </trkpt>
      <trkpt lat="43.937525041401386" lon="7.242329036816955">
        <ele>1247</ele>
        <time>2017-03-29T00:14:35Z</time>
      </trkpt>
      <trkpt lat="43.937269980087876" lon="7.242324007675052">
        <ele>1208</ele>
        <time>2017-03-29T00:14:55Z</time>
      </trkpt>
      <trkpt lat="43.937110975384712" lon="7.242486029863358">
        <ele>1203</ele>
        <time>2017-03-29T00:15:15Z</time>
      </trkpt>
      <trkpt lat="43.937037969008088" lon="7.242769002914429">
        <ele>1237</ele>
        <time>2017-03-29T00:15:35Z</time>
      </trkpt>
      <trkpt lat="43.936777962371707" lon="7.242865981534123">
        <ele>1233</ele>
        <time>2017-03-29T00:15:55Z</time>
      </trkpt>
      <trkpt lat="43.936648964881897" lon="7.243150966241956">
        <ele>1228</ele>
        <time>2017-03-29T00:16:15Z</time>
      </trkpt>
      <trkpt lat="43.936096010729671" lon="7.243378031998873">
        <ele>1242</ele>
        <time>2017-03-29T00:16:35Z</time>
      </trkpt>
      <trkpt lat="43.935843966901302" lon="7.243259008973837">
        <ele>1207</ele>
        <time>2017-03-29T00:16:55Z</time>
      </trkpt>
      <trkpt lat="43.935669036582112" lon="7.243510968983173">
        <ele>1220</ele>
        <time>2017-03-29T00:17:15Z</time>
      </trkpt>
      <trkpt lat="43.935356978327036" lon="7.243446009233594">
        <ele>1217</ele>
        <time>2017-03-29T00:17:35Z</time>
      </trkpt>
      <trkpt lat="43.935075011104345" lon="7.243461012840271">
        <ele>1211</ele>
        <time>2017-03-29T00:17:55Z</time>
      </trkpt>
      <trkpt lat="43.934408985078335" lon="7.243021968752146">
        <ele>1193</ele>
        <time>2017-03-29T00:18:15Z</time>
      </trkpt>
      <trkpt lat="43.934260038658977" lon="7.243006965145469">
        <ele>1194</ele>
        <time>2017-03-29T00:18:35Z</time>
      </trkpt>
      <trkpt lat="43.934136992320418" lon="7.243173010647297">
        <ele>1198</ele>
        <time>2017-03-29T00:18:55Z</time>
      </trkpt>
      <trkpt lat="43.933783024549484" lon="7.243387000635266">
        <ele>1192</ele>
        <time>2017-03-29T00:19:15Z</time>
      </trkpt>
      <trkpt lat="43.933498039841652" lon="7.24367500282824">
        <ele>1188</ele>
        <time>2017-03-29T00:19:35Z</time>
      </trkpt>
      <trkpt lat="43.933238033205271" lon="7.24369696341455">
        <ele>1184</ele>
        <time>2017-03-29T00:19:55Z</time>
      </trkpt>
      <trkpt lat="43.933109035715461" lon="7.243830990046263">
        <ele>1181</ele>
        <time>2017-03-29T00:20:15Z</time>
      </trkpt>
      <trkpt lat="43.932759007439017" lon="7.243938026949763">
        <ele>1180</ele>
        <time>2017-03-29T00:20:35Z</time>
      </trkpt>
      <trkpt lat="43.932381989434361" lon="7.244323007762432">
        <ele>1171</ele>
        <time>2017-03-29T00:20:55Z</time>
      </trkpt>
      <trkpt lat="43.932145033031702" lon="7.244493998587132">
        <ele>1168</ele>
        <time>2017-03-29T00:21:15Z</time>
      </trkpt>
      <trkpt lat="43.931642035022378" lon="7.245319029316306">
        <ele>1138</ele>
        <time>2017-03-29T00:21:35Z</time>
      </trkpt>
      <trkpt lat="43.931414969265461" lon="7.245407039299607">
        <ele>1134</ele>
        <time>2017-03-29T00:21:55Z</time>
      </trkpt>
      <trkpt lat="43.93117600120604" lon="7.245190031826496">
        <ele>1137</ele>
        <time>2017-03-29T00:22:15Z</time>
      </trkpt>
      <trkpt lat="43.930929992347956" lon="7.245167987421155">
        <ele>1139</ele>
        <time>2017-03-29T00:22:35Z</time>
      </trkpt>
      <trkpt lat="43.930656993761659" lon="7.245322968810797">
        <ele>1122</ele>
        <time>2017-03-29T00:22:55Z</time>
      </trkpt>
      <trkpt lat="43.930537970736623" lon="7.245060028508306">
        <ele>1126</ele>
        <time>2017-03-29T00:23:15Z</time>
      </trkpt>
      <trkpt lat="43.930260026827455" lon="7.244913009926677">
        <ele>1143</ele>
        <time>2017-03-29T00:23:35Z</time>
      </trkpt>
      <trkpt lat="43.929981999099255" lon="7.245146026834846">
        <ele>1111</ele>
        <time>2017-03-29T00:23:55Z</time>
      </trkpt>
      <trkpt lat="43.929695002734661" lon="7.244976041838527">
        <ele>1128</ele>
        <time>2017-03-29T00:24:15Z</time>
      </trkpt>
      <trkpt lat="43.929605986922979" lon="7.24500797688961">
        <ele>1104</ele>
        <time>2017-03-29T00:24:35Z</time>
      </trkpt>
      <trkpt lat="43.929404988884926" lon="7.244890965521336">
        <ele>1124</ele>
        <time>2017-03-29T00:24:55Z</time>
      </trkpt>
      <trkpt lat="43.929230980575085" lon="7.245013006031513">
        <ele>1106</ele>
        <time>2017-03-29T00:25:15Z</time>
      </trkpt>
      <trkpt lat="43.928938033059239" lon="7.244990039616823">
        <ele>1115</ele>
        <time>2017-03-29T00:25:35Z</time>
      </trkpt>
      <trkpt lat="43.928791014477611" lon="7.245192965492606">
        <ele>1090</ele>
        <time>2017-03-29T00:25:55Z</time>
      </trkpt>
      <trkpt lat="43.928660005331039" lon="7.245194977149367">
        <ele>1090</ele>
        <time>2017-03-29T00:26:15Z</time>
      </trkpt>
      <trkpt lat="43.928485997021198" lon="7.245384994894266">
        <ele>1085</ele>
        <time>2017-03-29T00:26:35Z</time>
      </trkpt>
      <trkpt lat="43.928298996761441" lon="7.245117025449872">
        <ele>1092</ele>
        <time>2017-03-29T00:26:55Z</time>
      </trkpt>
      <trkpt lat="43.927806979045272" lon="7.245323974639177">
        <ele>1076</ele>
        <time>2017-03-29T00:27:15Z</time>
      </trkpt>
      <trkpt lat="43.927678987383842" lon="7.245311988517642">
        <ele>1076</ele>
        <time>2017-03-29T00:27:35Z</time>
      </trkpt>
      <trkpt lat="43.927509002387524" lon="7.245380971580744">
        <ele>1073</ele>
        <time>2017-03-29T00:27:55Z</time>
      </trkpt>
      <trkpt lat="43.927182024344802" lon="7.244647974148393">
        <ele>1090</ele>
        <time>2017-03-29T00:28:15Z</time>
      </trkpt>
      <trkpt lat="43.926862003281713" lon="7.244635988026857">
        <ele>1087</ele>
        <time>2017-03-29T00:28:35Z</time>
      </trkpt>
      <trkpt lat="43.926658993586898" lon="7.244399031624198">
        <ele>1080</ele>
        <time>2017-03-29T00:28:55Z</time>
      </trkpt>
      <trkpt lat="43.926367973908782" lon="7.244535991922021">
        <ele>1071</ele>
        <time>2017-03-29T00:29:15Z</time>
      </trkpt>
      <trkpt lat="43.926184996962547" lon="7.244565999135375">
        <ele>1067</ele>
        <time>2017-03-29T00:29:35Z</time>
      </trkpt>
      <trkpt lat="43.926066979765892" lon="7.244680998846889">
        <ele>1062</ele>
        <time>2017-03-29T00:29:55Z</time>
      </trkpt>
      <trkpt lat="43.925878973677754" lon="7.244459968060255">
        <ele>1066</ele>
        <time>2017-03-29T00:30:15Z</time>
      </trkpt>
      <trkpt lat="43.925856007263064" lon="7.244228962808847">
        <ele>1070</ele>
        <time>2017-03-29T00:30:35Z</time>
      </trkpt>
      <trkpt lat="43.925724998116493" lon="7.244002986699343">
        <ele>1073</ele>
        <time>2017-03-29T00:30:55Z</time>
      </trkpt>
      <trkpt lat="43.925540009513497" lon="7.244090996682644">
        <ele>1071</ele>
        <time>2017-03-29T00:31:15Z</time>
      </trkpt>
      <trkpt lat="43.9252860378474" lon="7.244136007502675">
        <ele>1065</ele>
        <time>2017-03-29T00:31:35Z</time>
      </trkpt>
      <trkpt lat="43.925499022006989" lon="7.244311021640897">
        <ele>1047</ele>
        <time>2017-03-29T00:31:55Z</time>
      </trkpt>
      <trkpt lat="43.925090990960598" lon="7.244427027180791">
        <ele>1040</ele>
        <time>2017-03-29T00:32:15Z</time>
      </trkpt>
      <trkpt lat="43.92490197904408" lon="7.244647974148393">
        <ele>1021</ele>
        <time>2017-03-29T00:32:35Z</time>
      </trkpt>
      <trkpt lat="43.924636021256447" lon="7.244811002165079">
        <ele>1017</ele>
        <time>2017-03-29T00:32:55Z</time>
      </trkpt>
      <trkpt lat="43.924881024286151" lon="7.244884008541703">
        <ele>1014</ele>
        <time>2017-03-29T00:33:15Z</time>
      </trkpt>
      <trkpt lat="43.924607019871473" lon="7.244995990768075">
        <ele>1015</ele>
        <time>2017-03-29T00:33:35Z</time>
      </trkpt>
      <trkpt lat="43.924246011301875" lon="7.245694035664201">
        <ele>976</ele>
        <time>2017-03-29T00:33:55Z</time>
      </trkpt>
      <trkpt lat="43.92410896718502" lon="7.245813980698586">
        <ele>969</ele>
        <time>2017-03-29T00:34:15Z</time>
      </trkpt>
      <trkpt lat="43.92395599745214" lon="7.24562899209559">
        <ele>969</ele>
        <time>2017-03-29T00:34:35Z</time>
      </trkpt>
      <trkpt lat="43.923744019120932" lon="7.245627986267209">
        <ele>965</ele>
        <time>2017-03-29T00:34:55Z</time>
      </trkpt>
      <trkpt lat="43.923332970589399" lon="7.244847966358066">
        <ele>949</ele>
        <time>2017-03-29T00:35:15Z</time>
      </trkpt>
      <trkpt lat="43.923303969204426" lon="7.244932036846876">
        <ele>952</ele>
        <time>2017-03-29T00:35:35Z</time>
      </trkpt>
      <trkpt lat="43.923134990036488" lon="7.244659038260579">
        <ele>943</ele>
        <time>2017-03-29T00:35:55Z</time>
      </trkpt>
      <trkpt lat="43.923051003366709" lon="7.244384028017521">
        <ele>945</ele>
        <time>2017-03-29T00:36:15Z</time>
      </trkpt>
      <trkpt lat="43.923133984208107" lon="7.244032993912697">
        <ele>967</ele>
        <time>2017-03-29T00:36:35Z</time>
      </trkpt>
      <trkpt lat="43.923015967011452" lon="7.243862003087997">
        <ele>964</ele>
        <time>2017-03-29T00:36:55Z</time>
      </trkpt>
      <trkpt lat="43.922821003943682" lon="7.243905002251267">
        <ele>956</ele>
        <time>2017-03-29T00:37:15Z</time>
      </trkpt>
      <trkpt lat="43.922712039202452" lon="7.243814980611205">
        <ele>954</ele>
        <time>2017-03-29T00:37:35Z</time>
      </trkpt>
      <trkpt lat="43.92251699231565" lon="7.24386996589601">
        <ele>946</ele>
        <time>2017-03-29T00:37:55Z</time>
      </trkpt>
      <trkpt lat="43.922501988708973" lon="7.24363200366497">
        <ele>953</ele>
        <time>2017-03-29T00:38:15Z</time>
      </trkpt>
      <trkpt lat="43.922332003712654" lon="7.243646001443267">
        <ele>921</ele>
        <time>2017-03-29T00:38:35Z</time>
      </trkpt>
      <trkpt lat="43.922162018716335" lon="7.243711967021227">
        <ele>915</ele>
        <time>2017-03-29T00:38:55Z</time>
      </trkpt>
      <trkpt lat="43.922020029276609" lon="7.24341700784862">
        <ele>918</ele>
        <time>2017-03-29T00:39:15Z</time>
      </trkpt>
      <trkpt lat="43.92189203761518" lon="7.243260014802218">
        <ele>938</ele>
        <time>2017-03-29T00:39:35Z</time>
      </trkpt>
      <trkpt lat="43.921676035970449" lon="7.243246017023921">
        <ele>929</ele>
        <time>2017-03-29T00:39:55Z</time>
      </trkpt>
      <trkpt lat="43.92142097465694" lon="7.243499988690019">
        <ele>892</ele>
        <time>2017-03-29T00:40:15Z</time>
      </trkpt>
      <trkpt lat="43.921265993267298" lon="7.243751026690006">
        <ele>881</ele>
        <time>2017-03-29T00:40:35Z</time>
      </trkpt>
      <trkpt lat="43.921089973300695" lon="7.243692018091679">
        <ele>879</ele>
        <time>2017-03-29T00:40:55Z</time>
      </trkpt>
      <trkpt lat="43.920874977484345" lon="7.243758989498019">
        <ele>875</ele>
        <time>2017-03-29T00:41:15Z</time>
      </trkpt>
      <trkpt lat="43.920521009713411" lon="7.243536030873656">
        <ele>858</ele>
        <time>2017-03-29T00:41:35Z</time>
      </trkpt>
      <trkpt lat="43.92051799222827" lon="7.243689000606537">
        <ele>855</ele>
        <time>2017-03-29T00:41:55Z</time>
      </trkpt>
      <trkpt lat="43.920109961181879" lon="7.244473965838552">
        <ele>828</ele>
        <time>2017-03-29T00:42:15Z</time>
      </trkpt>
      <trkpt lat="43.919825982302427" lon="7.244735984131694">
        <ele>821</ele>
        <time>2017-03-29T00:42:35Z</time>
      </trkpt>
      <trkpt lat="43.919468997046351" lon="7.244819970801473">
        <ele>820</ele>
        <time>2017-03-29T00:42:55Z</time>
      </trkpt>
      <trkpt lat="43.919275039806962" lon="7.245174022391439">
        <ele>810</ele>
        <time>2017-03-29T00:43:15Z</time>
      </trkpt>
      <trkpt lat="43.91866902820766" lon="7.245340989902616">
        <ele>808</ele>
        <time>2017-03-29T00:43:35Z</time>
      </trkpt>
      <trkpt lat="43.918474987149239" lon="7.24552002735436">
        <ele>807</ele>
        <time>2017-03-29T00:43:55Z</time>
      </trkpt>
      <trkpt lat="43.918318999931216" lon="7.245934009552002">
        <ele>807</ele>
        <time>2017-03-29T00:44:15Z</time>
      </trkpt>
      <trkpt lat="43.917966037988663" lon="7.246374981477857">
        <ele>804</ele>
        <time>2017-03-29T00:44:35Z</time>
      </trkpt>
      <trkpt lat="43.917709970846772" lon="7.246971018612385">
        <ele>801</ele>
        <time>2017-03-29T00:44:55Z</time>
      </trkpt>
      <trkpt lat="43.917011003941298" lon="7.247657999396324">
        <ele>799</ele>
        <time>2017-03-29T00:45:15Z</time>
      </trkpt>
      <trkpt lat="43.917118040844798" lon="7.246819976717234">
        <ele>802</ele>
        <time>2017-03-29T00:45:35Z</time>
      </trkpt>
      <trkpt lat="43.917048973962665" lon="7.246180018410087">
        <ele>795</ele>
        <time>2017-03-29T00:45:55Z</time>
      </trkpt>
      <trkpt lat="43.91719096340239" lon="7.245680037885904">
        <ele>788</ele>
        <time>2017-03-29T00:46:15Z</time>
      </trkpt>
      <trkpt lat="43.917128015309572" lon="7.24500403739512">
        <ele>784</ele>
        <time>2017-03-29T00:46:35Z</time>
      </trkpt>
      <trkpt lat="43.917041011154652" lon="7.244664989411831">
        <ele>776</ele>
        <time>2017-03-29T00:46:55Z</time>
      </trkpt>
      <trkpt lat="43.917157016694546" lon="7.244271039962769">
        <ele>775</ele>
        <time>2017-03-29T00:47:15Z</time>
      </trkpt>
      <trkpt lat="43.917129021137953" lon="7.243822021409869">
        <ele>770</ele>
        <time>2017-03-29T00:47:35Z</time>
      </trkpt>
      <trkpt lat="43.916891980916262" lon="7.243464030325413">
        <ele>767</ele>
        <time>2017-03-29T00:47:55Z</time>
      </trkpt>
      <trkpt lat="43.916804976761341" lon="7.243191031739116">
        <ele>769</ele>
        <time>2017-03-29T00:48:15Z</time>
      </trkpt>
      <trkpt lat="43.916583023965359" lon="7.243303013965488">
        <ele>764</ele>
        <time>2017-03-29T00:48:35Z</time>
      </trkpt>
      <trkpt lat="43.916405998170376" lon="7.243238976225257">
        <ele>768</ele>
        <time>2017-03-29T00:48:55Z</time>
      </trkpt>
      <trkpt lat="43.916139034554362" lon="7.243238976225257">
        <ele>768</ele>
        <time>2017-03-29T00:49:15Z</time>
      </trkpt>
      <trkpt lat="43.915935019031167" lon="7.243418013677001">
        <ele>758</ele>
        <time>2017-03-29T00:49:35Z</time>
      </trkpt>
      <trkpt lat="43.915648022666574" lon="7.243398986756802">
        <ele>758</ele>
        <time>2017-03-29T00:49:55Z</time>
      </trkpt>
      <trkpt lat="43.915520031005144" lon="7.243290022015572">
        <ele>770</ele>
        <time>2017-03-29T00:50:15Z</time>
      </trkpt>
      <trkpt lat="43.915288019925356" lon="7.243209974840283">
        <ele>772</ele>
        <time>2017-03-29T00:50:35Z</time>
      </trkpt>
      <trkpt lat="43.915138989686966" lon="7.242861958220601">
        <ele>777</ele>
        <time>2017-03-29T00:50:55Z</time>
      </trkpt>
      <trkpt lat="43.914980990812182" lon="7.243052981793881">
        <ele>786</ele>
        <time>2017-03-29T00:51:15Z</time>
      </trkpt>
      <trkpt lat="43.914841013029218" lon="7.243081983178854">
        <ele>788</ele>
        <time>2017-03-29T00:51:35Z</time>
      </trkpt>
      <trkpt lat="43.914540018886328" lon="7.24412402138114">
        <ele>789</ele>
        <time>2017-03-29T00:51:55Z</time>
      </trkpt>
      <trkpt lat="43.914379002526402" lon="7.245010994374752">
        <ele>770</ele>
        <time>2017-03-29T00:52:15Z</time>
      </trkpt>
      <trkpt lat="43.913308968767524" lon="7.245209980756044">
        <ele>805</ele>
        <time>2017-03-29T00:52:35Z</time>
      </trkpt>
      <trkpt lat="43.913183994591236" lon="7.245140997692943">
        <ele>806</ele>
        <time>2017-03-29T00:52:55Z</time>
      </trkpt>
      <trkpt lat="43.913065977394581" lon="7.245259014889598">
        <ele>801</ele>
        <time>2017-03-29T00:53:15Z</time>
      </trkpt>
      <trkpt lat="43.912495002150536" lon="7.245312994346023">
        <ele>800</ele>
        <time>2017-03-29T00:53:35Z</time>
      </trkpt>
      <trkpt lat="43.912072973325849" lon="7.245188020169735">
        <ele>798</ele>
        <time>2017-03-29T00:53:55Z</time>
      </trkpt>
      <trkpt lat="43.911612974479795" lon="7.245122976601124">
        <ele>792</ele>
        <time>2017-03-29T00:54:15Z</time>
      </trkpt>
      <trkpt lat="43.91110603697598" lon="7.244857018813491">
        <ele>792</ele>
        <time>2017-03-29T00:54:35Z</time>
      </trkpt>
      <trkpt lat="43.910816023126245" lon="7.244631964713335">
        <ele>762</ele>
        <time>2017-03-29T00:54:55Z</time>
      </trkpt>
      <trkpt lat="43.910661963745952" lon="7.244327031075954">
        <ele>764</ele>
        <time>2017-03-29T00:55:15Z</time>
      </trkpt>
      <trkpt lat="43.910719966515899" lon="7.243901984766126">
        <ele>770</ele>
        <time>2017-03-29T00:55:35Z</time>
      </trkpt>
      <trkpt lat="43.910600021481514" lon="7.243032027035952">
        <ele>785</ele>
        <time>2017-03-29T00:55:55Z</time>
      </trkpt>
      <trkpt lat="43.910448979586363" lon="7.242783000692725">
        <ele>784</ele>
        <time>2017-03-29T00:56:15Z</time>
      </trkpt>
      <trkpt lat="43.909467961639166" lon="7.241979008540511">
        <ele>768</ele>
        <time>2017-03-29T00:56:35Z</time>
      </trkpt>
      <trkpt lat="43.909256989136338" lon="7.241884041577578">
        <ele>765</ele>
        <time>2017-03-29T00:56:55Z</time>
      </trkpt>
      <trkpt lat="43.909127991646528" lon="7.241586986929178">
        <ele>758</ele>
        <time>2017-03-29T00:57:15Z</time>
      </trkpt>
      <trkpt lat="43.90911097638309" lon="7.241231007501483">
        <ele>760</ele>
        <time>2017-03-29T00:57:35Z</time>
      </trkpt>
      <trkpt lat="43.909127991646528" lon="7.240969995036721">
        <ele>776</ele>
        <time>2017-03-29T00:57:55Z</time>
      </trkpt>
      <trkpt lat="43.909030007198453" lon="7.240678975358605">
        <ele>788</ele>
        <time>2017-03-29T00:58:15Z</time>
      </trkpt>
      <trkpt lat="43.908806964755058" lon="7.240592977032065">
        <ele>779</ele>
        <time>2017-03-29T00:58:35Z</time>
      </trkpt>
      <trkpt lat="43.908657012507319" lon="7.240358032286167">
        <ele>776</ele>
        <time>2017-03-29T00:58:55Z</time>
      </trkpt>
      <trkpt lat="43.90855198726058" lon="7.239673985168338">
        <ele>799</ele>
        <time>2017-03-29T00:59:15Z</time>
      </trkpt>
      <trkpt lat="43.908458026126027" lon="7.239467035979033">
        <ele>801</ele>
        <time>2017-03-29T00:59:35Z</time>
      </trkpt>
      <trkpt lat="43.908195002004504" lon="7.239298978820443">
        <ele>763</ele>
        <time>2017-03-29T00:59:55Z</time>
      </trkpt>
      <trkpt lat="43.907904988154769" lon="7.238922966644168">
        <ele>757</ele>
        <time>2017-03-29T01:00:15Z</time>
      </trkpt>
      <trkpt lat="43.907808009535074" lon="7.238867981359363">
        <ele>752</ele>
        <time>2017-03-29T01:00:35Z</time>
      </trkpt>
      <trkpt lat="43.907640958204865" lon="7.238408988341689">
        <ele>728</ele>
        <time>2017-03-29T01:00:55Z</time>
      </trkpt>
      <trkpt lat="43.907759981229901" lon="7.238013027235866">
        <ele>750</ele>
        <time>2017-03-29T01:01:15Z</time>
      </trkpt>
      <trkpt lat="43.907773979008198" lon="7.237710021436214">
        <ele>751</ele>
        <time>2017-03-29T01:01:35Z</time>
      </trkpt>
      <trkpt lat="43.907957039773464" lon="7.237168969586492">
        <ele>779</ele>
        <time>2017-03-29T01:01:55Z</time>
      </trkpt>
      <trkpt lat="43.907946981489658" lon="7.236805027350783">
        <ele>785</ele>
        <time>2017-03-29T01:02:15Z</time>
      </trkpt>
      <trkpt lat="43.906913995742798" lon="7.236692039296031">
        <ele>729</ele>
        <time>2017-03-29T01:02:35Z</time>
      </trkpt>
      <trkpt lat="43.906619036570191" lon="7.236100025475025">
        <ele>736</ele>
        <time>2017-03-29T01:02:55Z</time>
      </trkpt>
      <trkpt lat="43.906519962474704" lon="7.235613958910108">
        <ele>753</ele>
        <time>2017-03-29T01:03:15Z</time>
      </trkpt>
      <trkpt lat="43.906521974131465" lon="7.235298966988921">
        <ele>756</ele>
        <time>2017-03-29T01:03:35Z</time>
      </trkpt>
      <trkpt lat="43.906418960541487" lon="7.235033009201288">
        <ele>758</ele>
        <time>2017-03-29T01:03:55Z</time>
      </trkpt>
      <trkpt lat="43.906362969428301" lon="7.234637970104814">
        <ele>772</ele>
        <time>2017-03-29T01:04:15Z</time>
      </trkpt>
      <trkpt lat="43.906121989712119" lon="7.234119968488812">
        <ele>786</ele>
        <time>2017-03-29T01:04:35Z</time>
      </trkpt>
      <trkpt lat="43.906068010255694" lon="7.234127009287477">
        <ele>784</ele>
        <time>2017-03-29T01:04:55Z</time>
      </trkpt>
      <trkpt lat="43.905916968360543" lon="7.234827987849712">
        <ele>764</ele>
        <time>2017-03-29T01:05:15Z</time>
      </trkpt>
      <trkpt lat="43.905746983364224" lon="7.235318999737501">
        <ele>756</ele>
        <time>2017-03-29T01:05:35Z</time>
      </trkpt>
      <trkpt lat="43.905662996694446" lon="7.235904978588224">
        <ele>730</ele>
        <time>2017-03-29T01:05:55Z</time>
      </trkpt>
      <trkpt lat="43.905441965907812" lon="7.235997011885047">
        <ele>737</ele>
        <time>2017-03-29T01:06:15Z</time>
      </trkpt>
      <trkpt lat="43.905154969543219" lon="7.236358020454645">
        <ele>740</ele>
        <time>2017-03-29T01:06:35Z</time>
      </trkpt>
      <trkpt lat="43.905229987576604" lon="7.236630013212562">
        <ele>737</ele>
        <time>2017-03-29T01:06:55Z</time>
      </trkpt>
      <trkpt lat="43.905189000070095" lon="7.23677895963192">
        <ele>728</ele>
        <time>2017-03-29T01:07:15Z</time>
      </trkpt>
      <trkpt lat="43.905254965648055" lon="7.237678002566099">
        <ele>712</ele>
        <time>2017-03-29T01:07:35Z</time>
      </trkpt>
      <trkpt lat="43.9050920214504" lon="7.238139007240534">
        <ele>712</ele>
        <time>2017-03-29T01:07:55Z</time>
      </trkpt>
      <trkpt lat="43.904827991500497" lon="7.23843103274703">
        <ele>722</ele>
        <time>2017-03-29T01:08:15Z</time>
      </trkpt>
      <trkpt lat="43.904582988470793" lon="7.238300023600459">
        <ele>737</ele>
        <time>2017-03-29T01:08:35Z</time>
      </trkpt>
      <trkpt lat="43.904476035386324" lon="7.238787012174726">
        <ele>724</ele>
        <time>2017-03-29T01:08:55Z</time>
      </trkpt>
      <trkpt lat="43.904299009591341" lon="7.239113990217447">
        <ele>724</ele>
        <time>2017-03-29T01:09:15Z</time>
      </trkpt>
      <trkpt lat="43.903908999636769" lon="7.239449014887214">
        <ele>728</ele>
        <time>2017-03-29T01:09:35Z</time>
      </trkpt>
      <trkpt lat="43.903498034924269" lon="7.23969703540206">
        <ele>728</ele>
        <time>2017-03-29T01:09:55Z</time>
      </trkpt>
      <trkpt lat="43.902924964204431" lon="7.239681025967002">
        <ele>737</ele>
        <time>2017-03-29T01:10:15Z</time>
      </trkpt>
      <trkpt lat="43.9025569986552" lon="7.239424036815763">
        <ele>741</ele>
        <time>2017-03-29T01:10:35Z</time>
      </trkpt>
      <trkpt lat="43.90253403224051" lon="7.239782027900219">
        <ele>738</ele>
        <time>2017-03-29T01:10:55Z</time>
      </trkpt>
      <trkpt lat="43.90268599614501" lon="7.240273961797357">
        <ele>728</ele>
        <time>2017-03-29T01:11:15Z</time>
      </trkpt>
      <trkpt lat="43.902710974216461" lon="7.240846026688814">
        <ele>719</ele>
        <time>2017-03-29T01:11:35Z</time>
      </trkpt>
      <trkpt lat="43.902433030307293" lon="7.241355981677771">
        <ele>736</ele>
        <time>2017-03-29T01:11:55Z</time>
      </trkpt>
      <trkpt lat="43.90225600451231" lon="7.242252007126808">
        <ele>730</ele>
        <time>2017-03-29T01:12:15Z</time>
      </trkpt>
      <trkpt lat="43.902019970118999" lon="7.244010027498007">
        <ele>724</ele>
        <time>2017-03-29T01:12:35Z</time>
      </trkpt>
      <trkpt lat="43.901586961001158" lon="7.244801027700305">
        <ele>717</ele>
        <time>2017-03-29T01:12:55Z</time>
      </trkpt>
      <trkpt lat="43.901200974360108" lon="7.245346019044519">
        <ele>701</ele>
        <time>2017-03-29T01:13:15Z</time>
      </trkpt>
      <trkpt lat="43.900893023237586" lon="7.24567299708724">
        <ele>696</ele>
        <time>2017-03-29T01:13:35Z</time>
      </trkpt>
      <trkpt lat="43.900146028026938" lon="7.245738040655851">
        <ele>694</ele>
        <time>2017-03-29T01:13:55Z</time>
      </trkpt>
      <trkpt lat="43.900101017206907" lon="7.246198961511254">
        <ele>679</ele>
        <time>2017-03-29T01:14:15Z</time>
      </trkpt>
      <trkpt lat="43.900008983910084" lon="7.246479000896215">
        <ele>673</ele>
        <time>2017-03-29T01:14:35Z</time>
      </trkpt>
      <trkpt lat="43.899787031114101" lon="7.246891977265477">
        <ele>665</ele>
        <time>2017-03-29T01:14:55Z</time>
      </trkpt>
      <trkpt lat="43.899485031142831" lon="7.247122982516885">
        <ele>663</ele>
        <time>2017-03-29T01:15:15Z</time>
      </trkpt>
      <trkpt lat="43.898911960422993" lon="7.247040001675487">
        <ele>672</ele>
        <time>2017-03-29T01:15:35Z</time>
      </trkpt>
      <trkpt lat="43.897899007424712" lon="7.24732699804008">
        <ele>668</ele>
        <time>2017-03-29T01:15:55Z</time>
      </trkpt>
      <trkpt lat="43.89699200168252" lon="7.247258014976978">
        <ele>653</ele>
        <time>2017-03-29T01:16:15Z</time>
      </trkpt>
      <trkpt lat="43.896768959239125" lon="7.247381983324885">
        <ele>650</ele>
        <time>2017-03-29T01:16:35Z</time>
      </trkpt>
      <trkpt lat="43.896639039739966" lon="7.247404027730227">
        <ele>640</ele>
        <time>2017-03-29T01:16:55Z</time>
      </trkpt>
      <trkpt lat="43.896540971472859" lon="7.247587004676461">
        <ele>634</ele>
        <time>2017-03-29T01:17:15Z</time>
      </trkpt>
      <trkpt lat="43.896551029756665" lon="7.247129017487168">
        <ele>630</ele>
        <time>2017-03-29T01:17:35Z</time>
      </trkpt>
      <trkpt lat="43.896614983677864" lon="7.246778989210725">
        <ele>632</ele>
        <time>2017-03-29T01:17:55Z</time>
      </trkpt>
      <trkpt lat="43.896702993661165" lon="7.246272973716259">
        <ele>646</ele>
        <time>2017-03-29T01:18:15Z</time>
      </trkpt>
      <trkpt lat="43.896721014752984" lon="7.24595102481544">
        <ele>640</ele>
        <time>2017-03-29T01:18:35Z</time>
      </trkpt>
      <trkpt lat="43.896803995594382" lon="7.245583981275559">
        <ele>646</ele>
        <time>2017-03-29T01:18:55Z</time>
      </trkpt>
      <trkpt lat="43.896736018359661" lon="7.245002025738359">
        <ele>641</ele>
        <time>2017-03-29T01:19:15Z</time>
      </trkpt>
      <trkpt lat="43.896610038354993" lon="7.244692984968424">
        <ele>648</ele>
        <time>2017-03-29T01:19:35Z</time>
      </trkpt>
      <trkpt lat="43.896348020061851" lon="7.245158012956381">
        <ele>635</ele>
        <time>2017-03-29T01:19:55Z</time>
      </trkpt>
      <trkpt lat="43.896072003990412" lon="7.245407039299607">
        <ele>632</ele>
        <time>2017-03-29T01:20:15Z</time>
      </trkpt>
      <trkpt lat="43.895920040085912" lon="7.245661010965705">
        <ele>625</ele>
        <time>2017-03-29T01:20:35Z</time>
      </trkpt>
      <trkpt lat="43.895462974905968" lon="7.245990000665188">
        <ele>617</ele>
        <time>2017-03-29T01:20:55Z</time>
      </trkpt>
      <trkpt lat="43.895181007683277" lon="7.246055966243148">
        <ele>621</ele>
        <time>2017-03-29T01:21:15Z</time>
      </trkpt>
      <trkpt lat="43.895026026293635" lon="7.246282026171684">
        <ele>615</ele>
        <time>2017-03-29T01:21:35Z</time>
      </trkpt>
      <trkpt lat="43.894630987197161" lon="7.246336005628109">
        <ele>627</ele>
        <time>2017-03-29T01:21:55Z</time>
      </trkpt>
      <trkpt lat="43.894494026899338" lon="7.246582014486194">
        <ele>625</ele>
        <time>2017-03-29T01:22:15Z</time>
      </trkpt>
      <trkpt lat="43.893969990313053" lon="7.247106973081827">
        <ele>617</ele>
        <time>2017-03-29T01:22:35Z</time>
      </trkpt>
      <trkpt lat="43.89374703168869" lon="7.247137986123562">
        <ele>620</ele>
        <time>2017-03-29T01:22:55Z</time>
      </trkpt>
      <trkpt lat="43.893509991466999" lon="7.247640984132886">
        <ele>592</ele>
        <time>2017-03-29T01:23:15Z</time>
      </trkpt>
      <trkpt lat="43.893161974847317" lon="7.2475849930197">
        <ele>595</ele>
        <time>2017-03-29T01:23:35Z</time>
      </trkpt>
      <trkpt lat="43.892868021503091" lon="7.247721031308174">
        <ele>583</ele>
        <time>2017-03-29T01:23:55Z</time>
      </trkpt>
      <trkpt lat="43.892684960737824" lon="7.247507963329554">
        <ele>584</ele>
        <time>2017-03-29T01:24:15Z</time>
      </trkpt>
      <trkpt lat="43.892659982666373" lon="7.247275030240417">
        <ele>615</ele>
        <time>2017-03-29T01:24:35Z</time>
      </trkpt>
      <trkpt lat="43.892564009875059" lon="7.247107978910208">
        <ele>622</ele>
        <time>2017-03-29T01:24:55Z</time>
      </trkpt>
      <trkpt lat="43.892299979925156" lon="7.247119965031743">
        <ele>592</ele>
        <time>2017-03-29T01:25:15Z</time>
      </trkpt>
      <trkpt lat="43.892246000468731" lon="7.246984010562301">
        <ele>596</ele>
        <time>2017-03-29T01:25:35Z</time>
      </trkpt>
      <trkpt lat="43.892125971615314" lon="7.247019968926907">
        <ele>590</ele>
        <time>2017-03-29T01:25:55Z</time>
      </trkpt>
      <trkpt lat="43.891981970518827" lon="7.246677987277508">
        <ele>589</ele>
        <time>2017-03-29T01:26:15Z</time>
      </trkpt>
      <trkpt lat="43.891889015212655" lon="7.246599029749632">
        <ele>614</ele>
        <time>2017-03-29T01:26:35Z</time>
      </trkpt>
      <trkpt lat="43.891864037141204" lon="7.246247995644808">
        <ele>633</ele>
        <time>2017-03-29T01:26:55Z</time>
      </trkpt>
      <trkpt lat="43.891764963045716" lon="7.245966028422117">
        <ele>641</ele>
        <time>2017-03-29T01:27:15Z</time>
      </trkpt>
      <trkpt lat="43.891503028571606" lon="7.245787996798754">
        <ele>635</ele>
        <time>2017-03-29T01:27:35Z</time>
      </trkpt>
      <trkpt lat="43.89121200889349" lon="7.245807023718953">
        <ele>622</ele>
        <time>2017-03-29T01:27:55Z</time>
      </trkpt>
      <trkpt lat="43.891090974211693" lon="7.245900984853506">
        <ele>587</ele>
        <time>2017-03-29T01:28:15Z</time>
      </trkpt>
      <trkpt lat="43.890873966738582" lon="7.245675008744001">
        <ele>604</ele>
        <time>2017-03-29T01:28:35Z</time>
      </trkpt>
      <trkpt lat="43.890796015039086" lon="7.244972018525004">
        <ele>610</ele>
        <time>2017-03-29T01:28:55Z</time>
      </trkpt>
      <trkpt lat="43.890646984800696" lon="7.244708994403482">
        <ele>604</ele>
        <time>2017-03-29T01:29:15Z</time>
      </trkpt>
      <trkpt lat="43.890436012297869" lon="7.244714023545384">
        <ele>597</ele>
        <time>2017-03-29T01:29:35Z</time>
      </trkpt>
      <trkpt lat="43.89024599455297" lon="7.244471032172442">
        <ele>593</ele>
        <time>2017-03-29T01:29:55Z</time>
      </trkpt>
      <trkpt lat="43.890252029523253" lon="7.244238015264273">
        <ele>594</ele>
        <time>2017-03-29T01:30:15Z</time>
      </trkpt>
      <trkpt lat="43.890125965699553" lon="7.24399502389133">
        <ele>602</ele>
        <time>2017-03-29T01:30:35Z</time>
      </trkpt>
      <trkpt lat="43.890174999833107" lon="7.243476016446948">
        <ele>610</ele>
        <time>2017-03-29T01:30:55Z</time>
      </trkpt>
      <trkpt lat="43.889989005401731" lon="7.243050970137119">
        <ele>588</ele>
        <time>2017-03-29T01:31:15Z</time>
      </trkpt>
      <trkpt lat="43.889717012643814" lon="7.242890037596226">
        <ele>585</ele>
        <time>2017-03-29T01:31:35Z</time>
      </trkpt>
      <trkpt lat="43.88987903483212" lon="7.242660038173199">
        <ele>596</ele>
        <time>2017-03-29T01:31:55Z</time>
      </trkpt>
      <trkpt lat="43.889970984309912" lon="7.242402965202928">
        <ele>614</ele>
        <time>2017-03-29T01:32:15Z</time>
      </trkpt>
      <trkpt lat="43.889977019280195" lon="7.242012033239007">
        <ele>621</ele>
        <time>2017-03-29T01:32:35Z</time>
      </trkpt>
      <trkpt lat="43.889759005978703" lon="7.241965010762215">
        <ele>618</ele>
        <time>2017-03-29T01:32:55Z</time>
      </trkpt>
      <trkpt lat="43.889503022655845" lon="7.242061989381909">
        <ele>608</ele>
        <time>2017-03-29T01:33:15Z</time>
      </trkpt>
      <trkpt lat="43.889368996024132" lon="7.241880018264055">
        <ele>609</ele>
        <time>2017-03-29T01:33:35Z</time>
      </trkpt>
      <trkpt lat="43.889414006844163" lon="7.241639038547874">
        <ele>634</ele>
        <time>2017-03-29T01:33:55Z</time>
      </trkpt>
      <trkpt lat="43.889380982145667" lon="7.241471987217665">
        <ele>637</ele>
        <time>2017-03-29T01:34:15Z</time>
      </trkpt>
      <trkpt lat="43.889069007709622" lon="7.241495037451387">
        <ele>614</ele>
        <time>2017-03-29T01:34:35Z</time>
      </trkpt>
      <trkpt lat="43.888854011893272" lon="7.241563014686108">
        <ele>612</ele>
        <time>2017-03-29T01:34:55Z</time>
      </trkpt>
      <trkpt lat="43.888640021905303" lon="7.241554968059063">
        <ele>608</ele>
        <time>2017-03-29T01:35:15Z</time>
      </trkpt>
      <trkpt lat="43.888672962784767" lon="7.241849005222321">
        <ele>586</ele>
        <time>2017-03-29T01:35:35Z</time>
      </trkpt>
      <trkpt lat="43.888568021357059" lon="7.242099037393928">
        <ele>580</ele>
        <time>2017-03-29T01:35:55Z</time>
      </trkpt>
      <trkpt lat="43.888560980558395" lon="7.242358960211277">
        <ele>573</ele>
        <time>2017-03-29T01:36:15Z</time>
      </trkpt>
      <trkpt lat="43.888374986127019" lon="7.242332976311445">
        <ele>570</ele>
        <time>2017-03-29T01:36:35Z</time>
      </trkpt>
      <trkpt lat="43.888284964486957" lon="7.242425009608269">
        <ele>558</ele>
        <time>2017-03-29T01:36:55Z</time>
      </trkpt>
      <trkpt lat="43.888113973662257" lon="7.242463985458016">
        <ele>556</ele>
        <time>2017-03-29T01:37:15Z</time>
      </trkpt>
      <trkpt lat="43.887971984222531" lon="7.242627013474703">
        <ele>540</ele>
        <time>2017-03-29T01:37:35Z</time>
      </trkpt>
      <trkpt lat="43.887809040024877" lon="7.242669006809592">
        <ele>537</ele>
        <time>2017-03-29T01:37:55Z</time>
      </trkpt>
      <trkpt lat="43.887638971209526" lon="7.242818959057331">
        <ele>535</ele>
        <time>2017-03-29T01:38:15Z</time>
      </trkpt>
      <trkpt lat="43.887544004246593" lon="7.242219988256693">
        <ele>547</ele>
        <time>2017-03-29T01:38:35Z</time>
      </trkpt>
      <trkpt lat="43.887481978163123" lon="7.242652997374535">
        <ele>524</ele>
        <time>2017-03-29T01:38:55Z</time>
      </trkpt>
      <trkpt lat="43.887299001216888" lon="7.243154989555478">
        <ele>515</ele>
        <time>2017-03-29T01:39:15Z</time>
      </trkpt>
      <trkpt lat="43.887219959869981" lon="7.242498015984893">
        <ele>516</ele>
        <time>2017-03-29T01:39:35Z</time>
      </trkpt>
      <trkpt lat="43.887141002342105" lon="7.242586025968194">
        <ele>513</ele>
        <time>2017-03-29T01:39:55Z</time>
      </trkpt>
      <trkpt lat="43.887123987078667" lon="7.242416040971875">
        <ele>512</ele>
        <time>2017-03-29T01:40:15Z</time>
      </trkpt>
      <trkpt lat="43.887019967660308" lon="7.242453005164862">
        <ele>508</ele>
        <time>2017-03-29T01:40:35Z</time>
      </trkpt>
      <trkpt lat="43.886966994032264" lon="7.24212896078825">
        <ele>506</ele>
        <time>2017-03-29T01:40:55Z</time>
      </trkpt>
      <trkpt lat="43.88687496073544" lon="7.242287965491414">
        <ele>503</ele>
        <time>2017-03-29T01:41:15Z</time>
      </trkpt>
      <trkpt lat="43.886816035956144" lon="7.241952018812299">
        <ele>500</ele>
        <time>2017-03-29T01:41:35Z</time>
      </trkpt>
      <trkpt lat="43.886689972132444" lon="7.241797959432006">
        <ele>491</ele>
        <time>2017-03-29T01:41:55Z</time>
      </trkpt>
      <trkpt lat="43.886753004044294" lon="7.241135034710169">
        <ele>491</ele>
        <time>2017-03-29T01:42:15Z</time>
      </trkpt>
      <trkpt lat="43.886632975190878" lon="7.241323962807655">
        <ele>461</ele>
        <time>2017-03-29T01:42:35Z</time>
      </trkpt>
      <trkpt lat="43.886451004073024" lon="7.241512974724174">
        <ele>461</ele>
        <time>2017-03-29T01:42:55Z</time>
      </trkpt>
      <trkpt lat="43.886443041265011" lon="7.241278029978275">
        <ele>458</ele>
        <time>2017-03-29T01:43:15Z</time>
      </trkpt>
      <trkpt lat="43.886284036561847" lon="7.241460001096129">
        <ele>454</ele>
        <time>2017-03-29T01:43:35Z</time>
      </trkpt>
      <trkpt lat="43.886009026318789" lon="7.242720974609256">
        <ele>454</ele>
        <time>2017-03-29T01:43:55Z</time>
      </trkpt>
      <trkpt lat="43.885766034945846" lon="7.241213992238045">
        <ele>419</ele>
        <time>2017-03-29T01:44:15Z</time>
      </trkpt>
      <trkpt lat="43.885506028309464" lon="7.240911992266774">
        <ele>417</ele>
        <time>2017-03-29T01:44:35Z</time>
      </trkpt>
      <trkpt lat="43.885149965062737" lon="7.24068601615727">
        <ele>418</ele>
        <time>2017-03-29T01:44:55Z</time>
      </trkpt>
      <trkpt lat="43.884801026433706" lon="7.24068702198565">
        <ele>390</ele>
        <time>2017-03-29T01:45:15Z</time>
      </trkpt>
      <trkpt lat="43.884521992877126" lon="7.240287959575653">
        <ele>383</ele>
        <time>2017-03-29T01:45:35Z</time>
      </trkpt>
      <trkpt lat="43.884374974295497" lon="7.239755960181356">
        <ele>388</ele>
        <time>2017-03-29T01:45:55Z</time>
      </trkpt>
      <trkpt lat="43.884118990972638" lon="7.239217003807426">
        <ele>367</ele>
        <time>2017-03-29T01:46:15Z</time>
      </trkpt>
      <trkpt lat="43.883986975997686" lon="7.238807966932654">
        <ele>357</ele>
        <time>2017-03-29T01:46:35Z</time>
      </trkpt>
      <trkpt lat="43.883915981277823" lon="7.239069985225797">
        <ele>358</ele>
        <time>2017-03-29T01:46:55Z</time>
      </trkpt>
      <trkpt lat="43.883878011256456" lon="7.238911986351013">
        <ele>355</ele>
        <time>2017-03-29T01:47:15Z</time>
      </trkpt>
      <trkpt lat="43.883885974064469" lon="7.238678969442844">
        <ele>355</ele>
        <time>2017-03-29T01:47:35Z</time>
      </trkpt>
      <trkpt lat="43.883481966331601" lon="7.237621005624533">
        <ele>347</ele>
        <time>2017-03-29T01:47:55Z</time>
      </trkpt>
      <trkpt lat="43.883306030184031" lon="7.237313976511359">
        <ele>331</ele>
        <time>2017-03-29T01:48:15Z</time>
      </trkpt>
      <trkpt lat="43.883248027414083" lon="7.237012982368469">
        <ele>331</ele>
        <time>2017-03-29T01:48:35Z</time>
      </trkpt>
      <trkpt lat="43.883151970803738" lon="7.236765967682004">
        <ele>335</ele>
        <time>2017-03-29T01:48:55Z</time>
      </trkpt>
      <trkpt lat="43.883156999945641" lon="7.23656203597784">
        <ele>342</ele>
        <time>2017-03-29T01:49:15Z</time>
      </trkpt>
      <trkpt lat="43.882950972765684" lon="7.235924005508423">
        <ele>339</ele>
        <time>2017-03-29T01:49:35Z</time>
      </trkpt>
      <trkpt lat="43.882498014718294" lon="7.235631980001926">
        <ele>320</ele>
        <time>2017-03-29T01:49:55Z</time>
      </trkpt>
      <trkpt lat="43.882286036387086" lon="7.235406003892422">
        <ele>316</ele>
        <time>2017-03-29T01:50:15Z</time>
      </trkpt>
      <trkpt lat="43.882264997810125" lon="7.235194025561214">
        <ele>316</ele>
        <time>2017-03-29T01:50:35Z</time>
      </trkpt>
      <trkpt lat="43.882009014487267" lon="7.23514499142766">
        <ele>312</ele>
        <time>2017-03-29T01:50:55Z</time>
      </trkpt>
      <trkpt lat="43.881896026432514" lon="7.234683986753225">
        <ele>301</ele>
        <time>2017-03-29T01:51:15Z</time>
      </trkpt>
      <trkpt lat="43.881917987018824" lon="7.234508972615004">
        <ele>299</ele>
        <time>2017-03-29T01:51:35Z</time>
      </trkpt>
      <trkpt lat="43.881769040599465" lon="7.234527999535203">
        <ele>298</ele>
        <time>2017-03-29T01:51:55Z</time>
      </trkpt>
      <trkpt lat="43.881913041695952" lon="7.234372012317181">
        <ele>297</ele>
        <time>2017-03-29T01:52:15Z</time>
      </trkpt>
      <trkpt lat="43.881341982632875" lon="7.234171014279127">
        <ele>282</ele>
        <time>2017-03-29T01:52:35Z</time>
      </trkpt>
      <trkpt lat="43.881021961569786" lon="7.234137989580631">
        <ele>268</ele>
        <time>2017-03-29T01:52:55Z</time>
      </trkpt>
      <trkpt lat="43.880944009870291" lon="7.234013015404344">
        <ele>267</ele>
        <time>2017-03-29T01:53:15Z</time>
      </trkpt>
      <trkpt lat="43.88100503012538" lon="7.233712021261454">
        <ele>264</ele>
        <time>2017-03-29T01:53:35Z</time>
      </trkpt>
      <trkpt lat="43.880795985460281" lon="7.233774969354272">
        <ele>248</ele>
        <time>2017-03-29T01:53:55Z</time>
      </trkpt>
      <trkpt lat="43.880865974351764" lon="7.233574977144599">
        <ele>260</ele>
        <time>2017-03-29T01:54:15Z</time>
      </trkpt>
      <trkpt lat="43.881150959059596" lon="7.233513034880161">
        <ele>263</ele>
        <time>2017-03-29T01:54:35Z</time>
      </trkpt>
      <trkpt lat="43.881443990394473" lon="7.233503982424736">
        <ele>267</ele>
        <time>2017-03-29T01:54:55Z</time>
      </trkpt>
      <trkpt lat="43.881545998156071" lon="7.233412032946944">
        <ele>267</ele>
        <time>2017-03-29T01:55:15Z</time>
      </trkpt>
      <trkpt lat="43.881535017862916" lon="7.233158983290196">
        <ele>267</ele>
        <time>2017-03-29T01:55:35Z</time>
      </trkpt>
      <trkpt lat="43.881150959059596" lon="7.233079019933939">
        <ele>262</ele>
        <time>2017-03-29T01:55:55Z</time>
      </trkpt>
      <trkpt lat="43.880817024037242" lon="7.232935018837452">
        <ele>242</ele>
        <time>2017-03-29T01:56:15Z</time>
      </trkpt>
      <trkpt lat="43.880420979112387" lon="7.232924960553646">
        <ele>237</ele>
        <time>2017-03-29T01:56:35Z</time>
      </trkpt>
      <trkpt lat="43.879992999136448" lon="7.233207011595368">
        <ele>215</ele>
        <time>2017-03-29T01:56:55Z</time>
      </trkpt>
      <trkpt lat="43.879778003320098" lon="7.233164012432098">
        <ele>210</ele>
        <time>2017-03-29T01:57:15Z</time>
      </trkpt>
      <trkpt lat="43.879742966964841" lon="7.232732009142637">
        <ele>210</ele>
        <time>2017-03-29T01:57:35Z</time>
      </trkpt>
      <trkpt lat="43.87965202331543" lon="7.232702001929283">
        <ele>208</ele>
        <time>2017-03-29T01:57:55Z</time>
      </trkpt>
      <trkpt lat="43.87944096699357" lon="7.231267020106316">
        <ele>207</ele>
        <time>2017-03-29T01:58:15Z</time>
      </trkpt>
      <trkpt lat="43.87945999391377" lon="7.232483988627791">
        <ele>206</ele>
        <time>2017-03-29T01:58:35Z</time>
      </trkpt>
      <trkpt lat="43.879370978102088" lon="7.232464039698243">
        <ele>203</ele>
        <time>2017-03-29T01:58:55Z</time>
      </trkpt>
      <trkpt lat="43.879150031134486" lon="7.231510011479259">
        <ele>195</ele>
        <time>2017-03-29T01:59:15Z</time>
      </trkpt>
      <trkpt lat="43.878876026719809" lon="7.231274982914329">
        <ele>198</ele>
        <time>2017-03-29T01:59:35Z</time>
      </trkpt>
      <trkpt lat="43.878754992038012" lon="7.231342038139701">
        <ele>198</ele>
        <time>2017-03-29T01:59:55Z</time>
      </trkpt>
      <trkpt lat="43.878462966531515" lon="7.231387970969081">
        <ele>200</ele>
        <time>2017-03-29T02:00:15Z</time>
      </trkpt>
      <trkpt lat="43.878465984016657" lon="7.231604978442192">
        <ele>201</ele>
        <time>2017-03-29T02:00:35Z</time>
      </trkpt>
      <trkpt lat="43.878360958769917" lon="7.231994988396764">
        <ele>202</ele>
        <time>2017-03-29T02:00:55Z</time>
      </trkpt>
      <trkpt lat="43.878116961568594" lon="7.230851026251912">
        <ele>217</ele>
        <time>2017-03-29T02:01:15Z</time>
      </trkpt>
      <trkpt lat="43.878029035404325" lon="7.230787994340062">
        <ele>213</ele>
        <time>2017-03-29T02:01:35Z</time>
      </trkpt>
      <trkpt lat="43.877941025421023" lon="7.230853959918022">
        <ele>226</ele>
        <time>2017-03-29T02:01:55Z</time>
      </trkpt>
      <trkpt lat="43.877652017399669" lon="7.230535028502345">
        <ele>224</ele>
        <time>2017-03-29T02:02:15Z</time>
      </trkpt>
      <trkpt lat="43.877368960529566" lon="7.230411982163787">
        <ele>250</ele>
        <time>2017-03-29T02:02:35Z</time>
      </trkpt>
      <trkpt lat="43.877297965809703" lon="7.230234034359455">
        <ele>247</ele>
        <time>2017-03-29T02:02:55Z</time>
      </trkpt>
      <trkpt lat="43.876981968060136" lon="7.230075029656291">
        <ele>256</ele>
        <time>2017-03-29T02:03:15Z</time>
      </trkpt>
      <trkpt lat="43.876765966415405" lon="7.23001099191606">
        <ele>262</ele>
        <time>2017-03-29T02:03:35Z</time>
      </trkpt>
      <trkpt lat="43.876438988372684" lon="7.22966599278152">
        <ele>274</ele>
        <time>2017-03-29T02:03:55Z</time>
      </trkpt>
      <trkpt lat="43.876285012811422" lon="7.229147991165519">
        <ele>254</ele>
        <time>2017-03-29T02:04:15Z</time>
      </trkpt>
      <trkpt lat="43.875926015898585" lon="7.22857098095119">
        <ele>259</ele>
        <time>2017-03-29T02:04:35Z</time>
      </trkpt>
      <trkpt lat="43.875723006203771" lon="7.228586990386248">
        <ele>286</ele>
        <time>2017-03-29T02:04:55Z</time>
      </trkpt>
      <trkpt lat="43.875503987073898" lon="7.228523036465049">
        <ele>291</ele>
        <time>2017-03-29T02:05:15Z</time>
      </trkpt>
      <trkpt lat="43.875457970425487" lon="7.22833301872015">
        <ele>287</ele>
        <time>2017-03-29T02:05:35Z</time>
      </trkpt>
      <trkpt lat="43.875604989007115" lon="7.228078963235021">
        <ele>283</ele>
        <time>2017-03-29T02:05:55Z</time>
      </trkpt>
      <trkpt lat="43.875698028132319" lon="7.227635979652405">
        <ele>278</ele>
        <time>2017-03-29T02:06:15Z</time>
      </trkpt>
      <trkpt lat="43.875628039240837" lon="7.227392988279462">
        <ele>277</ele>
        <time>2017-03-29T02:06:35Z</time>
      </trkpt>
      <trkpt lat="43.875372977927327" lon="7.226988980546594">
        <ele>286</ele>
        <time>2017-03-29T02:06:55Z</time>
      </trkpt>
      <trkpt lat="43.875420000404119" lon="7.22745199687779">
        <ele>287</ele>
        <time>2017-03-29T02:07:15Z</time>
      </trkpt>
      <trkpt lat="43.875361997634172" lon="7.227684007957578">
        <ele>292</ele>
        <time>2017-03-29T02:07:35Z</time>
      </trkpt>
      <trkpt lat="43.87522897683084" lon="7.22708897665143">
        <ele>292</ele>
        <time>2017-03-29T02:07:55Z</time>
      </trkpt>
      <trkpt lat="43.875180026516318" lon="7.227661963552237">
        <ele>300</ele>
        <time>2017-03-29T02:08:15Z</time>
      </trkpt>
      <trkpt lat="43.87511900626123" lon="7.22734403796494">
        <ele>301</ele>
        <time>2017-03-29T02:08:35Z</time>
      </trkpt>
      <trkpt lat="43.875035019591451" lon="7.227057041600347">
        <ele>297</ele>
        <time>2017-03-29T02:08:55Z</time>
      </trkpt>
      <trkpt lat="43.874971987679601" lon="7.22740899771452">
        <ele>327</ele>
        <time>2017-03-29T02:09:15Z</time>
      </trkpt>
      <trkpt lat="43.874896969646215" lon="7.227460965514183">
        <ele>328</ele>
        <time>2017-03-29T02:09:35Z</time>
      </trkpt>
      <trkpt lat="43.874821029603481" lon="7.22682997584343">
        <ele>334</ele>
        <time>2017-03-29T02:09:55Z</time>
      </trkpt>
      <trkpt lat="43.874734025448561" lon="7.227330040186644">
        <ele>339</ele>
        <time>2017-03-29T02:10:15Z</time>
      </trkpt>
      <trkpt lat="43.874667976051569" lon="7.227058969438076">
        <ele>342</ele>
        <time>2017-03-29T02:10:35Z</time>
      </trkpt>
      <trkpt lat="43.874568985775113" lon="7.227468006312847">
        <ele>347</ele>
        <time>2017-03-29T02:10:55Z</time>
      </trkpt>
      <trkpt lat="43.874562028795481" lon="7.226566029712558">
        <ele>334</ele>
        <time>2017-03-29T02:11:15Z</time>
      </trkpt>
      <trkpt lat="43.874522969126701" lon="7.226312980055809">
        <ele>332</ele>
        <time>2017-03-29T02:11:35Z</time>
      </trkpt>
      <trkpt lat="43.874435964971781" lon="7.226442983374">
        <ele>337</ele>
        <time>2017-03-29T02:11:55Z</time>
      </trkpt>
      <trkpt lat="43.874252988025546" lon="7.22631398588419">
        <ele>339</ele>
        <time>2017-03-29T02:12:15Z</time>
      </trkpt>
      <trkpt lat="43.874050984159112" lon="7.226336030289531">
        <ele>359</ele>
        <time>2017-03-29T02:12:35Z</time>
      </trkpt>
      <trkpt lat="43.873653011396527" lon="7.226781025528908">
        <ele>384</ele>
        <time>2017-03-29T02:12:55Z</time>
      </trkpt>
      <trkpt lat="43.873299965634942" lon="7.226933995261788">
        <ele>410</ele>
        <time>2017-03-29T02:13:15Z</time>
      </trkpt>
      <trkpt lat="43.873127968981862" lon="7.226836010813713">
        <ele>411</ele>
        <time>2017-03-29T02:13:35Z</time>
      </trkpt>
      <trkpt lat="43.872468983754516" lon="7.225707974284887">
        <ele>405</ele>
        <time>2017-03-29T02:13:55Z</time>
      </trkpt>
      <trkpt lat="43.872181987389922" lon="7.225397005677223">
        <ele>402</ele>
        <time>2017-03-29T02:14:15Z</time>
      </trkpt>
      <trkpt lat="43.871909994632006" lon="7.224980005994439">
        <ele>384</ele>
        <time>2017-03-29T02:14:35Z</time>
      </trkpt>
      <trkpt lat="43.871818967163563" lon="7.22528301179409">
        <ele>404</ele>
        <time>2017-03-29T02:14:55Z</time>
      </trkpt>
      <trkpt lat="43.871442032977939" lon="7.225575037300587">
        <ele>418</ele>
        <time>2017-03-29T02:15:15Z</time>
      </trkpt>
      <trkpt lat="43.87110298499465" lon="7.226008968427777">
        <ele>436</ele>
        <time>2017-03-29T02:15:35Z</time>
      </trkpt>
      <trkpt lat="43.870826968923211" lon="7.226582039147615">
        <ele>447</ele>
        <time>2017-03-29T02:15:55Z</time>
      </trkpt>
      <trkpt lat="43.870175024494529" lon="7.226213989779353">
        <ele>448</ele>
        <time>2017-03-29T02:16:15Z</time>
      </trkpt>
      <trkpt lat="43.869861960411072" lon="7.226109970360994">
        <ele>452</ele>
        <time>2017-03-29T02:16:35Z</time>
      </trkpt>
      <trkpt lat="43.869450995698571" lon="7.226264029741287">
        <ele>455</ele>
        <time>2017-03-29T02:16:55Z</time>
      </trkpt>
      <trkpt lat="43.869160981848836" lon="7.22648598253727">
        <ele>463</ele>
        <time>2017-03-29T02:17:15Z</time>
      </trkpt>
      <trkpt lat="43.868982028216124" lon="7.226809021085501">
        <ele>476</ele>
        <time>2017-03-29T02:17:35Z</time>
      </trkpt>
      <trkpt lat="43.86861096136272" lon="7.227056035771966">
        <ele>477</ele>
        <time>2017-03-29T02:17:55Z</time>
      </trkpt>
      <trkpt lat="43.868536027148366" lon="7.227226020768285">
        <ele>479</ele>
        <time>2017-03-29T02:18:15Z</time>
      </trkpt>
      <trkpt lat="43.868614984676242" lon="7.227572025731206">
        <ele>497</ele>
        <time>2017-03-29T02:18:35Z</time>
      </trkpt>
      <trkpt lat="43.868295969441533" lon="7.227764977142215">
        <ele>492</ele>
        <time>2017-03-29T02:18:55Z</time>
      </trkpt>
      <trkpt lat="43.868046021088958" lon="7.228162027895451">
        <ele>500</ele>
        <time>2017-03-29T02:19:15Z</time>
      </trkpt>
      <trkpt lat="43.867399021983147" lon="7.22833301872015">
        <ele>507</ele>
        <time>2017-03-29T02:19:35Z</time>
      </trkpt>
      <trkpt lat="43.867142032831907" lon="7.228532005101442">
        <ele>520</ele>
        <time>2017-03-29T02:19:55Z</time>
      </trkpt>
      <trkpt lat="43.866894012317061" lon="7.228307034820318">
        <ele>508</ele>
        <time>2017-03-29T02:20:15Z</time>
      </trkpt>
      <trkpt lat="43.866619002074003" lon="7.228327989578247">
        <ele>513</ele>
        <time>2017-03-29T02:20:35Z</time>
      </trkpt>
      <trkpt lat="43.866619002074003" lon="7.228327989578247">
        <ele>513</ele>
        <time>2017-03-29T02:20:55Z</time>
      </trkpt>
      <trkpt lat="43.866148022934794" lon="7.228811960667372">
        <ele>527</ele>
        <time>2017-03-29T02:21:15Z</time>
      </trkpt>
      <trkpt lat="43.865963034331799" lon="7.228705007582903">
        <ele>528</ele>
        <time>2017-03-29T02:21:35Z</time>
      </trkpt>
      <trkpt lat="43.866070993244648" lon="7.228168984875083">
        <ele>523</ele>
        <time>2017-03-29T02:21:55Z</time>
      </trkpt>
      <trkpt lat="43.86689099483192" lon="7.227030973881483">
        <ele>507</ele>
        <time>2017-03-29T02:22:15Z</time>
      </trkpt>
      <trkpt lat="43.866874985396862" lon="7.226624032482505">
        <ele>507</ele>
        <time>2017-03-29T02:22:35Z</time>
      </trkpt>
      <trkpt lat="43.866349020972848" lon="7.226601988077164">
        <ele>508</ele>
        <time>2017-03-29T02:22:55Z</time>
      </trkpt>
      <trkpt lat="43.865684000775218" lon="7.227182015776634">
        <ele>520</ele>
        <time>2017-03-29T02:23:15Z</time>
      </trkpt>
      <trkpt lat="43.864446999505162" lon="7.227331968024373">
        <ele>522</ele>
        <time>2017-03-29T02:23:35Z</time>
      </trkpt>
      <trkpt lat="43.863131962716579" lon="7.227761037647724">
        <ele>518</ele>
        <time>2017-03-29T02:23:55Z</time>
      </trkpt>
      <trkpt lat="43.861955981701612" lon="7.229070039466023">
        <ele>518</ele>
        <time>2017-03-29T02:24:15Z</time>
      </trkpt>
      <trkpt lat="43.860114980489016" lon="7.229046989232302">
        <ele>522</ele>
        <time>2017-03-29T02:24:35Z</time>
      </trkpt>
      <trkpt lat="43.860160997137427" lon="7.228469979017973">
        <ele>522</ele>
        <time>2017-03-29T02:24:55Z</time>
      </trkpt>
      <trkpt lat="43.859869977459311" lon="7.227513017132878">
        <ele>530</ele>
        <time>2017-03-29T02:25:15Z</time>
      </trkpt>
      <trkpt lat="43.859103033319116" lon="7.227358035743237">
        <ele>540</ele>
        <time>2017-03-29T02:25:35Z</time>
      </trkpt>
      <trkpt lat="43.858236009255052" lon="7.227213028818369">
        <ele>538</ele>
        <time>2017-03-29T02:25:55Z</time>
      </trkpt>
      <trkpt lat="43.857722030952573" lon="7.226956961676478">
        <ele>539</ele>
        <time>2017-03-29T02:26:15Z</time>
      </trkpt>
      <trkpt lat="43.857379965484142" lon="7.226595031097531">
        <ele>537</ele>
        <time>2017-03-29T02:26:35Z</time>
      </trkpt>
      <trkpt lat="43.857407961040735" lon="7.22627098672092">
        <ele>533</ele>
        <time>2017-03-29T02:26:55Z</time>
      </trkpt>
      <trkpt lat="43.857190031558275" lon="7.226512972265482">
        <ele>531</ele>
        <time>2017-03-29T02:27:15Z</time>
      </trkpt>
      <trkpt lat="43.857143009081483" lon="7.226863000541925">
        <ele>525</ele>
        <time>2017-03-29T02:27:35Z</time>
      </trkpt>
      <trkpt lat="43.85702901519835" lon="7.226902982220054">
        <ele>522</ele>
        <time>2017-03-29T02:27:55Z</time>
      </trkpt>
      <trkpt lat="43.856980986893177" lon="7.226707013323903">
        <ele>522</ele>
        <time>2017-03-29T02:28:15Z</time>
      </trkpt>
      <trkpt lat="43.856889037415385" lon="7.22697900608182">
        <ele>520</ele>
        <time>2017-03-29T02:28:35Z</time>
      </trkpt>
      <trkpt lat="43.856801027432084" lon="7.226677006110549">
        <ele>518</ele>
        <time>2017-03-29T02:28:55Z</time>
      </trkpt>
      <trkpt lat="43.856654008850455" lon="7.226895019412041">
        <ele>508</ele>
        <time>2017-03-29T02:29:15Z</time>
      </trkpt>
      <trkpt lat="43.856662977486849" lon="7.227145973592997">
        <ele>505</ele>
        <time>2017-03-29T02:29:35Z</time>
      </trkpt>
      <trkpt lat="43.856522999703884" lon="7.22702200524509">
        <ele>506</ele>
        <time>2017-03-29T02:29:55Z</time>
      </trkpt>
      <trkpt lat="43.856505984440446" lon="7.227242030203342">
        <ele>504</ele>
        <time>2017-03-29T02:30:15Z</time>
      </trkpt>
      <trkpt lat="43.856385033577681" lon="7.227056035771966">
        <ele>505</ele>
        <time>2017-03-29T02:30:35Z</time>
      </trkpt>
      <trkpt lat="43.856378998607397" lon="7.227268014103174">
        <ele>504</ele>
        <time>2017-03-29T02:30:55Z</time>
      </trkpt>
      <trkpt lat="43.856244971975684" lon="7.227063998579979">
        <ele>504</ele>
        <time>2017-03-29T02:31:15Z</time>
      </trkpt>
      <trkpt lat="43.856218988075852" lon="7.227310007438064">
        <ele>503</ele>
        <time>2017-03-29T02:31:35Z</time>
      </trkpt>
      <trkpt lat="43.855998041108251" lon="7.227125018835068">
        <ele>502</ele>
        <time>2017-03-29T02:31:55Z</time>
      </trkpt>
      <trkpt lat="43.855897039175034" lon="7.227223003283143">
        <ele>501</ele>
        <time>2017-03-29T02:32:15Z</time>
      </trkpt>
      <trkpt lat="43.855451038107276" lon="7.227443028241396">
        <ele>503</ele>
        <time>2017-03-29T02:32:35Z</time>
      </trkpt>
      <trkpt lat="43.854952985420823" lon="7.229372039437294">
        <ele>497</ele>
        <time>2017-03-29T02:32:55Z</time>
      </trkpt>
      <trkpt lat="43.854759028181434" lon="7.229546969756484">
        <ele>496</ele>
        <time>2017-03-29T02:33:15Z</time>
      </trkpt>
      <trkpt lat="43.854572027921677" lon="7.229894986376166">
        <ele>494</ele>
        <time>2017-03-29T02:33:35Z</time>
      </trkpt>
      <trkpt lat="43.854605974629521" lon="7.23018198274076">
        <ele>497</ele>
        <time>2017-03-29T02:33:55Z</time>
      </trkpt>
      <trkpt lat="43.854508996009827" lon="7.230522958561778">
        <ele>498</ele>
        <time>2017-03-29T02:34:15Z</time>
      </trkpt>
      <trkpt lat="43.854484017938375" lon="7.231034003198147">
        <ele>504</ele>
        <time>2017-03-29T02:34:35Z</time>
      </trkpt>
      <trkpt lat="43.854333981871605" lon="7.231670022010803">
        <ele>512</ele>
        <time>2017-03-29T02:34:55Z</time>
      </trkpt>
      <trkpt lat="43.854144969955087" lon="7.231788039207459">
        <ele>511</ele>
        <time>2017-03-29T02:35:15Z</time>
      </trkpt>
      <trkpt lat="43.854147987440228" lon="7.232319032773376">
        <ele>517</ele>
        <time>2017-03-29T02:35:35Z</time>
      </trkpt>
      <trkpt lat="43.853943971917033" lon="7.232594965025783">
        <ele>521</ele>
        <time>2017-03-29T02:35:55Z</time>
      </trkpt>
      <trkpt lat="43.853794019669294" lon="7.232881961390376">
        <ele>522</ele>
        <time>2017-03-29T02:36:15Z</time>
      </trkpt>
      <trkpt lat="43.853295966982841" lon="7.233648989349604">
        <ele>525</ele>
        <time>2017-03-29T02:36:35Z</time>
      </trkpt>
      <trkpt lat="43.853208040818572" lon="7.233608001843095">
        <ele>525</ele>
        <time>2017-03-29T02:36:55Z</time>
      </trkpt>
      <trkpt lat="43.853043001145124" lon="7.233813023194671">
        <ele>525</ele>
        <time>2017-03-29T02:37:15Z</time>
      </trkpt>
      <trkpt lat="43.852906040847301" lon="7.233686959370971">
        <ele>525</ele>
        <time>2017-03-29T02:37:35Z</time>
      </trkpt>
      <trkpt lat="43.852742007002234" lon="7.23381101153791">
        <ele>525</ele>
        <time>2017-03-29T02:37:55Z</time>
      </trkpt>
      <trkpt lat="43.852492980659008" lon="7.233879994601011">
        <ele>530</ele>
        <time>2017-03-29T02:38:15Z</time>
      </trkpt>
      <trkpt lat="43.852311009541154" lon="7.234193980693817">
        <ele>528</ele>
        <time>2017-03-29T02:38:35Z</time>
      </trkpt>
      <trkpt lat="43.852059971541166" lon="7.234315015375614">
        <ele>532</ele>
        <time>2017-03-29T02:38:55Z</time>
      </trkpt>
      <trkpt lat="43.851565020158887" lon="7.235007025301457">
        <ele>534</ele>
        <time>2017-03-29T02:39:15Z</time>
      </trkpt>
      <trkpt lat="43.85120702907443" lon="7.235170975327492">
        <ele>537</ele>
        <time>2017-03-29T02:39:35Z</time>
      </trkpt>
      <trkpt lat="43.851156989112496" lon="7.234690021723509">
        <ele>541</ele>
        <time>2017-03-29T02:39:55Z</time>
      </trkpt>
      <trkpt lat="43.850648961961269" lon="7.234417023137212">
        <ele>546</ele>
        <time>2017-03-29T02:40:15Z</time>
      </trkpt>
      <trkpt lat="43.850150993093848" lon="7.234835028648377">
        <ele>545</ele>
        <time>2017-03-29T02:40:35Z</time>
      </trkpt>
      <trkpt lat="43.849757965654135" lon="7.234616009518504">
        <ele>544</ele>
        <time>2017-03-29T02:40:55Z</time>
      </trkpt>
      <trkpt lat="43.849483039230108" lon="7.233965992927551">
        <ele>544</ele>
        <time>2017-03-29T02:41:15Z</time>
      </trkpt>
      <trkpt lat="43.849025974050164" lon="7.233686959370971">
        <ele>544</ele>
        <time>2017-03-29T02:41:35Z</time>
      </trkpt>
      <trkpt lat="43.848764039576054" lon="7.234044028446078">
        <ele>544</ele>
        <time>2017-03-29T02:41:55Z</time>
      </trkpt>
      <trkpt lat="43.84708103723824" lon="7.235369961708784">
        <ele>546</ele>
        <time>2017-03-29T02:42:15Z</time>
      </trkpt>
      <trkpt lat="43.846390033140779" lon="7.236309992149472">
        <ele>545</ele>
        <time>2017-03-29T02:42:35Z</time>
      </trkpt>
      <trkpt lat="43.845571037381887" lon="7.237500976771116">
        <ele>542</ele>
        <time>2017-03-29T02:42:55Z</time>
      </trkpt>
      <trkpt lat="43.845033003017306" lon="7.23811000585556">
        <ele>543</ele>
        <time>2017-03-29T02:43:15Z</time>
      </trkpt>
      <trkpt lat="43.844325989484787" lon="7.239051964133978">
        <ele>548</ele>
        <time>2017-03-29T02:43:35Z</time>
      </trkpt>
      <trkpt lat="43.844108982011676" lon="7.23875398747623">
        <ele>556</ele>
        <time>2017-03-29T02:43:55Z</time>
      </trkpt>
      <trkpt lat="43.84390102699399" lon="7.238665977492929">
        <ele>557</ele>
        <time>2017-03-29T02:44:15Z</time>
      </trkpt>
      <trkpt lat="43.843771023675799" lon="7.238461039960384">
        <ele>559</ele>
        <time>2017-03-29T02:44:35Z</time>
      </trkpt>
      <trkpt lat="43.843911001458764" lon="7.238122997805476">
        <ele>561</ele>
        <time>2017-03-29T02:44:55Z</time>
      </trkpt>
      <trkpt lat="43.843861967325211" lon="7.23787103779614">
        <ele>563</ele>
        <time>2017-03-29T02:45:15Z</time>
      </trkpt>
      <trkpt lat="43.843323010951281" lon="7.237886963412166">
        <ele>569</ele>
        <time>2017-03-29T02:45:35Z</time>
      </trkpt>
      <trkpt lat="43.843023022636771" lon="7.237753020599484">
        <ele>569</ele>
        <time>2017-03-29T02:45:55Z</time>
      </trkpt>
      <trkpt lat="43.842949010431767" lon="7.237790990620852">
        <ele>568</ele>
        <time>2017-03-29T02:46:15Z</time>
      </trkpt>
      <trkpt lat="43.842465961351991" lon="7.237448003143072">
        <ele>564</ele>
        <time>2017-03-29T02:46:35Z</time>
      </trkpt>
      <trkpt lat="43.842212995514274" lon="7.237125970423222">
        <ele>563</ele>
        <time>2017-03-29T02:46:55Z</time>
      </trkpt>
      <trkpt lat="43.841913007199764" lon="7.236856995150447">
        <ele>561</ele>
        <time>2017-03-29T02:47:15Z</time>
      </trkpt>
      <trkpt lat="43.841503970324993" lon="7.236634958535433">
        <ele>562</ele>
        <time>2017-03-29T02:47:35Z</time>
      </trkpt>
      <trkpt lat="43.841286040842533" lon="7.23658500239253">
        <ele>565</ele>
        <time>2017-03-29T02:47:55Z</time>
      </trkpt>
      <trkpt lat="43.841037014499307" lon="7.236481988802552">
        <ele>567</ele>
        <time>2017-03-29T02:48:15Z</time>
      </trkpt>
      <trkpt lat="43.840950010344386" lon="7.236706959083676">
        <ele>566</ele>
        <time>2017-03-29T02:48:35Z</time>
      </trkpt>
      <trkpt lat="43.840939030051231" lon="7.237114990130067">
        <ele>564</ele>
        <time>2017-03-29T02:48:55Z</time>
      </trkpt>
      <trkpt lat="43.840702995657921" lon="7.237534001469612">
        <ele>571</ele>
        <time>2017-03-29T02:49:15Z</time>
      </trkpt>
      <trkpt lat="43.840469978749752" lon="7.237586975097656">
        <ele>574</ele>
        <time>2017-03-29T02:49:35Z</time>
      </trkpt>
      <trkpt lat="43.840359002351761" lon="7.237238036468625">
        <ele>578</ele>
        <time>2017-03-29T02:49:55Z</time>
      </trkpt>
      <trkpt lat="43.840210977941751" lon="7.237195959314704">
        <ele>580</ele>
        <time>2017-03-29T02:50:15Z</time>
      </trkpt>
      <trkpt lat="43.840038981288671" lon="7.237216997891665">
        <ele>581</ele>
        <time>2017-03-29T02:50:35Z</time>
      </trkpt>
      <trkpt lat="43.839827002957463" lon="7.237021028995514">
        <ele>585</ele>
        <time>2017-03-29T02:50:55Z</time>
      </trkpt>
      <trkpt lat="43.839684007689357" lon="7.236706959083676">
        <ele>585</ele>
        <time>2017-03-29T02:51:15Z</time>
      </trkpt>
      <trkpt lat="43.839611001312733" lon="7.236932013183832">
        <ele>584</ele>
        <time>2017-03-29T02:51:35Z</time>
      </trkpt>
      <trkpt lat="43.839335991069674" lon="7.237319005653262">
        <ele>583</ele>
        <time>2017-03-29T02:51:55Z</time>
      </trkpt>
      <trkpt lat="43.839102974161506" lon="7.237351024523377">
        <ele>574</ele>
        <time>2017-03-29T02:52:15Z</time>
      </trkpt>
      <trkpt lat="43.839027034118772" lon="7.23720601759851">
        <ele>571</ele>
        <time>2017-03-29T02:52:35Z</time>
      </trkpt>
      <trkpt lat="43.838427979499102" lon="7.23737801425159">
        <ele>558</ele>
        <time>2017-03-29T02:52:55Z</time>
      </trkpt>
      <trkpt lat="43.838104018941522" lon="7.237684037536383">
        <ele>546</ele>
        <time>2017-03-29T02:53:15Z</time>
      </trkpt>
      <trkpt lat="43.837710991501808" lon="7.23843002691865">
        <ele>556</ele>
        <time>2017-03-29T02:53:35Z</time>
      </trkpt>
      <trkpt lat="43.837123000994325" lon="7.238418962806463">
        <ele>539</ele>
        <time>2017-03-29T02:53:55Z</time>
      </trkpt>
      <trkpt lat="43.836906999349594" lon="7.238149987533689">
        <ele>519</ele>
        <time>2017-03-29T02:54:15Z</time>
      </trkpt>
      <trkpt lat="43.836884032934904" lon="7.237909007817507">
        <ele>517</ele>
        <time>2017-03-29T02:54:35Z</time>
      </trkpt>
      <trkpt lat="43.836681023240089" lon="7.238011015579104">
        <ele>517</ele>
        <time>2017-03-29T02:54:55Z</time>
      </trkpt>
      <trkpt lat="43.836710024625063" lon="7.237881012260914">
        <ele>515</ele>
        <time>2017-03-29T02:55:15Z</time>
      </trkpt>
      <trkpt lat="43.83659896440804" lon="7.237826026976109">
        <ele>498</ele>
        <time>2017-03-29T02:55:35Z</time>
      </trkpt>
      <trkpt lat="43.836548002436757" lon="7.237618993967772">
        <ele>497</ele>
        <time>2017-03-29T02:55:55Z</time>
      </trkpt>
      <trkpt lat="43.836117004975677" lon="7.237844970077276">
        <ele>492</ele>
        <time>2017-03-29T02:56:15Z</time>
      </trkpt>
      <trkpt lat="43.835894968360662" lon="7.238070024177432">
        <ele>492</ele>
        <time>2017-03-29T02:56:35Z</time>
      </trkpt>
      <trkpt lat="43.835576958954334" lon="7.238595988601446">
        <ele>486</ele>
        <time>2017-03-29T02:56:55Z</time>
      </trkpt>
      <trkpt lat="43.835139004513621" lon="7.239492014050484">
        <ele>502</ele>
        <time>2017-03-29T02:57:15Z</time>
      </trkpt>
      <trkpt lat="43.834625026211143" lon="7.240145970135927">
        <ele>485</ele>
        <time>2017-03-29T02:57:35Z</time>
      </trkpt>
      <trkpt lat="43.834603987634182" lon="7.240511002019048">
        <ele>485</ele>
        <time>2017-03-29T02:57:55Z</time>
      </trkpt>
      <trkpt lat="43.83472703397274" lon="7.24081601947546">
        <ele>491</ele>
        <time>2017-03-29T02:58:15Z</time>
      </trkpt>
      <trkpt lat="43.835381995886564" lon="7.241691006347537">
        <ele>506</ele>
        <time>2017-03-29T02:58:35Z</time>
      </trkpt>
      <trkpt lat="43.836028994992375" lon="7.24182503297925">
        <ele>544</ele>
        <time>2017-03-29T02:58:55Z</time>
      </trkpt>
      <trkpt lat="43.835765970870852" lon="7.242291988804936">
        <ele>514</ele>
        <time>2017-03-29T02:59:15Z</time>
      </trkpt>
      <trkpt lat="43.835753984749317" lon="7.242763973772526">
        <ele>512</ele>
        <time>2017-03-29T02:59:35Z</time>
      </trkpt>
      <trkpt lat="43.835856998339295" lon="7.243149960413575">
        <ele>538</ele>
        <time>2017-03-29T02:59:55Z</time>
      </trkpt>
      <trkpt lat="43.835998987779021" lon="7.243455983698368">
        <ele>541</ele>
        <time>2017-03-29T03:00:15Z</time>
      </trkpt>
      <trkpt lat="43.83575800806284" lon="7.244169032201171">
        <ele>530</ele>
        <time>2017-03-29T03:00:35Z</time>
      </trkpt>
      <trkpt lat="43.83588801138103" lon="7.24502700380981">
        <ele>534</ele>
        <time>2017-03-29T03:00:55Z</time>
      </trkpt>
      <trkpt lat="43.835880970582366" lon="7.24547803401947">
        <ele>532</ele>
        <time>2017-03-29T03:01:15Z</time>
      </trkpt>
      <trkpt lat="43.835774017497897" lon="7.245688000693917">
        <ele>527</ele>
        <time>2017-03-29T03:01:35Z</time>
      </trkpt>
      <trkpt lat="43.835659017786384" lon="7.246092008426786">
        <ele>523</ele>
        <time>2017-03-29T03:01:55Z</time>
      </trkpt>
      <trkpt lat="43.835513005033135" lon="7.246259981766343">
        <ele>522</ele>
        <time>2017-03-29T03:02:15Z</time>
      </trkpt>
      <trkpt lat="43.835421977564692" lon="7.246471038088203">
        <ele>520</ele>
        <time>2017-03-29T03:02:35Z</time>
      </trkpt>
      <trkpt lat="43.834900036454201" lon="7.246762979775667">
        <ele>515</ele>
        <time>2017-03-29T03:02:55Z</time>
      </trkpt>
      <trkpt lat="43.834485970437527" lon="7.247098004445434">
        <ele>514</ele>
        <time>2017-03-29T03:03:15Z</time>
      </trkpt>
      <trkpt lat="43.83404198102653" lon="7.247248040512204">
        <ele>511</ele>
        <time>2017-03-29T03:03:35Z</time>
      </trkpt>
      <trkpt lat="43.833520039916039" lon="7.247270001098514">
        <ele>506</ele>
        <time>2017-03-29T03:03:55Z</time>
      </trkpt>
      <trkpt lat="43.832830963656306" lon="7.247612988576293">
        <ele>521</ele>
        <time>2017-03-29T03:04:15Z</time>
      </trkpt>
      <trkpt lat="43.83171902038157" lon="7.247946001589298">
        <ele>521</ele>
        <time>2017-03-29T03:04:35Z</time>
      </trkpt>
      <trkpt lat="43.831272013485432" lon="7.24835897795856">
        <ele>538</ele>
        <time>2017-03-29T03:04:55Z</time>
      </trkpt>
      <trkpt lat="43.830921985208988" lon="7.248482024297118">
        <ele>533</ele>
        <time>2017-03-29T03:05:15Z</time>
      </trkpt>
      <trkpt lat="43.830558964982629" lon="7.248529968783259">
        <ele>530</ele>
        <time>2017-03-29T03:05:35Z</time>
      </trkpt>
      <trkpt lat="43.83032301440835" lon="7.248959038406611">
        <ele>535</ele>
        <time>2017-03-29T03:05:55Z</time>
      </trkpt>
      <trkpt lat="43.830146994441748" lon="7.248916039243341">
        <ele>534</ele>
        <time>2017-03-29T03:06:15Z</time>
      </trkpt>
      <trkpt lat="43.829967034980655" lon="7.248690985143185">
        <ele>526</ele>
        <time>2017-03-29T03:06:35Z</time>
      </trkpt>
      <trkpt lat="43.829696970060468" lon="7.248600041493774">
        <ele>524</ele>
        <time>2017-03-29T03:06:55Z</time>
      </trkpt>
      <trkpt lat="43.829265972599387" lon="7.248658966273069">
        <ele>523</ele>
        <time>2017-03-29T03:07:15Z</time>
      </trkpt>
      <trkpt lat="43.82890303619206" lon="7.248959960415959">
        <ele>520</ele>
        <time>2017-03-29T03:07:35Z</time>
      </trkpt>
      <trkpt lat="43.828667001798749" lon="7.249248968437314">
        <ele>530</ele>
        <time>2017-03-29T03:07:55Z</time>
      </trkpt>
      <trkpt lat="43.828502967953682" lon="7.249721037223935">
        <ele>532</ele>
        <time>2017-03-29T03:08:15Z</time>
      </trkpt>
      <trkpt lat="43.828308004885912" lon="7.249764036387205">
        <ele>527</ele>
        <time>2017-03-29T03:08:35Z</time>
      </trkpt>
      <trkpt lat="43.82767902687192" lon="7.249549962580204">
        <ele>523</ele>
        <time>2017-03-29T03:08:55Z</time>
      </trkpt>
      <trkpt lat="43.827484985813498" lon="7.249639984220266">
        <ele>520</ele>
        <time>2017-03-29T03:09:15Z</time>
      </trkpt>
      <trkpt lat="43.826587032526731" lon="7.250412963330746">
        <ele>528</ele>
        <time>2017-03-29T03:09:35Z</time>
      </trkpt>
      <trkpt lat="43.826108006760478" lon="7.250954015180469">
        <ele>545</ele>
        <time>2017-03-29T03:09:55Z</time>
      </trkpt>
      <trkpt lat="43.825740041211247" lon="7.251191977411509">
        <ele>542</ele>
        <time>2017-03-29T03:10:15Z</time>
      </trkpt>
      <trkpt lat="43.825527979061007" lon="7.251462964341044">
        <ele>546</ele>
        <time>2017-03-29T03:10:35Z</time>
      </trkpt>
      <trkpt lat="43.825033027678728" lon="7.25173001177609">
        <ele>556</ele>
        <time>2017-03-29T03:10:55Z</time>
      </trkpt>
      <trkpt lat="43.824725998565555" lon="7.252021031454206">
        <ele>560</ele>
        <time>2017-03-29T03:11:15Z</time>
      </trkpt>
      <trkpt lat="43.824301036074758" lon="7.252198979258537">
        <ele>561</ele>
        <time>2017-03-29T03:11:35Z</time>
      </trkpt>
      <trkpt lat="43.823670968413353" lon="7.252630982547998">
        <ele>570</ele>
        <time>2017-03-29T03:11:55Z</time>
      </trkpt>
      <trkpt lat="43.823180040344596" lon="7.252870034426451">
        <ele>562</ele>
        <time>2017-03-29T03:12:15Z</time>
      </trkpt>
      <trkpt lat="43.822654997929931" lon="7.25332098081708">
        <ele>561</ele>
        <time>2017-03-29T03:12:35Z</time>
      </trkpt>
      <trkpt lat="43.822160968557" lon="7.253910982981324">
        <ele>563</ele>
        <time>2017-03-29T03:12:55Z</time>
      </trkpt>
      <trkpt lat="43.82170801050961" lon="7.254190016537905">
        <ele>563</ele>
        <time>2017-03-29T03:13:15Z</time>
      </trkpt>
      <trkpt lat="43.821328980848193" lon="7.254635011777282">
        <ele>564</ele>
        <time>2017-03-29T03:13:35Z</time>
      </trkpt>
      <trkpt lat="43.82018300704658" lon="7.255456019192934">
        <ele>564</ele>
        <time>2017-03-29T03:13:55Z</time>
      </trkpt>
      <trkpt lat="43.81990497931838" lon="7.255834965035319">
        <ele>567</ele>
        <time>2017-03-29T03:14:15Z</time>
      </trkpt>
      <trkpt lat="43.819587975740433" lon="7.255496000871062">
        <ele>568</ele>
        <time>2017-03-29T03:14:35Z</time>
      </trkpt>
      <trkpt lat="43.81911096163094" lon="7.255145972594619">
        <ele>576</ele>
        <time>2017-03-29T03:14:55Z</time>
      </trkpt>
      <trkpt lat="43.818794963881373" lon="7.255070032551885">
        <ele>584</ele>
        <time>2017-03-29T03:15:15Z</time>
      </trkpt>
      <trkpt lat="43.818577034398913" lon="7.254936005920172">
        <ele>574</ele>
        <time>2017-03-29T03:15:35Z</time>
      </trkpt>
      <trkpt lat="43.81831300444901" lon="7.254947992041707">
        <ele>592</ele>
        <time>2017-03-29T03:15:55Z</time>
      </trkpt>
      <trkpt lat="43.818095996975899" lon="7.254866017028689">
        <ele>588</ele>
        <time>2017-03-29T03:16:15Z</time>
      </trkpt>
      <trkpt lat="43.817962976172566" lon="7.254668036475778">
        <ele>585</ele>
        <time>2017-03-29T03:16:35Z</time>
      </trkpt>
      <trkpt lat="43.817737000063062" lon="7.254534009844065">
        <ele>586</ele>
        <time>2017-03-29T03:16:55Z</time>
      </trkpt>
      <trkpt lat="43.817115984857082" lon="7.254479024559259">
        <ele>596</ele>
        <time>2017-03-29T03:17:15Z</time>
      </trkpt>
      <trkpt lat="43.817073991522193" lon="7.254678010940552">
        <ele>596</ele>
        <time>2017-03-29T03:17:35Z</time>
      </trkpt>
      <trkpt lat="43.816113006323576" lon="7.253719959408045">
        <ele>611</ele>
        <time>2017-03-29T03:17:55Z</time>
      </trkpt>
      <trkpt lat="43.815677985548973" lon="7.253417037427425">
        <ele>628</ele>
        <time>2017-03-29T03:18:15Z</time>
      </trkpt>
      <trkpt lat="43.815431976690888" lon="7.253379989415407">
        <ele>632</ele>
        <time>2017-03-29T03:18:35Z</time>
      </trkpt>
      <trkpt lat="43.814353980123997" lon="7.25398600101471">
        <ele>651</ele>
        <time>2017-03-29T03:18:55Z</time>
      </trkpt>
      <trkpt lat="43.813538001850247" lon="7.253894973546267">
        <ele>650</ele>
        <time>2017-03-29T03:19:15Z</time>
      </trkpt>
      <trkpt lat="43.81330800242722" lon="7.253731023520231">
        <ele>651</ele>
        <time>2017-03-29T03:19:35Z</time>
      </trkpt>
      <trkpt lat="43.812954034656286" lon="7.25372800603509">
        <ele>652</ele>
        <time>2017-03-29T03:19:55Z</time>
      </trkpt>
      <trkpt lat="43.812736021354795" lon="7.253524996340275">
        <ele>655</ele>
        <time>2017-03-29T03:20:15Z</time>
      </trkpt>
      <trkpt lat="43.811890035867691" lon="7.253261972218752">
        <ele>667</ele>
        <time>2017-03-29T03:20:35Z</time>
      </trkpt>
      <trkpt lat="43.811371028423309" lon="7.252946980297566">
        <ele>678</ele>
        <time>2017-03-29T03:20:55Z</time>
      </trkpt>
      <trkpt lat="43.811142034828663" lon="7.252872968092561">
        <ele>680</ele>
        <time>2017-03-29T03:21:15Z</time>
      </trkpt>
      <trkpt lat="43.810900971293449" lon="7.252522017806768">
        <ele>691</ele>
        <time>2017-03-29T03:21:35Z</time>
      </trkpt>
      <trkpt lat="43.810630990192294" lon="7.252446999773383">
        <ele>696</ele>
        <time>2017-03-29T03:21:55Z</time>
      </trkpt>
      <trkpt lat="43.809772012755275" lon="7.251249980181456">
        <ele>716</ele>
        <time>2017-03-29T03:22:15Z</time>
      </trkpt>
      <trkpt lat="43.809348978102207" lon="7.250874973833561">
        <ele>722</ele>
        <time>2017-03-29T03:22:35Z</time>
      </trkpt>
      <trkpt lat="43.808597959578037" lon="7.250648997724056">
        <ele>745</ele>
        <time>2017-03-29T03:22:55Z</time>
      </trkpt>
      <trkpt lat="43.808395033702254" lon="7.250444982200861">
        <ele>749</ele>
        <time>2017-03-29T03:23:15Z</time>
      </trkpt>
      <trkpt lat="43.808030001819134" lon="7.250992991030216">
        <ele>732</ele>
        <time>2017-03-29T03:23:35Z</time>
      </trkpt>
      <trkpt lat="43.807559022679925" lon="7.251185020431876">
        <ele>732</ele>
        <time>2017-03-29T03:23:55Z</time>
      </trkpt>
      <trkpt lat="43.806876987218857" lon="7.251041019335389">
        <ele>734</ele>
        <time>2017-03-29T03:24:15Z</time>
      </trkpt>
      <trkpt lat="43.806491000577807" lon="7.251055017113686">
        <ele>733</ele>
        <time>2017-03-29T03:24:35Z</time>
      </trkpt>
      <trkpt lat="43.80615103058517" lon="7.25121796131134">
        <ele>730</ele>
        <time>2017-03-29T03:24:55Z</time>
      </trkpt>
      <trkpt lat="43.80529498681426" lon="7.251266995444894">
        <ele>733</ele>
        <time>2017-03-29T03:25:15Z</time>
      </trkpt>
      <trkpt lat="43.80381197668612" lon="7.251733029261231">
        <ele>712</ele>
        <time>2017-03-29T03:25:35Z</time>
      </trkpt>
      <trkpt lat="43.803172018378973" lon="7.251701010391116">
        <ele>706</ele>
        <time>2017-03-29T03:25:55Z</time>
      </trkpt>
      <trkpt lat="43.802722999826074" lon="7.251470005139709">
        <ele>715</ele>
        <time>2017-03-29T03:26:15Z</time>
      </trkpt>
      <trkpt lat="43.802646975964308" lon="7.251312006264925">
        <ele>718</ele>
        <time>2017-03-29T03:26:35Z</time>
      </trkpt>
      <trkpt lat="43.802254032343626" lon="7.250906992703676">
        <ele>705</ele>
        <time>2017-03-29T03:26:55Z</time>
      </trkpt>
      <trkpt lat="43.801863016560674" lon="7.250112975016236">
        <ele>713</ele>
        <time>2017-03-29T03:27:15Z</time>
      </trkpt>
      <trkpt lat="43.801608961075544" lon="7.249801000580192">
        <ele>704</ele>
        <time>2017-03-29T03:27:35Z</time>
      </trkpt>
      <trkpt lat="43.801335040479898" lon="7.249827990308404">
        <ele>701</ele>
        <time>2017-03-29T03:27:55Z</time>
      </trkpt>
      <trkpt lat="43.801113003864884" lon="7.249552980065346">
        <ele>699</ele>
        <time>2017-03-29T03:28:15Z</time>
      </trkpt>
      <trkpt lat="43.801037985831499" lon="7.249341001734138">
        <ele>699</ele>
        <time>2017-03-29T03:28:35Z</time>
      </trkpt>
      <trkpt lat="43.800880992785096" lon="7.249144027009606">
        <ele>698</ele>
        <time>2017-03-29T03:28:55Z</time>
      </trkpt>
      <trkpt lat="43.800838999450207" lon="7.248913021758199">
        <ele>707</ele>
        <time>2017-03-29T03:29:15Z</time>
      </trkpt>
      <trkpt lat="43.800708996132016" lon="7.248588977381587">
        <ele>683</ele>
        <time>2017-03-29T03:29:35Z</time>
      </trkpt>
      <trkpt lat="43.800770016387105" lon="7.248123027384281">
        <ele>690</ele>
        <time>2017-03-29T03:29:55Z</time>
      </trkpt>
      <trkpt lat="43.800575975328684" lon="7.247166987508535">
        <ele>695</ele>
        <time>2017-03-29T03:30:15Z</time>
      </trkpt>
      <trkpt lat="43.800444966182113" lon="7.246969006955624">
        <ele>694</ele>
        <time>2017-03-29T03:30:35Z</time>
      </trkpt>
      <trkpt lat="43.800387969240546" lon="7.246716963127255">
        <ele>695</ele>
        <time>2017-03-29T03:30:55Z</time>
      </trkpt>
      <trkpt lat="43.800234999507666" lon="7.246831962838769">
        <ele>692</ele>
        <time>2017-03-29T03:31:15Z</time>
      </trkpt>
      <trkpt lat="43.800100972875953" lon="7.24678703583777">
        <ele>690</ele>
        <time>2017-03-29T03:31:35Z</time>
      </trkpt>
      <trkpt lat="43.799934005364776" lon="7.246866999194026">
        <ele>686</ele>
        <time>2017-03-29T03:31:55Z</time>
      </trkpt>
      <trkpt lat="43.799518011510372" lon="7.24694000557065">
        <ele>687</ele>
        <time>2017-03-29T03:32:15Z</time>
      </trkpt>
      <trkpt lat="43.799063041806221" lon="7.247087024152279">
        <ele>698</ele>
        <time>2017-03-29T03:32:35Z</time>
      </trkpt>
      <trkpt lat="43.798621986061335" lon="7.247210992500186">
        <ele>702</ele>
        <time>2017-03-29T03:32:55Z</time>
      </trkpt>
      <trkpt lat="43.798187971115112" lon="7.247580969706178">
        <ele>698</ele>
        <time>2017-03-29T03:33:15Z</time>
      </trkpt>
      <trkpt lat="43.798054028302431" lon="7.247602008283138">
        <ele>698</ele>
        <time>2017-03-29T03:33:35Z</time>
      </trkpt>
      <trkpt lat="43.797755967825651" lon="7.247833013534546">
        <ele>697</ele>
        <time>2017-03-29T03:33:55Z</time>
      </trkpt>
      <trkpt lat="43.797340979799628" lon="7.247994029894471">
        <ele>709</ele>
        <time>2017-03-29T03:34:15Z</time>
      </trkpt>
      <trkpt lat="43.796383012086153" lon="7.248997008427978">
        <ele>689</ele>
        <time>2017-03-29T03:34:35Z</time>
      </trkpt>
      <trkpt lat="43.795901974663138" lon="7.249043025076389">
        <ele>687</ele>
        <time>2017-03-29T03:34:55Z</time>
      </trkpt>
      <trkpt lat="43.79545203410089" lon="7.249014023691416">
        <ele>687</ele>
        <time>2017-03-29T03:35:15Z</time>
      </trkpt>
      <trkpt lat="43.795018019154668" lon="7.248954009264708">
        <ele>682</ele>
        <time>2017-03-29T03:35:35Z</time>
      </trkpt>
      <trkpt lat="43.794319974258542" lon="7.248658966273069">
        <ele>677</ele>
        <time>2017-03-29T03:35:55Z</time>
      </trkpt>
      <trkpt lat="43.79407899454236" lon="7.248503984883428">
        <ele>672</ele>
        <time>2017-03-29T03:36:15Z</time>
      </trkpt>
      <trkpt lat="43.793613966554403" lon="7.248337017372251">
        <ele>666</ele>
        <time>2017-03-29T03:36:35Z</time>
      </trkpt>
      <trkpt lat="43.793350020423532" lon="7.248347997665405">
        <ele>668</ele>
        <time>2017-03-29T03:36:55Z</time>
      </trkpt>
      <trkpt lat="43.793050032109022" lon="7.248134007677436">
        <ele>667</ele>
        <time>2017-03-29T03:37:15Z</time>
      </trkpt>
      <trkpt lat="43.792858002707362" lon="7.247843993827701">
        <ele>666</ele>
        <time>2017-03-29T03:37:35Z</time>
      </trkpt>
      <trkpt lat="43.792190970852971" lon="7.247757995501161">
        <ele>658</ele>
        <time>2017-03-29T03:37:55Z</time>
      </trkpt>
      <trkpt lat="43.791831973940134" lon="7.247489020228386">
        <ele>645</ele>
        <time>2017-03-29T03:38:15Z</time>
      </trkpt>
      <trkpt lat="43.791310032829642" lon="7.24747602827847">
        <ele>630</ele>
        <time>2017-03-29T03:38:35Z</time>
      </trkpt>
      <trkpt lat="43.790771998465061" lon="7.247655987739563">
        <ele>633</ele>
        <time>2017-03-29T03:38:55Z</time>
      </trkpt>
      <trkpt lat="43.790491037070751" lon="7.247666968032718">
        <ele>631</ele>
        <time>2017-03-29T03:39:15Z</time>
      </trkpt>
      <trkpt lat="43.789768014103174" lon="7.247870983555913">
        <ele>615</ele>
        <time>2017-03-29T03:39:35Z</time>
      </trkpt>
      <trkpt lat="43.789482023566961" lon="7.247989000752568">
        <ele>613</ele>
        <time>2017-03-29T03:39:55Z</time>
      </trkpt>
      <trkpt lat="43.789139036089182" lon="7.24756496027112">
        <ele>597</ele>
        <time>2017-03-29T03:40:15Z</time>
      </trkpt>
      <trkpt lat="43.788990005850792" lon="7.246850989758968">
        <ele>585</ele>
        <time>2017-03-29T03:40:35Z</time>
      </trkpt>
      <trkpt lat="43.788219960406423" lon="7.246235003694892">
        <ele>568</ele>
        <time>2017-03-29T03:40:55Z</time>
      </trkpt>
      <trkpt lat="43.788119964301586" lon="7.246003998443484">
        <ele>567</ele>
        <time>2017-03-29T03:41:15Z</time>
      </trkpt>
      <trkpt lat="43.788429005071521" lon="7.245815992355347">
        <ele>564</ele>
        <time>2017-03-29T03:41:35Z</time>
      </trkpt>
      <trkpt lat="43.788418024778366" lon="7.245591022074223">
        <ele>560</ele>
        <time>2017-03-29T03:41:55Z</time>
      </trkpt>
      <trkpt lat="43.78812700510025" lon="7.245278963819146">
        <ele>555</ele>
        <time>2017-03-29T03:42:15Z</time>
      </trkpt>
      <trkpt lat="43.787765996530652" lon="7.245053993538022">
        <ele>555</ele>
        <time>2017-03-29T03:42:35Z</time>
      </trkpt>
      <trkpt lat="43.787562986835837" lon="7.244378998875618">
        <ele>536</ele>
        <time>2017-03-29T03:42:55Z</time>
      </trkpt>
      <trkpt lat="43.787135006859899" lon="7.244013966992497">
        <ele>521</ele>
        <time>2017-03-29T03:43:15Z</time>
      </trkpt>
      <trkpt lat="43.786636032164097" lon="7.244055960327387">
        <ele>522</ele>
        <time>2017-03-29T03:43:35Z</time>
      </trkpt>
      <trkpt lat="43.786491025239229" lon="7.244088985025883">
        <ele>519</ele>
        <time>2017-03-29T03:43:55Z</time>
      </trkpt>
      <trkpt lat="43.786072013899684" lon="7.244341028854251">
        <ele>522</ele>
        <time>2017-03-29T03:44:15Z</time>
      </trkpt>
      <trkpt lat="43.785558035597205" lon="7.244239021092653">
        <ele>511</ele>
        <time>2017-03-29T03:44:35Z</time>
      </trkpt>
      <trkpt lat="43.784835012629628" lon="7.243830990046263">
        <ele>502</ele>
        <time>2017-03-29T03:44:55Z</time>
      </trkpt>
      <trkpt lat="43.784610964357853" lon="7.24384699948132">
        <ele>502</ele>
        <time>2017-03-29T03:45:15Z</time>
      </trkpt>
      <trkpt lat="43.784721018746495" lon="7.24401799030602">
        <ele>503</ele>
        <time>2017-03-29T03:45:35Z</time>
      </trkpt>
      <trkpt lat="43.784831995144486" lon="7.244657026603818">
        <ele>504</ele>
        <time>2017-03-29T03:45:55Z</time>
      </trkpt>
      <trkpt lat="43.784499987959862" lon="7.245005965232849">
        <ele>503</ele>
        <time>2017-03-29T03:46:15Z</time>
      </trkpt>
      <trkpt lat="43.784296978265047" lon="7.24534903652966">
        <ele>502</ele>
        <time>2017-03-29T03:46:35Z</time>
      </trkpt>
      <trkpt lat="43.784147026017308" lon="7.24573502317071">
        <ele>495</ele>
        <time>2017-03-29T03:46:55Z</time>
      </trkpt>
      <trkpt lat="43.783834967762232" lon="7.246030988171697">
        <ele>493</ele>
        <time>2017-03-29T03:47:15Z</time>
      </trkpt>
      <trkpt lat="43.783517964184284" lon="7.246540021151304">
        <ele>490</ele>
        <time>2017-03-29T03:47:35Z</time>
      </trkpt>
      <trkpt lat="43.783347979187965" lon="7.247135974466801">
        <ele>498</ele>
        <time>2017-03-29T03:47:55Z</time>
      </trkpt>
      <trkpt lat="43.783310009166598" lon="7.247483991086483">
        <ele>495</ele>
        <time>2017-03-29T03:48:15Z</time>
      </trkpt>
      <trkpt lat="43.783149998635054" lon="7.247596979141235">
        <ele>501</ele>
        <time>2017-03-29T03:48:35Z</time>
      </trkpt>
      <trkpt lat="43.783042961731553" lon="7.248756028711796">
        <ele>512</ele>
        <time>2017-03-29T03:48:55Z</time>
      </trkpt>
      <trkpt lat="43.782795025035739" lon="7.24994701333344">
        <ele>522</ele>
        <time>2017-03-29T03:49:15Z</time>
      </trkpt>
      <trkpt lat="43.782544992864132" lon="7.250332999974489">
        <ele>526</ele>
        <time>2017-03-29T03:49:35Z</time>
      </trkpt>
      <trkpt lat="43.782199993729591" lon="7.251014029607177">
        <ele>539</ele>
        <time>2017-03-29T03:49:55Z</time>
      </trkpt>
      <trkpt lat="43.782199993729591" lon="7.250300981104374">
        <ele>542</ele>
        <time>2017-03-29T03:50:15Z</time>
      </trkpt>
      <trkpt lat="43.78200201317668" lon="7.249436974525452">
        <ele>545</ele>
        <time>2017-03-29T03:50:35Z</time>
      </trkpt>
      <trkpt lat="43.78168199211359" lon="7.249050987884402">
        <ele>549</ele>
        <time>2017-03-29T03:50:55Z</time>
      </trkpt>
      <trkpt lat="43.781454004347324" lon="7.248921990394592">
        <ele>561</ele>
        <time>2017-03-29T03:51:15Z</time>
      </trkpt>
      <trkpt lat="43.7812739610672" lon="7.248667012900114">
        <ele>561</ele>
        <time>2017-03-29T03:51:35Z</time>
      </trkpt>
      <trkpt lat="43.780168974772096" lon="7.248847978189588">
        <ele>593</ele>
        <time>2017-03-29T03:51:55Z</time>
      </trkpt>
      <trkpt lat="43.779869992285967" lon="7.248642034828663">
        <ele>606</ele>
        <time>2017-03-29T03:52:15Z</time>
      </trkpt>
      <trkpt lat="43.779681986197829" lon="7.247892022132874">
        <ele>599</ele>
        <time>2017-03-29T03:52:35Z</time>
      </trkpt>
      <trkpt lat="43.779475959017873" lon="7.248168038204312">
        <ele>604</ele>
        <time>2017-03-29T03:52:55Z</time>
      </trkpt>
      <trkpt lat="43.779387027025223" lon="7.248213971033692">
        <ele>606</ele>
        <time>2017-03-29T03:53:15Z</time>
      </trkpt>
      <trkpt lat="43.779303962364793" lon="7.248055972158909">
        <ele>606</ele>
        <time>2017-03-29T03:53:35Z</time>
      </trkpt>
      <trkpt lat="43.779213018715382" lon="7.248091008514166">
        <ele>607</ele>
        <time>2017-03-29T03:53:55Z</time>
      </trkpt>
      <trkpt lat="43.779106987640262" lon="7.247994029894471">
        <ele>617</ele>
        <time>2017-03-29T03:54:15Z</time>
      </trkpt>
      <trkpt lat="43.778758971020579" lon="7.24831597879529">
        <ele>621</ele>
        <time>2017-03-29T03:54:35Z</time>
      </trkpt>
      <trkpt lat="43.778561996296048" lon="7.248439025133848">
        <ele>632</ele>
        <time>2017-03-29T03:54:55Z</time>
      </trkpt>
      <trkpt lat="43.778420006856322" lon="7.248604986816645">
        <ele>634</ele>
        <time>2017-03-29T03:55:15Z</time>
      </trkpt>
      <trkpt lat="43.778263013809919" lon="7.248651003465056">
        <ele>643</ele>
        <time>2017-03-29T03:55:35Z</time>
      </trkpt>
      <trkpt lat="43.778107026591897" lon="7.248783018440008">
        <ele>645</ele>
        <time>2017-03-29T03:55:55Z</time>
      </trkpt>
      <trkpt lat="43.777926983311772" lon="7.24870297126472">
        <ele>644</ele>
        <time>2017-03-29T03:56:15Z</time>
      </trkpt>
      <trkpt lat="43.777697989717126" lon="7.248954009264708">
        <ele>649</ele>
        <time>2017-03-29T03:56:35Z</time>
      </trkpt>
      <trkpt lat="43.777350978925824" lon="7.249050987884402">
        <ele>654</ele>
        <time>2017-03-29T03:56:55Z</time>
      </trkpt>
      <trkpt lat="43.776958035305142" lon="7.249233964830637">
        <ele>667</ele>
        <time>2017-03-29T03:57:15Z</time>
      </trkpt>
      <trkpt lat="43.776611024513841" lon="7.249060962349176">
        <ele>655</ele>
        <time>2017-03-29T03:57:35Z</time>
      </trkpt>
      <trkpt lat="43.776038037613034" lon="7.249077977612615">
        <ele>654</ele>
        <time>2017-03-29T03:57:55Z</time>
      </trkpt>
      <trkpt lat="43.775457004085183" lon="7.249271012842655">
        <ele>667</ele>
        <time>2017-03-29T03:58:15Z</time>
      </trkpt>
      <trkpt lat="43.774861972779036" lon="7.249399004504085">
        <ele>665</ele>
        <time>2017-03-29T03:58:35Z</time>
      </trkpt>
      <trkpt lat="43.773781964555383" lon="7.24947502836585">
        <ele>669</ele>
        <time>2017-03-29T03:58:55Z</time>
      </trkpt>
      <trkpt lat="43.77214103937149" lon="7.24981801584363">
        <ele>674</ele>
        <time>2017-03-29T03:59:15Z</time>
      </trkpt>
      <trkpt lat="43.770798007026315" lon="7.249913988634944">
        <ele>679</ele>
        <time>2017-03-29T03:59:35Z</time>
      </trkpt>
      <trkpt lat="43.770326022058725" lon="7.24960302002728">
        <ele>672</ele>
        <time>2017-03-29T03:59:55Z</time>
      </trkpt>
      <trkpt lat="43.770011030137539" lon="7.249809969216585">
        <ele>678</ele>
        <time>2017-03-29T04:00:15Z</time>
      </trkpt>
      <trkpt lat="43.769346009939909" lon="7.250063018873334">
        <ele>679</ele>
        <time>2017-03-29T04:00:35Z</time>
      </trkpt>
      <trkpt lat="43.768944013863802" lon="7.250295029953122">
        <ele>672</ele>
        <time>2017-03-29T04:00:55Z</time>
      </trkpt>
      <trkpt lat="43.768803030252457" lon="7.25031103938818">
        <ele>671</ele>
        <time>2017-03-29T04:01:15Z</time>
      </trkpt>
      <trkpt lat="43.768718959763646" lon="7.250402988865972">
        <ele>671</ele>
        <time>2017-03-29T04:01:35Z</time>
      </trkpt>
      <trkpt lat="43.76831796951592" lon="7.250521006062627">
        <ele>662</ele>
        <time>2017-03-29T04:01:55Z</time>
      </trkpt>
      <trkpt lat="43.767913961783051" lon="7.250295029953122">
        <ele>662</ele>
        <time>2017-03-29T04:02:15Z</time>
      </trkpt>
      <trkpt lat="43.767310967668891" lon="7.25052603520453">
        <ele>652</ele>
        <time>2017-03-29T04:02:35Z</time>
      </trkpt>
      <trkpt lat="43.767025982961059" lon="7.250520000234246">
        <ele>650</ele>
        <time>2017-03-29T04:02:55Z</time>
      </trkpt>
      <trkpt lat="43.766842000186443" lon="7.250451017171145">
        <ele>649</ele>
        <time>2017-03-29T04:03:15Z</time>
      </trkpt>
      <trkpt lat="43.766650976613164" lon="7.250896012410522">
        <ele>644</ele>
        <time>2017-03-29T04:03:35Z</time>
      </trkpt>
      <trkpt lat="43.765856036916375" lon="7.251003971323371">
        <ele>637</ele>
        <time>2017-03-29T04:03:55Z</time>
      </trkpt>
      <trkpt lat="43.765315990895033" lon="7.251299014315009">
        <ele>631</ele>
        <time>2017-03-29T04:04:15Z</time>
      </trkpt>
      <trkpt lat="43.764874013140798" lon="7.251100027933717">
        <ele>622</ele>
        <time>2017-03-29T04:04:35Z</time>
      </trkpt>
      <trkpt lat="43.764476962387562" lon="7.251159036532044">
        <ele>620</ele>
        <time>2017-03-29T04:04:55Z</time>
      </trkpt>
      <trkpt lat="43.763966001570225" lon="7.251384006813169">
        <ele>610</ele>
        <time>2017-03-29T04:05:15Z</time>
      </trkpt>
      <trkpt lat="43.763700965791941" lon="7.251617023721337">
        <ele>607</ele>
        <time>2017-03-29T04:05:35Z</time>
      </trkpt>
      <trkpt lat="43.763420004397631" lon="7.252000998705626">
        <ele>615</ele>
        <time>2017-03-29T04:05:55Z</time>
      </trkpt>
      <trkpt lat="43.763020019978285" lon="7.251990018412471">
        <ele>604</ele>
        <time>2017-03-29T04:06:15Z</time>
      </trkpt>
      <trkpt lat="43.762095998972654" lon="7.252129996195436">
        <ele>589</ele>
        <time>2017-03-29T04:06:35Z</time>
      </trkpt>
      <trkpt lat="43.761554025113583" lon="7.25239503197372">
        <ele>581</ele>
        <time>2017-03-29T04:06:55Z</time>
      </trkpt>
      <trkpt lat="43.760981038212776" lon="7.252767020836473">
        <ele>582</ele>
        <time>2017-03-29T04:07:15Z</time>
      </trkpt>
      <trkpt lat="43.760190960019827" lon="7.253092993050814">
        <ele>565</ele>
        <time>2017-03-29T04:07:35Z</time>
      </trkpt>
      <trkpt lat="43.759246990084648" lon="7.253722976893187">
        <ele>562</ele>
        <time>2017-03-29T04:07:55Z</time>
      </trkpt>
      <trkpt lat="43.758536959066987" lon="7.254318008199334">
        <ele>558</ele>
        <time>2017-03-29T04:08:15Z</time>
      </trkpt>
      <trkpt lat="43.758336966857314" lon="7.254355978220701">
        <ele>556</ele>
        <time>2017-03-29T04:08:35Z</time>
      </trkpt>
      <trkpt lat="43.758146027103066" lon="7.254510959610343">
        <ele>546</ele>
        <time>2017-03-29T04:08:55Z</time>
      </trkpt>
      <trkpt lat="43.757974030449986" lon="7.254576003178954">
        <ele>544</ele>
        <time>2017-03-29T04:09:15Z</time>
      </trkpt>
      <trkpt lat="43.757573962211609" lon="7.254898035898805">
        <ele>542</ele>
        <time>2017-03-29T04:09:35Z</time>
      </trkpt>
      <trkpt lat="43.757010027766228" lon="7.255166005343199">
        <ele>536</ele>
        <time>2017-03-29T04:09:55Z</time>
      </trkpt>
      <trkpt lat="43.75686502084136" lon="7.255192995071411">
        <ele>534</ele>
        <time>2017-03-29T04:10:15Z</time>
      </trkpt>
      <trkpt lat="43.756685983389616" lon="7.255331967025995">
        <ele>535</ele>
        <time>2017-03-29T04:10:35Z</time>
      </trkpt>
      <trkpt lat="43.756467970088124" lon="7.255374966189265">
        <ele>523</ele>
        <time>2017-03-29T04:10:55Z</time>
      </trkpt>
      <trkpt lat="43.756325980648398" lon="7.255519973114133">
        <ele>523</ele>
        <time>2017-03-29T04:11:15Z</time>
      </trkpt>
      <trkpt lat="43.755565993487835" lon="7.255879975855351">
        <ele>512</ele>
        <time>2017-03-29T04:11:35Z</time>
      </trkpt>
      <trkpt lat="43.755321996286511" lon="7.2562659624964">
        <ele>509</ele>
        <time>2017-03-29T04:11:55Z</time>
      </trkpt>
      <trkpt lat="43.755257036536932" lon="7.257043970748782">
        <ele>508</ele>
        <time>2017-03-29T04:12:15Z</time>
      </trkpt>
      <trkpt lat="43.755117980763316" lon="7.257140027359128">
        <ele>507</ele>
        <time>2017-03-29T04:12:35Z</time>
      </trkpt>
      <trkpt lat="43.755079004913568" lon="7.257306994870305">
        <ele>506</ele>
        <time>2017-03-29T04:12:55Z</time>
      </trkpt>
      <trkpt lat="43.754940032958984" lon="7.257300959900022">
        <ele>497</ele>
        <time>2017-03-29T04:13:15Z</time>
      </trkpt>
      <trkpt lat="43.754837019369006" lon="7.25776799954474">
        <ele>499</ele>
        <time>2017-03-29T04:13:35Z</time>
      </trkpt>
      <trkpt lat="43.754610037431121" lon="7.257861960679293">
        <ele>498</ele>
        <time>2017-03-29T04:13:55Z</time>
      </trkpt>
      <trkpt lat="43.75445899553597" lon="7.257999004796147">
        <ele>498</ele>
        <time>2017-03-29T04:14:15Z</time>
      </trkpt>
      <trkpt lat="43.754242993891239" lon="7.257988024502993">
        <ele>497</ele>
        <time>2017-03-29T04:14:35Z</time>
      </trkpt>
      <trkpt lat="43.754096981137991" lon="7.258073017001152">
        <ele>496</ele>
        <time>2017-03-29T04:14:55Z</time>
      </trkpt>
      <trkpt lat="43.75379498116672" lon="7.257954999804497">
        <ele>494</ele>
        <time>2017-03-29T04:15:15Z</time>
      </trkpt>
      <trkpt lat="43.753661960363388" lon="7.257837988436222">
        <ele>494</ele>
        <time>2017-03-29T04:15:35Z</time>
      </trkpt>
      <trkpt lat="43.753426009789109" lon="7.25785399787128">
        <ele>493</ele>
        <time>2017-03-29T04:15:55Z</time>
      </trkpt>
      <trkpt lat="43.753269016742706" lon="7.258085003122687">
        <ele>491</ele>
        <time>2017-03-29T04:16:15Z</time>
      </trkpt>
      <trkpt lat="43.752512969076633" lon="7.258523963391781">
        <ele>491</ele>
        <time>2017-03-29T04:16:35Z</time>
      </trkpt>
      <trkpt lat="43.752252962440252" lon="7.258540978655219">
        <ele>487</ele>
        <time>2017-03-29T04:16:55Z</time>
      </trkpt>
      <trkpt lat="43.751766979694366" lon="7.258728984743357">
        <ele>485</ele>
        <time>2017-03-29T04:17:15Z</time>
      </trkpt>
      <trkpt lat="43.751301029697061" lon="7.258711969479919">
        <ele>479</ele>
        <time>2017-03-29T04:17:35Z</time>
      </trkpt>
      <trkpt lat="43.750923005864024" lon="7.258759997785091">
        <ele>478</ele>
        <time>2017-03-29T04:17:55Z</time>
      </trkpt>
      <trkpt lat="43.75074103474617" lon="7.25860501639545">
        <ele>473</ele>
        <time>2017-03-29T04:18:15Z</time>
      </trkpt>
      <trkpt lat="43.750211969017982" lon="7.25856201723218">
        <ele>472</ele>
        <time>2017-03-29T04:18:35Z</time>
      </trkpt>
      <trkpt lat="43.750008959323168" lon="7.258492028340697">
        <ele>470</ele>
        <time>2017-03-29T04:18:55Z</time>
      </trkpt>
      <trkpt lat="43.749778959900141" lon="7.258551958948374">
        <ele>469</ele>
        <time>2017-03-29T04:19:15Z</time>
      </trkpt>
      <trkpt lat="43.749557007104158" lon="7.258395971730351">
        <ele>469</ele>
        <time>2017-03-29T04:19:35Z</time>
      </trkpt>
      <trkpt lat="43.749254001304507" lon="7.258355990052223">
        <ele>467</ele>
        <time>2017-03-29T04:19:55Z</time>
      </trkpt>
      <trkpt lat="43.748896010220051" lon="7.258422961458564">
        <ele>467</ele>
        <time>2017-03-29T04:20:15Z</time>
      </trkpt>
      <trkpt lat="43.747956985607743" lon="7.258384991437197">
        <ele>464</ele>
        <time>2017-03-29T04:20:35Z</time>
      </trkpt>
      <trkpt lat="43.747649034485221" lon="7.258447017520666">
        <ele>462</ele>
        <time>2017-03-29T04:20:55Z</time>
      </trkpt>
      <trkpt lat="43.74745599925518" lon="7.258609039708972">
        <ele>455</ele>
        <time>2017-03-29T04:21:15Z</time>
      </trkpt>
      <trkpt lat="43.747107982635498" lon="7.258802996948361">
        <ele>452</ele>
        <time>2017-03-29T04:21:35Z</time>
      </trkpt>
      <trkpt lat="43.74708903953433" lon="7.258915985003114">
        <ele>451</ele>
        <time>2017-03-29T04:21:55Z</time>
      </trkpt>
      <trkpt lat="43.746917964890599" lon="7.258856976404786">
        <ele>450</ele>
        <time>2017-03-29T04:22:15Z</time>
      </trkpt>
      <trkpt lat="43.746803971007466" lon="7.258954038843513">
        <ele>448</ele>
        <time>2017-03-29T04:22:35Z</time>
      </trkpt>
      <trkpt lat="43.746818974614143" lon="7.258728984743357">
        <ele>449</ele>
        <time>2017-03-29T04:22:55Z</time>
      </trkpt>
      <trkpt lat="43.746525021269917" lon="7.258460009470582">
        <ele>440</ele>
        <time>2017-03-29T04:23:15Z</time>
      </trkpt>
      <trkpt lat="43.746129982173443" lon="7.258759997785091">
        <ele>436</ele>
        <time>2017-03-29T04:23:35Z</time>
      </trkpt>
      <trkpt lat="43.745772996917367" lon="7.258750023320317">
        <ele>423</ele>
        <time>2017-03-29T04:23:55Z</time>
      </trkpt>
      <trkpt lat="43.745577028021216" lon="7.257866989821196">
        <ele>417</ele>
        <time>2017-03-29T04:24:15Z</time>
      </trkpt>
      <trkpt lat="43.745277961716056" lon="7.257202975451946">
        <ele>404</ele>
        <time>2017-03-29T04:24:35Z</time>
      </trkpt>
      <trkpt lat="43.745024995878339" lon="7.25701698102057">
        <ele>401</ele>
        <time>2017-03-29T04:24:55Z</time>
      </trkpt>
      <trkpt lat="43.744718972593546" lon="7.256851019337773">
        <ele>391</ele>
        <time>2017-03-29T04:25:15Z</time>
      </trkpt>
      <trkpt lat="43.744300967082381" lon="7.25675999186933">
        <ele>386</ele>
        <time>2017-03-29T04:25:35Z</time>
      </trkpt>
      <trkpt lat="43.743998967111111" lon="7.25645899772644">
        <ele>384</ele>
        <time>2017-03-29T04:25:55Z</time>
      </trkpt>
      <trkpt lat="43.743870975449681" lon="7.256512977182865">
        <ele>384</ele>
        <time>2017-03-29T04:26:15Z</time>
      </trkpt>
      <trkpt lat="43.743342999368906" lon="7.256378028541803">
        <ele>383</ele>
        <time>2017-03-29T04:26:35Z</time>
      </trkpt>
      <trkpt lat="43.743278961628675" lon="7.256228998303413">
        <ele>380</ele>
        <time>2017-03-29T04:26:55Z</time>
      </trkpt>
      <trkpt lat="43.743090033531189" lon="7.256215000525117">
        <ele>380</ele>
        <time>2017-03-29T04:27:15Z</time>
      </trkpt>
      <trkpt lat="43.742902027443051" lon="7.256137970834971">
        <ele>379</ele>
        <time>2017-03-29T04:27:35Z</time>
      </trkpt>
      <trkpt lat="43.742802031338215" lon="7.25628700107336">
        <ele>379</ele>
        <time>2017-03-29T04:27:55Z</time>
      </trkpt>
      <trkpt lat="43.742660963907838" lon="7.256331006065011">
        <ele>378</ele>
        <time>2017-03-29T04:28:15Z</time>
      </trkpt>
      <trkpt lat="43.742262991145253" lon="7.256690002977848">
        <ele>368</ele>
        <time>2017-03-29T04:28:35Z</time>
      </trkpt>
      <trkpt lat="43.741917992010713" lon="7.257054029032588">
        <ele>362</ele>
        <time>2017-03-29T04:28:55Z</time>
      </trkpt>
      <trkpt lat="43.741871975362301" lon="7.257488965988159">
        <ele>356</ele>
        <time>2017-03-29T04:29:15Z</time>
      </trkpt>
      <trkpt lat="43.741979012265801" lon="7.257847962900996">
        <ele>352</ele>
        <time>2017-03-29T04:29:35Z</time>
      </trkpt>
      <trkpt lat="43.742493996396661" lon="7.258546007797122">
        <ele>348</ele>
        <time>2017-03-29T04:29:55Z</time>
      </trkpt>
      <trkpt lat="43.742760960012674" lon="7.258668970316649">
        <ele>354</ele>
        <time>2017-03-29T04:30:15Z</time>
      </trkpt>
      <trkpt lat="43.742931028828025" lon="7.258862005546689">
        <ele>353</ele>
        <time>2017-03-29T04:30:35Z</time>
      </trkpt>
      <trkpt lat="43.742831032723188" lon="7.259285962209106">
        <ele>341</ele>
        <time>2017-03-29T04:30:55Z</time>
      </trkpt>
      <trkpt lat="43.743824036791921" lon="7.262611985206604">
        <ele>324</ele>
        <time>2017-03-29T04:31:15Z</time>
      </trkpt>
      <trkpt lat="43.743492029607296" lon="7.263411032035947">
        <ele>317</ele>
        <time>2017-03-29T04:31:35Z</time>
      </trkpt>
      <trkpt lat="43.742616036906838" lon="7.263653017580509">
        <ele>313</ele>
        <time>2017-03-29T04:31:55Z</time>
      </trkpt>
      <trkpt lat="43.742310013622046" lon="7.263637008145452">
        <ele>306</ele>
        <time>2017-03-29T04:32:15Z</time>
      </trkpt>
      <trkpt lat="43.741667037829757" lon="7.263716971501708">
        <ele>302</ele>
        <time>2017-03-29T04:32:35Z</time>
      </trkpt>
      <trkpt lat="43.741492023691535" lon="7.263630973175168">
        <ele>297</ele>
        <time>2017-03-29T04:32:55Z</time>
      </trkpt>
      <trkpt lat="43.74098701402545" lon="7.262875009328127">
        <ele>288</ele>
        <time>2017-03-29T04:33:15Z</time>
      </trkpt>
      <trkpt lat="43.740009013563395" lon="7.262477958574891">
        <ele>273</ele>
        <time>2017-03-29T04:33:35Z</time>
      </trkpt>
      <trkpt lat="43.739393027499318" lon="7.262720027938485">
        <ele>267</ele>
        <time>2017-03-29T04:33:55Z</time>
      </trkpt>
      <trkpt lat="43.738489961251616" lon="7.262650039047003">
        <ele>251</ele>
        <time>2017-03-29T04:34:15Z</time>
      </trkpt>
      <trkpt lat="43.738026022911072" lon="7.262907028198242">
        <ele>242</ele>
        <time>2017-03-29T04:34:35Z</time>
      </trkpt>
      <trkpt lat="43.736843001097441" lon="7.262789011001587">
        <ele>225</ele>
        <time>2017-03-29T04:34:55Z</time>
      </trkpt>
      <trkpt lat="43.736586011946201" lon="7.263235012069345">
        <ele>220</ele>
        <time>2017-03-29T04:35:15Z</time>
      </trkpt>
      <trkpt lat="43.736053006723523" lon="7.263550003990531">
        <ele>219</ele>
        <time>2017-03-29T04:35:35Z</time>
      </trkpt>
      <trkpt lat="43.735572975128889" lon="7.263458976522088">
        <ele>213</ele>
        <time>2017-03-29T04:35:55Z</time>
      </trkpt>
      <trkpt lat="43.734202031046152" lon="7.262414004653692">
        <ele>200</ele>
        <time>2017-03-29T04:36:15Z</time>
      </trkpt>
      <trkpt lat="43.734192978590727" lon="7.262070011347532">
        <ele>197</ele>
        <time>2017-03-29T04:36:35Z</time>
      </trkpt>
      <trkpt lat="43.733904976397753" lon="7.261811010539532">
        <ele>193</ele>
        <time>2017-03-29T04:36:55Z</time>
      </trkpt>
      <trkpt lat="43.733375994488597" lon="7.261404991149902">
        <ele>184</ele>
        <time>2017-03-29T04:37:15Z</time>
      </trkpt>
      <trkpt lat="43.733063014224172" lon="7.261415971443057">
        <ele>181</ele>
        <time>2017-03-29T04:37:35Z</time>
      </trkpt>
      <trkpt lat="43.732665963470936" lon="7.261625016108155">
        <ele>182</ele>
        <time>2017-03-29T04:37:55Z</time>
      </trkpt>
      <trkpt lat="43.732398999854922" lon="7.261447990313172">
        <ele>178</ele>
        <time>2017-03-29T04:38:15Z</time>
      </trkpt>
      <trkpt lat="43.732147961854935" lon="7.261024033650756">
        <ele>172</ele>
        <time>2017-03-29T04:38:35Z</time>
      </trkpt>
      <trkpt lat="43.731873035430908" lon="7.261002995073795">
        <ele>170</ele>
        <time>2017-03-29T04:38:55Z</time>
      </trkpt>
      <trkpt lat="43.731558965519071" lon="7.261266019195318">
        <ele>171</ele>
        <time>2017-03-29T04:39:15Z</time>
      </trkpt>
      <trkpt lat="43.730872990563512" lon="7.261200975626707">
        <ele>168</ele>
        <time>2017-03-29T04:39:35Z</time>
      </trkpt>
      <trkpt lat="43.730172012001276" lon="7.261250009760261">
        <ele>160</ele>
        <time>2017-03-29T04:39:55Z</time>
      </trkpt>
      <trkpt lat="43.729413030669093" lon="7.260750029236078">
        <ele>141</ele>
        <time>2017-03-29T04:40:15Z</time>
      </trkpt>
      <trkpt lat="43.728287005797029" lon="7.260782970115542">
        <ele>134</ele>
        <time>2017-03-29T04:40:35Z</time>
      </trkpt>
      <trkpt lat="43.728107968345284" lon="7.260890007019043">
        <ele>133</ele>
        <time>2017-03-29T04:40:55Z</time>
      </trkpt>
      <trkpt lat="43.727977965027094" lon="7.261266019195318">
        <ele>131</ele>
        <time>2017-03-29T04:41:15Z</time>
      </trkpt>
      <trkpt lat="43.726845989003778" lon="7.261898014694452">
        <ele>115</ele>
        <time>2017-03-29T04:41:35Z</time>
      </trkpt>
      <trkpt lat="43.726521022617817" lon="7.261942019686103">
        <ele>106</ele>
        <time>2017-03-29T04:41:55Z</time>
      </trkpt>
      <trkpt lat="43.726237965747714" lon="7.262193979695439">
        <ele>103</ele>
        <time>2017-03-29T04:42:15Z</time>
      </trkpt>
      <trkpt lat="43.724956959486008" lon="7.262896969914436">
        <ele>82</ele>
        <time>2017-03-29T04:42:35Z</time>
      </trkpt>
      <trkpt lat="43.724770965054631" lon="7.262826981022954">
        <ele>81</ele>
        <time>2017-03-29T04:42:55Z</time>
      </trkpt>
      <trkpt lat="43.72420895844698" lon="7.263079024851322">
        <ele>77</ele>
        <time>2017-03-29T04:43:15Z</time>
      </trkpt>
      <trkpt lat="43.723983988165855" lon="7.2634859662503">
        <ele>72</ele>
        <time>2017-03-29T04:43:35Z</time>
      </trkpt>
      <trkpt lat="43.723619040101767" lon="7.263309024274349">
        <ele>70</ele>
        <time>2017-03-29T04:43:55Z</time>
      </trkpt>
      <trkpt lat="43.723105983808637" lon="7.263208022341132">
        <ele>65</ele>
        <time>2017-03-29T04:44:15Z</time>
      </trkpt>
      <trkpt lat="43.72274799272418" lon="7.263481020927429">
        <ele>61</ele>
        <time>2017-03-29T04:44:35Z</time>
      </trkpt>
      <trkpt lat="43.722244994714856" lon="7.263576993718743">
        <ele>58</ele>
        <time>2017-03-29T04:44:55Z</time>
      </trkpt>
      <trkpt lat="43.721680976450443" lon="7.263363003730774">
        <ele>58</ele>
        <time>2017-03-29T04:45:15Z</time>
      </trkpt>
      <trkpt lat="43.720217999070883" lon="7.263020016252995">
        <ele>55</ele>
        <time>2017-03-29T04:45:35Z</time>
      </trkpt>
      <trkpt lat="43.720240965485573" lon="7.262287018820643">
        <ele>54</ele>
        <time>2017-03-29T04:45:55Z</time>
      </trkpt>
      <trkpt lat="43.719720030203462" lon="7.262391960248351">
        <ele>53</ele>
        <time>2017-03-29T04:46:15Z</time>
      </trkpt>
      <trkpt lat="43.718648990616202" lon="7.258395971730351">
        <ele>52</ele>
        <time>2017-03-29T04:46:35Z</time>
      </trkpt>
    </trkseg>
  </trk>

</gpx>