<?xml version="1.0" encoding="UTF-8" standalone="no" ?>
<gpx xmlns="http://www.topografix.com/GPX/1/1" xmlns:xsi="http://www.w3.org/2001/XMLSchema-instance" xsi:schemaLocation="http://www.topografix.com/GPX/1/1 http://www.topografix.com/GPX/1/1/gpx.xsd" version="1.1" creator="VisuGPX - https://www.visugpx.com">
  <metadata>
    <name>TMB - Etape 1 - Houches &gt; Refuge de la Balme (Variante Col de Tricot)</name>
    <desc><![CDATA[
]]></desc>
  </metadata>
  <wpt lat="45.87686" lon="6.7614">
    <ele>1654.3</ele>
    <name><![CDATA[Col de Voza]]></name>
    <type><![CDATA[col]]></type>
  </wpt>
  <wpt lat="45.8391" lon="6.76002">
    <ele>1560.1</ele>
    <name><![CDATA[Refuge de Miage]]></name>
    <type><![CDATA[refuge]]></type>
  </wpt>
  <wpt lat="45.7586" lon="6.70966">
    <ele>1703.4</ele>
    <name><![CDATA[Refuge de la Balme]]></name>
    <type><![CDATA[refuge]]></type>
  </wpt>
  <wpt lat="45.85042" lon="6.76997">
    <ele>2117.2</ele>
    <name><![CDATA[Col de Tricot]]></name>
    <type><![CDATA[col]]></type>
  </wpt>
  <trk>
    <name><![CDATA[Steve Farrugia (5935490)]]></name>
    <desc><![CDATA[Steve Farrugia (5935490)]]></desc>
    <extensions>
      <line xmlns="http://www.topografix.com/GPX/gpx_style/0/2">
        <color>0000FF</color>
        <width>4</width>
      </line>
    </extensions>
    <trkseg>
      <trkpt lat="45.88983" lon="6.78893">
        <ele>1002.74</ele>
        <time>2022-07-30T06:23:00Z</time>
      </trkpt>
      <trkpt lat="45.88984" lon="6.78893">
        <ele>1003</ele>
        <time>2022-07-30T06:23:01Z</time>
      </trkpt>
      <trkpt lat="45.89066" lon="6.78742">
        <ele>1056</ele>
        <time>2022-07-30T06:24:36Z</time>
      </trkpt>
      <trkpt lat="45.89047" lon="6.78687">
        <ele>1004.97</ele>
        <time>2022-07-30T06:25:00Z</time>
      </trkpt>
      <trkpt lat="45.89047" lon="6.78688">
        <ele>1006</ele>
        <time>2022-07-30T06:25:02Z</time>
      </trkpt>
      <trkpt lat="45.89101" lon="6.78612">
        <ele>1008</ele>
        <time>2022-07-30T06:25:53Z</time>
      </trkpt>
      <trkpt lat="45.89173" lon="6.786">
        <ele>1011</ele>
        <time>2022-07-30T06:26:51Z</time>
      </trkpt>
      <trkpt lat="45.89189" lon="6.78597">
        <ele>1011.68</ele>
        <time>2022-07-30T06:27:00Z</time>
      </trkpt>
      <trkpt lat="45.89189" lon="6.78598">
        <ele>1012</ele>
        <time>2022-07-30T06:27:02Z</time>
      </trkpt>
      <trkpt lat="45.89248" lon="6.78554">
        <ele>1014</ele>
        <time>2022-07-30T06:27:50Z</time>
      </trkpt>
      <trkpt lat="45.8925" lon="6.78488">
        <ele>1022</ele>
        <time>2022-07-30T06:28:50Z</time>
      </trkpt>
      <trkpt lat="45.8924" lon="6.78494">
        <ele>1025.13</ele>
        <time>2022-07-30T06:29:00Z</time>
      </trkpt>
      <trkpt lat="45.89241" lon="6.78495">
        <ele>1026</ele>
        <time>2022-07-30T06:29:03Z</time>
      </trkpt>
      <trkpt lat="45.89226" lon="6.7847">
        <ele>1032</ele>
        <time>2022-07-30T06:29:49Z</time>
      </trkpt>
      <trkpt lat="45.89216" lon="6.78429">
        <ele>1045</ele>
        <time>2022-07-30T06:30:48Z</time>
      </trkpt>
      <trkpt lat="45.89217" lon="6.78367">
        <ele>1058.83</ele>
        <time>2022-07-30T06:31:45Z</time>
      </trkpt>
      <trkpt lat="45.89217" lon="6.78368">
        <ele>1059</ele>
        <time>2022-07-30T06:31:47Z</time>
      </trkpt>
      <trkpt lat="45.89218" lon="6.78367">
        <ele>1059</ele>
        <time>2022-07-30T06:31:48Z</time>
      </trkpt>
      <trkpt lat="45.89204" lon="6.78299">
        <ele>1069</ele>
        <time>2022-07-30T06:32:47Z</time>
      </trkpt>
      <trkpt lat="45.89208" lon="6.782">
        <ele>1085.9</ele>
        <time>2022-07-30T06:33:45Z</time>
      </trkpt>
      <trkpt lat="45.89208" lon="6.78202">
        <ele>1088</ele>
        <time>2022-07-30T06:33:46Z</time>
      </trkpt>
      <trkpt lat="45.89208" lon="6.782">
        <ele>1087</ele>
        <time>2022-07-30T06:33:48Z</time>
      </trkpt>
      <trkpt lat="45.89234" lon="6.78099">
        <ele>1089</ele>
        <time>2022-07-30T06:34:45Z</time>
      </trkpt>
      <trkpt lat="45.89244" lon="6.7799">
        <ele>1092.69</ele>
        <time>2022-07-30T06:35:45Z</time>
      </trkpt>
      <trkpt lat="45.89245" lon="6.77996">
        <ele>1091</ele>
        <time>2022-07-30T06:35:45Z</time>
      </trkpt>
      <trkpt lat="45.89244" lon="6.7799">
        <ele>1093</ele>
        <time>2022-07-30T06:35:48Z</time>
      </trkpt>
      <trkpt lat="45.89218" lon="6.77874">
        <ele>1103</ele>
        <time>2022-07-30T06:36:46Z</time>
      </trkpt>
      <trkpt lat="45.89205" lon="6.77811">
        <ele>1099.48</ele>
        <time>2022-07-30T06:37:45Z</time>
      </trkpt>
      <trkpt lat="45.89206" lon="6.77817">
        <ele>1099</ele>
        <time>2022-07-30T06:37:46Z</time>
      </trkpt>
      <trkpt lat="45.89206" lon="6.77813">
        <ele>1100</ele>
        <time>2022-07-30T06:37:49Z</time>
      </trkpt>
      <trkpt lat="45.89187" lon="6.77844">
        <ele>1113</ele>
        <time>2022-07-30T06:39:37Z</time>
      </trkpt>
      <trkpt lat="45.89174" lon="6.77861">
        <ele>1115.34</ele>
        <time>2022-07-30T06:39:45Z</time>
      </trkpt>
      <trkpt lat="45.89175" lon="6.77862">
        <ele>1116</ele>
        <time>2022-07-30T06:39:50Z</time>
      </trkpt>
      <trkpt lat="45.89143" lon="6.77933">
        <ele>1122</ele>
        <time>2022-07-30T06:40:38Z</time>
      </trkpt>
      <trkpt lat="45.89101" lon="6.77989">
        <ele>1128</ele>
        <time>2022-07-30T06:41:37Z</time>
      </trkpt>
      <trkpt lat="45.89107" lon="6.77985">
        <ele>1142.62</ele>
        <time>2022-07-30T06:41:45Z</time>
      </trkpt>
      <trkpt lat="45.89108" lon="6.77987">
        <ele>1143</ele>
        <time>2022-07-30T06:41:50Z</time>
      </trkpt>
      <trkpt lat="45.89102" lon="6.7799">
        <ele>1138</ele>
        <time>2022-07-30T06:42:36Z</time>
      </trkpt>
      <trkpt lat="45.89096" lon="6.78054">
        <ele>1135</ele>
        <time>2022-07-30T06:43:36Z</time>
      </trkpt>
      <trkpt lat="45.8909" lon="6.78052">
        <ele>1135.79</ele>
        <time>2022-07-30T06:43:45Z</time>
      </trkpt>
      <trkpt lat="45.8909" lon="6.78054">
        <ele>1137</ele>
        <time>2022-07-30T06:43:51Z</time>
      </trkpt>
      <trkpt lat="45.89043" lon="6.78033">
        <ele>1142</ele>
        <time>2022-07-30T06:44:36Z</time>
      </trkpt>
      <trkpt lat="45.88964" lon="6.7804">
        <ele>1149</ele>
        <time>2022-07-30T06:45:35Z</time>
      </trkpt>
      <trkpt lat="45.88943" lon="6.78041">
        <ele>1133.52</ele>
        <time>2022-07-30T06:45:45Z</time>
      </trkpt>
      <trkpt lat="45.88944" lon="6.78043">
        <ele>1134</ele>
        <time>2022-07-30T06:45:52Z</time>
      </trkpt>
      <trkpt lat="45.88884" lon="6.77986">
        <ele>1173</ele>
        <time>2022-07-30T06:47:27Z</time>
      </trkpt>
      <trkpt lat="45.8891" lon="6.77998">
        <ele>1170.01</ele>
        <time>2022-07-30T06:47:45Z</time>
      </trkpt>
      <trkpt lat="45.8891" lon="6.77999">
        <ele>1169</ele>
        <time>2022-07-30T06:47:52Z</time>
      </trkpt>
      <trkpt lat="45.88954" lon="6.77983">
        <ele>1157</ele>
        <time>2022-07-30T06:48:29Z</time>
      </trkpt>
      <trkpt lat="45.88964" lon="6.77966">
        <ele>1166</ele>
        <time>2022-07-30T06:49:28Z</time>
      </trkpt>
      <trkpt lat="45.88987" lon="6.77859">
        <ele>1176.87</ele>
        <time>2022-07-30T06:50:15Z</time>
      </trkpt>
      <trkpt lat="45.88988" lon="6.7786">
        <ele>1176</ele>
        <time>2022-07-30T06:50:24Z</time>
      </trkpt>
      <trkpt lat="45.88988" lon="6.77856">
        <ele>1176</ele>
        <time>2022-07-30T06:50:27Z</time>
      </trkpt>
      <trkpt lat="45.88945" lon="6.77869">
        <ele>1183</ele>
        <time>2022-07-30T06:51:27Z</time>
      </trkpt>
      <trkpt lat="45.8888" lon="6.77895">
        <ele>1186.03</ele>
        <time>2022-07-30T06:52:15Z</time>
      </trkpt>
      <trkpt lat="45.8888" lon="6.77897">
        <ele>1187</ele>
        <time>2022-07-30T06:52:25Z</time>
      </trkpt>
      <trkpt lat="45.88879" lon="6.77897">
        <ele>1187</ele>
        <time>2022-07-30T06:52:26Z</time>
      </trkpt>
      <trkpt lat="45.88885" lon="6.77799">
        <ele>1206.68</ele>
        <time>2022-07-30T06:54:15Z</time>
      </trkpt>
      <trkpt lat="45.88885" lon="6.77801">
        <ele>1205</ele>
        <time>2022-07-30T06:54:24Z</time>
      </trkpt>
      <trkpt lat="45.88885" lon="6.778">
        <ele>1206</ele>
        <time>2022-07-30T06:54:26Z</time>
      </trkpt>
      <trkpt lat="45.8884" lon="6.77767">
        <ele>1218</ele>
        <time>2022-07-30T06:55:23Z</time>
      </trkpt>
      <trkpt lat="45.88813" lon="6.77698">
        <ele>1227.38</ele>
        <time>2022-07-30T06:56:15Z</time>
      </trkpt>
      <trkpt lat="45.88819" lon="6.77702">
        <ele>1228</ele>
        <time>2022-07-30T06:56:23Z</time>
      </trkpt>
      <trkpt lat="45.88814" lon="6.77698">
        <ele>1227</ele>
        <time>2022-07-30T06:56:27Z</time>
      </trkpt>
      <trkpt lat="45.88822" lon="6.7761">
        <ele>1228</ele>
        <time>2022-07-30T06:57:22Z</time>
      </trkpt>
      <trkpt lat="45.88785" lon="6.77524">
        <ele>1238.92</ele>
        <time>2022-07-30T06:58:15Z</time>
      </trkpt>
      <trkpt lat="45.88786" lon="6.77534">
        <ele>1239</ele>
        <time>2022-07-30T06:58:22Z</time>
      </trkpt>
      <trkpt lat="45.88786" lon="6.77525">
        <ele>1239</ele>
        <time>2022-07-30T06:58:28Z</time>
      </trkpt>
      <trkpt lat="45.88766" lon="6.77441">
        <ele>1286</ele>
        <time>2022-07-30T07:00:14Z</time>
      </trkpt>
      <trkpt lat="45.88749" lon="6.77436">
        <ele>1282.9</ele>
        <time>2022-07-30T07:00:15Z</time>
      </trkpt>
      <trkpt lat="45.88749" lon="6.77436">
        <ele>1283</ele>
        <time>2022-07-30T07:00:28Z</time>
      </trkpt>
      <trkpt lat="45.8871" lon="6.77426">
        <ele>1288</ele>
        <time>2022-07-30T07:01:13Z</time>
      </trkpt>
      <trkpt lat="45.8866" lon="6.77451">
        <ele>1316</ele>
        <time>2022-07-30T07:02:13Z</time>
      </trkpt>
      <trkpt lat="45.88649" lon="6.77436">
        <ele>1322.5</ele>
        <time>2022-07-30T07:02:15Z</time>
      </trkpt>
      <trkpt lat="45.8865" lon="6.77436">
        <ele>1323</ele>
        <time>2022-07-30T07:02:29Z</time>
      </trkpt>
      <trkpt lat="45.88664" lon="6.77383">
        <ele>1329</ele>
        <time>2022-07-30T07:03:12Z</time>
      </trkpt>
      <trkpt lat="45.88689" lon="6.77353">
        <ele>1327</ele>
        <time>2022-07-30T07:04:11Z</time>
      </trkpt>
      <trkpt lat="45.8868" lon="6.77357">
        <ele>1374.07</ele>
        <time>2022-07-30T07:04:15Z</time>
      </trkpt>
      <trkpt lat="45.88681" lon="6.77357">
        <ele>1373</ele>
        <time>2022-07-30T07:04:29Z</time>
      </trkpt>
      <trkpt lat="45.88606" lon="6.77263">
        <ele>1340</ele>
        <time>2022-07-30T07:06:04Z</time>
      </trkpt>
      <trkpt lat="45.88592" lon="6.77224">
        <ele>1350.58</ele>
        <time>2022-07-30T07:06:30Z</time>
      </trkpt>
      <trkpt lat="45.88593" lon="6.77225">
        <ele>1351</ele>
        <time>2022-07-30T07:06:30Z</time>
      </trkpt>
      <trkpt lat="45.88593" lon="6.77168">
        <ele>1354</ele>
        <time>2022-07-30T07:07:03Z</time>
      </trkpt>
      <trkpt lat="45.8859" lon="6.77107">
        <ele>1363</ele>
        <time>2022-07-30T07:08:02Z</time>
      </trkpt>
      <trkpt lat="45.88622" lon="6.77108">
        <ele>1367.01</ele>
        <time>2022-07-30T07:08:30Z</time>
      </trkpt>
      <trkpt lat="45.88623" lon="6.77109">
        <ele>1367</ele>
        <time>2022-07-30T07:08:31Z</time>
      </trkpt>
      <trkpt lat="45.88657" lon="6.77101">
        <ele>1371</ele>
        <time>2022-07-30T07:09:02Z</time>
      </trkpt>
      <trkpt lat="45.88686" lon="6.77102">
        <ele>1379</ele>
        <time>2022-07-30T07:10:01Z</time>
      </trkpt>
      <trkpt lat="45.88677" lon="6.77028">
        <ele>1396</ele>
        <time>2022-07-30T07:11:00Z</time>
      </trkpt>
      <trkpt lat="45.88659" lon="6.76985">
        <ele>1409.45</ele>
        <time>2022-07-30T07:11:45Z</time>
      </trkpt>
      <trkpt lat="45.8866" lon="6.76987">
        <ele>1409</ele>
        <time>2022-07-30T07:11:56Z</time>
      </trkpt>
      <trkpt lat="45.88662" lon="6.76983">
        <ele>1411</ele>
        <time>2022-07-30T07:11:59Z</time>
      </trkpt>
      <trkpt lat="45.88691" lon="6.76932">
        <ele>1425</ele>
        <time>2022-07-30T07:12:59Z</time>
      </trkpt>
      <trkpt lat="45.88657" lon="6.76891">
        <ele>1437.88</ele>
        <time>2022-07-30T07:13:45Z</time>
      </trkpt>
      <trkpt lat="45.88657" lon="6.76891">
        <ele>1437</ele>
        <time>2022-07-30T07:13:57Z</time>
      </trkpt>
      <trkpt lat="45.88658" lon="6.76888">
        <ele>1438</ele>
        <time>2022-07-30T07:13:58Z</time>
      </trkpt>
      <trkpt lat="45.88655" lon="6.76821">
        <ele>1449</ele>
        <time>2022-07-30T07:14:58Z</time>
      </trkpt>
      <trkpt lat="45.88655" lon="6.76775">
        <ele>1496</ele>
        <time>2022-07-30T07:15:57Z</time>
      </trkpt>
      <trkpt lat="45.88642" lon="6.767">
        <ele>1459.29</ele>
        <time>2022-07-30T07:16:45Z</time>
      </trkpt>
      <trkpt lat="45.88642" lon="6.76701">
        <ele>1460</ele>
        <time>2022-07-30T07:16:50Z</time>
      </trkpt>
      <trkpt lat="45.8866" lon="6.76667">
        <ele>1471</ele>
        <time>2022-07-30T07:17:46Z</time>
      </trkpt>
      <trkpt lat="45.88647" lon="6.76616">
        <ele>1528.72</ele>
        <time>2022-07-30T07:18:45Z</time>
      </trkpt>
      <trkpt lat="45.88648" lon="6.76623">
        <ele>1529</ele>
        <time>2022-07-30T07:18:47Z</time>
      </trkpt>
      <trkpt lat="45.88647" lon="6.76616">
        <ele>1529</ele>
        <time>2022-07-30T07:18:50Z</time>
      </trkpt>
      <trkpt lat="45.88611" lon="6.76572">
        <ele>1544</ele>
        <time>2022-07-30T07:19:46Z</time>
      </trkpt>
      <trkpt lat="45.88572" lon="6.76477">
        <ele>1519.1</ele>
        <time>2022-07-30T07:20:45Z</time>
      </trkpt>
      <trkpt lat="45.88575" lon="6.76474">
        <ele>1521</ele>
        <time>2022-07-30T07:20:47Z</time>
      </trkpt>
      <trkpt lat="45.88573" lon="6.76477">
        <ele>1520</ele>
        <time>2022-07-30T07:20:51Z</time>
      </trkpt>
      <trkpt lat="45.88532" lon="6.76441">
        <ele>1529</ele>
        <time>2022-07-30T07:21:47Z</time>
      </trkpt>
      <trkpt lat="45.88486" lon="6.76412">
        <ele>1562.5</ele>
        <time>2022-07-30T07:22:45Z</time>
      </trkpt>
      <trkpt lat="45.88491" lon="6.76416">
        <ele>1560</ele>
        <time>2022-07-30T07:22:46Z</time>
      </trkpt>
      <trkpt lat="45.88487" lon="6.76414">
        <ele>1562</ele>
        <time>2022-07-30T07:22:52Z</time>
      </trkpt>
      <trkpt lat="45.88415" lon="6.76358">
        <ele>1552</ele>
        <time>2022-07-30T07:24:38Z</time>
      </trkpt>
      <trkpt lat="45.88414" lon="6.76342">
        <ele>1567.34</ele>
        <time>2022-07-30T07:24:45Z</time>
      </trkpt>
      <trkpt lat="45.88414" lon="6.76342">
        <ele>1566</ele>
        <time>2022-07-30T07:24:53Z</time>
      </trkpt>
      <trkpt lat="45.88406" lon="6.76313">
        <ele>1555</ele>
        <time>2022-07-30T07:25:38Z</time>
      </trkpt>
      <trkpt lat="45.884" lon="6.76234">
        <ele>1567</ele>
        <time>2022-07-30T07:26:37Z</time>
      </trkpt>
      <trkpt lat="45.88397" lon="6.76202">
        <ele>1569.76</ele>
        <time>2022-07-30T07:26:45Z</time>
      </trkpt>
      <trkpt lat="45.88398" lon="6.76203">
        <ele>1570</ele>
        <time>2022-07-30T07:26:54Z</time>
      </trkpt>
      <trkpt lat="45.8837" lon="6.76138">
        <ele>1495</ele>
        <time>2022-07-30T07:27:40Z</time>
      </trkpt>
      <trkpt lat="45.88332" lon="6.76099">
        <ele>1580</ele>
        <time>2022-07-30T07:28:39Z</time>
      </trkpt>
      <trkpt lat="45.88321" lon="6.76097">
        <ele>1584.3</ele>
        <time>2022-07-30T07:28:45Z</time>
      </trkpt>
      <trkpt lat="45.88321" lon="6.76097">
        <ele>1584</ele>
        <time>2022-07-30T07:28:54Z</time>
      </trkpt>
      <trkpt lat="45.88277" lon="6.76099">
        <ele>1591</ele>
        <time>2022-07-30T07:29:38Z</time>
      </trkpt>
      <trkpt lat="45.88255" lon="6.76094">
        <ele>1595</ele>
        <time>2022-07-30T07:30:38Z</time>
      </trkpt>
      <trkpt lat="45.88214" lon="6.76166">
        <ele>1897.29</ele>
        <time>2022-07-30T07:31:00Z</time>
      </trkpt>
      <trkpt lat="45.88214" lon="6.76168">
        <ele>1897</ele>
        <time>2022-07-30T07:31:06Z</time>
      </trkpt>
      <trkpt lat="45.88143" lon="6.76001">
        <ele>1614</ele>
        <time>2022-07-30T07:32:25Z</time>
      </trkpt>
      <trkpt lat="45.88117" lon="6.76041">
        <ele>1623.23</ele>
        <time>2022-07-30T07:33:00Z</time>
      </trkpt>
      <trkpt lat="45.88118" lon="6.76043">
        <ele>1622</ele>
        <time>2022-07-30T07:33:06Z</time>
      </trkpt>
      <trkpt lat="45.88107" lon="6.76067">
        <ele>1626</ele>
        <time>2022-07-30T07:33:26Z</time>
      </trkpt>
      <trkpt lat="45.88053" lon="6.7609">
        <ele>1635</ele>
        <time>2022-07-30T07:34:25Z</time>
      </trkpt>
      <trkpt lat="45.88006" lon="6.76106">
        <ele>1655.04</ele>
        <time>2022-07-30T07:35:00Z</time>
      </trkpt>
      <trkpt lat="45.88005" lon="6.76107">
        <ele>1656</ele>
        <time>2022-07-30T07:35:07Z</time>
      </trkpt>
      <trkpt lat="45.87985" lon="6.76093">
        <ele>1660</ele>
        <time>2022-07-30T07:35:25Z</time>
      </trkpt>
      <trkpt lat="45.87935" lon="6.7607">
        <ele>1670</ele>
        <time>2022-07-30T07:36:24Z</time>
      </trkpt>
      <trkpt lat="45.87957" lon="6.7602">
        <ele>1667.31</ele>
        <time>2022-07-30T07:37:00Z</time>
      </trkpt>
      <trkpt lat="45.87958" lon="6.7602">
        <ele>1667</ele>
        <time>2022-07-30T07:37:08Z</time>
      </trkpt>
      <trkpt lat="45.87944" lon="6.76021">
        <ele>1670</ele>
        <time>2022-07-30T07:37:23Z</time>
      </trkpt>
      <trkpt lat="45.8788" lon="6.76003">
        <ele>1674</ele>
        <time>2022-07-30T07:38:22Z</time>
      </trkpt>
      <trkpt lat="45.87822" lon="6.75996">
        <ele>1674.68</ele>
        <time>2022-07-30T07:39:00Z</time>
      </trkpt>
      <trkpt lat="45.87822" lon="6.75998">
        <ele>1675</ele>
        <time>2022-07-30T07:39:08Z</time>
      </trkpt>
      <trkpt lat="45.878" lon="6.76007">
        <ele>1673</ele>
        <time>2022-07-30T07:39:22Z</time>
      </trkpt>
      <trkpt lat="45.87731" lon="6.76015">
        <ele>1653</ele>
        <time>2022-07-30T07:40:21Z</time>
      </trkpt>
      <trkpt lat="45.8771" lon="6.76052">
        <ele>1667.31</ele>
        <time>2022-07-30T07:41:00Z</time>
      </trkpt>
      <trkpt lat="45.87711" lon="6.76052">
        <ele>1666</ele>
        <time>2022-07-30T07:41:08Z</time>
      </trkpt>
      <trkpt lat="45.87703" lon="6.76068">
        <ele>1650</ele>
        <time>2022-07-30T07:41:20Z</time>
      </trkpt>
      <trkpt lat="45.87689" lon="6.76122">
        <ele>1683</ele>
        <time>2022-07-30T07:42:19Z</time>
      </trkpt>
      <trkpt lat="45.87693" lon="6.76112">
        <ele>1674.68</ele>
        <time>2022-07-30T07:43:00Z</time>
      </trkpt>
      <trkpt lat="45.87694" lon="6.76114">
        <ele>1674</ele>
        <time>2022-07-30T07:43:09Z</time>
      </trkpt>
      <trkpt lat="45.87693" lon="6.7611">
        <ele>1664</ele>
        <time>2022-07-30T07:43:18Z</time>
      </trkpt>
      <trkpt lat="45.87659" lon="6.76133">
        <ele>1669</ele>
        <time>2022-07-30T07:49:08Z</time>
      </trkpt>
      <trkpt lat="45.87655" lon="6.76132">
        <ele>1676</ele>
        <time>2022-07-30T07:51:00Z</time>
      </trkpt>
      <trkpt lat="45.87655" lon="6.76139">
        <ele>1659</ele>
        <time>2022-07-30T07:53:10Z</time>
      </trkpt>
      <trkpt lat="45.87657" lon="6.76304">
        <ele>1675</ele>
        <time>2022-07-30T07:55:00Z</time>
      </trkpt>
      <trkpt lat="45.87657" lon="6.76303">
        <ele>1674.68</ele>
        <time>2022-07-30T07:55:00Z</time>
      </trkpt>
      <trkpt lat="45.87657" lon="6.76304">
        <ele>1675</ele>
        <time>2022-07-30T07:55:01Z</time>
      </trkpt>
      <trkpt lat="45.87639" lon="6.76363">
        <ele>1687</ele>
        <time>2022-07-30T07:56:00Z</time>
      </trkpt>
      <trkpt lat="45.87614" lon="6.76439">
        <ele>1690</ele>
        <time>2022-07-30T07:56:59Z</time>
      </trkpt>
      <trkpt lat="45.87612" lon="6.7644">
        <ele>1689.46</ele>
        <time>2022-07-30T07:57:00Z</time>
      </trkpt>
      <trkpt lat="45.87612" lon="6.76442">
        <ele>1690</ele>
        <time>2022-07-30T07:57:02Z</time>
      </trkpt>
      <trkpt lat="45.8759" lon="6.76505">
        <ele>1702</ele>
        <time>2022-07-30T07:57:59Z</time>
      </trkpt>
      <trkpt lat="45.87588" lon="6.76555">
        <ele>1716</ele>
        <time>2022-07-30T07:58:58Z</time>
      </trkpt>
      <trkpt lat="45.87586" lon="6.76558">
        <ele>1716.63</ele>
        <time>2022-07-30T07:59:00Z</time>
      </trkpt>
      <trkpt lat="45.87586" lon="6.76559">
        <ele>1717</ele>
        <time>2022-07-30T07:59:02Z</time>
      </trkpt>
      <trkpt lat="45.87566" lon="6.76611">
        <ele>1758</ele>
        <time>2022-07-30T07:59:57Z</time>
      </trkpt>
      <trkpt lat="45.87575" lon="6.76675">
        <ele>1745</ele>
        <time>2022-07-30T08:00:57Z</time>
      </trkpt>
      <trkpt lat="45.87553" lon="6.76719">
        <ele>1736.46</ele>
        <time>2022-07-30T08:01:30Z</time>
      </trkpt>
      <trkpt lat="45.87553" lon="6.76721">
        <ele>1737</ele>
        <time>2022-07-30T08:01:34Z</time>
      </trkpt>
      <trkpt lat="45.87549" lon="6.76731">
        <ele>1749</ele>
        <time>2022-07-30T08:01:56Z</time>
      </trkpt>
      <trkpt lat="45.87541" lon="6.76752">
        <ele>1751</ele>
        <time>2022-07-30T08:02:55Z</time>
      </trkpt>
      <trkpt lat="45.87521" lon="6.76805">
        <ele>1756.35</ele>
        <time>2022-07-30T08:03:30Z</time>
      </trkpt>
      <trkpt lat="45.87521" lon="6.76807">
        <ele>1756</ele>
        <time>2022-07-30T08:03:35Z</time>
      </trkpt>
      <trkpt lat="45.8747" lon="6.769">
        <ele>1764</ele>
        <time>2022-07-30T08:04:46Z</time>
      </trkpt>
      <trkpt lat="45.87436" lon="6.76985">
        <ele>1773.8</ele>
        <time>2022-07-30T08:05:30Z</time>
      </trkpt>
      <trkpt lat="45.87436" lon="6.76986">
        <ele>1773</ele>
        <time>2022-07-30T08:05:42Z</time>
      </trkpt>
      <trkpt lat="45.87433" lon="6.76992">
        <ele>1773</ele>
        <time>2022-07-30T08:05:45Z</time>
      </trkpt>
      <trkpt lat="45.87379" lon="6.77052">
        <ele>1780</ele>
        <time>2022-07-30T08:06:45Z</time>
      </trkpt>
      <trkpt lat="45.8735" lon="6.77144">
        <ele>1793.8</ele>
        <time>2022-07-30T08:07:30Z</time>
      </trkpt>
      <trkpt lat="45.8735" lon="6.77145">
        <ele>1794</ele>
        <time>2022-07-30T08:07:42Z</time>
      </trkpt>
      <trkpt lat="45.87349" lon="6.77148">
        <ele>1795</ele>
        <time>2022-07-30T08:07:44Z</time>
      </trkpt>
      <trkpt lat="45.87367" lon="6.77232">
        <ele>1775</ele>
        <time>2022-07-30T08:08:44Z</time>
      </trkpt>
      <trkpt lat="45.87354" lon="6.77346">
        <ele>1768.81</ele>
        <time>2022-07-30T08:09:45Z</time>
      </trkpt>
      <trkpt lat="45.87355" lon="6.77346">
        <ele>1769</ele>
        <time>2022-07-30T08:09:47Z</time>
      </trkpt>
      <trkpt lat="45.87355" lon="6.77346">
        <ele>1769</ele>
        <time>2022-07-30T08:09:47Z</time>
      </trkpt>
      <trkpt lat="45.87303" lon="6.7755">
        <ele>1781</ele>
        <time>2022-07-30T08:11:37Z</time>
      </trkpt>
      <trkpt lat="45.87304" lon="6.7756">
        <ele>1776.3</ele>
        <time>2022-07-30T08:11:45Z</time>
      </trkpt>
      <trkpt lat="45.87305" lon="6.77561">
        <ele>1776</ele>
        <time>2022-07-30T08:11:48Z</time>
      </trkpt>
      <trkpt lat="45.87281" lon="6.77647">
        <ele>1771</ele>
        <time>2022-07-30T08:12:36Z</time>
      </trkpt>
      <trkpt lat="45.87242" lon="6.77748">
        <ele>1756</ele>
        <time>2022-07-30T08:13:35Z</time>
      </trkpt>
      <trkpt lat="45.87228" lon="6.77766">
        <ele>1761.33</ele>
        <time>2022-07-30T08:13:45Z</time>
      </trkpt>
      <trkpt lat="45.87228" lon="6.77768">
        <ele>1761</ele>
        <time>2022-07-30T08:13:48Z</time>
      </trkpt>
      <trkpt lat="45.87203" lon="6.77853">
        <ele>1755</ele>
        <time>2022-07-30T08:14:34Z</time>
      </trkpt>
      <trkpt lat="45.87188" lon="6.77968">
        <ele>1754</ele>
        <time>2022-07-30T08:15:34Z</time>
      </trkpt>
      <trkpt lat="45.87176" lon="6.77992">
        <ele>1756.35</ele>
        <time>2022-07-30T08:15:45Z</time>
      </trkpt>
      <trkpt lat="45.87177" lon="6.77992">
        <ele>1756</ele>
        <time>2022-07-30T08:15:49Z</time>
      </trkpt>
      <trkpt lat="45.87146" lon="6.78073">
        <ele>1757</ele>
        <time>2022-07-30T08:16:33Z</time>
      </trkpt>
      <trkpt lat="45.87105" lon="6.78161">
        <ele>1763</ele>
        <time>2022-07-30T08:17:33Z</time>
      </trkpt>
      <trkpt lat="45.87098" lon="6.78189">
        <ele>1761.33</ele>
        <time>2022-07-30T08:17:45Z</time>
      </trkpt>
      <trkpt lat="45.87099" lon="6.78191">
        <ele>1761</ele>
        <time>2022-07-30T08:17:49Z</time>
      </trkpt>
      <trkpt lat="45.8705" lon="6.78203">
        <ele>1757</ele>
        <time>2022-07-30T08:18:32Z</time>
      </trkpt>
      <trkpt lat="45.86984" lon="6.78256">
        <ele>1757</ele>
        <time>2022-07-30T08:19:31Z</time>
      </trkpt>
      <trkpt lat="45.86965" lon="6.78273">
        <ele>1751.37</ele>
        <time>2022-07-30T08:19:45Z</time>
      </trkpt>
      <trkpt lat="45.86966" lon="6.78274">
        <ele>1750</ele>
        <time>2022-07-30T08:19:50Z</time>
      </trkpt>
      <trkpt lat="45.8695" lon="6.78336">
        <ele>1754</ele>
        <time>2022-07-30T08:20:31Z</time>
      </trkpt>
      <trkpt lat="45.86888" lon="6.78395">
        <ele>1753.86</ele>
        <time>2022-07-30T08:21:45Z</time>
      </trkpt>
      <trkpt lat="45.86892" lon="6.78396">
        <ele>1754</ele>
        <time>2022-07-30T08:21:49Z</time>
      </trkpt>
      <trkpt lat="45.86888" lon="6.78395">
        <ele>1754</ele>
        <time>2022-07-30T08:21:50Z</time>
      </trkpt>
      <trkpt lat="45.86813" lon="6.78469">
        <ele>1768</ele>
        <time>2022-07-30T08:23:21Z</time>
      </trkpt>
      <trkpt lat="45.86794" lon="6.78502">
        <ele>1766.32</ele>
        <time>2022-07-30T08:23:45Z</time>
      </trkpt>
      <trkpt lat="45.86795" lon="6.78504">
        <ele>1767</ele>
        <time>2022-07-30T08:23:51Z</time>
      </trkpt>
      <trkpt lat="45.86756" lon="6.78486">
        <ele>1780</ele>
        <time>2022-07-30T08:24:21Z</time>
      </trkpt>
      <trkpt lat="45.86685" lon="6.78523">
        <ele>1780</ele>
        <time>2022-07-30T08:25:20Z</time>
      </trkpt>
      <trkpt lat="45.86647" lon="6.78524">
        <ele>1778.8</ele>
        <time>2022-07-30T08:25:45Z</time>
      </trkpt>
      <trkpt lat="45.86647" lon="6.78525">
        <ele>1778</ele>
        <time>2022-07-30T08:25:52Z</time>
      </trkpt>
      <trkpt lat="45.86629" lon="6.78531">
        <ele>1775</ele>
        <time>2022-07-30T08:26:22Z</time>
      </trkpt>
      <trkpt lat="45.86564" lon="6.78601">
        <ele>1751.37</ele>
        <time>2022-07-30T08:27:45Z</time>
      </trkpt>
      <trkpt lat="45.86567" lon="6.78594">
        <ele>1752</ele>
        <time>2022-07-30T08:27:48Z</time>
      </trkpt>
      <trkpt lat="45.86564" lon="6.78602">
        <ele>1752</ele>
        <time>2022-07-30T08:27:53Z</time>
      </trkpt>
      <trkpt lat="45.86527" lon="6.78693">
        <ele>1780</ele>
        <time>2022-07-30T08:29:13Z</time>
      </trkpt>
      <trkpt lat="45.86502" lon="6.78741">
        <ele>1776.3</ele>
        <time>2022-07-30T08:29:45Z</time>
      </trkpt>
      <trkpt lat="45.86503" lon="6.78741">
        <ele>1777</ele>
        <time>2022-07-30T08:29:53Z</time>
      </trkpt>
      <trkpt lat="45.86491" lon="6.78761">
        <ele>1777</ele>
        <time>2022-07-30T08:30:14Z</time>
      </trkpt>
      <trkpt lat="45.86446" lon="6.78709">
        <ele>1783</ele>
        <time>2022-07-30T08:31:13Z</time>
      </trkpt>
      <trkpt lat="45.86407" lon="6.78674">
        <ele>1773.8</ele>
        <time>2022-07-30T08:31:45Z</time>
      </trkpt>
      <trkpt lat="45.86407" lon="6.78675">
        <ele>1774</ele>
        <time>2022-07-30T08:31:53Z</time>
      </trkpt>
      <trkpt lat="45.86402" lon="6.78658">
        <ele>1789</ele>
        <time>2022-07-30T08:32:13Z</time>
      </trkpt>
      <trkpt lat="45.86385" lon="6.78621">
        <ele>1792</ele>
        <time>2022-07-30T08:33:12Z</time>
      </trkpt>
      <trkpt lat="45.86377" lon="6.78595">
        <ele>1783.79</ele>
        <time>2022-07-30T08:33:45Z</time>
      </trkpt>
      <trkpt lat="45.86377" lon="6.78597">
        <ele>1783</ele>
        <time>2022-07-30T08:33:53Z</time>
      </trkpt>
      <trkpt lat="45.86378" lon="6.786">
        <ele>1783</ele>
        <time>2022-07-30T08:34:11Z</time>
      </trkpt>
      <trkpt lat="45.86385" lon="6.78534">
        <ele>1772</ele>
        <time>2022-07-30T08:35:51Z</time>
      </trkpt>
      <trkpt lat="45.86363" lon="6.78468">
        <ele>1746.4</ele>
        <time>2022-07-30T08:37:00Z</time>
      </trkpt>
      <trkpt lat="45.86364" lon="6.78473">
        <ele>1746</ele>
        <time>2022-07-30T08:37:05Z</time>
      </trkpt>
      <trkpt lat="45.86363" lon="6.78468">
        <ele>1745</ele>
        <time>2022-07-30T08:37:09Z</time>
      </trkpt>
      <trkpt lat="45.8635" lon="6.78395">
        <ele>1731</ele>
        <time>2022-07-30T08:38:05Z</time>
      </trkpt>
      <trkpt lat="45.8632" lon="6.78352">
        <ele>1716.63</ele>
        <time>2022-07-30T08:39:00Z</time>
      </trkpt>
      <trkpt lat="45.86325" lon="6.78353">
        <ele>1719</ele>
        <time>2022-07-30T08:39:04Z</time>
      </trkpt>
      <trkpt lat="45.8632" lon="6.78354">
        <ele>1717</ele>
        <time>2022-07-30T08:39:10Z</time>
      </trkpt>
      <trkpt lat="45.86295" lon="6.78321">
        <ele>1735</ele>
        <time>2022-07-30T08:40:03Z</time>
      </trkpt>
      <trkpt lat="45.8628" lon="6.78311">
        <ele>1682.07</ele>
        <time>2022-07-30T08:41:00Z</time>
      </trkpt>
      <trkpt lat="45.86281" lon="6.78313">
        <ele>1681</ele>
        <time>2022-07-30T08:41:10Z</time>
      </trkpt>
      <trkpt lat="45.86283" lon="6.78307">
        <ele>1678</ele>
        <time>2022-07-30T08:43:08Z</time>
      </trkpt>
      <trkpt lat="45.86223" lon="6.78291">
        <ele>1730</ele>
        <time>2022-07-30T08:44:53Z</time>
      </trkpt>
      <trkpt lat="45.86203" lon="6.78298">
        <ele>1747</ele>
        <time>2022-07-30T08:45:54Z</time>
      </trkpt>
      <trkpt lat="45.86185" lon="6.78307">
        <ele>1756.35</ele>
        <time>2022-07-30T08:46:45Z</time>
      </trkpt>
      <trkpt lat="45.86185" lon="6.78308">
        <ele>1756</ele>
        <time>2022-07-30T08:46:50Z</time>
      </trkpt>
      <trkpt lat="45.86185" lon="6.7831">
        <ele>1734</ele>
        <time>2022-07-30T08:46:54Z</time>
      </trkpt>
      <trkpt lat="45.86169" lon="6.78295">
        <ele>1748</ele>
        <time>2022-07-30T08:47:53Z</time>
      </trkpt>
      <trkpt lat="45.86175" lon="6.78277">
        <ele>1766.32</ele>
        <time>2022-07-30T08:48:45Z</time>
      </trkpt>
      <trkpt lat="45.86175" lon="6.78277">
        <ele>1767</ele>
        <time>2022-07-30T08:48:51Z</time>
      </trkpt>
      <trkpt lat="45.86172" lon="6.78276">
        <ele>1766</ele>
        <time>2022-07-30T08:48:52Z</time>
      </trkpt>
      <trkpt lat="45.8615" lon="6.78247">
        <ele>1775</ele>
        <time>2022-07-30T08:49:52Z</time>
      </trkpt>
      <trkpt lat="45.86134" lon="6.78193">
        <ele>1784</ele>
        <time>2022-07-30T08:50:51Z</time>
      </trkpt>
      <trkpt lat="45.86113" lon="6.78153">
        <ele>1791.3</ele>
        <time>2022-07-30T08:51:45Z</time>
      </trkpt>
      <trkpt lat="45.86113" lon="6.78153">
        <ele>1791</ele>
        <time>2022-07-30T08:51:45Z</time>
      </trkpt>
      <trkpt lat="45.86098" lon="6.7815">
        <ele>1793</ele>
        <time>2022-07-30T08:51:50Z</time>
      </trkpt>
      <trkpt lat="45.86068" lon="6.78138">
        <ele>1805</ele>
        <time>2022-07-30T08:52:49Z</time>
      </trkpt>
      <trkpt lat="45.86055" lon="6.78093">
        <ele>1813.87</ele>
        <time>2022-07-30T08:53:45Z</time>
      </trkpt>
      <trkpt lat="45.86055" lon="6.78094">
        <ele>1814</ele>
        <time>2022-07-30T08:53:46Z</time>
      </trkpt>
      <trkpt lat="45.86017" lon="6.78083">
        <ele>1824</ele>
        <time>2022-07-30T08:54:41Z</time>
      </trkpt>
      <trkpt lat="45.85998" lon="6.78048">
        <ele>1833</ele>
        <time>2022-07-30T08:55:40Z</time>
      </trkpt>
      <trkpt lat="45.85963" lon="6.7802">
        <ele>1841.56</ele>
        <time>2022-07-30T08:56:30Z</time>
      </trkpt>
      <trkpt lat="45.85963" lon="6.7802">
        <ele>1841</ele>
        <time>2022-07-30T08:56:38Z</time>
      </trkpt>
      <trkpt lat="45.85961" lon="6.7802">
        <ele>1840</ele>
        <time>2022-07-30T08:56:40Z</time>
      </trkpt>
      <trkpt lat="45.85946" lon="6.78003">
        <ele>1841</ele>
        <time>2022-07-30T08:57:39Z</time>
      </trkpt>
      <trkpt lat="45.85906" lon="6.77972">
        <ele>1849.13</ele>
        <time>2022-07-30T08:58:30Z</time>
      </trkpt>
      <trkpt lat="45.85906" lon="6.77975">
        <ele>1850</ele>
        <time>2022-07-30T08:58:39Z</time>
      </trkpt>
      <trkpt lat="45.85876" lon="6.77933">
        <ele>1855</ele>
        <time>2022-07-30T08:59:35Z</time>
      </trkpt>
      <trkpt lat="45.85849" lon="6.77913">
        <ele>1864</ele>
        <time>2022-07-30T09:00:34Z</time>
      </trkpt>
      <trkpt lat="45.85831" lon="6.77867">
        <ele>1871.9</ele>
        <time>2022-07-30T09:01:30Z</time>
      </trkpt>
      <trkpt lat="45.85832" lon="6.77868">
        <ele>1872</ele>
        <time>2022-07-30T09:01:31Z</time>
      </trkpt>
      <trkpt lat="45.85832" lon="6.77866">
        <ele>1872</ele>
        <time>2022-07-30T09:01:35Z</time>
      </trkpt>
      <trkpt lat="45.85811" lon="6.77827">
        <ele>1880</ele>
        <time>2022-07-30T09:02:34Z</time>
      </trkpt>
      <trkpt lat="45.85791" lon="6.77833">
        <ele>1889.66</ele>
        <time>2022-07-30T09:03:30Z</time>
      </trkpt>
      <trkpt lat="45.85792" lon="6.77835">
        <ele>1889</ele>
        <time>2022-07-30T09:03:32Z</time>
      </trkpt>
      <trkpt lat="45.8579" lon="6.77832">
        <ele>1889</ele>
        <time>2022-07-30T09:03:33Z</time>
      </trkpt>
      <trkpt lat="45.85771" lon="6.77812">
        <ele>1901</ele>
        <time>2022-07-30T09:04:32Z</time>
      </trkpt>
      <trkpt lat="45.85764" lon="6.77775">
        <ele>1909</ele>
        <time>2022-07-30T09:05:32Z</time>
      </trkpt>
      <trkpt lat="45.85717" lon="6.77713">
        <ele>1925.33</ele>
        <time>2022-07-30T09:07:15Z</time>
      </trkpt>
      <trkpt lat="45.85718" lon="6.77713">
        <ele>1925</ele>
        <time>2022-07-30T09:07:24Z</time>
      </trkpt>
      <trkpt lat="45.8569" lon="6.77658">
        <ele>1933</ele>
        <time>2022-07-30T09:08:24Z</time>
      </trkpt>
      <trkpt lat="45.85651" lon="6.77616">
        <ele>1943.24</ele>
        <time>2022-07-30T09:09:15Z</time>
      </trkpt>
      <trkpt lat="45.85652" lon="6.77618">
        <ele>1943</ele>
        <time>2022-07-30T09:09:23Z</time>
      </trkpt>
      <trkpt lat="45.85651" lon="6.77617">
        <ele>1943</ele>
        <time>2022-07-30T09:09:25Z</time>
      </trkpt>
      <trkpt lat="45.85623" lon="6.77567">
        <ele>1952</ele>
        <time>2022-07-30T09:10:22Z</time>
      </trkpt>
      <trkpt lat="45.85647" lon="6.77543">
        <ele>1958.63</ele>
        <time>2022-07-30T09:11:15Z</time>
      </trkpt>
      <trkpt lat="45.85644" lon="6.77546">
        <ele>1959</ele>
        <time>2022-07-30T09:11:21Z</time>
      </trkpt>
      <trkpt lat="45.85648" lon="6.77543">
        <ele>1960</ele>
        <time>2022-07-30T09:11:25Z</time>
      </trkpt>
      <trkpt lat="45.85705" lon="6.77557">
        <ele>1964</ele>
        <time>2022-07-30T09:12:21Z</time>
      </trkpt>
      <trkpt lat="45.85764" lon="6.77569">
        <ele>1971.48</ele>
        <time>2022-07-30T09:13:15Z</time>
      </trkpt>
      <trkpt lat="45.85758" lon="6.77568">
        <ele>1970</ele>
        <time>2022-07-30T09:13:20Z</time>
      </trkpt>
      <trkpt lat="45.85764" lon="6.7757">
        <ele>1971</ele>
        <time>2022-07-30T09:13:25Z</time>
      </trkpt>
      <trkpt lat="45.85825" lon="6.77596">
        <ele>1978</ele>
        <time>2022-07-30T09:14:20Z</time>
      </trkpt>
      <trkpt lat="45.85873" lon="6.77601">
        <ele>1986.94</ele>
        <time>2022-07-30T09:15:15Z</time>
      </trkpt>
      <trkpt lat="45.85875" lon="6.77602">
        <ele>1988</ele>
        <time>2022-07-30T09:15:19Z</time>
      </trkpt>
      <trkpt lat="45.85873" lon="6.77602">
        <ele>1986</ele>
        <time>2022-07-30T09:15:26Z</time>
      </trkpt>
      <trkpt lat="45.85822" lon="6.77529">
        <ele>2005</ele>
        <time>2022-07-30T09:17:12Z</time>
      </trkpt>
      <trkpt lat="45.8581" lon="6.77515">
        <ele>2002.43</ele>
        <time>2022-07-30T09:17:15Z</time>
      </trkpt>
      <trkpt lat="45.85811" lon="6.77517">
        <ele>2002</ele>
        <time>2022-07-30T09:17:27Z</time>
      </trkpt>
      <trkpt lat="45.85795" lon="6.77495">
        <ele>2011</ele>
        <time>2022-07-30T09:18:11Z</time>
      </trkpt>
      <trkpt lat="45.85774" lon="6.77461">
        <ele>2024</ele>
        <time>2022-07-30T09:19:11Z</time>
      </trkpt>
      <trkpt lat="45.8577" lon="6.77449">
        <ele>2033</ele>
        <time>2022-07-30T09:21:07Z</time>
      </trkpt>
      <trkpt lat="45.85749" lon="6.77419">
        <ele>2036.13</ele>
        <time>2022-07-30T09:22:00Z</time>
      </trkpt>
      <trkpt lat="45.8575" lon="6.7742">
        <ele>2037</ele>
        <time>2022-07-30T09:22:05Z</time>
      </trkpt>
      <trkpt lat="45.85751" lon="6.77416">
        <ele>2037</ele>
        <time>2022-07-30T09:22:07Z</time>
      </trkpt>
      <trkpt lat="45.85726" lon="6.77375">
        <ele>2049</ele>
        <time>2022-07-30T09:23:06Z</time>
      </trkpt>
      <trkpt lat="45.85711" lon="6.77348">
        <ele>2059.56</ele>
        <time>2022-07-30T09:24:00Z</time>
      </trkpt>
      <trkpt lat="45.85711" lon="6.77349">
        <ele>2059</ele>
        <time>2022-07-30T09:24:05Z</time>
      </trkpt>
      <trkpt lat="45.85711" lon="6.77349">
        <ele>2059</ele>
        <time>2022-07-30T09:24:06Z</time>
      </trkpt>
      <trkpt lat="45.85688" lon="6.77317">
        <ele>2064</ele>
        <time>2022-07-30T09:25:05Z</time>
      </trkpt>
      <trkpt lat="45.85611" lon="6.77292">
        <ele>2059.56</ele>
        <time>2022-07-30T09:26:00Z</time>
      </trkpt>
      <trkpt lat="45.85612" lon="6.77295">
        <ele>2061</ele>
        <time>2022-07-30T09:26:04Z</time>
      </trkpt>
      <trkpt lat="45.85611" lon="6.77294">
        <ele>2061</ele>
        <time>2022-07-30T09:26:06Z</time>
      </trkpt>
      <trkpt lat="45.85497" lon="6.77207">
        <ele>2072</ele>
        <time>2022-07-30T09:27:56Z</time>
      </trkpt>
      <trkpt lat="45.85483" lon="6.77198">
        <ele>2075.23</ele>
        <time>2022-07-30T09:28:00Z</time>
      </trkpt>
      <trkpt lat="45.85484" lon="6.77198">
        <ele>2074</ele>
        <time>2022-07-30T09:28:07Z</time>
      </trkpt>
      <trkpt lat="45.85426" lon="6.77185">
        <ele>2080</ele>
        <time>2022-07-30T09:28:57Z</time>
      </trkpt>
      <trkpt lat="45.85363" lon="6.77147">
        <ele>2088</ele>
        <time>2022-07-30T09:29:56Z</time>
      </trkpt>
      <trkpt lat="45.85348" lon="6.77138">
        <ele>2090.94</ele>
        <time>2022-07-30T09:30:00Z</time>
      </trkpt>
      <trkpt lat="45.85349" lon="6.77138">
        <ele>2090</ele>
        <time>2022-07-30T09:30:08Z</time>
      </trkpt>
      <trkpt lat="45.85293" lon="6.77108">
        <ele>2095</ele>
        <time>2022-07-30T09:30:55Z</time>
      </trkpt>
      <trkpt lat="45.85219" lon="6.7708">
        <ele>2103</ele>
        <time>2022-07-30T09:31:55Z</time>
      </trkpt>
      <trkpt lat="45.852" lon="6.77065">
        <ele>2104.05</ele>
        <time>2022-07-30T09:32:00Z</time>
      </trkpt>
      <trkpt lat="45.85201" lon="6.77065">
        <ele>2105</ele>
        <time>2022-07-30T09:32:11Z</time>
      </trkpt>
      <trkpt lat="45.8515" lon="6.77038">
        <ele>2111</ele>
        <time>2022-07-30T09:32:54Z</time>
      </trkpt>
      <trkpt lat="45.85054" lon="6.77">
        <ele>2119.83</ele>
        <time>2022-07-30T09:34:00Z</time>
      </trkpt>
      <trkpt lat="45.8506" lon="6.77005">
        <ele>2123</ele>
        <time>2022-07-30T09:34:07Z</time>
      </trkpt>
      <trkpt lat="45.85054" lon="6.77002">
        <ele>2121</ele>
        <time>2022-07-30T09:34:12Z</time>
      </trkpt>
      <trkpt lat="45.85038" lon="6.76998">
        <ele>2131</ele>
        <time>2022-07-30T09:35:47Z</time>
      </trkpt>
      <trkpt lat="45.85019" lon="6.77024">
        <ele>2122.46</ele>
        <time>2022-07-30T09:36:00Z</time>
      </trkpt>
      <trkpt lat="45.85019" lon="6.77024">
        <ele>2123</ele>
        <time>2022-07-30T09:36:12Z</time>
      </trkpt>
      <trkpt lat="45.85001" lon="6.77024">
        <ele>2107</ele>
        <time>2022-07-30T09:36:46Z</time>
      </trkpt>
      <trkpt lat="45.84985" lon="6.76963">
        <ele>2088</ele>
        <time>2022-07-30T09:37:46Z</time>
      </trkpt>
      <trkpt lat="45.84932" lon="6.7693">
        <ele>2075.23</ele>
        <time>2022-07-30T09:38:45Z</time>
      </trkpt>
      <trkpt lat="45.84932" lon="6.76929">
        <ele>2075</ele>
        <time>2022-07-30T09:38:47Z</time>
      </trkpt>
      <trkpt lat="45.84932" lon="6.7693">
        <ele>2075</ele>
        <time>2022-07-30T09:38:47Z</time>
      </trkpt>
      <trkpt lat="45.84906" lon="6.76904">
        <ele>2034</ele>
        <time>2022-07-30T09:39:46Z</time>
      </trkpt>
      <trkpt lat="45.84876" lon="6.76869">
        <ele>2007.61</ele>
        <time>2022-07-30T09:40:45Z</time>
      </trkpt>
      <trkpt lat="45.84878" lon="6.76871">
        <ele>2009</ele>
        <time>2022-07-30T09:40:46Z</time>
      </trkpt>
      <trkpt lat="45.84876" lon="6.76871">
        <ele>2009</ele>
        <time>2022-07-30T09:40:48Z</time>
      </trkpt>
      <trkpt lat="45.84813" lon="6.76836">
        <ele>1969</ele>
        <time>2022-07-30T09:42:37Z</time>
      </trkpt>
      <trkpt lat="45.8476" lon="6.76842">
        <ele>1945.8</ele>
        <time>2022-07-30T09:43:30Z</time>
      </trkpt>
      <trkpt lat="45.84761" lon="6.76843">
        <ele>1945</ele>
        <time>2022-07-30T09:43:37Z</time>
      </trkpt>
      <trkpt lat="45.8476" lon="6.76843">
        <ele>1945</ele>
        <time>2022-07-30T09:43:37Z</time>
      </trkpt>
      <trkpt lat="45.84749" lon="6.76745">
        <ele>1918</ele>
        <time>2022-07-30T09:44:36Z</time>
      </trkpt>
      <trkpt lat="45.84707" lon="6.76726">
        <ele>1887.12</ele>
        <time>2022-07-30T09:45:30Z</time>
      </trkpt>
      <trkpt lat="45.84707" lon="6.7672">
        <ele>1889</ele>
        <time>2022-07-30T09:45:36Z</time>
      </trkpt>
      <trkpt lat="45.84708" lon="6.76727">
        <ele>1887</ele>
        <time>2022-07-30T09:45:38Z</time>
      </trkpt>
      <trkpt lat="45.84679" lon="6.76706">
        <ele>1868</ele>
        <time>2022-07-30T09:46:35Z</time>
      </trkpt>
      <trkpt lat="45.84626" lon="6.76698">
        <ele>1844.08</ele>
        <time>2022-07-30T09:47:30Z</time>
      </trkpt>
      <trkpt lat="45.84631" lon="6.76695">
        <ele>1845</ele>
        <time>2022-07-30T09:47:34Z</time>
      </trkpt>
      <trkpt lat="45.84626" lon="6.76699">
        <ele>1844</ele>
        <time>2022-07-30T09:47:39Z</time>
      </trkpt>
      <trkpt lat="45.84589" lon="6.76639">
        <ele>1822</ele>
        <time>2022-07-30T09:48:34Z</time>
      </trkpt>
      <trkpt lat="45.84549" lon="6.7661">
        <ele>1801.32</ele>
        <time>2022-07-30T09:49:30Z</time>
      </trkpt>
      <trkpt lat="45.84554" lon="6.76615">
        <ele>1805</ele>
        <time>2022-07-30T09:49:33Z</time>
      </trkpt>
      <trkpt lat="45.84549" lon="6.76612">
        <ele>1802</ele>
        <time>2022-07-30T09:49:39Z</time>
      </trkpt>
      <trkpt lat="45.84509" lon="6.76565">
        <ele>1778</ele>
        <time>2022-07-30T09:50:32Z</time>
      </trkpt>
      <trkpt lat="45.84463" lon="6.7649">
        <ele>1736.46</ele>
        <time>2022-07-30T09:51:30Z</time>
      </trkpt>
      <trkpt lat="45.84475" lon="6.76504">
        <ele>1740</ele>
        <time>2022-07-30T09:51:31Z</time>
      </trkpt>
      <trkpt lat="45.84463" lon="6.7649">
        <ele>1736</ele>
        <time>2022-07-30T09:51:42Z</time>
      </trkpt>
      <trkpt lat="45.84357" lon="6.76454">
        <ele>1692</ele>
        <time>2022-07-30T09:53:24Z</time>
      </trkpt>
      <trkpt lat="45.84339" lon="6.76436">
        <ele>1694.39</ele>
        <time>2022-07-30T09:53:30Z</time>
      </trkpt>
      <trkpt lat="45.8434" lon="6.76436">
        <ele>1693</ele>
        <time>2022-07-30T09:53:42Z</time>
      </trkpt>
      <trkpt lat="45.84288" lon="6.76391">
        <ele>1675</ele>
        <time>2022-07-30T09:54:24Z</time>
      </trkpt>
      <trkpt lat="45.84219" lon="6.76344">
        <ele>1638</ele>
        <time>2022-07-30T09:55:23Z</time>
      </trkpt>
      <trkpt lat="45.84192" lon="6.76316">
        <ele>1630.56</ele>
        <time>2022-07-30T09:55:30Z</time>
      </trkpt>
      <trkpt lat="45.84194" lon="6.76316">
        <ele>1630</ele>
        <time>2022-07-30T09:55:43Z</time>
      </trkpt>
      <trkpt lat="45.84148" lon="6.76263">
        <ele>1617</ele>
        <time>2022-07-30T09:56:23Z</time>
      </trkpt>
      <trkpt lat="45.84119" lon="6.76183">
        <ele>1604</ele>
        <time>2022-07-30T09:57:23Z</time>
      </trkpt>
      <trkpt lat="45.84107" lon="6.76138">
        <ele>1601.31</ele>
        <time>2022-07-30T09:57:30Z</time>
      </trkpt>
      <trkpt lat="45.84107" lon="6.7614">
        <ele>1600</ele>
        <time>2022-07-30T09:57:44Z</time>
      </trkpt>
      <trkpt lat="45.8409" lon="6.76053">
        <ele>1589</ele>
        <time>2022-07-30T09:58:23Z</time>
      </trkpt>
      <trkpt lat="45.83986" lon="6.76018">
        <ele>1574.6</ele>
        <time>2022-07-30T09:59:30Z</time>
      </trkpt>
      <trkpt lat="45.83989" lon="6.76018">
        <ele>1574</ele>
        <time>2022-07-30T09:59:42Z</time>
      </trkpt>
      <trkpt lat="45.83988" lon="6.76019">
        <ele>1574</ele>
        <time>2022-07-30T09:59:44Z</time>
      </trkpt>
      <trkpt lat="45.83891" lon="6.76014">
        <ele>1549</ele>
        <time>2022-07-30T10:01:17Z</time>
      </trkpt>
      <trkpt lat="45.83905" lon="6.76004">
        <ele>1566</ele>
        <time>2022-07-30T10:01:45Z</time>
      </trkpt>
      <trkpt lat="45.83905" lon="6.76003">
        <ele>1564.92</ele>
        <time>2022-07-30T10:01:45Z</time>
      </trkpt>
      <trkpt lat="45.839" lon="6.76023">
        <ele>1567</ele>
        <time>2022-07-30T10:02:16Z</time>
      </trkpt>
      <trkpt lat="45.83896" lon="6.76041">
        <ele>1566</ele>
        <time>2022-07-30T10:03:16Z</time>
      </trkpt>
      <trkpt lat="45.83903" lon="6.76038">
        <ele>1556</ele>
        <time>2022-07-30T10:07:06Z</time>
      </trkpt>
      <trkpt lat="45.83901" lon="6.76033">
        <ele>1567</ele>
        <time>2022-07-30T10:08:06Z</time>
      </trkpt>
      <trkpt lat="45.83924" lon="6.76022">
        <ele>1566</ele>
        <time>2022-07-30T10:09:49Z</time>
      </trkpt>
      <trkpt lat="45.83906" lon="6.76034">
        <ele>1555</ele>
        <time>2022-07-30T10:10:59Z</time>
      </trkpt>
      <trkpt lat="45.83914" lon="6.7603">
        <ele>1560</ele>
        <time>2022-07-30T10:35:35Z</time>
      </trkpt>
      <trkpt lat="45.83911" lon="6.76034">
        <ele>1559</ele>
        <time>2022-07-30T10:37:25Z</time>
      </trkpt>
      <trkpt lat="45.83906" lon="6.76031">
        <ele>1559</ele>
        <time>2022-07-30T10:38:25Z</time>
      </trkpt>
      <trkpt lat="45.83909" lon="6.76044">
        <ele>1579</ele>
        <time>2022-07-30T10:44:18Z</time>
      </trkpt>
      <trkpt lat="45.83923" lon="6.76052">
        <ele>1574</ele>
        <time>2022-07-30T10:45:45Z</time>
      </trkpt>
      <trkpt lat="45.83901" lon="6.76042">
        <ele>1575</ele>
        <time>2022-07-30T10:47:17Z</time>
      </trkpt>
      <trkpt lat="45.83904" lon="6.76042">
        <ele>1574</ele>
        <time>2022-07-30T10:49:48Z</time>
      </trkpt>
      <trkpt lat="45.8391" lon="6.76025">
        <ele>1558</ele>
        <time>2022-07-30T10:52:06Z</time>
      </trkpt>
      <trkpt lat="45.83902" lon="6.76033">
        <ele>1561</ele>
        <time>2022-07-30T11:00:59Z</time>
      </trkpt>
      <trkpt lat="45.83843" lon="6.75995">
        <ele>1562</ele>
        <time>2022-07-30T11:01:58Z</time>
      </trkpt>
      <trkpt lat="45.83811" lon="6.75915">
        <ele>1562.5</ele>
        <time>2022-07-30T11:02:45Z</time>
      </trkpt>
      <trkpt lat="45.83811" lon="6.75916">
        <ele>1562</ele>
        <time>2022-07-30T11:02:52Z</time>
      </trkpt>
      <trkpt lat="45.83854" lon="6.7584">
        <ele>1559</ele>
        <time>2022-07-30T11:03:43Z</time>
      </trkpt>
      <trkpt lat="45.83894" lon="6.75769">
        <ele>1560.08</ele>
        <time>2022-07-30T11:04:45Z</time>
      </trkpt>
      <trkpt lat="45.83895" lon="6.75771">
        <ele>1560</ele>
        <time>2022-07-30T11:04:51Z</time>
      </trkpt>
      <trkpt lat="45.83895" lon="6.75769">
        <ele>1560</ele>
        <time>2022-07-30T11:04:53Z</time>
      </trkpt>
      <trkpt lat="45.83904" lon="6.75729">
        <ele>1569</ele>
        <time>2022-07-30T11:05:50Z</time>
      </trkpt>
      <trkpt lat="45.83911" lon="6.75691">
        <ele>1579.45</ele>
        <time>2022-07-30T11:06:45Z</time>
      </trkpt>
      <trkpt lat="45.83908" lon="6.75695">
        <ele>1579</ele>
        <time>2022-07-30T11:06:49Z</time>
      </trkpt>
      <trkpt lat="45.83912" lon="6.75692">
        <ele>1580</ele>
        <time>2022-07-30T11:06:53Z</time>
      </trkpt>
      <trkpt lat="45.83906" lon="6.75674">
        <ele>1585</ele>
        <time>2022-07-30T11:07:49Z</time>
      </trkpt>
      <trkpt lat="45.83925" lon="6.75647">
        <ele>1599</ele>
        <time>2022-07-30T11:08:48Z</time>
      </trkpt>
      <trkpt lat="45.83957" lon="6.75611">
        <ele>1607</ele>
        <time>2022-07-30T11:09:47Z</time>
      </trkpt>
      <trkpt lat="45.83954" lon="6.75593">
        <ele>1625</ele>
        <time>2022-07-30T11:10:47Z</time>
      </trkpt>
      <trkpt lat="45.83861" lon="6.75576">
        <ele>1640.34</ele>
        <time>2022-07-30T11:12:30Z</time>
      </trkpt>
      <trkpt lat="45.83862" lon="6.75576">
        <ele>1640</ele>
        <time>2022-07-30T11:12:39Z</time>
      </trkpt>
      <trkpt lat="45.83822" lon="6.75569">
        <ele>1651</ele>
        <time>2022-07-30T11:13:38Z</time>
      </trkpt>
      <trkpt lat="45.83784" lon="6.75563">
        <ele>1659.94</ele>
        <time>2022-07-30T11:14:30Z</time>
      </trkpt>
      <trkpt lat="45.8379" lon="6.75564">
        <ele>1659</ele>
        <time>2022-07-30T11:14:38Z</time>
      </trkpt>
      <trkpt lat="45.83785" lon="6.75564">
        <ele>1660</ele>
        <time>2022-07-30T11:14:43Z</time>
      </trkpt>
      <trkpt lat="45.83758" lon="6.75555">
        <ele>1685</ele>
        <time>2022-07-30T11:15:38Z</time>
      </trkpt>
      <trkpt lat="45.83738" lon="6.75563">
        <ele>1679</ele>
        <time>2022-07-30T11:16:40Z</time>
      </trkpt>
      <trkpt lat="45.83675" lon="6.75533">
        <ele>1699.32</ele>
        <time>2022-07-30T11:18:30Z</time>
      </trkpt>
      <trkpt lat="45.83675" lon="6.75533">
        <ele>1700</ele>
        <time>2022-07-30T11:18:31Z</time>
      </trkpt>
      <trkpt lat="45.83658" lon="6.75522">
        <ele>1710</ele>
        <time>2022-07-30T11:19:30Z</time>
      </trkpt>
      <trkpt lat="45.83637" lon="6.75507">
        <ele>1721.58</ele>
        <time>2022-07-30T11:20:30Z</time>
      </trkpt>
      <trkpt lat="45.83636" lon="6.7551">
        <ele>1722</ele>
        <time>2022-07-30T11:20:30Z</time>
      </trkpt>
      <trkpt lat="45.83637" lon="6.75509">
        <ele>1723</ele>
        <time>2022-07-30T11:20:32Z</time>
      </trkpt>
      <trkpt lat="45.83624" lon="6.75488">
        <ele>1733</ele>
        <time>2022-07-30T11:21:29Z</time>
      </trkpt>
      <trkpt lat="45.83603" lon="6.75418">
        <ele>1739</ele>
        <time>2022-07-30T11:22:28Z</time>
      </trkpt>
      <trkpt lat="45.83628" lon="6.75337">
        <ele>1738.94</ele>
        <time>2022-07-30T11:23:15Z</time>
      </trkpt>
      <trkpt lat="45.83629" lon="6.75337">
        <ele>1739</ele>
        <time>2022-07-30T11:23:25Z</time>
      </trkpt>
      <trkpt lat="45.83628" lon="6.75331">
        <ele>1741</ele>
        <time>2022-07-30T11:23:28Z</time>
      </trkpt>
      <trkpt lat="45.83638" lon="6.7524">
        <ele>1744</ele>
        <time>2022-07-30T11:24:27Z</time>
      </trkpt>
      <trkpt lat="45.83584" lon="6.75207">
        <ele>1746.4</ele>
        <time>2022-07-30T11:25:15Z</time>
      </trkpt>
      <trkpt lat="45.83584" lon="6.75207">
        <ele>1746</ele>
        <time>2022-07-30T11:25:26Z</time>
      </trkpt>
      <trkpt lat="45.83584" lon="6.75206">
        <ele>1746</ele>
        <time>2022-07-30T11:25:27Z</time>
      </trkpt>
      <trkpt lat="45.83546" lon="6.75111">
        <ele>1739</ele>
        <time>2022-07-30T11:26:26Z</time>
      </trkpt>
      <trkpt lat="45.83578" lon="6.75024">
        <ele>1731.5</ele>
        <time>2022-07-30T11:27:15Z</time>
      </trkpt>
      <trkpt lat="45.83577" lon="6.75025">
        <ele>1731</ele>
        <time>2022-07-30T11:27:25Z</time>
      </trkpt>
      <trkpt lat="45.83578" lon="6.75024">
        <ele>1731</ele>
        <time>2022-07-30T11:27:26Z</time>
      </trkpt>
      <trkpt lat="45.83592" lon="6.74859">
        <ele>1716.63</ele>
        <time>2022-07-30T11:29:15Z</time>
      </trkpt>
      <trkpt lat="45.83596" lon="6.74863">
        <ele>1718</ele>
        <time>2022-07-30T11:29:17Z</time>
      </trkpt>
      <trkpt lat="45.83592" lon="6.74861">
        <ele>1716</ele>
        <time>2022-07-30T11:29:27Z</time>
      </trkpt>
      <trkpt lat="45.83536" lon="6.74804">
        <ele>1708</ele>
        <time>2022-07-30T11:30:18Z</time>
      </trkpt>
      <trkpt lat="45.83475" lon="6.74719">
        <ele>1701.79</ele>
        <time>2022-07-30T11:31:15Z</time>
      </trkpt>
      <trkpt lat="45.83478" lon="6.74735">
        <ele>1704</ele>
        <time>2022-07-30T11:31:17Z</time>
      </trkpt>
      <trkpt lat="45.83476" lon="6.7472">
        <ele>1703</ele>
        <time>2022-07-30T11:31:27Z</time>
      </trkpt>
      <trkpt lat="45.83421" lon="6.74666">
        <ele>1696</ele>
        <time>2022-07-30T11:32:16Z</time>
      </trkpt>
      <trkpt lat="45.83334" lon="6.74619">
        <ele>1686.99</ele>
        <time>2022-07-30T11:33:15Z</time>
      </trkpt>
      <trkpt lat="45.8335" lon="6.74624">
        <ele>1687</ele>
        <time>2022-07-30T11:33:16Z</time>
      </trkpt>
      <trkpt lat="45.83334" lon="6.7462">
        <ele>1686</ele>
        <time>2022-07-30T11:33:29Z</time>
      </trkpt>
      <trkpt lat="45.83275" lon="6.74605">
        <ele>1681</ele>
        <time>2022-07-30T11:34:15Z</time>
      </trkpt>
      <trkpt lat="45.8319" lon="6.74594">
        <ele>1674</ele>
        <time>2022-07-30T11:35:14Z</time>
      </trkpt>
      <trkpt lat="45.83167" lon="6.74595">
        <ele>1672.23</ele>
        <time>2022-07-30T11:35:30Z</time>
      </trkpt>
      <trkpt lat="45.83167" lon="6.74596">
        <ele>1671</ele>
        <time>2022-07-30T11:35:30Z</time>
      </trkpt>
      <trkpt lat="45.83107" lon="6.74576">
        <ele>1658</ele>
        <time>2022-07-30T11:36:14Z</time>
      </trkpt>
      <trkpt lat="45.83029" lon="6.74492">
        <ele>1637</ele>
        <time>2022-07-30T11:37:27Z</time>
      </trkpt>
      <trkpt lat="45.83032" lon="6.74494">
        <ele>1637.89</ele>
        <time>2022-07-30T11:37:30Z</time>
      </trkpt>
      <trkpt lat="45.83032" lon="6.74494">
        <ele>1637</ele>
        <time>2022-07-30T11:37:31Z</time>
      </trkpt>
      <trkpt lat="45.82978" lon="6.74439">
        <ele>1623</ele>
        <time>2022-07-30T11:39:12Z</time>
      </trkpt>
      <trkpt lat="45.82959" lon="6.74415">
        <ele>1618.36</ele>
        <time>2022-07-30T11:39:30Z</time>
      </trkpt>
      <trkpt lat="45.8296" lon="6.74416">
        <ele>1618</ele>
        <time>2022-07-30T11:39:31Z</time>
      </trkpt>
      <trkpt lat="45.82943" lon="6.74318">
        <ele>1631</ele>
        <time>2022-07-30T11:41:04Z</time>
      </trkpt>
      <trkpt lat="45.82945" lon="6.74331">
        <ele>1591.58</ele>
        <time>2022-07-30T11:41:30Z</time>
      </trkpt>
      <trkpt lat="45.82945" lon="6.74333">
        <ele>1592</ele>
        <time>2022-07-30T11:41:32Z</time>
      </trkpt>
      <trkpt lat="45.82923" lon="6.74292">
        <ele>1583</ele>
        <time>2022-07-30T11:42:03Z</time>
      </trkpt>
      <trkpt lat="45.82912" lon="6.74293">
        <ele>1570</ele>
        <time>2022-07-30T11:43:30Z</time>
      </trkpt>
      <trkpt lat="45.8284" lon="6.74241">
        <ele>1564.92</ele>
        <time>2022-07-30T11:44:45Z</time>
      </trkpt>
      <trkpt lat="45.8284" lon="6.74242">
        <ele>1565</ele>
        <time>2022-07-30T11:44:56Z</time>
      </trkpt>
      <trkpt lat="45.82772" lon="6.74218">
        <ele>1569</ele>
        <time>2022-07-30T11:45:55Z</time>
      </trkpt>
      <trkpt lat="45.82733" lon="6.74136">
        <ele>1550.41</ele>
        <time>2022-07-30T11:46:45Z</time>
      </trkpt>
      <trkpt lat="45.82734" lon="6.74136">
        <ele>1551</ele>
        <time>2022-07-30T11:46:57Z</time>
      </trkpt>
      <trkpt lat="45.82732" lon="6.74134">
        <ele>1550</ele>
        <time>2022-07-30T11:46:59Z</time>
      </trkpt>
      <trkpt lat="45.82619" lon="6.74149">
        <ele>1519.1</ele>
        <time>2022-07-30T11:48:45Z</time>
      </trkpt>
      <trkpt lat="45.82625" lon="6.74152">
        <ele>1520</ele>
        <time>2022-07-30T11:48:52Z</time>
      </trkpt>
      <trkpt lat="45.82619" lon="6.74149">
        <ele>1518</ele>
        <time>2022-07-30T11:48:58Z</time>
      </trkpt>
      <trkpt lat="45.82558" lon="6.74104">
        <ele>1502</ele>
        <time>2022-07-30T11:49:52Z</time>
      </trkpt>
      <trkpt lat="45.82519" lon="6.7408">
        <ele>1485.54</ele>
        <time>2022-07-30T11:50:45Z</time>
      </trkpt>
      <trkpt lat="45.82524" lon="6.74072">
        <ele>1486</ele>
        <time>2022-07-30T11:50:51Z</time>
      </trkpt>
      <trkpt lat="45.82519" lon="6.7408">
        <ele>1485</ele>
        <time>2022-07-30T11:50:58Z</time>
      </trkpt>
      <trkpt lat="45.82547" lon="6.74183">
        <ele>1476</ele>
        <time>2022-07-30T11:51:50Z</time>
      </trkpt>
      <trkpt lat="45.82519" lon="6.74316">
        <ele>1459.29</ele>
        <time>2022-07-30T11:52:45Z</time>
      </trkpt>
      <trkpt lat="45.82519" lon="6.74317">
        <ele>1460</ele>
        <time>2022-07-30T11:52:58Z</time>
      </trkpt>
      <trkpt lat="45.82473" lon="6.74382">
        <ele>1448</ele>
        <time>2022-07-30T11:53:47Z</time>
      </trkpt>
      <trkpt lat="45.82406" lon="6.7428">
        <ele>1421.28</ele>
        <time>2022-07-30T11:54:45Z</time>
      </trkpt>
      <trkpt lat="45.8242" lon="6.74298">
        <ele>1425</ele>
        <time>2022-07-30T11:54:47Z</time>
      </trkpt>
      <trkpt lat="45.82406" lon="6.7428">
        <ele>1421</ele>
        <time>2022-07-30T11:54:59Z</time>
      </trkpt>
      <trkpt lat="45.82375" lon="6.74196">
        <ele>1401</ele>
        <time>2022-07-30T11:55:46Z</time>
      </trkpt>
      <trkpt lat="45.82346" lon="6.74074">
        <ele>1379</ele>
        <time>2022-07-30T11:56:47Z</time>
      </trkpt>
      <trkpt lat="45.82336" lon="6.74044">
        <ele>1376.42</ele>
        <time>2022-07-30T11:57:00Z</time>
      </trkpt>
      <trkpt lat="45.82337" lon="6.74044">
        <ele>1375</ele>
        <time>2022-07-30T11:57:00Z</time>
      </trkpt>
      <trkpt lat="45.82296" lon="6.73968">
        <ele>1370</ele>
        <time>2022-07-30T11:57:47Z</time>
      </trkpt>
      <trkpt lat="45.82266" lon="6.73861">
        <ele>1349</ele>
        <time>2022-07-30T11:58:58Z</time>
      </trkpt>
      <trkpt lat="45.82265" lon="6.73855">
        <ele>1350.58</ele>
        <time>2022-07-30T11:59:00Z</time>
      </trkpt>
      <trkpt lat="45.82265" lon="6.73855">
        <ele>1350</ele>
        <time>2022-07-30T11:59:01Z</time>
      </trkpt>
      <trkpt lat="45.82182" lon="6.73695">
        <ele>1348</ele>
        <time>2022-07-30T12:00:36Z</time>
      </trkpt>
      <trkpt lat="45.82163" lon="6.7367">
        <ele>1341.2</ele>
        <time>2022-07-30T12:01:00Z</time>
      </trkpt>
      <trkpt lat="45.82163" lon="6.73671">
        <ele>1342</ele>
        <time>2022-07-30T12:01:01Z</time>
      </trkpt>
      <trkpt lat="45.82126" lon="6.7363">
        <ele>1361</ele>
        <time>2022-07-30T12:01:36Z</time>
      </trkpt>
      <trkpt lat="45.8207" lon="6.73631">
        <ele>1369</ele>
        <time>2022-07-30T12:02:42Z</time>
      </trkpt>
      <trkpt lat="45.82055" lon="6.73644">
        <ele>1374.07</ele>
        <time>2022-07-30T12:03:00Z</time>
      </trkpt>
      <trkpt lat="45.82056" lon="6.73645">
        <ele>1373</ele>
        <time>2022-07-30T12:03:02Z</time>
      </trkpt>
      <trkpt lat="45.81968" lon="6.73699">
        <ele>1381</ele>
        <time>2022-07-30T12:04:32Z</time>
      </trkpt>
      <trkpt lat="45.81973" lon="6.73696">
        <ele>1390.55</ele>
        <time>2022-07-30T12:05:00Z</time>
      </trkpt>
      <trkpt lat="45.81973" lon="6.73697">
        <ele>1392</ele>
        <time>2022-07-30T12:05:02Z</time>
      </trkpt>
      <trkpt lat="45.82001" lon="6.73702">
        <ele>1427</ele>
        <time>2022-07-30T12:05:31Z</time>
      </trkpt>
      <trkpt lat="45.81997" lon="6.73722">
        <ele>1434</ele>
        <time>2022-07-30T12:06:31Z</time>
      </trkpt>
      <trkpt lat="45.81959" lon="6.73715">
        <ele>1440.26</ele>
        <time>2022-07-30T12:07:00Z</time>
      </trkpt>
      <trkpt lat="45.81959" lon="6.73716">
        <ele>1440</ele>
        <time>2022-07-30T12:07:02Z</time>
      </trkpt>
      <trkpt lat="45.81938" lon="6.73733">
        <ele>1443</ele>
        <time>2022-07-30T12:07:30Z</time>
      </trkpt>
      <trkpt lat="45.81919" lon="6.73741">
        <ele>1417</ele>
        <time>2022-07-30T12:09:24Z</time>
      </trkpt>
      <trkpt lat="45.81865" lon="6.73702">
        <ele>1459.29</ele>
        <time>2022-07-30T12:10:15Z</time>
      </trkpt>
      <trkpt lat="45.81876" lon="6.73701">
        <ele>1459</ele>
        <time>2022-07-30T12:10:24Z</time>
      </trkpt>
      <trkpt lat="45.81866" lon="6.73704">
        <ele>1459</ele>
        <time>2022-07-30T12:10:27Z</time>
      </trkpt>
      <trkpt lat="45.8181" lon="6.73683">
        <ele>1470</ele>
        <time>2022-07-30T12:11:23Z</time>
      </trkpt>
      <trkpt lat="45.81774" lon="6.73659">
        <ele>1449.77</ele>
        <time>2022-07-30T12:12:15Z</time>
      </trkpt>
      <trkpt lat="45.81777" lon="6.73661">
        <ele>1449</ele>
        <time>2022-07-30T12:12:22Z</time>
      </trkpt>
      <trkpt lat="45.81774" lon="6.7366">
        <ele>1449</ele>
        <time>2022-07-30T12:12:27Z</time>
      </trkpt>
      <trkpt lat="45.81724" lon="6.7371">
        <ele>1459</ele>
        <time>2022-07-30T12:13:22Z</time>
      </trkpt>
      <trkpt lat="45.81714" lon="6.73816">
        <ele>1466.44</ele>
        <time>2022-07-30T12:14:15Z</time>
      </trkpt>
      <trkpt lat="45.81713" lon="6.73807">
        <ele>1466</ele>
        <time>2022-07-30T12:14:21Z</time>
      </trkpt>
      <trkpt lat="45.81714" lon="6.73817">
        <ele>1466</ele>
        <time>2022-07-30T12:14:28Z</time>
      </trkpt>
      <trkpt lat="45.81696" lon="6.73884">
        <ele>1475</ele>
        <time>2022-07-30T12:15:20Z</time>
      </trkpt>
      <trkpt lat="45.81657" lon="6.73956">
        <ele>1485.54</ele>
        <time>2022-07-30T12:16:15Z</time>
      </trkpt>
      <trkpt lat="45.81654" lon="6.73944">
        <ele>1485</ele>
        <time>2022-07-30T12:16:20Z</time>
      </trkpt>
      <trkpt lat="45.81658" lon="6.73956">
        <ele>1485</ele>
        <time>2022-07-30T12:16:29Z</time>
      </trkpt>
      <trkpt lat="45.81657" lon="6.74049">
        <ele>1503</ele>
        <time>2022-07-30T12:17:19Z</time>
      </trkpt>
      <trkpt lat="45.8163" lon="6.74144">
        <ele>1521.51</ele>
        <time>2022-07-30T12:18:15Z</time>
      </trkpt>
      <trkpt lat="45.81625" lon="6.74146">
        <ele>1535</ele>
        <time>2022-07-30T12:18:26Z</time>
      </trkpt>
      <trkpt lat="45.8163" lon="6.74146">
        <ele>1522</ele>
        <time>2022-07-30T12:18:29Z</time>
      </trkpt>
      <trkpt lat="45.81608" lon="6.74264">
        <ele>1488</ele>
        <time>2022-07-30T12:20:09Z</time>
      </trkpt>
      <trkpt lat="45.81617" lon="6.74279">
        <ele>1518</ele>
        <time>2022-07-30T12:20:30Z</time>
      </trkpt>
      <trkpt lat="45.81616" lon="6.74277">
        <ele>1516.7</ele>
        <time>2022-07-30T12:20:30Z</time>
      </trkpt>
      <trkpt lat="45.81601" lon="6.7429">
        <ele>1515</ele>
        <time>2022-07-30T12:21:09Z</time>
      </trkpt>
      <trkpt lat="45.81614" lon="6.74322">
        <ele>1521</ele>
        <time>2022-07-30T12:22:10Z</time>
      </trkpt>
      <trkpt lat="45.81624" lon="6.74346">
        <ele>1523.91</ele>
        <time>2022-07-30T12:22:30Z</time>
      </trkpt>
      <trkpt lat="45.81625" lon="6.74348">
        <ele>1525</ele>
        <time>2022-07-30T12:22:31Z</time>
      </trkpt>
      <trkpt lat="45.8161" lon="6.74393">
        <ele>1531</ele>
        <time>2022-07-30T12:23:09Z</time>
      </trkpt>
      <trkpt lat="45.81564" lon="6.74399">
        <ele>1532</ele>
        <time>2022-07-30T12:24:09Z</time>
      </trkpt>
      <trkpt lat="45.81532" lon="6.7443">
        <ele>1535.94</ele>
        <time>2022-07-30T12:24:30Z</time>
      </trkpt>
      <trkpt lat="45.81532" lon="6.7443">
        <ele>1536</ele>
        <time>2022-07-30T12:24:35Z</time>
      </trkpt>
      <trkpt lat="45.81499" lon="6.74457">
        <ele>1608</ele>
        <time>2022-07-30T12:25:08Z</time>
      </trkpt>
      <trkpt lat="45.81485" lon="6.74529">
        <ele>1536</ele>
        <time>2022-07-30T12:26:21Z</time>
      </trkpt>
      <trkpt lat="45.81487" lon="6.74531">
        <ele>1538.35</ele>
        <time>2022-07-30T12:26:30Z</time>
      </trkpt>
      <trkpt lat="45.81487" lon="6.74532">
        <ele>1538</ele>
        <time>2022-07-30T12:26:35Z</time>
      </trkpt>
      <trkpt lat="45.81413" lon="6.74517">
        <ele>1544</ele>
        <time>2022-07-30T12:28:33Z</time>
      </trkpt>
      <trkpt lat="45.81395" lon="6.74458">
        <ele>1552.83</ele>
        <time>2022-07-30T12:29:30Z</time>
      </trkpt>
      <trkpt lat="45.81395" lon="6.74459">
        <ele>1552</ele>
        <time>2022-07-30T12:29:35Z</time>
      </trkpt>
      <trkpt lat="45.81372" lon="6.74464">
        <ele>1557</ele>
        <time>2022-07-30T12:30:37Z</time>
      </trkpt>
      <trkpt lat="45.81274" lon="6.74513">
        <ele>1564.92</ele>
        <time>2022-07-30T12:31:30Z</time>
      </trkpt>
      <trkpt lat="45.81275" lon="6.74515">
        <ele>1565</ele>
        <time>2022-07-30T12:31:36Z</time>
      </trkpt>
      <trkpt lat="45.81275" lon="6.74515">
        <ele>1565</ele>
        <time>2022-07-30T12:31:36Z</time>
      </trkpt>
      <trkpt lat="45.81286" lon="6.74535">
        <ele>1572</ele>
        <time>2022-07-30T12:32:35Z</time>
      </trkpt>
      <trkpt lat="45.81264" lon="6.74586">
        <ele>1581.87</ele>
        <time>2022-07-30T12:33:30Z</time>
      </trkpt>
      <trkpt lat="45.81267" lon="6.74588">
        <ele>1581</ele>
        <time>2022-07-30T12:33:35Z</time>
      </trkpt>
      <trkpt lat="45.81265" lon="6.74588">
        <ele>1581</ele>
        <time>2022-07-30T12:33:37Z</time>
      </trkpt>
      <trkpt lat="45.81315" lon="6.74587">
        <ele>1597</ele>
        <time>2022-07-30T12:35:27Z</time>
      </trkpt>
      <trkpt lat="45.81335" lon="6.74606">
        <ele>1607</ele>
        <time>2022-07-30T12:36:27Z</time>
      </trkpt>
      <trkpt lat="45.8133" lon="6.74661">
        <ele>1615</ele>
        <time>2022-07-30T12:37:26Z</time>
      </trkpt>
      <trkpt lat="45.81338" lon="6.74666">
        <ele>1615.92</ele>
        <time>2022-07-30T12:37:30Z</time>
      </trkpt>
      <trkpt lat="45.81339" lon="6.74667">
        <ele>1616</ele>
        <time>2022-07-30T12:37:36Z</time>
      </trkpt>
      <trkpt lat="45.81367" lon="6.74726">
        <ele>1621</ele>
        <time>2022-07-30T12:38:26Z</time>
      </trkpt>
      <trkpt lat="45.81353" lon="6.74802">
        <ele>1627</ele>
        <time>2022-07-30T12:39:25Z</time>
      </trkpt>
      <trkpt lat="45.81345" lon="6.74812">
        <ele>1628.12</ele>
        <time>2022-07-30T12:39:30Z</time>
      </trkpt>
      <trkpt lat="45.81345" lon="6.74813">
        <ele>1628</ele>
        <time>2022-07-30T12:39:36Z</time>
      </trkpt>
      <trkpt lat="45.81329" lon="6.7484">
        <ele>1635</ele>
        <time>2022-07-30T12:40:24Z</time>
      </trkpt>
      <trkpt lat="45.81302" lon="6.74861">
        <ele>1645.24</ele>
        <time>2022-07-30T12:41:30Z</time>
      </trkpt>
      <trkpt lat="45.81304" lon="6.74865">
        <ele>1645</ele>
        <time>2022-07-30T12:41:35Z</time>
      </trkpt>
      <trkpt lat="45.81303" lon="6.74863">
        <ele>1645</ele>
        <time>2022-07-30T12:41:37Z</time>
      </trkpt>
      <trkpt lat="45.81272" lon="6.74924">
        <ele>1657</ele>
        <time>2022-07-30T12:43:15Z</time>
      </trkpt>
      <trkpt lat="45.81272" lon="6.74976">
        <ele>1672</ele>
        <time>2022-07-30T12:44:15Z</time>
      </trkpt>
      <trkpt lat="45.81237" lon="6.74962">
        <ele>1669.77</ele>
        <time>2022-07-30T12:45:00Z</time>
      </trkpt>
      <trkpt lat="45.81238" lon="6.74962">
        <ele>1669</ele>
        <time>2022-07-30T12:45:14Z</time>
      </trkpt>
      <trkpt lat="45.81239" lon="6.74992">
        <ele>1680</ele>
        <time>2022-07-30T12:46:13Z</time>
      </trkpt>
      <trkpt lat="45.81253" lon="6.75037">
        <ele>1684</ele>
        <time>2022-07-30T12:47:12Z</time>
      </trkpt>
      <trkpt lat="45.81254" lon="6.75039">
        <ele>1684</ele>
        <time>2022-07-30T12:47:15Z</time>
      </trkpt>
      <trkpt lat="45.81254" lon="6.75037">
        <ele>1684.53</ele>
        <time>2022-07-30T12:47:15Z</time>
      </trkpt>
      <trkpt lat="45.8123" lon="6.75056">
        <ele>1692</ele>
        <time>2022-07-30T12:48:12Z</time>
      </trkpt>
      <trkpt lat="45.81212" lon="6.75055">
        <ele>1698</ele>
        <time>2022-07-30T12:49:11Z</time>
      </trkpt>
      <trkpt lat="45.81197" lon="6.75105">
        <ele>1706</ele>
        <time>2022-07-30T12:50:10Z</time>
      </trkpt>
      <trkpt lat="45.812" lon="6.75105">
        <ele>1709</ele>
        <time>2022-07-30T12:51:10Z</time>
      </trkpt>
      <trkpt lat="45.81184" lon="6.75107">
        <ele>1713</ele>
        <time>2022-07-30T12:53:06Z</time>
      </trkpt>
      <trkpt lat="45.81172" lon="6.75142">
        <ele>1721.58</ele>
        <time>2022-07-30T12:54:00Z</time>
      </trkpt>
      <trkpt lat="45.81173" lon="6.75143">
        <ele>1722</ele>
        <time>2022-07-30T12:54:03Z</time>
      </trkpt>
      <trkpt lat="45.81169" lon="6.7514">
        <ele>1722</ele>
        <time>2022-07-30T12:54:05Z</time>
      </trkpt>
      <trkpt lat="45.81144" lon="6.75153">
        <ele>1730</ele>
        <time>2022-07-30T12:55:05Z</time>
      </trkpt>
      <trkpt lat="45.81132" lon="6.75181">
        <ele>1738.94</ele>
        <time>2022-07-30T12:56:00Z</time>
      </trkpt>
      <trkpt lat="45.81132" lon="6.75182">
        <ele>1739</ele>
        <time>2022-07-30T12:56:03Z</time>
      </trkpt>
      <trkpt lat="45.81133" lon="6.75181">
        <ele>1739</ele>
        <time>2022-07-30T12:56:04Z</time>
      </trkpt>
      <trkpt lat="45.81125" lon="6.75193">
        <ele>1741</ele>
        <time>2022-07-30T12:57:59Z</time>
      </trkpt>
      <trkpt lat="45.81123" lon="6.75195">
        <ele>1743</ele>
        <time>2022-07-30T13:02:55Z</time>
      </trkpt>
      <trkpt lat="45.81107" lon="6.75226">
        <ele>1752</ele>
        <time>2022-07-30T13:03:54Z</time>
      </trkpt>
      <trkpt lat="45.81082" lon="6.75248">
        <ele>1761</ele>
        <time>2022-07-30T13:04:54Z</time>
      </trkpt>
      <trkpt lat="45.81065" lon="6.75277">
        <ele>1793.8</ele>
        <time>2022-07-30T13:06:00Z</time>
      </trkpt>
      <trkpt lat="45.81065" lon="6.75279">
        <ele>1794</ele>
        <time>2022-07-30T13:06:05Z</time>
      </trkpt>
      <trkpt lat="45.81065" lon="6.75279">
        <ele>1794</ele>
        <time>2022-07-30T13:06:05Z</time>
      </trkpt>
      <trkpt lat="45.81038" lon="6.75302">
        <ele>1789</ele>
        <time>2022-07-30T13:07:47Z</time>
      </trkpt>
      <trkpt lat="45.81035" lon="6.75312">
        <ele>1788.8</ele>
        <time>2022-07-30T13:08:00Z</time>
      </trkpt>
      <trkpt lat="45.81036" lon="6.75313">
        <ele>1789</ele>
        <time>2022-07-30T13:08:06Z</time>
      </trkpt>
      <trkpt lat="45.81013" lon="6.75305">
        <ele>1794</ele>
        <time>2022-07-30T13:08:46Z</time>
      </trkpt>
      <trkpt lat="45.80988" lon="6.75276">
        <ele>1801</ele>
        <time>2022-07-30T13:09:45Z</time>
      </trkpt>
      <trkpt lat="45.80978" lon="6.75283">
        <ele>1811</ele>
        <time>2022-07-30T13:10:45Z</time>
      </trkpt>
      <trkpt lat="45.80957" lon="6.75298">
        <ele>1817</ele>
        <time>2022-07-30T13:11:44Z</time>
      </trkpt>
      <trkpt lat="45.80945" lon="6.7532">
        <ele>1818.89</ele>
        <time>2022-07-30T13:12:00Z</time>
      </trkpt>
      <trkpt lat="45.80945" lon="6.75322">
        <ele>1820</ele>
        <time>2022-07-30T13:12:06Z</time>
      </trkpt>
      <trkpt lat="45.80927" lon="6.75362">
        <ele>1832</ele>
        <time>2022-07-30T13:13:35Z</time>
      </trkpt>
      <trkpt lat="45.80912" lon="6.75374">
        <ele>1836.51</ele>
        <time>2022-07-30T13:14:00Z</time>
      </trkpt>
      <trkpt lat="45.80912" lon="6.75375">
        <ele>1836</ele>
        <time>2022-07-30T13:14:06Z</time>
      </trkpt>
      <trkpt lat="45.80904" lon="6.75405">
        <ele>1842</ele>
        <time>2022-07-30T13:14:37Z</time>
      </trkpt>
      <trkpt lat="45.80887" lon="6.75404">
        <ele>1848</ele>
        <time>2022-07-30T13:15:37Z</time>
      </trkpt>
      <trkpt lat="45.80853" lon="6.75414">
        <ele>1864</ele>
        <time>2022-07-30T13:17:29Z</time>
      </trkpt>
      <trkpt lat="45.80855" lon="6.7545">
        <ele>1872</ele>
        <time>2022-07-30T13:18:30Z</time>
      </trkpt>
      <trkpt lat="45.80826" lon="6.75417">
        <ele>1879.5</ele>
        <time>2022-07-30T13:19:30Z</time>
      </trkpt>
      <trkpt lat="45.80826" lon="6.75417">
        <ele>1881</ele>
        <time>2022-07-30T13:19:30Z</time>
      </trkpt>
      <trkpt lat="45.80807" lon="6.75432">
        <ele>1903</ele>
        <time>2022-07-30T13:20:29Z</time>
      </trkpt>
      <trkpt lat="45.80806" lon="6.75397">
        <ele>1910.02</ele>
        <time>2022-07-30T13:21:30Z</time>
      </trkpt>
      <trkpt lat="45.80807" lon="6.754">
        <ele>1910</ele>
        <time>2022-07-30T13:21:30Z</time>
      </trkpt>
      <trkpt lat="45.80788" lon="6.75327">
        <ele>1916</ele>
        <time>2022-07-30T13:22:24Z</time>
      </trkpt>
      <trkpt lat="45.80807" lon="6.75252">
        <ele>1924</ele>
        <time>2022-07-30T13:23:23Z</time>
      </trkpt>
      <trkpt lat="45.80811" lon="6.75241">
        <ele>1922.78</ele>
        <time>2022-07-30T13:23:30Z</time>
      </trkpt>
      <trkpt lat="45.80811" lon="6.75243">
        <ele>1924</ele>
        <time>2022-07-30T13:23:30Z</time>
      </trkpt>
      <trkpt lat="45.8085" lon="6.75199">
        <ele>1920</ele>
        <time>2022-07-30T13:24:23Z</time>
      </trkpt>
      <trkpt lat="45.8088" lon="6.75091">
        <ele>1917.67</ele>
        <time>2022-07-30T13:25:30Z</time>
      </trkpt>
      <trkpt lat="45.80881" lon="6.75092">
        <ele>1917</ele>
        <time>2022-07-30T13:25:35Z</time>
      </trkpt>
      <trkpt lat="45.80881" lon="6.75092">
        <ele>1917</ele>
        <time>2022-07-30T13:25:36Z</time>
      </trkpt>
      <trkpt lat="45.80907" lon="6.74926">
        <ele>1916</ele>
        <time>2022-07-30T13:27:17Z</time>
      </trkpt>
      <trkpt lat="45.8092" lon="6.74906">
        <ele>1902.38</ele>
        <time>2022-07-30T13:27:30Z</time>
      </trkpt>
      <trkpt lat="45.8092" lon="6.74907">
        <ele>1902</ele>
        <time>2022-07-30T13:27:37Z</time>
      </trkpt>
      <trkpt lat="45.80934" lon="6.74864">
        <ele>1893</ele>
        <time>2022-07-30T13:28:16Z</time>
      </trkpt>
      <trkpt lat="45.80959" lon="6.74782">
        <ele>1881</ele>
        <time>2022-07-30T13:29:16Z</time>
      </trkpt>
      <trkpt lat="45.80952" lon="6.74749">
        <ele>1876.97</ele>
        <time>2022-07-30T13:29:30Z</time>
      </trkpt>
      <trkpt lat="45.80953" lon="6.7475">
        <ele>1876</ele>
        <time>2022-07-30T13:29:38Z</time>
      </trkpt>
      <trkpt lat="45.80925" lon="6.74696">
        <ele>1855</ele>
        <time>2022-07-30T13:30:15Z</time>
      </trkpt>
      <trkpt lat="45.809" lon="6.74634">
        <ele>1847</ele>
        <time>2022-07-30T13:31:18Z</time>
      </trkpt>
      <trkpt lat="45.80889" lon="6.74595">
        <ele>1861.77</ele>
        <time>2022-07-30T13:31:30Z</time>
      </trkpt>
      <trkpt lat="45.80889" lon="6.74596">
        <ele>1862</ele>
        <time>2022-07-30T13:31:38Z</time>
      </trkpt>
      <trkpt lat="45.80848" lon="6.74467">
        <ele>1870</ele>
        <time>2022-07-30T13:33:10Z</time>
      </trkpt>
      <trkpt lat="45.80838" lon="6.74419">
        <ele>1851.65</ele>
        <time>2022-07-30T13:33:30Z</time>
      </trkpt>
      <trkpt lat="45.80838" lon="6.74421">
        <ele>1852</ele>
        <time>2022-07-30T13:33:42Z</time>
      </trkpt>
      <trkpt lat="45.80835" lon="6.74382">
        <ele>1849</ele>
        <time>2022-07-30T13:34:10Z</time>
      </trkpt>
      <trkpt lat="45.80829" lon="6.74287">
        <ele>1848</ele>
        <time>2022-07-30T13:35:09Z</time>
      </trkpt>
      <trkpt lat="45.8084" lon="6.74232">
        <ele>1849.13</ele>
        <time>2022-07-30T13:35:30Z</time>
      </trkpt>
      <trkpt lat="45.8084" lon="6.74233">
        <ele>1850</ele>
        <time>2022-07-30T13:35:43Z</time>
      </trkpt>
      <trkpt lat="45.80824" lon="6.74203">
        <ele>1849</ele>
        <time>2022-07-30T13:36:08Z</time>
      </trkpt>
      <trkpt lat="45.80759" lon="6.74172">
        <ele>1862</ele>
        <time>2022-07-30T13:37:11Z</time>
      </trkpt>
      <trkpt lat="45.80769" lon="6.74162">
        <ele>1861.77</ele>
        <time>2022-07-30T13:37:30Z</time>
      </trkpt>
      <trkpt lat="45.8077" lon="6.74162">
        <ele>1862</ele>
        <time>2022-07-30T13:37:44Z</time>
      </trkpt>
      <trkpt lat="45.80765" lon="6.74169">
        <ele>1861</ele>
        <time>2022-07-30T13:38:10Z</time>
      </trkpt>
      <trkpt lat="45.80693" lon="6.7414">
        <ele>1876</ele>
        <time>2022-07-30T13:39:16Z</time>
      </trkpt>
      <trkpt lat="45.80643" lon="6.74136">
        <ele>1826.44</ele>
        <time>2022-07-30T13:39:30Z</time>
      </trkpt>
      <trkpt lat="45.80644" lon="6.74137">
        <ele>1826</ele>
        <time>2022-07-30T13:39:44Z</time>
      </trkpt>
      <trkpt lat="45.80549" lon="6.74133">
        <ele>1821</ele>
        <time>2022-07-30T13:40:57Z</time>
      </trkpt>
      <trkpt lat="45.8048" lon="6.74136">
        <ele>1816.38</ele>
        <time>2022-07-30T13:41:45Z</time>
      </trkpt>
      <trkpt lat="45.80481" lon="6.74137">
        <ele>1816</ele>
        <time>2022-07-30T13:41:45Z</time>
      </trkpt>
      <trkpt lat="45.80455" lon="6.74137">
        <ele>1814</ele>
        <time>2022-07-30T13:42:05Z</time>
      </trkpt>
      <trkpt lat="45.80338" lon="6.74146">
        <ele>1801.32</ele>
        <time>2022-07-30T13:43:45Z</time>
      </trkpt>
      <trkpt lat="45.80338" lon="6.74148">
        <ele>1801</ele>
        <time>2022-07-30T13:43:45Z</time>
      </trkpt>
      <trkpt lat="45.80338" lon="6.74148">
        <ele>1801</ele>
        <time>2022-07-30T13:43:46Z</time>
      </trkpt>
      <trkpt lat="45.80265" lon="6.74088">
        <ele>1789</ele>
        <time>2022-07-30T13:44:50Z</time>
      </trkpt>
      <trkpt lat="45.80249" lon="6.74007">
        <ele>1778.8</ele>
        <time>2022-07-30T13:45:45Z</time>
      </trkpt>
      <trkpt lat="45.80249" lon="6.74007">
        <ele>1779</ele>
        <time>2022-07-30T13:45:47Z</time>
      </trkpt>
      <trkpt lat="45.80247" lon="6.74006">
        <ele>1779</ele>
        <time>2022-07-30T13:45:49Z</time>
      </trkpt>
      <trkpt lat="45.802" lon="6.73947">
        <ele>1790</ele>
        <time>2022-07-30T13:46:49Z</time>
      </trkpt>
      <trkpt lat="45.80157" lon="6.73932">
        <ele>1793.8</ele>
        <time>2022-07-30T13:47:45Z</time>
      </trkpt>
      <trkpt lat="45.80158" lon="6.73933">
        <ele>1795</ele>
        <time>2022-07-30T13:47:48Z</time>
      </trkpt>
      <trkpt lat="45.80101" lon="6.73915">
        <ele>1801</ele>
        <time>2022-07-30T13:48:54Z</time>
      </trkpt>
      <trkpt lat="45.80129" lon="6.73966">
        <ele>1808.85</ele>
        <time>2022-07-30T13:49:45Z</time>
      </trkpt>
      <trkpt lat="45.80129" lon="6.73966">
        <ele>1810</ele>
        <time>2022-07-30T13:49:49Z</time>
      </trkpt>
      <trkpt lat="45.80151" lon="6.74025">
        <ele>1818</ele>
        <time>2022-07-30T13:50:47Z</time>
      </trkpt>
      <trkpt lat="45.80141" lon="6.74017">
        <ele>1820</ele>
        <time>2022-07-30T13:51:49Z</time>
      </trkpt>
      <trkpt lat="45.80114" lon="6.74009">
        <ele>1825</ele>
        <time>2022-07-30T13:52:48Z</time>
      </trkpt>
      <trkpt lat="45.80063" lon="6.73995">
        <ele>1833</ele>
        <time>2022-07-30T13:53:47Z</time>
      </trkpt>
      <trkpt lat="45.80035" lon="6.739">
        <ele>1836.51</ele>
        <time>2022-07-30T13:54:30Z</time>
      </trkpt>
      <trkpt lat="45.80035" lon="6.739">
        <ele>1837</ele>
        <time>2022-07-30T13:54:44Z</time>
      </trkpt>
      <trkpt lat="45.80034" lon="6.73894">
        <ele>1837</ele>
        <time>2022-07-30T13:54:47Z</time>
      </trkpt>
      <trkpt lat="45.80001" lon="6.73812">
        <ele>1839</ele>
        <time>2022-07-30T13:55:46Z</time>
      </trkpt>
      <trkpt lat="45.79936" lon="6.73812">
        <ele>1844.08</ele>
        <time>2022-07-30T13:56:45Z</time>
      </trkpt>
      <trkpt lat="45.79937" lon="6.73812">
        <ele>1845</ele>
        <time>2022-07-30T13:56:45Z</time>
      </trkpt>
      <trkpt lat="45.79892" lon="6.7382">
        <ele>1850</ele>
        <time>2022-07-30T13:57:37Z</time>
      </trkpt>
      <trkpt lat="45.79827" lon="6.7382">
        <ele>1856</ele>
        <time>2022-07-30T13:58:36Z</time>
      </trkpt>
      <trkpt lat="45.79821" lon="6.7382">
        <ele>1858</ele>
        <time>2022-07-30T13:58:45Z</time>
      </trkpt>
      <trkpt lat="45.7982" lon="6.73818">
        <ele>1856.71</ele>
        <time>2022-07-30T13:58:45Z</time>
      </trkpt>
      <trkpt lat="45.79772" lon="6.73845">
        <ele>1864</ele>
        <time>2022-07-30T13:59:36Z</time>
      </trkpt>
      <trkpt lat="45.79754" lon="6.73864">
        <ele>1871</ele>
        <time>2022-07-30T14:00:35Z</time>
      </trkpt>
      <trkpt lat="45.79767" lon="6.7387">
        <ele>1871.9</ele>
        <time>2022-07-30T14:00:45Z</time>
      </trkpt>
      <trkpt lat="45.79767" lon="6.7387">
        <ele>1871</ele>
        <time>2022-07-30T14:00:46Z</time>
      </trkpt>
      <trkpt lat="45.79817" lon="6.73859">
        <ele>1893</ele>
        <time>2022-07-30T14:01:35Z</time>
      </trkpt>
      <trkpt lat="45.79829" lon="6.73876">
        <ele>1900</ele>
        <time>2022-07-30T14:02:34Z</time>
      </trkpt>
      <trkpt lat="45.79812" lon="6.73943">
        <ele>1883</ele>
        <time>2022-07-30T14:03:34Z</time>
      </trkpt>
      <trkpt lat="45.79775" lon="6.73959">
        <ele>1908</ele>
        <time>2022-07-30T14:04:33Z</time>
      </trkpt>
      <trkpt lat="45.7972" lon="6.73949">
        <ele>1908</ele>
        <time>2022-07-30T14:05:32Z</time>
      </trkpt>
      <trkpt lat="45.79699" lon="6.73922">
        <ele>1912</ele>
        <time>2022-07-30T14:06:44Z</time>
      </trkpt>
      <trkpt lat="45.79672" lon="6.73913">
        <ele>1915.12</ele>
        <time>2022-07-30T14:07:15Z</time>
      </trkpt>
      <trkpt lat="45.79672" lon="6.73912">
        <ele>1915</ele>
        <time>2022-07-30T14:07:25Z</time>
      </trkpt>
      <trkpt lat="45.79627" lon="6.73853">
        <ele>1923</ele>
        <time>2022-07-30T14:08:24Z</time>
      </trkpt>
      <trkpt lat="45.7958" lon="6.73803">
        <ele>1930.44</ele>
        <time>2022-07-30T14:09:15Z</time>
      </trkpt>
      <trkpt lat="45.79582" lon="6.73804">
        <ele>1931</ele>
        <time>2022-07-30T14:09:24Z</time>
      </trkpt>
      <trkpt lat="45.79581" lon="6.73804">
        <ele>1931</ele>
        <time>2022-07-30T14:09:26Z</time>
      </trkpt>
      <trkpt lat="45.79551" lon="6.73782">
        <ele>1936</ele>
        <time>2022-07-30T14:10:23Z</time>
      </trkpt>
      <trkpt lat="45.79499" lon="6.73743">
        <ele>1945.8</ele>
        <time>2022-07-30T14:11:15Z</time>
      </trkpt>
      <trkpt lat="45.79503" lon="6.73747">
        <ele>1944</ele>
        <time>2022-07-30T14:11:23Z</time>
      </trkpt>
      <trkpt lat="45.79499" lon="6.73743">
        <ele>1945</ele>
        <time>2022-07-30T14:11:27Z</time>
      </trkpt>
      <trkpt lat="45.79452" lon="6.73722">
        <ele>1950</ele>
        <time>2022-07-30T14:12:22Z</time>
      </trkpt>
      <trkpt lat="45.79419" lon="6.73717">
        <ele>1956.06</ele>
        <time>2022-07-30T14:13:15Z</time>
      </trkpt>
      <trkpt lat="45.79423" lon="6.73718">
        <ele>1956</ele>
        <time>2022-07-30T14:13:21Z</time>
      </trkpt>
      <trkpt lat="45.7942" lon="6.73718">
        <ele>1956</ele>
        <time>2022-07-30T14:13:27Z</time>
      </trkpt>
      <trkpt lat="45.7936" lon="6.73695">
        <ele>1962</ele>
        <time>2022-07-30T14:14:21Z</time>
      </trkpt>
      <trkpt lat="45.79307" lon="6.73657">
        <ele>1966.34</ele>
        <time>2022-07-30T14:15:15Z</time>
      </trkpt>
      <trkpt lat="45.79316" lon="6.73667">
        <ele>1967</ele>
        <time>2022-07-30T14:15:20Z</time>
      </trkpt>
      <trkpt lat="45.79307" lon="6.73659">
        <ele>1967</ele>
        <time>2022-07-30T14:15:28Z</time>
      </trkpt>
      <trkpt lat="45.79223" lon="6.73559">
        <ele>1970</ele>
        <time>2022-07-30T14:17:12Z</time>
      </trkpt>
      <trkpt lat="45.79204" lon="6.73548">
        <ele>1971.48</ele>
        <time>2022-07-30T14:17:15Z</time>
      </trkpt>
      <trkpt lat="45.79204" lon="6.73548">
        <ele>1970</ele>
        <time>2022-07-30T14:17:29Z</time>
      </trkpt>
      <trkpt lat="45.79188" lon="6.73521">
        <ele>1974</ele>
        <time>2022-07-30T14:18:11Z</time>
      </trkpt>
      <trkpt lat="45.7916" lon="6.73496">
        <ele>1978</ele>
        <time>2022-07-30T14:19:11Z</time>
      </trkpt>
      <trkpt lat="45.7916" lon="6.73488">
        <ele>1979.21</ele>
        <time>2022-07-30T14:19:15Z</time>
      </trkpt>
      <trkpt lat="45.79161" lon="6.73489">
        <ele>1978</ele>
        <time>2022-07-30T14:19:29Z</time>
      </trkpt>
      <trkpt lat="45.79163" lon="6.73492">
        <ele>1976</ele>
        <time>2022-07-30T14:20:12Z</time>
      </trkpt>
      <trkpt lat="45.79155" lon="6.73476">
        <ele>1990</ele>
        <time>2022-07-30T14:25:05Z</time>
      </trkpt>
      <trkpt lat="45.79168" lon="6.73508">
        <ele>1930</ele>
        <time>2022-07-30T14:32:54Z</time>
      </trkpt>
      <trkpt lat="45.79161" lon="6.73496">
        <ele>1964</ele>
        <time>2022-07-30T14:36:48Z</time>
      </trkpt>
      <trkpt lat="45.79165" lon="6.73487">
        <ele>1962</ele>
        <time>2022-07-30T14:58:19Z</time>
      </trkpt>
      <trkpt lat="45.79162" lon="6.73492">
        <ele>1972</ele>
        <time>2022-07-30T15:05:13Z</time>
      </trkpt>
      <trkpt lat="45.79147" lon="6.73465">
        <ele>1973</ele>
        <time>2022-07-30T15:06:12Z</time>
      </trkpt>
      <trkpt lat="45.79107" lon="6.73419">
        <ele>1958</ele>
        <time>2022-07-30T15:07:11Z</time>
      </trkpt>
      <trkpt lat="45.79093" lon="6.73395">
        <ele>1953.5</ele>
        <time>2022-07-30T15:07:15Z</time>
      </trkpt>
      <trkpt lat="45.79093" lon="6.73397">
        <ele>1954</ele>
        <time>2022-07-30T15:07:28Z</time>
      </trkpt>
      <trkpt lat="45.79056" lon="6.73329">
        <ele>1946</ele>
        <time>2022-07-30T15:08:11Z</time>
      </trkpt>
      <trkpt lat="45.79045" lon="6.73311">
        <ele>1942</ele>
        <time>2022-07-30T15:09:10Z</time>
      </trkpt>
      <trkpt lat="45.79035" lon="6.73286">
        <ele>1935.56</ele>
        <time>2022-07-30T15:09:15Z</time>
      </trkpt>
      <trkpt lat="45.79036" lon="6.73288">
        <ele>1937</ele>
        <time>2022-07-30T15:09:28Z</time>
      </trkpt>
      <trkpt lat="45.78995" lon="6.73237">
        <ele>1933</ele>
        <time>2022-07-30T15:10:09Z</time>
      </trkpt>
      <trkpt lat="45.78913" lon="6.73134">
        <ele>1935.56</ele>
        <time>2022-07-30T15:11:15Z</time>
      </trkpt>
      <trkpt lat="45.78915" lon="6.7314">
        <ele>1936</ele>
        <time>2022-07-30T15:11:26Z</time>
      </trkpt>
      <trkpt lat="45.78913" lon="6.73136">
        <ele>1936</ele>
        <time>2022-07-30T15:11:29Z</time>
      </trkpt>
      <trkpt lat="45.78838" lon="6.73084">
        <ele>1921</ele>
        <time>2022-07-30T15:13:00Z</time>
      </trkpt>
      <trkpt lat="45.78815" lon="6.73052">
        <ele>1904.92</ele>
        <time>2022-07-30T15:13:30Z</time>
      </trkpt>
      <trkpt lat="45.78816" lon="6.73054">
        <ele>1906</ele>
        <time>2022-07-30T15:13:30Z</time>
      </trkpt>
      <trkpt lat="45.78782" lon="6.73036">
        <ele>1887</ele>
        <time>2022-07-30T15:13:59Z</time>
      </trkpt>
      <trkpt lat="45.78734" lon="6.73025">
        <ele>1895</ele>
        <time>2022-07-30T15:14:58Z</time>
      </trkpt>
      <trkpt lat="45.78737" lon="6.73034">
        <ele>1892</ele>
        <time>2022-07-30T15:15:30Z</time>
      </trkpt>
      <trkpt lat="45.78737" lon="6.73033">
        <ele>1892.2</ele>
        <time>2022-07-30T15:15:30Z</time>
      </trkpt>
      <trkpt lat="45.78688" lon="6.73001">
        <ele>1864</ele>
        <time>2022-07-30T15:16:55Z</time>
      </trkpt>
      <trkpt lat="45.78645" lon="6.72981">
        <ele>1849.13</ele>
        <time>2022-07-30T15:17:30Z</time>
      </trkpt>
      <trkpt lat="45.78645" lon="6.72981">
        <ele>1849</ele>
        <time>2022-07-30T15:17:30Z</time>
      </trkpt>
      <trkpt lat="45.78639" lon="6.72944">
        <ele>1842</ele>
        <time>2022-07-30T15:17:54Z</time>
      </trkpt>
      <trkpt lat="45.78575" lon="6.7289">
        <ele>1816</ele>
        <time>2022-07-30T15:18:55Z</time>
      </trkpt>
      <trkpt lat="45.78572" lon="6.72872">
        <ele>1808.85</ele>
        <time>2022-07-30T15:19:30Z</time>
      </trkpt>
      <trkpt lat="45.78572" lon="6.72873">
        <ele>1808</ele>
        <time>2022-07-30T15:19:30Z</time>
      </trkpt>
      <trkpt lat="45.78558" lon="6.72845">
        <ele>1798</ele>
        <time>2022-07-30T15:19:54Z</time>
      </trkpt>
      <trkpt lat="45.78518" lon="6.72817">
        <ele>1783</ele>
        <time>2022-07-30T15:20:53Z</time>
      </trkpt>
      <trkpt lat="45.78491" lon="6.72827">
        <ele>1771.3</ele>
        <time>2022-07-30T15:21:30Z</time>
      </trkpt>
      <trkpt lat="45.78492" lon="6.72827">
        <ele>1771</ele>
        <time>2022-07-30T15:21:31Z</time>
      </trkpt>
      <trkpt lat="45.78479" lon="6.72829">
        <ele>1767</ele>
        <time>2022-07-30T15:21:52Z</time>
      </trkpt>
      <trkpt lat="45.7846" lon="6.728">
        <ele>1747</ele>
        <time>2022-07-30T15:22:52Z</time>
      </trkpt>
      <trkpt lat="45.78446" lon="6.72808">
        <ele>1735</ele>
        <time>2022-07-30T15:24:47Z</time>
      </trkpt>
      <trkpt lat="45.78419" lon="6.72785">
        <ele>1733</ele>
        <time>2022-07-30T15:25:47Z</time>
      </trkpt>
      <trkpt lat="45.78411" lon="6.7275">
        <ele>1721.58</ele>
        <time>2022-07-30T15:26:30Z</time>
      </trkpt>
      <trkpt lat="45.78412" lon="6.72751">
        <ele>1721</ele>
        <time>2022-07-30T15:26:40Z</time>
      </trkpt>
      <trkpt lat="45.7841" lon="6.72707">
        <ele>1701</ele>
        <time>2022-07-30T15:27:27Z</time>
      </trkpt>
      <trkpt lat="45.78405" lon="6.72614">
        <ele>1672.23</ele>
        <time>2022-07-30T15:28:30Z</time>
      </trkpt>
      <trkpt lat="45.78409" lon="6.7262">
        <ele>1675</ele>
        <time>2022-07-30T15:28:37Z</time>
      </trkpt>
      <trkpt lat="45.78406" lon="6.72615">
        <ele>1672</ele>
        <time>2022-07-30T15:28:41Z</time>
      </trkpt>
      <trkpt lat="45.78419" lon="6.72579">
        <ele>1646</ele>
        <time>2022-07-30T15:29:38Z</time>
      </trkpt>
      <trkpt lat="45.78386" lon="6.72552">
        <ele>1637.89</ele>
        <time>2022-07-30T15:30:30Z</time>
      </trkpt>
      <trkpt lat="45.78386" lon="6.72554">
        <ele>1640</ele>
        <time>2022-07-30T15:30:38Z</time>
      </trkpt>
      <trkpt lat="45.78387" lon="6.72554">
        <ele>1638</ele>
        <time>2022-07-30T15:30:41Z</time>
      </trkpt>
      <trkpt lat="45.78346" lon="6.72562">
        <ele>1621</ele>
        <time>2022-07-30T15:31:37Z</time>
      </trkpt>
      <trkpt lat="45.78296" lon="6.72537">
        <ele>1601.31</ele>
        <time>2022-07-30T15:32:30Z</time>
      </trkpt>
      <trkpt lat="45.78301" lon="6.72542">
        <ele>1603</ele>
        <time>2022-07-30T15:32:37Z</time>
      </trkpt>
      <trkpt lat="45.78296" lon="6.72539">
        <ele>1601</ele>
        <time>2022-07-30T15:32:42Z</time>
      </trkpt>
      <trkpt lat="45.78281" lon="6.72497">
        <ele>1592</ele>
        <time>2022-07-30T15:33:36Z</time>
      </trkpt>
      <trkpt lat="45.78234" lon="6.72462">
        <ele>1579.45</ele>
        <time>2022-07-30T15:34:30Z</time>
      </trkpt>
      <trkpt lat="45.78237" lon="6.72463">
        <ele>1580</ele>
        <time>2022-07-30T15:34:35Z</time>
      </trkpt>
      <trkpt lat="45.78234" lon="6.72464">
        <ele>1580</ele>
        <time>2022-07-30T15:34:42Z</time>
      </trkpt>
      <trkpt lat="45.78154" lon="6.72393">
        <ele>1558</ele>
        <time>2022-07-30T15:36:29Z</time>
      </trkpt>
      <trkpt lat="45.78152" lon="6.72385">
        <ele>1552.83</ele>
        <time>2022-07-30T15:36:30Z</time>
      </trkpt>
      <trkpt lat="45.78153" lon="6.72386">
        <ele>1554</ele>
        <time>2022-07-30T15:36:42Z</time>
      </trkpt>
      <trkpt lat="45.78147" lon="6.72396">
        <ele>1554</ele>
        <time>2022-07-30T15:37:29Z</time>
      </trkpt>
      <trkpt lat="45.78126" lon="6.72402">
        <ele>1547</ele>
        <time>2022-07-30T15:38:28Z</time>
      </trkpt>
      <trkpt lat="45.78107" lon="6.72387">
        <ele>1540.76</ele>
        <time>2022-07-30T15:38:30Z</time>
      </trkpt>
      <trkpt lat="45.78108" lon="6.72388">
        <ele>1542</ele>
        <time>2022-07-30T15:38:43Z</time>
      </trkpt>
      <trkpt lat="45.78068" lon="6.72359">
        <ele>1531</ele>
        <time>2022-07-30T15:39:28Z</time>
      </trkpt>
      <trkpt lat="45.78044" lon="6.72313">
        <ele>1513</ele>
        <time>2022-07-30T15:40:27Z</time>
      </trkpt>
      <trkpt lat="45.78046" lon="6.7229">
        <ele>1497.51</ele>
        <time>2022-07-30T15:40:30Z</time>
      </trkpt>
      <trkpt lat="45.78047" lon="6.72292">
        <ele>1498</ele>
        <time>2022-07-30T15:40:44Z</time>
      </trkpt>
      <trkpt lat="45.7803" lon="6.72269">
        <ele>1489</ele>
        <time>2022-07-30T15:41:26Z</time>
      </trkpt>
      <trkpt lat="45.78006" lon="6.72237">
        <ele>1491</ele>
        <time>2022-07-30T15:42:25Z</time>
      </trkpt>
      <trkpt lat="45.77975" lon="6.72239">
        <ele>1492.72</ele>
        <time>2022-07-30T15:42:45Z</time>
      </trkpt>
      <trkpt lat="45.77976" lon="6.72239">
        <ele>1493</ele>
        <time>2022-07-30T15:42:45Z</time>
      </trkpt>
      <trkpt lat="45.77938" lon="6.72187">
        <ele>1496</ele>
        <time>2022-07-30T15:43:25Z</time>
      </trkpt>
      <trkpt lat="45.77918" lon="6.7205">
        <ele>1494</ele>
        <time>2022-07-30T15:44:43Z</time>
      </trkpt>
      <trkpt lat="45.77919" lon="6.72046">
        <ele>1492.72</ele>
        <time>2022-07-30T15:44:45Z</time>
      </trkpt>
      <trkpt lat="45.7792" lon="6.72047">
        <ele>1494</ele>
        <time>2022-07-30T15:44:45Z</time>
      </trkpt>
      <trkpt lat="45.77996" lon="6.71958">
        <ele>1507</ele>
        <time>2022-07-30T15:45:48Z</time>
      </trkpt>
      <trkpt lat="45.77956" lon="6.71904">
        <ele>1499.9</ele>
        <time>2022-07-30T15:46:45Z</time>
      </trkpt>
      <trkpt lat="45.77956" lon="6.71906">
        <ele>1501</ele>
        <time>2022-07-30T15:46:46Z</time>
      </trkpt>
      <trkpt lat="45.7791" lon="6.71882">
        <ele>1474</ele>
        <time>2022-07-30T15:47:14Z</time>
      </trkpt>
      <trkpt lat="45.77904" lon="6.71778">
        <ele>1440</ele>
        <time>2022-07-30T15:48:13Z</time>
      </trkpt>
      <trkpt lat="45.77888" lon="6.71715">
        <ele>1433.14</ele>
        <time>2022-07-30T15:48:45Z</time>
      </trkpt>
      <trkpt lat="45.77889" lon="6.71715">
        <ele>1432</ele>
        <time>2022-07-30T15:48:47Z</time>
      </trkpt>
      <trkpt lat="45.77877" lon="6.7167">
        <ele>1415</ele>
        <time>2022-07-30T15:49:13Z</time>
      </trkpt>
      <trkpt lat="45.77859" lon="6.71629">
        <ele>1441</ele>
        <time>2022-07-30T15:50:12Z</time>
      </trkpt>
      <trkpt lat="45.77837" lon="6.71587">
        <ele>1442.63</ele>
        <time>2022-07-30T15:50:45Z</time>
      </trkpt>
      <trkpt lat="45.77837" lon="6.71587">
        <ele>1443</ele>
        <time>2022-07-30T15:50:48Z</time>
      </trkpt>
      <trkpt lat="45.77834" lon="6.7156">
        <ele>1447</ele>
        <time>2022-07-30T15:51:12Z</time>
      </trkpt>
      <trkpt lat="45.77826" lon="6.71504">
        <ele>1457</ele>
        <time>2022-07-30T15:52:11Z</time>
      </trkpt>
      <trkpt lat="45.77823" lon="6.71464">
        <ele>1454.53</ele>
        <time>2022-07-30T15:52:45Z</time>
      </trkpt>
      <trkpt lat="45.77824" lon="6.71465">
        <ele>1454</ele>
        <time>2022-07-30T15:52:49Z</time>
      </trkpt>
      <trkpt lat="45.77799" lon="6.71428">
        <ele>1455</ele>
        <time>2022-07-30T15:53:10Z</time>
      </trkpt>
      <trkpt lat="45.77763" lon="6.71449">
        <ele>1506</ele>
        <time>2022-07-30T15:54:48Z</time>
      </trkpt>
      <trkpt lat="45.77733" lon="6.71449">
        <ele>1507.1</ele>
        <time>2022-07-30T15:55:00Z</time>
      </trkpt>
      <trkpt lat="45.77734" lon="6.71451">
        <ele>1507</ele>
        <time>2022-07-30T15:55:06Z</time>
      </trkpt>
      <trkpt lat="45.77682" lon="6.71479">
        <ele>1495</ele>
        <time>2022-07-30T15:56:03Z</time>
      </trkpt>
      <trkpt lat="45.77655" lon="6.7149">
        <ele>1478.37</ele>
        <time>2022-07-30T15:57:00Z</time>
      </trkpt>
      <trkpt lat="45.77656" lon="6.7149">
        <ele>1475</ele>
        <time>2022-07-30T15:57:02Z</time>
      </trkpt>
      <trkpt lat="45.77656" lon="6.7149">
        <ele>1479</ele>
        <time>2022-07-30T15:57:06Z</time>
      </trkpt>
      <trkpt lat="45.77596" lon="6.71526">
        <ele>1569</ele>
        <time>2022-07-30T15:58:06Z</time>
      </trkpt>
      <trkpt lat="45.77561" lon="6.7155">
        <ele>1519.1</ele>
        <time>2022-07-30T15:59:00Z</time>
      </trkpt>
      <trkpt lat="45.77562" lon="6.7155">
        <ele>1519</ele>
        <time>2022-07-30T15:59:06Z</time>
      </trkpt>
      <trkpt lat="45.77562" lon="6.71551">
        <ele>1519</ele>
        <time>2022-07-30T15:59:07Z</time>
      </trkpt>
      <trkpt lat="45.7747" lon="6.71581">
        <ele>1531</ele>
        <time>2022-07-30T16:00:59Z</time>
      </trkpt>
      <trkpt lat="45.77461" lon="6.7158">
        <ele>1531.13</ele>
        <time>2022-07-30T16:01:00Z</time>
      </trkpt>
      <trkpt lat="45.77461" lon="6.71582">
        <ele>1532</ele>
        <time>2022-07-30T16:01:08Z</time>
      </trkpt>
      <trkpt lat="45.77398" lon="6.71606">
        <ele>1549</ele>
        <time>2022-07-30T16:01:59Z</time>
      </trkpt>
      <trkpt lat="45.77336" lon="6.71594">
        <ele>1557</ele>
        <time>2022-07-30T16:02:58Z</time>
      </trkpt>
      <trkpt lat="45.77327" lon="6.71589">
        <ele>1557.66</ele>
        <time>2022-07-30T16:03:00Z</time>
      </trkpt>
      <trkpt lat="45.77328" lon="6.71591">
        <ele>1558</ele>
        <time>2022-07-30T16:03:08Z</time>
      </trkpt>
      <trkpt lat="45.7726" lon="6.71577">
        <ele>1562</ele>
        <time>2022-07-30T16:03:57Z</time>
      </trkpt>
      <trkpt lat="45.77043" lon="6.7166">
        <ele>1564.92</ele>
        <time>2022-07-30T16:05:00Z</time>
      </trkpt>
      <trkpt lat="45.77044" lon="6.71661">
        <ele>1565</ele>
        <time>2022-07-30T16:05:13Z</time>
      </trkpt>
      <trkpt lat="45.77071" lon="6.71527">
        <ele>1591.58</ele>
        <time>2022-07-30T16:07:00Z</time>
      </trkpt>
      <trkpt lat="45.77072" lon="6.71527">
        <ele>1592</ele>
        <time>2022-07-30T16:07:14Z</time>
      </trkpt>
      <trkpt lat="45.77022" lon="6.71497">
        <ele>1581</ele>
        <time>2022-07-30T16:09:11Z</time>
      </trkpt>
      <trkpt lat="45.77018" lon="6.71492">
        <ele>1579.45</ele>
        <time>2022-07-30T16:09:15Z</time>
      </trkpt>
      <trkpt lat="45.77018" lon="6.71494">
        <ele>1580</ele>
        <time>2022-07-30T16:09:15Z</time>
      </trkpt>
      <trkpt lat="45.76899" lon="6.7146">
        <ele>1565</ele>
        <time>2022-07-30T16:10:41Z</time>
      </trkpt>
      <trkpt lat="45.76854" lon="6.71443">
        <ele>1564.92</ele>
        <time>2022-07-30T16:11:15Z</time>
      </trkpt>
      <trkpt lat="45.76854" lon="6.71445">
        <ele>1566</ele>
        <time>2022-07-30T16:11:15Z</time>
      </trkpt>
      <trkpt lat="45.76824" lon="6.71425">
        <ele>1566</ele>
        <time>2022-07-30T16:11:40Z</time>
      </trkpt>
      <trkpt lat="45.76757" lon="6.71381">
        <ele>1569</ele>
        <time>2022-07-30T16:12:40Z</time>
      </trkpt>
      <trkpt lat="45.76712" lon="6.71344">
        <ele>1569.76</ele>
        <time>2022-07-30T16:13:15Z</time>
      </trkpt>
      <trkpt lat="45.76713" lon="6.71345">
        <ele>1571</ele>
        <time>2022-07-30T16:13:16Z</time>
      </trkpt>
      <trkpt lat="45.76689" lon="6.71319">
        <ele>1571</ele>
        <time>2022-07-30T16:13:39Z</time>
      </trkpt>
      <trkpt lat="45.76611" lon="6.71299">
        <ele>1578</ele>
        <time>2022-07-30T16:14:40Z</time>
      </trkpt>
      <trkpt lat="45.76563" lon="6.71286">
        <ele>1581.87</ele>
        <time>2022-07-30T16:15:15Z</time>
      </trkpt>
      <trkpt lat="45.76564" lon="6.71287">
        <ele>1582</ele>
        <time>2022-07-30T16:15:18Z</time>
      </trkpt>
      <trkpt lat="45.76529" lon="6.7127">
        <ele>1583</ele>
        <time>2022-07-30T16:15:43Z</time>
      </trkpt>
      <trkpt lat="45.76462" lon="6.7124">
        <ele>1587</ele>
        <time>2022-07-30T16:16:42Z</time>
      </trkpt>
      <trkpt lat="45.76418" lon="6.7123">
        <ele>1591.58</ele>
        <time>2022-07-30T16:17:15Z</time>
      </trkpt>
      <trkpt lat="45.76419" lon="6.71231">
        <ele>1592</ele>
        <time>2022-07-30T16:17:18Z</time>
      </trkpt>
      <trkpt lat="45.76333" lon="6.71192">
        <ele>1598</ele>
        <time>2022-07-30T16:18:31Z</time>
      </trkpt>
      <trkpt lat="45.76283" lon="6.71168">
        <ele>1606.17</ele>
        <time>2022-07-30T16:19:15Z</time>
      </trkpt>
      <trkpt lat="45.76284" lon="6.71169">
        <ele>1606</ele>
        <time>2022-07-30T16:19:18Z</time>
      </trkpt>
      <trkpt lat="45.76269" lon="6.71161">
        <ele>1608</ele>
        <time>2022-07-30T16:19:31Z</time>
      </trkpt>
      <trkpt lat="45.76197" lon="6.71141">
        <ele>1619</ele>
        <time>2022-07-30T16:20:32Z</time>
      </trkpt>
      <trkpt lat="45.76145" lon="6.71125">
        <ele>1628.12</ele>
        <time>2022-07-30T16:21:15Z</time>
      </trkpt>
      <trkpt lat="45.76146" lon="6.71126">
        <ele>1629</ele>
        <time>2022-07-30T16:21:19Z</time>
      </trkpt>
      <trkpt lat="45.76126" lon="6.71116">
        <ele>1633</ele>
        <time>2022-07-30T16:21:35Z</time>
      </trkpt>
      <trkpt lat="45.76011" lon="6.71134">
        <ele>1664.85</ele>
        <time>2022-07-30T16:23:15Z</time>
      </trkpt>
      <trkpt lat="45.76014" lon="6.71136">
        <ele>1664</ele>
        <time>2022-07-30T16:23:18Z</time>
      </trkpt>
      <trkpt lat="45.76011" lon="6.71134">
        <ele>1665</ele>
        <time>2022-07-30T16:23:20Z</time>
      </trkpt>
      <trkpt lat="45.75951" lon="6.7109">
        <ele>1679</ele>
        <time>2022-07-30T16:24:26Z</time>
      </trkpt>
      <trkpt lat="45.75904" lon="6.71046">
        <ele>1689.46</ele>
        <time>2022-07-30T16:25:15Z</time>
      </trkpt>
      <trkpt lat="45.75905" lon="6.71046">
        <ele>1690</ele>
        <time>2022-07-30T16:25:21Z</time>
      </trkpt>
      <trkpt lat="45.75899" lon="6.71044">
        <ele>1691</ele>
        <time>2022-07-30T16:25:25Z</time>
      </trkpt>
      <trkpt lat="45.7584" lon="6.71078">
        <ele>1700</ele>
        <time>2022-07-30T16:26:25Z</time>
      </trkpt>
      <trkpt lat="45.75807" lon="6.71057">
        <ele>1704.26</ele>
        <time>2022-07-30T16:27:15Z</time>
      </trkpt>
      <trkpt lat="45.75807" lon="6.71058">
        <ele>1705</ele>
        <time>2022-07-30T16:27:22Z</time>
      </trkpt>
      <trkpt lat="45.75806" lon="6.71055">
        <ele>1705</ele>
        <time>2022-07-30T16:27:24Z</time>
      </trkpt>
      <trkpt lat="45.75845" lon="6.70985">
        <ele>1704</ele>
        <time>2022-07-30T16:28:23Z</time>
      </trkpt>
      <trkpt lat="45.75858" lon="6.70954">
        <ele>1709.21</ele>
        <time>2022-07-30T16:29:15Z</time>
      </trkpt>
      <trkpt lat="45.75858" lon="6.70955">
        <ele>1710</ele>
        <time>2022-07-30T16:29:22Z</time>
      </trkpt>
      <trkpt lat="45.75861" lon="6.70946">
        <ele>1718</ele>
        <time>2022-07-30T16:30:22Z</time>
      </trkpt>
      <trkpt lat="45.75858" lon="6.70956">
        <ele>1701.79</ele>
        <time>2022-07-30T16:31:45Z</time>
      </trkpt>
    </trkseg>
  </trk>
</gpx>